{"part": "preflight_pass", "dataset": "all", "defense": "all", "comparator": "local_bn_baseline", "done": 0, "total": 470, "failed": 0, "last_update": "2026-10-03T09:30:11.766664+00:00", "eta_minutes": null}
{"part": "preflight_pass", "dataset": "all", "defense": "all", "comparator": "local_bn_baseline", "done": 0, "total": 470, "failed": 0, "last_update": "2026-10-03T09:31:06.761344+00:00", "eta_minutes": null}
{"part": "preflight_pass", "dataset": "all", "defense": "all", "comparator": "local_bn_baseline", "done": 0, "total": 470, "failed": 0, "last_update": "2026-10-03T09:35:03.857029+00:00", "eta_minutes": null}
{"part": "preflight_pass", "dataset": "all", "defense": "all", "comparator": "local_bn_baseline", "done": 0, "total": 470, "failed": 0, "last_update": "2026-10-03T09:37:13.898687+00:00", "eta_minutes": null}
{"part": "training", "dataset": "all", "defense": "all", "comparator": "local_bn_baseline", "done": 0, "total": 275, "failed": 0, "last_update": "2026-10-03T09:38:31.993527+00:00", "eta_minutes": null}
{"part": "training", "dataset": "paysim", "defense": "dp_global_eps1", "comparator": "local_bn_baseline", "done": 1, "total": 275, "failed": 0, "last_update": "2026-10-03T09:40:31.761075+00:00", "eta_minutes": 546.942191028595}
{"part": "training", "dataset": "baf", "defense": "dp_per_tensor_eps10", "comparator": "local_bn_baseline", "done": 2, "total": 275, "failed": 0, "last_update": "2026-10-03T09:40:35.224508+00:00", "eta_minutes": 280.352338129282}
{"part": "training", "dataset": "ieee_cis", "defense": "dp_per_tensor_eps3", "comparator": "local_bn_baseline", "done": 3, "total": 275, "failed": 0, "last_update": "2026-10-03T09:40:54.099049+00:00", "eta_minutes": 214.7384649064806}
{"part": "training", "dataset": "ieee_cis", "defense": "dp_per_tensor_eps10", "comparator": "local_bn_baseline", "done": 4, "total": 275, "failed": 0, "last_update": "2026-10-03T09:41:09.118841+00:00", "eta_minutes": 177.42158399919668}
{"part": "training", "dataset": "paysim", "defense": "dp_global_eps10", "comparator": "local_bn_baseline", "done": 5, "total": 275, "failed": 0, "last_update": "2026-10-03T09:42:31.284157+00:00", "eta_minutes": 215.36230137348176}
{"part": "training", "dataset": "paysim", "defense": "dp_per_tensor_eps1", "comparator": "local_bn_baseline", "done": 6, "total": 275, "failed": 0, "last_update": "2026-10-03T09:42:31.725583+00:00", "eta_minutes": 179.13372722466787}
{"part": "training", "dataset": "paysim", "defense": "dp_global_eps10", "comparator": "local_bn_baseline", "done": 7, "total": 275, "failed": 0, "last_update": "2026-10-03T09:43:26.092883+00:00", "eta_minutes": 187.6639186949957}
{"part": "training", "dataset": "cifar10", "defense": "dp_per_tensor_eps3", "comparator": "local_bn_baseline", "done": 8, "total": 275, "failed": 0, "last_update": "2026-10-03T09:44:09.094940+00:00", "eta_minutes": 187.5131133556366}
{"part": "training", "dataset": "baf", "defense": "dp_per_tensor_eps10", "comparator": "local_bn_baseline", "done": 9, "total": 275, "failed": 0, "last_update": "2026-10-03T09:44:35.659946+00:00", "eta_minutes": 179.1397856094219}
{"part": "training", "dataset": "ieee_cis", "defense": "dp_per_tensor_eps10", "comparator": "local_bn_baseline", "done": 10, "total": 275, "failed": 0, "last_update": "2026-10-03T09:44:53.093286+00:00", "eta_minutes": 168.31942029595376}
{"part": "training", "dataset": "paysim", "defense": "dp_per_tensor_eps3", "comparator": "local_bn_baseline", "done": 11, "total": 275, "failed": 0, "last_update": "2026-10-03T09:45:43.935488+00:00", "eta_minutes": 172.7771103858948}
{"part": "training", "dataset": "paysim", "defense": "dp_global_eps1", "comparator": "local_bn_baseline", "done": 12, "total": 275, "failed": 0, "last_update": "2026-10-03T09:46:06.403220+00:00", "eta_minutes": 165.9860609663857}
{"part": "training", "dataset": "baf", "defense": "dp_global_eps3", "comparator": "local_bn_baseline", "done": 13, "total": 275, "failed": 0, "last_update": "2026-10-03T09:46:40.076933+00:00", "eta_minutes": 163.94623837776675}
{"part": "training", "dataset": "paysim", "defense": "dp_per_tensor_eps3", "comparator": "local_bn_baseline", "done": 14, "total": 275, "failed": 0, "last_update": "2026-10-03T09:46:52.220248+00:00", "eta_minutes": 155.42784160545892}
{"part": "training", "dataset": "paysim", "defense": "dp_per_tensor_eps1", "comparator": "local_bn_baseline", "done": 15, "total": 275, "failed": 0, "last_update": "2026-10-03T09:48:06.520417+00:00", "eta_minutes": 165.97466976907518}
{"part": "training", "dataset": "ieee_cis", "defense": "dp_global_eps1", "comparator": "local_bn_baseline", "done": 16, "total": 275, "failed": 0, "last_update": "2026-10-03T09:48:20.190372+00:00", "eta_minutes": 158.69082707688213}
{"part": "training", "dataset": "baf", "defense": "dp_per_tensor_eps3", "comparator": "local_bn_baseline", "done": 17, "total": 275, "failed": 0, "last_update": "2026-10-03T09:48:46.443571+00:00", "eta_minutes": 155.41992317648496}
{"part": "training", "dataset": "cifar10", "defense": "dp_global_eps3", "comparator": "local_bn_baseline", "done": 18, "total": 275, "failed": 0, "last_update": "2026-10-03T09:50:08.185186+00:00", "eta_minutes": 165.668023935733}
{"part": "training", "dataset": "ieee_cis", "defense": "dp_per_tensor_eps3", "comparator": "local_bn_baseline", "done": 19, "total": 275, "failed": 0, "last_update": "2026-10-03T09:50:27.878235+00:00", "eta_minutes": 160.7602578681812}
{"part": "training", "dataset": "paysim", "defense": "dp_global_eps1", "comparator": "local_bn_baseline", "done": 20, "total": 275, "failed": 0, "last_update": "2026-10-03T09:50:45.873547+00:00", "eta_minutes": 155.9496774494648}
{"part": "training", "dataset": "cifar10", "defense": "dp_global_eps1", "comparator": "local_bn_baseline", "done": 21, "total": 275, "failed": 0, "last_update": "2026-10-03T09:51:39.270862+00:00", "eta_minutes": 158.70527811391014}
{"part": "training", "dataset": "ieee_cis", "defense": "dp_global_eps3", "comparator": "local_bn_baseline", "done": 22, "total": 275, "failed": 0, "last_update": "2026-10-03T09:52:31.244242+00:00", "eta_minutes": 160.85654291709264}
{"part": "training", "dataset": "baf", "defense": "dp_per_tensor_eps3", "comparator": "local_bn_baseline", "done": 23, "total": 275, "failed": 0, "last_update": "2026-10-03T09:52:35.987817+00:00", "eta_minutes": 154.12084526601043}
{"part": "training", "dataset": "baf", "defense": "dp_per_tensor_eps1", "comparator": "local_bn_baseline", "done": 24, "total": 275, "failed": 0, "last_update": "2026-10-03T09:52:52.429548+00:00", "eta_minutes": 149.97892072018652}
{"part": "training", "dataset": "paysim", "defense": "dp_per_tensor_eps1", "comparator": "local_bn_baseline", "done": 25, "total": 275, "failed": 0, "last_update": "2026-10-03T09:53:59.235435+00:00", "eta_minutes": 154.54045403003693}
{"part": "training", "dataset": "paysim", "defense": "dp_per_tensor_eps1", "comparator": "local_bn_baseline", "done": 26, "total": 275, "failed": 0, "last_update": "2026-10-03T09:54:52.022228+00:00", "eta_minutes": 156.4277883181205}
{"part": "training", "dataset": "ieee_cis", "defense": "dp_global_eps10", "comparator": "local_bn_baseline", "done": 27, "total": 275, "failed": 0, "last_update": "2026-10-03T09:54:58.648078+00:00", "eta_minutes": 151.04353753902294}
{"part": "training", "dataset": "cifar10", "defense": "dp_per_tensor_eps1", "comparator": "local_bn_baseline", "done": 28, "total": 275, "failed": 0, "last_update": "2026-10-03T09:55:46.259062+00:00", "eta_minutes": 152.0617787036158}
{"part": "training", "dataset": "paysim", "defense": "dp_global_eps3", "comparator": "local_bn_baseline", "done": 29, "total": 275, "failed": 0, "last_update": "2026-10-03T09:56:17.063637+00:00", "eta_minutes": 150.57899284445006}
{"part": "training", "dataset": "ieee_cis", "defense": "dp_global_eps1", "comparator": "local_bn_baseline", "done": 30, "total": 275, "failed": 0, "last_update": "2026-10-03T09:57:15.442970+00:00", "eta_minutes": 152.9140626370907}
{"part": "training", "dataset": "ieee_cis", "defense": "dp_per_tensor_eps3", "comparator": "local_bn_baseline", "done": 31, "total": 275, "failed": 0, "last_update": "2026-10-03T09:57:22.764942+00:00", "eta_minutes": 148.3378621680762}
{"part": "training", "dataset": "baf", "defense": "dp_per_tensor_eps1", "comparator": "local_bn_baseline", "done": 32, "total": 275, "failed": 0, "last_update": "2026-10-03T09:57:57.726885+00:00", "eta_minutes": 147.5382314287126}
{"part": "training", "dataset": "paysim", "defense": "dp_global_eps1", "comparator": "local_bn_baseline", "done": 33, "total": 275, "failed": 0, "last_update": "2026-10-03T09:58:33.126698+00:00", "eta_minutes": 146.80526510079702}
{"part": "training", "dataset": "ieee_cis", "defense": "dp_global_eps10", "comparator": "local_bn_baseline", "done": 34, "total": 275, "failed": 0, "last_update": "2026-10-03T09:59:36.770017+00:00", "eta_minutes": 149.41731888990773}
{"part": "training", "dataset": "cifar10", "defense": "dp_global_eps10", "comparator": "local_bn_baseline", "done": 35, "total": 275, "failed": 0, "last_update": "2026-10-03T10:00:39.609063+00:00", "eta_minutes": 151.72758298601423}
{"part": "training", "dataset": "cifar10", "defense": "dp_global_eps10", "comparator": "local_bn_baseline", "done": 36, "total": 275, "failed": 0, "last_update": "2026-10-03T10:01:15.011437+00:00", "eta_minutes": 150.81549782984786}
{"part": "training", "dataset": "cifar10", "defense": "dp_per_tensor_eps1", "comparator": "local_bn_baseline", "done": 37, "total": 275, "failed": 0, "last_update": "2026-10-03T10:01:54.058996+00:00", "eta_minutes": 150.31161044180928}
{"part": "training", "dataset": "ieee_cis", "defense": "dp_per_tensor_eps1", "comparator": "local_bn_baseline", "done": 38, "total": 275, "failed": 0, "last_update": "2026-10-03T10:01:58.639274+00:00", "eta_minutes": 146.21720832962737}
{"part": "training", "dataset": "ieee_cis", "defense": "dp_global_eps1", "comparator": "local_bn_baseline", "done": 39, "total": 275, "failed": 0, "last_update": "2026-10-03T10:03:04.318120+00:00", "eta_minutes": 148.49093867896968}
{"part": "training", "dataset": "ieee_cis", "defense": "dp_per_tensor_eps1", "comparator": "local_bn_baseline", "done": 40, "total": 275, "failed": 0, "last_update": "2026-10-03T10:04:21.489335+00:00", "eta_minutes": 151.72154415249824}
{"part": "training", "dataset": "cifar10", "defense": "baseline", "comparator": "local_bn_baseline", "done": 41, "total": 275, "failed": 0, "last_update": "2026-10-03T10:04:32.231166+00:00", "eta_minutes": 148.41292621275272}
{"part": "training", "dataset": "baf", "defense": "dp_per_tensor_eps3", "comparator": "local_bn_baseline", "done": 42, "total": 275, "failed": 0, "last_update": "2026-10-03T10:05:12.991787+00:00", "eta_minutes": 148.0288826340721}
{"part": "training", "dataset": "cifar10", "defense": "dp_per_tensor_eps3", "comparator": "local_bn_baseline", "done": 43, "total": 275, "failed": 0, "last_update": "2026-10-03T10:05:13.498504+00:00", "eta_minutes": 144.01137353542242}
{"part": "training", "dataset": "paysim", "defense": "dp_per_tensor_eps10", "comparator": "local_bn_baseline", "done": 44, "total": 275, "failed": 0, "last_update": "2026-10-03T10:06:20.037531+00:00", "eta_minutes": 145.95392167270182}
{"part": "training", "dataset": "paysim", "defense": "dp_per_tensor_eps10", "comparator": "local_bn_baseline", "done": 45, "total": 275, "failed": 0, "last_update": "2026-10-03T10:07:13.032438+00:00", "eta_minutes": 146.60708769074193}
{"part": "training", "dataset": "baf", "defense": "dp_global_eps10", "comparator": "local_bn_baseline", "done": 46, "total": 275, "failed": 0, "last_update": "2026-10-03T10:07:41.181341+00:00", "eta_minutes": 145.13195517892422}
{"part": "training", "dataset": "cifar10", "defense": "dp_per_tensor_eps1", "comparator": "local_bn_baseline", "done": 47, "total": 275, "failed": 0, "last_update": "2026-10-03T10:07:47.081901+00:00", "eta_minutes": 141.90082789684863}
{"part": "training", "dataset": "paysim", "defense": "dp_global_eps10", "comparator": "local_bn_baseline", "done": 48, "total": 275, "failed": 0, "last_update": "2026-10-03T10:08:18.679247+00:00", "eta_minutes": 140.8256400193605}
{"part": "training", "dataset": "paysim", "defense": "dp_global_eps1", "comparator": "local_bn_baseline", "done": 49, "total": 275, "failed": 0, "last_update": "2026-10-03T10:09:12.357693+00:00", "eta_minutes": 141.47023317343522}
{"part": "training", "dataset": "paysim", "defense": "dp_global_eps1", "comparator": "local_bn_baseline", "done": 50, "total": 275, "failed": 0, "last_update": "2026-10-03T10:09:58.793124+00:00", "eta_minutes": 141.51003075242042}
{"part": "training", "dataset": "ieee_cis", "defense": "dp_global_eps3", "comparator": "local_bn_baseline", "done": 51, "total": 275, "failed": 0, "last_update": "2026-10-03T10:10:09.870441+00:00", "eta_minutes": 138.92961146036785}
{"part": "training", "dataset": "paysim", "defense": "dp_per_tensor_eps3", "comparator": "local_bn_baseline", "done": 52, "total": 275, "failed": 0, "last_update": "2026-10-03T10:10:18.993952+00:00", "eta_minutes": 136.30169119338194}
{"part": "training", "dataset": "baf", "defense": "dp_global_eps10", "comparator": "local_bn_baseline", "done": 53, "total": 275, "failed": 0, "last_update": "2026-10-03T10:11:19.742702+00:00", "eta_minutes": 137.3712256494558}
{"part": "training", "dataset": "paysim", "defense": "dp_per_tensor_eps3", "comparator": "local_bn_baseline", "done": 54, "total": 275, "failed": 0, "last_update": "2026-10-03T10:12:19.239966+00:00", "eta_minutes": 138.27828499203846}
{"part": "training", "dataset": "baf", "defense": "dp_per_tensor_eps3", "comparator": "local_bn_baseline", "done": 55, "total": 275, "failed": 0, "last_update": "2026-10-03T10:12:19.437561+00:00", "eta_minutes": 135.16299001375833}
{"part": "training", "dataset": "cifar10", "defense": "dp_global_eps1", "comparator": "local_bn_baseline", "done": 56, "total": 275, "failed": 0, "last_update": "2026-10-03T10:13:20.236437+00:00", "eta_minutes": 136.10874265432358}
{"part": "training", "dataset": "cifar10", "defense": "dp_global_eps10", "comparator": "local_bn_baseline", "done": 57, "total": 275, "failed": 0, "last_update": "2026-10-03T10:14:39.270345+00:00", "eta_minutes": 138.14810642791772}
{"part": "training", "dataset": "ieee_cis", "defense": "dp_global_eps3", "comparator": "local_bn_baseline", "done": 58, "total": 275, "failed": 0, "last_update": "2026-10-03T10:14:43.791194+00:00", "eta_minutes": 135.42536512442018}
{"part": "training", "dataset": "cifar10", "defense": "dp_per_tensor_eps10", "comparator": "local_bn_baseline", "done": 59, "total": 275, "failed": 0, "last_update": "2026-10-03T10:15:39.684535+00:00", "eta_minutes": 135.9269586918718}
{"part": "training", "dataset": "cifar10", "defense": "dp_per_tensor_eps1", "comparator": "local_bn_baseline", "done": 60, "total": 275, "failed": 0, "last_update": "2026-10-03T10:16:42.047140+00:00", "eta_minutes": 136.76713939905167}
{"part": "training", "dataset": "paysim", "defense": "dp_per_tensor_eps10", "comparator": "local_bn_baseline", "done": 61, "total": 275, "failed": 0, "last_update": "2026-10-03T10:16:46.762472+00:00", "eta_minutes": 134.1750624776538}
{"part": "training", "dataset": "ieee_cis", "defense": "dp_per_tensor_eps10", "comparator": "local_bn_baseline", "done": 62, "total": 275, "failed": 0, "last_update": "2026-10-03T10:17:04.131498+00:00", "eta_minutes": 132.38859178346974}
{"part": "training", "dataset": "baf", "defense": "dp_per_tensor_eps3", "comparator": "local_bn_baseline", "done": 63, "total": 275, "failed": 0, "last_update": "2026-10-03T10:17:50.413734+00:00", "eta_minutes": 132.27123193160568}
{"part": "training", "dataset": "paysim", "defense": "dp_global_eps3", "comparator": "local_bn_baseline", "done": 64, "total": 275, "failed": 0, "last_update": "2026-10-03T10:18:48.747874+00:00", "eta_minutes": 132.79566125844914}
{"part": "training", "dataset": "baf", "defense": "dp_global_eps3", "comparator": "local_bn_baseline", "done": 65, "total": 275, "failed": 0, "last_update": "2026-10-03T10:19:10.557914+00:00", "eta_minutes": 131.30735692794508}
{"part": "training", "dataset": "baf", "defense": "dp_global_eps1", "comparator": "local_bn_baseline", "done": 66, "total": 275, "failed": 0, "last_update": "2026-10-03T10:19:13.588559+00:00", "eta_minutes": 128.86200294229718}
{"part": "training", "dataset": "baf", "defense": "dp_per_tensor_eps1", "comparator": "local_bn_baseline", "done": 67, "total": 275, "failed": 0, "last_update": "2026-10-03T10:19:57.830544+00:00", "eta_minutes": 128.6204649502958}
{"part": "training", "dataset": "paysim", "defense": "dp_global_eps3", "comparator": "local_bn_baseline", "done": 68, "total": 275, "failed": 0, "last_update": "2026-10-03T10:20:51.839161+00:00", "eta_minutes": 128.85985651384382}
{"part": "training", "dataset": "ieee_cis", "defense": "dp_global_eps10", "comparator": "local_bn_baseline", "done": 69, "total": 275, "failed": 0, "last_update": "2026-10-03T10:21:52.847338+00:00", "eta_minutes": 129.41450555382144}
{"part": "training", "dataset": "ieee_cis", "defense": "dp_per_tensor_eps1", "comparator": "local_bn_baseline", "done": 70, "total": 275, "failed": 0, "last_update": "2026-10-03T10:22:21.031705+00:00", "eta_minutes": 128.3221412377698}
{"part": "training", "dataset": "cifar10", "defense": "baseline", "comparator": "local_bn_baseline", "done": 71, "total": 275, "failed": 0, "last_update": "2026-10-03T10:22:31.422220+00:00", "eta_minutes": 126.3952157833207}
{"part": "training", "dataset": "cifar10", "defense": "dp_per_tensor_eps1", "comparator": "local_bn_baseline", "done": 72, "total": 275, "failed": 0, "last_update": "2026-10-03T10:24:10.244486+00:00", "eta_minutes": 128.6724792095246}
{"part": "training", "dataset": "baf", "defense": "dp_per_tensor_eps1", "comparator": "local_bn_baseline", "done": 73, "total": 275, "failed": 0, "last_update": "2026-10-03T10:24:20.934149+00:00", "eta_minutes": 126.77766445739084}
{"part": "training", "dataset": "baf", "defense": "dp_global_eps10", "comparator": "local_bn_baseline", "done": 74, "total": 275, "failed": 0, "last_update": "2026-10-03T10:24:42.922843+00:00", "eta_minutes": 125.44075593932254}
{"part": "training", "dataset": "ieee_cis", "defense": "dp_per_tensor_eps1", "comparator": "local_bn_baseline", "done": 75, "total": 275, "failed": 0, "last_update": "2026-10-03T10:24:43.055840+00:00", "eta_minutes": 123.15836120181613}
{"part": "training", "dataset": "baf", "defense": "dp_global_eps10", "comparator": "local_bn_baseline", "done": 76, "total": 275, "failed": 0, "last_update": "2026-10-03T10:26:20.569099+00:00", "eta_minutes": 125.18568005399744}
{"part": "training", "dataset": "paysim", "defense": "dp_global_eps1", "comparator": "local_bn_baseline", "done": 77, "total": 275, "failed": 0, "last_update": "2026-10-03T10:26:37.907985+00:00", "eta_minutes": 123.68208313669477}
{"part": "training", "dataset": "cifar10", "defense": "dp_per_tensor_eps10", "comparator": "local_bn_baseline", "done": 78, "total": 275, "failed": 0, "last_update": "2026-10-03T10:28:00.369583+00:00", "eta_minutes": 124.95090667365963}
{"part": "training", "dataset": "cifar10", "defense": "dp_global_eps10", "comparator": "local_bn_baseline", "done": 79, "total": 275, "failed": 0, "last_update": "2026-10-03T10:28:00.586241+00:00", "eta_minutes": 122.75196866969016}
{"part": "training", "dataset": "ieee_cis", "defense": "dp_global_eps10", "comparator": "local_bn_baseline", "done": 80, "total": 275, "failed": 0, "last_update": "2026-10-03T10:28:44.169593+00:00", "eta_minutes": 122.36968584209679}
{"part": "training", "dataset": "baf", "defense": "dp_global_eps3", "comparator": "local_bn_baseline", "done": 81, "total": 275, "failed": 0, "last_update": "2026-10-03T10:29:02.791169+00:00", "eta_minutes": 120.98248976748667}
{"part": "training", "dataset": "baf", "defense": "dp_per_tensor_eps10", "comparator": "local_bn_baseline", "done": 82, "total": 275, "failed": 0, "last_update": "2026-10-03T10:30:08.211298+00:00", "eta_minutes": 121.45735506255453}
{"part": "training", "dataset": "baf", "defense": "dp_per_tensor_eps10", "comparator": "local_bn_baseline", "done": 83, "total": 275, "failed": 0, "last_update": "2026-10-03T10:30:08.837457+00:00", "eta_minutes": 119.39642390975033}
{"part": "training", "dataset": "paysim", "defense": "dp_global_eps10", "comparator": "local_bn_baseline", "done": 84, "total": 275, "failed": 0, "last_update": "2026-10-03T10:30:46.982529+00:00", "eta_minutes": 118.80616163975664}
{"part": "training", "dataset": "paysim", "defense": "dp_per_tensor_eps3", "comparator": "local_bn_baseline", "done": 85, "total": 275, "failed": 0, "last_update": "2026-10-03T10:31:18.857274+00:00", "eta_minutes": 117.98122882609275}
{"part": "training", "dataset": "paysim", "defense": "dp_per_tensor_eps1", "comparator": "local_bn_baseline", "done": 86, "total": 275, "failed": 0, "last_update": "2026-10-03T10:32:06.064555+00:00", "eta_minutes": 117.72472434764684}
{"part": "training", "dataset": "baf", "defense": "dp_per_tensor_eps10", "comparator": "local_bn_baseline", "done": 87, "total": 275, "failed": 0, "last_update": "2026-10-03T10:32:17.093765+00:00", "eta_minutes": 116.1530646753494}
{"part": "training", "dataset": "paysim", "defense": "dp_per_tensor_eps1", "comparator": "local_bn_baseline", "done": 88, "total": 275, "failed": 0, "last_update": "2026-10-03T10:32:51.183844+00:00", "eta_minutes": 115.42968592743078}
{"part": "training", "dataset": "ieee_cis", "defense": "dp_global_eps10", "comparator": "local_bn_baseline", "done": 89, "total": 275, "failed": 0, "last_update": "2026-10-03T10:34:00.030724+00:00", "eta_minutes": 115.92042503839129}
{"part": "training", "dataset": "ieee_cis", "defense": "dp_per_tensor_eps1", "comparator": "local_bn_baseline", "done": 90, "total": 275, "failed": 0, "last_update": "2026-10-03T10:34:29.986937+00:00", "eta_minutes": 115.04239471356074}
{"part": "training", "dataset": "ieee_cis", "defense": "dp_global_eps1", "comparator": "local_bn_baseline", "done": 91, "total": 275, "failed": 0, "last_update": "2026-10-03T10:34:42.454145+00:00", "eta_minutes": 113.58331565647335}
{"part": "training", "dataset": "cifar10", "defense": "dp_per_tensor_eps1", "comparator": "local_bn_baseline", "done": 92, "total": 275, "failed": 0, "last_update": "2026-10-03T10:36:11.158403+00:00", "eta_minutes": 114.67886261823384}
{"part": "training", "dataset": "baf", "defense": "dp_global_eps3", "comparator": "local_bn_baseline", "done": 93, "total": 275, "failed": 0, "last_update": "2026-10-03T10:36:30.227655+00:00", "eta_minutes": 113.44780638952835}
{"part": "training", "dataset": "baf", "defense": "dp_per_tensor_eps10", "comparator": "local_bn_baseline", "done": 94, "total": 275, "failed": 0, "last_update": "2026-10-03T10:36:40.056474+00:00", "eta_minutes": 111.93963492128022}
{"part": "training", "dataset": "ieee_cis", "defense": "dp_global_eps1", "comparator": "local_bn_baseline", "done": 95, "total": 275, "failed": 0, "last_update": "2026-10-03T10:37:08.907474+00:00", "eta_minutes": 111.06046619917217}
{"part": "training", "dataset": "paysim", "defense": "dp_global_eps10", "comparator": "local_bn_baseline", "done": 96, "total": 275, "failed": 0, "last_update": "2026-10-03T10:38:48.891102+00:00", "eta_minutes": 112.40014091129932}
{"part": "training", "dataset": "ieee_cis", "defense": "dp_per_tensor_eps3", "comparator": "local_bn_baseline", "done": 97, "total": 275, "failed": 0, "last_update": "2026-10-03T10:39:00.482801+00:00", "eta_minutes": 110.97443915355657}
{"part": "training", "dataset": "paysim", "defense": "dp_global_eps1", "comparator": "local_bn_baseline", "done": 98, "total": 275, "failed": 0, "last_update": "2026-10-03T10:39:11.898134+00:00", "eta_minutes": 109.56858155107011}
{"part": "training", "dataset": "cifar10", "defense": "dp_per_tensor_eps1", "comparator": "local_bn_baseline", "done": 99, "total": 275, "failed": 0, "last_update": "2026-10-03T10:39:27.948686+00:00", "eta_minutes": 108.32462149019594}
{"part": "training", "dataset": "baf", "defense": "dp_per_tensor_eps1", "comparator": "local_bn_baseline", "done": 100, "total": 275, "failed": 0, "last_update": "2026-10-03T10:41:10.761086+00:00", "eta_minutes": 109.63074415723482}
{"part": "training", "dataset": "ieee_cis", "defense": "dp_global_eps10", "comparator": "local_bn_baseline", "done": 101, "total": 275, "failed": 0, "last_update": "2026-10-03T10:41:29.957507+00:00", "eta_minutes": 108.47621677299536}
{"part": "training", "dataset": "ieee_cis", "defense": "dp_global_eps10", "comparator": "local_bn_baseline", "done": 102, "total": 275, "failed": 0, "last_update": "2026-10-03T10:41:37.142433+00:00", "eta_minutes": 106.99851335918201}
{"part": "training", "dataset": "baf", "defense": "dp_global_eps1", "comparator": "local_bn_baseline", "done": 103, "total": 275, "failed": 0, "last_update": "2026-10-03T10:41:41.594405+00:00", "eta_minutes": 105.47111511107015}
{"part": "training", "dataset": "baf", "defense": "dp_per_tensor_eps1", "comparator": "local_bn_baseline", "done": 104, "total": 275, "failed": 0, "last_update": "2026-10-03T10:43:52.415561+00:00", "eta_minutes": 107.43466456463703}
{"part": "training", "dataset": "ieee_cis", "defense": "dp_per_tensor_eps1", "comparator": "local_bn_baseline", "done": 105, "total": 275, "failed": 0, "last_update": "2026-10-03T10:44:00.848242+00:00", "eta_minutes": 106.01673650514512}
{"part": "training", "dataset": "cifar10", "defense": "dp_global_eps3", "comparator": "local_bn_baseline", "done": 106, "total": 275, "failed": 0, "last_update": "2026-10-03T10:44:29.265565+00:00", "eta_minutes": 105.15394844963865}
{"part": "training", "dataset": "cifar10", "defense": "baseline", "comparator": "local_bn_baseline", "done": 107, "total": 275, "failed": 0, "last_update": "2026-10-03T10:44:50.837893+00:00", "eta_minutes": 104.11931309744575}
{"part": "training", "dataset": "baf", "defense": "dp_global_eps1", "comparator": "local_bn_baseline", "done": 108, "total": 275, "failed": 0, "last_update": "2026-10-03T10:46:36.824764+00:00", "eta_minutes": 105.27267788928232}
{"part": "training", "dataset": "cifar10", "defense": "dp_global_eps1", "comparator": "local_bn_baseline", "done": 109, "total": 275, "failed": 0, "last_update": "2026-10-03T10:47:10.533961+00:00", "eta_minutes": 104.53789714680535}
{"part": "training", "dataset": "cifar10", "defense": "dp_global_eps3", "comparator": "local_bn_baseline", "done": 110, "total": 275, "failed": 0, "last_update": "2026-10-03T10:47:18.562538+00:00", "eta_minutes": 103.16424559950829}
{"part": "training", "dataset": "cifar10", "defense": "baseline", "comparator": "local_bn_baseline", "done": 111, "total": 275, "failed": 0, "last_update": "2026-10-03T10:48:11.167006+00:00", "eta_minutes": 102.91059820702125}
{"part": "training", "dataset": "baf", "defense": "dp_per_tensor_eps3", "comparator": "local_bn_baseline", "done": 112, "total": 275, "failed": 0, "last_update": "2026-10-03T10:48:44.479485+00:00", "eta_minutes": 102.17787852535645}
{"part": "training", "dataset": "ieee_cis", "defense": "dp_per_tensor_eps1", "comparator": "local_bn_baseline", "done": 113, "total": 275, "failed": 0, "last_update": "2026-10-03T10:49:34.147272+00:00", "eta_minutes": 101.83909125876637}
{"part": "training", "dataset": "ieee_cis", "defense": "dp_per_tensor_eps1", "comparator": "local_bn_baseline", "done": 114, "total": 275, "failed": 0, "last_update": "2026-10-03T10:49:42.739844+00:00", "eta_minutes": 100.52489594475567}
{"part": "training", "dataset": "ieee_cis", "defense": "dp_global_eps3", "comparator": "local_bn_baseline", "done": 115, "total": 275, "failed": 0, "last_update": "2026-10-03T10:51:06.361865+00:00", "eta_minutes": 100.97087888855866}
{"part": "training", "dataset": "cifar10", "defense": "baseline", "comparator": "local_bn_baseline", "done": 116, "total": 275, "failed": 0, "last_update": "2026-10-03T10:51:30.974626+00:00", "eta_minutes": 100.03708550590892}
{"part": "training", "dataset": "ieee_cis", "defense": "dp_global_eps3", "comparator": "local_bn_baseline", "done": 117, "total": 275, "failed": 0, "last_update": "2026-10-03T10:52:06.836229+00:00", "eta_minutes": 99.36542391518921}
{"part": "training", "dataset": "cifar10", "defense": "dp_per_tensor_eps10", "comparator": "local_bn_baseline", "done": 118, "total": 275, "failed": 0, "last_update": "2026-10-03T10:52:52.067490+00:00", "eta_minutes": 98.90278817913627}
{"part": "training", "dataset": "baf", "defense": "dp_per_tensor_eps1", "comparator": "local_bn_baseline", "done": 119, "total": 275, "failed": 0, "last_update": "2026-10-03T10:53:59.393223+00:00", "eta_minutes": 98.91799436376877}
{"part": "training", "dataset": "baf", "defense": "dp_global_eps1", "comparator": "local_bn_baseline", "done": 120, "total": 275, "failed": 0, "last_update": "2026-10-03T10:54:16.294705+00:00", "eta_minutes": 97.82872346325054}
{"part": "training", "dataset": "cifar10", "defense": "dp_per_tensor_eps3", "comparator": "local_bn_baseline", "done": 121, "total": 275, "failed": 0, "last_update": "2026-10-03T10:54:23.570544+00:00", "eta_minutes": 96.54862063798038}
{"part": "training", "dataset": "cifar10", "defense": "dp_global_eps1", "comparator": "local_bn_baseline", "done": 122, "total": 275, "failed": 0, "last_update": "2026-10-03T10:56:08.868553+00:00", "eta_minutes": 97.336339302532}
{"part": "training", "dataset": "paysim", "defense": "dp_global_eps1", "comparator": "local_bn_baseline", "done": 123, "total": 275, "failed": 0, "last_update": "2026-10-03T10:56:16.215570+00:00", "eta_minutes": 96.06529463532817}
{"part": "training", "dataset": "ieee_cis", "defense": "dp_global_eps1", "comparator": "local_bn_baseline", "done": 124, "total": 275, "failed": 0, "last_update": "2026-10-03T10:56:37.879625+00:00", "eta_minutes": 95.10334998282696}
{"part": "training", "dataset": "cifar10", "defense": "dp_per_tensor_eps1", "comparator": "local_bn_baseline", "done": 125, "total": 275, "failed": 0, "last_update": "2026-10-03T10:57:40.018673+00:00", "eta_minutes": 94.96051918506622}
{"part": "training", "dataset": "paysim", "defense": "dp_global_eps3", "comparator": "local_bn_baseline", "done": 126, "total": 275, "failed": 0, "last_update": "2026-10-03T10:58:19.211740+00:00", "eta_minutes": 94.35127447947623}
{"part": "training", "dataset": "baf", "defense": "dp_global_eps10", "comparator": "local_bn_baseline", "done": 127, "total": 275, "failed": 0, "last_update": "2026-10-03T10:58:22.583932+00:00", "eta_minutes": 93.04560371371392}
{"part": "training", "dataset": "baf", "defense": "dp_global_eps10", "comparator": "local_bn_baseline", "done": 128, "total": 275, "failed": 0, "last_update": "2026-10-03T10:59:07.711777+00:00", "eta_minutes": 92.55868523214012}
{"part": "training", "dataset": "paysim", "defense": "dp_global_eps10", "comparator": "local_bn_baseline", "done": 129, "total": 275, "failed": 0, "last_update": "2026-10-03T10:59:41.582022+00:00", "eta_minutes": 91.85530221517696}
{"part": "training", "dataset": "paysim", "defense": "dp_per_tensor_eps10", "comparator": "local_bn_baseline", "done": 130, "total": 275, "failed": 0, "last_update": "2026-10-03T11:00:23.057513+00:00", "eta_minutes": 91.2954354027907}
{"part": "training", "dataset": "paysim", "defense": "dp_per_tensor_eps10", "comparator": "local_bn_baseline", "done": 131, "total": 275, "failed": 0, "last_update": "2026-10-03T11:01:26.856669+00:00", "eta_minutes": 91.14254579762466}
{"part": "training", "dataset": "cifar10", "defense": "dp_per_tensor_eps10", "comparator": "local_bn_baseline", "done": 132, "total": 275, "failed": 0, "last_update": "2026-10-03T11:01:41.604933+00:00", "eta_minutes": 90.09022067851491}
{"part": "training", "dataset": "ieee_cis", "defense": "dp_global_eps10", "comparator": "local_bn_baseline", "done": 133, "total": 275, "failed": 0, "last_update": "2026-10-03T11:02:04.896417+00:00", "eta_minutes": 89.20204588058299}
{"part": "training", "dataset": "cifar10", "defense": "dp_per_tensor_eps10", "comparator": "local_bn_baseline", "done": 134, "total": 275, "failed": 0, "last_update": "2026-10-03T11:03:42.573886+00:00", "eta_minutes": 89.62586385385315}
{"part": "training", "dataset": "paysim", "defense": "dp_global_eps10", "comparator": "local_bn_baseline", "done": 135, "total": 275, "failed": 0, "last_update": "2026-10-03T11:03:45.999241+00:00", "eta_minutes": 88.39023632179072}
{"part": "training", "dataset": "baf", "defense": "dp_per_tensor_eps3", "comparator": "local_bn_baseline", "done": 136, "total": 275, "failed": 0, "last_update": "2026-10-03T11:03:55.099450+00:00", "eta_minutes": 87.26860740956137}
{"part": "training", "dataset": "cifar10", "defense": "dp_global_eps3", "comparator": "local_bn_baseline", "done": 137, "total": 275, "failed": 0, "last_update": "2026-10-03T11:05:25.491340+00:00", "eta_minutes": 87.52588939353497}
{"part": "training", "dataset": "ieee_cis", "defense": "dp_global_eps1", "comparator": "local_bn_baseline", "done": 138, "total": 275, "failed": 0, "last_update": "2026-10-03T11:06:13.928797+00:00", "eta_minutes": 87.06343523836942}
{"part": "training", "dataset": "cifar10", "defense": "dp_global_eps1", "comparator": "local_bn_baseline", "done": 139, "total": 275, "failed": 0, "last_update": "2026-10-03T11:07:04.512836+00:00", "eta_minutes": 86.63102360800873}
{"part": "training", "dataset": "cifar10", "defense": "dp_per_tensor_eps3", "comparator": "local_bn_baseline", "done": 140, "total": 275, "failed": 0, "last_update": "2026-10-03T11:07:20.704860+00:00", "eta_minutes": 85.64001666733198}
{"part": "training", "dataset": "baf", "defense": "dp_global_eps3", "comparator": "local_bn_baseline", "done": 141, "total": 275, "failed": 0, "last_update": "2026-10-03T11:07:37.748098+00:00", "eta_minutes": 84.67272124577921}
{"part": "training", "dataset": "baf", "defense": "dp_global_eps3", "comparator": "local_bn_baseline", "done": 142, "total": 275, "failed": 0, "last_update": "2026-10-03T11:08:24.960606+00:00", "eta_minutes": 84.18600114852612}
{"part": "training", "dataset": "paysim", "defense": "dp_global_eps3", "comparator": "local_bn_baseline", "done": 143, "total": 275, "failed": 0, "last_update": "2026-10-03T11:09:10.072901+00:00", "eta_minutes": 83.6627721272982}
{"part": "training", "dataset": "paysim", "defense": "dp_per_tensor_eps1", "comparator": "local_bn_baseline", "done": 144, "total": 275, "failed": 0, "last_update": "2026-10-03T11:09:40.555381+00:00", "eta_minutes": 82.91454974178363}
{"part": "training", "dataset": "paysim", "defense": "dp_per_tensor_eps10", "comparator": "local_bn_baseline", "done": 145, "total": 275, "failed": 0, "last_update": "2026-10-03T11:09:41.498629+00:00", "eta_minutes": 81.72824935337593}
{"part": "training", "dataset": "baf", "defense": "dp_per_tensor_eps10", "comparator": "local_bn_baseline", "done": 146, "total": 275, "failed": 0, "last_update": "2026-10-03T11:11:19.230051+00:00", "eta_minutes": 81.98328958496656}
{"part": "training", "dataset": "cifar10", "defense": "dp_global_eps3", "comparator": "local_bn_baseline", "done": 147, "total": 275, "failed": 0, "last_update": "2026-10-03T11:11:44.193354+00:00", "eta_minutes": 81.15665330951717}
{"part": "training", "dataset": "baf", "defense": "dp_per_tensor_eps1", "comparator": "local_bn_baseline", "done": 148, "total": 275, "failed": 0, "last_update": "2026-10-03T11:11:47.762975+00:00", "eta_minutes": 80.0295972019434}
{"part": "training", "dataset": "cifar10", "defense": "dp_per_tensor_eps10", "comparator": "local_bn_baseline", "done": 149, "total": 275, "failed": 0, "last_update": "2026-10-03T11:13:00.149803+00:00", "eta_minutes": 79.88677780804217}
{"part": "training", "dataset": "paysim", "defense": "dp_per_tensor_eps3", "comparator": "local_bn_baseline", "done": 150, "total": 275, "failed": 0, "last_update": "2026-10-03T11:13:19.719537+00:00", "eta_minutes": 78.99620590607326}
{"part": "training", "dataset": "paysim", "defense": "dp_global_eps3", "comparator": "local_bn_baseline", "done": 151, "total": 275, "failed": 0, "last_update": "2026-10-03T11:13:45.583462+00:00", "eta_minutes": 78.19925527162108}
{"part": "training", "dataset": "ieee_cis", "defense": "dp_per_tensor_eps10", "comparator": "local_bn_baseline", "done": 152, "total": 275, "failed": 0, "last_update": "2026-10-03T11:14:05.373667+00:00", "eta_minutes": 77.32520367236515}
{"part": "training", "dataset": "ieee_cis", "defense": "dp_global_eps3", "comparator": "local_bn_baseline", "done": 153, "total": 275, "failed": 0, "last_update": "2026-10-03T11:15:39.142625+00:00", "eta_minutes": 77.44142584733194}
{"part": "training", "dataset": "paysim", "defense": "dp_per_tensor_eps10", "comparator": "local_bn_baseline", "done": 154, "total": 275, "failed": 0, "last_update": "2026-10-03T11:15:46.555986+00:00", "eta_minutes": 76.40499525354022}
{"part": "training", "dataset": "cifar10", "defense": "dp_per_tensor_eps10", "comparator": "local_bn_baseline", "done": 155, "total": 275, "failed": 0, "last_update": "2026-10-03T11:16:17.777229+00:00", "eta_minutes": 75.687542170863}
{"part": "training", "dataset": "cifar10", "defense": "dp_global_eps3", "comparator": "local_bn_baseline", "done": 156, "total": 275, "failed": 0, "last_update": "2026-10-03T11:17:20.092083+00:00", "eta_minutes": 75.36793003673228}
{"part": "training", "dataset": "ieee_cis", "defense": "dp_per_tensor_eps10", "comparator": "local_bn_baseline", "done": 157, "total": 275, "failed": 0, "last_update": "2026-10-03T11:18:08.634304+00:00", "eta_minutes": 74.86663565382582}
{"part": "training", "dataset": "cifar10", "defense": "dp_global_eps1", "comparator": "local_bn_baseline", "done": 158, "total": 275, "failed": 0, "last_update": "2026-10-03T11:18:53.303746+00:00", "eta_minutes": 74.31364883984193}
{"part": "training", "dataset": "ieee_cis", "defense": "dp_per_tensor_eps3", "comparator": "local_bn_baseline", "done": 159, "total": 275, "failed": 0, "last_update": "2026-10-03T11:18:55.134925+00:00", "eta_minutes": 73.23736862896375}
{"part": "training", "dataset": "ieee_cis", "defense": "dp_per_tensor_eps3", "comparator": "local_bn_baseline", "done": 160, "total": 275, "failed": 0, "last_update": "2026-10-03T11:19:39.379139+00:00", "eta_minutes": 72.68223324206969}
{"part": "training", "dataset": "paysim", "defense": "dp_per_tensor_eps3", "comparator": "local_bn_baseline", "done": 161, "total": 275, "failed": 0, "last_update": "2026-10-03T11:20:10.223199+00:00", "eta_minutes": 71.96669518947601}
{"part": "training", "dataset": "paysim", "defense": "dp_per_tensor_eps10", "comparator": "local_bn_baseline", "done": 162, "total": 275, "failed": 0, "last_update": "2026-10-03T11:20:51.626192+00:00", "eta_minutes": 71.37639744242523}
{"part": "training", "dataset": "paysim", "defense": "dp_per_tensor_eps1", "comparator": "local_bn_baseline", "done": 163, "total": 275, "failed": 0, "last_update": "2026-10-03T11:21:10.748561+00:00", "eta_minutes": 70.52971933555993}
{"part": "training", "dataset": "ieee_cis", "defense": "dp_per_tensor_eps3", "comparator": "local_bn_baseline", "done": 164, "total": 275, "failed": 0, "last_update": "2026-10-03T11:22:31.462776+00:00", "eta_minutes": 70.38426597845265}
{"part": "training", "dataset": "paysim", "defense": "dp_per_tensor_eps10", "comparator": "local_bn_baseline", "done": 165, "total": 275, "failed": 0, "last_update": "2026-10-03T11:22:50.445285+00:00", "eta_minutes": 69.53836192554897}
{"part": "training", "dataset": "cifar10", "defense": "dp_per_tensor_eps3", "comparator": "local_bn_baseline", "done": 166, "total": 275, "failed": 0, "last_update": "2026-10-03T11:22:51.767342+00:00", "eta_minutes": 68.50556574372881}
{"part": "training", "dataset": "baf", "defense": "dp_global_eps3", "comparator": "local_bn_baseline", "done": 167, "total": 275, "failed": 0, "last_update": "2026-10-03T11:23:35.543712+00:00", "eta_minutes": 67.94246586953808}
{"part": "training", "dataset": "baf", "defense": "dp_global_eps1", "comparator": "local_bn_baseline", "done": 168, "total": 275, "failed": 0, "last_update": "2026-10-03T11:24:57.606957+00:00", "eta_minutes": 67.78380198455046}
{"part": "training", "dataset": "ieee_cis", "defense": "dp_global_eps3", "comparator": "local_bn_baseline", "done": 169, "total": 275, "failed": 0, "last_update": "2026-10-03T11:25:10.585111+00:00", "eta_minutes": 66.88863849179045}
{"part": "training", "dataset": "cifar10", "defense": "dp_per_tensor_eps1", "comparator": "local_bn_baseline", "done": 170, "total": 275, "failed": 0, "last_update": "2026-10-03T11:25:45.665501+00:00", "eta_minutes": 66.22898459364386}
{"part": "training", "dataset": "baf", "defense": "dp_per_tensor_eps1", "comparator": "local_bn_baseline", "done": 171, "total": 275, "failed": 0, "last_update": "2026-10-03T11:26:01.037051+00:00", "eta_minutes": 65.37042993913617}
{"part": "training", "dataset": "ieee_cis", "defense": "dp_global_eps3", "comparator": "local_bn_baseline", "done": 172, "total": 275, "failed": 0, "last_update": "2026-10-03T11:28:10.174853+00:00", "eta_minutes": 65.65433726301488}
{"part": "training", "dataset": "cifar10", "defense": "dp_global_eps10", "comparator": "local_bn_baseline", "done": 173, "total": 275, "failed": 0, "last_update": "2026-10-03T11:28:12.197044+00:00", "eta_minutes": 64.66096740664776}
{"part": "training", "dataset": "cifar10", "defense": "dp_per_tensor_eps3", "comparator": "local_bn_baseline", "done": 174, "total": 275, "failed": 0, "last_update": "2026-10-03T11:28:25.261704+00:00", "eta_minutes": 63.78545670671481}
{"part": "training", "dataset": "ieee_cis", "defense": "dp_per_tensor_eps3", "comparator": "local_bn_baseline", "done": 175, "total": 275, "failed": 0, "last_update": "2026-10-03T11:28:39.545098+00:00", "eta_minutes": 62.929070343290064}
{"part": "training", "dataset": "paysim", "defense": "dp_global_eps1", "comparator": "local_bn_baseline", "done": 176, "total": 275, "failed": 0, "last_update": "2026-10-03T11:30:10.553215+00:00", "eta_minutes": 62.799004706740384}
{"part": "training", "dataset": "paysim", "defense": "dp_per_tensor_eps3", "comparator": "local_bn_baseline", "done": 177, "total": 275, "failed": 0, "last_update": "2026-10-03T11:30:12.543621+00:00", "eta_minutes": 61.83182571652695}
{"part": "training", "dataset": "baf", "defense": "dp_per_tensor_eps3", "comparator": "local_bn_baseline", "done": 178, "total": 275, "failed": 0, "last_update": "2026-10-03T11:30:29.981948+00:00", "eta_minutes": 61.015445311462386}
{"part": "training", "dataset": "ieee_cis", "defense": "dp_global_eps1", "comparator": "local_bn_baseline", "done": 179, "total": 275, "failed": 0, "last_update": "2026-10-03T11:31:15.785844+00:00", "eta_minutes": 60.4584860796369}
{"part": "training", "dataset": "ieee_cis", "defense": "dp_per_tensor_eps10", "comparator": "local_bn_baseline", "done": 180, "total": 275, "failed": 0, "last_update": "2026-10-03T11:32:32.811146+00:00", "eta_minutes": 60.17386582107455}
{"part": "training", "dataset": "ieee_cis", "defense": "dp_global_eps1", "comparator": "local_bn_baseline", "done": 181, "total": 275, "failed": 0, "last_update": "2026-10-03T11:32:33.200333+00:00", "eta_minutes": 59.21487259513547}
{"part": "training", "dataset": "baf", "defense": "dp_global_eps3", "comparator": "local_bn_baseline", "done": 182, "total": 275, "failed": 0, "last_update": "2026-10-03T11:32:35.192136+00:00", "eta_minutes": 58.279995102869286}
{"part": "training", "dataset": "cifar10", "defense": "dp_global_eps3", "comparator": "local_bn_baseline", "done": 183, "total": 275, "failed": 0, "last_update": "2026-10-03T11:34:33.530880+00:00", "eta_minutes": 58.329828003065174}
{"part": "training", "dataset": "baf", "defense": "dp_per_tensor_eps1", "comparator": "local_bn_baseline", "done": 184, "total": 275, "failed": 0, "last_update": "2026-10-03T11:34:41.003614+00:00", "eta_minutes": 57.44383986190609}
{"part": "training", "dataset": "cifar10", "defense": "dp_per_tensor_eps10", "comparator": "local_bn_baseline", "done": 185, "total": 275, "failed": 0, "last_update": "2026-10-03T11:35:49.816798+00:00", "eta_minutes": 57.06343853473663}
{"part": "training", "dataset": "cifar10", "defense": "dp_global_eps1", "comparator": "local_bn_baseline", "done": 186, "total": 275, "failed": 0, "last_update": "2026-10-03T11:35:51.849404+00:00", "eta_minutes": 56.14222630016693}
{"part": "training", "dataset": "ieee_cis", "defense": "dp_global_eps3", "comparator": "local_bn_baseline", "done": 187, "total": 275, "failed": 0, "last_update": "2026-10-03T11:37:05.601871+00:00", "eta_minutes": 55.793013004228186}
{"part": "training", "dataset": "ieee_cis", "defense": "dp_global_eps10", "comparator": "local_bn_baseline", "done": 188, "total": 275, "failed": 0, "last_update": "2026-10-03T11:37:13.098812+00:00", "eta_minutes": 54.923424700726855}
{"part": "training", "dataset": "baf", "defense": "dp_global_eps1", "comparator": "local_bn_baseline", "done": 189, "total": 275, "failed": 0, "last_update": "2026-10-03T11:37:58.984713+00:00", "eta_minutes": 54.3528493762647}
{"part": "training", "dataset": "cifar10", "defense": "dp_global_eps1", "comparator": "local_bn_baseline", "done": 190, "total": 275, "failed": 0, "last_update": "2026-10-03T11:39:03.079309+00:00", "eta_minutes": 53.91599655810156}
{"part": "training", "dataset": "paysim", "defense": "dp_global_eps10", "comparator": "local_bn_baseline", "done": 191, "total": 275, "failed": 0, "last_update": "2026-10-03T11:39:06.905945+00:00", "eta_minutes": 53.03077761739961}
{"part": "training", "dataset": "paysim", "defense": "dp_global_eps3", "comparator": "local_bn_baseline", "done": 192, "total": 275, "failed": 0, "last_update": "2026-10-03T11:39:30.926793+00:00", "eta_minutes": 52.29961184139053}
{"part": "training", "dataset": "baf", "defense": "dp_global_eps1", "comparator": "local_bn_baseline", "done": 193, "total": 275, "failed": 0, "last_update": "2026-10-03T11:40:02.084776+00:00", "eta_minutes": 51.62241357859346}
{"part": "training", "dataset": "baf", "defense": "dp_global_eps3", "comparator": "local_bn_baseline", "done": 194, "total": 275, "failed": 0, "last_update": "2026-10-03T11:41:08.962045+00:00", "eta_minutes": 51.19540514024263}
{"part": "training", "dataset": "ieee_cis", "defense": "dp_per_tensor_eps1", "comparator": "local_bn_baseline", "done": 195, "total": 275, "failed": 0, "last_update": "2026-10-03T11:42:08.977963+00:00", "eta_minutes": 50.714429067954036}
{"part": "training", "dataset": "cifar10", "defense": "dp_global_eps3", "comparator": "local_bn_baseline", "done": 196, "total": 275, "failed": 0, "last_update": "2026-10-03T11:42:20.458046+00:00", "eta_minutes": 49.90210555962153}
{"part": "training", "dataset": "ieee_cis", "defense": "dp_per_tensor_eps10", "comparator": "local_bn_baseline", "done": 197, "total": 275, "failed": 0, "last_update": "2026-10-03T11:42:21.317207+00:00", "eta_minutes": 49.025999206092756}
{"part": "training", "dataset": "paysim", "defense": "dp_per_tensor_eps1", "comparator": "local_bn_baseline", "done": 198, "total": 275, "failed": 0, "last_update": "2026-10-03T11:43:08.983628+00:00", "eta_minutes": 48.4619781670747}
{"part": "training", "dataset": "baf", "defense": "dp_global_eps1", "comparator": "local_bn_baseline", "done": 199, "total": 275, "failed": 0, "last_update": "2026-10-03T11:44:27.459361+00:00", "eta_minutes": 48.091747508855725}
{"part": "training", "dataset": "cifar10", "defense": "dp_global_eps10", "comparator": "local_bn_baseline", "done": 200, "total": 275, "failed": 0, "last_update": "2026-10-03T11:45:26.981109+00:00", "eta_minutes": 47.593677482008935}
{"part": "training", "dataset": "cifar10", "defense": "dp_global_eps3", "comparator": "local_bn_baseline", "done": 201, "total": 275, "failed": 0, "last_update": "2026-10-03T11:45:36.392960+00:00", "eta_minutes": 46.78321876913358}
{"part": "training", "dataset": "cifar10", "defense": "dp_global_eps10", "comparator": "local_bn_baseline", "done": 202, "total": 275, "failed": 0, "last_update": "2026-10-03T11:46:24.486112+00:00", "eta_minutes": 46.21221272909995}
{"part": "training", "dataset": "ieee_cis", "defense": "dp_per_tensor_eps3", "comparator": "local_bn_baseline", "done": 203, "total": 275, "failed": 0, "last_update": "2026-10-03T11:46:49.428516+00:00", "eta_minutes": 45.50208357120382}
{"part": "training", "dataset": "paysim", "defense": "dp_global_eps3", "comparator": "local_bn_baseline", "done": 204, "total": 275, "failed": 0, "last_update": "2026-10-03T11:47:34.562300+00:00", "eta_minutes": 44.911964114468084}
{"part": "training", "dataset": "cifar10", "defense": "dp_per_tensor_eps3", "comparator": "local_bn_baseline", "done": 205, "total": 275, "failed": 0, "last_update": "2026-10-03T11:48:44.663502+00:00", "eta_minutes": 44.46235409597072}
{"part": "training", "dataset": "baf", "defense": "dp_per_tensor_eps3", "comparator": "local_bn_baseline", "done": 206, "total": 275, "failed": 0, "last_update": "2026-10-03T11:48:57.018917+00:00", "eta_minutes": 43.68339871891494}
{"part": "training", "dataset": "cifar10", "defense": "dp_global_eps10", "comparator": "local_bn_baseline", "done": 207, "total": 275, "failed": 0, "last_update": "2026-10-03T11:49:38.213853+00:00", "eta_minutes": 43.06787742831281}
{"part": "training", "dataset": "baf", "defense": "dp_per_tensor_eps10", "comparator": "local_bn_baseline", "done": 208, "total": 275, "failed": 0, "last_update": "2026-10-03T11:49:40.463496+00:00", "eta_minutes": 42.2425915484436}
{"part": "training", "dataset": "paysim", "defense": "dp_global_eps10", "comparator": "local_bn_baseline", "done": 209, "total": 275, "failed": 0, "last_update": "2026-10-03T11:51:03.745736+00:00", "eta_minutes": 41.85133171081543}
{"part": "training", "dataset": "ieee_cis", "defense": "dp_global_eps1", "comparator": "local_bn_baseline", "done": 210, "total": 275, "failed": 0, "last_update": "2026-10-03T11:51:17.637220+00:00", "eta_minutes": 41.092610547939934}
{"part": "training", "dataset": "baf", "defense": "dp_global_eps1", "comparator": "local_bn_baseline", "done": 211, "total": 275, "failed": 0, "last_update": "2026-10-03T11:51:45.448475+00:00", "eta_minutes": 40.409255048562}
{"part": "training", "dataset": "cifar10", "defense": "baseline", "comparator": "local_bn_baseline", "done": 212, "total": 275, "failed": 0, "last_update": "2026-10-03T11:52:51.387112+00:00", "eta_minutes": 39.91681188266232}
{"part": "training", "dataset": "baf", "defense": "dp_global_eps10", "comparator": "local_bn_baseline", "done": 213, "total": 275, "failed": 0, "last_update": "2026-10-03T11:53:28.514065+00:00", "eta_minutes": 39.27889858728657}
{"part": "training", "dataset": "paysim", "defense": "dp_global_eps3", "comparator": "local_bn_baseline", "done": 214, "total": 275, "failed": 0, "last_update": "2026-10-03T11:53:43.777299+00:00", "eta_minutes": 38.53729438271107}
{"part": "training", "dataset": "cifar10", "defense": "dp_global_eps1", "comparator": "local_bn_baseline", "done": 215, "total": 275, "failed": 0, "last_update": "2026-10-03T11:54:31.903572+00:00", "eta_minutes": 37.95307376772858}
{"part": "training", "dataset": "ieee_cis", "defense": "dp_per_tensor_eps10", "comparator": "local_bn_baseline", "done": 216, "total": 275, "failed": 0, "last_update": "2026-10-03T11:55:12.062779+00:00", "eta_minutes": 37.33056589219673}
{"part": "training", "dataset": "baf", "defense": "dp_global_eps1", "comparator": "local_bn_baseline", "done": 217, "total": 275, "failed": 0, "last_update": "2026-10-03T11:55:52.169502+00:00", "eta_minutes": 36.70739277075696}
{"part": "training", "dataset": "paysim", "defense": "dp_per_tensor_eps3", "comparator": "local_bn_baseline", "done": 218, "total": 275, "failed": 0, "last_update": "2026-10-03T11:56:34.842831+00:00", "eta_minutes": 36.09498905118452}
{"part": "training", "dataset": "cifar10", "defense": "dp_global_eps1", "comparator": "local_bn_baseline", "done": 219, "total": 275, "failed": 0, "last_update": "2026-10-03T11:56:57.147721+00:00", "eta_minutes": 35.394876750818305}
{"part": "training", "dataset": "ieee_cis", "defense": "dp_per_tensor_eps10", "comparator": "local_bn_baseline", "done": 220, "total": 275, "failed": 0, "last_update": "2026-10-03T11:57:32.455913+00:00", "eta_minutes": 34.75192999243736}
{"part": "training", "dataset": "baf", "defense": "dp_per_tensor_eps1", "comparator": "local_bn_baseline", "done": 221, "total": 275, "failed": 0, "last_update": "2026-10-03T11:58:14.996314+00:00", "eta_minutes": 34.138928697012126}
{"part": "training", "dataset": "paysim", "defense": "dp_global_eps3", "comparator": "local_bn_baseline", "done": 222, "total": 275, "failed": 0, "last_update": "2026-10-03T11:58:55.942294+00:00", "eta_minutes": 33.51871829861635}
{"part": "training", "dataset": "ieee_cis", "defense": "dp_global_eps10", "comparator": "local_bn_baseline", "done": 223, "total": 275, "failed": 0, "last_update": "2026-10-03T11:58:56.741793+00:00", "eta_minutes": 32.74192468004555}
{"part": "training", "dataset": "baf", "defense": "dp_global_eps3", "comparator": "local_bn_baseline", "done": 224, "total": 275, "failed": 0, "last_update": "2026-10-03T11:59:37.177347+00:00", "eta_minutes": 32.12235240207187}
{"part": "training", "dataset": "ieee_cis", "defense": "dp_global_eps3", "comparator": "local_bn_baseline", "done": 225, "total": 275, "failed": 0, "last_update": "2026-10-03T12:00:52.463766+00:00", "eta_minutes": 31.63137427082768}
{"part": "training", "dataset": "ieee_cis", "defense": "dp_global_eps1", "comparator": "local_bn_baseline", "done": 226, "total": 275, "failed": 0, "last_update": "2026-10-03T12:01:16.516186+00:00", "eta_minutes": 30.948499276539568}
{"part": "training", "dataset": "ieee_cis", "defense": "dp_global_eps3", "comparator": "local_bn_baseline", "done": 227, "total": 275, "failed": 0, "last_update": "2026-10-03T12:01:57.719842+00:00", "eta_minutes": 30.328553762729996}
{"part": "training", "dataset": "cifar10", "defense": "dp_global_eps10", "comparator": "local_bn_baseline", "done": 228, "total": 275, "failed": 0, "last_update": "2026-10-03T12:02:11.165748+00:00", "eta_minutes": 29.612655892323335}
{"part": "training", "dataset": "cifar10", "defense": "dp_global_eps10", "comparator": "local_bn_baseline", "done": 229, "total": 275, "failed": 0, "last_update": "2026-10-03T12:04:11.624145+00:00", "eta_minutes": 29.25931920883784}
{"part": "training", "dataset": "ieee_cis", "defense": "dp_per_tensor_eps3", "comparator": "local_bn_baseline", "done": 230, "total": 275, "failed": 0, "last_update": "2026-10-03T12:04:32.263587+00:00", "eta_minutes": 28.566100680050642}
{"part": "training", "dataset": "cifar10", "defense": "dp_per_tensor_eps1", "comparator": "local_bn_baseline", "done": 231, "total": 275, "failed": 0, "last_update": "2026-10-03T12:04:32.349949+00:00", "eta_minutes": 27.810657895557462}
{"part": "training", "dataset": "cifar10", "defense": "dp_per_tensor_eps3", "comparator": "local_bn_baseline", "done": 232, "total": 275, "failed": 0, "last_update": "2026-10-03T12:05:13.430893+00:00", "eta_minutes": 27.18835070035581}
{"part": "training", "dataset": "paysim", "defense": "dp_per_tensor_eps3", "comparator": "local_bn_baseline", "done": 233, "total": 275, "failed": 0, "last_update": "2026-10-03T12:06:28.182985+00:00", "eta_minutes": 26.666666053497742}
{"part": "training", "dataset": "baf", "defense": "dp_per_tensor_eps10", "comparator": "local_bn_baseline", "done": 234, "total": 275, "failed": 0, "last_update": "2026-10-03T12:06:39.350741+00:00", "eta_minutes": 25.953111053718803}
{"part": "training", "dataset": "cifar10", "defense": "dp_global_eps3", "comparator": "local_bn_baseline", "done": 235, "total": 275, "failed": 0, "last_update": "2026-10-03T12:07:47.017379+00:00", "eta_minutes": 25.40432529720009}
{"part": "training", "dataset": "cifar10", "defense": "dp_per_tensor_eps10", "comparator": "local_bn_baseline", "done": 236, "total": 275, "failed": 0, "last_update": "2026-10-03T12:08:28.503930+00:00", "eta_minutes": 24.778526654687983}
{"part": "training", "dataset": "baf", "defense": "dp_global_eps1", "comparator": "local_bn_baseline", "done": 237, "total": 275, "failed": 0, "last_update": "2026-10-03T12:08:51.281147+00:00", "eta_minutes": 24.102177255599646}
{"part": "training", "dataset": "cifar10", "defense": "dp_global_eps3", "comparator": "local_bn_baseline", "done": 238, "total": 275, "failed": 0, "last_update": "2026-10-03T12:09:53.103838+00:00", "eta_minutes": 23.529489609574068}
{"part": "training", "dataset": "baf", "defense": "dp_per_tensor_eps10", "comparator": "local_bn_baseline", "done": 239, "total": 275, "failed": 0, "last_update": "2026-10-03T12:09:53.636582+00:00", "eta_minutes": 22.799105950080204}
{"part": "training", "dataset": "baf", "defense": "dp_per_tensor_eps10", "comparator": "local_bn_baseline", "done": 240, "total": 275, "failed": 0, "last_update": "2026-10-03T12:10:37.155975+00:00", "eta_minutes": 22.17921626501613}
{"part": "training", "dataset": "paysim", "defense": "dp_per_tensor_eps1", "comparator": "local_bn_baseline", "done": 241, "total": 275, "failed": 0, "last_update": "2026-10-03T12:11:05.724799+00:00", "eta_minutes": 21.523298130193687}
{"part": "training", "dataset": "ieee_cis", "defense": "dp_per_tensor_eps1", "comparator": "local_bn_baseline", "done": 242, "total": 275, "failed": 0, "last_update": "2026-10-03T12:12:13.835184+00:00", "eta_minutes": 20.95873288674788}
{"part": "training", "dataset": "cifar10", "defense": "baseline", "comparator": "local_bn_baseline", "done": 243, "total": 275, "failed": 0, "last_update": "2026-10-03T12:13:08.268314+00:00", "eta_minutes": 20.35945262464149}
{"part": "training", "dataset": "cifar10", "defense": "baseline", "comparator": "local_bn_baseline", "done": 244, "total": 275, "failed": 0, "last_update": "2026-10-03T12:13:52.394473+00:00", "eta_minutes": 19.73582339710225}
{"part": "training", "dataset": "paysim", "defense": "dp_per_tensor_eps3", "comparator": "local_bn_baseline", "done": 245, "total": 275, "failed": 0, "last_update": "2026-10-03T12:14:15.235167+00:00", "eta_minutes": 19.06784174490948}
{"part": "training", "dataset": "cifar10", "defense": "baseline", "comparator": "local_bn_baseline", "done": 246, "total": 275, "failed": 0, "last_update": "2026-10-03T12:14:23.635666+00:00", "eta_minutes": 18.373824232332105}
{"part": "training", "dataset": "paysim", "defense": "dp_global_eps1", "comparator": "local_bn_baseline", "done": 247, "total": 275, "failed": 0, "last_update": "2026-10-03T12:15:07.771340+00:00", "eta_minutes": 17.751808474163617}
{"part": "training", "dataset": "ieee_cis", "defense": "dp_global_eps10", "comparator": "local_bn_baseline", "done": 248, "total": 275, "failed": 0, "last_update": "2026-10-03T12:16:14.223604+00:00", "eta_minutes": 17.169370570057822}
{"part": "training", "dataset": "ieee_cis", "defense": "dp_per_tensor_eps1", "comparator": "local_bn_baseline", "done": 249, "total": 275, "failed": 0, "last_update": "2026-10-03T12:16:36.972615+00:00", "eta_minutes": 16.50665846445474}
{"part": "training", "dataset": "paysim", "defense": "dp_per_tensor_eps10", "comparator": "local_bn_baseline", "done": 250, "total": 275, "failed": 0, "last_update": "2026-10-03T12:17:06.195815+00:00", "eta_minutes": 15.857005172173183}
{"part": "training", "dataset": "cifar10", "defense": "dp_per_tensor_eps3", "comparator": "local_bn_baseline", "done": 251, "total": 275, "failed": 0, "last_update": "2026-10-03T12:17:39.885001+00:00", "eta_minutes": 15.215764603861775}
{"part": "training", "dataset": "baf", "defense": "dp_global_eps10", "comparator": "local_bn_baseline", "done": 252, "total": 275, "failed": 0, "last_update": "2026-10-03T12:18:21.087532+00:00", "eta_minutes": 14.586586035748638}
{"part": "training", "dataset": "baf", "defense": "dp_global_eps10", "comparator": "local_bn_baseline", "done": 253, "total": 275, "failed": 0, "last_update": "2026-10-03T12:18:46.312814+00:00", "eta_minutes": 13.933797247859015}
{"part": "training", "dataset": "baf", "defense": "dp_per_tensor_eps3", "comparator": "local_bn_baseline", "done": 254, "total": 275, "failed": 0, "last_update": "2026-10-03T12:20:06.943108+00:00", "eta_minutes": 13.359183616619411}
{"part": "training", "dataset": "cifar10", "defense": "dp_global_eps10", "comparator": "local_bn_baseline", "done": 255, "total": 275, "failed": 0, "last_update": "2026-10-03T12:20:18.914078+00:00", "eta_minutes": 12.68878609931547}
{"part": "training", "dataset": "paysim", "defense": "dp_per_tensor_eps1", "comparator": "local_bn_baseline", "done": 256, "total": 275, "failed": 0, "last_update": "2026-10-03T12:20:21.565098+00:00", "eta_minutes": 12.010538756397242}
{"part": "training", "dataset": "ieee_cis", "defense": "dp_per_tensor_eps10", "comparator": "local_bn_baseline", "done": 257, "total": 275, "failed": 0, "last_update": "2026-10-03T12:21:06.729489+00:00", "eta_minutes": 11.386852270063258}
{"part": "training", "dataset": "baf", "defense": "dp_per_tensor_eps3", "comparator": "local_bn_baseline", "done": 258, "total": 275, "failed": 0, "last_update": "2026-10-03T12:22:25.300894+00:00", "eta_minutes": 10.798852654652388}
{"part": "training", "dataset": "paysim", "defense": "dp_global_eps10", "comparator": "local_bn_baseline", "done": 259, "total": 275, "failed": 0, "last_update": "2026-10-03T12:23:08.403733+00:00", "eta_minutes": 10.16876295597857}
{"part": "training", "dataset": "cifar10", "defense": "dp_per_tensor_eps3", "comparator": "local_bn_baseline", "done": 260, "total": 275, "failed": 0, "last_update": "2026-10-03T12:23:24.817880+00:00", "eta_minutes": 9.51233189037213}
{"part": "training", "dataset": "cifar10", "defense": "dp_per_tensor_eps3", "comparator": "local_bn_baseline", "done": 261, "total": 275, "failed": 0, "last_update": "2026-10-03T12:23:36.213050+00:00", "eta_minutes": 8.854347684130662}
{"part": "training", "dataset": "ieee_cis", "defense": "dp_per_tensor_eps10", "comparator": "local_bn_baseline", "done": 262, "total": 275, "failed": 0, "last_update": "2026-10-03T12:25:30.492720+00:00", "eta_minutes": 8.285019089095767}
{"part": "training", "dataset": "cifar10", "defense": "baseline", "comparator": "local_bn_baseline", "done": 263, "total": 275, "failed": 0, "last_update": "2026-10-03T12:25:40.042905+00:00", "eta_minutes": 7.625893682944005}
{"part": "training", "dataset": "baf", "defense": "dp_global_eps10", "comparator": "local_bn_baseline", "done": 264, "total": 275, "failed": 0, "last_update": "2026-10-03T12:25:44.730543+00:00", "eta_minutes": 6.96717905021376}
{"part": "training", "dataset": "cifar10", "defense": "dp_per_tensor_eps10", "comparator": "local_bn_baseline", "done": 265, "total": 275, "failed": 0, "last_update": "2026-10-03T12:26:42.691816+00:00", "eta_minutes": 6.346351636580701}
{"part": "training", "dataset": "paysim", "defense": "dp_per_tensor_eps10", "comparator": "local_bn_baseline", "done": 266, "total": 275, "failed": 0, "last_update": "2026-10-03T12:27:32.555035+00:00", "eta_minutes": 5.718362212942955}
{"part": "training", "dataset": "ieee_cis", "defense": "dp_per_tensor_eps3", "comparator": "local_bn_baseline", "done": 267, "total": 275, "failed": 0, "last_update": "2026-10-03T12:27:59.314130+00:00", "eta_minutes": 5.077314066440425}
{"part": "training", "dataset": "cifar10", "defense": "dp_per_tensor_eps1", "comparator": "local_bn_baseline", "done": 268, "total": 275, "failed": 0, "last_update": "2026-10-03T12:29:05.259787+00:00", "eta_minutes": 4.4547804431239175}
{"part": "training", "dataset": "paysim", "defense": "dp_global_eps3", "comparator": "local_bn_baseline", "done": 269, "total": 275, "failed": 0, "last_update": "2026-10-03T12:29:08.627234+00:00", "eta_minutes": 3.805440342825141}
{"part": "training", "dataset": "baf", "defense": "dp_global_eps3", "comparator": "local_bn_baseline", "done": 270, "total": 275, "failed": 0, "last_update": "2026-10-03T12:29:56.987356+00:00", "eta_minutes": 3.174381063308245}
{"part": "training", "dataset": "cifar10", "defense": "baseline", "comparator": "local_bn_baseline", "done": 271, "total": 275, "failed": 0, "last_update": "2026-10-03T12:31:37.675479+00:00", "eta_minutes": 2.554903509989289}
{"part": "training", "dataset": "baf", "defense": "dp_global_eps10", "comparator": "local_bn_baseline", "done": 272, "total": 275, "failed": 0, "last_update": "2026-10-03T12:31:59.111210+00:00", "eta_minutes": 1.9130732533248032}
{"part": "training", "dataset": "paysim", "defense": "dp_global_eps10", "comparator": "local_bn_baseline", "done": 273, "total": 275, "failed": 0, "last_update": "2026-10-03T12:32:17.662647+00:00", "eta_minutes": 1.2729755720667204}
{"part": "training", "dataset": "cifar10", "defense": "dp_global_eps1", "comparator": "local_bn_baseline", "done": 274, "total": 275, "failed": 0, "last_update": "2026-10-03T12:32:42.718987+00:00", "eta_minutes": 0.6356889462383994}
{"part": "training", "dataset": "cifar10", "defense": "dp_per_tensor_eps10", "comparator": "local_bn_baseline", "done": 275, "total": 275, "failed": 0, "last_update": "2026-10-03T12:34:51.725167+00:00", "eta_minutes": 0.0}
{"part": "recovery", "dataset": "all", "defense": "all", "comparator": "local_bn_baseline", "done": 0, "total": 195, "failed": 0, "last_update": "2026-10-03T12:34:52.176417+00:00", "eta_minutes": null}
{"part": "recovery", "dataset": "cifar10", "defense": "unprotected", "comparator": "local_bn_baseline", "done": 1, "total": 195, "failed": 0, "last_update": "2026-10-03T12:35:09.475139+00:00", "eta_minutes": 55.93431530793508}
{"part": "recovery", "dataset": "cifar10", "defense": "unprotected", "comparator": "local_bn_baseline", "done": 2, "total": 195, "failed": 0, "last_update": "2026-10-03T12:35:09.487402+00:00", "eta_minutes": 27.842720135053}
{"part": "recovery", "dataset": "cifar10", "defense": "dp_per_tensor_eps10", "comparator": "local_bn_baseline", "done": 3, "total": 195, "failed": 0, "last_update": "2026-10-03T12:35:09.671438+00:00", "eta_minutes": 18.66194330851237}
{"part": "recovery", "dataset": "cifar10", "defense": "dp_global_eps10", "comparator": "local_bn_baseline", "done": 4, "total": 195, "failed": 0, "last_update": "2026-10-03T12:35:22.038957+00:00", "eta_minutes": 23.766042299071948}
{"part": "recovery", "dataset": "cifar10", "defense": "dp_global_eps10", "comparator": "local_bn_baseline", "done": 5, "total": 195, "failed": 0, "last_update": "2026-10-03T12:35:22.107690+00:00", "eta_minutes": 18.95682169596354}
{"part": "recovery", "dataset": "cifar10", "defense": "unprotected", "comparator": "local_bn_baseline", "done": 6, "total": 195, "failed": 0, "last_update": "2026-10-03T12:35:22.308264+00:00", "eta_minutes": 15.819508266448974}
{"part": "recovery", "dataset": "cifar10", "defense": "dna_v1_conservative", "comparator": "local_bn_baseline", "done": 7, "total": 195, "failed": 0, "last_update": "2026-10-03T12:35:26.810831+00:00", "eta_minutes": 15.503269595191593}
{"part": "recovery", "dataset": "cifar10", "defense": "dp_global_eps10", "comparator": "local_bn_baseline", "done": 8, "total": 195, "failed": 0, "last_update": "2026-10-03T12:35:34.376246+00:00", "eta_minutes": 16.440564277768136}
{"part": "recovery", "dataset": "cifar10", "defense": "dp_per_tensor_eps10", "comparator": "local_bn_baseline", "done": 9, "total": 195, "failed": 0, "last_update": "2026-10-03T12:35:34.696410+00:00", "eta_minutes": 14.64596443441179}
{"part": "recovery", "dataset": "cifar10", "defense": "dp_global_eps10", "comparator": "local_bn_baseline", "done": 10, "total": 195, "failed": 0, "last_update": "2026-10-03T12:35:39.071747+00:00", "eta_minutes": 14.459563289086026}
{"part": "recovery", "dataset": "cifar10", "defense": "dp_per_tensor_eps10", "comparator": "local_bn_baseline", "done": 11, "total": 195, "failed": 0, "last_update": "2026-10-03T12:35:46.541344+00:00", "eta_minutes": 15.156435371167733}
{"part": "recovery", "dataset": "cifar10", "defense": "dna_v2_0p95", "comparator": "local_bn_baseline", "done": 12, "total": 195, "failed": 0, "last_update": "2026-10-03T12:35:52.885472+00:00", "eta_minutes": 15.43035811384519}
{"part": "recovery", "dataset": "cifar10", "defense": "unprotected", "comparator": "local_bn_baseline", "done": 13, "total": 195, "failed": 0, "last_update": "2026-10-03T12:35:58.891649+00:00", "eta_minutes": 15.567016005516052}
{"part": "recovery", "dataset": "cifar10", "defense": "dp_global_eps10", "comparator": "local_bn_baseline", "done": 14, "total": 195, "failed": 0, "last_update": "2026-10-03T12:36:05.208135+00:00", "eta_minutes": 15.736715054795857}
{"part": "recovery", "dataset": "cifar10", "defense": "dna_v2_0p95", "comparator": "local_bn_baseline", "done": 15, "total": 195, "failed": 0, "last_update": "2026-10-03T12:36:05.328053+00:00", "eta_minutes": 14.630434179306032}
{"part": "recovery", "dataset": "cifar10", "defense": "dna_v2_0p95", "comparator": "local_bn_baseline", "done": 16, "total": 195, "failed": 0, "last_update": "2026-10-03T12:36:09.811269+00:00", "eta_minutes": 14.475767657905816}
{"part": "recovery", "dataset": "cifar10", "defense": "dp_global_eps10", "comparator": "local_bn_baseline", "done": 17, "total": 195, "failed": 0, "last_update": "2026-10-03T12:36:12.052411+00:00", "eta_minutes": 13.93923949026594}
{"part": "recovery", "dataset": "cifar10", "defense": "dp_global_eps10", "comparator": "local_bn_baseline", "done": 18, "total": 195, "failed": 0, "last_update": "2026-10-03T12:36:18.769845+00:00", "eta_minutes": 14.19179078804122}
{"part": "recovery", "dataset": "cifar10", "defense": "dp_per_tensor_eps10", "comparator": "local_bn_baseline", "done": 19, "total": 195, "failed": 0, "last_update": "2026-10-03T12:36:18.848189+00:00", "eta_minutes": 13.380990178961502}
{"part": "recovery", "dataset": "cifar10", "defense": "unprotected", "comparator": "local_bn_baseline", "done": 20, "total": 195, "failed": 0, "last_update": "2026-10-03T12:36:22.676379+00:00", "eta_minutes": 13.197991455594696}
{"part": "recovery", "dataset": "cifar10", "defense": "dp_global_eps10", "comparator": "local_bn_baseline", "done": 21, "total": 195, "failed": 0, "last_update": "2026-10-03T12:36:31.327231+00:00", "eta_minutes": 13.692331329981487}
{"part": "recovery", "dataset": "cifar10", "defense": "unprotected", "comparator": "local_bn_baseline", "done": 22, "total": 195, "failed": 0, "last_update": "2026-10-03T12:36:31.402523+00:00", "eta_minutes": 13.004705667495728}
{"part": "recovery", "dataset": "cifar10", "defense": "unprotected", "comparator": "local_bn_baseline", "done": 23, "total": 195, "failed": 0, "last_update": "2026-10-03T12:36:35.145500+00:00", "eta_minutes": 12.833896151141841}
{"part": "recovery", "dataset": "cifar10", "defense": "dna_v2_0p95", "comparator": "local_bn_baseline", "done": 24, "total": 195, "failed": 0, "last_update": "2026-10-03T12:36:43.348893+00:00", "eta_minutes": 13.20179679095745}
{"part": "recovery", "dataset": "cifar10", "defense": "dp_global_eps10", "comparator": "local_bn_baseline", "done": 25, "total": 195, "failed": 0, "last_update": "2026-10-03T12:36:44.377661+00:00", "eta_minutes": 12.716202850341798}
{"part": "recovery", "dataset": "cifar10", "defense": "dna_v2_0p95", "comparator": "local_bn_baseline", "done": 26, "total": 195, "failed": 0, "last_update": "2026-10-03T12:37:02.747428+00:00", "eta_minutes": 14.145252323150634}
{"part": "recovery", "dataset": "cifar10", "defense": "dna_v1_conservative", "comparator": "local_bn_baseline", "done": 27, "total": 195, "failed": 0, "last_update": "2026-10-03T12:37:05.251576+00:00", "eta_minutes": 13.80044388241238}
{"part": "recovery", "dataset": "cifar10", "defense": "dna_v2_0p95", "comparator": "local_bn_baseline", "done": 28, "total": 195, "failed": 0, "last_update": "2026-10-03T12:37:14.724902+00:00", "eta_minutes": 14.170052464519227}
{"part": "recovery", "dataset": "cifar10", "defense": "dna_v1_conservative", "comparator": "local_bn_baseline", "done": 29, "total": 195, "failed": 0, "last_update": "2026-10-03T12:37:14.735545+00:00", "eta_minutes": 13.600520898281843}
{"part": "recovery", "dataset": "cifar10", "defense": "dp_global_eps10", "comparator": "local_bn_baseline", "done": 30, "total": 195, "failed": 0, "last_update": "2026-10-03T12:37:16.114737+00:00", "eta_minutes": 13.194396499792735}
{"part": "recovery", "dataset": "cifar10", "defense": "unprotected", "comparator": "local_bn_baseline", "done": 31, "total": 195, "failed": 0, "last_update": "2026-10-03T12:37:27.697313+00:00", "eta_minutes": 13.712643708977648}
{"part": "recovery", "dataset": "cifar10", "defense": "dp_global_eps10", "comparator": "local_bn_baseline", "done": 32, "total": 195, "failed": 0, "last_update": "2026-10-03T12:37:29.234057+00:00", "eta_minutes": 13.333585748821497}
{"part": "recovery", "dataset": "cifar10", "defense": "dna_v1_conservative", "comparator": "local_bn_baseline", "done": 33, "total": 195, "failed": 0, "last_update": "2026-10-03T12:37:35.455161+00:00", "eta_minutes": 13.359214945272965}
{"part": "recovery", "dataset": "cifar10", "defense": "dp_per_tensor_eps10", "comparator": "local_bn_baseline", "done": 34, "total": 195, "failed": 0, "last_update": "2026-10-03T12:37:40.696281+00:00", "eta_minutes": 13.299895408808018}
{"part": "recovery", "dataset": "cifar10", "defense": "dp_global_eps10", "comparator": "local_bn_baseline", "done": 35, "total": 195, "failed": 0, "last_update": "2026-10-03T12:37:41.846661+00:00", "eta_minutes": 12.92729842776344}
{"part": "recovery", "dataset": "cifar10", "defense": "dna_v2_0p95", "comparator": "local_bn_baseline", "done": 36, "total": 195, "failed": 0, "last_update": "2026-10-03T12:37:46.547223+00:00", "eta_minutes": 12.835669174128109}
{"part": "recovery", "dataset": "cifar10", "defense": "dp_per_tensor_eps10", "comparator": "local_bn_baseline", "done": 37, "total": 195, "failed": 0, "last_update": "2026-10-03T12:37:47.904902+00:00", "eta_minutes": 12.506841222659963}
{"part": "recovery", "dataset": "cifar10", "defense": "unprotected", "comparator": "local_bn_baseline", "done": 38, "total": 195, "failed": 0, "last_update": "2026-10-03T12:37:58.902070+00:00", "eta_minutes": 12.857900883858663}
{"part": "recovery", "dataset": "cifar10", "defense": "unprotected", "comparator": "local_bn_baseline", "done": 39, "total": 195, "failed": 0, "last_update": "2026-10-03T12:38:00.282574+00:00", "eta_minutes": 12.540447187423705}
{"part": "recovery", "dataset": "cifar10", "defense": "dna_v1_conservative", "comparator": "local_bn_baseline", "done": 40, "total": 195, "failed": 0, "last_update": "2026-10-03T12:38:10.374049+00:00", "eta_minutes": 12.800299107035}
{"part": "recovery", "dataset": "cifar10", "defense": "dna_v1_conservative", "comparator": "local_bn_baseline", "done": 41, "total": 195, "failed": 0, "last_update": "2026-10-03T12:38:11.700485+00:00", "eta_minutes": 12.490565511463135}
{"part": "recovery", "dataset": "cifar10", "defense": "unprotected", "comparator": "local_bn_baseline", "done": 42, "total": 195, "failed": 0, "last_update": "2026-10-03T12:38:13.283869+00:00", "eta_minutes": 12.210128631762096}
{"part": "recovery", "dataset": "cifar10", "defense": "dp_global_eps10", "comparator": "local_bn_baseline", "done": 43, "total": 195, "failed": 0, "last_update": "2026-10-03T12:38:24.113498+00:00", "eta_minutes": 12.486248077717864}
{"part": "recovery", "dataset": "cifar10", "defense": "dp_per_tensor_eps10", "comparator": "local_bn_baseline", "done": 44, "total": 195, "failed": 0, "last_update": "2026-10-03T12:38:25.484648+00:00", "eta_minutes": 12.200615918636322}
{"part": "recovery", "dataset": "cifar10", "defense": "unprotected", "comparator": "local_bn_baseline", "done": 45, "total": 195, "failed": 0, "last_update": "2026-10-03T12:38:27.513294+00:00", "eta_minutes": 11.963190383381315}
{"part": "recovery", "dataset": "cifar10", "defense": "dna_v1_conservative", "comparator": "local_bn_baseline", "done": 46, "total": 195, "failed": 0, "last_update": "2026-10-03T12:38:29.965034+00:00", "eta_minutes": 11.757458482013233}
{"part": "recovery", "dataset": "cifar10", "defense": "unprotected", "comparator": "local_bn_baseline", "done": 47, "total": 195, "failed": 0, "last_update": "2026-10-03T12:38:38.146061+00:00", "eta_minutes": 11.859428614082068}
{"part": "recovery", "dataset": "cifar10", "defense": "unprotected", "comparator": "local_bn_baseline", "done": 48, "total": 195, "failed": 0, "last_update": "2026-10-03T12:38:39.855458+00:00", "eta_minutes": 11.62114572674036}
{"part": "recovery", "dataset": "cifar10", "defense": "dp_per_tensor_eps10", "comparator": "local_bn_baseline", "done": 49, "total": 195, "failed": 0, "last_update": "2026-10-03T12:38:50.419080+00:00", "eta_minutes": 11.831125528633999}
{"part": "recovery", "dataset": "cifar10", "defense": "dp_per_tensor_eps10", "comparator": "local_bn_baseline", "done": 50, "total": 195, "failed": 0, "last_update": "2026-10-03T12:38:51.979945+00:00", "eta_minutes": 11.590530476172766}
{"part": "recovery", "dataset": "cifar10", "defense": "dna_v1_conservative", "comparator": "local_bn_baseline", "done": 51, "total": 195, "failed": 0, "last_update": "2026-10-03T12:38:53.799764+00:00", "eta_minutes": 11.370536220774932}
{"part": "recovery", "dataset": "cifar10", "defense": "dna_v2_0p95", "comparator": "local_bn_baseline", "done": 52, "total": 195, "failed": 0, "last_update": "2026-10-03T12:39:00.233662+00:00", "eta_minutes": 11.369315639138222}
{"part": "recovery", "dataset": "cifar10", "defense": "unprotected", "comparator": "local_bn_baseline", "done": 53, "total": 195, "failed": 0, "last_update": "2026-10-03T12:39:02.721289+00:00", "eta_minutes": 11.187877146402995}
{"part": "recovery", "dataset": "cifar10", "defense": "dp_per_tensor_eps10", "comparator": "local_bn_baseline", "done": 54, "total": 195, "failed": 0, "last_update": "2026-10-03T12:39:04.257298+00:00", "eta_minutes": 10.970210408943672}
{"part": "recovery", "dataset": "cifar10", "defense": "unprotected", "comparator": "local_bn_baseline", "done": 55, "total": 195, "failed": 0, "last_update": "2026-10-03T12:39:12.488183+00:00", "eta_minutes": 11.043552837949811}
{"part": "recovery", "dataset": "cifar10", "defense": "dp_global_eps10", "comparator": "local_bn_baseline", "done": 56, "total": 195, "failed": 0, "last_update": "2026-10-03T12:39:16.538634+00:00", "eta_minutes": 10.936435846629596}
{"part": "recovery", "dataset": "cifar10", "defense": "dna_v1_conservative", "comparator": "local_bn_baseline", "done": 57, "total": 195, "failed": 0, "last_update": "2026-10-03T12:39:22.966008+00:00", "eta_minutes": 10.926619719204151}
{"part": "recovery", "dataset": "cifar10", "defense": "dp_per_tensor_eps10", "comparator": "local_bn_baseline", "done": 58, "total": 195, "failed": 0, "last_update": "2026-10-03T12:39:28.856442+00:00", "eta_minutes": 10.892309951097115}
{"part": "recovery", "dataset": "cifar10", "defense": "dna_v2_0p95", "comparator": "local_bn_baseline", "done": 59, "total": 195, "failed": 0, "last_update": "2026-10-03T12:39:33.492081+00:00", "eta_minutes": 10.80762860034145}
{"part": "recovery", "dataset": "cifar10", "defense": "dp_per_tensor_eps10", "comparator": "local_bn_baseline", "done": 60, "total": 195, "failed": 0, "last_update": "2026-10-03T12:39:35.400030+00:00", "eta_minutes": 10.62090610563755}
{"part": "recovery", "dataset": "cifar10", "defense": "dp_global_eps10", "comparator": "local_bn_baseline", "done": 61, "total": 195, "failed": 0, "last_update": "2026-10-03T12:39:41.193466+00:00", "eta_minutes": 10.58151868197436}
{"part": "recovery", "dataset": "cifar10", "defense": "dna_v2_0p95", "comparator": "local_bn_baseline", "done": 62, "total": 195, "failed": 0, "last_update": "2026-10-03T12:39:42.714502+00:00", "eta_minutes": 10.387537219639746}
{"part": "recovery", "dataset": "cifar10", "defense": "unprotected", "comparator": "local_bn_baseline", "done": 63, "total": 195, "failed": 0, "last_update": "2026-10-03T12:39:45.867417+00:00", "eta_minutes": 10.255895355769566}
{"part": "recovery", "dataset": "cifar10", "defense": "unprotected", "comparator": "local_bn_baseline", "done": 64, "total": 195, "failed": 0, "last_update": "2026-10-03T12:39:47.813708+00:00", "eta_minutes": 10.085561722144485}
{"part": "recovery", "dataset": "cifar10", "defense": "dp_per_tensor_eps10", "comparator": "local_bn_baseline", "done": 65, "total": 195, "failed": 0, "last_update": "2026-10-03T12:39:54.906900+00:00", "eta_minutes": 10.091034428278606}
{"part": "recovery", "dataset": "cifar10", "defense": "dna_v2_0p95", "comparator": "local_bn_baseline", "done": 66, "total": 195, "failed": 0, "last_update": "2026-10-03T12:40:11.215630+00:00", "eta_minutes": 10.392961975661192}
{"part": "recovery", "dataset": "cifar10", "defense": "dna_v1_conservative", "comparator": "local_bn_baseline", "done": 67, "total": 195, "failed": 0, "last_update": "2026-10-03T12:40:14.546095+00:00", "eta_minutes": 10.264524704662723}
{"part": "recovery", "dataset": "cifar10", "defense": "dna_v1_conservative", "comparator": "local_bn_baseline", "done": 68, "total": 195, "failed": 0, "last_update": "2026-10-03T12:40:16.596709+00:00", "eta_minutes": 10.098393854265119}
{"part": "recovery", "dataset": "cifar10", "defense": "dna_v1_conservative", "comparator": "local_bn_baseline", "done": 69, "total": 195, "failed": 0, "last_update": "2026-10-03T12:40:23.519096+00:00", "eta_minutes": 10.084359108883401}
{"part": "recovery", "dataset": "cifar10", "defense": "unprotected", "comparator": "local_bn_baseline", "done": 70, "total": 195, "failed": 0, "last_update": "2026-10-03T12:40:23.615698+00:00", "eta_minutes": 9.864280677977062}
{"part": "recovery", "dataset": "cifar10", "defense": "dp_per_tensor_eps10", "comparator": "local_bn_baseline", "done": 71, "total": 195, "failed": 0, "last_update": "2026-10-03T12:40:29.015778+00:00", "eta_minutes": 9.80472983105082}
{"part": "recovery", "dataset": "cifar10", "defense": "dp_global_eps10", "comparator": "local_bn_baseline", "done": 72, "total": 195, "failed": 0, "last_update": "2026-10-03T12:40:36.756533+00:00", "eta_minutes": 9.810977290901873}
{"part": "recovery", "dataset": "cifar10", "defense": "dp_global_eps10", "comparator": "local_bn_baseline", "done": 73, "total": 195, "failed": 0, "last_update": "2026-10-03T12:40:42.129926+00:00", "eta_minutes": 9.747578809141569}
{"part": "recovery", "dataset": "cifar10", "defense": "dna_v2_0p95", "comparator": "local_bn_baseline", "done": 74, "total": 195, "failed": 0, "last_update": "2026-10-03T12:40:46.767298+00:00", "eta_minutes": 9.663415088954274}
{"part": "recovery", "dataset": "cifar10", "defense": "dna_v2_0p95", "comparator": "local_bn_baseline", "done": 75, "total": 195, "failed": 0, "last_update": "2026-10-03T12:40:55.467865+00:00", "eta_minutes": 9.687786610921224}
{"part": "recovery", "dataset": "cifar10", "defense": "unprotected", "comparator": "local_bn_baseline", "done": 76, "total": 195, "failed": 0, "last_update": "2026-10-03T12:40:59.571728+00:00", "eta_minutes": 9.58774286147795}
{"part": "recovery", "dataset": "cifar10", "defense": "dna_v1_conservative", "comparator": "local_bn_baseline", "done": 77, "total": 195, "failed": 0, "last_update": "2026-10-03T12:41:06.815940+00:00", "eta_minutes": 9.568729132697696}
{"part": "recovery", "dataset": "cifar10", "defense": "dp_per_tensor_eps10", "comparator": "local_bn_baseline", "done": 78, "total": 195, "failed": 0, "last_update": "2026-10-03T12:41:07.996177+00:00", "eta_minutes": 9.395507746934891}
{"part": "recovery", "dataset": "cifar10", "defense": "dp_global_eps10", "comparator": "local_bn_baseline", "done": 79, "total": 195, "failed": 0, "last_update": "2026-10-03T12:41:12.196891+00:00", "eta_minutes": 9.300092441824416}
{"part": "recovery", "dataset": "cifar10", "defense": "dna_v2_0p95", "comparator": "local_bn_baseline", "done": 80, "total": 195, "failed": 0, "last_update": "2026-10-03T12:41:14.383763+00:00", "eta_minutes": 9.157064146300156}
{"part": "recovery", "dataset": "cifar10", "defense": "dp_per_tensor_eps10", "comparator": "local_bn_baseline", "done": 81, "total": 195, "failed": 0, "last_update": "2026-10-03T12:41:20.027660+00:00", "eta_minutes": 9.09775810300568}
{"part": "recovery", "dataset": "cifar10", "defense": "dp_global_eps10", "comparator": "local_bn_baseline", "done": 82, "total": 195, "failed": 0, "last_update": "2026-10-03T12:41:21.075108+00:00", "eta_minutes": 8.932035412536404}
{"part": "recovery", "dataset": "cifar10", "defense": "dp_global_eps10", "comparator": "local_bn_baseline", "done": 83, "total": 195, "failed": 0, "last_update": "2026-10-03T12:41:27.791490+00:00", "eta_minutes": 8.89737946766926}
{"part": "recovery", "dataset": "cifar10", "defense": "dp_global_eps10", "comparator": "local_bn_baseline", "done": 84, "total": 195, "failed": 0, "last_update": "2026-10-03T12:41:34.100224+00:00", "eta_minutes": 8.85190547491823}
{"part": "recovery", "dataset": "cifar10", "defense": "dna_v1_conservative", "comparator": "local_bn_baseline", "done": 85, "total": 195, "failed": 0, "last_update": "2026-10-03T12:41:42.605094+00:00", "eta_minutes": 8.852395110036813}
{"part": "recovery", "dataset": "cifar10", "defense": "dp_per_tensor_eps10", "comparator": "local_bn_baseline", "done": 86, "total": 195, "failed": 0, "last_update": "2026-10-03T12:41:46.875327+00:00", "eta_minutes": 8.760124247526937}
{"part": "recovery", "dataset": "cifar10", "defense": "dna_v1_conservative", "comparator": "local_bn_baseline", "done": 87, "total": 195, "failed": 0, "last_update": "2026-10-03T12:41:50.585380+00:00", "eta_minutes": 8.656748480632388}
{"part": "recovery", "dataset": "cifar10", "defense": "dna_v1_conservative", "comparator": "local_bn_baseline", "done": 88, "total": 195, "failed": 0, "last_update": "2026-10-03T12:41:58.610019+00:00", "eta_minutes": 8.641752617106293}
{"part": "recovery", "dataset": "cifar10", "defense": "dp_global_eps10", "comparator": "local_bn_baseline", "done": 89, "total": 195, "failed": 0, "last_update": "2026-10-03T12:42:03.908667+00:00", "eta_minutes": 8.569976928975251}
{"part": "recovery", "dataset": "cifar10", "defense": "dna_v1_conservative", "comparator": "local_bn_baseline", "done": 90, "total": 195, "failed": 0, "last_update": "2026-10-03T12:42:13.596353+00:00", "eta_minutes": 8.583176092969047}
{"part": "recovery", "dataset": "cifar10", "defense": "unprotected", "comparator": "local_bn_baseline", "done": 91, "total": 195, "failed": 0, "last_update": "2026-10-03T12:42:17.551444+00:00", "eta_minutes": 8.483344336918423}
{"part": "recovery", "dataset": "cifar10", "defense": "dna_v1_conservative", "comparator": "local_bn_baseline", "done": 92, "total": 195, "failed": 0, "last_update": "2026-10-03T12:42:18.672880+00:00", "eta_minutes": 8.331375443244324}
{"part": "recovery", "dataset": "cifar10", "defense": "unprotected", "comparator": "local_bn_baseline", "done": 93, "total": 195, "failed": 0, "last_update": "2026-10-03T12:42:28.661131+00:00", "eta_minutes": 8.3443542849633}
{"part": "recovery", "dataset": "cifar10", "defense": "dp_global_eps10", "comparator": "local_bn_baseline", "done": 94, "total": 195, "failed": 0, "last_update": "2026-10-03T12:42:31.904315+00:00", "eta_minutes": 8.23272575165363}
{"part": "recovery", "dataset": "cifar10", "defense": "dna_v2_0p95", "comparator": "local_bn_baseline", "done": 95, "total": 195, "failed": 0, "last_update": "2026-10-03T12:42:32.504294+00:00", "eta_minutes": 8.075937312945985}
{"part": "recovery", "dataset": "cifar10", "defense": "dp_per_tensor_eps10", "comparator": "local_bn_baseline", "done": 96, "total": 195, "failed": 0, "last_update": "2026-10-03T12:42:41.589764+00:00", "eta_minutes": 8.068051371723412}
{"part": "recovery", "dataset": "cifar10", "defense": "dna_v1_conservative", "comparator": "local_bn_baseline", "done": 97, "total": 195, "failed": 0, "last_update": "2026-10-03T12:42:50.726241+00:00", "eta_minutes": 8.058064713347}
{"part": "recovery", "dataset": "cifar10", "defense": "dp_global_eps10", "comparator": "local_bn_baseline", "done": 98, "total": 195, "failed": 0, "last_update": "2026-10-03T12:42:55.124926+00:00", "eta_minutes": 7.967016785850331}
{"part": "recovery", "dataset": "cifar10", "defense": "dna_v2_0p95", "comparator": "local_bn_baseline", "done": 99, "total": 195, "failed": 0, "last_update": "2026-10-03T12:43:03.981973+00:00", "eta_minutes": 7.948381489455098}
{"part": "recovery", "dataset": "cifar10", "defense": "dna_v2_0p95", "comparator": "local_bn_baseline", "done": 100, "total": 195, "failed": 0, "last_update": "2026-10-03T12:43:04.783012+00:00", "eta_minutes": 7.799613111416499}
{"part": "recovery", "dataset": "cifar10", "defense": "dp_per_tensor_eps10", "comparator": "local_bn_baseline", "done": 101, "total": 195, "failed": 0, "last_update": "2026-10-03T12:43:18.107687+00:00", "eta_minutes": 7.847787305624179}
{"part": "recovery", "dataset": "cifar10", "defense": "unprotected", "comparator": "local_bn_baseline", "done": 102, "total": 195, "failed": 0, "last_update": "2026-10-03T12:43:19.036646+00:00", "eta_minutes": 7.702296148561964}
{"part": "recovery", "dataset": "cifar10", "defense": "dna_v1_conservative", "comparator": "local_bn_baseline", "done": 103, "total": 195, "failed": 0, "last_update": "2026-10-03T12:43:22.349099+00:00", "eta_minutes": 7.594811865581278}
{"part": "recovery", "dataset": "cifar10", "defense": "dna_v1_conservative", "comparator": "local_bn_baseline", "done": 104, "total": 195, "failed": 0, "last_update": "2026-10-03T12:43:26.723699+00:00", "eta_minutes": 7.503822518885135}
{"part": "recovery", "dataset": "cifar10", "defense": "unprotected", "comparator": "local_bn_baseline", "done": 105, "total": 195, "failed": 0, "last_update": "2026-10-03T12:43:31.030533+00:00", "eta_minutes": 7.412209497179304}
{"part": "recovery", "dataset": "cifar10", "defense": "dp_per_tensor_eps10", "comparator": "local_bn_baseline", "done": 106, "total": 195, "failed": 0, "last_update": "2026-10-03T12:43:32.000159+00:00", "eta_minutes": 7.274270762062672}
{"part": "recovery", "dataset": "cifar10", "defense": "dp_per_tensor_eps10", "comparator": "local_bn_baseline", "done": 107, "total": 195, "failed": 0, "last_update": "2026-10-03T12:43:35.035823+00:00", "eta_minutes": 7.166927742883796}
{"part": "recovery", "dataset": "cifar10", "defense": "dp_per_tensor_eps10", "comparator": "local_bn_baseline", "done": 108, "total": 195, "failed": 0, "last_update": "2026-10-03T12:43:39.157887+00:00", "eta_minutes": 7.07522157629331}
{"part": "recovery", "dataset": "cifar10", "defense": "dp_per_tensor_eps10", "comparator": "local_bn_baseline", "done": 109, "total": 195, "failed": 0, "last_update": "2026-10-03T12:43:47.449748+00:00", "eta_minutes": 7.038769685310691}
{"part": "recovery", "dataset": "cifar10", "defense": "unprotected", "comparator": "local_bn_baseline", "done": 110, "total": 195, "failed": 0, "last_update": "2026-10-03T12:43:51.510704+00:00", "eta_minutes": 6.945978973128578}
{"part": "recovery", "dataset": "cifar10", "defense": "dp_global_eps10", "comparator": "local_bn_baseline", "done": 111, "total": 195, "failed": 0, "last_update": "2026-10-03T12:43:59.952686+00:00", "eta_minutes": 6.908896828127337}
{"part": "recovery", "dataset": "cifar10", "defense": "dna_v1_conservative", "comparator": "local_bn_baseline", "done": 112, "total": 195, "failed": 0, "last_update": "2026-10-03T12:44:00.094888+00:00", "eta_minutes": 6.7674522043338845}
{"part": "recovery", "dataset": "cifar10", "defense": "dna_v1_conservative", "comparator": "local_bn_baseline", "done": 113, "total": 195, "failed": 0, "last_update": "2026-10-03T12:44:01.591470+00:00", "eta_minutes": 6.644849486407278}
{"part": "recovery", "dataset": "cifar10", "defense": "unprotected", "comparator": "local_bn_baseline", "done": 114, "total": 195, "failed": 0, "last_update": "2026-10-03T12:44:04.003238+00:00", "eta_minutes": 6.534797824370234}
{"part": "recovery", "dataset": "cifar10", "defense": "dp_per_tensor_eps10", "comparator": "local_bn_baseline", "done": 115, "total": 195, "failed": 0, "last_update": "2026-10-03T12:44:12.466594+00:00", "eta_minutes": 6.496124369856241}
{"part": "recovery", "dataset": "cifar10", "defense": "unprotected", "comparator": "local_bn_baseline", "done": 116, "total": 195, "failed": 0, "last_update": "2026-10-03T12:44:16.635484+00:00", "eta_minutes": 6.406941053887894}
{"part": "recovery", "dataset": "cifar10", "defense": "dp_per_tensor_eps10", "comparator": "local_bn_baseline", "done": 117, "total": 195, "failed": 0, "last_update": "2026-10-03T12:44:24.888627+00:00", "eta_minutes": 6.363475118743049}
{"part": "recovery", "dataset": "cifar10", "defense": "dp_per_tensor_eps10", "comparator": "local_bn_baseline", "done": 118, "total": 195, "failed": 0, "last_update": "2026-10-03T12:44:29.011443+00:00", "eta_minutes": 6.273494246416846}
{"part": "recovery", "dataset": "cifar10", "defense": "dna_v1_conservative", "comparator": "local_bn_baseline", "done": 119, "total": 195, "failed": 0, "last_update": "2026-10-03T12:44:29.598465+00:00", "eta_minutes": 6.1462349456231475}
{"part": "recovery", "dataset": "cifar10", "defense": "dna_v1_conservative", "comparator": "local_bn_baseline", "done": 120, "total": 195, "failed": 0, "last_update": "2026-10-03T12:44:31.166783+00:00", "eta_minutes": 6.031154153247674}
{"part": "recovery", "dataset": "cifar10", "defense": "dp_per_tensor_eps10", "comparator": "local_bn_baseline", "done": 121, "total": 195, "failed": 0, "last_update": "2026-10-03T12:44:37.690743+00:00", "eta_minutes": 5.968057973325744}
{"part": "recovery", "dataset": "cifar10", "defense": "unprotected", "comparator": "local_bn_baseline", "done": 122, "total": 195, "failed": 0, "last_update": "2026-10-03T12:44:41.879547+00:00", "eta_minutes": 5.88092466609074}
{"part": "recovery", "dataset": "cifar10", "defense": "dna_v1_conservative", "comparator": "local_bn_baseline", "done": 123, "total": 195, "failed": 0, "last_update": "2026-10-03T12:44:59.200175+00:00", "eta_minutes": 5.9221883704022655}
{"part": "recovery", "dataset": "cifar10", "defense": "dna_v2_0p95", "comparator": "local_bn_baseline", "done": 124, "total": 195, "failed": 0, "last_update": "2026-10-03T12:45:02.193718+00:00", "eta_minutes": 5.82140691024001}
{"part": "recovery", "dataset": "cifar10", "defense": "dna_v2_0p95", "comparator": "local_bn_baseline", "done": 125, "total": 195, "failed": 0, "last_update": "2026-10-03T12:45:08.270382+00:00", "eta_minutes": 5.750215471903483}
{"part": "recovery", "dataset": "cifar10", "defense": "dp_per_tensor_eps10", "comparator": "local_bn_baseline", "done": 126, "total": 195, "failed": 0, "last_update": "2026-10-03T12:45:11.754465+00:00", "eta_minutes": 5.654884007809653}
{"part": "recovery", "dataset": "cifar10", "defense": "dna_v2_0p95", "comparator": "local_bn_baseline", "done": 127, "total": 195, "failed": 0, "last_update": "2026-10-03T12:45:12.923096+00:00", "eta_minutes": 5.539476563861678}
{"part": "recovery", "dataset": "cifar10", "defense": "dp_per_tensor_eps10", "comparator": "local_bn_baseline", "done": 128, "total": 195, "failed": 0, "last_update": "2026-10-03T12:45:20.611859+00:00", "eta_minutes": 5.482449407316745}
{"part": "recovery", "dataset": "cifar10", "defense": "dp_global_eps10", "comparator": "local_bn_baseline", "done": 129, "total": 195, "failed": 0, "last_update": "2026-10-03T12:45:25.380535+00:00", "eta_minutes": 5.399419656095579}
{"part": "recovery", "dataset": "cifar10", "defense": "dp_global_eps10", "comparator": "local_bn_baseline", "done": 130, "total": 195, "failed": 0, "last_update": "2026-10-03T12:45:32.959264+00:00", "eta_minutes": 5.339861639340719}
{"part": "recovery", "dataset": "cifar10", "defense": "dna_v2_0p95", "comparator": "local_bn_baseline", "done": 131, "total": 195, "failed": 0, "last_update": "2026-10-03T12:45:33.289834+00:00", "eta_minutes": 5.2202664052560435}
{"part": "recovery", "dataset": "cifar10", "defense": "dp_global_eps10", "comparator": "local_bn_baseline", "done": 132, "total": 195, "failed": 0, "last_update": "2026-10-03T12:45:37.608747+00:00", "eta_minutes": 5.13412518880584}
{"part": "recovery", "dataset": "cifar10", "defense": "dna_v1_conservative", "comparator": "local_bn_baseline", "done": 133, "total": 195, "failed": 0, "last_update": "2026-10-03T12:45:40.653956+00:00", "eta_minutes": 5.038300940984472}
{"part": "recovery", "dataset": "cifar10", "defense": "dp_global_eps10", "comparator": "local_bn_baseline", "done": 134, "total": 195, "failed": 0, "last_update": "2026-10-03T12:45:45.238401+00:00", "eta_minutes": 4.954827673192047}
{"part": "recovery", "dataset": "cifar10", "defense": "dp_global_eps10", "comparator": "local_bn_baseline", "done": 135, "total": 195, "failed": 0, "last_update": "2026-10-03T12:45:49.959307+00:00", "eta_minutes": 4.8724699249974}
{"part": "recovery", "dataset": "cifar10", "defense": "dna_v1_conservative", "comparator": "local_bn_baseline", "done": 136, "total": 195, "failed": 0, "last_update": "2026-10-03T12:46:02.488863+00:00", "eta_minutes": 4.846625826551634}
{"part": "recovery", "dataset": "cifar10", "defense": "dna_v2_0p95", "comparator": "local_bn_baseline", "done": 137, "total": 195, "failed": 0, "last_update": "2026-10-03T12:46:10.796336+00:00", "eta_minutes": 4.788319609925114}
{"part": "recovery", "dataset": "cifar10", "defense": "dna_v2_0p95", "comparator": "local_bn_baseline", "done": 138, "total": 195, "failed": 0, "last_update": "2026-10-03T12:46:15.750380+00:00", "eta_minutes": 4.705766581279644}
{"part": "recovery", "dataset": "cifar10", "defense": "dna_v2_0p95", "comparator": "local_bn_baseline", "done": 139, "total": 195, "failed": 0, "last_update": "2026-10-03T12:46:20.807147+00:00", "eta_minutes": 4.623903077169002}
{"part": "recovery", "dataset": "cifar10", "defense": "dp_per_tensor_eps10", "comparator": "local_bn_baseline", "done": 140, "total": 195, "failed": 0, "last_update": "2026-10-03T12:46:23.776120+00:00", "eta_minutes": 4.5283349890084486}
{"part": "recovery", "dataset": "cifar10", "defense": "unprotected", "comparator": "local_bn_baseline", "done": 141, "total": 195, "failed": 0, "last_update": "2026-10-03T12:46:33.209473+00:00", "eta_minutes": 4.474682596389283}
{"part": "recovery", "dataset": "cifar10", "defense": "dna_v2_0p95", "comparator": "local_bn_baseline", "done": 142, "total": 195, "failed": 0, "last_update": "2026-10-03T12:46:33.428081+00:00", "eta_minutes": 4.3622496936802575}
{"part": "recovery", "dataset": "cifar10", "defense": "dp_global_eps10", "comparator": "local_bn_baseline", "done": 143, "total": 195, "failed": 0, "last_update": "2026-10-03T12:46:35.983066+00:00", "eta_minutes": 4.265498168540724}
{"part": "recovery", "dataset": "cifar10", "defense": "dna_v1_conservative", "comparator": "local_bn_baseline", "done": 144, "total": 195, "failed": 0, "last_update": "2026-10-03T12:46:44.829606+00:00", "eta_minutes": 4.206636653674973}
{"part": "recovery", "dataset": "cifar10", "defense": "unprotected", "comparator": "local_bn_baseline", "done": 145, "total": 195, "failed": 0, "last_update": "2026-10-03T12:46:48.308449+00:00", "eta_minutes": 4.115704492590893}
{"part": "recovery", "dataset": "cifar10", "defense": "unprotected", "comparator": "local_bn_baseline", "done": 146, "total": 195, "failed": 0, "last_update": "2026-10-03T12:47:00.562955+00:00", "eta_minutes": 4.074311335990418}
{"part": "recovery", "dataset": "cifar10", "defense": "dna_v1_conservative", "comparator": "local_bn_baseline", "done": 147, "total": 195, "failed": 0, "last_update": "2026-10-03T12:47:02.588794+00:00", "eta_minutes": 3.975036342127793}
{"part": "recovery", "dataset": "cifar10", "defense": "dna_v2_0p95", "comparator": "local_bn_baseline", "done": 148, "total": 195, "failed": 0, "last_update": "2026-10-03T12:47:04.276302+00:00", "eta_minutes": 3.874855904804694}
{"part": "recovery", "dataset": "cifar10", "defense": "unprotected", "comparator": "local_bn_baseline", "done": 149, "total": 195, "failed": 0, "last_update": "2026-10-03T12:47:13.052359+00:00", "eta_minutes": 3.8121161781968156}
{"part": "recovery", "dataset": "cifar10", "defense": "dp_per_tensor_eps10", "comparator": "local_bn_baseline", "done": 150, "total": 195, "failed": 0, "last_update": "2026-10-03T12:47:15.081885+00:00", "eta_minutes": 3.7145300889015194}
{"part": "recovery", "dataset": "cifar10", "defense": "dna_v2_0p95", "comparator": "local_bn_baseline", "done": 151, "total": 195, "failed": 0, "last_update": "2026-10-03T12:47:15.243934+00:00", "eta_minutes": 3.6087190883838574}
{"part": "recovery", "dataset": "cifar10", "defense": "unprotected", "comparator": "local_bn_baseline", "done": 152, "total": 195, "failed": 0, "last_update": "2026-10-03T12:47:16.765083+00:00", "eta_minutes": 3.5106728430641327}
{"part": "recovery", "dataset": "cifar10", "defense": "dp_per_tensor_eps10", "comparator": "local_bn_baseline", "done": 153, "total": 195, "failed": 0, "last_update": "2026-10-03T12:47:25.477325+00:00", "eta_minutes": 3.4464772582833283}
{"part": "recovery", "dataset": "cifar10", "defense": "dp_global_eps10", "comparator": "local_bn_baseline", "done": 154, "total": 195, "failed": 0, "last_update": "2026-10-03T12:47:27.641287+00:00", "eta_minutes": 3.352173403640846}
{"part": "recovery", "dataset": "cifar10", "defense": "unprotected", "comparator": "local_bn_baseline", "done": 155, "total": 195, "failed": 0, "last_update": "2026-10-03T12:47:27.645629+00:00", "eta_minutes": 3.2493323131274154}
{"part": "recovery", "dataset": "cifar10", "defense": "unprotected", "comparator": "local_bn_baseline", "done": 156, "total": 195, "failed": 0, "last_update": "2026-10-03T12:47:39.019294+00:00", "eta_minutes": 3.195180937647819}
{"part": "recovery", "dataset": "cifar10", "defense": "dp_per_tensor_eps10", "comparator": "local_bn_baseline", "done": 157, "total": 195, "failed": 0, "last_update": "2026-10-03T12:47:41.355743+00:00", "eta_minutes": 3.102848747429574}
{"part": "recovery", "dataset": "cifar10", "defense": "dna_v2_0p95", "comparator": "local_bn_baseline", "done": 158, "total": 195, "failed": 0, "last_update": "2026-10-03T12:47:49.641380+00:00", "eta_minutes": 3.0344118123064567}
{"part": "recovery", "dataset": "cifar10", "defense": "dp_per_tensor_eps10", "comparator": "local_bn_baseline", "done": 159, "total": 195, "failed": 0, "last_update": "2026-10-03T12:47:52.969796+00:00", "eta_minutes": 2.946392187982235}
{"part": "recovery", "dataset": "cifar10", "defense": "dp_global_eps10", "comparator": "local_bn_baseline", "done": 160, "total": 195, "failed": 0, "last_update": "2026-10-03T12:47:55.005217+00:00", "eta_minutes": 2.8540653376529614}
{"part": "recovery", "dataset": "cifar10", "defense": "dna_v2_0p95", "comparator": "local_bn_baseline", "done": 161, "total": 195, "failed": 0, "last_update": "2026-10-03T12:48:00.031246+00:00", "eta_minutes": 2.7729899496765613}
{"part": "recovery", "dataset": "cifar10", "defense": "unprotected", "comparator": "local_bn_baseline", "done": 162, "total": 195, "failed": 0, "last_update": "2026-10-03T12:48:02.208975+00:00", "eta_minutes": 2.6822111691221777}
{"part": "recovery", "dataset": "cifar10", "defense": "unprotected", "comparator": "local_bn_baseline", "done": 163, "total": 195, "failed": 0, "last_update": "2026-10-03T12:48:12.433827+00:00", "eta_minutes": 2.6184309555708998}
{"part": "recovery", "dataset": "cifar10", "defense": "dp_global_eps10", "comparator": "local_bn_baseline", "done": 164, "total": 195, "failed": 0, "last_update": "2026-10-03T12:48:14.759617+00:00", "eta_minutes": 2.5284650653358396}
{"part": "recovery", "dataset": "cifar10", "defense": "dna_v2_0p95", "comparator": "local_bn_baseline", "done": 165, "total": 195, "failed": 0, "last_update": "2026-10-03T12:48:24.273055+00:00", "eta_minutes": 2.460900568962097}
{"part": "recovery", "dataset": "cifar10", "defense": "dna_v2_0p95", "comparator": "local_bn_baseline", "done": 166, "total": 195, "failed": 0, "last_update": "2026-10-03T12:48:26.806355+00:00", "eta_minutes": 2.3719160737282783}
{"part": "recovery", "dataset": "cifar10", "defense": "unprotected", "comparator": "local_bn_baseline", "done": 167, "total": 195, "failed": 0, "last_update": "2026-10-03T12:48:28.449914+00:00", "eta_minutes": 2.2810053146765856}
{"part": "recovery", "dataset": "cifar10", "defense": "dp_global_eps10", "comparator": "local_bn_baseline", "done": 168, "total": 195, "failed": 0, "last_update": "2026-10-03T12:48:41.318480+00:00", "eta_minutes": 2.220917713216373}
{"part": "recovery", "dataset": "cifar10", "defense": "dna_v1_conservative", "comparator": "local_bn_baseline", "done": 169, "total": 195, "failed": 0, "last_update": "2026-10-03T12:48:43.410853+00:00", "eta_minutes": 2.1313717560890395}
{"part": "recovery", "dataset": "cifar10", "defense": "dna_v1_conservative", "comparator": "local_bn_baseline", "done": 170, "total": 195, "failed": 0, "last_update": "2026-10-03T12:48:54.365535+00:00", "eta_minutes": 2.064190364935819}
{"part": "recovery", "dataset": "cifar10", "defense": "dna_v1_conservative", "comparator": "local_bn_baseline", "done": 171, "total": 195, "failed": 0, "last_update": "2026-10-03T12:48:56.894938+00:00", "eta_minutes": 1.9759510430676197}
{"part": "recovery", "dataset": "cifar10", "defense": "dp_global_eps10", "comparator": "local_bn_baseline", "done": 172, "total": 195, "failed": 0, "last_update": "2026-10-03T12:49:06.667333+00:00", "eta_minutes": 1.9043898973816125}
{"part": "recovery", "dataset": "cifar10", "defense": "dna_v2_0p95", "comparator": "local_bn_baseline", "done": 173, "total": 195, "failed": 0, "last_update": "2026-10-03T12:49:12.160945+00:00", "eta_minutes": 1.8227044039378966}
{"part": "recovery", "dataset": "cifar10", "defense": "dna_v2_0p95", "comparator": "local_bn_baseline", "done": 174, "total": 195, "failed": 0, "last_update": "2026-10-03T12:49:13.906792+00:00", "eta_minutes": 1.7333668009303083}
{"part": "recovery", "dataset": "cifar10", "defense": "dp_per_tensor_eps10", "comparator": "local_bn_baseline", "done": 175, "total": 195, "failed": 0, "last_update": "2026-10-03T12:49:19.058959+00:00", "eta_minutes": 1.6512058893839519}
{"part": "recovery", "dataset": "cifar10", "defense": "dp_global_eps10", "comparator": "local_bn_baseline", "done": 176, "total": 195, "failed": 0, "last_update": "2026-10-03T12:49:24.496819+00:00", "eta_minutes": 1.5695168638545454}
{"part": "recovery", "dataset": "cifar10", "defense": "dna_v1_conservative", "comparator": "local_bn_baseline", "done": 177, "total": 195, "failed": 0, "last_update": "2026-10-03T12:49:26.180290+00:00", "eta_minutes": 1.4813634250123622}
{"part": "recovery", "dataset": "cifar10", "defense": "dp_global_eps10", "comparator": "local_bn_baseline", "done": 178, "total": 195, "failed": 0, "last_update": "2026-10-03T12:49:31.506231+00:00", "eta_minutes": 1.3996831651707269}
{"part": "recovery", "dataset": "cifar10", "defense": "dp_per_tensor_eps10", "comparator": "local_bn_baseline", "done": 179, "total": 195, "failed": 0, "last_update": "2026-10-03T12:49:36.778095+00:00", "eta_minutes": 1.3178431715157224}
{"part": "recovery", "dataset": "cifar10", "defense": "dna_v1_conservative", "comparator": "local_bn_baseline", "done": 180, "total": 195, "failed": 0, "last_update": "2026-10-03T12:49:42.839588+00:00", "eta_minutes": 1.2370329456196891}
{"part": "recovery", "dataset": "cifar10", "defense": "dna_v2_0p95", "comparator": "local_bn_baseline", "done": 181, "total": 195, "failed": 0, "last_update": "2026-10-03T12:49:57.141266+00:00", "eta_minutes": 1.1666220610532534}
{"part": "recovery", "dataset": "cifar10", "defense": "dna_v1_conservative", "comparator": "local_bn_baseline", "done": 182, "total": 195, "failed": 0, "last_update": "2026-10-03T12:50:00.371086+00:00", "eta_minutes": 1.0811847857066563}
{"part": "recovery", "dataset": "cifar10", "defense": "dna_v1_conservative", "comparator": "local_bn_baseline", "done": 183, "total": 195, "failed": 0, "last_update": "2026-10-03T12:50:05.718652+00:00", "eta_minutes": 0.9984074160049521}
{"part": "recovery", "dataset": "cifar10", "defense": "dp_per_tensor_eps10", "comparator": "local_bn_baseline", "done": 184, "total": 195, "failed": 0, "last_update": "2026-10-03T12:50:09.633034+00:00", "eta_minutes": 0.9141330465026524}
{"part": "recovery", "dataset": "cifar10", "defense": "dna_v1_conservative", "comparator": "local_bn_baseline", "done": 185, "total": 195, "failed": 0, "last_update": "2026-10-03T12:50:11.738112+00:00", "eta_minutes": 0.828434454857766}
{"part": "recovery", "dataset": "cifar10", "defense": "dp_global_eps10", "comparator": "local_bn_baseline", "done": 186, "total": 195, "failed": 0, "last_update": "2026-10-03T12:50:12.987581+00:00", "eta_minutes": 0.7425900911131212}
{"part": "recovery", "dataset": "cifar10", "defense": "dp_per_tensor_eps10", "comparator": "local_bn_baseline", "done": 187, "total": 195, "failed": 0, "last_update": "2026-10-03T12:50:18.213970+00:00", "eta_minutes": 0.6602767208255761}
{"part": "recovery", "dataset": "cifar10", "defense": "dp_per_tensor_eps10", "comparator": "local_bn_baseline", "done": 188, "total": 195, "failed": 0, "last_update": "2026-10-03T12:50:30.546852+00:00", "eta_minutes": 0.5823224203806397}
{"part": "recovery", "dataset": "cifar10", "defense": "dna_v1_conservative", "comparator": "local_bn_baseline", "done": 189, "total": 195, "failed": 0, "last_update": "2026-10-03T12:50:38.853712+00:00", "eta_minutes": 0.5008877491824841}
{"part": "recovery", "dataset": "cifar10", "defense": "dna_v2_0p95", "comparator": "local_bn_baseline", "done": 190, "total": 195, "failed": 0, "last_update": "2026-10-03T12:50:41.996314+00:00", "eta_minutes": 0.41658791533687656}
{"part": "recovery", "dataset": "cifar10", "defense": "dna_v2_0p95", "comparator": "local_bn_baseline", "done": 191, "total": 195, "failed": 0, "last_update": "2026-10-03T12:50:43.124242+00:00", "eta_minutes": 0.33191915348978357}
{"part": "recovery", "dataset": "cifar10", "defense": "unprotected", "comparator": "local_bn_baseline", "done": 192, "total": 195, "failed": 0, "last_update": "2026-10-03T12:50:54.131690+00:00", "eta_minutes": 0.2505093291401863}
{"part": "recovery", "dataset": "cifar10", "defense": "dna_v2_0p95", "comparator": "local_bn_baseline", "done": 193, "total": 195, "failed": 0, "last_update": "2026-10-03T12:51:00.935835+00:00", "eta_minutes": 0.16731605682142453}
{"part": "recovery", "dataset": "cifar10", "defense": "dna_v2_0p95", "comparator": "local_bn_baseline", "done": 194, "total": 195, "failed": 0, "last_update": "2026-10-03T12:51:08.619479+00:00", "eta_minutes": 0.08388690831734963}
{"part": "recovery", "dataset": "cifar10", "defense": "dna_v2_0p95", "comparator": "local_bn_baseline", "done": 195, "total": 195, "failed": 0, "last_update": "2026-10-03T12:51:12.550941+00:00", "eta_minutes": 0.0}
{"part": "analysis", "dataset": "all", "defense": "all", "comparator": "local_bn_baseline", "done": 470, "total": 470, "failed": 0, "last_update": "2026-10-03T12:51:12.964573+00:00", "eta_minutes": null}
{"part": "awaiting_final_exit_audit", "dataset": "all", "defense": "all", "comparator": "local_bn_baseline", "done": 470, "total": 470, "failed": 0, "last_update": "2026-10-03T12:52:41.513809+00:00", "eta_minutes": null}
{"part": "complete", "dataset": "all", "defense": "all", "comparator": "local_bn_baseline", "done": 470, "total": 470, "failed": 0, "last_update": "2026-10-03T12:56:27.043880+00:00", "eta_minutes": null}
