{"event":"initial_protocol_written","date":"2026-10-04","authorized_stage":"Part3 checkpoint training only","part2_direction":"pending","science_jobs_launched":0}
{"event":"checkpoint_launch_verified","at":"2026-10-04T09:32:05.448529+00:00","supervisor_pid":14255,"seeds":[342000,342001,342002],"cpu":true,"threads":1,"freeze_sha256":"bb7283d73e391c0bbcca55b59f39ff4ad46ecb155ac7554b4302dcdd9771d364","sources":40,"inputs":15,"remaining_stages":"image calibration/recovery and BN targets/qualification/calibration/confirmatory/report pending"}
{"part": "part3_checkpoints", "dataset": "baf", "defense": "unprotected", "comparator": "checkpoint_training", "done": 1, "total": 3, "failed": 0, "last_update": "2026-10-04T09:33:58.113288+00:00", "eta_minutes": null}
{"part": "part3_checkpoints", "dataset": "baf", "defense": "unprotected", "comparator": "checkpoint_training", "done": 2, "total": 3, "failed": 0, "last_update": "2026-10-04T09:33:58.274500+00:00", "eta_minutes": null}
{"part": "part3_checkpoints", "dataset": "baf", "defense": "unprotected", "comparator": "checkpoint_training", "done": 3, "total": 3, "failed": 0, "last_update": "2026-10-04T09:33:58.995086+00:00", "eta_minutes": null}
{"part": "image_utility_calibration", "stage": "initial_grid", "done": 1, "total": 1216, "failed": 0, "last_update": 1791107445.868364, "elapsed_seconds": 346.92187118530273}
{"part": "image_utility_calibration", "stage": "initial_grid", "done": 2, "total": 1216, "failed": 0, "last_update": 1791107445.8997061, "elapsed_seconds": 346.95321321487427}
{"part": "image_utility_calibration", "stage": "initial_grid", "done": 3, "total": 1216, "failed": 0, "last_update": 1791107446.096064, "elapsed_seconds": 347.14957213401794}
{"part": "image_utility_calibration", "stage": "initial_grid", "done": 4, "total": 1216, "failed": 0, "last_update": 1791107450.161509, "elapsed_seconds": 351.2150161266327}
{"part": "image_utility_calibration", "stage": "initial_grid", "done": 5, "total": 1216, "failed": 0, "last_update": 1791107794.0014982, "elapsed_seconds": 695.0550053119659}
{"part": "image_utility_calibration", "stage": "initial_grid", "done": 6, "total": 1216, "failed": 0, "last_update": 1791107794.149962, "elapsed_seconds": 695.2034690380096}
{"part": "image_utility_calibration", "stage": "initial_grid", "done": 7, "total": 1216, "failed": 0, "last_update": 1791107794.711627, "elapsed_seconds": 695.76513504982}
{"part": "image_utility_calibration", "stage": "initial_grid", "done": 8, "total": 1216, "failed": 0, "last_update": 1791107802.9307919, "elapsed_seconds": 703.9842989444733}
{"part": "image_utility_calibration", "stage": "initial_grid", "done": 9, "total": 1216, "failed": 0, "last_update": 1791108143.13518, "elapsed_seconds": 1044.1886870861053}
{"part": "image_utility_calibration", "stage": "initial_grid", "done": 10, "total": 1216, "failed": 0, "last_update": 1791108143.161843, "elapsed_seconds": 1044.215350151062}
{"part": "image_utility_calibration", "stage": "initial_grid", "done": 11, "total": 1216, "failed": 0, "last_update": 1791108147.223072, "elapsed_seconds": 1048.2765791416168}
{"part": "image_utility_calibration", "stage": "initial_grid", "done": 12, "total": 1216, "failed": 0, "last_update": 1791108150.813343, "elapsed_seconds": 1051.8668501377106}
{"part": "image_utility_calibration", "stage": "initial_grid", "done": 13, "total": 1216, "failed": 0, "last_update": 1791108489.693909, "elapsed_seconds": 1390.7474160194397}
{"part": "image_utility_calibration", "stage": "initial_grid", "done": 14, "total": 1216, "failed": 0, "last_update": 1791108493.225934, "elapsed_seconds": 1394.2794423103333}
{"part": "image_utility_calibration", "stage": "initial_grid", "done": 15, "total": 1216, "failed": 0, "last_update": 1791108497.023673, "elapsed_seconds": 1398.077180147171}
{"part": "image_utility_calibration", "stage": "initial_grid", "done": 16, "total": 1216, "failed": 0, "last_update": 1791108497.285307, "elapsed_seconds": 1398.3388140201569}
{"part": "image_utility_calibration", "stage": "initial_grid", "done": 17, "total": 1216, "failed": 0, "last_update": 1791108916.790981, "elapsed_seconds": 1817.844488143921}
{"part": "image_utility_calibration", "stage": "initial_grid", "done": 18, "total": 1216, "failed": 0, "last_update": 1791108919.141737, "elapsed_seconds": 1820.1952440738678}
{"part": "image_utility_calibration", "stage": "initial_grid", "done": 19, "total": 1216, "failed": 0, "last_update": 1791108921.735923, "elapsed_seconds": 1822.7894310951233}
{"part": "image_utility_calibration", "stage": "initial_grid", "done": 20, "total": 1216, "failed": 0, "last_update": 1791108922.55603, "elapsed_seconds": 1823.6095371246338}
{"part": "image_utility_calibration", "stage": "initial_grid", "done": 21, "total": 1216, "failed": 0, "last_update": 1791109343.177632, "elapsed_seconds": 2244.2311391830444}
{"part": "image_utility_calibration", "stage": "initial_grid", "done": 22, "total": 1216, "failed": 0, "last_update": 1791109344.840693, "elapsed_seconds": 2245.8942000865936}
{"part": "image_utility_calibration", "stage": "initial_grid", "done": 23, "total": 1216, "failed": 0, "last_update": 1791109347.4514282, "elapsed_seconds": 2248.5049352645874}
{"part": "image_utility_calibration", "stage": "initial_grid", "done": 24, "total": 1216, "failed": 0, "last_update": 1791109348.379086, "elapsed_seconds": 2249.4325942993164}
{"part": "image_utility_calibration", "stage": "initial_grid", "done": 25, "total": 1216, "failed": 0, "last_update": 1791109769.907418, "elapsed_seconds": 2670.960925102234}
{"part": "image_utility_calibration", "stage": "initial_grid", "done": 26, "total": 1216, "failed": 0, "last_update": 1791109770.499413, "elapsed_seconds": 2671.552920103073}
{"part": "image_utility_calibration", "stage": "initial_grid", "done": 27, "total": 1216, "failed": 0, "last_update": 1791109773.2381492, "elapsed_seconds": 2674.291656970978}
{"part": "image_utility_calibration", "stage": "initial_grid", "done": 28, "total": 1216, "failed": 0, "last_update": 1791109774.10046, "elapsed_seconds": 2675.153967142105}
{"part": "image_utility_calibration", "stage": "initial_grid", "done": 29, "total": 1216, "failed": 0, "last_update": 1791110199.150461, "elapsed_seconds": 3100.2039680480957}
{"part": "image_utility_calibration", "stage": "initial_grid", "done": 30, "total": 1216, "failed": 0, "last_update": 1791110199.504241, "elapsed_seconds": 3100.5577480793}
{"part": "image_utility_calibration", "stage": "initial_grid", "done": 31, "total": 1216, "failed": 0, "last_update": 1791110202.615084, "elapsed_seconds": 3103.6685922145844}
{"part": "image_utility_calibration", "stage": "initial_grid", "done": 32, "total": 1216, "failed": 0, "last_update": 1791110207.267143, "elapsed_seconds": 3108.320650100708}
{"part": "image_utility_calibration", "stage": "initial_grid", "done": 33, "total": 1216, "failed": 0, "last_update": 1791110571.958348, "elapsed_seconds": 3473.0118551254272}
{"part": "image_utility_calibration", "stage": "initial_grid", "done": 34, "total": 1216, "failed": 0, "last_update": 1791110572.044599, "elapsed_seconds": 3473.0981061458588}
{"part": "image_utility_calibration", "stage": "initial_grid", "done": 35, "total": 1216, "failed": 0, "last_update": 1791110574.957073, "elapsed_seconds": 3476.010580062866}
{"part": "image_utility_calibration", "stage": "initial_grid", "done": 36, "total": 1216, "failed": 0, "last_update": 1791110580.443232, "elapsed_seconds": 3481.496740102768}
{"part": "image_utility_calibration", "stage": "initial_grid", "done": 37, "total": 1216, "failed": 0, "last_update": 1791110943.871954, "elapsed_seconds": 3844.9254620075226}
{"part": "image_utility_calibration", "stage": "initial_grid", "done": 38, "total": 1216, "failed": 0, "last_update": 1791110944.475619, "elapsed_seconds": 3845.5291271209717}
{"part": "image_utility_calibration", "stage": "initial_grid", "done": 39, "total": 1216, "failed": 0, "last_update": 1791110946.879552, "elapsed_seconds": 3847.933058977127}
{"part": "image_utility_calibration", "stage": "initial_grid", "done": 40, "total": 1216, "failed": 0, "last_update": 1791110956.8793302, "elapsed_seconds": 3857.9328372478485}
{"part": "image_utility_calibration", "stage": "initial_grid", "done": 41, "total": 1216, "failed": 0, "last_update": 1791111314.8413298, "elapsed_seconds": 4215.894836902618}
{"part": "image_utility_calibration", "stage": "initial_grid", "done": 42, "total": 1216, "failed": 0, "last_update": 1791111319.2271612, "elapsed_seconds": 4220.280668258667}
{"part": "image_utility_calibration", "stage": "initial_grid", "done": 43, "total": 1216, "failed": 0, "last_update": 1791111321.609388, "elapsed_seconds": 4222.662896156311}
{"part": "image_utility_calibration", "stage": "initial_grid", "done": 44, "total": 1216, "failed": 0, "last_update": 1791111332.251453, "elapsed_seconds": 4233.304960012436}
{"part": "image_utility_calibration", "stage": "initial_grid", "done": 45, "total": 1216, "failed": 0, "last_update": 1791111684.135835, "elapsed_seconds": 4585.189342021942}
{"part": "image_utility_calibration", "stage": "initial_grid", "done": 46, "total": 1216, "failed": 0, "last_update": 1791111690.117513, "elapsed_seconds": 4591.171020030975}
{"part": "image_utility_calibration", "stage": "initial_grid", "done": 47, "total": 1216, "failed": 0, "last_update": 1791111693.502479, "elapsed_seconds": 4594.555986166}
{"part": "image_utility_calibration", "stage": "initial_grid", "done": 48, "total": 1216, "failed": 0, "last_update": 1791111701.265861, "elapsed_seconds": 4602.319368124008}
{"part": "image_utility_calibration", "stage": "initial_grid", "done": 49, "total": 1216, "failed": 0, "last_update": 1791112037.161985, "elapsed_seconds": 4938.215492010117}
{"part": "image_utility_calibration", "stage": "initial_grid", "done": 50, "total": 1216, "failed": 0, "last_update": 1791112041.193915, "elapsed_seconds": 4942.2474229335785}
{"part": "image_utility_calibration", "stage": "initial_grid", "done": 51, "total": 1216, "failed": 0, "last_update": 1791112041.6319702, "elapsed_seconds": 4942.685478210449}
{"part": "image_utility_calibration", "stage": "initial_grid", "done": 52, "total": 1216, "failed": 0, "last_update": 1791112048.956831, "elapsed_seconds": 4950.010338068008}
{"part": "image_utility_calibration", "stage": "initial_grid", "done": 53, "total": 1216, "failed": 0, "last_update": 1791112383.324387, "elapsed_seconds": 5284.377895116806}
{"part": "image_utility_calibration", "stage": "initial_grid", "done": 54, "total": 1216, "failed": 0, "last_update": 1791112386.099997, "elapsed_seconds": 5287.153505086899}
{"part": "image_utility_calibration", "stage": "initial_grid", "done": 55, "total": 1216, "failed": 0, "last_update": 1791112386.397662, "elapsed_seconds": 5287.451169967651}
{"part": "image_utility_calibration", "stage": "initial_grid", "done": 56, "total": 1216, "failed": 0, "last_update": 1791112394.263455, "elapsed_seconds": 5295.316962003708}
{"part": "image_utility_calibration", "stage": "initial_grid", "done": 57, "total": 1216, "failed": 0, "last_update": 1791112730.901136, "elapsed_seconds": 5631.9546439647675}
{"part": "image_utility_calibration", "stage": "initial_grid", "done": 58, "total": 1216, "failed": 0, "last_update": 1791112733.123405, "elapsed_seconds": 5634.176912069321}
{"part": "image_utility_calibration", "stage": "initial_grid", "done": 59, "total": 1216, "failed": 0, "last_update": 1791112733.2199051, "elapsed_seconds": 5634.273412227631}
{"part": "image_utility_calibration", "stage": "initial_grid", "done": 60, "total": 1216, "failed": 0, "last_update": 1791112741.946236, "elapsed_seconds": 5642.999742984772}
{"part": "image_utility_calibration", "stage": "initial_grid", "done": 61, "total": 1216, "failed": 0, "last_update": 1791113079.326661, "elapsed_seconds": 5980.380168199539}
{"part": "image_utility_calibration", "stage": "initial_grid", "done": 62, "total": 1216, "failed": 0, "last_update": 1791113081.2393842, "elapsed_seconds": 5982.292891263962}
{"part": "image_utility_calibration", "stage": "initial_grid", "done": 63, "total": 1216, "failed": 0, "last_update": 1791113086.2513762, "elapsed_seconds": 5987.304883241653}
{"part": "image_utility_calibration", "stage": "initial_grid", "done": 64, "total": 1216, "failed": 0, "last_update": 1791113090.587973, "elapsed_seconds": 5991.641480207443}
{"part": "image_utility_calibration", "stage": "initial_grid", "done": 65, "total": 1216, "failed": 0, "last_update": 1791113430.406008, "elapsed_seconds": 6331.459515094757}
{"part": "image_utility_calibration", "stage": "initial_grid", "done": 66, "total": 1216, "failed": 0, "last_update": 1791113437.311566, "elapsed_seconds": 6338.365074157715}
{"part": "image_utility_calibration", "stage": "initial_grid", "done": 67, "total": 1216, "failed": 0, "last_update": 1791113437.429738, "elapsed_seconds": 6338.483246088028}
{"part": "image_utility_calibration", "stage": "initial_grid", "done": 68, "total": 1216, "failed": 0, "last_update": 1791113442.604613, "elapsed_seconds": 6343.6581201553345}
{"part": "image_utility_calibration", "stage": "initial_grid", "done": 69, "total": 1216, "failed": 0, "last_update": 1791113785.6109571, "elapsed_seconds": 6686.66446518898}
{"part": "image_utility_calibration", "stage": "initial_grid", "done": 70, "total": 1216, "failed": 0, "last_update": 1791113792.670932, "elapsed_seconds": 6693.7244391441345}
{"part": "image_utility_calibration", "stage": "initial_grid", "done": 71, "total": 1216, "failed": 0, "last_update": 1791113793.640705, "elapsed_seconds": 6694.694213151932}
{"part": "image_utility_calibration", "stage": "initial_grid", "done": 72, "total": 1216, "failed": 0, "last_update": 1791113797.629834, "elapsed_seconds": 6698.683341026306}
{"part": "image_utility_calibration", "stage": "initial_grid", "done": 73, "total": 1216, "failed": 0, "last_update": 1791114141.6864462, "elapsed_seconds": 7042.739953279495}
{"part": "image_utility_calibration", "stage": "initial_grid", "done": 74, "total": 1216, "failed": 0, "last_update": 1791114143.972785, "elapsed_seconds": 7045.026292085648}
{"part": "image_utility_calibration", "stage": "initial_grid", "done": 75, "total": 1216, "failed": 0, "last_update": 1791114149.222684, "elapsed_seconds": 7050.276191949844}
{"part": "image_utility_calibration", "stage": "initial_grid", "done": 76, "total": 1216, "failed": 0, "last_update": 1791114149.872103, "elapsed_seconds": 7050.92561006546}
{"part": "image_utility_calibration", "stage": "initial_grid", "done": 77, "total": 1216, "failed": 0, "last_update": 1791114493.676082, "elapsed_seconds": 7394.729588985443}
{"part": "image_utility_calibration", "stage": "initial_grid", "done": 78, "total": 1216, "failed": 0, "last_update": 1791114495.522517, "elapsed_seconds": 7396.576024055481}
{"part": "image_utility_calibration", "stage": "initial_grid", "done": 79, "total": 1216, "failed": 0, "last_update": 1791114501.515233, "elapsed_seconds": 7402.568741083145}
{"part": "image_utility_calibration", "stage": "initial_grid", "done": 80, "total": 1216, "failed": 0, "last_update": 1791114505.568025, "elapsed_seconds": 7406.621533155441}
{"part": "image_utility_calibration", "stage": "initial_grid", "done": 81, "total": 1216, "failed": 0, "last_update": 1791114846.8817668, "elapsed_seconds": 7747.935273885727}
{"part": "image_utility_calibration", "stage": "initial_grid", "done": 82, "total": 1216, "failed": 0, "last_update": 1791114848.003711, "elapsed_seconds": 7749.057219028473}
{"part": "image_utility_calibration", "stage": "initial_grid", "done": 83, "total": 1216, "failed": 0, "last_update": 1791114853.5682921, "elapsed_seconds": 7754.621799230576}
{"part": "image_utility_calibration", "stage": "initial_grid", "done": 84, "total": 1216, "failed": 0, "last_update": 1791114857.5805771, "elapsed_seconds": 7758.634085178375}
{"part": "image_utility_calibration", "stage": "initial_grid", "done": 85, "total": 1216, "failed": 0, "last_update": 1791115199.101808, "elapsed_seconds": 8100.155315160751}
{"part": "image_utility_calibration", "stage": "initial_grid", "done": 86, "total": 1216, "failed": 0, "last_update": 1791115199.7860951, "elapsed_seconds": 8100.839602231979}
{"part": "image_utility_calibration", "stage": "initial_grid", "done": 87, "total": 1216, "failed": 0, "last_update": 1791115205.6858618, "elapsed_seconds": 8106.739368915558}
{"part": "image_utility_calibration", "stage": "initial_grid", "done": 88, "total": 1216, "failed": 0, "last_update": 1791115209.300965, "elapsed_seconds": 8110.354472160339}
{"part": "image_utility_calibration", "stage": "initial_grid", "done": 89, "total": 1216, "failed": 0, "last_update": 1791115551.39891, "elapsed_seconds": 8452.452417135239}
{"part": "image_utility_calibration", "stage": "initial_grid", "done": 90, "total": 1216, "failed": 0, "last_update": 1791115551.4780002, "elapsed_seconds": 8452.531507253647}
{"part": "image_utility_calibration", "stage": "initial_grid", "done": 91, "total": 1216, "failed": 0, "last_update": 1791115561.595823, "elapsed_seconds": 8462.64933013916}
{"part": "image_utility_calibration", "stage": "initial_grid", "done": 92, "total": 1216, "failed": 0, "last_update": 1791115562.978275, "elapsed_seconds": 8464.031782150269}
{"part": "image_utility_calibration", "stage": "initial_grid", "done": 93, "total": 1216, "failed": 0, "last_update": 1791115906.140691, "elapsed_seconds": 8807.194199085236}
{"part": "image_utility_calibration", "stage": "initial_grid", "done": 94, "total": 1216, "failed": 0, "last_update": 1791115906.939127, "elapsed_seconds": 8807.992635250092}
{"part": "image_utility_calibration", "stage": "initial_grid", "done": 95, "total": 1216, "failed": 0, "last_update": 1791115916.562386, "elapsed_seconds": 8817.615893125534}
{"part": "image_utility_calibration", "stage": "initial_grid", "done": 96, "total": 1216, "failed": 0, "last_update": 1791115921.747637, "elapsed_seconds": 8822.801144123077}
{"part": "image_utility_calibration", "stage": "initial_grid", "done": 97, "total": 1216, "failed": 0, "last_update": 1791116252.9076211, "elapsed_seconds": 9153.961128950119}
{"part": "image_utility_calibration", "stage": "initial_grid", "done": 98, "total": 1216, "failed": 0, "last_update": 1791116253.7935271, "elapsed_seconds": 9154.847035169601}
{"part": "image_utility_calibration", "stage": "initial_grid", "done": 99, "total": 1216, "failed": 0, "last_update": 1791116267.0788338, "elapsed_seconds": 9168.132342100143}
{"part": "image_utility_calibration", "stage": "initial_grid", "done": 100, "total": 1216, "failed": 0, "last_update": 1791116267.909516, "elapsed_seconds": 9168.963024139404}
{"part": "image_utility_calibration", "stage": "initial_grid", "done": 101, "total": 1216, "failed": 0, "last_update": 1791116599.271029, "elapsed_seconds": 9500.324537038803}
{"part": "image_utility_calibration", "stage": "initial_grid", "done": 102, "total": 1216, "failed": 0, "last_update": 1791116600.01932, "elapsed_seconds": 9501.072828292847}
{"part": "image_utility_calibration", "stage": "initial_grid", "done": 103, "total": 1216, "failed": 0, "last_update": 1791116612.618229, "elapsed_seconds": 9513.671736001968}
{"part": "image_utility_calibration", "stage": "initial_grid", "done": 104, "total": 1216, "failed": 0, "last_update": 1791116618.1322958, "elapsed_seconds": 9519.185802936554}
{"part": "image_utility_calibration", "stage": "initial_grid", "done": 105, "total": 1216, "failed": 0, "last_update": 1791116948.36756, "elapsed_seconds": 9849.421066999435}
{"part": "image_utility_calibration", "stage": "initial_grid", "done": 106, "total": 1216, "failed": 0, "last_update": 1791116952.789804, "elapsed_seconds": 9853.843311071396}
{"part": "image_utility_calibration", "stage": "initial_grid", "done": 107, "total": 1216, "failed": 0, "last_update": 1791116961.4922612, "elapsed_seconds": 9862.545768260956}
{"part": "image_utility_calibration", "stage": "initial_grid", "done": 108, "total": 1216, "failed": 0, "last_update": 1791116965.623691, "elapsed_seconds": 9866.677198171616}
{"part": "image_utility_calibration", "stage": "initial_grid", "done": 109, "total": 1216, "failed": 0, "last_update": 1791117300.340408, "elapsed_seconds": 10201.393915176392}
{"part": "image_utility_calibration", "stage": "initial_grid", "done": 110, "total": 1216, "failed": 0, "last_update": 1791117307.2821388, "elapsed_seconds": 10208.335645914078}
{"part": "image_utility_calibration", "stage": "initial_grid", "done": 111, "total": 1216, "failed": 0, "last_update": 1791117316.10622, "elapsed_seconds": 10217.159728050232}
{"part": "image_utility_calibration", "stage": "initial_grid", "done": 112, "total": 1216, "failed": 0, "last_update": 1791117321.218157, "elapsed_seconds": 10222.271664142609}
{"part": "image_utility_calibration", "stage": "initial_grid", "done": 113, "total": 1216, "failed": 0, "last_update": 1791117655.6210601, "elapsed_seconds": 10556.674567222595}
{"part": "image_utility_calibration", "stage": "initial_grid", "done": 114, "total": 1216, "failed": 0, "last_update": 1791117667.270665, "elapsed_seconds": 10568.324172973633}
{"part": "image_utility_calibration", "stage": "initial_grid", "done": 115, "total": 1216, "failed": 0, "last_update": 1791117670.2755551, "elapsed_seconds": 10571.329062223434}
{"part": "image_utility_calibration", "stage": "initial_grid", "done": 116, "total": 1216, "failed": 0, "last_update": 1791117671.3961458, "elapsed_seconds": 10572.449654102325}
{"part": "image_utility_calibration", "stage": "initial_grid", "done": 117, "total": 1216, "failed": 0, "last_update": 1791118005.569503, "elapsed_seconds": 10906.623010158539}
{"part": "image_utility_calibration", "stage": "initial_grid", "done": 118, "total": 1216, "failed": 0, "last_update": 1791118016.7849238, "elapsed_seconds": 10917.838432073593}
{"part": "image_utility_calibration", "stage": "initial_grid", "done": 119, "total": 1216, "failed": 0, "last_update": 1791118018.438082, "elapsed_seconds": 10919.491589069366}
{"part": "image_utility_calibration", "stage": "initial_grid", "done": 120, "total": 1216, "failed": 0, "last_update": 1791118020.908308, "elapsed_seconds": 10921.96181511879}
{"part": "image_utility_calibration", "stage": "initial_grid", "done": 121, "total": 1216, "failed": 0, "last_update": 1791118366.143848, "elapsed_seconds": 11267.197355985641}
{"part": "image_utility_calibration", "stage": "initial_grid", "done": 122, "total": 1216, "failed": 0, "last_update": 1791118374.313708, "elapsed_seconds": 11275.36721611023}
{"part": "image_utility_calibration", "stage": "initial_grid", "done": 123, "total": 1216, "failed": 0, "last_update": 1791118376.9888341, "elapsed_seconds": 11278.0423412323}
{"part": "image_utility_calibration", "stage": "initial_grid", "done": 124, "total": 1216, "failed": 0, "last_update": 1791118377.8388329, "elapsed_seconds": 11278.892340898514}
{"part": "image_utility_calibration", "stage": "initial_grid", "done": 125, "total": 1216, "failed": 0, "last_update": 1791118723.3844218, "elapsed_seconds": 11624.437930107117}
{"part": "image_utility_calibration", "stage": "initial_grid", "done": 126, "total": 1216, "failed": 0, "last_update": 1791118731.7989419, "elapsed_seconds": 11632.852448940277}
{"part": "image_utility_calibration", "stage": "initial_grid", "done": 127, "total": 1216, "failed": 0, "last_update": 1791118733.687093, "elapsed_seconds": 11634.7406001091}
{"part": "image_utility_calibration", "stage": "initial_grid", "done": 128, "total": 1216, "failed": 0, "last_update": 1791118736.5243788, "elapsed_seconds": 11637.577887058258}
{"part": "image_utility_calibration", "stage": "initial_grid", "done": 129, "total": 1216, "failed": 0, "last_update": 1791119083.8566349, "elapsed_seconds": 11984.91014289856}
{"part": "image_utility_calibration", "stage": "initial_grid", "done": 130, "total": 1216, "failed": 0, "last_update": 1791119091.7974029, "elapsed_seconds": 11992.850909948349}
{"part": "image_utility_calibration", "stage": "initial_grid", "done": 131, "total": 1216, "failed": 0, "last_update": 1791119097.084115, "elapsed_seconds": 11998.137622117996}
{"part": "image_utility_calibration", "stage": "initial_grid", "done": 132, "total": 1216, "failed": 0, "last_update": 1791119098.675534, "elapsed_seconds": 11999.729041099548}
{"part": "image_utility_calibration", "stage": "initial_grid", "done": 133, "total": 1216, "failed": 0, "last_update": 1791119445.8051572, "elapsed_seconds": 12346.858664274216}
{"part": "image_utility_calibration", "stage": "initial_grid", "done": 134, "total": 1216, "failed": 0, "last_update": 1791119447.909096, "elapsed_seconds": 12348.962603092194}
{"part": "image_utility_calibration", "stage": "initial_grid", "done": 135, "total": 1216, "failed": 0, "last_update": 1791119452.978601, "elapsed_seconds": 12354.032108068466}
{"part": "image_utility_calibration", "stage": "initial_grid", "done": 136, "total": 1216, "failed": 0, "last_update": 1791119455.347925, "elapsed_seconds": 12356.401432037354}
{"part": "image_utility_calibration", "stage": "initial_grid", "done": 137, "total": 1216, "failed": 0, "last_update": 1791119803.069558, "elapsed_seconds": 12704.123066186905}
{"part": "image_utility_calibration", "stage": "initial_grid", "done": 138, "total": 1216, "failed": 0, "last_update": 1791119804.035315, "elapsed_seconds": 12705.088822126389}
{"part": "image_utility_calibration", "stage": "initial_grid", "done": 139, "total": 1216, "failed": 0, "last_update": 1791119808.7267468, "elapsed_seconds": 12709.780253887177}
{"part": "image_utility_calibration", "stage": "initial_grid", "done": 140, "total": 1216, "failed": 0, "last_update": 1791119815.8784032, "elapsed_seconds": 12716.931910276413}
{"part": "image_utility_calibration", "stage": "initial_grid", "done": 141, "total": 1216, "failed": 0, "last_update": 1791120158.896136, "elapsed_seconds": 13059.94964313507}
{"part": "image_utility_calibration", "stage": "initial_grid", "done": 142, "total": 1216, "failed": 0, "last_update": 1791120159.3302982, "elapsed_seconds": 13060.383805274963}
{"part": "image_utility_calibration", "stage": "initial_grid", "done": 143, "total": 1216, "failed": 0, "last_update": 1791120163.185598, "elapsed_seconds": 13064.23910498619}
{"part": "image_utility_calibration", "stage": "initial_grid", "done": 144, "total": 1216, "failed": 0, "last_update": 1791120171.1741362, "elapsed_seconds": 13072.227643251419}
{"part": "image_utility_calibration", "stage": "initial_grid", "done": 145, "total": 1216, "failed": 0, "last_update": 1791120520.3503108, "elapsed_seconds": 13421.403819084167}
{"part": "image_utility_calibration", "stage": "initial_grid", "done": 146, "total": 1216, "failed": 0, "last_update": 1791120524.051296, "elapsed_seconds": 13425.104804039001}
{"part": "image_utility_calibration", "stage": "initial_grid", "done": 147, "total": 1216, "failed": 0, "last_update": 1791120525.113481, "elapsed_seconds": 13426.166988134384}
{"part": "image_utility_calibration", "stage": "initial_grid", "done": 148, "total": 1216, "failed": 0, "last_update": 1791120531.105231, "elapsed_seconds": 13432.158738851547}
{"part": "image_utility_calibration", "stage": "initial_grid", "done": 149, "total": 1216, "failed": 0, "last_update": 1791120881.378288, "elapsed_seconds": 13782.43179512024}
{"part": "image_utility_calibration", "stage": "initial_grid", "done": 150, "total": 1216, "failed": 0, "last_update": 1791120889.147733, "elapsed_seconds": 13790.201240062714}
{"part": "image_utility_calibration", "stage": "initial_grid", "done": 151, "total": 1216, "failed": 0, "last_update": 1791120889.5735319, "elapsed_seconds": 13790.627039909363}
{"part": "image_utility_calibration", "stage": "initial_grid", "done": 152, "total": 1216, "failed": 0, "last_update": 1791120895.2454479, "elapsed_seconds": 13796.298956155777}
{"part": "image_utility_calibration", "stage": "initial_grid", "done": 153, "total": 1216, "failed": 0, "last_update": 1791121245.301445, "elapsed_seconds": 14146.354952096939}
{"part": "image_utility_calibration", "stage": "initial_grid", "done": 154, "total": 1216, "failed": 0, "last_update": 1791121254.229544, "elapsed_seconds": 14155.283051013947}
{"part": "image_utility_calibration", "stage": "initial_grid", "done": 155, "total": 1216, "failed": 0, "last_update": 1791121254.646084, "elapsed_seconds": 14155.699592113495}
{"part": "image_utility_calibration", "stage": "initial_grid", "done": 156, "total": 1216, "failed": 0, "last_update": 1791121260.141938, "elapsed_seconds": 14161.195446014404}
{"part": "image_utility_calibration", "stage": "initial_grid", "done": 157, "total": 1216, "failed": 0, "last_update": 1791121606.5322392, "elapsed_seconds": 14507.5857462883}
{"part": "image_utility_calibration", "stage": "initial_grid", "done": 158, "total": 1216, "failed": 0, "last_update": 1791121616.282624, "elapsed_seconds": 14517.336131095886}
{"part": "image_utility_calibration", "stage": "initial_grid", "done": 159, "total": 1216, "failed": 0, "last_update": 1791121616.3867772, "elapsed_seconds": 14517.440285205841}
{"part": "image_utility_calibration", "stage": "initial_grid", "done": 160, "total": 1216, "failed": 0, "last_update": 1791121626.351103, "elapsed_seconds": 14527.404610157013}
{"part": "image_utility_calibration", "stage": "initial_grid", "done": 161, "total": 1216, "failed": 0, "last_update": 1791121976.156469, "elapsed_seconds": 14877.209976196289}
{"part": "image_utility_calibration", "stage": "initial_grid", "done": 162, "total": 1216, "failed": 0, "last_update": 1791121986.044189, "elapsed_seconds": 14887.097697019577}
{"part": "image_utility_calibration", "stage": "initial_grid", "done": 163, "total": 1216, "failed": 0, "last_update": 1791121987.620642, "elapsed_seconds": 14888.6741502285}
{"part": "image_utility_calibration", "stage": "initial_grid", "done": 164, "total": 1216, "failed": 0, "last_update": 1791121996.016924, "elapsed_seconds": 14897.070430994034}
{"part": "image_utility_calibration", "stage": "initial_grid", "done": 165, "total": 1216, "failed": 0, "last_update": 1791122344.979226, "elapsed_seconds": 15246.032733917236}
{"part": "image_utility_calibration", "stage": "initial_grid", "done": 166, "total": 1216, "failed": 0, "last_update": 1791122354.985043, "elapsed_seconds": 15256.038550138474}
{"part": "image_utility_calibration", "stage": "initial_grid", "done": 167, "total": 1216, "failed": 0, "last_update": 1791122357.293612, "elapsed_seconds": 15258.347120046616}
{"part": "image_utility_calibration", "stage": "initial_grid", "done": 168, "total": 1216, "failed": 0, "last_update": 1791122364.7439418, "elapsed_seconds": 15265.797450065613}
{"part": "image_utility_calibration", "stage": "initial_grid", "done": 169, "total": 1216, "failed": 0, "last_update": 1791122714.945504, "elapsed_seconds": 15615.999012231827}
{"part": "image_utility_calibration", "stage": "initial_grid", "done": 170, "total": 1216, "failed": 0, "last_update": 1791122725.429378, "elapsed_seconds": 15626.4828851223}
{"part": "image_utility_calibration", "stage": "initial_grid", "done": 171, "total": 1216, "failed": 0, "last_update": 1791122733.718751, "elapsed_seconds": 15634.77225804329}
{"part": "image_utility_calibration", "stage": "initial_grid", "done": 172, "total": 1216, "failed": 0, "last_update": 1791122736.607733, "elapsed_seconds": 15637.66124010086}
{"part": "image_utility_calibration", "stage": "initial_grid", "done": 173, "total": 1216, "failed": 0, "last_update": 1791123085.133916, "elapsed_seconds": 15986.187422990799}
{"part": "image_utility_calibration", "stage": "initial_grid", "done": 174, "total": 1216, "failed": 0, "last_update": 1791123095.395767, "elapsed_seconds": 15996.44927406311}
{"part": "image_utility_calibration", "stage": "initial_grid", "done": 175, "total": 1216, "failed": 0, "last_update": 1791123103.927223, "elapsed_seconds": 16004.980731248856}
{"part": "image_utility_calibration", "stage": "initial_grid", "done": 176, "total": 1216, "failed": 0, "last_update": 1791123104.968239, "elapsed_seconds": 16006.0217461586}
{"part": "image_utility_calibration", "stage": "initial_grid", "done": 177, "total": 1216, "failed": 0, "last_update": 1791123441.1093462, "elapsed_seconds": 16342.162853240967}
{"part": "image_utility_calibration", "stage": "initial_grid", "done": 178, "total": 1216, "failed": 0, "last_update": 1791123451.083584, "elapsed_seconds": 16352.137092113495}
{"part": "image_utility_calibration", "stage": "initial_grid", "done": 179, "total": 1216, "failed": 0, "last_update": 1791123461.5827148, "elapsed_seconds": 16362.636221885681}
{"part": "image_utility_calibration", "stage": "initial_grid", "done": 180, "total": 1216, "failed": 0, "last_update": 1791123465.309108, "elapsed_seconds": 16366.362616062164}
{"part": "image_utility_calibration", "stage": "initial_grid", "done": 181, "total": 1216, "failed": 0, "last_update": 1791123797.427108, "elapsed_seconds": 16698.480615139008}
{"part": "image_utility_calibration", "stage": "initial_grid", "done": 182, "total": 1216, "failed": 0, "last_update": 1791123806.5192058, "elapsed_seconds": 16707.572712898254}
{"part": "image_utility_calibration", "stage": "initial_grid", "done": 183, "total": 1216, "failed": 0, "last_update": 1791123816.533366, "elapsed_seconds": 16717.586873054504}
{"part": "image_utility_calibration", "stage": "initial_grid", "done": 184, "total": 1216, "failed": 0, "last_update": 1791123821.350154, "elapsed_seconds": 16722.40366101265}
{"part": "image_utility_calibration", "stage": "initial_grid", "done": 185, "total": 1216, "failed": 0, "last_update": 1791124158.417096, "elapsed_seconds": 17059.470602989197}
{"part": "image_utility_calibration", "stage": "initial_grid", "done": 186, "total": 1216, "failed": 0, "last_update": 1791124167.296447, "elapsed_seconds": 17068.349954128265}
{"part": "image_utility_calibration", "stage": "initial_grid", "done": 187, "total": 1216, "failed": 0, "last_update": 1791124177.660864, "elapsed_seconds": 17078.714371204376}
{"part": "image_utility_calibration", "stage": "initial_grid", "done": 188, "total": 1216, "failed": 0, "last_update": 1791124178.018073, "elapsed_seconds": 17079.071580171585}
{"part": "image_utility_calibration", "stage": "initial_grid", "done": 189, "total": 1216, "failed": 0, "last_update": 1791124520.5263019, "elapsed_seconds": 17421.579808950424}
{"part": "image_utility_calibration", "stage": "initial_grid", "done": 190, "total": 1216, "failed": 0, "last_update": 1791124533.731423, "elapsed_seconds": 17434.78492999077}
{"part": "image_utility_calibration", "stage": "initial_grid", "done": 191, "total": 1216, "failed": 0, "last_update": 1791124539.4619992, "elapsed_seconds": 17440.515506267548}
{"part": "image_utility_calibration", "stage": "initial_grid", "done": 192, "total": 1216, "failed": 0, "last_update": 1791124540.25085, "elapsed_seconds": 17441.304358243942}
{"part": "image_utility_calibration", "stage": "initial_grid", "done": 193, "total": 1216, "failed": 0, "last_update": 1791124874.6178849, "elapsed_seconds": 17775.67139315605}
{"part": "image_utility_calibration", "stage": "initial_grid", "done": 194, "total": 1216, "failed": 0, "last_update": 1791124887.938731, "elapsed_seconds": 17788.99223804474}
{"part": "image_utility_calibration", "stage": "initial_grid", "done": 195, "total": 1216, "failed": 0, "last_update": 1791124892.865372, "elapsed_seconds": 17793.91887998581}
{"part": "image_utility_calibration", "stage": "initial_grid", "done": 196, "total": 1216, "failed": 0, "last_update": 1791124898.264312, "elapsed_seconds": 17799.317820072174}
{"part": "image_utility_calibration", "stage": "initial_grid", "done": 197, "total": 1216, "failed": 0, "last_update": 1791125230.10062, "elapsed_seconds": 18131.15412712097}
{"part": "image_utility_calibration", "stage": "initial_grid", "done": 198, "total": 1216, "failed": 0, "last_update": 1791125243.678803, "elapsed_seconds": 18144.732310056686}
{"part": "image_utility_calibration", "stage": "initial_grid", "done": 199, "total": 1216, "failed": 0, "last_update": 1791125247.664923, "elapsed_seconds": 18148.718430042267}
{"part": "image_utility_calibration", "stage": "initial_grid", "done": 200, "total": 1216, "failed": 0, "last_update": 1791125253.145256, "elapsed_seconds": 18154.198763132095}
{"part": "image_utility_calibration", "stage": "initial_grid", "done": 201, "total": 1216, "failed": 0, "last_update": 1791125585.233858, "elapsed_seconds": 18486.28736615181}
{"part": "image_utility_calibration", "stage": "initial_grid", "done": 202, "total": 1216, "failed": 0, "last_update": 1791125598.162838, "elapsed_seconds": 18499.216345071793}
{"part": "image_utility_calibration", "stage": "initial_grid", "done": 203, "total": 1216, "failed": 0, "last_update": 1791125601.934169, "elapsed_seconds": 18502.987676143646}
{"part": "image_utility_calibration", "stage": "initial_grid", "done": 204, "total": 1216, "failed": 0, "last_update": 1791125608.4415638, "elapsed_seconds": 18509.495070934296}
{"part": "image_utility_calibration", "stage": "initial_grid", "done": 205, "total": 1216, "failed": 0, "last_update": 1791125939.1219358, "elapsed_seconds": 18840.17544388771}
{"part": "image_utility_calibration", "stage": "initial_grid", "done": 206, "total": 1216, "failed": 0, "last_update": 1791125951.8476539, "elapsed_seconds": 18852.90116095543}
{"part": "image_utility_calibration", "stage": "initial_grid", "done": 207, "total": 1216, "failed": 0, "last_update": 1791125959.7165718, "elapsed_seconds": 18860.770078897476}
{"part": "image_utility_calibration", "stage": "initial_grid", "done": 208, "total": 1216, "failed": 0, "last_update": 1791125961.584049, "elapsed_seconds": 18862.63755607605}
{"part": "image_utility_calibration", "stage": "initial_grid", "done": 209, "total": 1216, "failed": 0, "last_update": 1791126298.08555, "elapsed_seconds": 19199.139058113098}
{"part": "image_utility_calibration", "stage": "initial_grid", "done": 210, "total": 1216, "failed": 0, "last_update": 1791126305.711825, "elapsed_seconds": 19206.76533293724}
{"part": "image_utility_calibration", "stage": "initial_grid", "done": 211, "total": 1216, "failed": 0, "last_update": 1791126317.867659, "elapsed_seconds": 19218.92116713524}
{"part": "image_utility_calibration", "stage": "initial_grid", "done": 212, "total": 1216, "failed": 0, "last_update": 1791126320.353333, "elapsed_seconds": 19221.406841039658}
{"part": "image_utility_calibration", "stage": "initial_grid", "done": 213, "total": 1216, "failed": 0, "last_update": 1791126651.2064629, "elapsed_seconds": 19552.259971141815}
{"part": "image_utility_calibration", "stage": "initial_grid", "done": 214, "total": 1216, "failed": 0, "last_update": 1791126658.935596, "elapsed_seconds": 19559.989103078842}
{"part": "image_utility_calibration", "stage": "initial_grid", "done": 215, "total": 1216, "failed": 0, "last_update": 1791126670.897558, "elapsed_seconds": 19571.95106601715}
{"part": "image_utility_calibration", "stage": "initial_grid", "done": 216, "total": 1216, "failed": 0, "last_update": 1791126673.003093, "elapsed_seconds": 19574.05660009384}
{"part": "image_utility_calibration", "stage": "initial_grid", "done": 217, "total": 1216, "failed": 0, "last_update": 1791127005.22986, "elapsed_seconds": 19906.283368110657}
{"part": "image_utility_calibration", "stage": "initial_grid", "done": 218, "total": 1216, "failed": 0, "last_update": 1791127007.6289809, "elapsed_seconds": 19908.68248796463}
{"part": "image_utility_calibration", "stage": "initial_grid", "done": 219, "total": 1216, "failed": 0, "last_update": 1791127024.24167, "elapsed_seconds": 19925.29517698288}
{"part": "image_utility_calibration", "stage": "initial_grid", "done": 220, "total": 1216, "failed": 0, "last_update": 1791127026.402955, "elapsed_seconds": 19927.45646214485}
{"part": "image_utility_calibration", "stage": "initial_grid", "done": 221, "total": 1216, "failed": 0, "last_update": 1791127352.5606241, "elapsed_seconds": 20253.614131212234}
{"part": "image_utility_calibration", "stage": "initial_grid", "done": 222, "total": 1216, "failed": 0, "last_update": 1791127359.305459, "elapsed_seconds": 20260.35896706581}
{"part": "image_utility_calibration", "stage": "initial_grid", "done": 223, "total": 1216, "failed": 0, "last_update": 1791127370.065981, "elapsed_seconds": 20271.11948800087}
{"part": "image_utility_calibration", "stage": "initial_grid", "done": 224, "total": 1216, "failed": 0, "last_update": 1791127372.574383, "elapsed_seconds": 20273.627890110016}
{"part": "image_utility_calibration", "stage": "initial_grid", "done": 225, "total": 1216, "failed": 0, "last_update": 1791127697.6717598, "elapsed_seconds": 20598.72526693344}
{"part": "image_utility_calibration", "stage": "initial_grid", "done": 226, "total": 1216, "failed": 0, "last_update": 1791127704.3074071, "elapsed_seconds": 20605.360914230347}
{"part": "image_utility_calibration", "stage": "initial_grid", "done": 227, "total": 1216, "failed": 0, "last_update": 1791127716.295489, "elapsed_seconds": 20617.348996162415}
{"part": "image_utility_calibration", "stage": "initial_grid", "done": 228, "total": 1216, "failed": 0, "last_update": 1791127723.884425, "elapsed_seconds": 20624.937932014465}
{"part": "image_utility_calibration", "stage": "initial_grid", "done": 229, "total": 1216, "failed": 0, "last_update": 1791128044.504777, "elapsed_seconds": 20945.558284044266}
{"part": "image_utility_calibration", "stage": "initial_grid", "done": 230, "total": 1216, "failed": 0, "last_update": 1791128051.403818, "elapsed_seconds": 20952.45732498169}
{"part": "image_utility_calibration", "stage": "initial_grid", "done": 231, "total": 1216, "failed": 0, "last_update": 1791128063.281301, "elapsed_seconds": 20964.33480811119}
{"part": "image_utility_calibration", "stage": "initial_grid", "done": 232, "total": 1216, "failed": 0, "last_update": 1791128069.960073, "elapsed_seconds": 20971.013580083847}
{"part": "image_utility_calibration", "stage": "initial_grid", "done": 233, "total": 1216, "failed": 0, "last_update": 1791128391.937797, "elapsed_seconds": 21292.99130487442}
{"part": "image_utility_calibration", "stage": "initial_grid", "done": 234, "total": 1216, "failed": 0, "last_update": 1791128398.0396311, "elapsed_seconds": 21299.09313893318}
{"part": "image_utility_calibration", "stage": "initial_grid", "done": 235, "total": 1216, "failed": 0, "last_update": 1791128410.37485, "elapsed_seconds": 21311.42835712433}
{"part": "image_utility_calibration", "stage": "initial_grid", "done": 236, "total": 1216, "failed": 0, "last_update": 1791128416.511175, "elapsed_seconds": 21317.564682006836}
{"part": "image_utility_calibration", "stage": "initial_grid", "done": 237, "total": 1216, "failed": 0, "last_update": 1791128738.8038971, "elapsed_seconds": 21639.857404232025}
{"part": "image_utility_calibration", "stage": "initial_grid", "done": 238, "total": 1216, "failed": 0, "last_update": 1791128744.827054, "elapsed_seconds": 21645.88056230545}
{"part": "image_utility_calibration", "stage": "initial_grid", "done": 239, "total": 1216, "failed": 0, "last_update": 1791128756.898041, "elapsed_seconds": 21657.951548099518}
{"part": "image_utility_calibration", "stage": "initial_grid", "done": 240, "total": 1216, "failed": 0, "last_update": 1791128767.637598, "elapsed_seconds": 21668.69110608101}
{"part": "image_utility_calibration", "stage": "initial_grid", "done": 241, "total": 1216, "failed": 0, "last_update": 1791129085.307201, "elapsed_seconds": 21986.360707998276}
{"part": "image_utility_calibration", "stage": "initial_grid", "done": 242, "total": 1216, "failed": 0, "last_update": 1791129090.163491, "elapsed_seconds": 21991.21699810028}
{"part": "image_utility_calibration", "stage": "initial_grid", "done": 243, "total": 1216, "failed": 0, "last_update": 1791129103.447718, "elapsed_seconds": 22004.50122499466}
{"part": "image_utility_calibration", "stage": "initial_grid", "done": 244, "total": 1216, "failed": 0, "last_update": 1791129114.814778, "elapsed_seconds": 22015.86828517914}
{"part": "image_utility_calibration", "stage": "initial_grid", "done": 245, "total": 1216, "failed": 0, "last_update": 1791129432.835628, "elapsed_seconds": 22333.8891351223}
{"part": "image_utility_calibration", "stage": "initial_grid", "done": 246, "total": 1216, "failed": 0, "last_update": 1791129441.343692, "elapsed_seconds": 22342.3971991539}
{"part": "image_utility_calibration", "stage": "initial_grid", "done": 247, "total": 1216, "failed": 0, "last_update": 1791129449.209392, "elapsed_seconds": 22350.26289987564}
{"part": "image_utility_calibration", "stage": "initial_grid", "done": 248, "total": 1216, "failed": 0, "last_update": 1791129461.239697, "elapsed_seconds": 22362.293204069138}
{"part": "image_utility_calibration", "stage": "initial_grid", "done": 249, "total": 1216, "failed": 0, "last_update": 1791129784.370085, "elapsed_seconds": 22685.423592090607}
{"part": "image_utility_calibration", "stage": "initial_grid", "done": 250, "total": 1216, "failed": 0, "last_update": 1791129787.5208588, "elapsed_seconds": 22688.574365854263}
{"part": "image_utility_calibration", "stage": "initial_grid", "done": 251, "total": 1216, "failed": 0, "last_update": 1791129795.503745, "elapsed_seconds": 22696.55725312233}
{"part": "image_utility_calibration", "stage": "initial_grid", "done": 252, "total": 1216, "failed": 0, "last_update": 1791129807.279546, "elapsed_seconds": 22708.333054065704}
{"part": "image_utility_calibration", "stage": "initial_grid", "done": 253, "total": 1216, "failed": 0, "last_update": 1791130133.509592, "elapsed_seconds": 23034.56309914589}
{"part": "image_utility_calibration", "stage": "initial_grid", "done": 254, "total": 1216, "failed": 0, "last_update": 1791130136.0128288, "elapsed_seconds": 23037.066337108612}
{"part": "image_utility_calibration", "stage": "initial_grid", "done": 255, "total": 1216, "failed": 0, "last_update": 1791130141.104203, "elapsed_seconds": 23042.15771007538}
{"part": "image_utility_calibration", "stage": "initial_grid", "done": 256, "total": 1216, "failed": 0, "last_update": 1791130153.37772, "elapsed_seconds": 23054.431227207184}
{"part": "image_utility_calibration", "stage": "initial_grid", "done": 257, "total": 1216, "failed": 0, "last_update": 1791130480.8877451, "elapsed_seconds": 23381.941252231598}
{"part": "image_utility_calibration", "stage": "initial_grid", "done": 258, "total": 1216, "failed": 0, "last_update": 1791130487.082161, "elapsed_seconds": 23388.135668039322}
{"part": "image_utility_calibration", "stage": "initial_grid", "done": 259, "total": 1216, "failed": 0, "last_update": 1791130488.2881632, "elapsed_seconds": 23389.341670274734}
{"part": "image_utility_calibration", "stage": "initial_grid", "done": 260, "total": 1216, "failed": 0, "last_update": 1791130500.638252, "elapsed_seconds": 23401.691759109497}
{"part": "image_utility_calibration", "stage": "initial_grid", "done": 261, "total": 1216, "failed": 0, "last_update": 1791130827.302204, "elapsed_seconds": 23728.355710983276}
{"part": "image_utility_calibration", "stage": "initial_grid", "done": 262, "total": 1216, "failed": 0, "last_update": 1791130833.623714, "elapsed_seconds": 23734.6772210598}
{"part": "image_utility_calibration", "stage": "initial_grid", "done": 263, "total": 1216, "failed": 0, "last_update": 1791130839.540422, "elapsed_seconds": 23740.593929052353}
{"part": "image_utility_calibration", "stage": "initial_grid", "done": 264, "total": 1216, "failed": 0, "last_update": 1791130847.064079, "elapsed_seconds": 23748.117586135864}
{"part": "image_utility_calibration", "stage": "initial_grid", "done": 265, "total": 1216, "failed": 0, "last_update": 1791131174.369039, "elapsed_seconds": 24075.4225461483}
{"part": "image_utility_calibration", "stage": "initial_grid", "done": 266, "total": 1216, "failed": 0, "last_update": 1791131180.140288, "elapsed_seconds": 24081.193795204163}
{"part": "image_utility_calibration", "stage": "initial_grid", "done": 267, "total": 1216, "failed": 0, "last_update": 1791131186.3383749, "elapsed_seconds": 24087.39188194275}
{"part": "image_utility_calibration", "stage": "initial_grid", "done": 268, "total": 1216, "failed": 0, "last_update": 1791131193.5166059, "elapsed_seconds": 24094.57011294365}
{"part": "image_utility_calibration", "stage": "initial_grid", "done": 269, "total": 1216, "failed": 0, "last_update": 1791131522.292477, "elapsed_seconds": 24423.345983982086}
{"part": "image_utility_calibration", "stage": "initial_grid", "done": 270, "total": 1216, "failed": 0, "last_update": 1791131527.765536, "elapsed_seconds": 24428.81904411316}
{"part": "image_utility_calibration", "stage": "initial_grid", "done": 271, "total": 1216, "failed": 0, "last_update": 1791131533.144518, "elapsed_seconds": 24434.198024988174}
{"part": "image_utility_calibration", "stage": "initial_grid", "done": 272, "total": 1216, "failed": 0, "last_update": 1791131539.7182562, "elapsed_seconds": 24440.771763324738}
{"part": "image_utility_calibration", "stage": "initial_grid", "done": 273, "total": 1216, "failed": 0, "last_update": 1791131868.5633762, "elapsed_seconds": 24769.61688399315}
{"part": "image_utility_calibration", "stage": "initial_grid", "done": 274, "total": 1216, "failed": 0, "last_update": 1791131874.380112, "elapsed_seconds": 24775.43361902237}
{"part": "image_utility_calibration", "stage": "initial_grid", "done": 275, "total": 1216, "failed": 0, "last_update": 1791131879.929475, "elapsed_seconds": 24780.98298215866}
{"part": "image_utility_calibration", "stage": "initial_grid", "done": 276, "total": 1216, "failed": 0, "last_update": 1791131885.888282, "elapsed_seconds": 24786.941789865494}
{"part": "image_utility_calibration", "stage": "initial_grid", "done": 277, "total": 1216, "failed": 0, "last_update": 1791132218.8779898, "elapsed_seconds": 25119.931496858597}
{"part": "image_utility_calibration", "stage": "initial_grid", "done": 278, "total": 1216, "failed": 0, "last_update": 1791132224.223933, "elapsed_seconds": 25125.277440071106}
{"part": "image_utility_calibration", "stage": "initial_grid", "done": 279, "total": 1216, "failed": 0, "last_update": 1791132229.599908, "elapsed_seconds": 25130.653415203094}
{"part": "image_utility_calibration", "stage": "initial_grid", "done": 280, "total": 1216, "failed": 0, "last_update": 1791132235.7171772, "elapsed_seconds": 25136.77068424225}
{"part": "image_utility_calibration", "stage": "initial_grid", "done": 281, "total": 1216, "failed": 0, "last_update": 1791132566.0111659, "elapsed_seconds": 25467.06467294693}
{"part": "image_utility_calibration", "stage": "initial_grid", "done": 282, "total": 1216, "failed": 0, "last_update": 1791132571.3116758, "elapsed_seconds": 25472.36518406868}
{"part": "image_utility_calibration", "stage": "initial_grid", "done": 283, "total": 1216, "failed": 0, "last_update": 1791132576.1369522, "elapsed_seconds": 25477.190460205078}
{"part": "image_utility_calibration", "stage": "initial_grid", "done": 284, "total": 1216, "failed": 0, "last_update": 1791132582.4621131, "elapsed_seconds": 25483.51562023163}
{"part": "image_utility_calibration", "stage": "initial_grid", "done": 285, "total": 1216, "failed": 0, "last_update": 1791132912.492128, "elapsed_seconds": 25813.545636177063}
{"part": "image_utility_calibration", "stage": "initial_grid", "done": 286, "total": 1216, "failed": 0, "last_update": 1791132917.311753, "elapsed_seconds": 25818.365260124207}
{"part": "image_utility_calibration", "stage": "initial_grid", "done": 287, "total": 1216, "failed": 0, "last_update": 1791132922.0060859, "elapsed_seconds": 25823.059592962265}
{"part": "image_utility_calibration", "stage": "initial_grid", "done": 288, "total": 1216, "failed": 0, "last_update": 1791132928.184824, "elapsed_seconds": 25829.238332271576}
{"part": "image_utility_calibration", "stage": "initial_grid", "done": 289, "total": 1216, "failed": 0, "last_update": 1791133258.590809, "elapsed_seconds": 26159.64431619644}
{"part": "image_utility_calibration", "stage": "initial_grid", "done": 290, "total": 1216, "failed": 0, "last_update": 1791133268.135668, "elapsed_seconds": 26169.189175128937}
{"part": "image_utility_calibration", "stage": "initial_grid", "done": 291, "total": 1216, "failed": 0, "last_update": 1791133268.706877, "elapsed_seconds": 26169.760384082794}
{"part": "image_utility_calibration", "stage": "initial_grid", "done": 292, "total": 1216, "failed": 0, "last_update": 1791133274.4731488, "elapsed_seconds": 26175.5266559124}
{"part": "image_utility_calibration", "stage": "initial_grid", "done": 293, "total": 1216, "failed": 0, "last_update": 1791133605.3018298, "elapsed_seconds": 26506.355336904526}
{"part": "image_utility_calibration", "stage": "initial_grid", "done": 294, "total": 1216, "failed": 0, "last_update": 1791133614.9434738, "elapsed_seconds": 26515.996980905533}
{"part": "image_utility_calibration", "stage": "initial_grid", "done": 295, "total": 1216, "failed": 0, "last_update": 1791133615.68848, "elapsed_seconds": 26516.741986989975}
{"part": "image_utility_calibration", "stage": "initial_grid", "done": 296, "total": 1216, "failed": 0, "last_update": 1791133620.403237, "elapsed_seconds": 26521.45674419403}
{"part": "image_utility_calibration", "stage": "initial_grid", "done": 297, "total": 1216, "failed": 0, "last_update": 1791133952.892282, "elapsed_seconds": 26853.94578909874}
{"part": "image_utility_calibration", "stage": "initial_grid", "done": 298, "total": 1216, "failed": 0, "last_update": 1791133962.409527, "elapsed_seconds": 26863.46303510666}
{"part": "image_utility_calibration", "stage": "initial_grid", "done": 299, "total": 1216, "failed": 0, "last_update": 1791133962.840835, "elapsed_seconds": 26863.894342184067}
{"part": "image_utility_calibration", "stage": "initial_grid", "done": 300, "total": 1216, "failed": 0, "last_update": 1791133966.916948, "elapsed_seconds": 26867.970455169678}
{"part": "image_utility_calibration", "stage": "initial_grid", "done": 301, "total": 1216, "failed": 0, "last_update": 1791134300.6103628, "elapsed_seconds": 27201.663869857788}
{"part": "image_utility_calibration", "stage": "initial_grid", "done": 302, "total": 1216, "failed": 0, "last_update": 1791134309.025002, "elapsed_seconds": 27210.078510046005}
{"part": "image_utility_calibration", "stage": "initial_grid", "done": 303, "total": 1216, "failed": 0, "last_update": 1791134309.6372852, "elapsed_seconds": 27210.69079232216}
{"part": "image_utility_calibration", "stage": "initial_grid", "done": 304, "total": 1216, "failed": 0, "last_update": 1791134314.301866, "elapsed_seconds": 27215.355374097824}
{"part": "image_utility_calibration", "stage": "initial_grid", "done": 305, "total": 1216, "failed": 0, "last_update": 1791134644.332289, "elapsed_seconds": 27545.3857960701}
{"part": "image_utility_calibration", "stage": "initial_grid", "done": 306, "total": 1216, "failed": 0, "last_update": 1791134652.393269, "elapsed_seconds": 27553.44677710533}
{"part": "image_utility_calibration", "stage": "initial_grid", "done": 307, "total": 1216, "failed": 0, "last_update": 1791134652.534401, "elapsed_seconds": 27553.587908029556}
{"part": "image_utility_calibration", "stage": "initial_grid", "done": 308, "total": 1216, "failed": 0, "last_update": 1791134657.654698, "elapsed_seconds": 27558.708204984665}
{"part": "image_utility_calibration", "stage": "initial_grid", "done": 309, "total": 1216, "failed": 0, "last_update": 1791134987.748058, "elapsed_seconds": 27888.801565885544}
{"part": "image_utility_calibration", "stage": "initial_grid", "done": 310, "total": 1216, "failed": 0, "last_update": 1791134996.032473, "elapsed_seconds": 27897.085980176926}
{"part": "image_utility_calibration", "stage": "initial_grid", "done": 311, "total": 1216, "failed": 0, "last_update": 1791134996.3226922, "elapsed_seconds": 27897.376199245453}
{"part": "image_utility_calibration", "stage": "initial_grid", "done": 312, "total": 1216, "failed": 0, "last_update": 1791135000.350122, "elapsed_seconds": 27901.40362906456}
{"part": "image_utility_calibration", "stage": "initial_grid", "done": 313, "total": 1216, "failed": 0, "last_update": 1791135331.2965472, "elapsed_seconds": 28232.350055217743}
{"part": "image_utility_calibration", "stage": "initial_grid", "done": 314, "total": 1216, "failed": 0, "last_update": 1791135339.9244108, "elapsed_seconds": 28240.977919101715}
{"part": "image_utility_calibration", "stage": "initial_grid", "done": 315, "total": 1216, "failed": 0, "last_update": 1791135340.070218, "elapsed_seconds": 28241.123725175858}
{"part": "image_utility_calibration", "stage": "initial_grid", "done": 316, "total": 1216, "failed": 0, "last_update": 1791135344.0813272, "elapsed_seconds": 28245.134835243225}
{"part": "image_utility_calibration", "stage": "initial_grid", "done": 317, "total": 1216, "failed": 0, "last_update": 1791135675.257699, "elapsed_seconds": 28576.31120610237}
{"part": "image_utility_calibration", "stage": "initial_grid", "done": 318, "total": 1216, "failed": 0, "last_update": 1791135683.381134, "elapsed_seconds": 28584.434641122818}
{"part": "image_utility_calibration", "stage": "initial_grid", "done": 319, "total": 1216, "failed": 0, "last_update": 1791135683.890143, "elapsed_seconds": 28584.943650007248}
{"part": "image_utility_calibration", "stage": "initial_grid", "done": 320, "total": 1216, "failed": 0, "last_update": 1791135687.386536, "elapsed_seconds": 28588.440044164658}
{"part": "image_utility_calibration", "stage": "initial_grid", "done": 321, "total": 1216, "failed": 0, "last_update": 1791136100.390406, "elapsed_seconds": 29001.44391298294}
{"part": "image_utility_calibration", "stage": "initial_grid", "done": 322, "total": 1216, "failed": 0, "last_update": 1791136107.766363, "elapsed_seconds": 29008.819869995117}
{"part": "image_utility_calibration", "stage": "initial_grid", "done": 323, "total": 1216, "failed": 0, "last_update": 1791136110.61453, "elapsed_seconds": 29011.668037176132}
{"part": "image_utility_calibration", "stage": "initial_grid", "done": 324, "total": 1216, "failed": 0, "last_update": 1791136113.1714802, "elapsed_seconds": 29014.224987268448}
{"part": "image_utility_calibration", "stage": "initial_grid", "done": 325, "total": 1216, "failed": 0, "last_update": 1791136524.297628, "elapsed_seconds": 29425.351135015488}
{"part": "image_utility_calibration", "stage": "initial_grid", "done": 326, "total": 1216, "failed": 0, "last_update": 1791136532.5766022, "elapsed_seconds": 29433.63010931015}
{"part": "image_utility_calibration", "stage": "initial_grid", "done": 327, "total": 1216, "failed": 0, "last_update": 1791136533.8167942, "elapsed_seconds": 29434.870301246643}
{"part": "image_utility_calibration", "stage": "initial_grid", "done": 328, "total": 1216, "failed": 0, "last_update": 1791136536.8233411, "elapsed_seconds": 29437.876848220825}
{"part": "image_utility_calibration", "stage": "initial_grid", "done": 329, "total": 1216, "failed": 0, "last_update": 1791136948.279045, "elapsed_seconds": 29849.332552194595}
{"part": "image_utility_calibration", "stage": "initial_grid", "done": 330, "total": 1216, "failed": 0, "last_update": 1791136957.146423, "elapsed_seconds": 29858.19993019104}
{"part": "image_utility_calibration", "stage": "initial_grid", "done": 331, "total": 1216, "failed": 0, "last_update": 1791136958.261491, "elapsed_seconds": 29859.314998149872}
{"part": "image_utility_calibration", "stage": "initial_grid", "done": 332, "total": 1216, "failed": 0, "last_update": 1791136960.542763, "elapsed_seconds": 29861.59627008438}
{"part": "image_utility_calibration", "stage": "initial_grid", "done": 333, "total": 1216, "failed": 0, "last_update": 1791137376.326699, "elapsed_seconds": 30277.380207061768}
{"part": "image_utility_calibration", "stage": "initial_grid", "done": 334, "total": 1216, "failed": 0, "last_update": 1791137384.332011, "elapsed_seconds": 30285.38551902771}
{"part": "image_utility_calibration", "stage": "initial_grid", "done": 335, "total": 1216, "failed": 0, "last_update": 1791137384.775278, "elapsed_seconds": 30285.828785181046}
{"part": "image_utility_calibration", "stage": "initial_grid", "done": 336, "total": 1216, "failed": 0, "last_update": 1791137386.673943, "elapsed_seconds": 30287.72745013237}
{"part": "image_utility_calibration", "stage": "initial_grid", "done": 337, "total": 1216, "failed": 0, "last_update": 1791137745.618846, "elapsed_seconds": 30646.67235302925}
{"part": "image_utility_calibration", "stage": "initial_grid", "done": 338, "total": 1216, "failed": 0, "last_update": 1791137753.696654, "elapsed_seconds": 30654.75016117096}
{"part": "image_utility_calibration", "stage": "initial_grid", "done": 339, "total": 1216, "failed": 0, "last_update": 1791137753.866274, "elapsed_seconds": 30654.91978120804}
{"part": "image_utility_calibration", "stage": "initial_grid", "done": 340, "total": 1216, "failed": 0, "last_update": 1791137754.827345, "elapsed_seconds": 30655.880851984024}
{"part": "image_utility_calibration", "stage": "initial_grid", "done": 341, "total": 1216, "failed": 0, "last_update": 1791138114.6483788, "elapsed_seconds": 31015.701885938644}
{"part": "image_utility_calibration", "stage": "initial_grid", "done": 342, "total": 1216, "failed": 0, "last_update": 1791138122.756149, "elapsed_seconds": 31023.809657096863}
{"part": "image_utility_calibration", "stage": "initial_grid", "done": 343, "total": 1216, "failed": 0, "last_update": 1791138122.835691, "elapsed_seconds": 31023.889198064804}
{"part": "image_utility_calibration", "stage": "initial_grid", "done": 344, "total": 1216, "failed": 0, "last_update": 1791138124.0891688, "elapsed_seconds": 31025.142675876617}
{"part": "image_utility_calibration", "stage": "initial_grid", "done": 345, "total": 1216, "failed": 0, "last_update": 1791138483.3806772, "elapsed_seconds": 31384.43418431282}
{"part": "image_utility_calibration", "stage": "initial_grid", "done": 346, "total": 1216, "failed": 0, "last_update": 1791138491.159253, "elapsed_seconds": 31392.21275997162}
{"part": "image_utility_calibration", "stage": "initial_grid", "done": 347, "total": 1216, "failed": 0, "last_update": 1791138491.833774, "elapsed_seconds": 31392.887281179428}
{"part": "image_utility_calibration", "stage": "initial_grid", "done": 348, "total": 1216, "failed": 0, "last_update": 1791138491.941804, "elapsed_seconds": 31392.995311021805}
{"part": "image_utility_calibration", "stage": "initial_grid", "done": 349, "total": 1216, "failed": 0, "last_update": 1791138851.8667479, "elapsed_seconds": 31752.92025589943}
{"part": "image_utility_calibration", "stage": "initial_grid", "done": 350, "total": 1216, "failed": 0, "last_update": 1791138858.540094, "elapsed_seconds": 31759.593600988388}
{"part": "image_utility_calibration", "stage": "initial_grid", "done": 351, "total": 1216, "failed": 0, "last_update": 1791138859.281892, "elapsed_seconds": 31760.33539915085}
{"part": "image_utility_calibration", "stage": "initial_grid", "done": 352, "total": 1216, "failed": 0, "last_update": 1791138859.771561, "elapsed_seconds": 31760.82506799698}
{"part": "image_utility_calibration", "stage": "initial_grid", "done": 353, "total": 1216, "failed": 0, "last_update": 1791139196.430603, "elapsed_seconds": 32097.48411011696}
{"part": "image_utility_calibration", "stage": "initial_grid", "done": 354, "total": 1216, "failed": 0, "last_update": 1791139202.068727, "elapsed_seconds": 32103.122234106064}
{"part": "image_utility_calibration", "stage": "initial_grid", "done": 355, "total": 1216, "failed": 0, "last_update": 1791139202.8251252, "elapsed_seconds": 32103.87863302231}
{"part": "image_utility_calibration", "stage": "initial_grid", "done": 356, "total": 1216, "failed": 0, "last_update": 1791139203.513367, "elapsed_seconds": 32104.566875219345}
{"part": "image_utility_calibration", "stage": "initial_grid", "done": 357, "total": 1216, "failed": 0, "last_update": 1791139540.9146082, "elapsed_seconds": 32441.968115329742}
{"part": "image_utility_calibration", "stage": "initial_grid", "done": 358, "total": 1216, "failed": 0, "last_update": 1791139546.0231402, "elapsed_seconds": 32447.07664823532}
{"part": "image_utility_calibration", "stage": "initial_grid", "done": 359, "total": 1216, "failed": 0, "last_update": 1791139546.668482, "elapsed_seconds": 32447.721989154816}
{"part": "image_utility_calibration", "stage": "initial_grid", "done": 360, "total": 1216, "failed": 0, "last_update": 1791139548.1302001, "elapsed_seconds": 32449.183707237244}
{"part": "image_utility_calibration", "stage": "initial_grid", "done": 361, "total": 1216, "failed": 0, "last_update": 1791139885.745367, "elapsed_seconds": 32786.798874139786}
{"part": "image_utility_calibration", "stage": "initial_grid", "done": 362, "total": 1216, "failed": 0, "last_update": 1791139889.819312, "elapsed_seconds": 32790.87281918526}
{"part": "image_utility_calibration", "stage": "initial_grid", "done": 363, "total": 1216, "failed": 0, "last_update": 1791139890.469923, "elapsed_seconds": 32791.523430109024}
{"part": "image_utility_calibration", "stage": "initial_grid", "done": 364, "total": 1216, "failed": 0, "last_update": 1791139892.59248, "elapsed_seconds": 32793.645987033844}
{"part": "image_utility_calibration", "stage": "initial_grid", "done": 365, "total": 1216, "failed": 0, "last_update": 1791140230.580961, "elapsed_seconds": 33131.63446807861}
{"part": "image_utility_calibration", "stage": "initial_grid", "done": 366, "total": 1216, "failed": 0, "last_update": 1791140234.503118, "elapsed_seconds": 33135.55662512779}
{"part": "image_utility_calibration", "stage": "initial_grid", "done": 367, "total": 1216, "failed": 0, "last_update": 1791140234.532021, "elapsed_seconds": 33135.585529088974}
{"part": "image_utility_calibration", "stage": "initial_grid", "done": 368, "total": 1216, "failed": 0, "last_update": 1791140236.843104, "elapsed_seconds": 33137.896610975266}
{"part": "image_utility_calibration", "stage": "initial_grid", "done": 369, "total": 1216, "failed": 0, "last_update": 1791140576.295459, "elapsed_seconds": 33477.34896612167}
{"part": "image_utility_calibration", "stage": "initial_grid", "done": 370, "total": 1216, "failed": 0, "last_update": 1791140579.412469, "elapsed_seconds": 33480.46597599983}
{"part": "image_utility_calibration", "stage": "initial_grid", "done": 371, "total": 1216, "failed": 0, "last_update": 1791140579.4739041, "elapsed_seconds": 33480.52741122246}
{"part": "image_utility_calibration", "stage": "initial_grid", "done": 372, "total": 1216, "failed": 0, "last_update": 1791140581.535224, "elapsed_seconds": 33482.58873105049}
{"part": "image_utility_calibration", "stage": "initial_grid", "done": 373, "total": 1216, "failed": 0, "last_update": 1791140921.389426, "elapsed_seconds": 33822.44293308258}
{"part": "image_utility_calibration", "stage": "initial_grid", "done": 374, "total": 1216, "failed": 0, "last_update": 1791140923.3440928, "elapsed_seconds": 33824.397601127625}
{"part": "image_utility_calibration", "stage": "initial_grid", "done": 375, "total": 1216, "failed": 0, "last_update": 1791140924.2484, "elapsed_seconds": 33825.30190706253}
{"part": "image_utility_calibration", "stage": "initial_grid", "done": 376, "total": 1216, "failed": 0, "last_update": 1791140926.423001, "elapsed_seconds": 33827.476508140564}
{"part": "image_utility_calibration", "stage": "initial_grid", "done": 377, "total": 1216, "failed": 0, "last_update": 1791141267.342627, "elapsed_seconds": 34168.39613413811}
{"part": "image_utility_calibration", "stage": "initial_grid", "done": 378, "total": 1216, "failed": 0, "last_update": 1791141268.885791, "elapsed_seconds": 34169.93929815292}
{"part": "image_utility_calibration", "stage": "initial_grid", "done": 379, "total": 1216, "failed": 0, "last_update": 1791141269.8964639, "elapsed_seconds": 34170.94997096062}
{"part": "image_utility_calibration", "stage": "initial_grid", "done": 380, "total": 1216, "failed": 0, "last_update": 1791141272.325541, "elapsed_seconds": 34173.379048109055}
{"part": "image_utility_calibration", "stage": "initial_grid", "done": 381, "total": 1216, "failed": 0, "last_update": 1791141613.7548301, "elapsed_seconds": 34514.80833721161}
{"part": "image_utility_calibration", "stage": "initial_grid", "done": 382, "total": 1216, "failed": 0, "last_update": 1791141613.7855868, "elapsed_seconds": 34514.83909392357}
{"part": "image_utility_calibration", "stage": "initial_grid", "done": 383, "total": 1216, "failed": 0, "last_update": 1791141614.899528, "elapsed_seconds": 34515.953035116196}
{"part": "image_utility_calibration", "stage": "initial_grid", "done": 384, "total": 1216, "failed": 0, "last_update": 1791141617.234803, "elapsed_seconds": 34518.28831100464}
{"part": "image_utility_calibration", "stage": "initial_grid", "done": 385, "total": 1216, "failed": 0, "last_update": 1791141958.63085, "elapsed_seconds": 34859.68435716629}
{"part": "image_utility_calibration", "stage": "initial_grid", "done": 386, "total": 1216, "failed": 0, "last_update": 1791141958.803521, "elapsed_seconds": 34859.85702800751}
{"part": "image_utility_calibration", "stage": "initial_grid", "done": 387, "total": 1216, "failed": 0, "last_update": 1791141959.052137, "elapsed_seconds": 34860.105643987656}
{"part": "image_utility_calibration", "stage": "initial_grid", "done": 388, "total": 1216, "failed": 0, "last_update": 1791141961.454119, "elapsed_seconds": 34862.50762605667}
{"part": "image_utility_calibration", "stage": "initial_grid", "done": 389, "total": 1216, "failed": 0, "last_update": 1791142302.3108149, "elapsed_seconds": 35203.3643219471}
{"part": "image_utility_calibration", "stage": "initial_grid", "done": 390, "total": 1216, "failed": 0, "last_update": 1791142302.9242508, "elapsed_seconds": 35203.977757930756}
{"part": "image_utility_calibration", "stage": "initial_grid", "done": 391, "total": 1216, "failed": 0, "last_update": 1791142303.092042, "elapsed_seconds": 35204.145549058914}
{"part": "image_utility_calibration", "stage": "initial_grid", "done": 392, "total": 1216, "failed": 0, "last_update": 1791142304.8354099, "elapsed_seconds": 35205.88891792297}
{"part": "image_utility_calibration", "stage": "initial_grid", "done": 393, "total": 1216, "failed": 0, "last_update": 1791142649.341163, "elapsed_seconds": 35550.39467000961}
{"part": "image_utility_calibration", "stage": "initial_grid", "done": 394, "total": 1216, "failed": 0, "last_update": 1791142649.638974, "elapsed_seconds": 35550.692481040955}
{"part": "image_utility_calibration", "stage": "initial_grid", "done": 395, "total": 1216, "failed": 0, "last_update": 1791142649.6665, "elapsed_seconds": 35550.72000813484}
{"part": "image_utility_calibration", "stage": "initial_grid", "done": 396, "total": 1216, "failed": 0, "last_update": 1791142651.138968, "elapsed_seconds": 35552.19247627258}
{"part": "image_utility_calibration", "stage": "initial_grid", "done": 397, "total": 1216, "failed": 0, "last_update": 1791142997.437931, "elapsed_seconds": 35898.491438150406}
{"part": "image_utility_calibration", "stage": "initial_grid", "done": 398, "total": 1216, "failed": 0, "last_update": 1791142997.577303, "elapsed_seconds": 35898.630810022354}
{"part": "image_utility_calibration", "stage": "initial_grid", "done": 399, "total": 1216, "failed": 0, "last_update": 1791142997.882318, "elapsed_seconds": 35898.935826301575}
{"part": "image_utility_calibration", "stage": "initial_grid", "done": 400, "total": 1216, "failed": 0, "last_update": 1791142998.430563, "elapsed_seconds": 35899.48407006264}
{"part": "image_utility_calibration", "stage": "initial_grid", "done": 401, "total": 1216, "failed": 0, "last_update": 1791143344.233118, "elapsed_seconds": 36245.28662610054}
{"part": "image_utility_calibration", "stage": "initial_grid", "done": 402, "total": 1216, "failed": 0, "last_update": 1791143345.251213, "elapsed_seconds": 36246.304720163345}
{"part": "image_utility_calibration", "stage": "initial_grid", "done": 403, "total": 1216, "failed": 0, "last_update": 1791143345.361645, "elapsed_seconds": 36246.41515207291}
{"part": "image_utility_calibration", "stage": "initial_grid", "done": 404, "total": 1216, "failed": 0, "last_update": 1791143349.475646, "elapsed_seconds": 36250.5291531086}
{"part": "image_utility_calibration", "stage": "initial_grid", "done": 405, "total": 1216, "failed": 0, "last_update": 1791143692.604908, "elapsed_seconds": 36593.65841603279}
{"part": "image_utility_calibration", "stage": "initial_grid", "done": 406, "total": 1216, "failed": 0, "last_update": 1791143692.834014, "elapsed_seconds": 36593.88752102852}
{"part": "image_utility_calibration", "stage": "initial_grid", "done": 407, "total": 1216, "failed": 0, "last_update": 1791143697.13851, "elapsed_seconds": 36598.1920170784}
{"part": "image_utility_calibration", "stage": "initial_grid", "done": 408, "total": 1216, "failed": 0, "last_update": 1791143698.382686, "elapsed_seconds": 36599.43619298935}
{"part": "image_utility_calibration", "stage": "initial_grid", "done": 409, "total": 1216, "failed": 0, "last_update": 1791144041.490946, "elapsed_seconds": 36942.54445314407}
{"part": "image_utility_calibration", "stage": "initial_grid", "done": 410, "total": 1216, "failed": 0, "last_update": 1791144041.6111722, "elapsed_seconds": 36942.66468024254}
{"part": "image_utility_calibration", "stage": "initial_grid", "done": 411, "total": 1216, "failed": 0, "last_update": 1791144044.846032, "elapsed_seconds": 36945.899538993835}
{"part": "image_utility_calibration", "stage": "initial_grid", "done": 412, "total": 1216, "failed": 0, "last_update": 1791144045.33503, "elapsed_seconds": 36946.3885371685}
{"part": "image_utility_calibration", "stage": "initial_grid", "done": 413, "total": 1216, "failed": 0, "last_update": 1791144389.048503, "elapsed_seconds": 37290.102011203766}
{"part": "image_utility_calibration", "stage": "initial_grid", "done": 414, "total": 1216, "failed": 0, "last_update": 1791144389.689982, "elapsed_seconds": 37290.7434899807}
{"part": "image_utility_calibration", "stage": "initial_grid", "done": 415, "total": 1216, "failed": 0, "last_update": 1791144391.8794408, "elapsed_seconds": 37292.93294787407}
{"part": "image_utility_calibration", "stage": "initial_grid", "done": 416, "total": 1216, "failed": 0, "last_update": 1791144392.148512, "elapsed_seconds": 37293.20201897621}
{"part": "image_utility_calibration", "stage": "initial_grid", "done": 417, "total": 1216, "failed": 0, "last_update": 1791144736.351295, "elapsed_seconds": 37637.40480303764}
{"part": "image_utility_calibration", "stage": "initial_grid", "done": 418, "total": 1216, "failed": 0, "last_update": 1791144736.631149, "elapsed_seconds": 37637.68465614319}
{"part": "image_utility_calibration", "stage": "initial_grid", "done": 419, "total": 1216, "failed": 0, "last_update": 1791144738.0066931, "elapsed_seconds": 37639.060200214386}
{"part": "image_utility_calibration", "stage": "initial_grid", "done": 420, "total": 1216, "failed": 0, "last_update": 1791144739.247093, "elapsed_seconds": 37640.300601005554}
{"part": "image_utility_calibration", "stage": "initial_grid", "done": 421, "total": 1216, "failed": 0, "last_update": 1791145084.358888, "elapsed_seconds": 37985.41239500046}
{"part": "image_utility_calibration", "stage": "initial_grid", "done": 422, "total": 1216, "failed": 0, "last_update": 1791145084.7457001, "elapsed_seconds": 37985.79920721054}
{"part": "image_utility_calibration", "stage": "initial_grid", "done": 423, "total": 1216, "failed": 0, "last_update": 1791145086.067059, "elapsed_seconds": 37987.120566129684}
{"part": "image_utility_calibration", "stage": "initial_grid", "done": 424, "total": 1216, "failed": 0, "last_update": 1791145087.362154, "elapsed_seconds": 37988.41566109657}
{"part": "image_utility_calibration", "stage": "initial_grid", "done": 425, "total": 1216, "failed": 0, "last_update": 1791145432.2305899, "elapsed_seconds": 38333.28409695625}
{"part": "image_utility_calibration", "stage": "initial_grid", "done": 426, "total": 1216, "failed": 0, "last_update": 1791145432.415391, "elapsed_seconds": 38333.46889805794}
{"part": "image_utility_calibration", "stage": "initial_grid", "done": 427, "total": 1216, "failed": 0, "last_update": 1791145433.531559, "elapsed_seconds": 38334.58506608009}
{"part": "image_utility_calibration", "stage": "initial_grid", "done": 428, "total": 1216, "failed": 0, "last_update": 1791145434.287744, "elapsed_seconds": 38335.34125208855}
{"part": "image_utility_calibration", "stage": "initial_grid", "done": 429, "total": 1216, "failed": 0, "last_update": 1791145780.15193, "elapsed_seconds": 38681.20543718338}
{"part": "image_utility_calibration", "stage": "initial_grid", "done": 430, "total": 1216, "failed": 0, "last_update": 1791145780.453909, "elapsed_seconds": 38681.507417201996}
{"part": "image_utility_calibration", "stage": "initial_grid", "done": 431, "total": 1216, "failed": 0, "last_update": 1791145781.631181, "elapsed_seconds": 38682.68468809128}
{"part": "image_utility_calibration", "stage": "initial_grid", "done": 432, "total": 1216, "failed": 0, "last_update": 1791145781.6669178, "elapsed_seconds": 38682.72042489052}
{"part": "image_utility_calibration", "stage": "initial_grid", "done": 433, "total": 1216, "failed": 0, "last_update": 1791146127.012534, "elapsed_seconds": 39028.06604099274}
{"part": "image_utility_calibration", "stage": "initial_grid", "done": 434, "total": 1216, "failed": 0, "last_update": 1791146127.5178518, "elapsed_seconds": 39028.57136011124}
{"part": "image_utility_calibration", "stage": "initial_grid", "done": 435, "total": 1216, "failed": 0, "last_update": 1791146127.8505301, "elapsed_seconds": 39028.90403723717}
{"part": "image_utility_calibration", "stage": "initial_grid", "done": 436, "total": 1216, "failed": 0, "last_update": 1791146133.026855, "elapsed_seconds": 39034.0803630352}
{"part": "image_utility_calibration", "stage": "initial_grid", "done": 437, "total": 1216, "failed": 0, "last_update": 1791146472.841463, "elapsed_seconds": 39373.89497113228}
{"part": "image_utility_calibration", "stage": "initial_grid", "done": 438, "total": 1216, "failed": 0, "last_update": 1791146473.171916, "elapsed_seconds": 39374.22542309761}
{"part": "image_utility_calibration", "stage": "initial_grid", "done": 439, "total": 1216, "failed": 0, "last_update": 1791146473.336309, "elapsed_seconds": 39374.38981604576}
{"part": "image_utility_calibration", "stage": "initial_grid", "done": 440, "total": 1216, "failed": 0, "last_update": 1791146478.230494, "elapsed_seconds": 39379.284001111984}
{"part": "image_utility_calibration", "stage": "initial_grid", "done": 441, "total": 1216, "failed": 0, "last_update": 1791146817.4428859, "elapsed_seconds": 39718.49639296532}
{"part": "image_utility_calibration", "stage": "initial_grid", "done": 442, "total": 1216, "failed": 0, "last_update": 1791146817.933027, "elapsed_seconds": 39718.98653411865}
{"part": "image_utility_calibration", "stage": "initial_grid", "done": 443, "total": 1216, "failed": 0, "last_update": 1791146818.040341, "elapsed_seconds": 39719.093847990036}
{"part": "image_utility_calibration", "stage": "initial_grid", "done": 444, "total": 1216, "failed": 0, "last_update": 1791146822.141568, "elapsed_seconds": 39723.195075035095}
{"part": "image_utility_calibration", "stage": "initial_grid", "done": 445, "total": 1216, "failed": 0, "last_update": 1791147161.7334552, "elapsed_seconds": 40062.78696227074}
{"part": "image_utility_calibration", "stage": "initial_grid", "done": 446, "total": 1216, "failed": 0, "last_update": 1791147161.915484, "elapsed_seconds": 40062.96899104118}
{"part": "image_utility_calibration", "stage": "initial_grid", "done": 447, "total": 1216, "failed": 0, "last_update": 1791147161.983412, "elapsed_seconds": 40063.036919116974}
{"part": "image_utility_calibration", "stage": "initial_grid", "done": 448, "total": 1216, "failed": 0, "last_update": 1791147165.491022, "elapsed_seconds": 40066.5445291996}
{"part": "image_utility_calibration", "stage": "initial_grid", "done": 449, "total": 1216, "failed": 0, "last_update": 1791147507.816109, "elapsed_seconds": 40408.86961722374}
{"part": "image_utility_calibration", "stage": "initial_grid", "done": 450, "total": 1216, "failed": 0, "last_update": 1791147507.835619, "elapsed_seconds": 40408.88912606239}
{"part": "image_utility_calibration", "stage": "initial_grid", "done": 451, "total": 1216, "failed": 0, "last_update": 1791147507.994205, "elapsed_seconds": 40409.04771208763}
{"part": "image_utility_calibration", "stage": "initial_grid", "done": 452, "total": 1216, "failed": 0, "last_update": 1791147510.338563, "elapsed_seconds": 40411.3920712471}
{"part": "image_utility_calibration", "stage": "initial_grid", "done": 453, "total": 1216, "failed": 0, "last_update": 1791147853.395767, "elapsed_seconds": 40754.44927406311}
{"part": "image_utility_calibration", "stage": "initial_grid", "done": 454, "total": 1216, "failed": 0, "last_update": 1791147854.141472, "elapsed_seconds": 40755.19497919083}
{"part": "image_utility_calibration", "stage": "initial_grid", "done": 455, "total": 1216, "failed": 0, "last_update": 1791147856.1470551, "elapsed_seconds": 40757.20056223869}
{"part": "image_utility_calibration", "stage": "initial_grid", "done": 456, "total": 1216, "failed": 0, "last_update": 1791147859.3493278, "elapsed_seconds": 40760.40283489227}
{"part": "image_utility_calibration", "stage": "initial_grid", "done": 457, "total": 1216, "failed": 0, "last_update": 1791148200.230421, "elapsed_seconds": 41101.2839281559}
{"part": "image_utility_calibration", "stage": "initial_grid", "done": 458, "total": 1216, "failed": 0, "last_update": 1791148200.552267, "elapsed_seconds": 41101.6057741642}
{"part": "image_utility_calibration", "stage": "initial_grid", "done": 459, "total": 1216, "failed": 0, "last_update": 1791148202.441979, "elapsed_seconds": 41103.49548602104}
{"part": "image_utility_calibration", "stage": "initial_grid", "done": 460, "total": 1216, "failed": 0, "last_update": 1791148205.566484, "elapsed_seconds": 41106.619992017746}
{"part": "image_utility_calibration", "stage": "initial_grid", "done": 461, "total": 1216, "failed": 0, "last_update": 1791148546.158855, "elapsed_seconds": 41447.21236205101}
{"part": "image_utility_calibration", "stage": "initial_grid", "done": 462, "total": 1216, "failed": 0, "last_update": 1791148547.149146, "elapsed_seconds": 41448.20265316963}
{"part": "image_utility_calibration", "stage": "initial_grid", "done": 463, "total": 1216, "failed": 0, "last_update": 1791148548.4452622, "elapsed_seconds": 41449.498769283295}
{"part": "image_utility_calibration", "stage": "initial_grid", "done": 464, "total": 1216, "failed": 0, "last_update": 1791148551.6446002, "elapsed_seconds": 41452.698107242584}
{"part": "image_utility_calibration", "stage": "initial_grid", "done": 465, "total": 1216, "failed": 0, "last_update": 1791148898.0942972, "elapsed_seconds": 41799.147804260254}
{"part": "image_utility_calibration", "stage": "initial_grid", "done": 466, "total": 1216, "failed": 0, "last_update": 1791148898.889287, "elapsed_seconds": 41799.94279408455}
{"part": "image_utility_calibration", "stage": "initial_grid", "done": 467, "total": 1216, "failed": 0, "last_update": 1791148900.2619479, "elapsed_seconds": 41801.315455913544}
{"part": "image_utility_calibration", "stage": "initial_grid", "done": 468, "total": 1216, "failed": 0, "last_update": 1791148903.2355871, "elapsed_seconds": 41804.28909420967}
{"part": "image_utility_calibration", "stage": "initial_grid", "done": 469, "total": 1216, "failed": 0, "last_update": 1791149248.76999, "elapsed_seconds": 42149.82349705696}
{"part": "image_utility_calibration", "stage": "initial_grid", "done": 470, "total": 1216, "failed": 0, "last_update": 1791149251.864615, "elapsed_seconds": 42152.91812205315}
{"part": "image_utility_calibration", "stage": "initial_grid", "done": 471, "total": 1216, "failed": 0, "last_update": 1791149253.8699698, "elapsed_seconds": 42154.92347693443}
{"part": "image_utility_calibration", "stage": "initial_grid", "done": 472, "total": 1216, "failed": 0, "last_update": 1791149254.410918, "elapsed_seconds": 42155.464425086975}
{"part": "image_utility_calibration", "stage": "initial_grid", "done": 473, "total": 1216, "failed": 0, "last_update": 1791149598.9994822, "elapsed_seconds": 42500.05298924446}
{"part": "image_utility_calibration", "stage": "initial_grid", "done": 474, "total": 1216, "failed": 0, "last_update": 1791149602.9917922, "elapsed_seconds": 42504.04530000687}
{"part": "image_utility_calibration", "stage": "initial_grid", "done": 475, "total": 1216, "failed": 0, "last_update": 1791149603.868272, "elapsed_seconds": 42504.92177915573}
{"part": "image_utility_calibration", "stage": "initial_grid", "done": 476, "total": 1216, "failed": 0, "last_update": 1791149607.016832, "elapsed_seconds": 42508.07033920288}
{"part": "image_utility_calibration", "stage": "initial_grid", "done": 477, "total": 1216, "failed": 0, "last_update": 1791149951.499668, "elapsed_seconds": 42852.553174972534}
{"part": "image_utility_calibration", "stage": "initial_grid", "done": 478, "total": 1216, "failed": 0, "last_update": 1791149955.560975, "elapsed_seconds": 42856.61448216438}
{"part": "image_utility_calibration", "stage": "initial_grid", "done": 479, "total": 1216, "failed": 0, "last_update": 1791149956.1120708, "elapsed_seconds": 42857.16557908058}
{"part": "image_utility_calibration", "stage": "initial_grid", "done": 480, "total": 1216, "failed": 0, "last_update": 1791149958.596388, "elapsed_seconds": 42859.64989519119}
{"part": "image_utility_calibration", "stage": "initial_grid", "done": 481, "total": 1216, "failed": 0, "last_update": 1791150300.1229389, "elapsed_seconds": 43201.17644691467}
{"part": "image_utility_calibration", "stage": "initial_grid", "done": 482, "total": 1216, "failed": 0, "last_update": 1791150302.966489, "elapsed_seconds": 43204.01999616623}
{"part": "image_utility_calibration", "stage": "initial_grid", "done": 483, "total": 1216, "failed": 0, "last_update": 1791150304.3015869, "elapsed_seconds": 43205.355093955994}
{"part": "image_utility_calibration", "stage": "initial_grid", "done": 484, "total": 1216, "failed": 0, "last_update": 1791150305.139081, "elapsed_seconds": 43206.1925880909}
{"part": "image_utility_calibration", "stage": "initial_grid", "done": 485, "total": 1216, "failed": 0, "last_update": 1791150647.867929, "elapsed_seconds": 43548.92143726349}
{"part": "image_utility_calibration", "stage": "initial_grid", "done": 486, "total": 1216, "failed": 0, "last_update": 1791150650.498286, "elapsed_seconds": 43551.55179309845}
{"part": "image_utility_calibration", "stage": "initial_grid", "done": 487, "total": 1216, "failed": 0, "last_update": 1791150651.946186, "elapsed_seconds": 43552.99969315529}
{"part": "image_utility_calibration", "stage": "initial_grid", "done": 488, "total": 1216, "failed": 0, "last_update": 1791150652.024117, "elapsed_seconds": 43553.077624082565}
{"part": "image_utility_calibration", "stage": "initial_grid", "done": 489, "total": 1216, "failed": 0, "last_update": 1791150995.631188, "elapsed_seconds": 43896.68469500542}
{"part": "image_utility_calibration", "stage": "initial_grid", "done": 490, "total": 1216, "failed": 0, "last_update": 1791150997.947403, "elapsed_seconds": 43899.00091004372}
{"part": "image_utility_calibration", "stage": "initial_grid", "done": 491, "total": 1216, "failed": 0, "last_update": 1791150999.140207, "elapsed_seconds": 43900.19371533394}
{"part": "image_utility_calibration", "stage": "initial_grid", "done": 492, "total": 1216, "failed": 0, "last_update": 1791151000.098461, "elapsed_seconds": 43901.15196800232}
{"part": "image_utility_calibration", "stage": "initial_grid", "done": 493, "total": 1216, "failed": 0, "last_update": 1791151345.0355232, "elapsed_seconds": 44246.08903121948}
{"part": "image_utility_calibration", "stage": "initial_grid", "done": 494, "total": 1216, "failed": 0, "last_update": 1791151346.050973, "elapsed_seconds": 44247.10448002815}
{"part": "image_utility_calibration", "stage": "initial_grid", "done": 495, "total": 1216, "failed": 0, "last_update": 1791151347.326366, "elapsed_seconds": 44248.37987399101}
{"part": "image_utility_calibration", "stage": "initial_grid", "done": 496, "total": 1216, "failed": 0, "last_update": 1791151352.113055, "elapsed_seconds": 44253.16656208038}
{"part": "image_utility_calibration", "stage": "initial_grid", "done": 497, "total": 1216, "failed": 0, "last_update": 1791151692.952333, "elapsed_seconds": 44594.005840063095}
{"part": "image_utility_calibration", "stage": "initial_grid", "done": 498, "total": 1216, "failed": 0, "last_update": 1791151693.557647, "elapsed_seconds": 44594.61115503311}
{"part": "image_utility_calibration", "stage": "initial_grid", "done": 499, "total": 1216, "failed": 0, "last_update": 1791151699.3173509, "elapsed_seconds": 44600.3708589077}
{"part": "image_utility_calibration", "stage": "initial_grid", "done": 500, "total": 1216, "failed": 0, "last_update": 1791151700.160034, "elapsed_seconds": 44601.213541030884}
{"part": "image_utility_calibration", "stage": "initial_grid", "done": 501, "total": 1216, "failed": 0, "last_update": 1791152040.9974022, "elapsed_seconds": 44942.05090928078}
{"part": "image_utility_calibration", "stage": "initial_grid", "done": 502, "total": 1216, "failed": 0, "last_update": 1791152041.232942, "elapsed_seconds": 44942.286449193954}
{"part": "image_utility_calibration", "stage": "initial_grid", "done": 503, "total": 1216, "failed": 0, "last_update": 1791152046.669663, "elapsed_seconds": 44947.72317099571}
{"part": "image_utility_calibration", "stage": "initial_grid", "done": 504, "total": 1216, "failed": 0, "last_update": 1791152048.023602, "elapsed_seconds": 44949.077109098434}
{"part": "image_utility_calibration", "stage": "initial_grid", "done": 505, "total": 1216, "failed": 0, "last_update": 1791152388.22545, "elapsed_seconds": 45289.278957128525}
{"part": "image_utility_calibration", "stage": "initial_grid", "done": 506, "total": 1216, "failed": 0, "last_update": 1791152389.132791, "elapsed_seconds": 45290.18629813194}
{"part": "image_utility_calibration", "stage": "initial_grid", "done": 507, "total": 1216, "failed": 0, "last_update": 1791152393.886336, "elapsed_seconds": 45294.939843177795}
{"part": "image_utility_calibration", "stage": "initial_grid", "done": 508, "total": 1216, "failed": 0, "last_update": 1791152394.949156, "elapsed_seconds": 45296.00266313553}
{"part": "image_utility_calibration", "stage": "initial_grid", "done": 509, "total": 1216, "failed": 0, "last_update": 1791152736.50786, "elapsed_seconds": 45637.56136798859}
{"part": "image_utility_calibration", "stage": "initial_grid", "done": 510, "total": 1216, "failed": 0, "last_update": 1791152737.5428789, "elapsed_seconds": 45638.59638595581}
{"part": "image_utility_calibration", "stage": "initial_grid", "done": 511, "total": 1216, "failed": 0, "last_update": 1791152742.199276, "elapsed_seconds": 45643.252783060074}
{"part": "image_utility_calibration", "stage": "initial_grid", "done": 512, "total": 1216, "failed": 0, "last_update": 1791152742.885057, "elapsed_seconds": 45643.93856525421}
{"part": "image_utility_calibration", "stage": "initial_grid", "done": 513, "total": 1216, "failed": 0, "last_update": 1791153084.004997, "elapsed_seconds": 45985.058504104614}
{"part": "image_utility_calibration", "stage": "initial_grid", "done": 514, "total": 1216, "failed": 0, "last_update": 1791153084.5685089, "elapsed_seconds": 45985.622015953064}
{"part": "image_utility_calibration", "stage": "initial_grid", "done": 515, "total": 1216, "failed": 0, "last_update": 1791153089.507992, "elapsed_seconds": 45990.561499118805}
{"part": "image_utility_calibration", "stage": "initial_grid", "done": 516, "total": 1216, "failed": 0, "last_update": 1791153089.7316191, "elapsed_seconds": 45990.78512620926}
{"part": "image_utility_calibration", "stage": "initial_grid", "done": 517, "total": 1216, "failed": 0, "last_update": 1791153432.353035, "elapsed_seconds": 46333.40654206276}
{"part": "image_utility_calibration", "stage": "initial_grid", "done": 518, "total": 1216, "failed": 0, "last_update": 1791153432.9226, "elapsed_seconds": 46333.976107120514}
{"part": "image_utility_calibration", "stage": "initial_grid", "done": 519, "total": 1216, "failed": 0, "last_update": 1791153436.8802838, "elapsed_seconds": 46337.933790922165}
{"part": "image_utility_calibration", "stage": "initial_grid", "done": 520, "total": 1216, "failed": 0, "last_update": 1791153437.2199638, "elapsed_seconds": 46338.273472070694}
{"part": "image_utility_calibration", "stage": "initial_grid", "done": 521, "total": 1216, "failed": 0, "last_update": 1791153779.243758, "elapsed_seconds": 46680.297265052795}
{"part": "image_utility_calibration", "stage": "initial_grid", "done": 522, "total": 1216, "failed": 0, "last_update": 1791153780.165695, "elapsed_seconds": 46681.2192029953}
{"part": "image_utility_calibration", "stage": "initial_grid", "done": 523, "total": 1216, "failed": 0, "last_update": 1791153783.578062, "elapsed_seconds": 46684.63156914711}
{"part": "image_utility_calibration", "stage": "initial_grid", "done": 524, "total": 1216, "failed": 0, "last_update": 1791153784.646892, "elapsed_seconds": 46685.70040011406}
{"part": "image_utility_calibration", "stage": "initial_grid", "done": 525, "total": 1216, "failed": 0, "last_update": 1791154124.9196842, "elapsed_seconds": 47025.97319126129}
{"part": "image_utility_calibration", "stage": "initial_grid", "done": 526, "total": 1216, "failed": 0, "last_update": 1791154124.973397, "elapsed_seconds": 47026.026905059814}
{"part": "image_utility_calibration", "stage": "initial_grid", "done": 527, "total": 1216, "failed": 0, "last_update": 1791154127.792633, "elapsed_seconds": 47028.846140146255}
{"part": "image_utility_calibration", "stage": "initial_grid", "done": 528, "total": 1216, "failed": 0, "last_update": 1791154129.052798, "elapsed_seconds": 47030.106305122375}
{"part": "image_utility_calibration", "stage": "initial_grid", "done": 529, "total": 1216, "failed": 0, "last_update": 1791154470.1361651, "elapsed_seconds": 47371.189672231674}
{"part": "image_utility_calibration", "stage": "initial_grid", "done": 530, "total": 1216, "failed": 0, "last_update": 1791154470.36835, "elapsed_seconds": 47371.42185807228}
{"part": "image_utility_calibration", "stage": "initial_grid", "done": 531, "total": 1216, "failed": 0, "last_update": 1791154472.533414, "elapsed_seconds": 47373.58692097664}
{"part": "image_utility_calibration", "stage": "initial_grid", "done": 532, "total": 1216, "failed": 0, "last_update": 1791154473.08288, "elapsed_seconds": 47374.13638710976}
{"part": "image_utility_calibration", "stage": "initial_grid", "done": 533, "total": 1216, "failed": 0, "last_update": 1791154816.278511, "elapsed_seconds": 47717.33201813698}
{"part": "image_utility_calibration", "stage": "initial_grid", "done": 534, "total": 1216, "failed": 0, "last_update": 1791154818.073832, "elapsed_seconds": 47719.127340078354}
{"part": "image_utility_calibration", "stage": "initial_grid", "done": 535, "total": 1216, "failed": 0, "last_update": 1791154818.8534222, "elapsed_seconds": 47719.90692925453}
{"part": "image_utility_calibration", "stage": "initial_grid", "done": 536, "total": 1216, "failed": 0, "last_update": 1791154824.966121, "elapsed_seconds": 47726.01962804794}
{"part": "image_utility_calibration", "stage": "initial_grid", "done": 537, "total": 1216, "failed": 0, "last_update": 1791155161.49647, "elapsed_seconds": 48062.54997706413}
{"part": "image_utility_calibration", "stage": "initial_grid", "done": 538, "total": 1216, "failed": 0, "last_update": 1791155163.123198, "elapsed_seconds": 48064.17670607567}
{"part": "image_utility_calibration", "stage": "initial_grid", "done": 539, "total": 1216, "failed": 0, "last_update": 1791155163.7898428, "elapsed_seconds": 48064.843349933624}
{"part": "image_utility_calibration", "stage": "initial_grid", "done": 540, "total": 1216, "failed": 0, "last_update": 1791155170.4938629, "elapsed_seconds": 48071.547370910645}
{"part": "image_utility_calibration", "stage": "initial_grid", "done": 541, "total": 1216, "failed": 0, "last_update": 1791155507.606824, "elapsed_seconds": 48408.66033196449}
{"part": "image_utility_calibration", "stage": "initial_grid", "done": 542, "total": 1216, "failed": 0, "last_update": 1791155508.456991, "elapsed_seconds": 48409.510498046875}
{"part": "image_utility_calibration", "stage": "initial_grid", "done": 543, "total": 1216, "failed": 0, "last_update": 1791155508.987189, "elapsed_seconds": 48410.040696144104}
{"part": "image_utility_calibration", "stage": "initial_grid", "done": 544, "total": 1216, "failed": 0, "last_update": 1791155515.0916219, "elapsed_seconds": 48416.14512896538}
{"part": "image_utility_calibration", "stage": "initial_grid", "done": 545, "total": 1216, "failed": 0, "last_update": 1791155853.1382248, "elapsed_seconds": 48754.19173192978}
{"part": "image_utility_calibration", "stage": "initial_grid", "done": 546, "total": 1216, "failed": 0, "last_update": 1791155853.96684, "elapsed_seconds": 48755.02034711838}
{"part": "image_utility_calibration", "stage": "initial_grid", "done": 547, "total": 1216, "failed": 0, "last_update": 1791155854.3060539, "elapsed_seconds": 48755.35956096649}
{"part": "image_utility_calibration", "stage": "initial_grid", "done": 548, "total": 1216, "failed": 0, "last_update": 1791155860.123063, "elapsed_seconds": 48761.17657017708}
{"part": "image_utility_calibration", "stage": "initial_grid", "done": 549, "total": 1216, "failed": 0, "last_update": 1791156197.928958, "elapsed_seconds": 49098.98246502876}
{"part": "image_utility_calibration", "stage": "initial_grid", "done": 550, "total": 1216, "failed": 0, "last_update": 1791156198.569628, "elapsed_seconds": 49099.62313604355}
{"part": "image_utility_calibration", "stage": "initial_grid", "done": 551, "total": 1216, "failed": 0, "last_update": 1791156199.128476, "elapsed_seconds": 49100.18198299408}
{"part": "image_utility_calibration", "stage": "initial_grid", "done": 552, "total": 1216, "failed": 0, "last_update": 1791156204.041943, "elapsed_seconds": 49105.09545016289}
{"part": "image_utility_calibration", "stage": "initial_grid", "done": 553, "total": 1216, "failed": 0, "last_update": 1791156543.1357498, "elapsed_seconds": 49444.18925690651}
{"part": "image_utility_calibration", "stage": "initial_grid", "done": 554, "total": 1216, "failed": 0, "last_update": 1791156543.161473, "elapsed_seconds": 49444.21498012543}
{"part": "image_utility_calibration", "stage": "initial_grid", "done": 555, "total": 1216, "failed": 0, "last_update": 1791156543.6518762, "elapsed_seconds": 49444.70538330078}
{"part": "image_utility_calibration", "stage": "initial_grid", "done": 556, "total": 1216, "failed": 0, "last_update": 1791156547.9630358, "elapsed_seconds": 49449.01654291153}
{"part": "image_utility_calibration", "stage": "initial_grid", "done": 557, "total": 1216, "failed": 0, "last_update": 1791156887.6862211, "elapsed_seconds": 49788.73972821236}
{"part": "image_utility_calibration", "stage": "initial_grid", "done": 558, "total": 1216, "failed": 0, "last_update": 1791156888.625323, "elapsed_seconds": 49789.678831100464}
{"part": "image_utility_calibration", "stage": "initial_grid", "done": 559, "total": 1216, "failed": 0, "last_update": 1791156889.329688, "elapsed_seconds": 49790.38319516182}
{"part": "image_utility_calibration", "stage": "initial_grid", "done": 560, "total": 1216, "failed": 0, "last_update": 1791156892.1781278, "elapsed_seconds": 49793.23163604736}
{"part": "image_utility_calibration", "stage": "initial_grid", "done": 561, "total": 1216, "failed": 0, "last_update": 1791157232.520245, "elapsed_seconds": 50133.57375216484}
{"part": "image_utility_calibration", "stage": "initial_grid", "done": 562, "total": 1216, "failed": 0, "last_update": 1791157233.631262, "elapsed_seconds": 50134.684769153595}
{"part": "image_utility_calibration", "stage": "initial_grid", "done": 563, "total": 1216, "failed": 0, "last_update": 1791157234.467227, "elapsed_seconds": 50135.520735025406}
{"part": "image_utility_calibration", "stage": "initial_grid", "done": 564, "total": 1216, "failed": 0, "last_update": 1791157236.839155, "elapsed_seconds": 50137.89266204834}
{"part": "image_utility_calibration", "stage": "initial_grid", "done": 565, "total": 1216, "failed": 0, "last_update": 1791157580.9984798, "elapsed_seconds": 50482.05198788643}
{"part": "image_utility_calibration", "stage": "initial_grid", "done": 566, "total": 1216, "failed": 0, "last_update": 1791157581.0782888, "elapsed_seconds": 50482.13179588318}
{"part": "image_utility_calibration", "stage": "initial_grid", "done": 567, "total": 1216, "failed": 0, "last_update": 1791157581.8762932, "elapsed_seconds": 50482.92980027199}
{"part": "image_utility_calibration", "stage": "initial_grid", "done": 568, "total": 1216, "failed": 0, "last_update": 1791157584.188991, "elapsed_seconds": 50485.24249815941}
{"part": "image_utility_calibration", "stage": "initial_grid", "done": 569, "total": 1216, "failed": 0, "last_update": 1791157929.340283, "elapsed_seconds": 50830.39379000664}
{"part": "image_utility_calibration", "stage": "initial_grid", "done": 570, "total": 1216, "failed": 0, "last_update": 1791157929.7243578, "elapsed_seconds": 50830.777864933014}
{"part": "image_utility_calibration", "stage": "initial_grid", "done": 571, "total": 1216, "failed": 0, "last_update": 1791157932.196064, "elapsed_seconds": 50833.249571084976}
{"part": "image_utility_calibration", "stage": "initial_grid", "done": 572, "total": 1216, "failed": 0, "last_update": 1791157934.674418, "elapsed_seconds": 50835.72792506218}
{"part": "image_utility_calibration", "stage": "initial_grid", "done": 573, "total": 1216, "failed": 0, "last_update": 1791158276.843561, "elapsed_seconds": 51177.89706802368}
{"part": "image_utility_calibration", "stage": "initial_grid", "done": 574, "total": 1216, "failed": 0, "last_update": 1791158277.170613, "elapsed_seconds": 51178.224120140076}
{"part": "image_utility_calibration", "stage": "initial_grid", "done": 575, "total": 1216, "failed": 0, "last_update": 1791158280.436706, "elapsed_seconds": 51181.49021410942}
{"part": "image_utility_calibration", "stage": "initial_grid", "done": 576, "total": 1216, "failed": 0, "last_update": 1791158282.832953, "elapsed_seconds": 51183.886461257935}
{"part": "image_utility_calibration", "stage": "initial_grid", "done": 577, "total": 1216, "failed": 0, "last_update": 1791158623.9346418, "elapsed_seconds": 51524.98814892769}
{"part": "image_utility_calibration", "stage": "initial_grid", "done": 578, "total": 1216, "failed": 0, "last_update": 1791158624.251276, "elapsed_seconds": 51525.30478310585}
{"part": "image_utility_calibration", "stage": "initial_grid", "done": 579, "total": 1216, "failed": 0, "last_update": 1791158626.950882, "elapsed_seconds": 51528.004390239716}
{"part": "image_utility_calibration", "stage": "initial_grid", "done": 580, "total": 1216, "failed": 0, "last_update": 1791158629.9456398, "elapsed_seconds": 51530.99914813042}
{"part": "image_utility_calibration", "stage": "initial_grid", "done": 581, "total": 1216, "failed": 0, "last_update": 1791158972.688791, "elapsed_seconds": 51873.74229812622}
{"part": "image_utility_calibration", "stage": "initial_grid", "done": 582, "total": 1216, "failed": 0, "last_update": 1791158973.160931, "elapsed_seconds": 51874.2144382}
{"part": "image_utility_calibration", "stage": "initial_grid", "done": 583, "total": 1216, "failed": 0, "last_update": 1791158975.186003, "elapsed_seconds": 51876.23951005936}
{"part": "image_utility_calibration", "stage": "initial_grid", "done": 584, "total": 1216, "failed": 0, "last_update": 1791158977.459913, "elapsed_seconds": 51878.51342010498}
{"part": "image_utility_calibration", "stage": "initial_grid", "done": 585, "total": 1216, "failed": 0, "last_update": 1791159321.1902452, "elapsed_seconds": 52222.243752241135}
{"part": "image_utility_calibration", "stage": "initial_grid", "done": 586, "total": 1216, "failed": 0, "last_update": 1791159321.422731, "elapsed_seconds": 52222.476238012314}
{"part": "image_utility_calibration", "stage": "initial_grid", "done": 587, "total": 1216, "failed": 0, "last_update": 1791159323.757657, "elapsed_seconds": 52224.8111641407}
{"part": "image_utility_calibration", "stage": "initial_grid", "done": 588, "total": 1216, "failed": 0, "last_update": 1791159325.7169359, "elapsed_seconds": 52226.77044415474}
{"part": "image_utility_calibration", "stage": "initial_grid", "done": 589, "total": 1216, "failed": 0, "last_update": 1791159669.637385, "elapsed_seconds": 52570.690891981125}
{"part": "image_utility_calibration", "stage": "initial_grid", "done": 590, "total": 1216, "failed": 0, "last_update": 1791159669.893573, "elapsed_seconds": 52570.947080135345}
{"part": "image_utility_calibration", "stage": "initial_grid", "done": 591, "total": 1216, "failed": 0, "last_update": 1791159672.0223029, "elapsed_seconds": 52573.0758099556}
{"part": "image_utility_calibration", "stage": "initial_grid", "done": 592, "total": 1216, "failed": 0, "last_update": 1791159673.2186, "elapsed_seconds": 52574.27210712433}
{"part": "image_utility_calibration", "stage": "initial_grid", "done": 593, "total": 1216, "failed": 0, "last_update": 1791160018.627384, "elapsed_seconds": 52919.68089103699}
{"part": "image_utility_calibration", "stage": "initial_grid", "done": 594, "total": 1216, "failed": 0, "last_update": 1791160020.154432, "elapsed_seconds": 52921.20793914795}
{"part": "image_utility_calibration", "stage": "initial_grid", "done": 595, "total": 1216, "failed": 0, "last_update": 1791160020.3479319, "elapsed_seconds": 52921.40143895149}
{"part": "image_utility_calibration", "stage": "initial_grid", "done": 596, "total": 1216, "failed": 0, "last_update": 1791160023.038668, "elapsed_seconds": 52924.09217619896}
{"part": "image_utility_calibration", "stage": "initial_grid", "done": 597, "total": 1216, "failed": 0, "last_update": 1791160366.4924512, "elapsed_seconds": 53267.54595828056}
{"part": "image_utility_calibration", "stage": "initial_grid", "done": 598, "total": 1216, "failed": 0, "last_update": 1791160367.931625, "elapsed_seconds": 53268.98513197899}
{"part": "image_utility_calibration", "stage": "initial_grid", "done": 599, "total": 1216, "failed": 0, "last_update": 1791160368.025072, "elapsed_seconds": 53269.07857918739}
{"part": "image_utility_calibration", "stage": "initial_grid", "done": 600, "total": 1216, "failed": 0, "last_update": 1791160370.540499, "elapsed_seconds": 53271.594006061554}
{"part": "image_utility_calibration", "stage": "initial_grid", "done": 601, "total": 1216, "failed": 0, "last_update": 1791160715.718046, "elapsed_seconds": 53616.77155303955}
{"part": "image_utility_calibration", "stage": "initial_grid", "done": 602, "total": 1216, "failed": 0, "last_update": 1791160716.461123, "elapsed_seconds": 53617.51463127136}
{"part": "image_utility_calibration", "stage": "initial_grid", "done": 603, "total": 1216, "failed": 0, "last_update": 1791160716.6046999, "elapsed_seconds": 53617.6582069397}
{"part": "image_utility_calibration", "stage": "initial_grid", "done": 604, "total": 1216, "failed": 0, "last_update": 1791160719.4737558, "elapsed_seconds": 53620.5272629261}
{"part": "image_utility_calibration", "stage": "initial_grid", "done": 605, "total": 1216, "failed": 0, "last_update": 1791161064.016701, "elapsed_seconds": 53965.07020807266}
{"part": "image_utility_calibration", "stage": "initial_grid", "done": 606, "total": 1216, "failed": 0, "last_update": 1791161064.183945, "elapsed_seconds": 53965.23745203018}
{"part": "image_utility_calibration", "stage": "initial_grid", "done": 607, "total": 1216, "failed": 0, "last_update": 1791161064.996647, "elapsed_seconds": 53966.05015397072}
{"part": "image_utility_calibration", "stage": "initial_grid", "done": 608, "total": 1216, "failed": 0, "last_update": 1791161066.833206, "elapsed_seconds": 53967.88671422005}
{"part": "image_utility_calibration", "stage": "initial_grid", "done": 609, "total": 1216, "failed": 0, "last_update": 1791161406.5416791, "elapsed_seconds": 54307.59518623352}
{"part": "image_utility_calibration", "stage": "initial_grid", "done": 610, "total": 1216, "failed": 0, "last_update": 1791161406.566991, "elapsed_seconds": 54307.62049818039}
{"part": "image_utility_calibration", "stage": "initial_grid", "done": 611, "total": 1216, "failed": 0, "last_update": 1791161407.302817, "elapsed_seconds": 54308.35632419586}
{"part": "image_utility_calibration", "stage": "initial_grid", "done": 612, "total": 1216, "failed": 0, "last_update": 1791161408.7456908, "elapsed_seconds": 54309.79919910431}
{"part": "image_utility_calibration", "stage": "initial_grid", "done": 613, "total": 1216, "failed": 0, "last_update": 1791161748.503175, "elapsed_seconds": 54649.55668210983}
{"part": "image_utility_calibration", "stage": "initial_grid", "done": 614, "total": 1216, "failed": 0, "last_update": 1791161748.900322, "elapsed_seconds": 54649.953829050064}
{"part": "image_utility_calibration", "stage": "initial_grid", "done": 615, "total": 1216, "failed": 0, "last_update": 1791161749.600933, "elapsed_seconds": 54650.654440164566}
{"part": "image_utility_calibration", "stage": "initial_grid", "done": 616, "total": 1216, "failed": 0, "last_update": 1791161749.9891388, "elapsed_seconds": 54651.042645931244}
{"part": "image_utility_calibration", "stage": "initial_grid", "done": 617, "total": 1216, "failed": 0, "last_update": 1791162090.214256, "elapsed_seconds": 54991.26776313782}
{"part": "image_utility_calibration", "stage": "initial_grid", "done": 618, "total": 1216, "failed": 0, "last_update": 1791162090.587141, "elapsed_seconds": 54991.64064908028}
{"part": "image_utility_calibration", "stage": "initial_grid", "done": 619, "total": 1216, "failed": 0, "last_update": 1791162091.516801, "elapsed_seconds": 54992.57030916214}
{"part": "image_utility_calibration", "stage": "initial_grid", "done": 620, "total": 1216, "failed": 0, "last_update": 1791162091.5735419, "elapsed_seconds": 54992.62704896927}
{"part": "image_utility_calibration", "stage": "initial_grid", "done": 621, "total": 1216, "failed": 0, "last_update": 1791162433.013762, "elapsed_seconds": 55334.06726908684}
{"part": "image_utility_calibration", "stage": "initial_grid", "done": 622, "total": 1216, "failed": 0, "last_update": 1791162433.707467, "elapsed_seconds": 55334.76097416878}
{"part": "image_utility_calibration", "stage": "initial_grid", "done": 623, "total": 1216, "failed": 0, "last_update": 1791162434.043073, "elapsed_seconds": 55335.096580028534}
{"part": "image_utility_calibration", "stage": "initial_grid", "done": 624, "total": 1216, "failed": 0, "last_update": 1791162441.9445472, "elapsed_seconds": 55342.998054265976}
{"part": "image_utility_calibration", "stage": "initial_grid", "done": 625, "total": 1216, "failed": 0, "last_update": 1791162853.7624478, "elapsed_seconds": 55754.81595492363}
{"part": "image_utility_calibration", "stage": "initial_grid", "done": 626, "total": 1216, "failed": 0, "last_update": 1791162854.1599748, "elapsed_seconds": 55755.21348309517}
{"part": "image_utility_calibration", "stage": "initial_grid", "done": 627, "total": 1216, "failed": 0, "last_update": 1791162854.476872, "elapsed_seconds": 55755.530380010605}
{"part": "image_utility_calibration", "stage": "initial_grid", "done": 628, "total": 1216, "failed": 0, "last_update": 1791162861.976136, "elapsed_seconds": 55763.02964305878}
{"part": "image_utility_calibration", "stage": "initial_grid", "done": 629, "total": 1216, "failed": 0, "last_update": 1791163275.107344, "elapsed_seconds": 56176.16085100174}
{"part": "image_utility_calibration", "stage": "initial_grid", "done": 630, "total": 1216, "failed": 0, "last_update": 1791163275.171384, "elapsed_seconds": 56176.22489118576}
{"part": "image_utility_calibration", "stage": "initial_grid", "done": 631, "total": 1216, "failed": 0, "last_update": 1791163276.0362592, "elapsed_seconds": 56177.08976626396}
{"part": "image_utility_calibration", "stage": "initial_grid", "done": 632, "total": 1216, "failed": 0, "last_update": 1791163282.879317, "elapsed_seconds": 56183.93282413483}
{"part": "image_utility_calibration", "stage": "initial_grid", "done": 633, "total": 1216, "failed": 0, "last_update": 1791163697.721451, "elapsed_seconds": 56598.7749581337}
{"part": "image_utility_calibration", "stage": "initial_grid", "done": 634, "total": 1216, "failed": 0, "last_update": 1791163697.865001, "elapsed_seconds": 56598.9185090065}
{"part": "image_utility_calibration", "stage": "initial_grid", "done": 635, "total": 1216, "failed": 0, "last_update": 1791163698.902645, "elapsed_seconds": 56599.95615315437}
{"part": "image_utility_calibration", "stage": "initial_grid", "done": 636, "total": 1216, "failed": 0, "last_update": 1791163705.15172, "elapsed_seconds": 56606.20522713661}
{"part": "image_utility_calibration", "stage": "initial_grid", "done": 637, "total": 1216, "failed": 0, "last_update": 1791164120.6905391, "elapsed_seconds": 57021.74404621124}
{"part": "image_utility_calibration", "stage": "initial_grid", "done": 638, "total": 1216, "failed": 0, "last_update": 1791164121.295729, "elapsed_seconds": 57022.349236011505}
{"part": "image_utility_calibration", "stage": "initial_grid", "done": 639, "total": 1216, "failed": 0, "last_update": 1791164121.565382, "elapsed_seconds": 57022.61889004707}
{"part": "image_utility_calibration", "stage": "initial_grid", "done": 640, "total": 1216, "failed": 0, "last_update": 1791164128.185206, "elapsed_seconds": 57029.23871302605}
{"part": "image_utility_calibration", "stage": "initial_grid", "done": 641, "total": 1216, "failed": 0, "last_update": 1791164488.093626, "elapsed_seconds": 57389.147133111954}
{"part": "image_utility_calibration", "stage": "initial_grid", "done": 642, "total": 1216, "failed": 0, "last_update": 1791164488.759128, "elapsed_seconds": 57389.812635183334}
{"part": "image_utility_calibration", "stage": "initial_grid", "done": 643, "total": 1216, "failed": 0, "last_update": 1791164488.9456809, "elapsed_seconds": 57389.999188899994}
{"part": "image_utility_calibration", "stage": "initial_grid", "done": 644, "total": 1216, "failed": 0, "last_update": 1791164495.539365, "elapsed_seconds": 57396.59287214279}
{"part": "image_utility_calibration", "stage": "initial_grid", "done": 645, "total": 1216, "failed": 0, "last_update": 1791164856.6712372, "elapsed_seconds": 57757.724744319916}
{"part": "image_utility_calibration", "stage": "initial_grid", "done": 646, "total": 1216, "failed": 0, "last_update": 1791164857.098467, "elapsed_seconds": 57758.1519742012}
{"part": "image_utility_calibration", "stage": "initial_grid", "done": 647, "total": 1216, "failed": 0, "last_update": 1791164860.802161, "elapsed_seconds": 57761.85566806793}
{"part": "image_utility_calibration", "stage": "initial_grid", "done": 648, "total": 1216, "failed": 0, "last_update": 1791164862.691262, "elapsed_seconds": 57763.744769096375}
{"part": "image_utility_calibration", "stage": "initial_grid", "done": 649, "total": 1216, "failed": 0, "last_update": 1791165225.849379, "elapsed_seconds": 58126.90288615227}
{"part": "image_utility_calibration", "stage": "initial_grid", "done": 650, "total": 1216, "failed": 0, "last_update": 1791165226.759999, "elapsed_seconds": 58127.81350708008}
{"part": "image_utility_calibration", "stage": "initial_grid", "done": 651, "total": 1216, "failed": 0, "last_update": 1791165230.743833, "elapsed_seconds": 58131.79734015465}
{"part": "image_utility_calibration", "stage": "initial_grid", "done": 652, "total": 1216, "failed": 0, "last_update": 1791165232.8429928, "elapsed_seconds": 58133.89649987221}
{"part": "image_utility_calibration", "stage": "initial_grid", "done": 653, "total": 1216, "failed": 0, "last_update": 1791165594.2915251, "elapsed_seconds": 58495.34503221512}
{"part": "image_utility_calibration", "stage": "initial_grid", "done": 654, "total": 1216, "failed": 0, "last_update": 1791165595.7480881, "elapsed_seconds": 58496.8015961647}
{"part": "image_utility_calibration", "stage": "initial_grid", "done": 655, "total": 1216, "failed": 0, "last_update": 1791165599.4266188, "elapsed_seconds": 58500.48012590408}
{"part": "image_utility_calibration", "stage": "initial_grid", "done": 656, "total": 1216, "failed": 0, "last_update": 1791165600.724662, "elapsed_seconds": 58501.77816915512}
{"part": "image_utility_calibration", "stage": "initial_grid", "done": 657, "total": 1216, "failed": 0, "last_update": 1791165942.037369, "elapsed_seconds": 58843.09087610245}
{"part": "image_utility_calibration", "stage": "initial_grid", "done": 658, "total": 1216, "failed": 0, "last_update": 1791165942.097732, "elapsed_seconds": 58843.15123915672}
{"part": "image_utility_calibration", "stage": "initial_grid", "done": 659, "total": 1216, "failed": 0, "last_update": 1791165945.965201, "elapsed_seconds": 58847.01870799065}
{"part": "image_utility_calibration", "stage": "initial_grid", "done": 660, "total": 1216, "failed": 0, "last_update": 1791165947.629937, "elapsed_seconds": 58848.68344497681}
{"part": "image_utility_calibration", "stage": "initial_grid", "done": 661, "total": 1216, "failed": 0, "last_update": 1791166290.776188, "elapsed_seconds": 59191.82969498634}
{"part": "image_utility_calibration", "stage": "initial_grid", "done": 662, "total": 1216, "failed": 0, "last_update": 1791166290.896779, "elapsed_seconds": 59191.95028710365}
{"part": "image_utility_calibration", "stage": "initial_grid", "done": 663, "total": 1216, "failed": 0, "last_update": 1791166294.178516, "elapsed_seconds": 59195.23202300072}
{"part": "image_utility_calibration", "stage": "initial_grid", "done": 664, "total": 1216, "failed": 0, "last_update": 1791166295.5071309, "elapsed_seconds": 59196.5606379509}
{"part": "image_utility_calibration", "stage": "initial_grid", "done": 665, "total": 1216, "failed": 0, "last_update": 1791166638.522822, "elapsed_seconds": 59539.57632899284}
{"part": "image_utility_calibration", "stage": "initial_grid", "done": 666, "total": 1216, "failed": 0, "last_update": 1791166638.639213, "elapsed_seconds": 59539.69272017479}
{"part": "image_utility_calibration", "stage": "initial_grid", "done": 667, "total": 1216, "failed": 0, "last_update": 1791166641.892752, "elapsed_seconds": 59542.94625997543}
{"part": "image_utility_calibration", "stage": "initial_grid", "done": 668, "total": 1216, "failed": 0, "last_update": 1791166642.9018471, "elapsed_seconds": 59543.95535516739}
{"part": "image_utility_calibration", "stage": "initial_grid", "done": 669, "total": 1216, "failed": 0, "last_update": 1791166985.810168, "elapsed_seconds": 59886.86367607117}
{"part": "image_utility_calibration", "stage": "initial_grid", "done": 670, "total": 1216, "failed": 0, "last_update": 1791166986.563539, "elapsed_seconds": 59887.61704611778}
{"part": "image_utility_calibration", "stage": "initial_grid", "done": 671, "total": 1216, "failed": 0, "last_update": 1791166988.8103712, "elapsed_seconds": 59889.86387825012}
{"part": "image_utility_calibration", "stage": "initial_grid", "done": 672, "total": 1216, "failed": 0, "last_update": 1791166989.672909, "elapsed_seconds": 59890.72641611099}
{"part": "image_utility_calibration", "stage": "initial_grid", "done": 673, "total": 1216, "failed": 0, "last_update": 1791167334.4057589, "elapsed_seconds": 60235.45926594734}
{"part": "image_utility_calibration", "stage": "initial_grid", "done": 674, "total": 1216, "failed": 0, "last_update": 1791167334.8447459, "elapsed_seconds": 60235.89825296402}
{"part": "image_utility_calibration", "stage": "initial_grid", "done": 675, "total": 1216, "failed": 0, "last_update": 1791167336.637207, "elapsed_seconds": 60237.690714120865}
{"part": "image_utility_calibration", "stage": "initial_grid", "done": 676, "total": 1216, "failed": 0, "last_update": 1791167337.125136, "elapsed_seconds": 60238.178642988205}
{"part": "image_utility_calibration", "stage": "initial_grid", "done": 677, "total": 1216, "failed": 0, "last_update": 1791167681.848056, "elapsed_seconds": 60582.90156316757}
{"part": "image_utility_calibration", "stage": "initial_grid", "done": 678, "total": 1216, "failed": 0, "last_update": 1791167681.85443, "elapsed_seconds": 60582.907937049866}
{"part": "image_utility_calibration", "stage": "initial_grid", "done": 679, "total": 1216, "failed": 0, "last_update": 1791167683.549309, "elapsed_seconds": 60584.60281610489}
{"part": "image_utility_calibration", "stage": "initial_grid", "done": 680, "total": 1216, "failed": 0, "last_update": 1791167683.868871, "elapsed_seconds": 60584.922379016876}
{"part": "image_utility_calibration", "stage": "initial_grid", "done": 681, "total": 1216, "failed": 0, "last_update": 1791168029.740652, "elapsed_seconds": 60930.794159173965}
{"part": "image_utility_calibration", "stage": "initial_grid", "done": 682, "total": 1216, "failed": 0, "last_update": 1791168030.109527, "elapsed_seconds": 60931.16303420067}
{"part": "image_utility_calibration", "stage": "initial_grid", "done": 683, "total": 1216, "failed": 0, "last_update": 1791168030.5931451, "elapsed_seconds": 60931.64665222168}
{"part": "image_utility_calibration", "stage": "initial_grid", "done": 684, "total": 1216, "failed": 0, "last_update": 1791168031.061852, "elapsed_seconds": 60932.11535906792}
{"part": "image_utility_calibration", "stage": "initial_grid", "done": 685, "total": 1216, "failed": 0, "last_update": 1791168377.294828, "elapsed_seconds": 61278.348335027695}
{"part": "image_utility_calibration", "stage": "initial_grid", "done": 686, "total": 1216, "failed": 0, "last_update": 1791168377.834211, "elapsed_seconds": 61278.88771820068}
{"part": "image_utility_calibration", "stage": "initial_grid", "done": 687, "total": 1216, "failed": 0, "last_update": 1791168377.8446, "elapsed_seconds": 61278.89810705185}
{"part": "image_utility_calibration", "stage": "initial_grid", "done": 688, "total": 1216, "failed": 0, "last_update": 1791168377.9725142, "elapsed_seconds": 61279.02602124214}
{"part": "image_utility_calibration", "stage": "initial_grid", "done": 689, "total": 1216, "failed": 0, "last_update": 1791168723.781887, "elapsed_seconds": 61624.83539414406}
{"part": "image_utility_calibration", "stage": "initial_grid", "done": 690, "total": 1216, "failed": 0, "last_update": 1791168724.000361, "elapsed_seconds": 61625.05386900902}
{"part": "image_utility_calibration", "stage": "initial_grid", "done": 691, "total": 1216, "failed": 0, "last_update": 1791168725.120727, "elapsed_seconds": 61626.17423415184}
{"part": "image_utility_calibration", "stage": "initial_grid", "done": 692, "total": 1216, "failed": 0, "last_update": 1791168728.683872, "elapsed_seconds": 61629.73738002777}
{"part": "image_utility_calibration", "stage": "initial_grid", "done": 693, "total": 1216, "failed": 0, "last_update": 1791169068.19503, "elapsed_seconds": 61969.2485370636}
{"part": "image_utility_calibration", "stage": "initial_grid", "done": 694, "total": 1216, "failed": 0, "last_update": 1791169068.421519, "elapsed_seconds": 61969.47502684593}
{"part": "image_utility_calibration", "stage": "initial_grid", "done": 695, "total": 1216, "failed": 0, "last_update": 1791169068.689929, "elapsed_seconds": 61969.74343705177}
{"part": "image_utility_calibration", "stage": "initial_grid", "done": 696, "total": 1216, "failed": 0, "last_update": 1791169072.281347, "elapsed_seconds": 61973.33485412598}
{"part": "image_utility_calibration", "stage": "initial_grid", "done": 697, "total": 1216, "failed": 0, "last_update": 1791169412.7138538, "elapsed_seconds": 62313.767360925674}
{"part": "image_utility_calibration", "stage": "initial_grid", "done": 698, "total": 1216, "failed": 0, "last_update": 1791169413.262155, "elapsed_seconds": 62314.315662145615}
{"part": "image_utility_calibration", "stage": "initial_grid", "done": 699, "total": 1216, "failed": 0, "last_update": 1791169413.2737439, "elapsed_seconds": 62314.32725095749}
{"part": "image_utility_calibration", "stage": "initial_grid", "done": 700, "total": 1216, "failed": 0, "last_update": 1791169416.001817, "elapsed_seconds": 62317.0553252697}
{"part": "image_utility_calibration", "stage": "initial_grid", "done": 701, "total": 1216, "failed": 0, "last_update": 1791169757.91733, "elapsed_seconds": 62658.97083711624}
{"part": "image_utility_calibration", "stage": "initial_grid", "done": 702, "total": 1216, "failed": 0, "last_update": 1791169758.279657, "elapsed_seconds": 62659.33316397667}
{"part": "image_utility_calibration", "stage": "initial_grid", "done": 703, "total": 1216, "failed": 0, "last_update": 1791169759.5800672, "elapsed_seconds": 62660.63357424736}
{"part": "image_utility_calibration", "stage": "initial_grid", "done": 704, "total": 1216, "failed": 0, "last_update": 1791169760.8629289, "elapsed_seconds": 62661.916435956955}
{"part": "image_utility_calibration", "stage": "initial_grid", "done": 705, "total": 1216, "failed": 0, "last_update": 1791170103.398605, "elapsed_seconds": 63004.452112197876}
{"part": "image_utility_calibration", "stage": "initial_grid", "done": 706, "total": 1216, "failed": 0, "last_update": 1791170104.0985181, "elapsed_seconds": 63005.15202522278}
{"part": "image_utility_calibration", "stage": "initial_grid", "done": 707, "total": 1216, "failed": 0, "last_update": 1791170104.5612512, "elapsed_seconds": 63005.6147582531}
{"part": "image_utility_calibration", "stage": "initial_grid", "done": 708, "total": 1216, "failed": 0, "last_update": 1791170105.934418, "elapsed_seconds": 63006.98792600632}
{"part": "image_utility_calibration", "stage": "initial_grid", "done": 709, "total": 1216, "failed": 0, "last_update": 1791170448.592562, "elapsed_seconds": 63349.646069049835}
{"part": "image_utility_calibration", "stage": "initial_grid", "done": 710, "total": 1216, "failed": 0, "last_update": 1791170448.711524, "elapsed_seconds": 63349.76503109932}
{"part": "image_utility_calibration", "stage": "initial_grid", "done": 711, "total": 1216, "failed": 0, "last_update": 1791170450.5582988, "elapsed_seconds": 63351.61180591583}
{"part": "image_utility_calibration", "stage": "initial_grid", "done": 712, "total": 1216, "failed": 0, "last_update": 1791170453.546887, "elapsed_seconds": 63354.600394010544}
{"part": "image_utility_calibration", "stage": "initial_grid", "done": 713, "total": 1216, "failed": 0, "last_update": 1791170793.2027981, "elapsed_seconds": 63694.25630521774}
{"part": "image_utility_calibration", "stage": "initial_grid", "done": 714, "total": 1216, "failed": 0, "last_update": 1791170793.3087518, "elapsed_seconds": 63694.362260103226}
{"part": "image_utility_calibration", "stage": "initial_grid", "done": 715, "total": 1216, "failed": 0, "last_update": 1791170796.856946, "elapsed_seconds": 63697.91045308113}
{"part": "image_utility_calibration", "stage": "initial_grid", "done": 716, "total": 1216, "failed": 0, "last_update": 1791170799.0057118, "elapsed_seconds": 63700.05922007561}
{"part": "image_utility_calibration", "stage": "initial_grid", "done": 717, "total": 1216, "failed": 0, "last_update": 1791171137.9672031, "elapsed_seconds": 64039.020710229874}
{"part": "image_utility_calibration", "stage": "initial_grid", "done": 718, "total": 1216, "failed": 0, "last_update": 1791171138.074572, "elapsed_seconds": 64039.12807917595}
{"part": "image_utility_calibration", "stage": "initial_grid", "done": 719, "total": 1216, "failed": 0, "last_update": 1791171141.189308, "elapsed_seconds": 64042.2428150177}
{"part": "image_utility_calibration", "stage": "initial_grid", "done": 720, "total": 1216, "failed": 0, "last_update": 1791171143.015019, "elapsed_seconds": 64044.06852602959}
{"part": "image_utility_calibration", "stage": "initial_grid", "done": 721, "total": 1216, "failed": 0, "last_update": 1791171483.146306, "elapsed_seconds": 64384.19981312752}
{"part": "image_utility_calibration", "stage": "initial_grid", "done": 722, "total": 1216, "failed": 0, "last_update": 1791171483.2126331, "elapsed_seconds": 64384.26614022255}
{"part": "image_utility_calibration", "stage": "initial_grid", "done": 723, "total": 1216, "failed": 0, "last_update": 1791171485.314881, "elapsed_seconds": 64386.368388175964}
{"part": "image_utility_calibration", "stage": "initial_grid", "done": 724, "total": 1216, "failed": 0, "last_update": 1791171487.247552, "elapsed_seconds": 64388.301059007645}
{"part": "image_utility_calibration", "stage": "initial_grid", "done": 725, "total": 1216, "failed": 0, "last_update": 1791171828.140007, "elapsed_seconds": 64729.19351506233}
{"part": "image_utility_calibration", "stage": "initial_grid", "done": 726, "total": 1216, "failed": 0, "last_update": 1791171828.6247418, "elapsed_seconds": 64729.678248882294}
{"part": "image_utility_calibration", "stage": "initial_grid", "done": 727, "total": 1216, "failed": 0, "last_update": 1791171830.3985522, "elapsed_seconds": 64731.452060222626}
{"part": "image_utility_calibration", "stage": "initial_grid", "done": 728, "total": 1216, "failed": 0, "last_update": 1791171831.484551, "elapsed_seconds": 64732.538058042526}
{"part": "image_utility_calibration", "stage": "initial_grid", "done": 729, "total": 1216, "failed": 0, "last_update": 1791172173.527133, "elapsed_seconds": 65074.580641031265}
{"part": "image_utility_calibration", "stage": "initial_grid", "done": 730, "total": 1216, "failed": 0, "last_update": 1791172173.7027478, "elapsed_seconds": 65074.75625491142}
{"part": "image_utility_calibration", "stage": "initial_grid", "done": 731, "total": 1216, "failed": 0, "last_update": 1791172175.37955, "elapsed_seconds": 65076.43305802345}
{"part": "image_utility_calibration", "stage": "initial_grid", "done": 732, "total": 1216, "failed": 0, "last_update": 1791172176.35429, "elapsed_seconds": 65077.407798051834}
{"part": "image_utility_calibration", "stage": "initial_grid", "done": 733, "total": 1216, "failed": 0, "last_update": 1791172520.610465, "elapsed_seconds": 65421.66397213936}
{"part": "image_utility_calibration", "stage": "initial_grid", "done": 734, "total": 1216, "failed": 0, "last_update": 1791172521.0026119, "elapsed_seconds": 65422.05611896515}
{"part": "image_utility_calibration", "stage": "initial_grid", "done": 735, "total": 1216, "failed": 0, "last_update": 1791172521.812484, "elapsed_seconds": 65422.86599111557}
{"part": "image_utility_calibration", "stage": "initial_grid", "done": 736, "total": 1216, "failed": 0, "last_update": 1791172523.399719, "elapsed_seconds": 65424.45322608948}
{"part": "image_utility_calibration", "stage": "initial_grid", "done": 737, "total": 1216, "failed": 0, "last_update": 1791172867.370361, "elapsed_seconds": 65768.42386817932}
{"part": "image_utility_calibration", "stage": "initial_grid", "done": 738, "total": 1216, "failed": 0, "last_update": 1791172867.8523939, "elapsed_seconds": 65768.9059009552}
{"part": "image_utility_calibration", "stage": "initial_grid", "done": 739, "total": 1216, "failed": 0, "last_update": 1791172868.358567, "elapsed_seconds": 65769.41207408905}
{"part": "image_utility_calibration", "stage": "initial_grid", "done": 740, "total": 1216, "failed": 0, "last_update": 1791172870.107162, "elapsed_seconds": 65771.16066908836}
{"part": "image_utility_calibration", "stage": "initial_grid", "done": 741, "total": 1216, "failed": 0, "last_update": 1791173215.829181, "elapsed_seconds": 66116.8826880455}
{"part": "image_utility_calibration", "stage": "initial_grid", "done": 742, "total": 1216, "failed": 0, "last_update": 1791173215.987361, "elapsed_seconds": 66117.0408680439}
{"part": "image_utility_calibration", "stage": "initial_grid", "done": 743, "total": 1216, "failed": 0, "last_update": 1791173216.9724731, "elapsed_seconds": 66118.02598023415}
{"part": "image_utility_calibration", "stage": "initial_grid", "done": 744, "total": 1216, "failed": 0, "last_update": 1791173218.033579, "elapsed_seconds": 66119.08708620071}
{"part": "image_utility_calibration", "stage": "initial_grid", "done": 745, "total": 1216, "failed": 0, "last_update": 1791173563.9278111, "elapsed_seconds": 66464.98131918907}
{"part": "image_utility_calibration", "stage": "initial_grid", "done": 746, "total": 1216, "failed": 0, "last_update": 1791173564.214755, "elapsed_seconds": 66465.2682621479}
{"part": "image_utility_calibration", "stage": "initial_grid", "done": 747, "total": 1216, "failed": 0, "last_update": 1791173565.275418, "elapsed_seconds": 66466.32892513275}
{"part": "image_utility_calibration", "stage": "initial_grid", "done": 748, "total": 1216, "failed": 0, "last_update": 1791173565.434459, "elapsed_seconds": 66466.48796606064}
{"part": "image_utility_calibration", "stage": "initial_grid", "done": 749, "total": 1216, "failed": 0, "last_update": 1791173912.519068, "elapsed_seconds": 66813.57257509232}
{"part": "image_utility_calibration", "stage": "initial_grid", "done": 750, "total": 1216, "failed": 0, "last_update": 1791173912.552593, "elapsed_seconds": 66813.6061000824}
{"part": "image_utility_calibration", "stage": "initial_grid", "done": 751, "total": 1216, "failed": 0, "last_update": 1791173912.611628, "elapsed_seconds": 66813.66513609886}
{"part": "image_utility_calibration", "stage": "initial_grid", "done": 752, "total": 1216, "failed": 0, "last_update": 1791173912.885659, "elapsed_seconds": 66813.9391670227}
{"part": "image_utility_calibration", "stage": "initial_grid", "done": 753, "total": 1216, "failed": 0, "last_update": 1791174262.9526432, "elapsed_seconds": 67164.00615024567}
{"part": "image_utility_calibration", "stage": "initial_grid", "done": 754, "total": 1216, "failed": 0, "last_update": 1791174262.960031, "elapsed_seconds": 67164.01353812218}
{"part": "image_utility_calibration", "stage": "initial_grid", "done": 755, "total": 1216, "failed": 0, "last_update": 1791174263.6713102, "elapsed_seconds": 67164.724817276}
{"part": "image_utility_calibration", "stage": "initial_grid", "done": 756, "total": 1216, "failed": 0, "last_update": 1791174263.698624, "elapsed_seconds": 67164.75213217735}
{"part": "image_utility_calibration", "stage": "initial_grid", "done": 757, "total": 1216, "failed": 0, "last_update": 1791174614.370116, "elapsed_seconds": 67515.42362308502}
{"part": "image_utility_calibration", "stage": "initial_grid", "done": 758, "total": 1216, "failed": 0, "last_update": 1791174614.495223, "elapsed_seconds": 67515.54873013496}
{"part": "image_utility_calibration", "stage": "initial_grid", "done": 759, "total": 1216, "failed": 0, "last_update": 1791174614.6092181, "elapsed_seconds": 67515.66272521019}
{"part": "image_utility_calibration", "stage": "initial_grid", "done": 760, "total": 1216, "failed": 0, "last_update": 1791174614.817354, "elapsed_seconds": 67515.87086200714}
{"part": "image_utility_calibration", "stage": "initial_grid", "done": 761, "total": 1216, "failed": 0, "last_update": 1791174964.36797, "elapsed_seconds": 67865.42147707939}
{"part": "image_utility_calibration", "stage": "initial_grid", "done": 762, "total": 1216, "failed": 0, "last_update": 1791174965.0141609, "elapsed_seconds": 67866.0676689148}
{"part": "image_utility_calibration", "stage": "initial_grid", "done": 763, "total": 1216, "failed": 0, "last_update": 1791174965.054552, "elapsed_seconds": 67866.10805916786}
{"part": "image_utility_calibration", "stage": "initial_grid", "done": 764, "total": 1216, "failed": 0, "last_update": 1791174965.5568168, "elapsed_seconds": 67866.61032509804}
{"part": "image_utility_calibration", "stage": "initial_grid", "done": 765, "total": 1216, "failed": 0, "last_update": 1791175315.3319628, "elapsed_seconds": 68216.38546991348}
{"part": "image_utility_calibration", "stage": "initial_grid", "done": 766, "total": 1216, "failed": 0, "last_update": 1791175315.526222, "elapsed_seconds": 68216.5797290802}
{"part": "image_utility_calibration", "stage": "initial_grid", "done": 767, "total": 1216, "failed": 0, "last_update": 1791175315.932791, "elapsed_seconds": 68216.98629903793}
{"part": "image_utility_calibration", "stage": "initial_grid", "done": 768, "total": 1216, "failed": 0, "last_update": 1791175316.192628, "elapsed_seconds": 68217.2461361885}
{"part": "image_utility_calibration", "stage": "initial_grid", "done": 769, "total": 1216, "failed": 0, "last_update": 1791175671.253319, "elapsed_seconds": 68572.30682706833}
{"part": "image_utility_calibration", "stage": "initial_grid", "done": 770, "total": 1216, "failed": 0, "last_update": 1791175671.743948, "elapsed_seconds": 68572.7974550724}
{"part": "image_utility_calibration", "stage": "initial_grid", "done": 771, "total": 1216, "failed": 0, "last_update": 1791175671.988823, "elapsed_seconds": 68573.04233121872}
{"part": "image_utility_calibration", "stage": "initial_grid", "done": 772, "total": 1216, "failed": 0, "last_update": 1791175671.996854, "elapsed_seconds": 68573.05036115646}
{"part": "image_utility_calibration", "stage": "initial_grid", "done": 773, "total": 1216, "failed": 0, "last_update": 1791176028.209263, "elapsed_seconds": 68929.26277112961}
{"part": "image_utility_calibration", "stage": "initial_grid", "done": 774, "total": 1216, "failed": 0, "last_update": 1791176029.00526, "elapsed_seconds": 68930.0587670803}
{"part": "image_utility_calibration", "stage": "initial_grid", "done": 775, "total": 1216, "failed": 0, "last_update": 1791176029.398269, "elapsed_seconds": 68930.45177602768}
{"part": "image_utility_calibration", "stage": "initial_grid", "done": 776, "total": 1216, "failed": 0, "last_update": 1791176030.183161, "elapsed_seconds": 68931.23666930199}
{"part": "image_utility_calibration", "stage": "initial_grid", "done": 777, "total": 1216, "failed": 0, "last_update": 1791176382.551958, "elapsed_seconds": 69283.6054661274}
{"part": "image_utility_calibration", "stage": "initial_grid", "done": 778, "total": 1216, "failed": 0, "last_update": 1791176383.954602, "elapsed_seconds": 69285.00810909271}
{"part": "image_utility_calibration", "stage": "initial_grid", "done": 779, "total": 1216, "failed": 0, "last_update": 1791176384.250548, "elapsed_seconds": 69285.3040561676}
{"part": "image_utility_calibration", "stage": "initial_grid", "done": 780, "total": 1216, "failed": 0, "last_update": 1791176386.921246, "elapsed_seconds": 69287.97475409508}
{"part": "image_utility_calibration", "stage": "initial_grid", "done": 781, "total": 1216, "failed": 0, "last_update": 1791176736.7158148, "elapsed_seconds": 69637.76932311058}
{"part": "image_utility_calibration", "stage": "initial_grid", "done": 782, "total": 1216, "failed": 0, "last_update": 1791176737.24025, "elapsed_seconds": 69638.29375720024}
{"part": "image_utility_calibration", "stage": "initial_grid", "done": 783, "total": 1216, "failed": 0, "last_update": 1791176738.365464, "elapsed_seconds": 69639.4189722538}
{"part": "image_utility_calibration", "stage": "initial_grid", "done": 784, "total": 1216, "failed": 0, "last_update": 1791176741.679681, "elapsed_seconds": 69642.73318815231}
{"part": "image_utility_calibration", "stage": "initial_grid", "done": 785, "total": 1216, "failed": 0, "last_update": 1791177081.502908, "elapsed_seconds": 69982.55641508102}
{"part": "image_utility_calibration", "stage": "initial_grid", "done": 786, "total": 1216, "failed": 0, "last_update": 1791177082.1250648, "elapsed_seconds": 69983.17857193947}
{"part": "image_utility_calibration", "stage": "initial_grid", "done": 787, "total": 1216, "failed": 0, "last_update": 1791177082.900773, "elapsed_seconds": 69983.95428109169}
{"part": "image_utility_calibration", "stage": "initial_grid", "done": 788, "total": 1216, "failed": 0, "last_update": 1791177085.7975092, "elapsed_seconds": 69986.85101628304}
{"part": "image_utility_calibration", "stage": "initial_grid", "done": 789, "total": 1216, "failed": 0, "last_update": 1791177426.5237901, "elapsed_seconds": 70327.5772972107}
{"part": "image_utility_calibration", "stage": "initial_grid", "done": 790, "total": 1216, "failed": 0, "last_update": 1791177427.342361, "elapsed_seconds": 70328.39586806297}
{"part": "image_utility_calibration", "stage": "initial_grid", "done": 791, "total": 1216, "failed": 0, "last_update": 1791177430.556318, "elapsed_seconds": 70331.60982513428}
{"part": "image_utility_calibration", "stage": "initial_grid", "done": 792, "total": 1216, "failed": 0, "last_update": 1791177432.149416, "elapsed_seconds": 70333.20292305946}
{"part": "image_utility_calibration", "stage": "initial_grid", "done": 793, "total": 1216, "failed": 0, "last_update": 1791177771.3574631, "elapsed_seconds": 70672.4109711647}
{"part": "image_utility_calibration", "stage": "initial_grid", "done": 794, "total": 1216, "failed": 0, "last_update": 1791177771.827403, "elapsed_seconds": 70672.88091015816}
{"part": "image_utility_calibration", "stage": "initial_grid", "done": 795, "total": 1216, "failed": 0, "last_update": 1791177775.548487, "elapsed_seconds": 70676.60199403763}
{"part": "image_utility_calibration", "stage": "initial_grid", "done": 796, "total": 1216, "failed": 0, "last_update": 1791177781.7057211, "elapsed_seconds": 70682.75922822952}
{"part": "image_utility_calibration", "stage": "initial_grid", "done": 797, "total": 1216, "failed": 0, "last_update": 1791178116.417227, "elapsed_seconds": 71017.47073507309}
{"part": "image_utility_calibration", "stage": "initial_grid", "done": 798, "total": 1216, "failed": 0, "last_update": 1791178116.986814, "elapsed_seconds": 71018.04032111168}
{"part": "image_utility_calibration", "stage": "initial_grid", "done": 799, "total": 1216, "failed": 0, "last_update": 1791178120.635919, "elapsed_seconds": 71021.6894261837}
{"part": "image_utility_calibration", "stage": "initial_grid", "done": 800, "total": 1216, "failed": 0, "last_update": 1791178126.1486661, "elapsed_seconds": 71027.20217323303}
{"part": "image_utility_calibration", "stage": "initial_grid", "done": 801, "total": 1216, "failed": 0, "last_update": 1791178461.686306, "elapsed_seconds": 71362.73981308937}
{"part": "image_utility_calibration", "stage": "initial_grid", "done": 802, "total": 1216, "failed": 0, "last_update": 1791178461.70558, "elapsed_seconds": 71362.75908708572}
{"part": "image_utility_calibration", "stage": "initial_grid", "done": 803, "total": 1216, "failed": 0, "last_update": 1791178465.0322392, "elapsed_seconds": 71366.0857462883}
{"part": "image_utility_calibration", "stage": "initial_grid", "done": 804, "total": 1216, "failed": 0, "last_update": 1791178470.99363, "elapsed_seconds": 71372.04713702202}
{"part": "image_utility_calibration", "stage": "initial_grid", "done": 805, "total": 1216, "failed": 0, "last_update": 1791178807.462873, "elapsed_seconds": 71708.51638007164}
{"part": "image_utility_calibration", "stage": "initial_grid", "done": 806, "total": 1216, "failed": 0, "last_update": 1791178807.648154, "elapsed_seconds": 71708.70166110992}
{"part": "image_utility_calibration", "stage": "initial_grid", "done": 807, "total": 1216, "failed": 0, "last_update": 1791178809.909761, "elapsed_seconds": 71710.96326804161}
{"part": "image_utility_calibration", "stage": "initial_grid", "done": 808, "total": 1216, "failed": 0, "last_update": 1791178815.506735, "elapsed_seconds": 71716.56024217606}
{"part": "image_utility_calibration", "stage": "initial_grid", "done": 809, "total": 1216, "failed": 0, "last_update": 1791179153.173097, "elapsed_seconds": 72054.22660398483}
{"part": "image_utility_calibration", "stage": "initial_grid", "done": 810, "total": 1216, "failed": 0, "last_update": 1791179153.808738, "elapsed_seconds": 72054.86224508286}
{"part": "image_utility_calibration", "stage": "initial_grid", "done": 811, "total": 1216, "failed": 0, "last_update": 1791179155.062975, "elapsed_seconds": 72056.11648201942}
{"part": "image_utility_calibration", "stage": "initial_grid", "done": 812, "total": 1216, "failed": 0, "last_update": 1791179160.20903, "elapsed_seconds": 72061.26253700256}
{"part": "image_utility_calibration", "stage": "initial_grid", "done": 813, "total": 1216, "failed": 0, "last_update": 1791179497.630354, "elapsed_seconds": 72398.68386101723}
{"part": "image_utility_calibration", "stage": "initial_grid", "done": 814, "total": 1216, "failed": 0, "last_update": 1791179498.021145, "elapsed_seconds": 72399.07465219498}
{"part": "image_utility_calibration", "stage": "initial_grid", "done": 815, "total": 1216, "failed": 0, "last_update": 1791179500.03181, "elapsed_seconds": 72401.08531808853}
{"part": "image_utility_calibration", "stage": "initial_grid", "done": 816, "total": 1216, "failed": 0, "last_update": 1791179504.6069791, "elapsed_seconds": 72405.66048622131}
{"part": "image_utility_calibration", "stage": "initial_grid", "done": 817, "total": 1216, "failed": 0, "last_update": 1791179844.746608, "elapsed_seconds": 72745.80011510849}
{"part": "image_utility_calibration", "stage": "initial_grid", "done": 818, "total": 1216, "failed": 0, "last_update": 1791179844.915313, "elapsed_seconds": 72745.96882009506}
{"part": "image_utility_calibration", "stage": "initial_grid", "done": 819, "total": 1216, "failed": 0, "last_update": 1791179846.304652, "elapsed_seconds": 72747.35815906525}
{"part": "image_utility_calibration", "stage": "initial_grid", "done": 820, "total": 1216, "failed": 0, "last_update": 1791179850.9183612, "elapsed_seconds": 72751.9718682766}
{"part": "image_utility_calibration", "stage": "initial_grid", "done": 821, "total": 1216, "failed": 0, "last_update": 1791180192.231004, "elapsed_seconds": 73093.28451108932}
{"part": "image_utility_calibration", "stage": "initial_grid", "done": 822, "total": 1216, "failed": 0, "last_update": 1791180193.252481, "elapsed_seconds": 73094.30598807335}
{"part": "image_utility_calibration", "stage": "initial_grid", "done": 823, "total": 1216, "failed": 0, "last_update": 1791180193.598402, "elapsed_seconds": 73094.65190911293}
{"part": "image_utility_calibration", "stage": "initial_grid", "done": 824, "total": 1216, "failed": 0, "last_update": 1791180197.944992, "elapsed_seconds": 73098.99849915504}
{"part": "image_utility_calibration", "stage": "initial_grid", "done": 825, "total": 1216, "failed": 0, "last_update": 1791180541.1480289, "elapsed_seconds": 73442.20153594017}
{"part": "image_utility_calibration", "stage": "initial_grid", "done": 826, "total": 1216, "failed": 0, "last_update": 1791180541.399277, "elapsed_seconds": 73442.45278525352}
{"part": "image_utility_calibration", "stage": "initial_grid", "done": 827, "total": 1216, "failed": 0, "last_update": 1791180541.90297, "elapsed_seconds": 73442.95647788048}
{"part": "image_utility_calibration", "stage": "initial_grid", "done": 828, "total": 1216, "failed": 0, "last_update": 1791180546.3477418, "elapsed_seconds": 73447.40124893188}
{"part": "image_utility_calibration", "stage": "initial_grid", "done": 829, "total": 1216, "failed": 0, "last_update": 1791180889.394711, "elapsed_seconds": 73790.44821810722}
{"part": "image_utility_calibration", "stage": "initial_grid", "done": 830, "total": 1216, "failed": 0, "last_update": 1791180889.4583669, "elapsed_seconds": 73790.5118739605}
{"part": "image_utility_calibration", "stage": "initial_grid", "done": 831, "total": 1216, "failed": 0, "last_update": 1791180889.487011, "elapsed_seconds": 73790.54051804543}
{"part": "image_utility_calibration", "stage": "initial_grid", "done": 832, "total": 1216, "failed": 0, "last_update": 1791180893.8267698, "elapsed_seconds": 73794.88027691841}
{"part": "image_utility_calibration", "stage": "initial_grid", "done": 833, "total": 1216, "failed": 0, "last_update": 1791181237.125731, "elapsed_seconds": 74138.17923808098}
{"part": "image_utility_calibration", "stage": "initial_grid", "done": 834, "total": 1216, "failed": 0, "last_update": 1791181237.175512, "elapsed_seconds": 74138.22901916504}
{"part": "image_utility_calibration", "stage": "initial_grid", "done": 835, "total": 1216, "failed": 0, "last_update": 1791181237.852695, "elapsed_seconds": 74138.90620207787}
{"part": "image_utility_calibration", "stage": "initial_grid", "done": 836, "total": 1216, "failed": 0, "last_update": 1791181241.075485, "elapsed_seconds": 74142.12899303436}
{"part": "image_utility_calibration", "stage": "initial_grid", "done": 837, "total": 1216, "failed": 0, "last_update": 1791181592.3230112, "elapsed_seconds": 74493.37651920319}
{"part": "image_utility_calibration", "stage": "initial_grid", "done": 838, "total": 1216, "failed": 0, "last_update": 1791181592.816142, "elapsed_seconds": 74493.86964917183}
{"part": "image_utility_calibration", "stage": "initial_grid", "done": 839, "total": 1216, "failed": 0, "last_update": 1791181592.960845, "elapsed_seconds": 74494.0143520832}
{"part": "image_utility_calibration", "stage": "initial_grid", "done": 840, "total": 1216, "failed": 0, "last_update": 1791181595.894679, "elapsed_seconds": 74496.94818615913}
{"part": "image_utility_calibration", "stage": "initial_grid", "done": 841, "total": 1216, "failed": 0, "last_update": 1791181940.197087, "elapsed_seconds": 74841.2505941391}
{"part": "image_utility_calibration", "stage": "initial_grid", "done": 842, "total": 1216, "failed": 0, "last_update": 1791181940.593153, "elapsed_seconds": 74841.64666104317}
{"part": "image_utility_calibration", "stage": "initial_grid", "done": 843, "total": 1216, "failed": 0, "last_update": 1791181940.976949, "elapsed_seconds": 74842.0304570198}
{"part": "image_utility_calibration", "stage": "initial_grid", "done": 844, "total": 1216, "failed": 0, "last_update": 1791181944.205857, "elapsed_seconds": 74845.25936412811}
{"part": "image_utility_calibration", "stage": "initial_grid", "done": 845, "total": 1216, "failed": 0, "last_update": 1791182287.7393768, "elapsed_seconds": 75188.79288387299}
{"part": "image_utility_calibration", "stage": "initial_grid", "done": 846, "total": 1216, "failed": 0, "last_update": 1791182288.815233, "elapsed_seconds": 75189.86874008179}
{"part": "image_utility_calibration", "stage": "initial_grid", "done": 847, "total": 1216, "failed": 0, "last_update": 1791182293.24837, "elapsed_seconds": 75194.30187702179}
{"part": "image_utility_calibration", "stage": "initial_grid", "done": 848, "total": 1216, "failed": 0, "last_update": 1791182296.081302, "elapsed_seconds": 75197.13481020927}
{"part": "image_utility_calibration", "stage": "initial_grid", "done": 849, "total": 1216, "failed": 0, "last_update": 1791182635.192399, "elapsed_seconds": 75536.24590611458}
{"part": "image_utility_calibration", "stage": "initial_grid", "done": 850, "total": 1216, "failed": 0, "last_update": 1791182640.568772, "elapsed_seconds": 75541.62227916718}
{"part": "image_utility_calibration", "stage": "initial_grid", "done": 851, "total": 1216, "failed": 0, "last_update": 1791182640.784565, "elapsed_seconds": 75541.83807206154}
{"part": "image_utility_calibration", "stage": "initial_grid", "done": 852, "total": 1216, "failed": 0, "last_update": 1791182652.4585788, "elapsed_seconds": 75553.5120871067}
{"part": "image_utility_calibration", "stage": "initial_grid", "done": 853, "total": 1216, "failed": 0, "last_update": 1791182982.1053288, "elapsed_seconds": 75883.15883588791}
{"part": "image_utility_calibration", "stage": "initial_grid", "done": 854, "total": 1216, "failed": 0, "last_update": 1791182987.032512, "elapsed_seconds": 75888.08601903915}
{"part": "image_utility_calibration", "stage": "initial_grid", "done": 855, "total": 1216, "failed": 0, "last_update": 1791182992.069783, "elapsed_seconds": 75893.12329125404}
{"part": "image_utility_calibration", "stage": "initial_grid", "done": 856, "total": 1216, "failed": 0, "last_update": 1791182999.607914, "elapsed_seconds": 75900.66142106056}
{"part": "image_utility_calibration", "stage": "initial_grid", "done": 857, "total": 1216, "failed": 0, "last_update": 1791183333.328351, "elapsed_seconds": 76234.38185811043}
{"part": "image_utility_calibration", "stage": "initial_grid", "done": 858, "total": 1216, "failed": 0, "last_update": 1791183333.599315, "elapsed_seconds": 76234.65282297134}
{"part": "image_utility_calibration", "stage": "initial_grid", "done": 859, "total": 1216, "failed": 0, "last_update": 1791183338.212415, "elapsed_seconds": 76239.26592206955}
{"part": "image_utility_calibration", "stage": "initial_grid", "done": 860, "total": 1216, "failed": 0, "last_update": 1791183350.798422, "elapsed_seconds": 76251.85192918777}
{"part": "image_utility_calibration", "stage": "initial_grid", "done": 861, "total": 1216, "failed": 0, "last_update": 1791183680.44931, "elapsed_seconds": 76581.5028181076}
{"part": "image_utility_calibration", "stage": "initial_grid", "done": 862, "total": 1216, "failed": 0, "last_update": 1791183680.846484, "elapsed_seconds": 76581.89999198914}
{"part": "image_utility_calibration", "stage": "initial_grid", "done": 863, "total": 1216, "failed": 0, "last_update": 1791183684.6171489, "elapsed_seconds": 76585.6706571579}
{"part": "image_utility_calibration", "stage": "initial_grid", "done": 864, "total": 1216, "failed": 0, "last_update": 1791183702.521749, "elapsed_seconds": 76603.57525610924}
{"part": "image_utility_calibration", "stage": "initial_grid", "done": 865, "total": 1216, "failed": 0, "last_update": 1791184027.704909, "elapsed_seconds": 76928.75841617584}
{"part": "image_utility_calibration", "stage": "initial_grid", "done": 866, "total": 1216, "failed": 0, "last_update": 1791184028.145826, "elapsed_seconds": 76929.19933319092}
{"part": "image_utility_calibration", "stage": "initial_grid", "done": 867, "total": 1216, "failed": 0, "last_update": 1791184031.703702, "elapsed_seconds": 76932.75720906258}
{"part": "image_utility_calibration", "stage": "initial_grid", "done": 868, "total": 1216, "failed": 0, "last_update": 1791184049.961453, "elapsed_seconds": 76951.01496005058}
{"part": "image_utility_calibration", "stage": "initial_grid", "done": 869, "total": 1216, "failed": 0, "last_update": 1791184376.234267, "elapsed_seconds": 77277.287774086}
{"part": "image_utility_calibration", "stage": "initial_grid", "done": 870, "total": 1216, "failed": 0, "last_update": 1791184379.569185, "elapsed_seconds": 77280.62269210815}
{"part": "image_utility_calibration", "stage": "initial_grid", "done": 871, "total": 1216, "failed": 0, "last_update": 1791184381.329464, "elapsed_seconds": 77282.38297224045}
{"part": "image_utility_calibration", "stage": "initial_grid", "done": 872, "total": 1216, "failed": 0, "last_update": 1791184403.2326, "elapsed_seconds": 77304.28610825539}
{"part": "image_utility_calibration", "stage": "initial_grid", "done": 873, "total": 1216, "failed": 0, "last_update": 1791184731.316118, "elapsed_seconds": 77632.36962604523}
{"part": "image_utility_calibration", "stage": "initial_grid", "done": 874, "total": 1216, "failed": 0, "last_update": 1791184735.0887501, "elapsed_seconds": 77636.14225816727}
{"part": "image_utility_calibration", "stage": "initial_grid", "done": 875, "total": 1216, "failed": 0, "last_update": 1791184736.721813, "elapsed_seconds": 77637.7753200531}
{"part": "image_utility_calibration", "stage": "initial_grid", "done": 876, "total": 1216, "failed": 0, "last_update": 1791184759.647419, "elapsed_seconds": 77660.70092606544}
{"part": "image_utility_calibration", "stage": "initial_grid", "done": 877, "total": 1216, "failed": 0, "last_update": 1791185082.842368, "elapsed_seconds": 77983.89587497711}
{"part": "image_utility_calibration", "stage": "initial_grid", "done": 878, "total": 1216, "failed": 0, "last_update": 1791185086.3205068, "elapsed_seconds": 77987.37401390076}
{"part": "image_utility_calibration", "stage": "initial_grid", "done": 879, "total": 1216, "failed": 0, "last_update": 1791185089.6252658, "elapsed_seconds": 77990.67877292633}
{"part": "image_utility_calibration", "stage": "initial_grid", "done": 880, "total": 1216, "failed": 0, "last_update": 1791185114.6862268, "elapsed_seconds": 78015.7397339344}
{"part": "image_utility_calibration", "stage": "initial_grid", "done": 881, "total": 1216, "failed": 0, "last_update": 1791185433.1747892, "elapsed_seconds": 78334.22829699516}
{"part": "image_utility_calibration", "stage": "initial_grid", "done": 882, "total": 1216, "failed": 0, "last_update": 1791185440.936335, "elapsed_seconds": 78341.98984217644}
{"part": "image_utility_calibration", "stage": "initial_grid", "done": 883, "total": 1216, "failed": 0, "last_update": 1791185442.143796, "elapsed_seconds": 78343.19730305672}
{"part": "image_utility_calibration", "stage": "initial_grid", "done": 884, "total": 1216, "failed": 0, "last_update": 1791185464.922482, "elapsed_seconds": 78365.97598910332}
{"part": "image_utility_calibration", "stage": "initial_grid", "done": 885, "total": 1216, "failed": 0, "last_update": 1791185785.548413, "elapsed_seconds": 78686.60192012787}
{"part": "image_utility_calibration", "stage": "initial_grid", "done": 886, "total": 1216, "failed": 0, "last_update": 1791185788.266357, "elapsed_seconds": 78689.31986498833}
{"part": "image_utility_calibration", "stage": "initial_grid", "done": 887, "total": 1216, "failed": 0, "last_update": 1791185789.528481, "elapsed_seconds": 78690.58198809624}
{"part": "image_utility_calibration", "stage": "initial_grid", "done": 888, "total": 1216, "failed": 0, "last_update": 1791185811.377701, "elapsed_seconds": 78712.43120908737}
{"part": "image_utility_calibration", "stage": "initial_grid", "done": 889, "total": 1216, "failed": 0, "last_update": 1791186134.104052, "elapsed_seconds": 79035.15755915642}
{"part": "image_utility_calibration", "stage": "initial_grid", "done": 890, "total": 1216, "failed": 0, "last_update": 1791186136.206508, "elapsed_seconds": 79037.26001501083}
{"part": "image_utility_calibration", "stage": "initial_grid", "done": 891, "total": 1216, "failed": 0, "last_update": 1791186137.9277282, "elapsed_seconds": 79038.98123526573}
{"part": "image_utility_calibration", "stage": "initial_grid", "done": 892, "total": 1216, "failed": 0, "last_update": 1791186159.547827, "elapsed_seconds": 79060.601334095}
{"part": "image_utility_calibration", "stage": "initial_grid", "done": 893, "total": 1216, "failed": 0, "last_update": 1791186483.063848, "elapsed_seconds": 79384.11735510826}
{"part": "image_utility_calibration", "stage": "initial_grid", "done": 894, "total": 1216, "failed": 0, "last_update": 1791186485.144784, "elapsed_seconds": 79386.19829106331}
{"part": "image_utility_calibration", "stage": "initial_grid", "done": 895, "total": 1216, "failed": 0, "last_update": 1791186487.346254, "elapsed_seconds": 79388.39976119995}
{"part": "image_utility_calibration", "stage": "initial_grid", "done": 896, "total": 1216, "failed": 0, "last_update": 1791186508.786825, "elapsed_seconds": 79409.84033203125}
{"part": "image_utility_calibration", "stage": "initial_grid", "done": 897, "total": 1216, "failed": 0, "last_update": 1791186838.693724, "elapsed_seconds": 79739.7472319603}
{"part": "image_utility_calibration", "stage": "initial_grid", "done": 898, "total": 1216, "failed": 0, "last_update": 1791186843.290544, "elapsed_seconds": 79744.34405112267}
{"part": "image_utility_calibration", "stage": "initial_grid", "done": 899, "total": 1216, "failed": 0, "last_update": 1791186844.357329, "elapsed_seconds": 79745.41083598137}
{"part": "image_utility_calibration", "stage": "initial_grid", "done": 900, "total": 1216, "failed": 0, "last_update": 1791186865.2682571, "elapsed_seconds": 79766.32176423073}
{"part": "image_utility_calibration", "stage": "initial_grid", "done": 901, "total": 1216, "failed": 0, "last_update": 1791187199.831406, "elapsed_seconds": 80100.8849132061}
{"part": "image_utility_calibration", "stage": "initial_grid", "done": 902, "total": 1216, "failed": 0, "last_update": 1791187203.106348, "elapsed_seconds": 80104.15985512733}
{"part": "image_utility_calibration", "stage": "initial_grid", "done": 903, "total": 1216, "failed": 0, "last_update": 1791187205.0500748, "elapsed_seconds": 80106.10358190536}
{"part": "image_utility_calibration", "stage": "initial_grid", "done": 904, "total": 1216, "failed": 0, "last_update": 1791187230.939519, "elapsed_seconds": 80131.99302601814}
{"part": "image_utility_calibration", "stage": "initial_grid", "done": 905, "total": 1216, "failed": 0, "last_update": 1791187554.543473, "elapsed_seconds": 80455.59698104858}
{"part": "image_utility_calibration", "stage": "initial_grid", "done": 906, "total": 1216, "failed": 0, "last_update": 1791187556.40567, "elapsed_seconds": 80457.45917701721}
{"part": "image_utility_calibration", "stage": "initial_grid", "done": 907, "total": 1216, "failed": 0, "last_update": 1791187563.925826, "elapsed_seconds": 80464.97933316231}
{"part": "image_utility_calibration", "stage": "initial_grid", "done": 908, "total": 1216, "failed": 0, "last_update": 1791187583.962079, "elapsed_seconds": 80485.01558613777}
{"part": "image_utility_calibration", "stage": "initial_grid", "done": 909, "total": 1216, "failed": 0, "last_update": 1791187907.408511, "elapsed_seconds": 80808.462018013}
{"part": "image_utility_calibration", "stage": "initial_grid", "done": 910, "total": 1216, "failed": 0, "last_update": 1791187910.194145, "elapsed_seconds": 80811.24765205383}
{"part": "image_utility_calibration", "stage": "initial_grid", "done": 911, "total": 1216, "failed": 0, "last_update": 1791187914.919779, "elapsed_seconds": 80815.97328710556}
{"part": "image_utility_calibration", "stage": "initial_grid", "done": 912, "total": 1216, "failed": 0, "last_update": 1791187935.022507, "elapsed_seconds": 80836.0760140419}
{"part": "image_utility_calibration", "stage": "initial_grid", "done": 913, "total": 1216, "failed": 0, "last_update": 1791188252.579371, "elapsed_seconds": 81153.63287806511}
{"part": "image_utility_calibration", "stage": "initial_grid", "done": 914, "total": 1216, "failed": 0, "last_update": 1791188255.3313138, "elapsed_seconds": 81156.3848221302}
{"part": "image_utility_calibration", "stage": "initial_grid", "done": 915, "total": 1216, "failed": 0, "last_update": 1791188263.798319, "elapsed_seconds": 81164.85182619095}
{"part": "image_utility_calibration", "stage": "initial_grid", "done": 916, "total": 1216, "failed": 0, "last_update": 1791188284.263924, "elapsed_seconds": 81185.31743097305}
{"part": "image_utility_calibration", "stage": "initial_grid", "done": 917, "total": 1216, "failed": 0, "last_update": 1791188603.966638, "elapsed_seconds": 81505.02014517784}
{"part": "image_utility_calibration", "stage": "initial_grid", "done": 918, "total": 1216, "failed": 0, "last_update": 1791188605.995863, "elapsed_seconds": 81507.04937124252}
{"part": "image_utility_calibration", "stage": "initial_grid", "done": 919, "total": 1216, "failed": 0, "last_update": 1791188614.3735628, "elapsed_seconds": 81515.42706990242}
{"part": "image_utility_calibration", "stage": "initial_grid", "done": 920, "total": 1216, "failed": 0, "last_update": 1791188630.912833, "elapsed_seconds": 81531.96634101868}
{"part": "image_utility_calibration", "stage": "initial_grid", "done": 921, "total": 1216, "failed": 0, "last_update": 1791188948.2061849, "elapsed_seconds": 81849.25969195366}
{"part": "image_utility_calibration", "stage": "initial_grid", "done": 922, "total": 1216, "failed": 0, "last_update": 1791188950.228101, "elapsed_seconds": 81851.2816081047}
{"part": "image_utility_calibration", "stage": "initial_grid", "done": 923, "total": 1216, "failed": 0, "last_update": 1791188958.456259, "elapsed_seconds": 81859.50976610184}
{"part": "image_utility_calibration", "stage": "initial_grid", "done": 924, "total": 1216, "failed": 0, "last_update": 1791188979.825925, "elapsed_seconds": 81880.87943220139}
{"part": "image_utility_calibration", "stage": "initial_grid", "done": 925, "total": 1216, "failed": 0, "last_update": 1791189294.082884, "elapsed_seconds": 82195.13639211655}
{"part": "image_utility_calibration", "stage": "initial_grid", "done": 926, "total": 1216, "failed": 0, "last_update": 1791189295.407512, "elapsed_seconds": 82196.46101903915}
{"part": "image_utility_calibration", "stage": "initial_grid", "done": 927, "total": 1216, "failed": 0, "last_update": 1791189304.259249, "elapsed_seconds": 82205.31275606155}
{"part": "image_utility_calibration", "stage": "initial_grid", "done": 928, "total": 1216, "failed": 0, "last_update": 1791189329.303113, "elapsed_seconds": 82230.35662007332}
{"part": "image_utility_calibration", "stage": "initial_grid", "done": 929, "total": 1216, "failed": 0, "last_update": 1791189721.117024, "elapsed_seconds": 82622.17053103447}
{"part": "image_utility_calibration", "stage": "initial_grid", "done": 930, "total": 1216, "failed": 0, "last_update": 1791189721.640639, "elapsed_seconds": 82622.69414615631}
{"part": "image_utility_calibration", "stage": "initial_grid", "done": 931, "total": 1216, "failed": 0, "last_update": 1791189735.489481, "elapsed_seconds": 82636.5429880619}
{"part": "image_utility_calibration", "stage": "initial_grid", "done": 932, "total": 1216, "failed": 0, "last_update": 1791189756.083991, "elapsed_seconds": 82657.13749814034}
{"part": "image_utility_calibration", "stage": "initial_grid", "done": 933, "total": 1216, "failed": 0, "last_update": 1791190146.464131, "elapsed_seconds": 83047.51763916016}
{"part": "image_utility_calibration", "stage": "initial_grid", "done": 934, "total": 1216, "failed": 0, "last_update": 1791190153.4720461, "elapsed_seconds": 83054.52555322647}
{"part": "image_utility_calibration", "stage": "initial_grid", "done": 935, "total": 1216, "failed": 0, "last_update": 1791190160.675615, "elapsed_seconds": 83061.72912216187}
{"part": "image_utility_calibration", "stage": "initial_grid", "done": 936, "total": 1216, "failed": 0, "last_update": 1791190184.030081, "elapsed_seconds": 83085.08358812332}
{"part": "image_utility_calibration", "stage": "initial_grid", "done": 937, "total": 1216, "failed": 0, "last_update": 1791190575.0976691, "elapsed_seconds": 83476.15117621422}
{"part": "image_utility_calibration", "stage": "initial_grid", "done": 938, "total": 1216, "failed": 0, "last_update": 1791190581.891691, "elapsed_seconds": 83482.94519901276}
{"part": "image_utility_calibration", "stage": "initial_grid", "done": 939, "total": 1216, "failed": 0, "last_update": 1791190593.8909152, "elapsed_seconds": 83494.94442224503}
{"part": "image_utility_calibration", "stage": "initial_grid", "done": 940, "total": 1216, "failed": 0, "last_update": 1791190612.1018949, "elapsed_seconds": 83513.15540194511}
{"part": "image_utility_calibration", "stage": "initial_grid", "done": 941, "total": 1216, "failed": 0, "last_update": 1791191004.1647968, "elapsed_seconds": 83905.21830391884}
{"part": "image_utility_calibration", "stage": "initial_grid", "done": 942, "total": 1216, "failed": 0, "last_update": 1791191010.528915, "elapsed_seconds": 83911.58242201805}
{"part": "image_utility_calibration", "stage": "initial_grid", "done": 943, "total": 1216, "failed": 0, "last_update": 1791191026.1288571, "elapsed_seconds": 83927.18236517906}
{"part": "image_utility_calibration", "stage": "initial_grid", "done": 944, "total": 1216, "failed": 0, "last_update": 1791191041.020682, "elapsed_seconds": 83942.07419013977}
{"part": "image_utility_calibration", "stage": "initial_grid", "done": 945, "total": 1216, "failed": 0, "last_update": 1791191373.537963, "elapsed_seconds": 84274.59147000313}
{"part": "image_utility_calibration", "stage": "initial_grid", "done": 946, "total": 1216, "failed": 0, "last_update": 1791191380.165395, "elapsed_seconds": 84281.21890211105}
{"part": "image_utility_calibration", "stage": "initial_grid", "done": 947, "total": 1216, "failed": 0, "last_update": 1791191395.337994, "elapsed_seconds": 84296.39150118828}
{"part": "image_utility_calibration", "stage": "initial_grid", "done": 948, "total": 1216, "failed": 0, "last_update": 1791191410.5523572, "elapsed_seconds": 84311.60586428642}
{"part": "image_utility_calibration", "stage": "initial_grid", "done": 949, "total": 1216, "failed": 0, "last_update": 1791191744.2200162, "elapsed_seconds": 84645.27352333069}
{"part": "image_utility_calibration", "stage": "initial_grid", "done": 950, "total": 1216, "failed": 0, "last_update": 1791191750.607834, "elapsed_seconds": 84651.6613419056}
{"part": "image_utility_calibration", "stage": "initial_grid", "done": 951, "total": 1216, "failed": 0, "last_update": 1791191765.375926, "elapsed_seconds": 84666.42943310738}
{"part": "image_utility_calibration", "stage": "initial_grid", "done": 952, "total": 1216, "failed": 0, "last_update": 1791191779.274324, "elapsed_seconds": 84680.32783102989}
{"part": "image_utility_calibration", "stage": "initial_grid", "done": 953, "total": 1216, "failed": 0, "last_update": 1791192114.630684, "elapsed_seconds": 85015.68419098854}
{"part": "image_utility_calibration", "stage": "initial_grid", "done": 954, "total": 1216, "failed": 0, "last_update": 1791192120.413312, "elapsed_seconds": 85021.46681904793}
{"part": "image_utility_calibration", "stage": "initial_grid", "done": 955, "total": 1216, "failed": 0, "last_update": 1791192134.5359192, "elapsed_seconds": 85035.58942627907}
{"part": "image_utility_calibration", "stage": "initial_grid", "done": 956, "total": 1216, "failed": 0, "last_update": 1791192149.326928, "elapsed_seconds": 85050.38043498993}
{"part": "image_utility_calibration", "stage": "initial_grid", "done": 957, "total": 1216, "failed": 0, "last_update": 1791192484.7686741, "elapsed_seconds": 85385.82218122482}
{"part": "image_utility_calibration", "stage": "initial_grid", "done": 958, "total": 1216, "failed": 0, "last_update": 1791192490.2549398, "elapsed_seconds": 85391.30844688416}
{"part": "image_utility_calibration", "stage": "initial_grid", "done": 959, "total": 1216, "failed": 0, "last_update": 1791192503.90716, "elapsed_seconds": 85404.96066713333}
{"part": "image_utility_calibration", "stage": "initial_grid", "done": 960, "total": 1216, "failed": 0, "last_update": 1791192518.796884, "elapsed_seconds": 85419.85039114952}
{"part": "image_utility_calibration", "stage": "initial_grid", "done": 961, "total": 1216, "failed": 0, "last_update": 1791192832.898874, "elapsed_seconds": 85733.95238113403}
{"part": "image_utility_calibration", "stage": "initial_grid", "done": 962, "total": 1216, "failed": 0, "last_update": 1791192837.409451, "elapsed_seconds": 85738.46295905113}
{"part": "image_utility_calibration", "stage": "initial_grid", "done": 963, "total": 1216, "failed": 0, "last_update": 1791192855.2218628, "elapsed_seconds": 85756.27536988258}
{"part": "image_utility_calibration", "stage": "initial_grid", "done": 964, "total": 1216, "failed": 0, "last_update": 1791192865.8116841, "elapsed_seconds": 85766.86519122124}
{"part": "image_utility_calibration", "stage": "initial_grid", "done": 965, "total": 1216, "failed": 0, "last_update": 1791193179.882806, "elapsed_seconds": 86080.93631315231}
{"part": "image_utility_calibration", "stage": "initial_grid", "done": 966, "total": 1216, "failed": 0, "last_update": 1791193183.502041, "elapsed_seconds": 86084.55554819107}
{"part": "image_utility_calibration", "stage": "initial_grid", "done": 967, "total": 1216, "failed": 0, "last_update": 1791193201.776222, "elapsed_seconds": 86102.8297290802}
{"part": "image_utility_calibration", "stage": "initial_grid", "done": 968, "total": 1216, "failed": 0, "last_update": 1791193217.009072, "elapsed_seconds": 86118.06257915497}
{"part": "image_utility_calibration", "stage": "initial_grid", "done": 969, "total": 1216, "failed": 0, "last_update": 1791193527.469994, "elapsed_seconds": 86428.52350115776}
{"part": "image_utility_calibration", "stage": "initial_grid", "done": 970, "total": 1216, "failed": 0, "last_update": 1791193535.540046, "elapsed_seconds": 86436.59355425835}
{"part": "image_utility_calibration", "stage": "initial_grid", "done": 971, "total": 1216, "failed": 0, "last_update": 1791193553.836203, "elapsed_seconds": 86454.88971018791}
{"part": "image_utility_calibration", "stage": "initial_grid", "done": 972, "total": 1216, "failed": 0, "last_update": 1791193564.434533, "elapsed_seconds": 86465.48804020882}
{"part": "image_utility_calibration", "stage": "initial_grid", "done": 973, "total": 1216, "failed": 0, "last_update": 1791193875.877074, "elapsed_seconds": 86776.93058109283}
{"part": "image_utility_calibration", "stage": "initial_grid", "done": 974, "total": 1216, "failed": 0, "last_update": 1791193884.263314, "elapsed_seconds": 86785.316822052}
{"part": "image_utility_calibration", "stage": "initial_grid", "done": 975, "total": 1216, "failed": 0, "last_update": 1791193903.497053, "elapsed_seconds": 86804.55055999756}
{"part": "image_utility_calibration", "stage": "initial_grid", "done": 976, "total": 1216, "failed": 0, "last_update": 1791193917.5606122, "elapsed_seconds": 86818.6141192913}
{"part": "image_utility_calibration", "stage": "initial_grid", "done": 977, "total": 1216, "failed": 0, "last_update": 1791194224.7143412, "elapsed_seconds": 87125.76784825325}
{"part": "image_utility_calibration", "stage": "initial_grid", "done": 978, "total": 1216, "failed": 0, "last_update": 1791194231.507411, "elapsed_seconds": 87132.56091809273}
{"part": "image_utility_calibration", "stage": "initial_grid", "done": 979, "total": 1216, "failed": 0, "last_update": 1791194256.122595, "elapsed_seconds": 87157.17610216141}
{"part": "image_utility_calibration", "stage": "initial_grid", "done": 980, "total": 1216, "failed": 0, "last_update": 1791194269.9277031, "elapsed_seconds": 87170.98121023178}
{"part": "image_utility_calibration", "stage": "initial_grid", "done": 981, "total": 1216, "failed": 0, "last_update": 1791194572.5714738, "elapsed_seconds": 87473.62498092651}
{"part": "image_utility_calibration", "stage": "initial_grid", "done": 982, "total": 1216, "failed": 0, "last_update": 1791194579.0577059, "elapsed_seconds": 87480.11121416092}
{"part": "image_utility_calibration", "stage": "initial_grid", "done": 983, "total": 1216, "failed": 0, "last_update": 1791194603.7197618, "elapsed_seconds": 87504.77327013016}
{"part": "image_utility_calibration", "stage": "initial_grid", "done": 984, "total": 1216, "failed": 0, "last_update": 1791194623.100443, "elapsed_seconds": 87524.15394997597}
{"part": "image_utility_calibration", "stage": "initial_grid", "done": 985, "total": 1216, "failed": 0, "last_update": 1791194923.039486, "elapsed_seconds": 87824.09299302101}
{"part": "image_utility_calibration", "stage": "initial_grid", "done": 986, "total": 1216, "failed": 0, "last_update": 1791194924.8084009, "elapsed_seconds": 87825.86190891266}
{"part": "image_utility_calibration", "stage": "initial_grid", "done": 987, "total": 1216, "failed": 0, "last_update": 1791194950.209504, "elapsed_seconds": 87851.26301217079}
{"part": "image_utility_calibration", "stage": "initial_grid", "done": 988, "total": 1216, "failed": 0, "last_update": 1791194968.9345942, "elapsed_seconds": 87869.98810124397}
{"part": "image_utility_calibration", "stage": "initial_grid", "done": 989, "total": 1216, "failed": 0, "last_update": 1791195269.914321, "elapsed_seconds": 88170.96782803535}
{"part": "image_utility_calibration", "stage": "initial_grid", "done": 990, "total": 1216, "failed": 0, "last_update": 1791195270.981674, "elapsed_seconds": 88172.03518104553}
{"part": "image_utility_calibration", "stage": "initial_grid", "done": 991, "total": 1216, "failed": 0, "last_update": 1791195296.928919, "elapsed_seconds": 88197.98242616653}
{"part": "image_utility_calibration", "stage": "initial_grid", "done": 992, "total": 1216, "failed": 0, "last_update": 1791195315.687653, "elapsed_seconds": 88216.7411608696}
{"part": "image_utility_calibration", "stage": "initial_grid", "done": 993, "total": 1216, "failed": 0, "last_update": 1791195616.4633799, "elapsed_seconds": 88517.51688814163}
{"part": "image_utility_calibration", "stage": "initial_grid", "done": 994, "total": 1216, "failed": 0, "last_update": 1791195617.1002629, "elapsed_seconds": 88518.15376996994}
{"part": "image_utility_calibration", "stage": "initial_grid", "done": 995, "total": 1216, "failed": 0, "last_update": 1791195647.461231, "elapsed_seconds": 88548.51473927498}
{"part": "image_utility_calibration", "stage": "initial_grid", "done": 996, "total": 1216, "failed": 0, "last_update": 1791195666.046349, "elapsed_seconds": 88567.09985613823}
{"part": "image_utility_calibration", "stage": "initial_grid", "done": 997, "total": 1216, "failed": 0, "last_update": 1791195963.053309, "elapsed_seconds": 88864.10681605339}
{"part": "image_utility_calibration", "stage": "initial_grid", "done": 998, "total": 1216, "failed": 0, "last_update": 1791195963.3932889, "elapsed_seconds": 88864.44679713249}
{"part": "image_utility_calibration", "stage": "initial_grid", "done": 999, "total": 1216, "failed": 0, "last_update": 1791195998.999397, "elapsed_seconds": 88900.05290412903}
{"part": "image_utility_calibration", "stage": "initial_grid", "done": 1000, "total": 1216, "failed": 0, "last_update": 1791196012.605973, "elapsed_seconds": 88913.65948009491}
{"part": "image_utility_calibration", "stage": "initial_grid", "done": 1001, "total": 1216, "failed": 0, "last_update": 1791196311.102019, "elapsed_seconds": 89212.1555261612}
{"part": "image_utility_calibration", "stage": "initial_grid", "done": 1002, "total": 1216, "failed": 0, "last_update": 1791196311.2384682, "elapsed_seconds": 89212.29197621346}
{"part": "image_utility_calibration", "stage": "initial_grid", "done": 1003, "total": 1216, "failed": 0, "last_update": 1791196346.5926871, "elapsed_seconds": 89247.64619517326}
{"part": "image_utility_calibration", "stage": "initial_grid", "done": 1004, "total": 1216, "failed": 0, "last_update": 1791196364.242314, "elapsed_seconds": 89265.29582118988}
{"part": "image_utility_calibration", "stage": "initial_grid", "done": 1005, "total": 1216, "failed": 0, "last_update": 1791196657.4381702, "elapsed_seconds": 89558.49167728424}
{"part": "image_utility_calibration", "stage": "initial_grid", "done": 1006, "total": 1216, "failed": 0, "last_update": 1791196658.572983, "elapsed_seconds": 89559.6264910698}
{"part": "image_utility_calibration", "stage": "initial_grid", "done": 1007, "total": 1216, "failed": 0, "last_update": 1791196693.0305762, "elapsed_seconds": 89594.08408331871}
{"part": "image_utility_calibration", "stage": "initial_grid", "done": 1008, "total": 1216, "failed": 0, "last_update": 1791196711.531432, "elapsed_seconds": 89612.58493900299}
{"part": "image_utility_calibration", "stage": "initial_grid", "done": 1009, "total": 1216, "failed": 0, "last_update": 1791197007.7880802, "elapsed_seconds": 89908.84158730507}
{"part": "image_utility_calibration", "stage": "initial_grid", "done": 1010, "total": 1216, "failed": 0, "last_update": 1791197008.7541509, "elapsed_seconds": 89909.80765795708}
{"part": "image_utility_calibration", "stage": "initial_grid", "done": 1011, "total": 1216, "failed": 0, "last_update": 1791197039.925735, "elapsed_seconds": 89940.97924208641}
{"part": "image_utility_calibration", "stage": "initial_grid", "done": 1012, "total": 1216, "failed": 0, "last_update": 1791197057.17365, "elapsed_seconds": 89958.22715806961}
{"part": "image_utility_calibration", "stage": "initial_grid", "done": 1013, "total": 1216, "failed": 0, "last_update": 1791197356.198807, "elapsed_seconds": 90257.2523150444}
{"part": "image_utility_calibration", "stage": "initial_grid", "done": 1014, "total": 1216, "failed": 0, "last_update": 1791197359.0016599, "elapsed_seconds": 90260.05516791344}
{"part": "image_utility_calibration", "stage": "initial_grid", "done": 1015, "total": 1216, "failed": 0, "last_update": 1791197385.9221509, "elapsed_seconds": 90286.975659132}
{"part": "image_utility_calibration", "stage": "initial_grid", "done": 1016, "total": 1216, "failed": 0, "last_update": 1791197403.109102, "elapsed_seconds": 90304.16260910034}
{"part": "image_utility_calibration", "stage": "initial_grid", "done": 1017, "total": 1216, "failed": 0, "last_update": 1791197702.77696, "elapsed_seconds": 90603.8304669857}
{"part": "image_utility_calibration", "stage": "initial_grid", "done": 1018, "total": 1216, "failed": 0, "last_update": 1791197705.385501, "elapsed_seconds": 90606.43900895119}
{"part": "image_utility_calibration", "stage": "initial_grid", "done": 1019, "total": 1216, "failed": 0, "last_update": 1791197731.689954, "elapsed_seconds": 90632.74346113205}
{"part": "image_utility_calibration", "stage": "initial_grid", "done": 1020, "total": 1216, "failed": 0, "last_update": 1791197749.742054, "elapsed_seconds": 90650.79556202888}
{"part": "image_utility_calibration", "stage": "initial_grid", "done": 1021, "total": 1216, "failed": 0, "last_update": 1791198049.723165, "elapsed_seconds": 90950.77667212486}
{"part": "image_utility_calibration", "stage": "initial_grid", "done": 1022, "total": 1216, "failed": 0, "last_update": 1791198056.4748118, "elapsed_seconds": 90957.52831888199}
{"part": "image_utility_calibration", "stage": "initial_grid", "done": 1023, "total": 1216, "failed": 0, "last_update": 1791198083.3196979, "elapsed_seconds": 90984.37320494652}
{"part": "image_utility_calibration", "stage": "initial_grid", "done": 1024, "total": 1216, "failed": 0, "last_update": 1791198096.7350872, "elapsed_seconds": 90997.78859424591}
{"part": "image_utility_calibration", "stage": "initial_grid", "done": 1025, "total": 1216, "failed": 0, "last_update": 1791198408.626915, "elapsed_seconds": 91309.68042325974}
{"part": "image_utility_calibration", "stage": "initial_grid", "done": 1026, "total": 1216, "failed": 0, "last_update": 1791198411.067701, "elapsed_seconds": 91312.12120914459}
{"part": "image_utility_calibration", "stage": "initial_grid", "done": 1027, "total": 1216, "failed": 0, "last_update": 1791198437.943397, "elapsed_seconds": 91338.99690413475}
{"part": "image_utility_calibration", "stage": "initial_grid", "done": 1028, "total": 1216, "failed": 0, "last_update": 1791198451.702395, "elapsed_seconds": 91352.7559030056}
{"part": "image_utility_calibration", "stage": "initial_grid", "done": 1029, "total": 1216, "failed": 0, "last_update": 1791198763.914312, "elapsed_seconds": 91664.96781897545}
{"part": "image_utility_calibration", "stage": "initial_grid", "done": 1030, "total": 1216, "failed": 0, "last_update": 1791198765.790572, "elapsed_seconds": 91666.84407901764}
{"part": "image_utility_calibration", "stage": "initial_grid", "done": 1031, "total": 1216, "failed": 0, "last_update": 1791198792.772379, "elapsed_seconds": 91693.82588601112}
{"part": "image_utility_calibration", "stage": "initial_grid", "done": 1032, "total": 1216, "failed": 0, "last_update": 1791198811.0252318, "elapsed_seconds": 91712.07873892784}
{"part": "image_utility_calibration", "stage": "initial_grid", "done": 1033, "total": 1216, "failed": 0, "last_update": 1791199115.742712, "elapsed_seconds": 92016.79621911049}
{"part": "image_utility_calibration", "stage": "initial_grid", "done": 1034, "total": 1216, "failed": 0, "last_update": 1791199120.972239, "elapsed_seconds": 92022.0257461071}
{"part": "image_utility_calibration", "stage": "initial_grid", "done": 1035, "total": 1216, "failed": 0, "last_update": 1791199147.5757592, "elapsed_seconds": 92048.62926626205}
{"part": "image_utility_calibration", "stage": "initial_grid", "done": 1036, "total": 1216, "failed": 0, "last_update": 1791199160.9598, "elapsed_seconds": 92062.01330709457}
{"part": "image_utility_calibration", "stage": "initial_grid", "done": 1037, "total": 1216, "failed": 0, "last_update": 1791199461.680562, "elapsed_seconds": 92362.73406910896}
{"part": "image_utility_calibration", "stage": "initial_grid", "done": 1038, "total": 1216, "failed": 0, "last_update": 1791199467.388157, "elapsed_seconds": 92368.44166398048}
{"part": "image_utility_calibration", "stage": "initial_grid", "done": 1039, "total": 1216, "failed": 0, "last_update": 1791199493.7463639, "elapsed_seconds": 92394.79987192154}
{"part": "image_utility_calibration", "stage": "initial_grid", "done": 1040, "total": 1216, "failed": 0, "last_update": 1791199511.8161652, "elapsed_seconds": 92412.86967229843}
{"part": "image_utility_calibration", "stage": "initial_grid", "done": 1041, "total": 1216, "failed": 0, "last_update": 1791199812.094671, "elapsed_seconds": 92713.14817810059}
{"part": "image_utility_calibration", "stage": "initial_grid", "done": 1042, "total": 1216, "failed": 0, "last_update": 1791199818.483285, "elapsed_seconds": 92719.53679299355}
{"part": "image_utility_calibration", "stage": "initial_grid", "done": 1043, "total": 1216, "failed": 0, "last_update": 1791199846.263875, "elapsed_seconds": 92747.31738209724}
{"part": "image_utility_calibration", "stage": "initial_grid", "done": 1044, "total": 1216, "failed": 0, "last_update": 1791199864.465624, "elapsed_seconds": 92765.51913118362}
{"part": "image_utility_calibration", "stage": "initial_grid", "done": 1045, "total": 1216, "failed": 0, "last_update": 1791200167.8748229, "elapsed_seconds": 93068.9283311367}
{"part": "image_utility_calibration", "stage": "initial_grid", "done": 1046, "total": 1216, "failed": 0, "last_update": 1791200177.807204, "elapsed_seconds": 93078.86071109772}
{"part": "image_utility_calibration", "stage": "initial_grid", "done": 1047, "total": 1216, "failed": 0, "last_update": 1791200199.838801, "elapsed_seconds": 93100.89230799675}
{"part": "image_utility_calibration", "stage": "initial_grid", "done": 1048, "total": 1216, "failed": 0, "last_update": 1791200217.753849, "elapsed_seconds": 93118.80735731125}
{"part": "image_utility_calibration", "stage": "initial_grid", "done": 1049, "total": 1216, "failed": 0, "last_update": 1791200517.267288, "elapsed_seconds": 93418.3207962513}
{"part": "image_utility_calibration", "stage": "initial_grid", "done": 1050, "total": 1216, "failed": 0, "last_update": 1791200526.198078, "elapsed_seconds": 93427.25158596039}
{"part": "image_utility_calibration", "stage": "initial_grid", "done": 1051, "total": 1216, "failed": 0, "last_update": 1791200553.2054348, "elapsed_seconds": 93454.25894188881}
{"part": "image_utility_calibration", "stage": "initial_grid", "done": 1052, "total": 1216, "failed": 0, "last_update": 1791200566.4498491, "elapsed_seconds": 93467.50335621834}
{"part": "image_utility_calibration", "stage": "initial_grid", "done": 1053, "total": 1216, "failed": 0, "last_update": 1791200867.9400299, "elapsed_seconds": 93768.99353694916}
{"part": "image_utility_calibration", "stage": "initial_grid", "done": 1054, "total": 1216, "failed": 0, "last_update": 1791200875.840202, "elapsed_seconds": 93776.89370918274}
{"part": "image_utility_calibration", "stage": "initial_grid", "done": 1055, "total": 1216, "failed": 0, "last_update": 1791200904.118936, "elapsed_seconds": 93805.17244315147}
{"part": "image_utility_calibration", "stage": "initial_grid", "done": 1056, "total": 1216, "failed": 0, "last_update": 1791200917.458598, "elapsed_seconds": 93818.51210594177}
{"part": "image_utility_calibration", "stage": "initial_grid", "done": 1057, "total": 1216, "failed": 0, "last_update": 1791201215.27745, "elapsed_seconds": 94116.3309571743}
{"part": "image_utility_calibration", "stage": "initial_grid", "done": 1058, "total": 1216, "failed": 0, "last_update": 1791201220.7978601, "elapsed_seconds": 94121.85136818886}
{"part": "image_utility_calibration", "stage": "initial_grid", "done": 1059, "total": 1216, "failed": 0, "last_update": 1791201249.213253, "elapsed_seconds": 94150.26676011086}
{"part": "image_utility_calibration", "stage": "initial_grid", "done": 1060, "total": 1216, "failed": 0, "last_update": 1791201262.98393, "elapsed_seconds": 94164.03743720055}
{"part": "image_utility_calibration", "stage": "initial_grid", "done": 1061, "total": 1216, "failed": 0, "last_update": 1791201566.107889, "elapsed_seconds": 94467.16139698029}
{"part": "image_utility_calibration", "stage": "initial_grid", "done": 1062, "total": 1216, "failed": 0, "last_update": 1791201566.279973, "elapsed_seconds": 94467.3334801197}
{"part": "image_utility_calibration", "stage": "initial_grid", "done": 1063, "total": 1216, "failed": 0, "last_update": 1791201595.4359832, "elapsed_seconds": 94496.48949027061}
{"part": "image_utility_calibration", "stage": "initial_grid", "done": 1064, "total": 1216, "failed": 0, "last_update": 1791201608.5408, "elapsed_seconds": 94509.59430718422}
{"part": "image_utility_calibration", "stage": "initial_grid", "done": 1065, "total": 1216, "failed": 0, "last_update": 1791201912.0865622, "elapsed_seconds": 94813.14006924629}
{"part": "image_utility_calibration", "stage": "initial_grid", "done": 1066, "total": 1216, "failed": 0, "last_update": 1791201917.237581, "elapsed_seconds": 94818.29108810425}
{"part": "image_utility_calibration", "stage": "initial_grid", "done": 1067, "total": 1216, "failed": 0, "last_update": 1791201942.213732, "elapsed_seconds": 94843.26723909378}
{"part": "image_utility_calibration", "stage": "initial_grid", "done": 1068, "total": 1216, "failed": 0, "last_update": 1791201955.4154408, "elapsed_seconds": 94856.46894907951}
{"part": "image_utility_calibration", "stage": "initial_grid", "done": 1069, "total": 1216, "failed": 0, "last_update": 1791202258.304071, "elapsed_seconds": 95159.35757899284}
{"part": "image_utility_calibration", "stage": "initial_grid", "done": 1070, "total": 1216, "failed": 0, "last_update": 1791202262.980226, "elapsed_seconds": 95164.0337331295}
{"part": "image_utility_calibration", "stage": "initial_grid", "done": 1071, "total": 1216, "failed": 0, "last_update": 1791202287.6135209, "elapsed_seconds": 95188.66702795029}
{"part": "image_utility_calibration", "stage": "initial_grid", "done": 1072, "total": 1216, "failed": 0, "last_update": 1791202301.904772, "elapsed_seconds": 95202.95827913284}
{"part": "image_utility_calibration", "stage": "initial_grid", "done": 1073, "total": 1216, "failed": 0, "last_update": 1791202604.203752, "elapsed_seconds": 95505.25725913048}
{"part": "image_utility_calibration", "stage": "initial_grid", "done": 1074, "total": 1216, "failed": 0, "last_update": 1791202608.444905, "elapsed_seconds": 95509.49841213226}
{"part": "image_utility_calibration", "stage": "initial_grid", "done": 1075, "total": 1216, "failed": 0, "last_update": 1791202637.8995461, "elapsed_seconds": 95538.95305395126}
{"part": "image_utility_calibration", "stage": "initial_grid", "done": 1076, "total": 1216, "failed": 0, "last_update": 1791202647.7254899, "elapsed_seconds": 95548.77899813652}
{"part": "image_utility_calibration", "stage": "initial_grid", "done": 1077, "total": 1216, "failed": 0, "last_update": 1791202954.5401988, "elapsed_seconds": 95855.59370589256}
{"part": "image_utility_calibration", "stage": "initial_grid", "done": 1078, "total": 1216, "failed": 0, "last_update": 1791202958.3544161, "elapsed_seconds": 95859.40792322159}
{"part": "image_utility_calibration", "stage": "initial_grid", "done": 1079, "total": 1216, "failed": 0, "last_update": 1791202988.757642, "elapsed_seconds": 95889.81114912033}
{"part": "image_utility_calibration", "stage": "initial_grid", "done": 1080, "total": 1216, "failed": 0, "last_update": 1791202998.932483, "elapsed_seconds": 95899.98599004745}
{"part": "image_utility_calibration", "stage": "initial_grid", "done": 1081, "total": 1216, "failed": 0, "last_update": 1791203310.650066, "elapsed_seconds": 96211.70357298851}
{"part": "image_utility_calibration", "stage": "initial_grid", "done": 1082, "total": 1216, "failed": 0, "last_update": 1791203311.595617, "elapsed_seconds": 96212.64912414551}
{"part": "image_utility_calibration", "stage": "initial_grid", "done": 1083, "total": 1216, "failed": 0, "last_update": 1791203344.359582, "elapsed_seconds": 96245.41308903694}
{"part": "image_utility_calibration", "stage": "initial_grid", "done": 1084, "total": 1216, "failed": 0, "last_update": 1791203350.45822, "elapsed_seconds": 96251.51172709465}
{"part": "image_utility_calibration", "stage": "initial_grid", "done": 1085, "total": 1216, "failed": 0, "last_update": 1791203658.358537, "elapsed_seconds": 96559.41204404831}
{"part": "image_utility_calibration", "stage": "initial_grid", "done": 1086, "total": 1216, "failed": 0, "last_update": 1791203658.423449, "elapsed_seconds": 96559.47695612907}
{"part": "image_utility_calibration", "stage": "initial_grid", "done": 1087, "total": 1216, "failed": 0, "last_update": 1791203691.743565, "elapsed_seconds": 96592.79707217216}
{"part": "image_utility_calibration", "stage": "initial_grid", "done": 1088, "total": 1216, "failed": 0, "last_update": 1791203697.411798, "elapsed_seconds": 96598.46530508995}
{"part": "image_utility_calibration", "stage": "initial_grid", "done": 1089, "total": 1216, "failed": 0, "last_update": 1791204005.751102, "elapsed_seconds": 96906.80460906029}
{"part": "image_utility_calibration", "stage": "initial_grid", "done": 1090, "total": 1216, "failed": 0, "last_update": 1791204006.360492, "elapsed_seconds": 96907.41399908066}
{"part": "image_utility_calibration", "stage": "initial_grid", "done": 1091, "total": 1216, "failed": 0, "last_update": 1791204043.521973, "elapsed_seconds": 96944.57548117638}
{"part": "image_utility_calibration", "stage": "initial_grid", "done": 1092, "total": 1216, "failed": 0, "last_update": 1791204043.5767648, "elapsed_seconds": 96944.63027191162}
{"part": "image_utility_calibration", "stage": "initial_grid", "done": 1093, "total": 1216, "failed": 0, "last_update": 1791204352.7688708, "elapsed_seconds": 97253.82237792015}
{"part": "image_utility_calibration", "stage": "initial_grid", "done": 1094, "total": 1216, "failed": 0, "last_update": 1791204353.940672, "elapsed_seconds": 97254.99417901039}
{"part": "image_utility_calibration", "stage": "initial_grid", "done": 1095, "total": 1216, "failed": 0, "last_update": 1791204389.9428039, "elapsed_seconds": 97290.99631094933}
{"part": "image_utility_calibration", "stage": "initial_grid", "done": 1096, "total": 1216, "failed": 0, "last_update": 1791204390.412933, "elapsed_seconds": 97291.4664402008}
{"part": "image_utility_calibration", "stage": "initial_grid", "done": 1097, "total": 1216, "failed": 0, "last_update": 1791204699.822277, "elapsed_seconds": 97600.8757841587}
{"part": "image_utility_calibration", "stage": "initial_grid", "done": 1098, "total": 1216, "failed": 0, "last_update": 1791204700.7626398, "elapsed_seconds": 97601.81614685059}
{"part": "image_utility_calibration", "stage": "initial_grid", "done": 1099, "total": 1216, "failed": 0, "last_update": 1791204737.726239, "elapsed_seconds": 97638.7797460556}
{"part": "image_utility_calibration", "stage": "initial_grid", "done": 1100, "total": 1216, "failed": 0, "last_update": 1791204738.190855, "elapsed_seconds": 97639.24436211586}
{"part": "image_utility_calibration", "stage": "initial_grid", "done": 1101, "total": 1216, "failed": 0, "last_update": 1791205046.825727, "elapsed_seconds": 97947.87923407555}
{"part": "image_utility_calibration", "stage": "initial_grid", "done": 1102, "total": 1216, "failed": 0, "last_update": 1791205051.6928241, "elapsed_seconds": 97952.74633216858}
{"part": "image_utility_calibration", "stage": "initial_grid", "done": 1103, "total": 1216, "failed": 0, "last_update": 1791205084.508231, "elapsed_seconds": 97985.56173801422}
{"part": "image_utility_calibration", "stage": "initial_grid", "done": 1104, "total": 1216, "failed": 0, "last_update": 1791205084.899279, "elapsed_seconds": 97985.9527862072}
{"part": "image_utility_calibration", "stage": "initial_grid", "done": 1105, "total": 1216, "failed": 0, "last_update": 1791205395.274815, "elapsed_seconds": 98296.32832217216}
{"part": "image_utility_calibration", "stage": "initial_grid", "done": 1106, "total": 1216, "failed": 0, "last_update": 1791205399.7344792, "elapsed_seconds": 98300.78798627853}
{"part": "image_utility_calibration", "stage": "initial_grid", "done": 1107, "total": 1216, "failed": 0, "last_update": 1791205432.702872, "elapsed_seconds": 98333.7563791275}
{"part": "image_utility_calibration", "stage": "initial_grid", "done": 1108, "total": 1216, "failed": 0, "last_update": 1791205433.455297, "elapsed_seconds": 98334.50880503654}
{"part": "image_utility_calibration", "stage": "initial_grid", "done": 1109, "total": 1216, "failed": 0, "last_update": 1791205742.707371, "elapsed_seconds": 98643.76087808609}
{"part": "image_utility_calibration", "stage": "initial_grid", "done": 1110, "total": 1216, "failed": 0, "last_update": 1791205746.10196, "elapsed_seconds": 98647.15546798706}
{"part": "image_utility_calibration", "stage": "initial_grid", "done": 1111, "total": 1216, "failed": 0, "last_update": 1791205779.6065211, "elapsed_seconds": 98680.6600291729}
{"part": "image_utility_calibration", "stage": "initial_grid", "done": 1112, "total": 1216, "failed": 0, "last_update": 1791205779.849524, "elapsed_seconds": 98680.90303111076}
{"part": "image_utility_calibration", "stage": "initial_grid", "done": 1113, "total": 1216, "failed": 0, "last_update": 1791206101.037426, "elapsed_seconds": 99002.09093308449}
{"part": "image_utility_calibration", "stage": "initial_grid", "done": 1114, "total": 1216, "failed": 0, "last_update": 1791206103.822301, "elapsed_seconds": 99004.87580800056}
{"part": "image_utility_calibration", "stage": "initial_grid", "done": 1115, "total": 1216, "failed": 0, "last_update": 1791206133.338891, "elapsed_seconds": 99034.39239811897}
{"part": "image_utility_calibration", "stage": "initial_grid", "done": 1116, "total": 1216, "failed": 0, "last_update": 1791206133.361092, "elapsed_seconds": 99034.41459918022}
{"part": "image_utility_calibration", "stage": "initial_grid", "done": 1117, "total": 1216, "failed": 0, "last_update": 1791206452.890757, "elapsed_seconds": 99353.94426703453}
{"part": "image_utility_calibration", "stage": "initial_grid", "done": 1118, "total": 1216, "failed": 0, "last_update": 1791206455.6042721, "elapsed_seconds": 99356.65777921677}
{"part": "image_utility_calibration", "stage": "initial_grid", "done": 1119, "total": 1216, "failed": 0, "last_update": 1791206480.4939919, "elapsed_seconds": 99381.54750013351}
{"part": "image_utility_calibration", "stage": "initial_grid", "done": 1120, "total": 1216, "failed": 0, "last_update": 1791206481.272751, "elapsed_seconds": 99382.32625818253}
{"part": "image_utility_calibration", "stage": "initial_grid", "done": 1121, "total": 1216, "failed": 0, "last_update": 1791206802.691156, "elapsed_seconds": 99703.7446630001}
{"part": "image_utility_calibration", "stage": "initial_grid", "done": 1122, "total": 1216, "failed": 0, "last_update": 1791206804.181813, "elapsed_seconds": 99705.23532009125}
{"part": "image_utility_calibration", "stage": "initial_grid", "done": 1123, "total": 1216, "failed": 0, "last_update": 1791206832.0146828, "elapsed_seconds": 99733.06818985939}
{"part": "image_utility_calibration", "stage": "initial_grid", "done": 1124, "total": 1216, "failed": 0, "last_update": 1791206832.144012, "elapsed_seconds": 99733.19751906395}
{"part": "image_utility_calibration", "stage": "initial_grid", "done": 1125, "total": 1216, "failed": 0, "last_update": 1791207152.1873689, "elapsed_seconds": 100053.2408759594}
{"part": "image_utility_calibration", "stage": "initial_grid", "done": 1126, "total": 1216, "failed": 0, "last_update": 1791207155.718135, "elapsed_seconds": 100056.77164316177}
{"part": "image_utility_calibration", "stage": "initial_grid", "done": 1127, "total": 1216, "failed": 0, "last_update": 1791207180.188095, "elapsed_seconds": 100081.24160218239}
{"part": "image_utility_calibration", "stage": "initial_grid", "done": 1128, "total": 1216, "failed": 0, "last_update": 1791207180.7764192, "elapsed_seconds": 100081.82992625237}
{"part": "image_utility_calibration", "stage": "initial_grid", "done": 1129, "total": 1216, "failed": 0, "last_update": 1791207506.241599, "elapsed_seconds": 100407.29510617256}
{"part": "image_utility_calibration", "stage": "initial_grid", "done": 1130, "total": 1216, "failed": 0, "last_update": 1791207507.938771, "elapsed_seconds": 100408.99227809906}
{"part": "image_utility_calibration", "stage": "initial_grid", "done": 1131, "total": 1216, "failed": 0, "last_update": 1791207533.849845, "elapsed_seconds": 100434.90335202217}
{"part": "image_utility_calibration", "stage": "initial_grid", "done": 1132, "total": 1216, "failed": 0, "last_update": 1791207539.082133, "elapsed_seconds": 100440.13564014435}
{"part": "image_utility_calibration", "stage": "initial_grid", "done": 1133, "total": 1216, "failed": 0, "last_update": 1791207857.486701, "elapsed_seconds": 100758.54020810127}
{"part": "image_utility_calibration", "stage": "initial_grid", "done": 1134, "total": 1216, "failed": 0, "last_update": 1791207860.996166, "elapsed_seconds": 100762.04967403412}
{"part": "image_utility_calibration", "stage": "initial_grid", "done": 1135, "total": 1216, "failed": 0, "last_update": 1791207886.841524, "elapsed_seconds": 100787.89503216743}
{"part": "image_utility_calibration", "stage": "initial_grid", "done": 1136, "total": 1216, "failed": 0, "last_update": 1791207887.1710668, "elapsed_seconds": 100788.22457385063}
{"part": "image_utility_calibration", "stage": "initial_grid", "done": 1137, "total": 1216, "failed": 0, "last_update": 1791208206.6738582, "elapsed_seconds": 101107.72736525536}
{"part": "image_utility_calibration", "stage": "initial_grid", "done": 1138, "total": 1216, "failed": 0, "last_update": 1791208209.3097851, "elapsed_seconds": 101110.36329317093}
{"part": "image_utility_calibration", "stage": "initial_grid", "done": 1139, "total": 1216, "failed": 0, "last_update": 1791208236.153385, "elapsed_seconds": 101137.20689296722}
{"part": "image_utility_calibration", "stage": "initial_grid", "done": 1140, "total": 1216, "failed": 0, "last_update": 1791208236.877856, "elapsed_seconds": 101137.93136310577}
{"part": "image_utility_calibration", "stage": "initial_grid", "done": 1141, "total": 1216, "failed": 0, "last_update": 1791208559.778697, "elapsed_seconds": 101460.83220505714}
{"part": "image_utility_calibration", "stage": "initial_grid", "done": 1142, "total": 1216, "failed": 0, "last_update": 1791208561.9887848, "elapsed_seconds": 101463.04229307175}
{"part": "image_utility_calibration", "stage": "initial_grid", "done": 1143, "total": 1216, "failed": 0, "last_update": 1791208586.492182, "elapsed_seconds": 101487.54568910599}
{"part": "image_utility_calibration", "stage": "initial_grid", "done": 1144, "total": 1216, "failed": 0, "last_update": 1791208586.612045, "elapsed_seconds": 101487.66555309296}
{"part": "image_utility_calibration", "stage": "initial_grid", "done": 1145, "total": 1216, "failed": 0, "last_update": 1791208908.258494, "elapsed_seconds": 101809.312002182}
{"part": "image_utility_calibration", "stage": "initial_grid", "done": 1146, "total": 1216, "failed": 0, "last_update": 1791208909.509467, "elapsed_seconds": 101810.56297397614}
{"part": "image_utility_calibration", "stage": "initial_grid", "done": 1147, "total": 1216, "failed": 0, "last_update": 1791208934.0825899, "elapsed_seconds": 101835.13609695435}
{"part": "image_utility_calibration", "stage": "initial_grid", "done": 1148, "total": 1216, "failed": 0, "last_update": 1791208934.381908, "elapsed_seconds": 101835.43541502953}
{"part": "image_utility_calibration", "stage": "initial_grid", "done": 1149, "total": 1216, "failed": 0, "last_update": 1791209255.71488, "elapsed_seconds": 102156.76838707924}
{"part": "image_utility_calibration", "stage": "initial_grid", "done": 1150, "total": 1216, "failed": 0, "last_update": 1791209259.780331, "elapsed_seconds": 102160.83383798599}
{"part": "image_utility_calibration", "stage": "initial_grid", "done": 1151, "total": 1216, "failed": 0, "last_update": 1791209280.6181068, "elapsed_seconds": 102181.67161393166}
{"part": "image_utility_calibration", "stage": "initial_grid", "done": 1152, "total": 1216, "failed": 0, "last_update": 1791209280.83372, "elapsed_seconds": 102181.8872282505}
{"part": "image_utility_calibration", "stage": "initial_grid", "done": 1153, "total": 1216, "failed": 0, "last_update": 1791209602.001229, "elapsed_seconds": 102503.05473613739}
{"part": "image_utility_calibration", "stage": "initial_grid", "done": 1154, "total": 1216, "failed": 0, "last_update": 1791209606.073086, "elapsed_seconds": 102507.12659311295}
{"part": "image_utility_calibration", "stage": "initial_grid", "done": 1155, "total": 1216, "failed": 0, "last_update": 1791209628.168121, "elapsed_seconds": 102529.22162818909}
{"part": "image_utility_calibration", "stage": "initial_grid", "done": 1156, "total": 1216, "failed": 0, "last_update": 1791209632.643778, "elapsed_seconds": 102533.69728517532}
{"part": "image_utility_calibration", "stage": "initial_grid", "done": 1157, "total": 1216, "failed": 0, "last_update": 1791209951.95116, "elapsed_seconds": 102853.00466823578}
{"part": "image_utility_calibration", "stage": "initial_grid", "done": 1158, "total": 1216, "failed": 0, "last_update": 1791209959.8499148, "elapsed_seconds": 102860.90342187881}
{"part": "image_utility_calibration", "stage": "initial_grid", "done": 1159, "total": 1216, "failed": 0, "last_update": 1791209978.692909, "elapsed_seconds": 102879.74641609192}
{"part": "image_utility_calibration", "stage": "initial_grid", "done": 1160, "total": 1216, "failed": 0, "last_update": 1791209986.490226, "elapsed_seconds": 102887.54373311996}
{"part": "image_utility_calibration", "stage": "initial_grid", "done": 1161, "total": 1216, "failed": 0, "last_update": 1791210307.172284, "elapsed_seconds": 103208.22579193115}
{"part": "image_utility_calibration", "stage": "initial_grid", "done": 1162, "total": 1216, "failed": 0, "last_update": 1791210319.044244, "elapsed_seconds": 103220.0977511406}
{"part": "image_utility_calibration", "stage": "initial_grid", "done": 1163, "total": 1216, "failed": 0, "last_update": 1791210333.577526, "elapsed_seconds": 103234.63103413582}
{"part": "image_utility_calibration", "stage": "initial_grid", "done": 1164, "total": 1216, "failed": 0, "last_update": 1791210340.360338, "elapsed_seconds": 103241.41384506226}
{"part": "image_utility_calibration", "stage": "initial_grid", "done": 1165, "total": 1216, "failed": 0, "last_update": 1791210656.94768, "elapsed_seconds": 103558.0011870861}
{"part": "image_utility_calibration", "stage": "initial_grid", "done": 1166, "total": 1216, "failed": 0, "last_update": 1791210668.190277, "elapsed_seconds": 103569.24378418922}
{"part": "image_utility_calibration", "stage": "initial_grid", "done": 1167, "total": 1216, "failed": 0, "last_update": 1791210682.86054, "elapsed_seconds": 103583.91404795647}
{"part": "image_utility_calibration", "stage": "initial_grid", "done": 1168, "total": 1216, "failed": 0, "last_update": 1791210689.79156, "elapsed_seconds": 103590.8450679779}
{"part": "image_utility_calibration", "stage": "initial_grid", "done": 1169, "total": 1216, "failed": 0, "last_update": 1791211017.704614, "elapsed_seconds": 103918.75812101364}
{"part": "image_utility_calibration", "stage": "initial_grid", "done": 1170, "total": 1216, "failed": 0, "last_update": 1791211024.806836, "elapsed_seconds": 103925.86034297943}
{"part": "image_utility_calibration", "stage": "initial_grid", "done": 1171, "total": 1216, "failed": 0, "last_update": 1791211039.737086, "elapsed_seconds": 103940.79059314728}
{"part": "image_utility_calibration", "stage": "initial_grid", "done": 1172, "total": 1216, "failed": 0, "last_update": 1791211045.977987, "elapsed_seconds": 103947.03149414062}
{"part": "image_utility_calibration", "stage": "initial_grid", "done": 1173, "total": 1216, "failed": 0, "last_update": 1791211372.986272, "elapsed_seconds": 104274.03978013992}
{"part": "image_utility_calibration", "stage": "initial_grid", "done": 1174, "total": 1216, "failed": 0, "last_update": 1791211379.804768, "elapsed_seconds": 104280.8582751751}
{"part": "image_utility_calibration", "stage": "initial_grid", "done": 1175, "total": 1216, "failed": 0, "last_update": 1791211399.41633, "elapsed_seconds": 104300.46983718872}
{"part": "image_utility_calibration", "stage": "initial_grid", "done": 1176, "total": 1216, "failed": 0, "last_update": 1791211400.389494, "elapsed_seconds": 104301.44300103188}
{"part": "image_utility_calibration", "stage": "initial_grid", "done": 1177, "total": 1216, "failed": 0, "last_update": 1791211727.512274, "elapsed_seconds": 104628.56578207016}
{"part": "image_utility_calibration", "stage": "initial_grid", "done": 1178, "total": 1216, "failed": 0, "last_update": 1791211733.474425, "elapsed_seconds": 104634.52793216705}
{"part": "image_utility_calibration", "stage": "initial_grid", "done": 1179, "total": 1216, "failed": 0, "last_update": 1791211753.588747, "elapsed_seconds": 104654.64225411415}
{"part": "image_utility_calibration", "stage": "initial_grid", "done": 1180, "total": 1216, "failed": 0, "last_update": 1791211758.916415, "elapsed_seconds": 104659.96992206573}
{"part": "image_utility_calibration", "stage": "initial_grid", "done": 1181, "total": 1216, "failed": 0, "last_update": 1791212078.096464, "elapsed_seconds": 104979.1499710083}
{"part": "image_utility_calibration", "stage": "initial_grid", "done": 1182, "total": 1216, "failed": 0, "last_update": 1791212084.061574, "elapsed_seconds": 104985.11508107185}
{"part": "image_utility_calibration", "stage": "initial_grid", "done": 1183, "total": 1216, "failed": 0, "last_update": 1791212103.606124, "elapsed_seconds": 105004.65963101387}
{"part": "image_utility_calibration", "stage": "initial_grid", "done": 1184, "total": 1216, "failed": 0, "last_update": 1791212108.388281, "elapsed_seconds": 105009.44178819656}
{"part": "image_utility_calibration", "stage": "initial_grid", "done": 1185, "total": 1216, "failed": 0, "last_update": 1791212427.288668, "elapsed_seconds": 105328.34217500687}
{"part": "image_utility_calibration", "stage": "initial_grid", "done": 1186, "total": 1216, "failed": 0, "last_update": 1791212432.9184058, "elapsed_seconds": 105333.97191286087}
{"part": "image_utility_calibration", "stage": "initial_grid", "done": 1187, "total": 1216, "failed": 0, "last_update": 1791212453.528491, "elapsed_seconds": 105354.58199810982}
{"part": "image_utility_calibration", "stage": "initial_grid", "done": 1188, "total": 1216, "failed": 0, "last_update": 1791212462.747582, "elapsed_seconds": 105363.80108904839}
{"part": "image_utility_calibration", "stage": "initial_grid", "done": 1189, "total": 1216, "failed": 0, "last_update": 1791212782.039495, "elapsed_seconds": 105683.09300303459}
{"part": "image_utility_calibration", "stage": "initial_grid", "done": 1190, "total": 1216, "failed": 0, "last_update": 1791212787.299989, "elapsed_seconds": 105688.35349607468}
{"part": "image_utility_calibration", "stage": "initial_grid", "done": 1191, "total": 1216, "failed": 0, "last_update": 1791212807.510954, "elapsed_seconds": 105708.56446099281}
{"part": "image_utility_calibration", "stage": "initial_grid", "done": 1192, "total": 1216, "failed": 0, "last_update": 1791212815.978633, "elapsed_seconds": 105717.03214001656}
{"part": "image_utility_calibration", "stage": "initial_grid", "done": 1193, "total": 1216, "failed": 0, "last_update": 1791213139.1521049, "elapsed_seconds": 106040.2056119442}
{"part": "image_utility_calibration", "stage": "initial_grid", "done": 1194, "total": 1216, "failed": 0, "last_update": 1791213140.736444, "elapsed_seconds": 106041.78995108604}
{"part": "image_utility_calibration", "stage": "initial_grid", "done": 1195, "total": 1216, "failed": 0, "last_update": 1791213165.4817579, "elapsed_seconds": 106066.53526496887}
{"part": "image_utility_calibration", "stage": "initial_grid", "done": 1196, "total": 1216, "failed": 0, "last_update": 1791213169.4550242, "elapsed_seconds": 106070.50853133202}
{"part": "image_utility_calibration", "stage": "initial_grid", "done": 1197, "total": 1216, "failed": 0, "last_update": 1791213493.872179, "elapsed_seconds": 106394.92568707466}
{"part": "image_utility_calibration", "stage": "initial_grid", "done": 1198, "total": 1216, "failed": 0, "last_update": 1791213499.800983, "elapsed_seconds": 106400.85449004173}
{"part": "image_utility_calibration", "stage": "initial_grid", "done": 1199, "total": 1216, "failed": 0, "last_update": 1791213519.5264351, "elapsed_seconds": 106420.57994222641}
{"part": "image_utility_calibration", "stage": "initial_grid", "done": 1200, "total": 1216, "failed": 0, "last_update": 1791213522.8671942, "elapsed_seconds": 106423.92070126534}
{"part": "image_utility_calibration", "stage": "initial_grid", "done": 1201, "total": 1216, "failed": 0, "last_update": 1791213847.035605, "elapsed_seconds": 106748.08911204338}
{"part": "image_utility_calibration", "stage": "initial_grid", "done": 1202, "total": 1216, "failed": 0, "last_update": 1791213852.7175622, "elapsed_seconds": 106753.77106928825}
{"part": "image_utility_calibration", "stage": "initial_grid", "done": 1203, "total": 1216, "failed": 0, "last_update": 1791213873.1826172, "elapsed_seconds": 106774.23612523079}
{"part": "image_utility_calibration", "stage": "initial_grid", "done": 1204, "total": 1216, "failed": 0, "last_update": 1791213875.734006, "elapsed_seconds": 106776.78751301765}
{"part": "image_utility_calibration", "stage": "initial_grid", "done": 1205, "total": 1216, "failed": 0, "last_update": 1791214201.5074098, "elapsed_seconds": 107102.56091809273}
{"part": "image_utility_calibration", "stage": "initial_grid", "done": 1206, "total": 1216, "failed": 0, "last_update": 1791214211.799674, "elapsed_seconds": 107112.85318207741}
{"part": "image_utility_calibration", "stage": "initial_grid", "done": 1207, "total": 1216, "failed": 0, "last_update": 1791214227.1882298, "elapsed_seconds": 107128.24173688889}
{"part": "image_utility_calibration", "stage": "initial_grid", "done": 1208, "total": 1216, "failed": 0, "last_update": 1791214235.246012, "elapsed_seconds": 107136.29951906204}
{"part": "image_utility_calibration", "stage": "initial_grid", "done": 1209, "total": 1216, "failed": 0, "last_update": 1791214555.248342, "elapsed_seconds": 107456.30185008049}
{"part": "image_utility_calibration", "stage": "initial_grid", "done": 1210, "total": 1216, "failed": 0, "last_update": 1791214565.539952, "elapsed_seconds": 107466.59346008301}
{"part": "image_utility_calibration", "stage": "initial_grid", "done": 1211, "total": 1216, "failed": 0, "last_update": 1791214580.607905, "elapsed_seconds": 107481.66141319275}
{"part": "image_utility_calibration", "stage": "initial_grid", "done": 1212, "total": 1216, "failed": 0, "last_update": 1791214593.23215, "elapsed_seconds": 107494.28565716743}
{"part": "image_utility_calibration", "stage": "initial_grid", "done": 1213, "total": 1216, "failed": 0, "last_update": 1791214903.8210392, "elapsed_seconds": 107804.87454628944}
{"part": "image_utility_calibration", "stage": "initial_grid", "done": 1214, "total": 1216, "failed": 0, "last_update": 1791214914.0191019, "elapsed_seconds": 107815.07260894775}
{"part": "image_utility_calibration", "stage": "initial_grid", "done": 1215, "total": 1216, "failed": 0, "last_update": 1791214932.6220548, "elapsed_seconds": 107833.6755619049}
{"part": "image_utility_calibration", "stage": "initial_grid", "done": 1216, "total": 1216, "failed": 0, "last_update": 1791214939.5447328, "elapsed_seconds": 107840.59823989868}
{"part": "part3_bn", "checkpoint_seed": 342000, "stage": "n8", "done": 1, "maximum_total": 285, "last_update": 1791216079.30286, "failed": 0}
{"part": "part3_bn", "checkpoint_seed": 342000, "stage": "n8", "done": 2, "maximum_total": 285, "last_update": 1791216079.3289542, "failed": 0}
{"part": "part3_bn", "checkpoint_seed": 342000, "stage": "n8", "done": 3, "maximum_total": 285, "last_update": 1791216079.34108, "failed": 0}
{"part": "part3_bn", "checkpoint_seed": 342000, "stage": "n8", "done": 4, "maximum_total": 285, "last_update": 1791216079.3526661, "failed": 0}
{"part": "part3_bn", "checkpoint_seed": 342000, "stage": "n8", "done": 5, "maximum_total": 285, "last_update": 1791216079.3639512, "failed": 0}
{"part": "part3_bn", "checkpoint_seed": 342000, "stage": "n8", "done": 6, "maximum_total": 285, "last_update": 1791216079.3805661, "failed": 0}
{"part": "part3_bn", "checkpoint_seed": 342000, "stage": "n8", "done": 7, "maximum_total": 285, "last_update": 1791216079.392998, "failed": 0}
{"part": "part3_bn", "checkpoint_seed": 342000, "stage": "n8", "done": 8, "maximum_total": 285, "last_update": 1791216079.450568, "failed": 0}
{"part": "part3_bn", "checkpoint_seed": 342000, "stage": "n24", "done": 9, "maximum_total": 285, "last_update": 1791216079.4647732, "failed": 0}
{"part": "part3_bn", "checkpoint_seed": 342000, "stage": "n24", "done": 10, "maximum_total": 285, "last_update": 1791216079.477254, "failed": 0}
{"part": "part3_bn", "checkpoint_seed": 342000, "stage": "n24", "done": 11, "maximum_total": 285, "last_update": 1791216079.4909701, "failed": 0}
{"part": "part3_bn", "checkpoint_seed": 342000, "stage": "n24", "done": 12, "maximum_total": 285, "last_update": 1791216079.507434, "failed": 0}
{"part": "part3_bn", "checkpoint_seed": 342000, "stage": "n24", "done": 13, "maximum_total": 285, "last_update": 1791216079.5197718, "failed": 0}
{"part": "part3_bn", "checkpoint_seed": 342000, "stage": "n24", "done": 14, "maximum_total": 285, "last_update": 1791216079.531391, "failed": 0}
{"part": "part3_bn", "checkpoint_seed": 342000, "stage": "n24", "done": 15, "maximum_total": 285, "last_update": 1791216079.5434508, "failed": 0}
{"part": "part3_bn", "checkpoint_seed": 342000, "stage": "n24", "done": 16, "maximum_total": 285, "last_update": 1791216079.5549, "failed": 0}
{"part": "part3_bn", "checkpoint_seed": 342000, "stage": "n24", "done": 17, "maximum_total": 285, "last_update": 1791216079.5664818, "failed": 0}
{"part": "part3_bn", "checkpoint_seed": 342000, "stage": "n24", "done": 18, "maximum_total": 285, "last_update": 1791216079.578669, "failed": 0}
{"part": "part3_bn", "checkpoint_seed": 342000, "stage": "n24", "done": 19, "maximum_total": 285, "last_update": 1791216079.595605, "failed": 0}
{"part": "part3_bn", "checkpoint_seed": 342000, "stage": "n24", "done": 20, "maximum_total": 285, "last_update": 1791216079.6073081, "failed": 0}
{"part": "part3_bn", "checkpoint_seed": 342000, "stage": "n24", "done": 21, "maximum_total": 285, "last_update": 1791216079.618919, "failed": 0}
{"part": "part3_bn", "checkpoint_seed": 342000, "stage": "n24", "done": 22, "maximum_total": 285, "last_update": 1791216079.630868, "failed": 0}
{"part": "part3_bn", "checkpoint_seed": 342000, "stage": "n24", "done": 23, "maximum_total": 285, "last_update": 1791216079.6468632, "failed": 0}
{"part": "part3_bn", "checkpoint_seed": 342000, "stage": "n24", "done": 24, "maximum_total": 285, "last_update": 1791216079.659344, "failed": 0}
{"part": "part3_bn", "checkpoint_seed": 342000, "stage": "n24", "done": 25, "maximum_total": 285, "last_update": 1791216079.670766, "failed": 0}
{"part": "part3_bn", "checkpoint_seed": 342000, "stage": "n24", "done": 26, "maximum_total": 285, "last_update": 1791216079.682445, "failed": 0}
{"part": "part3_bn", "checkpoint_seed": 342000, "stage": "n24", "done": 27, "maximum_total": 285, "last_update": 1791216079.695127, "failed": 0}
{"part": "part3_bn", "checkpoint_seed": 342000, "stage": "n24", "done": 28, "maximum_total": 285, "last_update": 1791216079.70777, "failed": 0}
{"part": "part3_bn", "checkpoint_seed": 342000, "stage": "n24", "done": 29, "maximum_total": 285, "last_update": 1791216079.7199218, "failed": 0}
{"part": "part3_bn", "checkpoint_seed": 342000, "stage": "n24", "done": 30, "maximum_total": 285, "last_update": 1791216079.731082, "failed": 0}
{"part": "part3_bn", "checkpoint_seed": 342000, "stage": "n24", "done": 31, "maximum_total": 285, "last_update": 1791216079.748414, "failed": 0}
{"part": "part3_bn", "checkpoint_seed": 342000, "stage": "n24", "done": 32, "maximum_total": 285, "last_update": 1791216079.7612832, "failed": 0}
{"part": "part3_bn", "checkpoint_seed": 342000, "stage": "development", "done": 33, "maximum_total": 285, "last_update": 1791216079.7835479, "failed": 0}
{"part": "part3_bn", "checkpoint_seed": 342000, "stage": "development", "done": 34, "maximum_total": 285, "last_update": 1791216079.795677, "failed": 0}
{"part": "part3_bn", "checkpoint_seed": 342000, "stage": "development", "done": 35, "maximum_total": 285, "last_update": 1791216079.8091772, "failed": 0}
{"part": "part3_bn", "checkpoint_seed": 342000, "stage": "development", "done": 36, "maximum_total": 285, "last_update": 1791216079.820896, "failed": 0}
{"part": "part3_bn", "checkpoint_seed": 342000, "stage": "development", "done": 37, "maximum_total": 285, "last_update": 1791216079.832853, "failed": 0}
{"part": "part3_bn", "checkpoint_seed": 342000, "stage": "development", "done": 38, "maximum_total": 285, "last_update": 1791216079.84951, "failed": 0}
{"part": "part3_bn", "checkpoint_seed": 342000, "stage": "development", "done": 39, "maximum_total": 285, "last_update": 1791216079.8607218, "failed": 0}
{"part": "part3_bn", "checkpoint_seed": 342000, "stage": "development", "done": 40, "maximum_total": 285, "last_update": 1791216079.8721988, "failed": 0}
{"part": "part3_bn", "checkpoint_seed": 342000, "stage": "development", "done": 41, "maximum_total": 285, "last_update": 1791216079.884404, "failed": 0}
{"part": "part3_bn", "checkpoint_seed": 342000, "stage": "development", "done": 42, "maximum_total": 285, "last_update": 1791216079.89693, "failed": 0}
{"part": "part3_bn", "checkpoint_seed": 342000, "stage": "development", "done": 43, "maximum_total": 285, "last_update": 1791216079.91262, "failed": 0}
{"part": "part3_bn", "checkpoint_seed": 342000, "stage": "development", "done": 44, "maximum_total": 285, "last_update": 1791216079.924746, "failed": 0}
{"part": "part3_bn", "checkpoint_seed": 342000, "stage": "development", "done": 45, "maximum_total": 285, "last_update": 1791216079.936579, "failed": 0}
{"part": "part3_bn", "checkpoint_seed": 342000, "stage": "development", "done": 46, "maximum_total": 285, "last_update": 1791216079.9482398, "failed": 0}
{"part": "part3_bn", "checkpoint_seed": 342000, "stage": "development", "done": 47, "maximum_total": 285, "last_update": 1791216079.9608, "failed": 0}
{"part": "part3_bn", "checkpoint_seed": 342000, "stage": "development", "done": 48, "maximum_total": 285, "last_update": 1791216079.972606, "failed": 0}
{"part": "part3_bn", "checkpoint_seed": 342000, "stage": "development", "done": 49, "maximum_total": 285, "last_update": 1791216079.984449, "failed": 0}
{"part": "part3_bn", "checkpoint_seed": 342000, "stage": "development", "done": 50, "maximum_total": 285, "last_update": 1791216079.9960551, "failed": 0}
{"part": "part3_bn", "checkpoint_seed": 342000, "stage": "development", "done": 51, "maximum_total": 285, "last_update": 1791216080.008092, "failed": 0}
{"part": "part3_bn", "checkpoint_seed": 342000, "stage": "development", "done": 52, "maximum_total": 285, "last_update": 1791216080.02145, "failed": 0}
{"part": "part3_bn", "checkpoint_seed": 342000, "stage": "development", "done": 53, "maximum_total": 285, "last_update": 1791216080.03337, "failed": 0}
{"part": "part3_bn", "checkpoint_seed": 342000, "stage": "development", "done": 54, "maximum_total": 285, "last_update": 1791216080.045452, "failed": 0}
{"part": "part3_bn", "checkpoint_seed": 342000, "stage": "development", "done": 55, "maximum_total": 285, "last_update": 1791216080.057406, "failed": 0}
{"part": "part3_bn", "checkpoint_seed": 342000, "stage": "development", "done": 56, "maximum_total": 285, "last_update": 1791216080.070108, "failed": 0}
{"part": "part3_bn", "checkpoint_seed": 342000, "stage": "confirmatory", "done": 57, "maximum_total": 285, "last_update": 1791216080.111299, "failed": 0}
{"part": "part3_bn", "checkpoint_seed": 342000, "stage": "confirmatory", "done": 58, "maximum_total": 285, "last_update": 1791216080.129163, "failed": 0}
{"part": "part3_bn", "checkpoint_seed": 342000, "stage": "confirmatory", "done": 59, "maximum_total": 285, "last_update": 1791216080.1468868, "failed": 0}
{"part": "part3_bn", "checkpoint_seed": 342000, "stage": "confirmatory", "done": 60, "maximum_total": 285, "last_update": 1791216080.163349, "failed": 0}
{"part": "part3_bn", "checkpoint_seed": 342000, "stage": "confirmatory", "done": 61, "maximum_total": 285, "last_update": 1791216080.1818502, "failed": 0}
{"part": "part3_bn", "checkpoint_seed": 342000, "stage": "confirmatory", "done": 62, "maximum_total": 285, "last_update": 1791216080.199052, "failed": 0}
{"part": "part3_bn", "checkpoint_seed": 342000, "stage": "confirmatory", "done": 63, "maximum_total": 285, "last_update": 1791216080.215862, "failed": 0}
{"part": "part3_bn", "checkpoint_seed": 342000, "stage": "confirmatory", "done": 64, "maximum_total": 285, "last_update": 1791216080.2316842, "failed": 0}
{"part": "part3_bn", "checkpoint_seed": 342000, "stage": "confirmatory", "done": 65, "maximum_total": 285, "last_update": 1791216080.2486851, "failed": 0}
{"part": "part3_bn", "checkpoint_seed": 342000, "stage": "confirmatory", "done": 66, "maximum_total": 285, "last_update": 1791216080.2676039, "failed": 0}
{"part": "part3_bn", "checkpoint_seed": 342000, "stage": "confirmatory", "done": 67, "maximum_total": 285, "last_update": 1791216080.284828, "failed": 0}
{"part": "part3_bn", "checkpoint_seed": 342000, "stage": "confirmatory", "done": 68, "maximum_total": 285, "last_update": 1791216080.301816, "failed": 0}
{"part": "part3_bn", "checkpoint_seed": 342000, "stage": "confirmatory", "done": 69, "maximum_total": 285, "last_update": 1791216080.318486, "failed": 0}
{"part": "part3_bn", "checkpoint_seed": 342000, "stage": "confirmatory", "done": 70, "maximum_total": 285, "last_update": 1791216080.3370728, "failed": 0}
{"part": "part3_bn", "checkpoint_seed": 342000, "stage": "confirmatory", "done": 71, "maximum_total": 285, "last_update": 1791216080.355144, "failed": 0}
{"part": "part3_bn", "checkpoint_seed": 342000, "stage": "confirmatory", "done": 72, "maximum_total": 285, "last_update": 1791216080.372443, "failed": 0}
{"part": "part3_bn", "checkpoint_seed": 342000, "stage": "confirmatory", "done": 73, "maximum_total": 285, "last_update": 1791216080.3901708, "failed": 0}
{"part": "part3_bn", "checkpoint_seed": 342000, "stage": "confirmatory", "done": 74, "maximum_total": 285, "last_update": 1791216080.408073, "failed": 0}
{"part": "part3_bn", "checkpoint_seed": 342000, "stage": "confirmatory", "done": 75, "maximum_total": 285, "last_update": 1791216080.425128, "failed": 0}
{"part": "part3_bn", "checkpoint_seed": 342000, "stage": "confirmatory", "done": 76, "maximum_total": 285, "last_update": 1791216080.4424682, "failed": 0}
{"part": "part3_bn", "checkpoint_seed": 342000, "stage": "confirmatory", "done": 77, "maximum_total": 285, "last_update": 1791216080.4610078, "failed": 0}
{"part": "part3_bn", "checkpoint_seed": 342000, "stage": "confirmatory", "done": 78, "maximum_total": 285, "last_update": 1791216080.478828, "failed": 0}
{"part": "part3_bn", "checkpoint_seed": 342000, "stage": "confirmatory", "done": 79, "maximum_total": 285, "last_update": 1791216080.4971788, "failed": 0}
{"part": "part3_bn", "checkpoint_seed": 342000, "stage": "confirmatory", "done": 80, "maximum_total": 285, "last_update": 1791216080.5140429, "failed": 0}
{"part": "part3_bn", "checkpoint_seed": 342000, "stage": "confirmatory", "done": 81, "maximum_total": 285, "last_update": 1791216080.531636, "failed": 0}
{"part": "part3_bn", "checkpoint_seed": 342000, "stage": "confirmatory", "done": 82, "maximum_total": 285, "last_update": 1791216080.549842, "failed": 0}
{"part": "part3_bn", "checkpoint_seed": 342000, "stage": "confirmatory", "done": 83, "maximum_total": 285, "last_update": 1791216080.567601, "failed": 0}
{"part": "part3_bn", "checkpoint_seed": 342000, "stage": "confirmatory", "done": 84, "maximum_total": 285, "last_update": 1791216080.5856361, "failed": 0}
{"part": "part3_bn", "checkpoint_seed": 342000, "stage": "confirmatory", "done": 85, "maximum_total": 285, "last_update": 1791216080.602626, "failed": 0}
{"part": "part3_bn", "checkpoint_seed": 342000, "stage": "confirmatory", "done": 86, "maximum_total": 285, "last_update": 1791216080.619223, "failed": 0}
{"part": "part3_bn", "checkpoint_seed": 342000, "stage": "confirmatory", "done": 87, "maximum_total": 285, "last_update": 1791216080.6410801, "failed": 0}
{"part": "part3_bn", "checkpoint_seed": 342000, "stage": "confirmatory", "done": 88, "maximum_total": 285, "last_update": 1791216080.658508, "failed": 0}
{"part": "part3_bn", "checkpoint_seed": 342000, "stage": "confirmatory", "done": 89, "maximum_total": 285, "last_update": 1791216080.68105, "failed": 0}
{"part": "part3_bn", "checkpoint_seed": 342000, "stage": "confirmatory", "done": 90, "maximum_total": 285, "last_update": 1791216080.70256, "failed": 0}
{"part": "part3_bn", "checkpoint_seed": 342000, "stage": "confirmatory", "done": 91, "maximum_total": 285, "last_update": 1791216080.724431, "failed": 0}
{"part": "part3_bn", "checkpoint_seed": 342000, "stage": "confirmatory", "done": 92, "maximum_total": 285, "last_update": 1791216080.7419121, "failed": 0}
{"part": "part3_bn", "checkpoint_seed": 342000, "stage": "confirmatory", "done": 93, "maximum_total": 285, "last_update": 1791216080.7593431, "failed": 0}
{"part": "part3_bn", "checkpoint_seed": 342000, "stage": "confirmatory", "done": 94, "maximum_total": 285, "last_update": 1791216080.776256, "failed": 0}
{"part": "part3_bn", "checkpoint_seed": 342000, "stage": "confirmatory", "done": 95, "maximum_total": 285, "last_update": 1791216080.79806, "failed": 0}
{"part": "part3_bn", "checkpoint_seed": 342001, "stage": "n8", "done": 96, "maximum_total": 285, "last_update": 1791216080.818395, "failed": 0}
{"part": "part3_bn", "checkpoint_seed": 342001, "stage": "n8", "done": 97, "maximum_total": 285, "last_update": 1791216080.83518, "failed": 0}
{"part": "part3_bn", "checkpoint_seed": 342001, "stage": "n8", "done": 98, "maximum_total": 285, "last_update": 1791216080.84706, "failed": 0}
{"part": "part3_bn", "checkpoint_seed": 342001, "stage": "n8", "done": 99, "maximum_total": 285, "last_update": 1791216080.8634381, "failed": 0}
{"part": "part3_bn", "checkpoint_seed": 342001, "stage": "n8", "done": 100, "maximum_total": 285, "last_update": 1791216080.880438, "failed": 0}
{"part": "part3_bn", "checkpoint_seed": 342001, "stage": "n8", "done": 101, "maximum_total": 285, "last_update": 1791216080.892438, "failed": 0}
{"part": "part3_bn", "checkpoint_seed": 342001, "stage": "n8", "done": 102, "maximum_total": 285, "last_update": 1791216080.904814, "failed": 0}
{"part": "part3_bn", "checkpoint_seed": 342001, "stage": "n8", "done": 103, "maximum_total": 285, "last_update": 1791216080.9203358, "failed": 0}
{"part": "part3_bn", "checkpoint_seed": 342001, "stage": "n24", "done": 104, "maximum_total": 285, "last_update": 1791216080.93484, "failed": 0}
{"part": "part3_bn", "checkpoint_seed": 342001, "stage": "n24", "done": 105, "maximum_total": 285, "last_update": 1791216080.946493, "failed": 0}
{"part": "part3_bn", "checkpoint_seed": 342001, "stage": "n24", "done": 106, "maximum_total": 285, "last_update": 1791216080.963079, "failed": 0}
{"part": "part3_bn", "checkpoint_seed": 342001, "stage": "n24", "done": 107, "maximum_total": 285, "last_update": 1791216080.9763079, "failed": 0}
{"part": "part3_bn", "checkpoint_seed": 342001, "stage": "n24", "done": 108, "maximum_total": 285, "last_update": 1791216080.98753, "failed": 0}
{"part": "part3_bn", "checkpoint_seed": 342001, "stage": "n24", "done": 109, "maximum_total": 285, "last_update": 1791216081.003705, "failed": 0}
{"part": "part3_bn", "checkpoint_seed": 342001, "stage": "n24", "done": 110, "maximum_total": 285, "last_update": 1791216081.020184, "failed": 0}
{"part": "part3_bn", "checkpoint_seed": 342001, "stage": "n24", "done": 111, "maximum_total": 285, "last_update": 1791216081.031001, "failed": 0}
{"part": "part3_bn", "checkpoint_seed": 342001, "stage": "n24", "done": 112, "maximum_total": 285, "last_update": 1791216081.042169, "failed": 0}
{"part": "part3_bn", "checkpoint_seed": 342001, "stage": "n24", "done": 113, "maximum_total": 285, "last_update": 1791216081.053967, "failed": 0}
{"part": "part3_bn", "checkpoint_seed": 342001, "stage": "n24", "done": 114, "maximum_total": 285, "last_update": 1791216081.066755, "failed": 0}
{"part": "part3_bn", "checkpoint_seed": 342001, "stage": "n24", "done": 115, "maximum_total": 285, "last_update": 1791216081.0790458, "failed": 0}
{"part": "part3_bn", "checkpoint_seed": 342001, "stage": "n24", "done": 116, "maximum_total": 285, "last_update": 1791216081.0938208, "failed": 0}
{"part": "part3_bn", "checkpoint_seed": 342001, "stage": "n24", "done": 117, "maximum_total": 285, "last_update": 1791216081.106266, "failed": 0}
{"part": "part3_bn", "checkpoint_seed": 342001, "stage": "n24", "done": 118, "maximum_total": 285, "last_update": 1791216081.1196642, "failed": 0}
{"part": "part3_bn", "checkpoint_seed": 342001, "stage": "n24", "done": 119, "maximum_total": 285, "last_update": 1791216081.1314728, "failed": 0}
{"part": "part3_bn", "checkpoint_seed": 342001, "stage": "n24", "done": 120, "maximum_total": 285, "last_update": 1791216081.1439822, "failed": 0}
{"part": "part3_bn", "checkpoint_seed": 342001, "stage": "n24", "done": 121, "maximum_total": 285, "last_update": 1791216081.156488, "failed": 0}
{"part": "part3_bn", "checkpoint_seed": 342001, "stage": "n24", "done": 122, "maximum_total": 285, "last_update": 1791216081.16941, "failed": 0}
{"part": "part3_bn", "checkpoint_seed": 342001, "stage": "n24", "done": 123, "maximum_total": 285, "last_update": 1791216081.181876, "failed": 0}
{"part": "part3_bn", "checkpoint_seed": 342001, "stage": "n24", "done": 124, "maximum_total": 285, "last_update": 1791216081.193999, "failed": 0}
{"part": "part3_bn", "checkpoint_seed": 342001, "stage": "n24", "done": 125, "maximum_total": 285, "last_update": 1791216081.206239, "failed": 0}
{"part": "part3_bn", "checkpoint_seed": 342001, "stage": "n24", "done": 126, "maximum_total": 285, "last_update": 1791216081.218223, "failed": 0}
{"part": "part3_bn", "checkpoint_seed": 342001, "stage": "n24", "done": 127, "maximum_total": 285, "last_update": 1791216081.229902, "failed": 0}
{"part": "part3_bn", "checkpoint_seed": 342001, "stage": "development", "done": 128, "maximum_total": 285, "last_update": 1791216081.246754, "failed": 0}
{"part": "part3_bn", "checkpoint_seed": 342001, "stage": "development", "done": 129, "maximum_total": 285, "last_update": 1791216081.258919, "failed": 0}
{"part": "part3_bn", "checkpoint_seed": 342001, "stage": "development", "done": 130, "maximum_total": 285, "last_update": 1791216081.280839, "failed": 0}
{"part": "part3_bn", "checkpoint_seed": 342001, "stage": "development", "done": 131, "maximum_total": 285, "last_update": 1791216081.2930958, "failed": 0}
{"part": "part3_bn", "checkpoint_seed": 342001, "stage": "development", "done": 132, "maximum_total": 285, "last_update": 1791216081.305034, "failed": 0}
{"part": "part3_bn", "checkpoint_seed": 342001, "stage": "development", "done": 133, "maximum_total": 285, "last_update": 1791216081.317418, "failed": 0}
{"part": "part3_bn", "checkpoint_seed": 342001, "stage": "development", "done": 134, "maximum_total": 285, "last_update": 1791216081.3289511, "failed": 0}
{"part": "part3_bn", "checkpoint_seed": 342001, "stage": "development", "done": 135, "maximum_total": 285, "last_update": 1791216081.341132, "failed": 0}
{"part": "part3_bn", "checkpoint_seed": 342001, "stage": "development", "done": 136, "maximum_total": 285, "last_update": 1791216081.3539798, "failed": 0}
{"part": "part3_bn", "checkpoint_seed": 342001, "stage": "development", "done": 137, "maximum_total": 285, "last_update": 1791216081.3660421, "failed": 0}
{"part": "part3_bn", "checkpoint_seed": 342001, "stage": "development", "done": 138, "maximum_total": 285, "last_update": 1791216081.377802, "failed": 0}
{"part": "part3_bn", "checkpoint_seed": 342001, "stage": "development", "done": 139, "maximum_total": 285, "last_update": 1791216081.3900092, "failed": 0}
{"part": "part3_bn", "checkpoint_seed": 342001, "stage": "development", "done": 140, "maximum_total": 285, "last_update": 1791216081.4073899, "failed": 0}
{"part": "part3_bn", "checkpoint_seed": 342001, "stage": "development", "done": 141, "maximum_total": 285, "last_update": 1791216081.419169, "failed": 0}
{"part": "part3_bn", "checkpoint_seed": 342001, "stage": "development", "done": 142, "maximum_total": 285, "last_update": 1791216081.4311008, "failed": 0}
{"part": "part3_bn", "checkpoint_seed": 342001, "stage": "development", "done": 143, "maximum_total": 285, "last_update": 1791216081.4440708, "failed": 0}
{"part": "part3_bn", "checkpoint_seed": 342001, "stage": "development", "done": 144, "maximum_total": 285, "last_update": 1791216081.460413, "failed": 0}
{"part": "part3_bn", "checkpoint_seed": 342001, "stage": "development", "done": 145, "maximum_total": 285, "last_update": 1791216081.4796731, "failed": 0}
{"part": "part3_bn", "checkpoint_seed": 342001, "stage": "development", "done": 146, "maximum_total": 285, "last_update": 1791216081.4923, "failed": 0}
{"part": "part3_bn", "checkpoint_seed": 342001, "stage": "development", "done": 147, "maximum_total": 285, "last_update": 1791216081.5040798, "failed": 0}
{"part": "part3_bn", "checkpoint_seed": 342001, "stage": "development", "done": 148, "maximum_total": 285, "last_update": 1791216081.515996, "failed": 0}
{"part": "part3_bn", "checkpoint_seed": 342001, "stage": "development", "done": 149, "maximum_total": 285, "last_update": 1791216081.527404, "failed": 0}
{"part": "part3_bn", "checkpoint_seed": 342001, "stage": "development", "done": 150, "maximum_total": 285, "last_update": 1791216081.539802, "failed": 0}
{"part": "part3_bn", "checkpoint_seed": 342001, "stage": "development", "done": 151, "maximum_total": 285, "last_update": 1791216081.552383, "failed": 0}
{"part": "part3_bn", "checkpoint_seed": 342001, "stage": "confirmatory", "done": 152, "maximum_total": 285, "last_update": 1791216081.585647, "failed": 0}
{"part": "part3_bn", "checkpoint_seed": 342001, "stage": "confirmatory", "done": 153, "maximum_total": 285, "last_update": 1791216081.604379, "failed": 0}
{"part": "part3_bn", "checkpoint_seed": 342001, "stage": "confirmatory", "done": 154, "maximum_total": 285, "last_update": 1791216081.62212, "failed": 0}
{"part": "part3_bn", "checkpoint_seed": 342001, "stage": "confirmatory", "done": 155, "maximum_total": 285, "last_update": 1791216081.63962, "failed": 0}
{"part": "part3_bn", "checkpoint_seed": 342001, "stage": "confirmatory", "done": 156, "maximum_total": 285, "last_update": 1791216081.655796, "failed": 0}
{"part": "part3_bn", "checkpoint_seed": 342001, "stage": "confirmatory", "done": 157, "maximum_total": 285, "last_update": 1791216081.6727161, "failed": 0}
{"part": "part3_bn", "checkpoint_seed": 342001, "stage": "confirmatory", "done": 158, "maximum_total": 285, "last_update": 1791216081.691576, "failed": 0}
{"part": "part3_bn", "checkpoint_seed": 342001, "stage": "confirmatory", "done": 159, "maximum_total": 285, "last_update": 1791216081.708221, "failed": 0}
{"part": "part3_bn", "checkpoint_seed": 342001, "stage": "confirmatory", "done": 160, "maximum_total": 285, "last_update": 1791216081.730499, "failed": 0}
{"part": "part3_bn", "checkpoint_seed": 342001, "stage": "confirmatory", "done": 161, "maximum_total": 285, "last_update": 1791216081.7474701, "failed": 0}
{"part": "part3_bn", "checkpoint_seed": 342001, "stage": "confirmatory", "done": 162, "maximum_total": 285, "last_update": 1791216081.7659469, "failed": 0}
{"part": "part3_bn", "checkpoint_seed": 342001, "stage": "confirmatory", "done": 163, "maximum_total": 285, "last_update": 1791216081.782798, "failed": 0}
{"part": "part3_bn", "checkpoint_seed": 342001, "stage": "confirmatory", "done": 164, "maximum_total": 285, "last_update": 1791216081.8004942, "failed": 0}
{"part": "part3_bn", "checkpoint_seed": 342001, "stage": "confirmatory", "done": 165, "maximum_total": 285, "last_update": 1791216081.816986, "failed": 0}
{"part": "part3_bn", "checkpoint_seed": 342001, "stage": "confirmatory", "done": 166, "maximum_total": 285, "last_update": 1791216081.835367, "failed": 0}
{"part": "part3_bn", "checkpoint_seed": 342001, "stage": "confirmatory", "done": 167, "maximum_total": 285, "last_update": 1791216081.85132, "failed": 0}
{"part": "part3_bn", "checkpoint_seed": 342001, "stage": "confirmatory", "done": 168, "maximum_total": 285, "last_update": 1791216081.869279, "failed": 0}
{"part": "part3_bn", "checkpoint_seed": 342001, "stage": "confirmatory", "done": 169, "maximum_total": 285, "last_update": 1791216081.886873, "failed": 0}
{"part": "part3_bn", "checkpoint_seed": 342001, "stage": "confirmatory", "done": 170, "maximum_total": 285, "last_update": 1791216081.905094, "failed": 0}
{"part": "part3_bn", "checkpoint_seed": 342001, "stage": "confirmatory", "done": 171, "maximum_total": 285, "last_update": 1791216081.92171, "failed": 0}
{"part": "part3_bn", "checkpoint_seed": 342001, "stage": "confirmatory", "done": 172, "maximum_total": 285, "last_update": 1791216081.940211, "failed": 0}
{"part": "part3_bn", "checkpoint_seed": 342001, "stage": "confirmatory", "done": 173, "maximum_total": 285, "last_update": 1791216081.959012, "failed": 0}
{"part": "part3_bn", "checkpoint_seed": 342001, "stage": "confirmatory", "done": 174, "maximum_total": 285, "last_update": 1791216081.9810162, "failed": 0}
{"part": "part3_bn", "checkpoint_seed": 342001, "stage": "confirmatory", "done": 175, "maximum_total": 285, "last_update": 1791216081.999048, "failed": 0}
{"part": "part3_bn", "checkpoint_seed": 342001, "stage": "confirmatory", "done": 176, "maximum_total": 285, "last_update": 1791216082.016897, "failed": 0}
{"part": "part3_bn", "checkpoint_seed": 342001, "stage": "confirmatory", "done": 177, "maximum_total": 285, "last_update": 1791216082.034745, "failed": 0}
{"part": "part3_bn", "checkpoint_seed": 342001, "stage": "confirmatory", "done": 178, "maximum_total": 285, "last_update": 1791216082.052341, "failed": 0}
{"part": "part3_bn", "checkpoint_seed": 342001, "stage": "confirmatory", "done": 179, "maximum_total": 285, "last_update": 1791216082.0691142, "failed": 0}
{"part": "part3_bn", "checkpoint_seed": 342001, "stage": "confirmatory", "done": 180, "maximum_total": 285, "last_update": 1791216082.087299, "failed": 0}
{"part": "part3_bn", "checkpoint_seed": 342001, "stage": "confirmatory", "done": 181, "maximum_total": 285, "last_update": 1791216082.105077, "failed": 0}
{"part": "part3_bn", "checkpoint_seed": 342001, "stage": "confirmatory", "done": 182, "maximum_total": 285, "last_update": 1791216082.124248, "failed": 0}
{"part": "part3_bn", "checkpoint_seed": 342001, "stage": "confirmatory", "done": 183, "maximum_total": 285, "last_update": 1791216082.1431859, "failed": 0}
{"part": "part3_bn", "checkpoint_seed": 342001, "stage": "confirmatory", "done": 184, "maximum_total": 285, "last_update": 1791216082.1607292, "failed": 0}
{"part": "part3_bn", "checkpoint_seed": 342001, "stage": "confirmatory", "done": 185, "maximum_total": 285, "last_update": 1791216082.178516, "failed": 0}
{"part": "part3_bn", "checkpoint_seed": 342001, "stage": "confirmatory", "done": 186, "maximum_total": 285, "last_update": 1791216082.195657, "failed": 0}
{"part": "part3_bn", "checkpoint_seed": 342001, "stage": "confirmatory", "done": 187, "maximum_total": 285, "last_update": 1791216082.212481, "failed": 0}
{"part": "part3_bn", "checkpoint_seed": 342001, "stage": "confirmatory", "done": 188, "maximum_total": 285, "last_update": 1791216082.230123, "failed": 0}
{"part": "part3_bn", "checkpoint_seed": 342001, "stage": "confirmatory", "done": 189, "maximum_total": 285, "last_update": 1791216082.2488792, "failed": 0}
{"part": "part3_bn", "checkpoint_seed": 342001, "stage": "confirmatory", "done": 190, "maximum_total": 285, "last_update": 1791216082.26763, "failed": 0}
{"part": "part3_bn", "checkpoint_seed": 342002, "stage": "n8", "done": 191, "maximum_total": 285, "last_update": 1791216082.28771, "failed": 0}
{"part": "part3_bn", "checkpoint_seed": 342002, "stage": "n8", "done": 192, "maximum_total": 285, "last_update": 1791216082.2998662, "failed": 0}
{"part": "part3_bn", "checkpoint_seed": 342002, "stage": "n8", "done": 193, "maximum_total": 285, "last_update": 1791216082.312533, "failed": 0}
{"part": "part3_bn", "checkpoint_seed": 342002, "stage": "n8", "done": 194, "maximum_total": 285, "last_update": 1791216082.3242931, "failed": 0}
{"part": "part3_bn", "checkpoint_seed": 342002, "stage": "n8", "done": 195, "maximum_total": 285, "last_update": 1791216082.3361511, "failed": 0}
{"part": "part3_bn", "checkpoint_seed": 342002, "stage": "n8", "done": 196, "maximum_total": 285, "last_update": 1791216082.348493, "failed": 0}
{"part": "part3_bn", "checkpoint_seed": 342002, "stage": "n8", "done": 197, "maximum_total": 285, "last_update": 1791216082.359644, "failed": 0}
{"part": "part3_bn", "checkpoint_seed": 342002, "stage": "n8", "done": 198, "maximum_total": 285, "last_update": 1791216082.372555, "failed": 0}
{"part": "part3_bn", "checkpoint_seed": 342002, "stage": "n24", "done": 199, "maximum_total": 285, "last_update": 1791216082.3864682, "failed": 0}
{"part": "part3_bn", "checkpoint_seed": 342002, "stage": "n24", "done": 200, "maximum_total": 285, "last_update": 1791216082.3984902, "failed": 0}
{"part": "part3_bn", "checkpoint_seed": 342002, "stage": "n24", "done": 201, "maximum_total": 285, "last_update": 1791216082.409995, "failed": 0}
{"part": "part3_bn", "checkpoint_seed": 342002, "stage": "n24", "done": 202, "maximum_total": 285, "last_update": 1791216082.421184, "failed": 0}
{"part": "part3_bn", "checkpoint_seed": 342002, "stage": "n24", "done": 203, "maximum_total": 285, "last_update": 1791216082.43262, "failed": 0}
{"part": "part3_bn", "checkpoint_seed": 342002, "stage": "n24", "done": 204, "maximum_total": 285, "last_update": 1791216082.444309, "failed": 0}
{"part": "part3_bn", "checkpoint_seed": 342002, "stage": "n24", "done": 205, "maximum_total": 285, "last_update": 1791216082.456668, "failed": 0}
{"part": "part3_bn", "checkpoint_seed": 342002, "stage": "n24", "done": 206, "maximum_total": 285, "last_update": 1791216082.468414, "failed": 0}
{"part": "part3_bn", "checkpoint_seed": 342002, "stage": "n24", "done": 207, "maximum_total": 285, "last_update": 1791216082.479757, "failed": 0}
{"part": "part3_bn", "checkpoint_seed": 342002, "stage": "n24", "done": 208, "maximum_total": 285, "last_update": 1791216082.4914508, "failed": 0}
{"part": "part3_bn", "checkpoint_seed": 342002, "stage": "n24", "done": 209, "maximum_total": 285, "last_update": 1791216082.502765, "failed": 0}
{"part": "part3_bn", "checkpoint_seed": 342002, "stage": "n24", "done": 210, "maximum_total": 285, "last_update": 1791216082.513267, "failed": 0}
{"part": "part3_bn", "checkpoint_seed": 342002, "stage": "n24", "done": 211, "maximum_total": 285, "last_update": 1791216082.524686, "failed": 0}
{"part": "part3_bn", "checkpoint_seed": 342002, "stage": "n24", "done": 212, "maximum_total": 285, "last_update": 1791216082.540558, "failed": 0}
{"part": "part3_bn", "checkpoint_seed": 342002, "stage": "n24", "done": 213, "maximum_total": 285, "last_update": 1791216082.552335, "failed": 0}
{"part": "part3_bn", "checkpoint_seed": 342002, "stage": "n24", "done": 214, "maximum_total": 285, "last_update": 1791216082.564289, "failed": 0}
{"part": "part3_bn", "checkpoint_seed": 342002, "stage": "n24", "done": 215, "maximum_total": 285, "last_update": 1791216082.576525, "failed": 0}
{"part": "part3_bn", "checkpoint_seed": 342002, "stage": "n24", "done": 216, "maximum_total": 285, "last_update": 1791216082.587921, "failed": 0}
{"part": "part3_bn", "checkpoint_seed": 342002, "stage": "n24", "done": 217, "maximum_total": 285, "last_update": 1791216082.599117, "failed": 0}
{"part": "part3_bn", "checkpoint_seed": 342002, "stage": "n24", "done": 218, "maximum_total": 285, "last_update": 1791216082.614639, "failed": 0}
{"part": "part3_bn", "checkpoint_seed": 342002, "stage": "n24", "done": 219, "maximum_total": 285, "last_update": 1791216082.6265411, "failed": 0}
{"part": "part3_bn", "checkpoint_seed": 342002, "stage": "n24", "done": 220, "maximum_total": 285, "last_update": 1791216082.638425, "failed": 0}
{"part": "part3_bn", "checkpoint_seed": 342002, "stage": "n24", "done": 221, "maximum_total": 285, "last_update": 1791216082.651554, "failed": 0}
{"part": "part3_bn", "checkpoint_seed": 342002, "stage": "n24", "done": 222, "maximum_total": 285, "last_update": 1791216082.662771, "failed": 0}
{"part": "part3_bn", "checkpoint_seed": 342002, "stage": "development", "done": 223, "maximum_total": 285, "last_update": 1791216082.679341, "failed": 0}
{"part": "part3_bn", "checkpoint_seed": 342002, "stage": "development", "done": 224, "maximum_total": 285, "last_update": 1791216082.6906419, "failed": 0}
{"part": "part3_bn", "checkpoint_seed": 342002, "stage": "development", "done": 225, "maximum_total": 285, "last_update": 1791216082.702296, "failed": 0}
{"part": "part3_bn", "checkpoint_seed": 342002, "stage": "development", "done": 226, "maximum_total": 285, "last_update": 1791216082.714182, "failed": 0}
{"part": "part3_bn", "checkpoint_seed": 342002, "stage": "development", "done": 227, "maximum_total": 285, "last_update": 1791216082.7265432, "failed": 0}
{"part": "part3_bn", "checkpoint_seed": 342002, "stage": "development", "done": 228, "maximum_total": 285, "last_update": 1791216082.738015, "failed": 0}
{"part": "part3_bn", "checkpoint_seed": 342002, "stage": "development", "done": 229, "maximum_total": 285, "last_update": 1791216082.7504058, "failed": 0}
{"part": "part3_bn", "checkpoint_seed": 342002, "stage": "development", "done": 230, "maximum_total": 285, "last_update": 1791216082.762187, "failed": 0}
{"part": "part3_bn", "checkpoint_seed": 342002, "stage": "development", "done": 231, "maximum_total": 285, "last_update": 1791216082.7786188, "failed": 0}
{"part": "part3_bn", "checkpoint_seed": 342002, "stage": "development", "done": 232, "maximum_total": 285, "last_update": 1791216082.791153, "failed": 0}
{"part": "part3_bn", "checkpoint_seed": 342002, "stage": "development", "done": 233, "maximum_total": 285, "last_update": 1791216082.803234, "failed": 0}
{"part": "part3_bn", "checkpoint_seed": 342002, "stage": "development", "done": 234, "maximum_total": 285, "last_update": 1791216082.8151958, "failed": 0}
{"part": "part3_bn", "checkpoint_seed": 342002, "stage": "development", "done": 235, "maximum_total": 285, "last_update": 1791216082.8290188, "failed": 0}
{"part": "part3_bn", "checkpoint_seed": 342002, "stage": "development", "done": 236, "maximum_total": 285, "last_update": 1791216082.839326, "failed": 0}
{"part": "part3_bn", "checkpoint_seed": 342002, "stage": "development", "done": 237, "maximum_total": 285, "last_update": 1791216082.851708, "failed": 0}
{"part": "part3_bn", "checkpoint_seed": 342002, "stage": "development", "done": 238, "maximum_total": 285, "last_update": 1791216082.863848, "failed": 0}
{"part": "part3_bn", "checkpoint_seed": 342002, "stage": "development", "done": 239, "maximum_total": 285, "last_update": 1791216082.8755252, "failed": 0}
{"part": "part3_bn", "checkpoint_seed": 342002, "stage": "development", "done": 240, "maximum_total": 285, "last_update": 1791216082.8923929, "failed": 0}
{"part": "part3_bn", "checkpoint_seed": 342002, "stage": "development", "done": 241, "maximum_total": 285, "last_update": 1791216082.904095, "failed": 0}
{"part": "part3_bn", "checkpoint_seed": 342002, "stage": "development", "done": 242, "maximum_total": 285, "last_update": 1791216082.919507, "failed": 0}
{"part": "part3_bn", "checkpoint_seed": 342002, "stage": "development", "done": 243, "maximum_total": 285, "last_update": 1791216082.931107, "failed": 0}
{"part": "part3_bn", "checkpoint_seed": 342002, "stage": "development", "done": 244, "maximum_total": 285, "last_update": 1791216082.942508, "failed": 0}
{"part": "part3_bn", "checkpoint_seed": 342002, "stage": "development", "done": 245, "maximum_total": 285, "last_update": 1791216082.953953, "failed": 0}
{"part": "part3_bn", "checkpoint_seed": 342002, "stage": "development", "done": 246, "maximum_total": 285, "last_update": 1791216082.965162, "failed": 0}
{"part": "part3_bn", "checkpoint_seed": 342002, "stage": "confirmatory", "done": 247, "maximum_total": 285, "last_update": 1791216082.999402, "failed": 0}
{"part": "part3_bn", "checkpoint_seed": 342002, "stage": "confirmatory", "done": 248, "maximum_total": 285, "last_update": 1791216083.017004, "failed": 0}
{"part": "part3_bn", "checkpoint_seed": 342002, "stage": "confirmatory", "done": 249, "maximum_total": 285, "last_update": 1791216083.034951, "failed": 0}
{"part": "part3_bn", "checkpoint_seed": 342002, "stage": "confirmatory", "done": 250, "maximum_total": 285, "last_update": 1791216083.05309, "failed": 0}
{"part": "part3_bn", "checkpoint_seed": 342002, "stage": "confirmatory", "done": 251, "maximum_total": 285, "last_update": 1791216083.0687768, "failed": 0}
{"part": "part3_bn", "checkpoint_seed": 342002, "stage": "confirmatory", "done": 252, "maximum_total": 285, "last_update": 1791216083.090438, "failed": 0}
{"part": "part3_bn", "checkpoint_seed": 342002, "stage": "confirmatory", "done": 253, "maximum_total": 285, "last_update": 1791216083.1120331, "failed": 0}
{"part": "part3_bn", "checkpoint_seed": 342002, "stage": "confirmatory", "done": 254, "maximum_total": 285, "last_update": 1791216083.1285608, "failed": 0}
{"part": "part3_bn", "checkpoint_seed": 342002, "stage": "confirmatory", "done": 255, "maximum_total": 285, "last_update": 1791216083.1457112, "failed": 0}
{"part": "part3_bn", "checkpoint_seed": 342002, "stage": "confirmatory", "done": 256, "maximum_total": 285, "last_update": 1791216083.163742, "failed": 0}
{"part": "part3_bn", "checkpoint_seed": 342002, "stage": "confirmatory", "done": 257, "maximum_total": 285, "last_update": 1791216083.180749, "failed": 0}
{"part": "part3_bn", "checkpoint_seed": 342002, "stage": "confirmatory", "done": 258, "maximum_total": 285, "last_update": 1791216083.1978, "failed": 0}
{"part": "part3_bn", "checkpoint_seed": 342002, "stage": "confirmatory", "done": 259, "maximum_total": 285, "last_update": 1791216083.2196212, "failed": 0}
{"part": "part3_bn", "checkpoint_seed": 342002, "stage": "confirmatory", "done": 260, "maximum_total": 285, "last_update": 1791216083.236746, "failed": 0}
{"part": "part3_bn", "checkpoint_seed": 342002, "stage": "confirmatory", "done": 261, "maximum_total": 285, "last_update": 1791216083.254366, "failed": 0}
{"part": "part3_bn", "checkpoint_seed": 342002, "stage": "confirmatory", "done": 262, "maximum_total": 285, "last_update": 1791216083.2717319, "failed": 0}
{"part": "part3_bn", "checkpoint_seed": 342002, "stage": "confirmatory", "done": 263, "maximum_total": 285, "last_update": 1791216083.293825, "failed": 0}
{"part": "part3_bn", "checkpoint_seed": 342002, "stage": "confirmatory", "done": 264, "maximum_total": 285, "last_update": 1791216083.311145, "failed": 0}
{"part": "part3_bn", "checkpoint_seed": 342002, "stage": "confirmatory", "done": 265, "maximum_total": 285, "last_update": 1791216083.3285718, "failed": 0}
{"part": "part3_bn", "checkpoint_seed": 342002, "stage": "confirmatory", "done": 266, "maximum_total": 285, "last_update": 1791216083.346164, "failed": 0}
{"part": "part3_bn", "checkpoint_seed": 342002, "stage": "confirmatory", "done": 267, "maximum_total": 285, "last_update": 1791216083.3626208, "failed": 0}
{"part": "part3_bn", "checkpoint_seed": 342002, "stage": "confirmatory", "done": 268, "maximum_total": 285, "last_update": 1791216083.379596, "failed": 0}
{"part": "part3_bn", "checkpoint_seed": 342002, "stage": "confirmatory", "done": 269, "maximum_total": 285, "last_update": 1791216083.396964, "failed": 0}
{"part": "part3_bn", "checkpoint_seed": 342002, "stage": "confirmatory", "done": 270, "maximum_total": 285, "last_update": 1791216083.41588, "failed": 0}
{"part": "part3_bn", "checkpoint_seed": 342002, "stage": "confirmatory", "done": 271, "maximum_total": 285, "last_update": 1791216083.4343412, "failed": 0}
{"part": "part3_bn", "checkpoint_seed": 342002, "stage": "confirmatory", "done": 272, "maximum_total": 285, "last_update": 1791216083.452754, "failed": 0}
{"part": "part3_bn", "checkpoint_seed": 342002, "stage": "confirmatory", "done": 273, "maximum_total": 285, "last_update": 1791216083.4701052, "failed": 0}
{"part": "part3_bn", "checkpoint_seed": 342002, "stage": "confirmatory", "done": 274, "maximum_total": 285, "last_update": 1791216083.487278, "failed": 0}
{"part": "part3_bn", "checkpoint_seed": 342002, "stage": "confirmatory", "done": 275, "maximum_total": 285, "last_update": 1791216083.504898, "failed": 0}
{"part": "part3_bn", "checkpoint_seed": 342002, "stage": "confirmatory", "done": 276, "maximum_total": 285, "last_update": 1791216083.5223649, "failed": 0}
{"part": "part3_bn", "checkpoint_seed": 342002, "stage": "confirmatory", "done": 277, "maximum_total": 285, "last_update": 1791216083.53998, "failed": 0}
{"part": "part3_bn", "checkpoint_seed": 342002, "stage": "confirmatory", "done": 278, "maximum_total": 285, "last_update": 1791216083.5571132, "failed": 0}
{"part": "part3_bn", "checkpoint_seed": 342002, "stage": "confirmatory", "done": 279, "maximum_total": 285, "last_update": 1791216083.5744581, "failed": 0}
{"part": "part3_bn", "checkpoint_seed": 342002, "stage": "confirmatory", "done": 280, "maximum_total": 285, "last_update": 1791216083.592923, "failed": 0}
{"part": "part3_bn", "checkpoint_seed": 342002, "stage": "confirmatory", "done": 281, "maximum_total": 285, "last_update": 1791216083.609708, "failed": 0}
{"part": "part3_bn", "checkpoint_seed": 342002, "stage": "confirmatory", "done": 282, "maximum_total": 285, "last_update": 1791216083.6267788, "failed": 0}
{"part": "part3_bn", "checkpoint_seed": 342002, "stage": "confirmatory", "done": 283, "maximum_total": 285, "last_update": 1791216083.643559, "failed": 0}
{"part": "part3_bn", "checkpoint_seed": 342002, "stage": "confirmatory", "done": 284, "maximum_total": 285, "last_update": 1791216083.6612601, "failed": 0}
{"part": "part3_bn", "checkpoint_seed": 342002, "stage": "confirmatory", "done": 285, "maximum_total": 285, "last_update": 1791216083.6781619, "failed": 0}
{"part": "image_confirmatory", "done": 1, "total": 1092, "failed": 0, "last_update": 1791220670.125299}
{"part": "image_confirmatory", "done": 2, "total": 1092, "failed": 0, "last_update": 1791220670.1924522}
{"part": "image_confirmatory", "done": 3, "total": 1092, "failed": 0, "last_update": 1791220670.473663}
{"part": "image_confirmatory", "done": 4, "total": 1092, "failed": 0, "last_update": 1791220672.56461}
{"part": "image_confirmatory", "done": 5, "total": 1092, "failed": 0, "last_update": 1791220685.7055721}
{"part": "image_confirmatory", "done": 6, "total": 1092, "failed": 0, "last_update": 1791220685.726681}
{"part": "image_confirmatory", "done": 7, "total": 1092, "failed": 0, "last_update": 1791220687.5576699}
{"part": "image_confirmatory", "done": 8, "total": 1092, "failed": 0, "last_update": 1791220687.580744}
{"part": "image_confirmatory", "done": 9, "total": 1092, "failed": 0, "last_update": 1791220700.691724}
{"part": "image_confirmatory", "done": 10, "total": 1092, "failed": 0, "last_update": 1791220700.753283}
{"part": "image_confirmatory", "done": 11, "total": 1092, "failed": 0, "last_update": 1791220702.8035939}
{"part": "image_confirmatory", "done": 12, "total": 1092, "failed": 0, "last_update": 1791220702.884862}
{"part": "image_confirmatory", "done": 13, "total": 1092, "failed": 0, "last_update": 1791220715.962417}
{"part": "image_confirmatory", "done": 14, "total": 1092, "failed": 0, "last_update": 1791220717.825928}
{"part": "image_confirmatory", "done": 15, "total": 1092, "failed": 0, "last_update": 1791220717.957835}
{"part": "image_confirmatory", "done": 16, "total": 1092, "failed": 0, "last_update": 1791220719.752495}
{"part": "image_confirmatory", "done": 17, "total": 1092, "failed": 0, "last_update": 1791220733.430812}
{"part": "image_confirmatory", "done": 18, "total": 1092, "failed": 0, "last_update": 1791220733.9332118}
{"part": "image_confirmatory", "done": 19, "total": 1092, "failed": 0, "last_update": 1791220735.425358}
{"part": "image_confirmatory", "done": 20, "total": 1092, "failed": 0, "last_update": 1791220735.486377}
{"part": "image_confirmatory", "done": 21, "total": 1092, "failed": 0, "last_update": 1791220748.881205}
{"part": "image_confirmatory", "done": 22, "total": 1092, "failed": 0, "last_update": 1791220749.102206}
{"part": "image_confirmatory", "done": 23, "total": 1092, "failed": 0, "last_update": 1791220750.7131038}
{"part": "image_confirmatory", "done": 24, "total": 1092, "failed": 0, "last_update": 1791220750.878888}
{"part": "image_confirmatory", "done": 25, "total": 1092, "failed": 0, "last_update": 1791220764.553092}
{"part": "image_confirmatory", "done": 26, "total": 1092, "failed": 0, "last_update": 1791220764.578988}
{"part": "image_confirmatory", "done": 27, "total": 1092, "failed": 0, "last_update": 1791220767.857889}
{"part": "image_confirmatory", "done": 28, "total": 1092, "failed": 0, "last_update": 1791220767.884901}
{"part": "image_confirmatory", "done": 29, "total": 1092, "failed": 0, "last_update": 1791220781.749068}
{"part": "image_confirmatory", "done": 30, "total": 1092, "failed": 0, "last_update": 1791220782.0233788}
{"part": "image_confirmatory", "done": 31, "total": 1092, "failed": 0, "last_update": 1791220783.0339782}
{"part": "image_confirmatory", "done": 32, "total": 1092, "failed": 0, "last_update": 1791220784.872075}
{"part": "image_confirmatory", "done": 33, "total": 1092, "failed": 0, "last_update": 1791220797.131826}
{"part": "image_confirmatory", "done": 34, "total": 1092, "failed": 0, "last_update": 1791220797.2642791}
{"part": "image_confirmatory", "done": 35, "total": 1092, "failed": 0, "last_update": 1791220798.052129}
{"part": "image_confirmatory", "done": 36, "total": 1092, "failed": 0, "last_update": 1791220800.010038}
{"part": "image_confirmatory", "done": 37, "total": 1092, "failed": 0, "last_update": 1791220812.011156}
{"part": "image_confirmatory", "done": 38, "total": 1092, "failed": 0, "last_update": 1791220812.201133}
{"part": "image_confirmatory", "done": 39, "total": 1092, "failed": 0, "last_update": 1791220812.98487}
{"part": "image_confirmatory", "done": 40, "total": 1092, "failed": 0, "last_update": 1791220836.752834}
{"part": "image_confirmatory", "done": 41, "total": 1092, "failed": 0, "last_update": 1791220843.903494}
{"part": "image_confirmatory", "done": 42, "total": 1092, "failed": 0, "last_update": 1791220844.0278468}
{"part": "image_confirmatory", "done": 43, "total": 1092, "failed": 0, "last_update": 1791220844.424311}
{"part": "image_confirmatory", "done": 44, "total": 1092, "failed": 0, "last_update": 1791220868.721341}
{"part": "image_confirmatory", "done": 45, "total": 1092, "failed": 0, "last_update": 1791220875.231074}
{"part": "image_confirmatory", "done": 46, "total": 1092, "failed": 0, "last_update": 1791220875.485833}
{"part": "image_confirmatory", "done": 47, "total": 1092, "failed": 0, "last_update": 1791220875.674156}
{"part": "image_confirmatory", "done": 48, "total": 1092, "failed": 0, "last_update": 1791220899.608511}
{"part": "image_confirmatory", "done": 49, "total": 1092, "failed": 0, "last_update": 1791220905.7321842}
{"part": "image_confirmatory", "done": 50, "total": 1092, "failed": 0, "last_update": 1791220906.1955042}
{"part": "image_confirmatory", "done": 51, "total": 1092, "failed": 0, "last_update": 1791220910.547851}
{"part": "image_confirmatory", "done": 52, "total": 1092, "failed": 0, "last_update": 1791220930.508785}
{"part": "image_confirmatory", "done": 53, "total": 1092, "failed": 0, "last_update": 1791220936.4523299}
{"part": "image_confirmatory", "done": 54, "total": 1092, "failed": 0, "last_update": 1791220937.6440399}
{"part": "image_confirmatory", "done": 55, "total": 1092, "failed": 0, "last_update": 1791220941.322307}
{"part": "image_confirmatory", "done": 56, "total": 1092, "failed": 0, "last_update": 1791220961.539943}
{"part": "image_confirmatory", "done": 57, "total": 1092, "failed": 0, "last_update": 1791220967.3789592}
{"part": "image_confirmatory", "done": 58, "total": 1092, "failed": 0, "last_update": 1791220973.3207119}
{"part": "image_confirmatory", "done": 59, "total": 1092, "failed": 0, "last_update": 1791220976.903323}
{"part": "image_confirmatory", "done": 60, "total": 1092, "failed": 0, "last_update": 1791220992.976154}
{"part": "image_confirmatory", "done": 61, "total": 1092, "failed": 0, "last_update": 1791220998.435112}
{"part": "image_confirmatory", "done": 62, "total": 1092, "failed": 0, "last_update": 1791221004.17815}
{"part": "image_confirmatory", "done": 63, "total": 1092, "failed": 0, "last_update": 1791221008.136652}
{"part": "image_confirmatory", "done": 64, "total": 1092, "failed": 0, "last_update": 1791221028.711571}
{"part": "image_confirmatory", "done": 65, "total": 1092, "failed": 0, "last_update": 1791221033.974261}
{"part": "image_confirmatory", "done": 66, "total": 1092, "failed": 0, "last_update": 1791221034.985666}
{"part": "image_confirmatory", "done": 67, "total": 1092, "failed": 0, "last_update": 1791221038.817395}
{"part": "image_confirmatory", "done": 68, "total": 1092, "failed": 0, "last_update": 1791221060.757351}
{"part": "image_confirmatory", "done": 69, "total": 1092, "failed": 0, "last_update": 1791221069.4040508}
{"part": "image_confirmatory", "done": 70, "total": 1092, "failed": 0, "last_update": 1791221069.414997}
{"part": "image_confirmatory", "done": 71, "total": 1092, "failed": 0, "last_update": 1791221070.3865259}
{"part": "image_confirmatory", "done": 72, "total": 1092, "failed": 0, "last_update": 1791221096.038909}
{"part": "image_confirmatory", "done": 73, "total": 1092, "failed": 0, "last_update": 1791221099.814514}
{"part": "image_confirmatory", "done": 74, "total": 1092, "failed": 0, "last_update": 1791221100.063788}
{"part": "image_confirmatory", "done": 75, "total": 1092, "failed": 0, "last_update": 1791221105.629683}
{"part": "image_confirmatory", "done": 76, "total": 1092, "failed": 0, "last_update": 1791221127.3956249}
{"part": "image_confirmatory", "done": 77, "total": 1092, "failed": 0, "last_update": 1791221130.336122}
{"part": "image_confirmatory", "done": 78, "total": 1092, "failed": 0, "last_update": 1791221135.651484}
{"part": "image_confirmatory", "done": 79, "total": 1092, "failed": 0, "last_update": 1791221138.302027}
{"part": "image_confirmatory", "done": 80, "total": 1092, "failed": 0, "last_update": 1791221159.1610081}
{"part": "image_confirmatory", "done": 81, "total": 1092, "failed": 0, "last_update": 1791221162.403352}
{"part": "image_confirmatory", "done": 82, "total": 1092, "failed": 0, "last_update": 1791221170.140245}
{"part": "image_confirmatory", "done": 83, "total": 1092, "failed": 0, "last_update": 1791221175.07159}
{"part": "image_confirmatory", "done": 84, "total": 1092, "failed": 0, "last_update": 1791221191.045465}
{"part": "image_confirmatory", "done": 85, "total": 1092, "failed": 0, "last_update": 1791221194.086195}
{"part": "image_confirmatory", "done": 86, "total": 1092, "failed": 0, "last_update": 1791221201.9101162}
{"part": "image_confirmatory", "done": 87, "total": 1092, "failed": 0, "last_update": 1791221207.241895}
{"part": "image_confirmatory", "done": 88, "total": 1092, "failed": 0, "last_update": 1791221223.4945018}
{"part": "image_confirmatory", "done": 89, "total": 1092, "failed": 0, "last_update": 1791221225.911372}
{"part": "image_confirmatory", "done": 90, "total": 1092, "failed": 0, "last_update": 1791221233.7628002}
{"part": "image_confirmatory", "done": 91, "total": 1092, "failed": 0, "last_update": 1791221246.372515}
{"part": "image_confirmatory", "done": 92, "total": 1092, "failed": 0, "last_update": 1791221255.588505}
{"part": "image_confirmatory", "done": 93, "total": 1092, "failed": 0, "last_update": 1791221257.9017909}
{"part": "image_confirmatory", "done": 94, "total": 1092, "failed": 0, "last_update": 1791221265.662411}
{"part": "image_confirmatory", "done": 95, "total": 1092, "failed": 0, "last_update": 1791221285.6670651}
{"part": "image_confirmatory", "done": 96, "total": 1092, "failed": 0, "last_update": 1791221287.0656939}
{"part": "image_confirmatory", "done": 97, "total": 1092, "failed": 0, "last_update": 1791221289.5511339}
{"part": "image_confirmatory", "done": 98, "total": 1092, "failed": 0, "last_update": 1791221297.364384}
{"part": "image_confirmatory", "done": 99, "total": 1092, "failed": 0, "last_update": 1791221318.1089191}
{"part": "image_confirmatory", "done": 100, "total": 1092, "failed": 0, "last_update": 1791221319.1828532}
{"part": "image_confirmatory", "done": 101, "total": 1092, "failed": 0, "last_update": 1791221321.5432801}
{"part": "image_confirmatory", "done": 102, "total": 1092, "failed": 0, "last_update": 1791221336.591393}
{"part": "image_confirmatory", "done": 103, "total": 1092, "failed": 0, "last_update": 1791221351.037386}
{"part": "image_confirmatory", "done": 104, "total": 1092, "failed": 0, "last_update": 1791221353.327528}
{"part": "image_confirmatory", "done": 105, "total": 1092, "failed": 0, "last_update": 1791221357.273896}
{"part": "image_confirmatory", "done": 106, "total": 1092, "failed": 0, "last_update": 1791221369.110956}
{"part": "image_confirmatory", "done": 107, "total": 1092, "failed": 0, "last_update": 1791221389.050334}
{"part": "image_confirmatory", "done": 108, "total": 1092, "failed": 0, "last_update": 1791221390.433098}
{"part": "image_confirmatory", "done": 109, "total": 1092, "failed": 0, "last_update": 1791221392.1457431}
{"part": "image_confirmatory", "done": 110, "total": 1092, "failed": 0, "last_update": 1791221401.078433}
{"part": "image_confirmatory", "done": 111, "total": 1092, "failed": 0, "last_update": 1791221421.617342}
{"part": "image_confirmatory", "done": 112, "total": 1092, "failed": 0, "last_update": 1791221429.959616}
{"part": "image_confirmatory", "done": 113, "total": 1092, "failed": 0, "last_update": 1791221432.036889}
{"part": "image_confirmatory", "done": 114, "total": 1092, "failed": 0, "last_update": 1791221441.058194}
{"part": "image_confirmatory", "done": 115, "total": 1092, "failed": 0, "last_update": 1791221455.9179678}
{"part": "image_confirmatory", "done": 116, "total": 1092, "failed": 0, "last_update": 1791221461.762214}
{"part": "image_confirmatory", "done": 117, "total": 1092, "failed": 0, "last_update": 1791221462.906791}
{"part": "image_confirmatory", "done": 118, "total": 1092, "failed": 0, "last_update": 1791221464.980811}
{"part": "image_confirmatory", "done": 119, "total": 1092, "failed": 0, "last_update": 1791221470.6892412}
{"part": "image_confirmatory", "done": 120, "total": 1092, "failed": 0, "last_update": 1791221476.625348}
{"part": "image_confirmatory", "done": 121, "total": 1092, "failed": 0, "last_update": 1791221477.981431}
{"part": "image_confirmatory", "done": 122, "total": 1092, "failed": 0, "last_update": 1791221481.695401}
{"part": "image_confirmatory", "done": 123, "total": 1092, "failed": 0, "last_update": 1791221485.674459}
{"part": "image_confirmatory", "done": 124, "total": 1092, "failed": 0, "last_update": 1791221491.571003}
{"part": "image_confirmatory", "done": 125, "total": 1092, "failed": 0, "last_update": 1791221494.8903549}
{"part": "image_confirmatory", "done": 126, "total": 1092, "failed": 0, "last_update": 1791221496.7189178}
{"part": "image_confirmatory", "done": 127, "total": 1092, "failed": 0, "last_update": 1791221502.277537}
{"part": "image_confirmatory", "done": 128, "total": 1092, "failed": 0, "last_update": 1791221506.63688}
{"part": "image_confirmatory", "done": 129, "total": 1092, "failed": 0, "last_update": 1791221509.7965991}
{"part": "image_confirmatory", "done": 130, "total": 1092, "failed": 0, "last_update": 1791221511.584943}
{"part": "image_confirmatory", "done": 131, "total": 1092, "failed": 0, "last_update": 1791221518.984086}
{"part": "image_confirmatory", "done": 132, "total": 1092, "failed": 0, "last_update": 1791221521.5584562}
{"part": "image_confirmatory", "done": 133, "total": 1092, "failed": 0, "last_update": 1791221526.6081212}
{"part": "image_confirmatory", "done": 134, "total": 1092, "failed": 0, "last_update": 1791221526.643403}
{"part": "image_confirmatory", "done": 135, "total": 1092, "failed": 0, "last_update": 1791221535.625591}
{"part": "image_confirmatory", "done": 136, "total": 1092, "failed": 0, "last_update": 1791221536.485567}
{"part": "image_confirmatory", "done": 137, "total": 1092, "failed": 0, "last_update": 1791221541.501855}
{"part": "image_confirmatory", "done": 138, "total": 1092, "failed": 0, "last_update": 1791221543.30407}
{"part": "image_confirmatory", "done": 139, "total": 1092, "failed": 0, "last_update": 1791221550.5483232}
{"part": "image_confirmatory", "done": 140, "total": 1092, "failed": 0, "last_update": 1791221551.377738}
{"part": "image_confirmatory", "done": 141, "total": 1092, "failed": 0, "last_update": 1791221558.3316941}
{"part": "image_confirmatory", "done": 142, "total": 1092, "failed": 0, "last_update": 1791221558.489274}
{"part": "image_confirmatory", "done": 143, "total": 1092, "failed": 0, "last_update": 1791221567.2155578}
{"part": "image_confirmatory", "done": 144, "total": 1092, "failed": 0, "last_update": 1791221568.1725938}
{"part": "image_confirmatory", "done": 145, "total": 1092, "failed": 0, "last_update": 1791221573.368821}
{"part": "image_confirmatory", "done": 146, "total": 1092, "failed": 0, "last_update": 1791221573.444569}
{"part": "image_confirmatory", "done": 147, "total": 1092, "failed": 0, "last_update": 1791221582.1237319}
{"part": "image_confirmatory", "done": 148, "total": 1092, "failed": 0, "last_update": 1791221582.968839}
{"part": "image_confirmatory", "done": 149, "total": 1092, "failed": 0, "last_update": 1791221588.3881202}
{"part": "image_confirmatory", "done": 150, "total": 1092, "failed": 0, "last_update": 1791221588.401226}
{"part": "image_confirmatory", "done": 151, "total": 1092, "failed": 0, "last_update": 1791221597.738394}
{"part": "image_confirmatory", "done": 152, "total": 1092, "failed": 0, "last_update": 1791221598.706827}
{"part": "image_confirmatory", "done": 153, "total": 1092, "failed": 0, "last_update": 1791221603.245666}
{"part": "image_confirmatory", "done": 154, "total": 1092, "failed": 0, "last_update": 1791221605.121231}
{"part": "image_confirmatory", "done": 155, "total": 1092, "failed": 0, "last_update": 1791221612.551948}
{"part": "image_confirmatory", "done": 156, "total": 1092, "failed": 0, "last_update": 1791221615.778631}
{"part": "image_confirmatory", "done": 157, "total": 1092, "failed": 0, "last_update": 1791221618.4108548}
{"part": "image_confirmatory", "done": 158, "total": 1092, "failed": 0, "last_update": 1791221620.129316}
{"part": "image_confirmatory", "done": 159, "total": 1092, "failed": 0, "last_update": 1791221629.4046998}
{"part": "image_confirmatory", "done": 160, "total": 1092, "failed": 0, "last_update": 1791221632.354028}
{"part": "image_confirmatory", "done": 161, "total": 1092, "failed": 0, "last_update": 1791221634.97347}
{"part": "image_confirmatory", "done": 162, "total": 1092, "failed": 0, "last_update": 1791221636.841235}
{"part": "image_confirmatory", "done": 163, "total": 1092, "failed": 0, "last_update": 1791221646.385331}
{"part": "image_confirmatory", "done": 164, "total": 1092, "failed": 0, "last_update": 1791221647.4091752}
{"part": "image_confirmatory", "done": 165, "total": 1092, "failed": 0, "last_update": 1791221649.820262}
{"part": "image_confirmatory", "done": 166, "total": 1092, "failed": 0, "last_update": 1791221651.814568}
{"part": "image_confirmatory", "done": 167, "total": 1092, "failed": 0, "last_update": 1791221661.3594198}
{"part": "image_confirmatory", "done": 168, "total": 1092, "failed": 0, "last_update": 1791221664.047864}
{"part": "image_confirmatory", "done": 169, "total": 1092, "failed": 0, "last_update": 1791221664.912863}
{"part": "image_confirmatory", "done": 170, "total": 1092, "failed": 0, "last_update": 1791221666.7932532}
{"part": "image_confirmatory", "done": 171, "total": 1092, "failed": 0, "last_update": 1791221676.423761}
{"part": "image_confirmatory", "done": 172, "total": 1092, "failed": 0, "last_update": 1791221679.065364}
{"part": "image_confirmatory", "done": 173, "total": 1092, "failed": 0, "last_update": 1791221679.928223}
{"part": "image_confirmatory", "done": 174, "total": 1092, "failed": 0, "last_update": 1791221683.794569}
{"part": "image_confirmatory", "done": 175, "total": 1092, "failed": 0, "last_update": 1791221693.009346}
{"part": "image_confirmatory", "done": 176, "total": 1092, "failed": 0, "last_update": 1791221693.951139}
{"part": "image_confirmatory", "done": 177, "total": 1092, "failed": 0, "last_update": 1791221694.6511831}
{"part": "image_confirmatory", "done": 178, "total": 1092, "failed": 0, "last_update": 1791221700.560363}
{"part": "image_confirmatory", "done": 179, "total": 1092, "failed": 0, "last_update": 1791221707.940594}
{"part": "image_confirmatory", "done": 180, "total": 1092, "failed": 0, "last_update": 1791221709.462493}
{"part": "image_confirmatory", "done": 181, "total": 1092, "failed": 0, "last_update": 1791221710.8257868}
{"part": "image_confirmatory", "done": 182, "total": 1092, "failed": 0, "last_update": 1791221717.065757}
{"part": "image_confirmatory", "done": 183, "total": 1092, "failed": 0, "last_update": 1791221722.8993762}
{"part": "image_confirmatory", "done": 184, "total": 1092, "failed": 0, "last_update": 1791221724.358979}
{"part": "image_confirmatory", "done": 185, "total": 1092, "failed": 0, "last_update": 1791221725.847223}
{"part": "image_confirmatory", "done": 186, "total": 1092, "failed": 0, "last_update": 1791221732.088497}
{"part": "image_confirmatory", "done": 187, "total": 1092, "failed": 0, "last_update": 1791221737.757662}
{"part": "image_confirmatory", "done": 188, "total": 1092, "failed": 0, "last_update": 1791221739.382015}
{"part": "image_confirmatory", "done": 189, "total": 1092, "failed": 0, "last_update": 1791221742.74314}
{"part": "image_confirmatory", "done": 190, "total": 1092, "failed": 0, "last_update": 1791221747.06141}
{"part": "image_confirmatory", "done": 191, "total": 1092, "failed": 0, "last_update": 1791221752.708423}
{"part": "image_confirmatory", "done": 192, "total": 1092, "failed": 0, "last_update": 1791221754.323977}
{"part": "image_confirmatory", "done": 193, "total": 1092, "failed": 0, "last_update": 1791221757.875675}
{"part": "image_confirmatory", "done": 194, "total": 1092, "failed": 0, "last_update": 1791221762.443163}
{"part": "image_confirmatory", "done": 195, "total": 1092, "failed": 0, "last_update": 1791221769.733485}
{"part": "image_confirmatory", "done": 196, "total": 1092, "failed": 0, "last_update": 1791221771.607954}
{"part": "image_confirmatory", "done": 197, "total": 1092, "failed": 0, "last_update": 1791221772.945148}
{"part": "image_confirmatory", "done": 198, "total": 1092, "failed": 0, "last_update": 1791221777.4768891}
{"part": "image_confirmatory", "done": 199, "total": 1092, "failed": 0, "last_update": 1791221784.828419}
{"part": "image_confirmatory", "done": 200, "total": 1092, "failed": 0, "last_update": 1791221786.5338628}
{"part": "image_confirmatory", "done": 201, "total": 1092, "failed": 0, "last_update": 1791221788.0400279}
{"part": "image_confirmatory", "done": 202, "total": 1092, "failed": 0, "last_update": 1791221792.485378}
{"part": "image_confirmatory", "done": 203, "total": 1092, "failed": 0, "last_update": 1791221799.888404}
{"part": "image_confirmatory", "done": 204, "total": 1092, "failed": 0, "last_update": 1791221801.4806662}
{"part": "image_confirmatory", "done": 205, "total": 1092, "failed": 0, "last_update": 1791221804.9632351}
{"part": "image_confirmatory", "done": 206, "total": 1092, "failed": 0, "last_update": 1791221809.42694}
{"part": "image_confirmatory", "done": 207, "total": 1092, "failed": 0, "last_update": 1791221814.836163}
{"part": "image_confirmatory", "done": 208, "total": 1092, "failed": 0, "last_update": 1791221816.469217}
{"part": "image_confirmatory", "done": 209, "total": 1092, "failed": 0, "last_update": 1791221820.0249422}
{"part": "image_confirmatory", "done": 210, "total": 1092, "failed": 0, "last_update": 1791221826.446896}
{"part": "image_confirmatory", "done": 211, "total": 1092, "failed": 0, "last_update": 1791221831.667766}
{"part": "image_confirmatory", "done": 212, "total": 1092, "failed": 0, "last_update": 1791221831.6853828}
{"part": "image_confirmatory", "done": 213, "total": 1092, "failed": 0, "last_update": 1791221834.887705}
{"part": "image_confirmatory", "done": 214, "total": 1092, "failed": 0, "last_update": 1791221841.5739882}
{"part": "image_confirmatory", "done": 215, "total": 1092, "failed": 0, "last_update": 1791221846.854496}
{"part": "image_confirmatory", "done": 216, "total": 1092, "failed": 0, "last_update": 1791221848.801707}
{"part": "image_confirmatory", "done": 217, "total": 1092, "failed": 0, "last_update": 1791221850.1636329}
{"part": "image_confirmatory", "done": 218, "total": 1092, "failed": 0, "last_update": 1791221858.544092}
{"part": "image_confirmatory", "done": 219, "total": 1092, "failed": 0, "last_update": 1791221861.767124}
{"part": "image_confirmatory", "done": 220, "total": 1092, "failed": 0, "last_update": 1791221863.880726}
{"part": "image_confirmatory", "done": 221, "total": 1092, "failed": 0, "last_update": 1791221865.16707}
{"part": "image_confirmatory", "done": 222, "total": 1092, "failed": 0, "last_update": 1791221873.7456908}
{"part": "image_confirmatory", "done": 223, "total": 1092, "failed": 0, "last_update": 1791221877.3125162}
{"part": "image_confirmatory", "done": 224, "total": 1092, "failed": 0, "last_update": 1791221879.0330188}
{"part": "image_confirmatory", "done": 225, "total": 1092, "failed": 0, "last_update": 1791221882.22383}
{"part": "image_confirmatory", "done": 226, "total": 1092, "failed": 0, "last_update": 1791221888.9347599}
{"part": "image_confirmatory", "done": 227, "total": 1092, "failed": 0, "last_update": 1791221894.166864}
{"part": "image_confirmatory", "done": 228, "total": 1092, "failed": 0, "last_update": 1791221895.8747468}
{"part": "image_confirmatory", "done": 229, "total": 1092, "failed": 0, "last_update": 1791221898.978956}
{"part": "image_confirmatory", "done": 230, "total": 1092, "failed": 0, "last_update": 1791221905.8732412}
{"part": "image_confirmatory", "done": 231, "total": 1092, "failed": 0, "last_update": 1791221909.4801989}
{"part": "image_confirmatory", "done": 232, "total": 1092, "failed": 0, "last_update": 1791221912.872802}
{"part": "image_confirmatory", "done": 233, "total": 1092, "failed": 0, "last_update": 1791221913.926572}
{"part": "image_confirmatory", "done": 234, "total": 1092, "failed": 0, "last_update": 1791221921.0597901}
{"part": "image_confirmatory", "done": 235, "total": 1092, "failed": 0, "last_update": 1791221924.573641}
{"part": "image_confirmatory", "done": 236, "total": 1092, "failed": 0, "last_update": 1791221928.934183}
{"part": "image_confirmatory", "done": 237, "total": 1092, "failed": 0, "last_update": 1791221930.1367512}
{"part": "image_confirmatory", "done": 238, "total": 1092, "failed": 0, "last_update": 1791221936.269566}
{"part": "image_confirmatory", "done": 239, "total": 1092, "failed": 0, "last_update": 1791221941.87793}
{"part": "image_confirmatory", "done": 240, "total": 1092, "failed": 0, "last_update": 1791221944.239616}
{"part": "image_confirmatory", "done": 241, "total": 1092, "failed": 0, "last_update": 1791221945.239338}
{"part": "image_confirmatory", "done": 242, "total": 1092, "failed": 0, "last_update": 1791221951.3341131}
{"part": "image_confirmatory", "done": 243, "total": 1092, "failed": 0, "last_update": 1791221957.01662}
{"part": "image_confirmatory", "done": 244, "total": 1092, "failed": 0, "last_update": 1791221960.219028}
{"part": "image_confirmatory", "done": 245, "total": 1092, "failed": 0, "last_update": 1791221961.04488}
{"part": "image_confirmatory", "done": 246, "total": 1092, "failed": 0, "last_update": 1791221968.3517811}
{"part": "image_confirmatory", "done": 247, "total": 1092, "failed": 0, "last_update": 1791221972.00067}
{"part": "image_confirmatory", "done": 248, "total": 1092, "failed": 0, "last_update": 1791221975.3992991}
{"part": "image_confirmatory", "done": 249, "total": 1092, "failed": 0, "last_update": 1791221975.964598}
{"part": "image_confirmatory", "done": 250, "total": 1092, "failed": 0, "last_update": 1791221985.36819}
{"part": "image_confirmatory", "done": 251, "total": 1092, "failed": 0, "last_update": 1791221986.9706}
{"part": "image_confirmatory", "done": 252, "total": 1092, "failed": 0, "last_update": 1791221990.701971}
{"part": "image_confirmatory", "done": 253, "total": 1092, "failed": 0, "last_update": 1791221990.909407}
{"part": "image_confirmatory", "done": 254, "total": 1092, "failed": 0, "last_update": 1791222000.403928}
{"part": "image_confirmatory", "done": 255, "total": 1092, "failed": 0, "last_update": 1791222001.984225}
{"part": "image_confirmatory", "done": 256, "total": 1092, "failed": 0, "last_update": 1791222005.670295}
{"part": "image_confirmatory", "done": 257, "total": 1092, "failed": 0, "last_update": 1791222005.887146}
{"part": "image_confirmatory", "done": 258, "total": 1092, "failed": 0, "last_update": 1791222016.951711}
{"part": "image_confirmatory", "done": 259, "total": 1092, "failed": 0, "last_update": 1791222017.3843951}
{"part": "image_confirmatory", "done": 260, "total": 1092, "failed": 0, "last_update": 1791222020.8190641}
{"part": "image_confirmatory", "done": 261, "total": 1092, "failed": 0, "last_update": 1791222020.864504}
{"part": "image_confirmatory", "done": 262, "total": 1092, "failed": 0, "last_update": 1791222032.5149708}
{"part": "image_confirmatory", "done": 263, "total": 1092, "failed": 0, "last_update": 1791222033.849694}
{"part": "image_confirmatory", "done": 264, "total": 1092, "failed": 0, "last_update": 1791222035.874094}
{"part": "image_confirmatory", "done": 265, "total": 1092, "failed": 0, "last_update": 1791222036.000208}
{"part": "image_confirmatory", "done": 266, "total": 1092, "failed": 0, "last_update": 1791222047.876916}
{"part": "image_confirmatory", "done": 267, "total": 1092, "failed": 0, "last_update": 1791222048.855236}
{"part": "image_confirmatory", "done": 268, "total": 1092, "failed": 0, "last_update": 1791222050.9095318}
{"part": "image_confirmatory", "done": 269, "total": 1092, "failed": 0, "last_update": 1791222050.972}
{"part": "image_confirmatory", "done": 270, "total": 1092, "failed": 0, "last_update": 1791222063.735255}
{"part": "image_confirmatory", "done": 271, "total": 1092, "failed": 0, "last_update": 1791222065.008728}
{"part": "image_confirmatory", "done": 272, "total": 1092, "failed": 0, "last_update": 1791222065.840863}
{"part": "image_confirmatory", "done": 273, "total": 1092, "failed": 0, "last_update": 1791222065.956029}
{"part": "image_confirmatory", "done": 274, "total": 1092, "failed": 0, "last_update": 1791222079.091618}
{"part": "image_confirmatory", "done": 275, "total": 1092, "failed": 0, "last_update": 1791222080.061842}
{"part": "image_confirmatory", "done": 276, "total": 1092, "failed": 0, "last_update": 1791222082.5806458}
{"part": "image_confirmatory", "done": 277, "total": 1092, "failed": 0, "last_update": 1791222082.719949}
{"part": "image_confirmatory", "done": 278, "total": 1092, "failed": 0, "last_update": 1791222094.451238}
{"part": "image_confirmatory", "done": 279, "total": 1092, "failed": 0, "last_update": 1791222095.176426}
{"part": "image_confirmatory", "done": 280, "total": 1092, "failed": 0, "last_update": 1791222099.698726}
{"part": "image_confirmatory", "done": 281, "total": 1092, "failed": 0, "last_update": 1791222099.805665}
{"part": "image_confirmatory", "done": 282, "total": 1092, "failed": 0, "last_update": 1791222111.2993002}
{"part": "image_confirmatory", "done": 283, "total": 1092, "failed": 0, "last_update": 1791222112.081835}
{"part": "image_confirmatory", "done": 284, "total": 1092, "failed": 0, "last_update": 1791222114.528192}
{"part": "image_confirmatory", "done": 285, "total": 1092, "failed": 0, "last_update": 1791222114.653258}
{"part": "image_confirmatory", "done": 286, "total": 1092, "failed": 0, "last_update": 1791222126.519441}
{"part": "image_confirmatory", "done": 287, "total": 1092, "failed": 0, "last_update": 1791222128.906965}
{"part": "image_confirmatory", "done": 288, "total": 1092, "failed": 0, "last_update": 1791222129.644501}
{"part": "image_confirmatory", "done": 289, "total": 1092, "failed": 0, "last_update": 1791222129.65788}
{"part": "image_confirmatory", "done": 290, "total": 1092, "failed": 0, "last_update": 1791222141.417564}
{"part": "image_confirmatory", "done": 291, "total": 1092, "failed": 0, "last_update": 1791222143.905938}
{"part": "image_confirmatory", "done": 292, "total": 1092, "failed": 0, "last_update": 1791222144.523953}
{"part": "image_confirmatory", "done": 293, "total": 1092, "failed": 0, "last_update": 1791222144.753668}
{"part": "image_confirmatory", "done": 294, "total": 1092, "failed": 0, "last_update": 1791222157.1145868}
{"part": "image_confirmatory", "done": 295, "total": 1092, "failed": 0, "last_update": 1791222159.7155762}
{"part": "image_confirmatory", "done": 296, "total": 1092, "failed": 0, "last_update": 1791222160.017781}
{"part": "image_confirmatory", "done": 297, "total": 1092, "failed": 0, "last_update": 1791222160.827122}
{"part": "image_confirmatory", "done": 298, "total": 1092, "failed": 0, "last_update": 1791222172.379344}
{"part": "image_confirmatory", "done": 299, "total": 1092, "failed": 0, "last_update": 1791222174.834743}
{"part": "image_confirmatory", "done": 300, "total": 1092, "failed": 0, "last_update": 1791222174.983329}
{"part": "image_confirmatory", "done": 301, "total": 1092, "failed": 0, "last_update": 1791222175.971078}
{"part": "image_confirmatory", "done": 302, "total": 1092, "failed": 0, "last_update": 1791222189.780639}
{"part": "image_confirmatory", "done": 303, "total": 1092, "failed": 0, "last_update": 1791222189.9000142}
{"part": "image_confirmatory", "done": 304, "total": 1092, "failed": 0, "last_update": 1791222189.920539}
{"part": "image_confirmatory", "done": 305, "total": 1092, "failed": 0, "last_update": 1791222192.749592}
{"part": "image_confirmatory", "done": 306, "total": 1092, "failed": 0, "last_update": 1791222204.902333}
{"part": "image_confirmatory", "done": 307, "total": 1092, "failed": 0, "last_update": 1791222204.9506009}
{"part": "image_confirmatory", "done": 308, "total": 1092, "failed": 0, "last_update": 1791222206.936557}
{"part": "image_confirmatory", "done": 309, "total": 1092, "failed": 0, "last_update": 1791222207.65291}
{"part": "image_confirmatory", "done": 310, "total": 1092, "failed": 0, "last_update": 1791222221.436929}
{"part": "image_confirmatory", "done": 311, "total": 1092, "failed": 0, "last_update": 1791222221.6855612}
{"part": "image_confirmatory", "done": 312, "total": 1092, "failed": 0, "last_update": 1791222223.627247}
{"part": "image_confirmatory", "done": 313, "total": 1092, "failed": 0, "last_update": 1791222238.8679712}
{"part": "image_confirmatory", "done": 314, "total": 1092, "failed": 0, "last_update": 1791222251.942328}
{"part": "image_confirmatory", "done": 315, "total": 1092, "failed": 0, "last_update": 1791222252.440743}
{"part": "image_confirmatory", "done": 316, "total": 1092, "failed": 0, "last_update": 1791222254.625348}
{"part": "image_confirmatory", "done": 317, "total": 1092, "failed": 0, "last_update": 1791222274.39561}
{"part": "image_confirmatory", "done": 318, "total": 1092, "failed": 0, "last_update": 1791222282.703688}
{"part": "image_confirmatory", "done": 319, "total": 1092, "failed": 0, "last_update": 1791222284.9342341}
{"part": "image_confirmatory", "done": 320, "total": 1092, "failed": 0, "last_update": 1791222288.028536}
{"part": "image_confirmatory", "done": 321, "total": 1092, "failed": 0, "last_update": 1791222305.626374}
{"part": "image_confirmatory", "done": 322, "total": 1092, "failed": 0, "last_update": 1791222314.048633}
{"part": "image_confirmatory", "done": 323, "total": 1092, "failed": 0, "last_update": 1791222315.6878111}
{"part": "image_confirmatory", "done": 324, "total": 1092, "failed": 0, "last_update": 1791222318.477847}
{"part": "image_confirmatory", "done": 325, "total": 1092, "failed": 0, "last_update": 1791222341.377932}
{"part": "image_confirmatory", "done": 326, "total": 1092, "failed": 0, "last_update": 1791222344.408818}
{"part": "image_confirmatory", "done": 327, "total": 1092, "failed": 0, "last_update": 1791222346.521533}
{"part": "image_confirmatory", "done": 328, "total": 1092, "failed": 0, "last_update": 1791222349.32513}
{"part": "image_confirmatory", "done": 329, "total": 1092, "failed": 0, "last_update": 1791222372.48809}
{"part": "image_confirmatory", "done": 330, "total": 1092, "failed": 0, "last_update": 1791222375.458841}
{"part": "image_confirmatory", "done": 331, "total": 1092, "failed": 0, "last_update": 1791222377.1051369}
{"part": "image_confirmatory", "done": 332, "total": 1092, "failed": 0, "last_update": 1791222379.492639}
{"part": "image_confirmatory", "done": 333, "total": 1092, "failed": 0, "last_update": 1791222403.496348}
{"part": "image_confirmatory", "done": 334, "total": 1092, "failed": 0, "last_update": 1791222407.581899}
{"part": "image_confirmatory", "done": 335, "total": 1092, "failed": 0, "last_update": 1791222410.545262}
{"part": "image_confirmatory", "done": 336, "total": 1092, "failed": 0, "last_update": 1791222411.2391958}
{"part": "image_confirmatory", "done": 337, "total": 1092, "failed": 0, "last_update": 1791222433.864722}
{"part": "image_confirmatory", "done": 338, "total": 1092, "failed": 0, "last_update": 1791222438.747561}
{"part": "image_confirmatory", "done": 339, "total": 1092, "failed": 0, "last_update": 1791222441.294121}
{"part": "image_confirmatory", "done": 340, "total": 1092, "failed": 0, "last_update": 1791222441.844725}
{"part": "image_confirmatory", "done": 341, "total": 1092, "failed": 0, "last_update": 1791222469.782374}
{"part": "image_confirmatory", "done": 342, "total": 1092, "failed": 0, "last_update": 1791222469.801821}
{"part": "image_confirmatory", "done": 343, "total": 1092, "failed": 0, "last_update": 1791222472.4302368}
{"part": "image_confirmatory", "done": 344, "total": 1092, "failed": 0, "last_update": 1791222472.4315488}
{"part": "image_confirmatory", "done": 345, "total": 1092, "failed": 0, "last_update": 1791222501.444777}
{"part": "image_confirmatory", "done": 346, "total": 1092, "failed": 0, "last_update": 1791222502.788162}
{"part": "image_confirmatory", "done": 347, "total": 1092, "failed": 0, "last_update": 1791222505.84438}
{"part": "image_confirmatory", "done": 348, "total": 1092, "failed": 0, "last_update": 1791222507.826093}
{"part": "image_confirmatory", "done": 349, "total": 1092, "failed": 0, "last_update": 1791222532.7068632}
{"part": "image_confirmatory", "done": 350, "total": 1092, "failed": 0, "last_update": 1791222533.5115619}
{"part": "image_confirmatory", "done": 351, "total": 1092, "failed": 0, "last_update": 1791222540.1451478}
{"part": "image_confirmatory", "done": 352, "total": 1092, "failed": 0, "last_update": 1791222541.894999}
{"part": "image_confirmatory", "done": 353, "total": 1092, "failed": 0, "last_update": 1791222564.464281}
{"part": "image_confirmatory", "done": 354, "total": 1092, "failed": 0, "last_update": 1791222565.243039}
{"part": "image_confirmatory", "done": 355, "total": 1092, "failed": 0, "last_update": 1791222579.379155}
{"part": "image_confirmatory", "done": 356, "total": 1092, "failed": 0, "last_update": 1791222581.1427572}
{"part": "image_confirmatory", "done": 357, "total": 1092, "failed": 0, "last_update": 1791222596.224519}
{"part": "image_confirmatory", "done": 358, "total": 1092, "failed": 0, "last_update": 1791222596.823034}
{"part": "image_confirmatory", "done": 359, "total": 1092, "failed": 0, "last_update": 1791222611.4198332}
{"part": "image_confirmatory", "done": 360, "total": 1092, "failed": 0, "last_update": 1791222620.173461}
{"part": "image_confirmatory", "done": 361, "total": 1092, "failed": 0, "last_update": 1791222635.3277571}
{"part": "image_confirmatory", "done": 362, "total": 1092, "failed": 0, "last_update": 1791222635.805708}
{"part": "image_confirmatory", "done": 363, "total": 1092, "failed": 0, "last_update": 1791222651.296455}
{"part": "image_confirmatory", "done": 364, "total": 1092, "failed": 0, "last_update": 1791222651.885077}
{"part": "image_confirmatory", "done": 365, "total": 1092, "failed": 0, "last_update": 1791222667.46142}
{"part": "image_confirmatory", "done": 366, "total": 1092, "failed": 0, "last_update": 1791222667.5883148}
{"part": "image_confirmatory", "done": 367, "total": 1092, "failed": 0, "last_update": 1791222683.4572449}
{"part": "image_confirmatory", "done": 368, "total": 1092, "failed": 0, "last_update": 1791222683.706184}
{"part": "image_confirmatory", "done": 369, "total": 1092, "failed": 0, "last_update": 1791222699.6994271}
{"part": "image_confirmatory", "done": 370, "total": 1092, "failed": 0, "last_update": 1791222700.1404421}
{"part": "image_confirmatory", "done": 371, "total": 1092, "failed": 0, "last_update": 1791222715.459031}
{"part": "image_confirmatory", "done": 372, "total": 1092, "failed": 0, "last_update": 1791222722.447445}
{"part": "image_confirmatory", "done": 373, "total": 1092, "failed": 0, "last_update": 1791222738.853204}
{"part": "image_confirmatory", "done": 374, "total": 1092, "failed": 0, "last_update": 1791222739.183807}
{"part": "image_confirmatory", "done": 375, "total": 1092, "failed": 0, "last_update": 1791222754.576266}
{"part": "image_confirmatory", "done": 376, "total": 1092, "failed": 0, "last_update": 1791222761.9855921}
{"part": "image_confirmatory", "done": 377, "total": 1092, "failed": 0, "last_update": 1791222771.498074}
{"part": "image_confirmatory", "done": 378, "total": 1092, "failed": 0, "last_update": 1791222771.608896}
{"part": "image_confirmatory", "done": 379, "total": 1092, "failed": 0, "last_update": 1791222786.5827}
{"part": "image_confirmatory", "done": 380, "total": 1092, "failed": 0, "last_update": 1791222793.6616378}
{"part": "image_confirmatory", "done": 381, "total": 1092, "failed": 0, "last_update": 1791222803.72929}
{"part": "image_confirmatory", "done": 382, "total": 1092, "failed": 0, "last_update": 1791222811.041604}
{"part": "image_confirmatory", "done": 383, "total": 1092, "failed": 0, "last_update": 1791222818.433341}
{"part": "image_confirmatory", "done": 384, "total": 1092, "failed": 0, "last_update": 1791222825.745791}
{"part": "image_confirmatory", "done": 385, "total": 1092, "failed": 0, "last_update": 1791222835.553993}
{"part": "image_confirmatory", "done": 386, "total": 1092, "failed": 0, "last_update": 1791222843.073483}
{"part": "image_confirmatory", "done": 387, "total": 1092, "failed": 0, "last_update": 1791222850.1086578}
{"part": "image_confirmatory", "done": 388, "total": 1092, "failed": 0, "last_update": 1791222857.8082829}
{"part": "image_confirmatory", "done": 389, "total": 1092, "failed": 0, "last_update": 1791222864.943286}
{"part": "image_confirmatory", "done": 390, "total": 1092, "failed": 0, "last_update": 1791222867.390414}
{"part": "image_confirmatory", "done": 391, "total": 1092, "failed": 0, "last_update": 1791222872.543933}
{"part": "image_confirmatory", "done": 392, "total": 1092, "failed": 0, "last_update": 1791222875.447119}
{"part": "image_confirmatory", "done": 393, "total": 1092, "failed": 0, "last_update": 1791222879.808576}
{"part": "image_confirmatory", "done": 394, "total": 1092, "failed": 0, "last_update": 1791222884.070712}
{"part": "image_confirmatory", "done": 395, "total": 1092, "failed": 0, "last_update": 1791222887.1819992}
{"part": "image_confirmatory", "done": 396, "total": 1092, "failed": 0, "last_update": 1791222890.435879}
{"part": "image_confirmatory", "done": 397, "total": 1092, "failed": 0, "last_update": 1791222896.489717}
{"part": "image_confirmatory", "done": 398, "total": 1092, "failed": 0, "last_update": 1791222898.859947}
{"part": "image_confirmatory", "done": 399, "total": 1092, "failed": 0, "last_update": 1791222902.1799638}
{"part": "image_confirmatory", "done": 400, "total": 1092, "failed": 0, "last_update": 1791222905.215421}
{"part": "image_confirmatory", "done": 401, "total": 1092, "failed": 0, "last_update": 1791222911.423421}
{"part": "image_confirmatory", "done": 402, "total": 1092, "failed": 0, "last_update": 1791222913.741017}
{"part": "image_confirmatory", "done": 403, "total": 1092, "failed": 0, "last_update": 1791222917.2038558}
{"part": "image_confirmatory", "done": 404, "total": 1092, "failed": 0, "last_update": 1791222920.472188}
{"part": "image_confirmatory", "done": 405, "total": 1092, "failed": 0, "last_update": 1791222926.639019}
{"part": "image_confirmatory", "done": 406, "total": 1092, "failed": 0, "last_update": 1791222928.762084}
{"part": "image_confirmatory", "done": 407, "total": 1092, "failed": 0, "last_update": 1791222932.066965}
{"part": "image_confirmatory", "done": 408, "total": 1092, "failed": 0, "last_update": 1791222935.375648}
{"part": "image_confirmatory", "done": 409, "total": 1092, "failed": 0, "last_update": 1791222941.384532}
{"part": "image_confirmatory", "done": 410, "total": 1092, "failed": 0, "last_update": 1791222945.5177112}
{"part": "image_confirmatory", "done": 411, "total": 1092, "failed": 0, "last_update": 1791222948.934964}
{"part": "image_confirmatory", "done": 412, "total": 1092, "failed": 0, "last_update": 1791222950.261179}
{"part": "image_confirmatory", "done": 413, "total": 1092, "failed": 0, "last_update": 1791222956.5838232}
{"part": "image_confirmatory", "done": 414, "total": 1092, "failed": 0, "last_update": 1791222960.352349}
{"part": "image_confirmatory", "done": 415, "total": 1092, "failed": 0, "last_update": 1791222965.6977248}
{"part": "image_confirmatory", "done": 416, "total": 1092, "failed": 0, "last_update": 1791222965.966878}
{"part": "image_confirmatory", "done": 417, "total": 1092, "failed": 0, "last_update": 1791222973.5799942}
{"part": "image_confirmatory", "done": 418, "total": 1092, "failed": 0, "last_update": 1791222975.3255281}
{"part": "image_confirmatory", "done": 419, "total": 1092, "failed": 0, "last_update": 1791222980.570533}
{"part": "image_confirmatory", "done": 420, "total": 1092, "failed": 0, "last_update": 1791222982.7480488}
{"part": "image_confirmatory", "done": 421, "total": 1092, "failed": 0, "last_update": 1791222988.482421}
{"part": "image_confirmatory", "done": 422, "total": 1092, "failed": 0, "last_update": 1791222992.0363982}
{"part": "image_confirmatory", "done": 423, "total": 1092, "failed": 0, "last_update": 1791222995.51719}
{"part": "image_confirmatory", "done": 424, "total": 1092, "failed": 0, "last_update": 1791222997.702282}
{"part": "image_confirmatory", "done": 425, "total": 1092, "failed": 0, "last_update": 1791223003.373632}
{"part": "image_confirmatory", "done": 426, "total": 1092, "failed": 0, "last_update": 1791223007.159426}
{"part": "image_confirmatory", "done": 427, "total": 1092, "failed": 0, "last_update": 1791223012.1610081}
{"part": "image_confirmatory", "done": 428, "total": 1092, "failed": 0, "last_update": 1791223012.586248}
{"part": "image_confirmatory", "done": 429, "total": 1092, "failed": 0, "last_update": 1791223018.329407}
{"part": "image_confirmatory", "done": 430, "total": 1092, "failed": 0, "last_update": 1791223022.1256871}
{"part": "image_confirmatory", "done": 431, "total": 1092, "failed": 0, "last_update": 1791223027.532375}
{"part": "image_confirmatory", "done": 432, "total": 1092, "failed": 0, "last_update": 1791223028.97212}
{"part": "image_confirmatory", "done": 433, "total": 1092, "failed": 0, "last_update": 1791223033.141222}
{"part": "image_confirmatory", "done": 434, "total": 1092, "failed": 0, "last_update": 1791223037.1237671}
{"part": "image_confirmatory", "done": 435, "total": 1092, "failed": 0, "last_update": 1791223042.4702022}
{"part": "image_confirmatory", "done": 436, "total": 1092, "failed": 0, "last_update": 1791223044.058409}
{"part": "image_confirmatory", "done": 437, "total": 1092, "failed": 0, "last_update": 1791223048.110523}
{"part": "image_confirmatory", "done": 438, "total": 1092, "failed": 0, "last_update": 1791223053.746677}
{"part": "image_confirmatory", "done": 439, "total": 1092, "failed": 0, "last_update": 1791223058.9239528}
{"part": "image_confirmatory", "done": 440, "total": 1092, "failed": 0, "last_update": 1791223059.285134}
{"part": "image_confirmatory", "done": 441, "total": 1092, "failed": 0, "last_update": 1791223062.951108}
{"part": "image_confirmatory", "done": 442, "total": 1092, "failed": 0, "last_update": 1791223070.480312}
{"part": "image_confirmatory", "done": 443, "total": 1092, "failed": 0, "last_update": 1791223073.8630579}
{"part": "image_confirmatory", "done": 444, "total": 1092, "failed": 0, "last_update": 1791223075.831551}
{"part": "image_confirmatory", "done": 445, "total": 1092, "failed": 0, "last_update": 1791223079.8184059}
{"part": "image_confirmatory", "done": 446, "total": 1092, "failed": 0, "last_update": 1791223085.250029}
{"part": "image_confirmatory", "done": 447, "total": 1092, "failed": 0, "last_update": 1791223088.95938}
{"part": "image_confirmatory", "done": 448, "total": 1092, "failed": 0, "last_update": 1791223090.767345}
{"part": "image_confirmatory", "done": 449, "total": 1092, "failed": 0, "last_update": 1791223096.795346}
{"part": "image_confirmatory", "done": 450, "total": 1092, "failed": 0, "last_update": 1791223100.5094972}
{"part": "image_confirmatory", "done": 451, "total": 1092, "failed": 0, "last_update": 1791223104.147258}
{"part": "image_confirmatory", "done": 452, "total": 1092, "failed": 0, "last_update": 1791223105.570107}
{"part": "image_confirmatory", "done": 453, "total": 1092, "failed": 0, "last_update": 1791223111.799173}
{"part": "image_confirmatory", "done": 454, "total": 1092, "failed": 0, "last_update": 1791223117.259383}
{"part": "image_confirmatory", "done": 455, "total": 1092, "failed": 0, "last_update": 1791223119.128153}
{"part": "image_confirmatory", "done": 456, "total": 1092, "failed": 0, "last_update": 1791223120.473231}
{"part": "image_confirmatory", "done": 457, "total": 1092, "failed": 0, "last_update": 1791223128.613621}
{"part": "image_confirmatory", "done": 458, "total": 1092, "failed": 0, "last_update": 1791223132.1641731}
{"part": "image_confirmatory", "done": 459, "total": 1092, "failed": 0, "last_update": 1791223134.150018}
{"part": "image_confirmatory", "done": 460, "total": 1092, "failed": 0, "last_update": 1791223135.3972402}
{"part": "image_confirmatory", "done": 461, "total": 1092, "failed": 0, "last_update": 1791223145.5032089}
{"part": "image_confirmatory", "done": 462, "total": 1092, "failed": 0, "last_update": 1791223147.110063}
{"part": "image_confirmatory", "done": 463, "total": 1092, "failed": 0, "last_update": 1791223149.1730309}
{"part": "image_confirmatory", "done": 464, "total": 1092, "failed": 0, "last_update": 1791223150.266782}
{"part": "image_confirmatory", "done": 465, "total": 1092, "failed": 0, "last_update": 1791223160.176457}
{"part": "image_confirmatory", "done": 466, "total": 1092, "failed": 0, "last_update": 1791223162.134778}
{"part": "image_confirmatory", "done": 467, "total": 1092, "failed": 0, "last_update": 1791223163.9620101}
{"part": "image_confirmatory", "done": 468, "total": 1092, "failed": 0, "last_update": 1791223165.153976}
{"part": "image_confirmatory", "done": 469, "total": 1092, "failed": 0, "last_update": 1791223175.221617}
{"part": "image_confirmatory", "done": 470, "total": 1092, "failed": 0, "last_update": 1791223177.022912}
{"part": "image_confirmatory", "done": 471, "total": 1092, "failed": 0, "last_update": 1791223180.2357671}
{"part": "image_confirmatory", "done": 472, "total": 1092, "failed": 0, "last_update": 1791223180.971812}
{"part": "image_confirmatory", "done": 473, "total": 1092, "failed": 0, "last_update": 1791223190.125271}
{"part": "image_confirmatory", "done": 474, "total": 1092, "failed": 0, "last_update": 1791223193.76}
{"part": "image_confirmatory", "done": 475, "total": 1092, "failed": 0, "last_update": 1791223195.070091}
{"part": "image_confirmatory", "done": 476, "total": 1092, "failed": 0, "last_update": 1791223195.8907578}
{"part": "image_confirmatory", "done": 477, "total": 1092, "failed": 0, "last_update": 1791223205.02981}
{"part": "image_confirmatory", "done": 478, "total": 1092, "failed": 0, "last_update": 1791223208.8063948}
{"part": "image_confirmatory", "done": 479, "total": 1092, "failed": 0, "last_update": 1791223209.848835}
{"part": "image_confirmatory", "done": 480, "total": 1092, "failed": 0, "last_update": 1791223210.705848}
{"part": "image_confirmatory", "done": 481, "total": 1092, "failed": 0, "last_update": 1791223221.941207}
{"part": "image_confirmatory", "done": 482, "total": 1092, "failed": 0, "last_update": 1791223223.873618}
{"part": "image_confirmatory", "done": 483, "total": 1092, "failed": 0, "last_update": 1791223225.044121}
{"part": "image_confirmatory", "done": 484, "total": 1092, "failed": 0, "last_update": 1791223225.56777}
{"part": "image_confirmatory", "done": 485, "total": 1092, "failed": 0, "last_update": 1791223239.047555}
{"part": "image_confirmatory", "done": 486, "total": 1092, "failed": 0, "last_update": 1791223239.141536}
{"part": "image_confirmatory", "done": 487, "total": 1092, "failed": 0, "last_update": 1791223240.7958558}
{"part": "image_confirmatory", "done": 488, "total": 1092, "failed": 0, "last_update": 1791223242.379972}
{"part": "image_confirmatory", "done": 489, "total": 1092, "failed": 0, "last_update": 1791223254.472199}
{"part": "image_confirmatory", "done": 490, "total": 1092, "failed": 0, "last_update": 1791223254.595957}
{"part": "image_confirmatory", "done": 491, "total": 1092, "failed": 0, "last_update": 1791223255.93404}
{"part": "image_confirmatory", "done": 492, "total": 1092, "failed": 0, "last_update": 1791223257.3473}
{"part": "image_confirmatory", "done": 493, "total": 1092, "failed": 0, "last_update": 1791223269.360569}
{"part": "image_confirmatory", "done": 494, "total": 1092, "failed": 0, "last_update": 1791223269.558476}
{"part": "image_confirmatory", "done": 495, "total": 1092, "failed": 0, "last_update": 1791223271.020534}
{"part": "image_confirmatory", "done": 496, "total": 1092, "failed": 0, "last_update": 1791223274.2893429}
{"part": "image_confirmatory", "done": 497, "total": 1092, "failed": 0, "last_update": 1791223284.281009}
{"part": "image_confirmatory", "done": 498, "total": 1092, "failed": 0, "last_update": 1791223284.4128041}
{"part": "image_confirmatory", "done": 499, "total": 1092, "failed": 0, "last_update": 1791223287.846163}
{"part": "image_confirmatory", "done": 500, "total": 1092, "failed": 0, "last_update": 1791223289.081764}
{"part": "image_confirmatory", "done": 501, "total": 1092, "failed": 0, "last_update": 1791223299.1451972}
{"part": "image_confirmatory", "done": 502, "total": 1092, "failed": 0, "last_update": 1791223299.199716}
{"part": "image_confirmatory", "done": 503, "total": 1092, "failed": 0, "last_update": 1791223303.3933408}
{"part": "image_confirmatory", "done": 504, "total": 1092, "failed": 0, "last_update": 1791223303.9426}
{"part": "image_confirmatory", "done": 505, "total": 1092, "failed": 0, "last_update": 1791223315.717796}
{"part": "image_confirmatory", "done": 506, "total": 1092, "failed": 0, "last_update": 1791223315.7606652}
{"part": "image_confirmatory", "done": 507, "total": 1092, "failed": 0, "last_update": 1791223318.4121442}
{"part": "image_confirmatory", "done": 508, "total": 1092, "failed": 0, "last_update": 1791223320.624511}
{"part": "image_confirmatory", "done": 509, "total": 1092, "failed": 0, "last_update": 1791223330.463573}
{"part": "image_confirmatory", "done": 510, "total": 1092, "failed": 0, "last_update": 1791223330.694012}
{"part": "image_confirmatory", "done": 511, "total": 1092, "failed": 0, "last_update": 1791223333.4124138}
{"part": "image_confirmatory", "done": 512, "total": 1092, "failed": 0, "last_update": 1791223337.18171}
{"part": "image_confirmatory", "done": 513, "total": 1092, "failed": 0, "last_update": 1791223345.588864}
{"part": "image_confirmatory", "done": 514, "total": 1092, "failed": 0, "last_update": 1791223347.120548}
{"part": "image_confirmatory", "done": 515, "total": 1092, "failed": 0, "last_update": 1791223350.00878}
{"part": "image_confirmatory", "done": 516, "total": 1092, "failed": 0, "last_update": 1791223353.8270211}
{"part": "image_confirmatory", "done": 517, "total": 1092, "failed": 0, "last_update": 1791223360.296745}
{"part": "image_confirmatory", "done": 518, "total": 1092, "failed": 0, "last_update": 1791223363.959334}
{"part": "image_confirmatory", "done": 519, "total": 1092, "failed": 0, "last_update": 1791223364.947715}
{"part": "image_confirmatory", "done": 520, "total": 1092, "failed": 0, "last_update": 1791223368.667248}
{"part": "image_confirmatory", "done": 521, "total": 1092, "failed": 0, "last_update": 1791223375.204138}
{"part": "image_confirmatory", "done": 522, "total": 1092, "failed": 0, "last_update": 1791223379.0149262}
{"part": "image_confirmatory", "done": 523, "total": 1092, "failed": 0, "last_update": 1791223379.814764}
{"part": "image_confirmatory", "done": 524, "total": 1092, "failed": 0, "last_update": 1791223383.6761029}
{"part": "image_confirmatory", "done": 525, "total": 1092, "failed": 0, "last_update": 1791223390.288924}
{"part": "image_confirmatory", "done": 526, "total": 1092, "failed": 0, "last_update": 1791223393.8328588}
{"part": "image_confirmatory", "done": 527, "total": 1092, "failed": 0, "last_update": 1791223394.712339}
{"part": "image_confirmatory", "done": 528, "total": 1092, "failed": 0, "last_update": 1791223398.775606}
{"part": "image_confirmatory", "done": 529, "total": 1092, "failed": 0, "last_update": 1791223407.131756}
{"part": "image_confirmatory", "done": 530, "total": 1092, "failed": 0, "last_update": 1791223409.476585}
{"part": "image_confirmatory", "done": 531, "total": 1092, "failed": 0, "last_update": 1791223410.647857}
{"part": "image_confirmatory", "done": 532, "total": 1092, "failed": 0, "last_update": 1791223413.855455}
{"part": "image_confirmatory", "done": 533, "total": 1092, "failed": 0, "last_update": 1791223422.150198}
{"part": "image_confirmatory", "done": 534, "total": 1092, "failed": 0, "last_update": 1791223424.508725}
{"part": "image_confirmatory", "done": 535, "total": 1092, "failed": 0, "last_update": 1791223425.7713542}
{"part": "image_confirmatory", "done": 536, "total": 1092, "failed": 0, "last_update": 1791223428.9185112}
{"part": "image_confirmatory", "done": 537, "total": 1092, "failed": 0, "last_update": 1791223437.0335019}
{"part": "image_confirmatory", "done": 538, "total": 1092, "failed": 0, "last_update": 1791223439.424483}
{"part": "image_confirmatory", "done": 539, "total": 1092, "failed": 0, "last_update": 1791223440.690259}
{"part": "image_confirmatory", "done": 540, "total": 1092, "failed": 0, "last_update": 1791223445.742342}
{"part": "image_confirmatory", "done": 541, "total": 1092, "failed": 0, "last_update": 1791223452.409441}
{"part": "image_confirmatory", "done": 542, "total": 1092, "failed": 0, "last_update": 1791223454.532351}
{"part": "image_confirmatory", "done": 543, "total": 1092, "failed": 0, "last_update": 1791223457.539475}
{"part": "image_confirmatory", "done": 544, "total": 1092, "failed": 0, "last_update": 1791223460.7625458}
{"part": "image_confirmatory", "done": 545, "total": 1092, "failed": 0, "last_update": 1791223467.390246}
{"part": "image_confirmatory", "done": 546, "total": 1092, "failed": 0, "last_update": 1791223469.4865978}
{"part": "image_confirmatory", "done": 547, "total": 1092, "failed": 0, "last_update": 1791223474.476487}
{"part": "image_confirmatory", "done": 548, "total": 1092, "failed": 0, "last_update": 1791223475.824137}
{"part": "image_confirmatory", "done": 549, "total": 1092, "failed": 0, "last_update": 1791223484.077195}
{"part": "image_confirmatory", "done": 550, "total": 1092, "failed": 0, "last_update": 1791223484.324262}
{"part": "image_confirmatory", "done": 551, "total": 1092, "failed": 0, "last_update": 1791223489.574755}
{"part": "image_confirmatory", "done": 552, "total": 1092, "failed": 0, "last_update": 1791223490.734377}
{"part": "image_confirmatory", "done": 553, "total": 1092, "failed": 0, "last_update": 1791223499.112936}
{"part": "image_confirmatory", "done": 554, "total": 1092, "failed": 0, "last_update": 1791223499.174665}
{"part": "image_confirmatory", "done": 555, "total": 1092, "failed": 0, "last_update": 1791223506.212161}
{"part": "image_confirmatory", "done": 556, "total": 1092, "failed": 0, "last_update": 1791223507.414568}
{"part": "image_confirmatory", "done": 557, "total": 1092, "failed": 0, "last_update": 1791223514.083812}
{"part": "image_confirmatory", "done": 558, "total": 1092, "failed": 0, "last_update": 1791223515.94768}
{"part": "image_confirmatory", "done": 559, "total": 1092, "failed": 0, "last_update": 1791223521.1592782}
{"part": "image_confirmatory", "done": 560, "total": 1092, "failed": 0, "last_update": 1791223522.3195012}
{"part": "image_confirmatory", "done": 561, "total": 1092, "failed": 0, "last_update": 1791223529.005121}
{"part": "image_confirmatory", "done": 562, "total": 1092, "failed": 0, "last_update": 1791223532.697593}
{"part": "image_confirmatory", "done": 563, "total": 1092, "failed": 0, "last_update": 1791223535.9534998}
{"part": "image_confirmatory", "done": 564, "total": 1092, "failed": 0, "last_update": 1791223537.110581}
{"part": "image_confirmatory", "done": 565, "total": 1092, "failed": 0, "last_update": 1791223543.796567}
{"part": "image_confirmatory", "done": 566, "total": 1092, "failed": 0, "last_update": 1791223549.4460092}
{"part": "image_confirmatory", "done": 567, "total": 1092, "failed": 0, "last_update": 1791223550.6511989}
{"part": "image_confirmatory", "done": 568, "total": 1092, "failed": 0, "last_update": 1791223552.211505}
{"part": "image_confirmatory", "done": 569, "total": 1092, "failed": 0, "last_update": 1791223558.7861109}
{"part": "image_confirmatory", "done": 570, "total": 1092, "failed": 0, "last_update": 1791223566.161821}
{"part": "image_confirmatory", "done": 571, "total": 1092, "failed": 0, "last_update": 1791223567.1962602}
{"part": "image_confirmatory", "done": 572, "total": 1092, "failed": 0, "last_update": 1791223567.441301}
{"part": "image_confirmatory", "done": 573, "total": 1092, "failed": 0, "last_update": 1791223575.466034}
{"part": "image_confirmatory", "done": 574, "total": 1092, "failed": 0, "last_update": 1791223580.994897}
{"part": "image_confirmatory", "done": 575, "total": 1092, "failed": 0, "last_update": 1791223581.84834}
{"part": "image_confirmatory", "done": 576, "total": 1092, "failed": 0, "last_update": 1791223582.216037}
{"part": "image_confirmatory", "done": 577, "total": 1092, "failed": 0, "last_update": 1791223592.193099}
{"part": "image_confirmatory", "done": 578, "total": 1092, "failed": 0, "last_update": 1791223595.6481862}
{"part": "image_confirmatory", "done": 579, "total": 1092, "failed": 0, "last_update": 1791223597.182646}
{"part": "image_confirmatory", "done": 580, "total": 1092, "failed": 0, "last_update": 1791223598.3599958}
{"part": "image_confirmatory", "done": 581, "total": 1092, "failed": 0, "last_update": 1791223607.15257}
{"part": "image_confirmatory", "done": 582, "total": 1092, "failed": 0, "last_update": 1791223610.611468}
{"part": "image_confirmatory", "done": 583, "total": 1092, "failed": 0, "last_update": 1791223612.0179389}
{"part": "image_confirmatory", "done": 584, "total": 1092, "failed": 0, "last_update": 1791223613.259385}
{"part": "image_confirmatory", "done": 585, "total": 1092, "failed": 0, "last_update": 1791223622.19474}
{"part": "image_confirmatory", "done": 586, "total": 1092, "failed": 0, "last_update": 1791223641.445205}
{"part": "image_confirmatory", "done": 587, "total": 1092, "failed": 0, "last_update": 1791223642.511623}
{"part": "image_confirmatory", "done": 588, "total": 1092, "failed": 0, "last_update": 1791223649.325598}
{"part": "image_confirmatory", "done": 589, "total": 1092, "failed": 0, "last_update": 1791223653.001463}
{"part": "image_confirmatory", "done": 590, "total": 1092, "failed": 0, "last_update": 1791223672.709379}
{"part": "image_confirmatory", "done": 591, "total": 1092, "failed": 0, "last_update": 1791223673.1459079}
{"part": "image_confirmatory", "done": 592, "total": 1092, "failed": 0, "last_update": 1791223680.182079}
{"part": "image_confirmatory", "done": 593, "total": 1092, "failed": 0, "last_update": 1791223683.466424}
{"part": "image_confirmatory", "done": 594, "total": 1092, "failed": 0, "last_update": 1791223703.740298}
{"part": "image_confirmatory", "done": 595, "total": 1092, "failed": 0, "last_update": 1791223708.352015}
{"part": "image_confirmatory", "done": 596, "total": 1092, "failed": 0, "last_update": 1791223710.960535}
{"part": "image_confirmatory", "done": 597, "total": 1092, "failed": 0, "last_update": 1791223714.1676002}
{"part": "image_confirmatory", "done": 598, "total": 1092, "failed": 0, "last_update": 1791223739.086878}
{"part": "image_confirmatory", "done": 599, "total": 1092, "failed": 0, "last_update": 1791223739.270514}
{"part": "image_confirmatory", "done": 600, "total": 1092, "failed": 0, "last_update": 1791223741.595701}
{"part": "image_confirmatory", "done": 601, "total": 1092, "failed": 0, "last_update": 1791223749.430579}
{"part": "image_confirmatory", "done": 602, "total": 1092, "failed": 0, "last_update": 1791223769.575765}
{"part": "image_confirmatory", "done": 603, "total": 1092, "failed": 0, "last_update": 1791223770.147785}
{"part": "image_confirmatory", "done": 604, "total": 1092, "failed": 0, "last_update": 1791223772.31894}
{"part": "image_confirmatory", "done": 605, "total": 1092, "failed": 0, "last_update": 1791223780.400779}
{"part": "image_confirmatory", "done": 606, "total": 1092, "failed": 0, "last_update": 1791223800.693493}
{"part": "image_confirmatory", "done": 607, "total": 1092, "failed": 0, "last_update": 1791223800.888598}
{"part": "image_confirmatory", "done": 608, "total": 1092, "failed": 0, "last_update": 1791223802.798296}
{"part": "image_confirmatory", "done": 609, "total": 1092, "failed": 0, "last_update": 1791223810.752609}
{"part": "image_confirmatory", "done": 610, "total": 1092, "failed": 0, "last_update": 1791223831.100461}
{"part": "image_confirmatory", "done": 611, "total": 1092, "failed": 0, "last_update": 1791223831.388951}
{"part": "image_confirmatory", "done": 612, "total": 1092, "failed": 0, "last_update": 1791223838.4494898}
{"part": "image_confirmatory", "done": 613, "total": 1092, "failed": 0, "last_update": 1791223840.982862}
{"part": "image_confirmatory", "done": 614, "total": 1092, "failed": 0, "last_update": 1791223862.259032}
{"part": "image_confirmatory", "done": 615, "total": 1092, "failed": 0, "last_update": 1791223862.335584}
{"part": "image_confirmatory", "done": 616, "total": 1092, "failed": 0, "last_update": 1791223871.7631848}
{"part": "image_confirmatory", "done": 617, "total": 1092, "failed": 0, "last_update": 1791223874.111729}
{"part": "image_confirmatory", "done": 618, "total": 1092, "failed": 0, "last_update": 1791223893.183763}
{"part": "image_confirmatory", "done": 619, "total": 1092, "failed": 0, "last_update": 1791223898.0630012}
{"part": "image_confirmatory", "done": 620, "total": 1092, "failed": 0, "last_update": 1791223907.2983098}
{"part": "image_confirmatory", "done": 621, "total": 1092, "failed": 0, "last_update": 1791223909.334542}
{"part": "image_confirmatory", "done": 622, "total": 1092, "failed": 0, "last_update": 1791223924.482025}
{"part": "image_confirmatory", "done": 623, "total": 1092, "failed": 0, "last_update": 1791223928.7997708}
{"part": "image_confirmatory", "done": 624, "total": 1092, "failed": 0, "last_update": 1791223938.2098072}
{"part": "image_confirmatory", "done": 625, "total": 1092, "failed": 0, "last_update": 1791223941.633787}
{"part": "image_confirmatory", "done": 626, "total": 1092, "failed": 0, "last_update": 1791223956.487013}
{"part": "image_confirmatory", "done": 627, "total": 1092, "failed": 0, "last_update": 1791223968.546995}
{"part": "image_confirmatory", "done": 628, "total": 1092, "failed": 0, "last_update": 1791223971.0851898}
{"part": "image_confirmatory", "done": 629, "total": 1092, "failed": 0, "last_update": 1791223973.762781}
{"part": "image_confirmatory", "done": 630, "total": 1092, "failed": 0, "last_update": 1791223996.013227}
{"part": "image_confirmatory", "done": 631, "total": 1092, "failed": 0, "last_update": 1791224002.623959}
{"part": "image_confirmatory", "done": 632, "total": 1092, "failed": 0, "last_update": 1791224007.685406}
{"part": "image_confirmatory", "done": 633, "total": 1092, "failed": 0, "last_update": 1791224012.781813}
{"part": "image_confirmatory", "done": 634, "total": 1092, "failed": 0, "last_update": 1791224028.5256152}
{"part": "image_confirmatory", "done": 635, "total": 1092, "failed": 0, "last_update": 1791224034.529184}
{"part": "image_confirmatory", "done": 636, "total": 1092, "failed": 0, "last_update": 1791224039.5085561}
{"part": "image_confirmatory", "done": 637, "total": 1092, "failed": 0, "last_update": 1791224044.9528708}
{"part": "image_confirmatory", "done": 638, "total": 1092, "failed": 0, "last_update": 1791224066.526603}
{"part": "image_confirmatory", "done": 639, "total": 1092, "failed": 0, "last_update": 1791224067.779891}
{"part": "image_confirmatory", "done": 640, "total": 1092, "failed": 0, "last_update": 1791224071.5869188}
{"part": "image_confirmatory", "done": 641, "total": 1092, "failed": 0, "last_update": 1791224076.984124}
{"part": "image_confirmatory", "done": 642, "total": 1092, "failed": 0, "last_update": 1791224098.679611}
{"part": "image_confirmatory", "done": 643, "total": 1092, "failed": 0, "last_update": 1791224106.874791}
{"part": "image_confirmatory", "done": 644, "total": 1092, "failed": 0, "last_update": 1791224110.7235892}
{"part": "image_confirmatory", "done": 645, "total": 1092, "failed": 0, "last_update": 1791224116.284866}
{"part": "image_confirmatory", "done": 646, "total": 1092, "failed": 0, "last_update": 1791224137.717115}
{"part": "image_confirmatory", "done": 647, "total": 1092, "failed": 0, "last_update": 1791224138.895647}
{"part": "image_confirmatory", "done": 648, "total": 1092, "failed": 0, "last_update": 1791224150.032928}
{"part": "image_confirmatory", "done": 649, "total": 1092, "failed": 0, "last_update": 1791224155.393495}
{"part": "image_confirmatory", "done": 650, "total": 1092, "failed": 0, "last_update": 1791224170.038399}
{"part": "image_confirmatory", "done": 651, "total": 1092, "failed": 0, "last_update": 1791224170.859709}
{"part": "image_confirmatory", "done": 652, "total": 1092, "failed": 0, "last_update": 1791224189.211894}
{"part": "image_confirmatory", "done": 653, "total": 1092, "failed": 0, "last_update": 1791224194.4446762}
{"part": "image_confirmatory", "done": 654, "total": 1092, "failed": 0, "last_update": 1791224201.9822562}
{"part": "image_confirmatory", "done": 655, "total": 1092, "failed": 0, "last_update": 1791224210.254997}
{"part": "image_confirmatory", "done": 656, "total": 1092, "failed": 0, "last_update": 1791224221.7060852}
{"part": "image_confirmatory", "done": 657, "total": 1092, "failed": 0, "last_update": 1791224233.699829}
{"part": "image_confirmatory", "done": 658, "total": 1092, "failed": 0, "last_update": 1791224233.847175}
{"part": "image_confirmatory", "done": 659, "total": 1092, "failed": 0, "last_update": 1791224242.250259}
{"part": "image_confirmatory", "done": 660, "total": 1092, "failed": 0, "last_update": 1791224253.621145}
{"part": "image_confirmatory", "done": 661, "total": 1092, "failed": 0, "last_update": 1791224265.43217}
{"part": "image_confirmatory", "done": 662, "total": 1092, "failed": 0, "last_update": 1791224270.366098}
{"part": "image_confirmatory", "done": 663, "total": 1092, "failed": 0, "last_update": 1791224273.195019}
{"part": "image_confirmatory", "done": 664, "total": 1092, "failed": 0, "last_update": 1791224274.401886}
{"part": "image_confirmatory", "done": 665, "total": 1092, "failed": 0, "last_update": 1791224282.258819}
{"part": "image_confirmatory", "done": 666, "total": 1092, "failed": 0, "last_update": 1791224285.2483468}
{"part": "image_confirmatory", "done": 667, "total": 1092, "failed": 0, "last_update": 1791224288.4482229}
{"part": "image_confirmatory", "done": 668, "total": 1092, "failed": 0, "last_update": 1791224289.7629418}
{"part": "image_confirmatory", "done": 669, "total": 1092, "failed": 0, "last_update": 1791224297.1342652}
{"part": "image_confirmatory", "done": 670, "total": 1092, "failed": 0, "last_update": 1791224300.166512}
{"part": "image_confirmatory", "done": 671, "total": 1092, "failed": 0, "last_update": 1791224303.383003}
{"part": "image_confirmatory", "done": 672, "total": 1092, "failed": 0, "last_update": 1791224304.765886}
{"part": "image_confirmatory", "done": 673, "total": 1092, "failed": 0, "last_update": 1791224312.1230772}
{"part": "image_confirmatory", "done": 674, "total": 1092, "failed": 0, "last_update": 1791224315.1995509}
{"part": "image_confirmatory", "done": 675, "total": 1092, "failed": 0, "last_update": 1791224318.332055}
{"part": "image_confirmatory", "done": 676, "total": 1092, "failed": 0, "last_update": 1791224319.531638}
{"part": "image_confirmatory", "done": 677, "total": 1092, "failed": 0, "last_update": 1791224327.0111308}
{"part": "image_confirmatory", "done": 678, "total": 1092, "failed": 0, "last_update": 1791224330.02092}
{"part": "image_confirmatory", "done": 679, "total": 1092, "failed": 0, "last_update": 1791224333.129519}
{"part": "image_confirmatory", "done": 680, "total": 1092, "failed": 0, "last_update": 1791224334.460727}
{"part": "image_confirmatory", "done": 681, "total": 1092, "failed": 0, "last_update": 1791224341.920304}
{"part": "image_confirmatory", "done": 682, "total": 1092, "failed": 0, "last_update": 1791224344.966042}
{"part": "image_confirmatory", "done": 683, "total": 1092, "failed": 0, "last_update": 1791224348.0371451}
{"part": "image_confirmatory", "done": 684, "total": 1092, "failed": 0, "last_update": 1791224351.130653}
{"part": "image_confirmatory", "done": 685, "total": 1092, "failed": 0, "last_update": 1791224356.7829518}
{"part": "image_confirmatory", "done": 686, "total": 1092, "failed": 0, "last_update": 1791224360.003753}
{"part": "image_confirmatory", "done": 687, "total": 1092, "failed": 0, "last_update": 1791224363.145599}
{"part": "image_confirmatory", "done": 688, "total": 1092, "failed": 0, "last_update": 1791224366.217328}
{"part": "image_confirmatory", "done": 689, "total": 1092, "failed": 0, "last_update": 1791224371.658622}
{"part": "image_confirmatory", "done": 690, "total": 1092, "failed": 0, "last_update": 1791224375.1197262}
{"part": "image_confirmatory", "done": 691, "total": 1092, "failed": 0, "last_update": 1791224379.836382}
{"part": "image_confirmatory", "done": 692, "total": 1092, "failed": 0, "last_update": 1791224382.866121}
{"part": "image_confirmatory", "done": 693, "total": 1092, "failed": 0, "last_update": 1791224386.557565}
{"part": "image_confirmatory", "done": 694, "total": 1092, "failed": 0, "last_update": 1791224390.078044}
{"part": "image_confirmatory", "done": 695, "total": 1092, "failed": 0, "last_update": 1791224394.819079}
{"part": "image_confirmatory", "done": 696, "total": 1092, "failed": 0, "last_update": 1791224397.907329}
{"part": "image_confirmatory", "done": 697, "total": 1092, "failed": 0, "last_update": 1791224401.4566882}
{"part": "image_confirmatory", "done": 698, "total": 1092, "failed": 0, "last_update": 1791224405.070393}
{"part": "image_confirmatory", "done": 699, "total": 1092, "failed": 0, "last_update": 1791224409.5267289}
{"part": "image_confirmatory", "done": 700, "total": 1092, "failed": 0, "last_update": 1791224414.644829}
{"part": "image_confirmatory", "done": 701, "total": 1092, "failed": 0, "last_update": 1791224418.308523}
{"part": "image_confirmatory", "done": 702, "total": 1092, "failed": 0, "last_update": 1791224420.120874}
{"part": "image_confirmatory", "done": 703, "total": 1092, "failed": 0, "last_update": 1791224426.381715}
{"part": "image_confirmatory", "done": 704, "total": 1092, "failed": 0, "last_update": 1791224429.644841}
{"part": "image_confirmatory", "done": 705, "total": 1092, "failed": 0, "last_update": 1791224435.10143}
{"part": "image_confirmatory", "done": 706, "total": 1092, "failed": 0, "last_update": 1791224435.2676291}
{"part": "image_confirmatory", "done": 707, "total": 1092, "failed": 0, "last_update": 1791224441.419188}
{"part": "image_confirmatory", "done": 708, "total": 1092, "failed": 0, "last_update": 1791224444.4863842}
{"part": "image_confirmatory", "done": 709, "total": 1092, "failed": 0, "last_update": 1791224450.0031092}
{"part": "image_confirmatory", "done": 710, "total": 1092, "failed": 0, "last_update": 1791224450.075}
{"part": "image_confirmatory", "done": 711, "total": 1092, "failed": 0, "last_update": 1791224456.364321}
{"part": "image_confirmatory", "done": 712, "total": 1092, "failed": 0, "last_update": 1791224459.219844}
{"part": "image_confirmatory", "done": 713, "total": 1092, "failed": 0, "last_update": 1791224466.751009}
{"part": "image_confirmatory", "done": 714, "total": 1092, "failed": 0, "last_update": 1791224466.800367}
{"part": "image_confirmatory", "done": 715, "total": 1092, "failed": 0, "last_update": 1791224471.173304}
{"part": "image_confirmatory", "done": 716, "total": 1092, "failed": 0, "last_update": 1791224474.334589}
{"part": "image_confirmatory", "done": 717, "total": 1092, "failed": 0, "last_update": 1791224481.621817}
{"part": "image_confirmatory", "done": 718, "total": 1092, "failed": 0, "last_update": 1791224481.679502}
{"part": "image_confirmatory", "done": 719, "total": 1092, "failed": 0, "last_update": 1791224486.2777731}
{"part": "image_confirmatory", "done": 720, "total": 1092, "failed": 0, "last_update": 1791224489.391516}
{"part": "image_confirmatory", "done": 721, "total": 1092, "failed": 0, "last_update": 1791224496.5550022}
{"part": "image_confirmatory", "done": 722, "total": 1092, "failed": 0, "last_update": 1791224496.5563269}
{"part": "image_confirmatory", "done": 723, "total": 1092, "failed": 0, "last_update": 1791224501.049773}
{"part": "image_confirmatory", "done": 724, "total": 1092, "failed": 0, "last_update": 1791224504.211999}
{"part": "image_confirmatory", "done": 725, "total": 1092, "failed": 0, "last_update": 1791224511.520594}
{"part": "image_confirmatory", "done": 726, "total": 1092, "failed": 0, "last_update": 1791224511.559979}
{"part": "image_confirmatory", "done": 727, "total": 1092, "failed": 0, "last_update": 1791224516.3769999}
{"part": "image_confirmatory", "done": 728, "total": 1092, "failed": 0, "last_update": 1791224519.181063}
{"part": "image_confirmatory", "done": 729, "total": 1092, "failed": 0, "last_update": 1791224528.333503}
{"part": "image_confirmatory", "done": 730, "total": 1092, "failed": 0, "last_update": 1791224528.359735}
{"part": "image_confirmatory", "done": 731, "total": 1092, "failed": 0, "last_update": 1791224531.346401}
{"part": "image_confirmatory", "done": 732, "total": 1092, "failed": 0, "last_update": 1791224534.190666}
{"part": "image_confirmatory", "done": 733, "total": 1092, "failed": 0, "last_update": 1791224543.434725}
{"part": "image_confirmatory", "done": 734, "total": 1092, "failed": 0, "last_update": 1791224545.03767}
{"part": "image_confirmatory", "done": 735, "total": 1092, "failed": 0, "last_update": 1791224548.218567}
{"part": "image_confirmatory", "done": 736, "total": 1092, "failed": 0, "last_update": 1791224549.187268}
{"part": "image_confirmatory", "done": 737, "total": 1092, "failed": 0, "last_update": 1791224559.880225}
{"part": "image_confirmatory", "done": 738, "total": 1092, "failed": 0, "last_update": 1791224560.358538}
{"part": "image_confirmatory", "done": 739, "total": 1092, "failed": 0, "last_update": 1791224562.989443}
{"part": "image_confirmatory", "done": 740, "total": 1092, "failed": 0, "last_update": 1791224564.132936}
{"part": "image_confirmatory", "done": 741, "total": 1092, "failed": 0, "last_update": 1791224574.7841809}
{"part": "image_confirmatory", "done": 742, "total": 1092, "failed": 0, "last_update": 1791224575.4738078}
{"part": "image_confirmatory", "done": 743, "total": 1092, "failed": 0, "last_update": 1791224579.118602}
{"part": "image_confirmatory", "done": 744, "total": 1092, "failed": 0, "last_update": 1791224579.832483}
{"part": "image_confirmatory", "done": 745, "total": 1092, "failed": 0, "last_update": 1791224589.8204648}
{"part": "image_confirmatory", "done": 746, "total": 1092, "failed": 0, "last_update": 1791224590.234624}
{"part": "image_confirmatory", "done": 747, "total": 1092, "failed": 0, "last_update": 1791224594.050804}
{"part": "image_confirmatory", "done": 748, "total": 1092, "failed": 0, "last_update": 1791224594.659081}
{"part": "image_confirmatory", "done": 749, "total": 1092, "failed": 0, "last_update": 1791224604.6616168}
{"part": "image_confirmatory", "done": 750, "total": 1092, "failed": 0, "last_update": 1791224605.31898}
{"part": "image_confirmatory", "done": 751, "total": 1092, "failed": 0, "last_update": 1791224608.962272}
{"part": "image_confirmatory", "done": 752, "total": 1092, "failed": 0, "last_update": 1791224609.600062}
{"part": "image_confirmatory", "done": 753, "total": 1092, "failed": 0, "last_update": 1791224619.769678}
{"part": "image_confirmatory", "done": 754, "total": 1092, "failed": 0, "last_update": 1791224620.1446872}
{"part": "image_confirmatory", "done": 755, "total": 1092, "failed": 0, "last_update": 1791224623.997687}
{"part": "image_confirmatory", "done": 756, "total": 1092, "failed": 0, "last_update": 1791224624.7461472}
{"part": "image_confirmatory", "done": 757, "total": 1092, "failed": 0, "last_update": 1791224634.903525}
{"part": "image_confirmatory", "done": 758, "total": 1092, "failed": 0, "last_update": 1791224634.9456482}
{"part": "image_confirmatory", "done": 759, "total": 1092, "failed": 0, "last_update": 1791224638.8397849}
{"part": "image_confirmatory", "done": 760, "total": 1092, "failed": 0, "last_update": 1791224641.1605031}
{"part": "image_confirmatory", "done": 761, "total": 1092, "failed": 0, "last_update": 1791224649.664316}
{"part": "image_confirmatory", "done": 762, "total": 1092, "failed": 0, "last_update": 1791224651.713793}
{"part": "image_confirmatory", "done": 763, "total": 1092, "failed": 0, "last_update": 1791224655.426014}
{"part": "image_confirmatory", "done": 764, "total": 1092, "failed": 0, "last_update": 1791224656.267387}
{"part": "image_confirmatory", "done": 765, "total": 1092, "failed": 0, "last_update": 1791224664.710407}
{"part": "image_confirmatory", "done": 766, "total": 1092, "failed": 0, "last_update": 1791224668.516872}
{"part": "image_confirmatory", "done": 767, "total": 1092, "failed": 0, "last_update": 1791224671.096141}
{"part": "image_confirmatory", "done": 768, "total": 1092, "failed": 0, "last_update": 1791224672.276717}
{"part": "image_confirmatory", "done": 769, "total": 1092, "failed": 0, "last_update": 1791224679.603157}
{"part": "image_confirmatory", "done": 770, "total": 1092, "failed": 0, "last_update": 1791224683.7411442}
{"part": "image_confirmatory", "done": 771, "total": 1092, "failed": 0, "last_update": 1791224687.087775}
{"part": "image_confirmatory", "done": 772, "total": 1092, "failed": 0, "last_update": 1791224688.019316}
{"part": "image_confirmatory", "done": 773, "total": 1092, "failed": 0, "last_update": 1791224694.6680691}
{"part": "image_confirmatory", "done": 774, "total": 1092, "failed": 0, "last_update": 1791224700.7700028}
{"part": "image_confirmatory", "done": 775, "total": 1092, "failed": 0, "last_update": 1791224702.349061}
{"part": "image_confirmatory", "done": 776, "total": 1092, "failed": 0, "last_update": 1791224702.96994}
{"part": "image_confirmatory", "done": 777, "total": 1092, "failed": 0, "last_update": 1791224709.462739}
{"part": "image_confirmatory", "done": 778, "total": 1092, "failed": 0, "last_update": 1791224717.2100601}
{"part": "image_confirmatory", "done": 779, "total": 1092, "failed": 0, "last_update": 1791224717.43029}
{"part": "image_confirmatory", "done": 780, "total": 1092, "failed": 0, "last_update": 1791224719.750294}
{"part": "image_confirmatory", "done": 781, "total": 1092, "failed": 0, "last_update": 1791224724.766929}
{"part": "image_confirmatory", "done": 782, "total": 1092, "failed": 0, "last_update": 1791224731.876989}
{"part": "image_confirmatory", "done": 783, "total": 1092, "failed": 0, "last_update": 1791224732.1787388}
{"part": "image_confirmatory", "done": 784, "total": 1092, "failed": 0, "last_update": 1791224734.6311219}
{"part": "image_confirmatory", "done": 785, "total": 1092, "failed": 0, "last_update": 1791224741.659979}
{"part": "image_confirmatory", "done": 786, "total": 1092, "failed": 0, "last_update": 1791224746.740124}
{"part": "image_confirmatory", "done": 787, "total": 1092, "failed": 0, "last_update": 1791224746.860257}
{"part": "image_confirmatory", "done": 788, "total": 1092, "failed": 0, "last_update": 1791224749.7446558}
{"part": "image_confirmatory", "done": 789, "total": 1092, "failed": 0, "last_update": 1791224758.35609}
{"part": "image_confirmatory", "done": 790, "total": 1092, "failed": 0, "last_update": 1791224761.58019}
{"part": "image_confirmatory", "done": 791, "total": 1092, "failed": 0, "last_update": 1791224761.894721}
{"part": "image_confirmatory", "done": 792, "total": 1092, "failed": 0, "last_update": 1791224764.721694}
{"part": "image_confirmatory", "done": 793, "total": 1092, "failed": 0, "last_update": 1791224773.20116}
{"part": "image_confirmatory", "done": 794, "total": 1092, "failed": 0, "last_update": 1791224776.470606}
{"part": "image_confirmatory", "done": 795, "total": 1092, "failed": 0, "last_update": 1791224777.067009}
{"part": "image_confirmatory", "done": 796, "total": 1092, "failed": 0, "last_update": 1791224781.717576}
{"part": "image_confirmatory", "done": 797, "total": 1092, "failed": 0, "last_update": 1791224788.060878}
{"part": "image_confirmatory", "done": 798, "total": 1092, "failed": 0, "last_update": 1791224791.445793}
{"part": "image_confirmatory", "done": 799, "total": 1092, "failed": 0, "last_update": 1791224792.127275}
{"part": "image_confirmatory", "done": 800, "total": 1092, "failed": 0, "last_update": 1791224798.601418}
{"part": "image_confirmatory", "done": 801, "total": 1092, "failed": 0, "last_update": 1791224803.1544561}
{"part": "image_confirmatory", "done": 802, "total": 1092, "failed": 0, "last_update": 1791224806.505055}
{"part": "image_confirmatory", "done": 803, "total": 1092, "failed": 0, "last_update": 1791224807.16078}
{"part": "image_confirmatory", "done": 804, "total": 1092, "failed": 0, "last_update": 1791224815.196718}
{"part": "image_confirmatory", "done": 805, "total": 1092, "failed": 0, "last_update": 1791224818.127362}
{"part": "image_confirmatory", "done": 806, "total": 1092, "failed": 0, "last_update": 1791224823.4072561}
{"part": "image_confirmatory", "done": 807, "total": 1092, "failed": 0, "last_update": 1791224823.959597}
{"part": "image_confirmatory", "done": 808, "total": 1092, "failed": 0, "last_update": 1791224830.0384698}
{"part": "image_confirmatory", "done": 809, "total": 1092, "failed": 0, "last_update": 1791224833.1015859}
{"part": "image_confirmatory", "done": 810, "total": 1092, "failed": 0, "last_update": 1791224838.722371}
{"part": "image_confirmatory", "done": 811, "total": 1092, "failed": 0, "last_update": 1791224840.2561338}
{"part": "image_confirmatory", "done": 812, "total": 1092, "failed": 0, "last_update": 1791224846.833739}
{"part": "image_confirmatory", "done": 813, "total": 1092, "failed": 0, "last_update": 1791224847.964576}
{"part": "image_confirmatory", "done": 814, "total": 1092, "failed": 0, "last_update": 1791224853.798817}
{"part": "image_confirmatory", "done": 815, "total": 1092, "failed": 0, "last_update": 1791224855.0654569}
{"part": "image_confirmatory", "done": 816, "total": 1092, "failed": 0, "last_update": 1791224861.849631}
{"part": "image_confirmatory", "done": 817, "total": 1092, "failed": 0, "last_update": 1791224863.059606}
{"part": "image_confirmatory", "done": 818, "total": 1092, "failed": 0, "last_update": 1791224869.0877109}
{"part": "image_confirmatory", "done": 819, "total": 1092, "failed": 0, "last_update": 1791224869.939966}
{"part": "image_confirmatory", "done": 820, "total": 1092, "failed": 0, "last_update": 1791224889.336979}
{"part": "image_confirmatory", "done": 821, "total": 1092, "failed": 0, "last_update": 1791224892.6857479}
{"part": "image_confirmatory", "done": 822, "total": 1092, "failed": 0, "last_update": 1791224896.7964108}
{"part": "image_confirmatory", "done": 823, "total": 1092, "failed": 0, "last_update": 1791224897.529006}
{"part": "image_confirmatory", "done": 824, "total": 1092, "failed": 0, "last_update": 1791224919.313638}
{"part": "image_confirmatory", "done": 825, "total": 1092, "failed": 0, "last_update": 1791224920.845749}
{"part": "image_confirmatory", "done": 826, "total": 1092, "failed": 0, "last_update": 1791224924.751285}
{"part": "image_confirmatory", "done": 827, "total": 1092, "failed": 0, "last_update": 1791224925.496288}
{"part": "image_confirmatory", "done": 828, "total": 1092, "failed": 0, "last_update": 1791224947.261914}
{"part": "image_confirmatory", "done": 829, "total": 1092, "failed": 0, "last_update": 1791224950.341695}
{"part": "image_confirmatory", "done": 830, "total": 1092, "failed": 0, "last_update": 1791224952.7856681}
{"part": "image_confirmatory", "done": 831, "total": 1092, "failed": 0, "last_update": 1791224953.2329118}
{"part": "image_confirmatory", "done": 832, "total": 1092, "failed": 0, "last_update": 1791224975.202999}
{"part": "image_confirmatory", "done": 833, "total": 1092, "failed": 0, "last_update": 1791224978.17528}
{"part": "image_confirmatory", "done": 834, "total": 1092, "failed": 0, "last_update": 1791224981.310528}
{"part": "image_confirmatory", "done": 835, "total": 1092, "failed": 0, "last_update": 1791224982.052426}
{"part": "image_confirmatory", "done": 836, "total": 1092, "failed": 0, "last_update": 1791225002.934769}
{"part": "image_confirmatory", "done": 837, "total": 1092, "failed": 0, "last_update": 1791225005.7385669}
{"part": "image_confirmatory", "done": 838, "total": 1092, "failed": 0, "last_update": 1791225009.0610292}
{"part": "image_confirmatory", "done": 839, "total": 1092, "failed": 0, "last_update": 1791225010.752212}
{"part": "image_confirmatory", "done": 840, "total": 1092, "failed": 0, "last_update": 1791225032.86494}
{"part": "image_confirmatory", "done": 841, "total": 1092, "failed": 0, "last_update": 1791225033.7775202}
{"part": "image_confirmatory", "done": 842, "total": 1092, "failed": 0, "last_update": 1791225038.918616}
{"part": "image_confirmatory", "done": 843, "total": 1092, "failed": 0, "last_update": 1791225039.025318}
{"part": "image_confirmatory", "done": 844, "total": 1092, "failed": 0, "last_update": 1791225061.457408}
{"part": "image_confirmatory", "done": 845, "total": 1092, "failed": 0, "last_update": 1791225062.0350342}
{"part": "image_confirmatory", "done": 846, "total": 1092, "failed": 0, "last_update": 1791225067.5740008}
{"part": "image_confirmatory", "done": 847, "total": 1092, "failed": 0, "last_update": 1791225069.08499}
{"part": "image_confirmatory", "done": 848, "total": 1092, "failed": 0, "last_update": 1791225089.763902}
{"part": "image_confirmatory", "done": 849, "total": 1092, "failed": 0, "last_update": 1791225089.8590689}
{"part": "image_confirmatory", "done": 850, "total": 1092, "failed": 0, "last_update": 1791225095.578561}
{"part": "image_confirmatory", "done": 851, "total": 1092, "failed": 0, "last_update": 1791225097.089906}
{"part": "image_confirmatory", "done": 852, "total": 1092, "failed": 0, "last_update": 1791225117.540576}
{"part": "image_confirmatory", "done": 853, "total": 1092, "failed": 0, "last_update": 1791225117.8298829}
{"part": "image_confirmatory", "done": 854, "total": 1092, "failed": 0, "last_update": 1791225123.331329}
{"part": "image_confirmatory", "done": 855, "total": 1092, "failed": 0, "last_update": 1791225124.843939}
{"part": "image_confirmatory", "done": 856, "total": 1092, "failed": 0, "last_update": 1791225145.6172822}
{"part": "image_confirmatory", "done": 857, "total": 1092, "failed": 0, "last_update": 1791225145.793741}
{"part": "image_confirmatory", "done": 858, "total": 1092, "failed": 0, "last_update": 1791225152.923937}
{"part": "image_confirmatory", "done": 859, "total": 1092, "failed": 0, "last_update": 1791225181.608207}
{"part": "image_confirmatory", "done": 860, "total": 1092, "failed": 0, "last_update": 1791225202.01596}
{"part": "image_confirmatory", "done": 861, "total": 1092, "failed": 0, "last_update": 1791225207.221349}
{"part": "image_confirmatory", "done": 862, "total": 1092, "failed": 0, "last_update": 1791225209.708919}
{"part": "image_confirmatory", "done": 863, "total": 1092, "failed": 0, "last_update": 1791225243.0672488}
{"part": "image_confirmatory", "done": 864, "total": 1092, "failed": 0, "last_update": 1791225262.973632}
{"part": "image_confirmatory", "done": 865, "total": 1092, "failed": 0, "last_update": 1791225263.1420329}
{"part": "image_confirmatory", "done": 866, "total": 1092, "failed": 0, "last_update": 1791225264.8917499}
{"part": "image_confirmatory", "done": 867, "total": 1092, "failed": 0, "last_update": 1791225304.0353248}
{"part": "image_confirmatory", "done": 868, "total": 1092, "failed": 0, "last_update": 1791225318.4013371}
{"part": "image_confirmatory", "done": 869, "total": 1092, "failed": 0, "last_update": 1791225319.246298}
{"part": "image_confirmatory", "done": 870, "total": 1092, "failed": 0, "last_update": 1791225321.302619}
{"part": "image_confirmatory", "done": 871, "total": 1092, "failed": 0, "last_update": 1791225360.745916}
{"part": "image_confirmatory", "done": 872, "total": 1092, "failed": 0, "last_update": 1791225374.99172}
{"part": "image_confirmatory", "done": 873, "total": 1092, "failed": 0, "last_update": 1791225375.175335}
{"part": "image_confirmatory", "done": 874, "total": 1092, "failed": 0, "last_update": 1791225377.060256}
{"part": "image_confirmatory", "done": 875, "total": 1092, "failed": 0, "last_update": 1791225416.672697}
{"part": "image_confirmatory", "done": 876, "total": 1092, "failed": 0, "last_update": 1791225431.3682911}
{"part": "image_confirmatory", "done": 877, "total": 1092, "failed": 0, "last_update": 1791225432.8778508}
{"part": "image_confirmatory", "done": 878, "total": 1092, "failed": 0, "last_update": 1791225436.2595851}
{"part": "image_confirmatory", "done": 879, "total": 1092, "failed": 0, "last_update": 1791225473.237289}
{"part": "image_confirmatory", "done": 880, "total": 1092, "failed": 0, "last_update": 1791225488.05618}
{"part": "image_confirmatory", "done": 881, "total": 1092, "failed": 0, "last_update": 1791225489.100213}
{"part": "image_confirmatory", "done": 882, "total": 1092, "failed": 0, "last_update": 1791225492.7369852}
{"part": "image_confirmatory", "done": 883, "total": 1092, "failed": 0, "last_update": 1791225534.711613}
{"part": "image_confirmatory", "done": 884, "total": 1092, "failed": 0, "last_update": 1791225544.4632168}
{"part": "image_confirmatory", "done": 885, "total": 1092, "failed": 0, "last_update": 1791225548.6533918}
{"part": "image_confirmatory", "done": 886, "total": 1092, "failed": 0, "last_update": 1791225548.795999}
{"part": "image_confirmatory", "done": 887, "total": 1092, "failed": 0, "last_update": 1791225591.270025}
{"part": "image_confirmatory", "done": 888, "total": 1092, "failed": 0, "last_update": 1791225604.925573}
{"part": "image_confirmatory", "done": 889, "total": 1092, "failed": 0, "last_update": 1791225604.93399}
{"part": "image_confirmatory", "done": 890, "total": 1092, "failed": 0, "last_update": 1791225608.5671601}
{"part": "image_confirmatory", "done": 891, "total": 1092, "failed": 0, "last_update": 1791225648.343415}
{"part": "image_confirmatory", "done": 892, "total": 1092, "failed": 0, "last_update": 1791225660.6031559}
{"part": "image_confirmatory", "done": 893, "total": 1092, "failed": 0, "last_update": 1791225660.797879}
{"part": "image_confirmatory", "done": 894, "total": 1092, "failed": 0, "last_update": 1791225664.7337441}
{"part": "image_confirmatory", "done": 895, "total": 1092, "failed": 0, "last_update": 1791225705.303722}
{"part": "image_confirmatory", "done": 896, "total": 1092, "failed": 0, "last_update": 1791225710.162034}
{"part": "image_confirmatory", "done": 897, "total": 1092, "failed": 0, "last_update": 1791225716.884774}
{"part": "image_confirmatory", "done": 898, "total": 1092, "failed": 0, "last_update": 1791225716.89664}
{"part": "image_confirmatory", "done": 899, "total": 1092, "failed": 0, "last_update": 1791225750.978358}
{"part": "image_confirmatory", "done": 900, "total": 1092, "failed": 0, "last_update": 1791225754.786672}
{"part": "image_confirmatory", "done": 901, "total": 1092, "failed": 0, "last_update": 1791225761.843575}
{"part": "image_confirmatory", "done": 902, "total": 1092, "failed": 0, "last_update": 1791225769.100095}
{"part": "image_confirmatory", "done": 903, "total": 1092, "failed": 0, "last_update": 1791225796.8297741}
{"part": "image_confirmatory", "done": 904, "total": 1092, "failed": 0, "last_update": 1791225799.439353}
{"part": "image_confirmatory", "done": 905, "total": 1092, "failed": 0, "last_update": 1791225814.296417}
{"part": "image_confirmatory", "done": 906, "total": 1092, "failed": 0, "last_update": 1791225821.523634}
{"part": "image_confirmatory", "done": 907, "total": 1092, "failed": 0, "last_update": 1791225842.1973948}
{"part": "image_confirmatory", "done": 908, "total": 1092, "failed": 0, "last_update": 1791225851.5269198}
{"part": "image_confirmatory", "done": 909, "total": 1092, "failed": 0, "last_update": 1791225859.189725}
{"part": "image_confirmatory", "done": 910, "total": 1092, "failed": 0, "last_update": 1791225866.5262551}
{"part": "image_confirmatory", "done": 911, "total": 1092, "failed": 0, "last_update": 1791225887.392464}
{"part": "image_confirmatory", "done": 912, "total": 1092, "failed": 0, "last_update": 1791225896.330494}
{"part": "image_confirmatory", "done": 913, "total": 1092, "failed": 0, "last_update": 1791225911.342299}
{"part": "image_confirmatory", "done": 914, "total": 1092, "failed": 0, "last_update": 1791225911.8891351}
{"part": "image_confirmatory", "done": 915, "total": 1092, "failed": 0, "last_update": 1791225939.675804}
{"part": "image_confirmatory", "done": 916, "total": 1092, "failed": 0, "last_update": 1791225941.4100769}
{"part": "image_confirmatory", "done": 917, "total": 1092, "failed": 0, "last_update": 1791225956.12421}
{"part": "image_confirmatory", "done": 918, "total": 1092, "failed": 0, "last_update": 1791225956.383265}
{"part": "image_confirmatory", "done": 919, "total": 1092, "failed": 0, "last_update": 1791225984.950289}
{"part": "image_confirmatory", "done": 920, "total": 1092, "failed": 0, "last_update": 1791225993.87861}
{"part": "image_confirmatory", "done": 921, "total": 1092, "failed": 0, "last_update": 1791226000.896082}
{"part": "image_confirmatory", "done": 922, "total": 1092, "failed": 0, "last_update": 1791226000.972702}
{"part": "image_confirmatory", "done": 923, "total": 1092, "failed": 0, "last_update": 1791226030.275959}
{"part": "image_confirmatory", "done": 924, "total": 1092, "failed": 0, "last_update": 1791226046.212513}
{"part": "image_confirmatory", "done": 925, "total": 1092, "failed": 0, "last_update": 1791226052.782978}
{"part": "image_confirmatory", "done": 926, "total": 1092, "failed": 0, "last_update": 1791226053.035281}
{"part": "image_confirmatory", "done": 927, "total": 1092, "failed": 0, "last_update": 1791226075.578584}
{"part": "image_confirmatory", "done": 928, "total": 1092, "failed": 0, "last_update": 1791226090.7016268}
{"part": "image_confirmatory", "done": 929, "total": 1092, "failed": 0, "last_update": 1791226097.7140758}
{"part": "image_confirmatory", "done": 930, "total": 1092, "failed": 0, "last_update": 1791226105.275799}
{"part": "image_confirmatory", "done": 931, "total": 1092, "failed": 0, "last_update": 1791226121.151873}
{"part": "image_confirmatory", "done": 932, "total": 1092, "failed": 0, "last_update": 1791226135.870077}
{"part": "image_confirmatory", "done": 933, "total": 1092, "failed": 0, "last_update": 1791226149.89328}
{"part": "image_confirmatory", "done": 934, "total": 1092, "failed": 0, "last_update": 1791226149.9987159}
{"part": "image_confirmatory", "done": 935, "total": 1092, "failed": 0, "last_update": 1791226166.425814}
{"part": "image_confirmatory", "done": 936, "total": 1092, "failed": 0, "last_update": 1791226177.2098439}
{"part": "image_confirmatory", "done": 937, "total": 1092, "failed": 0, "last_update": 1791226179.5362089}
{"part": "image_confirmatory", "done": 938, "total": 1092, "failed": 0, "last_update": 1791226180.983705}
{"part": "image_confirmatory", "done": 939, "total": 1092, "failed": 0, "last_update": 1791226196.317179}
{"part": "image_confirmatory", "done": 940, "total": 1092, "failed": 0, "last_update": 1791226207.1408482}
{"part": "image_confirmatory", "done": 941, "total": 1092, "failed": 0, "last_update": 1791226207.3234339}
{"part": "image_confirmatory", "done": 942, "total": 1092, "failed": 0, "last_update": 1791226208.611063}
{"part": "image_confirmatory", "done": 943, "total": 1092, "failed": 0, "last_update": 1791226224.680625}
{"part": "image_confirmatory", "done": 944, "total": 1092, "failed": 0, "last_update": 1791226234.88146}
{"part": "image_confirmatory", "done": 945, "total": 1092, "failed": 0, "last_update": 1791226236.856593}
{"part": "image_confirmatory", "done": 946, "total": 1092, "failed": 0, "last_update": 1791226238.052782}
{"part": "image_confirmatory", "done": 947, "total": 1092, "failed": 0, "last_update": 1791226254.165482}
{"part": "image_confirmatory", "done": 948, "total": 1092, "failed": 0, "last_update": 1791226262.764807}
{"part": "image_confirmatory", "done": 949, "total": 1092, "failed": 0, "last_update": 1791226265.970499}
{"part": "image_confirmatory", "done": 950, "total": 1092, "failed": 0, "last_update": 1791226266.805442}
{"part": "image_confirmatory", "done": 951, "total": 1092, "failed": 0, "last_update": 1791226282.6725729}
{"part": "image_confirmatory", "done": 952, "total": 1092, "failed": 0, "last_update": 1791226290.9053938}
{"part": "image_confirmatory", "done": 953, "total": 1092, "failed": 0, "last_update": 1791226293.584654}
{"part": "image_confirmatory", "done": 954, "total": 1092, "failed": 0, "last_update": 1791226294.763214}
{"part": "image_confirmatory", "done": 955, "total": 1092, "failed": 0, "last_update": 1791226312.455426}
{"part": "image_confirmatory", "done": 956, "total": 1092, "failed": 0, "last_update": 1791226318.84236}
{"part": "image_confirmatory", "done": 957, "total": 1092, "failed": 0, "last_update": 1791226321.614826}
{"part": "image_confirmatory", "done": 958, "total": 1092, "failed": 0, "last_update": 1791226322.6877341}
{"part": "image_confirmatory", "done": 959, "total": 1092, "failed": 0, "last_update": 1791226342.799262}
{"part": "image_confirmatory", "done": 960, "total": 1092, "failed": 0, "last_update": 1791226346.655529}
{"part": "image_confirmatory", "done": 961, "total": 1092, "failed": 0, "last_update": 1791226349.5331452}
{"part": "image_confirmatory", "done": 962, "total": 1092, "failed": 0, "last_update": 1791226350.292597}
{"part": "image_confirmatory", "done": 963, "total": 1092, "failed": 0, "last_update": 1791226372.438179}
{"part": "image_confirmatory", "done": 964, "total": 1092, "failed": 0, "last_update": 1791226374.685098}
{"part": "image_confirmatory", "done": 965, "total": 1092, "failed": 0, "last_update": 1791226377.650093}
{"part": "image_confirmatory", "done": 966, "total": 1092, "failed": 0, "last_update": 1791226379.273843}
{"part": "image_confirmatory", "done": 967, "total": 1092, "failed": 0, "last_update": 1791226400.867739}
{"part": "image_confirmatory", "done": 968, "total": 1092, "failed": 0, "last_update": 1791226402.5008771}
{"part": "image_confirmatory", "done": 969, "total": 1092, "failed": 0, "last_update": 1791226405.572098}
{"part": "image_confirmatory", "done": 970, "total": 1092, "failed": 0, "last_update": 1791226407.0394828}
{"part": "image_confirmatory", "done": 971, "total": 1092, "failed": 0, "last_update": 1791226430.9355478}
{"part": "image_confirmatory", "done": 972, "total": 1092, "failed": 0, "last_update": 1791226431.9208791}
{"part": "image_confirmatory", "done": 973, "total": 1092, "failed": 0, "last_update": 1791226433.556746}
{"part": "image_confirmatory", "done": 974, "total": 1092, "failed": 0, "last_update": 1791226435.146413}
{"part": "image_confirmatory", "done": 975, "total": 1092, "failed": 0, "last_update": 1791226459.300967}
{"part": "image_confirmatory", "done": 976, "total": 1092, "failed": 0, "last_update": 1791226461.238317}
{"part": "image_confirmatory", "done": 977, "total": 1092, "failed": 0, "last_update": 1791226461.2900841}
{"part": "image_confirmatory", "done": 978, "total": 1092, "failed": 0, "last_update": 1791226462.849438}
{"part": "image_confirmatory", "done": 979, "total": 1092, "failed": 0, "last_update": 1791226487.1901052}
{"part": "image_confirmatory", "done": 980, "total": 1092, "failed": 0, "last_update": 1791226489.02514}
{"part": "image_confirmatory", "done": 981, "total": 1092, "failed": 0, "last_update": 1791226491.1987042}
{"part": "image_confirmatory", "done": 982, "total": 1092, "failed": 0, "last_update": 1791226492.303689}
{"part": "image_confirmatory", "done": 983, "total": 1092, "failed": 0, "last_update": 1791226515.130584}
{"part": "image_confirmatory", "done": 984, "total": 1092, "failed": 0, "last_update": 1791226516.851731}
{"part": "image_confirmatory", "done": 985, "total": 1092, "failed": 0, "last_update": 1791226519.1351511}
{"part": "image_confirmatory", "done": 986, "total": 1092, "failed": 0, "last_update": 1791226520.3083332}
{"part": "image_confirmatory", "done": 987, "total": 1092, "failed": 0, "last_update": 1791226543.0867672}
{"part": "image_confirmatory", "done": 988, "total": 1092, "failed": 0, "last_update": 1791226544.742786}
{"part": "image_confirmatory", "done": 989, "total": 1092, "failed": 0, "last_update": 1791226548.226063}
{"part": "image_confirmatory", "done": 990, "total": 1092, "failed": 0, "last_update": 1791226548.907723}
{"part": "image_confirmatory", "done": 991, "total": 1092, "failed": 0, "last_update": 1791226571.218834}
{"part": "image_confirmatory", "done": 992, "total": 1092, "failed": 0, "last_update": 1791226572.7638268}
{"part": "image_confirmatory", "done": 993, "total": 1092, "failed": 0, "last_update": 1791226576.154158}
{"part": "image_confirmatory", "done": 994, "total": 1092, "failed": 0, "last_update": 1791226578.901519}
{"part": "image_confirmatory", "done": 995, "total": 1092, "failed": 0, "last_update": 1791226599.123664}
{"part": "image_confirmatory", "done": 996, "total": 1092, "failed": 0, "last_update": 1791226600.63278}
{"part": "image_confirmatory", "done": 997, "total": 1092, "failed": 0, "last_update": 1791226604.001207}
{"part": "image_confirmatory", "done": 998, "total": 1092, "failed": 0, "last_update": 1791226606.694247}
{"part": "image_confirmatory", "done": 999, "total": 1092, "failed": 0, "last_update": 1791226627.11919}
{"part": "image_confirmatory", "done": 1000, "total": 1092, "failed": 0, "last_update": 1791226628.3126159}
{"part": "image_confirmatory", "done": 1001, "total": 1092, "failed": 0, "last_update": 1791226631.857654}
{"part": "image_confirmatory", "done": 1002, "total": 1092, "failed": 0, "last_update": 1791226634.8862479}
{"part": "image_confirmatory", "done": 1003, "total": 1092, "failed": 0, "last_update": 1791226655.485673}
{"part": "image_confirmatory", "done": 1004, "total": 1092, "failed": 0, "last_update": 1791226656.516198}
{"part": "image_confirmatory", "done": 1005, "total": 1092, "failed": 0, "last_update": 1791226661.969749}
{"part": "image_confirmatory", "done": 1006, "total": 1092, "failed": 0, "last_update": 1791226663.182549}
{"part": "image_confirmatory", "done": 1007, "total": 1092, "failed": 0, "last_update": 1791226684.556145}
{"part": "image_confirmatory", "done": 1008, "total": 1092, "failed": 0, "last_update": 1791226686.09179}
{"part": "image_confirmatory", "done": 1009, "total": 1092, "failed": 0, "last_update": 1791226689.8137422}
{"part": "image_confirmatory", "done": 1010, "total": 1092, "failed": 0, "last_update": 1791226690.9266229}
{"part": "image_confirmatory", "done": 1011, "total": 1092, "failed": 0, "last_update": 1791226712.63979}
{"part": "image_confirmatory", "done": 1012, "total": 1092, "failed": 0, "last_update": 1791226714.0706859}
{"part": "image_confirmatory", "done": 1013, "total": 1092, "failed": 0, "last_update": 1791226719.737706}
{"part": "image_confirmatory", "done": 1014, "total": 1092, "failed": 0, "last_update": 1791226720.924431}
{"part": "image_confirmatory", "done": 1015, "total": 1092, "failed": 0, "last_update": 1791226741.0632389}
{"part": "image_confirmatory", "done": 1016, "total": 1092, "failed": 0, "last_update": 1791226742.05179}
{"part": "image_confirmatory", "done": 1017, "total": 1092, "failed": 0, "last_update": 1791226748.9644852}
{"part": "image_confirmatory", "done": 1018, "total": 1092, "failed": 0, "last_update": 1791226749.701886}
{"part": "image_confirmatory", "done": 1019, "total": 1092, "failed": 0, "last_update": 1791226768.770025}
{"part": "image_confirmatory", "done": 1020, "total": 1092, "failed": 0, "last_update": 1791226771.7068648}
{"part": "image_confirmatory", "done": 1021, "total": 1092, "failed": 0, "last_update": 1791226777.075256}
{"part": "image_confirmatory", "done": 1022, "total": 1092, "failed": 0, "last_update": 1791226779.459244}
{"part": "image_confirmatory", "done": 1023, "total": 1092, "failed": 0, "last_update": 1791226797.242523}
{"part": "image_confirmatory", "done": 1024, "total": 1092, "failed": 0, "last_update": 1791226799.715095}
{"part": "image_confirmatory", "done": 1025, "total": 1092, "failed": 0, "last_update": 1791226805.114048}
{"part": "image_confirmatory", "done": 1026, "total": 1092, "failed": 0, "last_update": 1791226807.0917802}
{"part": "image_confirmatory", "done": 1027, "total": 1092, "failed": 0, "last_update": 1791226825.2453089}
{"part": "image_confirmatory", "done": 1028, "total": 1092, "failed": 0, "last_update": 1791226829.6522398}
{"part": "image_confirmatory", "done": 1029, "total": 1092, "failed": 0, "last_update": 1791226833.30923}
{"part": "image_confirmatory", "done": 1030, "total": 1092, "failed": 0, "last_update": 1791226835.242431}
{"part": "image_confirmatory", "done": 1031, "total": 1092, "failed": 0, "last_update": 1791226853.959046}
{"part": "image_confirmatory", "done": 1032, "total": 1092, "failed": 0, "last_update": 1791226857.916283}
{"part": "image_confirmatory", "done": 1033, "total": 1092, "failed": 0, "last_update": 1791226863.383165}
{"part": "image_confirmatory", "done": 1034, "total": 1092, "failed": 0, "last_update": 1791226863.755708}
{"part": "image_confirmatory", "done": 1035, "total": 1092, "failed": 0, "last_update": 1791226882.563194}
{"part": "image_confirmatory", "done": 1036, "total": 1092, "failed": 0, "last_update": 1791226887.619426}
{"part": "image_confirmatory", "done": 1037, "total": 1092, "failed": 0, "last_update": 1791226890.904813}
{"part": "image_confirmatory", "done": 1038, "total": 1092, "failed": 0, "last_update": 1791226891.2212281}
{"part": "image_confirmatory", "done": 1039, "total": 1092, "failed": 0, "last_update": 1791226912.135361}
{"part": "image_confirmatory", "done": 1040, "total": 1092, "failed": 0, "last_update": 1791226915.7711911}
{"part": "image_confirmatory", "done": 1041, "total": 1092, "failed": 0, "last_update": 1791226918.862328}
{"part": "image_confirmatory", "done": 1042, "total": 1092, "failed": 0, "last_update": 1791226919.0297868}
{"part": "image_confirmatory", "done": 1043, "total": 1092, "failed": 0, "last_update": 1791226940.5344708}
{"part": "image_confirmatory", "done": 1044, "total": 1092, "failed": 0, "last_update": 1791226943.866847}
{"part": "image_confirmatory", "done": 1045, "total": 1092, "failed": 0, "last_update": 1791226946.87215}
{"part": "image_confirmatory", "done": 1046, "total": 1092, "failed": 0, "last_update": 1791226946.951616}
{"part": "image_confirmatory", "done": 1047, "total": 1092, "failed": 0, "last_update": 1791226968.789768}
{"part": "image_confirmatory", "done": 1048, "total": 1092, "failed": 0, "last_update": 1791226971.8741288}
{"part": "image_confirmatory", "done": 1049, "total": 1092, "failed": 0, "last_update": 1791226974.716023}
{"part": "image_confirmatory", "done": 1050, "total": 1092, "failed": 0, "last_update": 1791226976.882415}
{"part": "image_confirmatory", "done": 1051, "total": 1092, "failed": 0, "last_update": 1791226998.996452}
{"part": "image_confirmatory", "done": 1052, "total": 1092, "failed": 0, "last_update": 1791226999.545599}
{"part": "image_confirmatory", "done": 1053, "total": 1092, "failed": 0, "last_update": 1791227002.584075}
{"part": "image_confirmatory", "done": 1054, "total": 1092, "failed": 0, "last_update": 1791227004.926728}
{"part": "image_confirmatory", "done": 1055, "total": 1092, "failed": 0, "last_update": 1791227027.467524}
{"part": "image_confirmatory", "done": 1056, "total": 1092, "failed": 0, "last_update": 1791227029.503507}
{"part": "image_confirmatory", "done": 1057, "total": 1092, "failed": 0, "last_update": 1791227030.6504908}
{"part": "image_confirmatory", "done": 1058, "total": 1092, "failed": 0, "last_update": 1791227032.854086}
{"part": "image_confirmatory", "done": 1059, "total": 1092, "failed": 0, "last_update": 1791227055.7733738}
{"part": "image_confirmatory", "done": 1060, "total": 1092, "failed": 0, "last_update": 1791227057.286352}
{"part": "image_confirmatory", "done": 1061, "total": 1092, "failed": 0, "last_update": 1791227058.666346}
{"part": "image_confirmatory", "done": 1062, "total": 1092, "failed": 0, "last_update": 1791227060.665088}
{"part": "image_confirmatory", "done": 1063, "total": 1092, "failed": 0, "last_update": 1791227083.98843}
{"part": "image_confirmatory", "done": 1064, "total": 1092, "failed": 0, "last_update": 1791227085.3735948}
{"part": "image_confirmatory", "done": 1065, "total": 1092, "failed": 0, "last_update": 1791227086.4329972}
{"part": "image_confirmatory", "done": 1066, "total": 1092, "failed": 0, "last_update": 1791227090.4397812}
{"part": "image_confirmatory", "done": 1067, "total": 1092, "failed": 0, "last_update": 1791227112.378461}
{"part": "image_confirmatory", "done": 1068, "total": 1092, "failed": 0, "last_update": 1791227113.278472}
{"part": "image_confirmatory", "done": 1069, "total": 1092, "failed": 0, "last_update": 1791227114.178762}
{"part": "image_confirmatory", "done": 1070, "total": 1092, "failed": 0, "last_update": 1791227120.557348}
{"part": "image_confirmatory", "done": 1071, "total": 1092, "failed": 0, "last_update": 1791227140.706867}
{"part": "image_confirmatory", "done": 1072, "total": 1092, "failed": 0, "last_update": 1791227140.9063559}
{"part": "image_confirmatory", "done": 1073, "total": 1092, "failed": 0, "last_update": 1791227141.700684}
{"part": "image_confirmatory", "done": 1074, "total": 1092, "failed": 0, "last_update": 1791227148.080042}
{"part": "image_confirmatory", "done": 1075, "total": 1092, "failed": 0, "last_update": 1791227168.996143}
{"part": "image_confirmatory", "done": 1076, "total": 1092, "failed": 0, "last_update": 1791227169.108562}
{"part": "image_confirmatory", "done": 1077, "total": 1092, "failed": 0, "last_update": 1791227169.528609}
{"part": "image_confirmatory", "done": 1078, "total": 1092, "failed": 0, "last_update": 1791227176.040444}
{"part": "image_confirmatory", "done": 1079, "total": 1092, "failed": 0, "last_update": 1791227197.221644}
{"part": "image_confirmatory", "done": 1080, "total": 1092, "failed": 0, "last_update": 1791227197.311579}
{"part": "image_confirmatory", "done": 1081, "total": 1092, "failed": 0, "last_update": 1791227197.416786}
{"part": "image_confirmatory", "done": 1082, "total": 1092, "failed": 0, "last_update": 1791227204.1139781}
{"part": "image_confirmatory", "done": 1083, "total": 1092, "failed": 0, "last_update": 1791227225.608513}
{"part": "image_confirmatory", "done": 1084, "total": 1092, "failed": 0, "last_update": 1791227227.236351}
{"part": "image_confirmatory", "done": 1085, "total": 1092, "failed": 0, "last_update": 1791227227.565699}
{"part": "image_confirmatory", "done": 1086, "total": 1092, "failed": 0, "last_update": 1791227234.074205}
{"part": "image_confirmatory", "done": 1087, "total": 1092, "failed": 0, "last_update": 1791227255.073558}
{"part": "image_confirmatory", "done": 1088, "total": 1092, "failed": 0, "last_update": 1791227255.481119}
{"part": "image_confirmatory", "done": 1089, "total": 1092, "failed": 0, "last_update": 1791227255.683146}
{"part": "image_confirmatory", "done": 1090, "total": 1092, "failed": 0, "last_update": 1791227261.829359}
{"part": "image_confirmatory", "done": 1091, "total": 1092, "failed": 0, "last_update": 1791227281.6071832}
{"part": "image_confirmatory", "done": 1092, "total": 1092, "failed": 0, "last_update": 1791227281.62368}
