dataset,source,artifact,group_id,source_signature,key,kind,numel,energy,ratio,percent
PaySim,stored_observed_update,artifacts/rq1_v2/confirmatory_run_20260916/dna_v2/group_0_run/dna_v2_iht_attack_rq1_v2_confirmatory_ratio0p95_eta0p01_s0p2_iht80_step1_r4_i600_lr0p1_nonneg0p001/group_0/restart_0/baseline.pt,0,"2229460,1080211,5266686,6272965",network.0.weight,parameter,1664,0.0012075368318923362,2.030773180349703e-09,2.030773180349703e-07
PaySim,stored_observed_update,artifacts/rq1_v2/confirmatory_run_20260916/dna_v2/group_0_run/dna_v2_iht_attack_rq1_v2_confirmatory_ratio0p95_eta0p01_s0p2_iht80_step1_r4_i600_lr0p1_nonneg0p001/group_0/restart_0/baseline.pt,0,"2229460,1080211,5266686,6272965",network.0.bias,parameter,128,3.9211315103942004e-08,6.594356791133174e-14,6.594356791133174e-12
PaySim,stored_observed_update,artifacts/rq1_v2/confirmatory_run_20260916/dna_v2/group_0_run/dna_v2_iht_attack_rq1_v2_confirmatory_ratio0p95_eta0p01_s0p2_iht80_step1_r4_i600_lr0p1_nonneg0p001/group_0/restart_0/baseline.pt,0,"2229460,1080211,5266686,6272965",network.1.weight,parameter,128,0.00011099976761030916,1.8667368574987158e-10,1.8667368574987156e-08
PaySim,stored_observed_update,artifacts/rq1_v2/confirmatory_run_20260916/dna_v2/group_0_run/dna_v2_iht_attack_rq1_v2_confirmatory_ratio0p95_eta0p01_s0p2_iht80_step1_r4_i600_lr0p1_nonneg0p001/group_0/restart_0/baseline.pt,0,"2229460,1080211,5266686,6272965",network.1.bias,parameter,128,0.00011099363685263016,1.8666337535772376e-10,1.8666337535772375e-08
PaySim,stored_observed_update,artifacts/rq1_v2/confirmatory_run_20260916/dna_v2/group_0_run/dna_v2_iht_attack_rq1_v2_confirmatory_ratio0p95_eta0p01_s0p2_iht80_step1_r4_i600_lr0p1_nonneg0p001/group_0/restart_0/baseline.pt,0,"2229460,1080211,5266686,6272965",network.4.weight,parameter,8192,0.006325703624954369,1.0638242187832149e-08,1.0638242187832148e-06
PaySim,stored_observed_update,artifacts/rq1_v2/confirmatory_run_20260916/dna_v2/group_0_run/dna_v2_iht_attack_rq1_v2_confirmatory_ratio0p95_eta0p01_s0p2_iht80_step1_r4_i600_lr0p1_nonneg0p001/group_0/restart_0/baseline.pt,0,"2229460,1080211,5266686,6272965",network.4.bias,parameter,64,2.4517289073293456e-06,4.123191259259607e-12,4.1231912592596067e-10
PaySim,stored_observed_update,artifacts/rq1_v2/confirmatory_run_20260916/dna_v2/group_0_run/dna_v2_iht_attack_rq1_v2_confirmatory_ratio0p95_eta0p01_s0p2_iht80_step1_r4_i600_lr0p1_nonneg0p001/group_0/restart_0/baseline.pt,0,"2229460,1080211,5266686,6272965",network.5.weight,parameter,64,5.700139338316035e-05,9.586200426175151e-11,9.586200426175151e-09
PaySim,stored_observed_update,artifacts/rq1_v2/confirmatory_run_20260916/dna_v2/group_0_run/dna_v2_iht_attack_rq1_v2_confirmatory_ratio0p95_eta0p01_s0p2_iht80_step1_r4_i600_lr0p1_nonneg0p001/group_0/restart_0/baseline.pt,0,"2229460,1080211,5266686,6272965",network.5.bias,parameter,64,5.6999652212274545e-05,9.585907605033476e-11,9.585907605033476e-09
PaySim,stored_observed_update,artifacts/rq1_v2/confirmatory_run_20260916/dna_v2/group_0_run/dna_v2_iht_attack_rq1_v2_confirmatory_ratio0p95_eta0p01_s0p2_iht80_step1_r4_i600_lr0p1_nonneg0p001/group_0/restart_0/baseline.pt,0,"2229460,1080211,5266686,6272965",network.8.weight,parameter,2048,0.0017495137688897185,2.94224204734696e-09,2.94224204734696e-07
PaySim,stored_observed_update,artifacts/rq1_v2/confirmatory_run_20260916/dna_v2/group_0_run/dna_v2_iht_attack_rq1_v2_confirmatory_ratio0p95_eta0p01_s0p2_iht80_step1_r4_i600_lr0p1_nonneg0p001/group_0/restart_0/baseline.pt,0,"2229460,1080211,5266686,6272965",network.8.bias,parameter,32,5.213722626669446e-07,8.76816988135293e-13,8.76816988135293e-11
PaySim,stored_observed_update,artifacts/rq1_v2/confirmatory_run_20260916/dna_v2/group_0_run/dna_v2_iht_attack_rq1_v2_confirmatory_ratio0p95_eta0p01_s0p2_iht80_step1_r4_i600_lr0p1_nonneg0p001/group_0/restart_0/baseline.pt,0,"2229460,1080211,5266686,6272965",network.9.weight,parameter,32,3.092418371863914e-05,5.2006697652116466e-11,5.200669765211647e-09
PaySim,stored_observed_update,artifacts/rq1_v2/confirmatory_run_20260916/dna_v2/group_0_run/dna_v2_iht_attack_rq1_v2_confirmatory_ratio0p95_eta0p01_s0p2_iht80_step1_r4_i600_lr0p1_nonneg0p001/group_0/restart_0/baseline.pt,0,"2229460,1080211,5266686,6272965",network.9.bias,parameter,32,3.0931252571771324e-05,5.201858568482696e-11,5.201858568482696e-09
PaySim,stored_observed_update,artifacts/rq1_v2/confirmatory_run_20260916/dna_v2/group_0_run/dna_v2_iht_attack_rq1_v2_confirmatory_ratio0p95_eta0p01_s0p2_iht80_step1_r4_i600_lr0p1_nonneg0p001/group_0/restart_0/baseline.pt,0,"2229460,1080211,5266686,6272965",network.12.weight,parameter,32,3.099909842131589e-05,5.213268533629451e-11,5.213268533629451e-09
PaySim,stored_observed_update,artifacts/rq1_v2/confirmatory_run_20260916/dna_v2/group_0_run/dna_v2_iht_attack_rq1_v2_confirmatory_ratio0p95_eta0p01_s0p2_iht80_step1_r4_i600_lr0p1_nonneg0p001/group_0/restart_0/baseline.pt,0,"2229460,1080211,5266686,6272965",network.12.bias,parameter,1,9.999966025381335e-07,1.6817427238992292e-12,1.6817427238992292e-10
PaySim,stored_observed_update,artifacts/rq1_v2/confirmatory_run_20260916/dna_v2/group_0_run/dna_v2_iht_attack_rq1_v2_confirmatory_ratio0p95_eta0p01_s0p2_iht80_step1_r4_i600_lr0p1_nonneg0p001/group_0/restart_0/baseline.pt,0,"2229460,1080211,5266686,6272965",network.1.running_mean,batchnorm_buffer,128,157.07858699339366,0.00026416666825269366,0.026416666825269365
PaySim,stored_observed_update,artifacts/rq1_v2/confirmatory_run_20260916/dna_v2/group_0_run/dna_v2_iht_attack_rq1_v2_confirmatory_ratio0p95_eta0p01_s0p2_iht80_step1_r4_i600_lr0p1_nonneg0p001/group_0/restart_0/baseline.pt,0,"2229460,1080211,5266686,6272965",network.1.running_var,batchnorm_buffer,128,594461.698328509,0.9997350323623977,99.97350323623976
PaySim,stored_observed_update,artifacts/rq1_v2/confirmatory_run_20260916/dna_v2/group_0_run/dna_v2_iht_attack_rq1_v2_confirmatory_ratio0p95_eta0p01_s0p2_iht80_step1_r4_i600_lr0p1_nonneg0p001/group_0/restart_0/baseline.pt,0,"2229460,1080211,5266686,6272965",network.5.running_mean,batchnorm_buffer,64,0.03783813866552116,6.363423058150211e-08,6.363423058150211e-06
PaySim,stored_observed_update,artifacts/rq1_v2/confirmatory_run_20260916/dna_v2/group_0_run/dna_v2_iht_attack_rq1_v2_confirmatory_ratio0p95_eta0p01_s0p2_iht80_step1_r4_i600_lr0p1_nonneg0p001/group_0/restart_0/baseline.pt,0,"2229460,1080211,5266686,6272965",network.5.running_var,batchnorm_buffer,64,0.38494798438312916,6.473856712841327e-07,6.473856712841327e-05
PaySim,stored_observed_update,artifacts/rq1_v2/confirmatory_run_20260916/dna_v2/group_0_run/dna_v2_iht_attack_rq1_v2_confirmatory_ratio0p95_eta0p01_s0p2_iht80_step1_r4_i600_lr0p1_nonneg0p001/group_0/restart_0/baseline.pt,0,"2229460,1080211,5266686,6272965",network.9.running_mean,batchnorm_buffer,32,0.006555908337356562,1.1025388603237035e-08,1.1025388603237036e-06
PaySim,stored_observed_update,artifacts/rq1_v2/confirmatory_run_20260916/dna_v2/group_0_run/dna_v2_iht_attack_rq1_v2_confirmatory_ratio0p95_eta0p01_s0p2_iht80_step1_r4_i600_lr0p1_nonneg0p001/group_0/restart_0/baseline.pt,0,"2229460,1080211,5266686,6272965",network.9.running_var,batchnorm_buffer,32,0.03721414961691849,6.25848379739504e-08,6.25848379739504e-06
PaySim,stored_observed_update,artifacts/rq1_v2/confirmatory_run_20260916/dna_v2/group_100_run/dna_v2_iht_attack_rq1_v2_confirmatory_ratio0p95_eta0p01_s0p2_iht80_step1_r4_i600_lr0p1_nonneg0p001/group_100/restart_0/baseline.pt,100,"4654590,1237162,4605206,5994339",network.0.weight,parameter,1664,0.0009575579611426903,9.379104430793297e-12,9.379104430793298e-10
PaySim,stored_observed_update,artifacts/rq1_v2/confirmatory_run_20260916/dna_v2/group_100_run/dna_v2_iht_attack_rq1_v2_confirmatory_ratio0p95_eta0p01_s0p2_iht80_step1_r4_i600_lr0p1_nonneg0p001/group_100/restart_0/baseline.pt,100,"4654590,1237162,4605206,5994339",network.0.bias,parameter,128,6.049923399001084e-07,5.925788898440957e-15,5.925788898440957e-13
PaySim,stored_observed_update,artifacts/rq1_v2/confirmatory_run_20260916/dna_v2/group_100_run/dna_v2_iht_attack_rq1_v2_confirmatory_ratio0p95_eta0p01_s0p2_iht80_step1_r4_i600_lr0p1_nonneg0p001/group_100/restart_0/baseline.pt,100,"4654590,1237162,4605206,5994339",network.1.weight,parameter,128,0.00011300173974149175,1.1068312947155813e-12,1.1068312947155813e-10
PaySim,stored_observed_update,artifacts/rq1_v2/confirmatory_run_20260916/dna_v2/group_100_run/dna_v2_iht_attack_rq1_v2_confirmatory_ratio0p95_eta0p01_s0p2_iht80_step1_r4_i600_lr0p1_nonneg0p001/group_100/restart_0/baseline.pt,100,"4654590,1237162,4605206,5994339",network.1.bias,parameter,128,0.00011299748276081756,1.106789598371419e-12,1.1067895983714191e-10
PaySim,stored_observed_update,artifacts/rq1_v2/confirmatory_run_20260916/dna_v2/group_100_run/dna_v2_iht_attack_rq1_v2_confirmatory_ratio0p95_eta0p01_s0p2_iht80_step1_r4_i600_lr0p1_nonneg0p001/group_100/restart_0/baseline.pt,100,"4654590,1237162,4605206,5994339",network.4.weight,parameter,8192,0.006663145870376573,6.526429050967745e-11,6.526429050967745e-09
PaySim,stored_observed_update,artifacts/rq1_v2/confirmatory_run_20260916/dna_v2/group_100_run/dna_v2_iht_attack_rq1_v2_confirmatory_ratio0p95_eta0p01_s0p2_iht80_step1_r4_i600_lr0p1_nonneg0p001/group_100/restart_0/baseline.pt,100,"4654590,1237162,4605206,5994339",network.4.bias,parameter,64,9.482400784082898e-07,9.287837480085123e-15,9.287837480085123e-13
PaySim,stored_observed_update,artifacts/rq1_v2/confirmatory_run_20260916/dna_v2/group_100_run/dna_v2_iht_attack_rq1_v2_confirmatory_ratio0p95_eta0p01_s0p2_iht80_step1_r4_i600_lr0p1_nonneg0p001/group_100/restart_0/baseline.pt,100,"4654590,1237162,4605206,5994339",network.5.weight,parameter,64,5.8999077133137234e-05,5.778851288456515e-13,5.778851288456515e-11
PaySim,stored_observed_update,artifacts/rq1_v2/confirmatory_run_20260916/dna_v2/group_100_run/dna_v2_iht_attack_rq1_v2_confirmatory_ratio0p95_eta0p01_s0p2_iht80_step1_r4_i600_lr0p1_nonneg0p001/group_100/restart_0/baseline.pt,100,"4654590,1237162,4605206,5994339",network.5.bias,parameter,64,5.899929338372157e-05,5.778872469804234e-13,5.778872469804234e-11
PaySim,stored_observed_update,artifacts/rq1_v2/confirmatory_run_20260916/dna_v2/group_100_run/dna_v2_iht_attack_rq1_v2_confirmatory_ratio0p95_eta0p01_s0p2_iht80_step1_r4_i600_lr0p1_nonneg0p001/group_100/restart_0/baseline.pt,100,"4654590,1237162,4605206,5994339",network.8.weight,parameter,2048,0.001821972161312829,1.78458828231754e-11,1.78458828231754e-09
PaySim,stored_observed_update,artifacts/rq1_v2/confirmatory_run_20260916/dna_v2/group_100_run/dna_v2_iht_attack_rq1_v2_confirmatory_ratio0p95_eta0p01_s0p2_iht80_step1_r4_i600_lr0p1_nonneg0p001/group_100/restart_0/baseline.pt,100,"4654590,1237162,4605206,5994339",network.8.bias,parameter,32,1.3792412335367557e-06,1.3509414666826351e-14,1.350941466682635e-12
PaySim,stored_observed_update,artifacts/rq1_v2/confirmatory_run_20260916/dna_v2/group_100_run/dna_v2_iht_attack_rq1_v2_confirmatory_ratio0p95_eta0p01_s0p2_iht80_step1_r4_i600_lr0p1_nonneg0p001/group_100/restart_0/baseline.pt,100,"4654590,1237162,4605206,5994339",network.9.weight,parameter,32,3.098148467728379e-05,3.034579545059691e-13,3.0345795450596906e-11
PaySim,stored_observed_update,artifacts/rq1_v2/confirmatory_run_20260916/dna_v2/group_100_run/dna_v2_iht_attack_rq1_v2_confirmatory_ratio0p95_eta0p01_s0p2_iht80_step1_r4_i600_lr0p1_nonneg0p001/group_100/restart_0/baseline.pt,100,"4654590,1237162,4605206,5994339",network.9.bias,parameter,32,3.0990528901886534e-05,3.035465410255187e-13,3.035465410255187e-11
PaySim,stored_observed_update,artifacts/rq1_v2/confirmatory_run_20260916/dna_v2/group_100_run/dna_v2_iht_attack_rq1_v2_confirmatory_ratio0p95_eta0p01_s0p2_iht80_step1_r4_i600_lr0p1_nonneg0p001/group_100/restart_0/baseline.pt,100,"4654590,1237162,4605206,5994339",network.12.weight,parameter,32,3.099948094918986e-05,3.036342246853435e-13,3.0363422468534354e-11
PaySim,stored_observed_update,artifacts/rq1_v2/confirmatory_run_20260916/dna_v2/group_100_run/dna_v2_iht_attack_rq1_v2_confirmatory_ratio0p95_eta0p01_s0p2_iht80_step1_r4_i600_lr0p1_nonneg0p001/group_100/restart_0/baseline.pt,100,"4654590,1237162,4605206,5994339",network.12.bias,parameter,1,9.999966025381335e-07,9.794783131927855e-15,9.794783131927856e-13
PaySim,stored_observed_update,artifacts/rq1_v2/confirmatory_run_20260916/dna_v2/group_100_run/dna_v2_iht_attack_rq1_v2_confirmatory_ratio0p95_eta0p01_s0p2_iht80_step1_r4_i600_lr0p1_nonneg0p001/group_100/restart_0/baseline.pt,100,"4654590,1237162,4605206,5994339",network.1.running_mean,batchnorm_buffer,128,2205.167862994546,2.159921437003554e-05,0.002159921437003554
PaySim,stored_observed_update,artifacts/rq1_v2/confirmatory_run_20260916/dna_v2/group_100_run/dna_v2_iht_attack_rq1_v2_confirmatory_ratio0p95_eta0p01_s0p2_iht80_step1_r4_i600_lr0p1_nonneg0p001/group_100/restart_0/baseline.pt,100,"4654590,1237162,4605206,5994339",network.1.running_var,batchnorm_buffer,128,102092612.63611138,0.9999783975311012,99.99783975311011
PaySim,stored_observed_update,artifacts/rq1_v2/confirmatory_run_20260916/dna_v2/group_100_run/dna_v2_iht_attack_rq1_v2_confirmatory_ratio0p95_eta0p01_s0p2_iht80_step1_r4_i600_lr0p1_nonneg0p001/group_100/restart_0/baseline.pt,100,"4654590,1237162,4605206,5994339",network.5.running_mean,batchnorm_buffer,64,0.03046935539185969,2.9844174217734074e-10,2.9844174217734076e-08
PaySim,stored_observed_update,artifacts/rq1_v2/confirmatory_run_20260916/dna_v2/group_100_run/dna_v2_iht_attack_rq1_v2_confirmatory_ratio0p95_eta0p01_s0p2_iht80_step1_r4_i600_lr0p1_nonneg0p001/group_100/restart_0/baseline.pt,100,"4654590,1237162,4605206,5994339",network.5.running_var,batchnorm_buffer,64,0.2242110247819118,2.196105824711922e-09,2.196105824711922e-07
PaySim,stored_observed_update,artifacts/rq1_v2/confirmatory_run_20260916/dna_v2/group_100_run/dna_v2_iht_attack_rq1_v2_confirmatory_ratio0p95_eta0p01_s0p2_iht80_step1_r4_i600_lr0p1_nonneg0p001/group_100/restart_0/baseline.pt,100,"4654590,1237162,4605206,5994339",network.9.running_mean,batchnorm_buffer,32,0.013227693588468401,1.295628302194155e-10,1.2956283021941551e-08
PaySim,stored_observed_update,artifacts/rq1_v2/confirmatory_run_20260916/dna_v2/group_100_run/dna_v2_iht_attack_rq1_v2_confirmatory_ratio0p95_eta0p01_s0p2_iht80_step1_r4_i600_lr0p1_nonneg0p001/group_100/restart_0/baseline.pt,100,"4654590,1237162,4605206,5994339",network.9.running_var,batchnorm_buffer,32,0.05447886869583196,5.336105170698307e-10,5.336105170698307e-08
PaySim,stored_observed_update,artifacts/rq1_v2/confirmatory_run_20260916/dna_v2/group_101_run/dna_v2_iht_attack_rq1_v2_confirmatory_ratio0p95_eta0p01_s0p2_iht80_step1_r4_i600_lr0p1_nonneg0p001/group_101/restart_0/baseline.pt,101,"2950936,1402258,3975978,5987923",network.0.weight,parameter,1664,0.0011630386642891735,1.0759382151896186e-11,1.0759382151896187e-09
PaySim,stored_observed_update,artifacts/rq1_v2/confirmatory_run_20260916/dna_v2/group_101_run/dna_v2_iht_attack_rq1_v2_confirmatory_ratio0p95_eta0p01_s0p2_iht80_step1_r4_i600_lr0p1_nonneg0p001/group_101/restart_0/baseline.pt,101,"2950936,1402258,3975978,5987923",network.0.bias,parameter,128,4.992843457250762e-09,4.618927334972827e-17,4.618927334972827e-15
PaySim,stored_observed_update,artifacts/rq1_v2/confirmatory_run_20260916/dna_v2/group_101_run/dna_v2_iht_attack_rq1_v2_confirmatory_ratio0p95_eta0p01_s0p2_iht80_step1_r4_i600_lr0p1_nonneg0p001/group_101/restart_0/baseline.pt,101,"2950936,1402258,3975978,5987923",network.1.weight,parameter,128,0.00010800353732420831,9.991510751174926e-13,9.991510751174926e-11
PaySim,stored_observed_update,artifacts/rq1_v2/confirmatory_run_20260916/dna_v2/group_101_run/dna_v2_iht_attack_rq1_v2_confirmatory_ratio0p95_eta0p01_s0p2_iht80_step1_r4_i600_lr0p1_nonneg0p001/group_101/restart_0/baseline.pt,101,"2950936,1402258,3975978,5987923",network.1.bias,parameter,128,0.00010799839363197098,9.991034903276206e-13,9.991034903276206e-11
PaySim,stored_observed_update,artifacts/rq1_v2/confirmatory_run_20260916/dna_v2/group_101_run/dna_v2_iht_attack_rq1_v2_confirmatory_ratio0p95_eta0p01_s0p2_iht80_step1_r4_i600_lr0p1_nonneg0p001/group_101/restart_0/baseline.pt,101,"2950936,1402258,3975978,5987923",network.4.weight,parameter,8192,0.0061556395093048085,5.6946411072584734e-11,5.694641107258473e-09
PaySim,stored_observed_update,artifacts/rq1_v2/confirmatory_run_20260916/dna_v2/group_101_run/dna_v2_iht_attack_rq1_v2_confirmatory_ratio0p95_eta0p01_s0p2_iht80_step1_r4_i600_lr0p1_nonneg0p001/group_101/restart_0/baseline.pt,101,"2950936,1402258,3975978,5987923",network.4.bias,parameter,64,1.914114821027302e-06,1.7707659662912572e-14,1.7707659662912572e-12
PaySim,stored_observed_update,artifacts/rq1_v2/confirmatory_run_20260916/dna_v2/group_101_run/dna_v2_iht_attack_rq1_v2_confirmatory_ratio0p95_eta0p01_s0p2_iht80_step1_r4_i600_lr0p1_nonneg0p001/group_101/restart_0/baseline.pt,101,"2950936,1402258,3975978,5987923",network.5.weight,parameter,64,5.70010357563433e-05,5.273220449048706e-13,5.2732204490487065e-11
PaySim,stored_observed_update,artifacts/rq1_v2/confirmatory_run_20260916/dna_v2/group_101_run/dna_v2_iht_attack_rq1_v2_confirmatory_ratio0p95_eta0p01_s0p2_iht80_step1_r4_i600_lr0p1_nonneg0p001/group_101/restart_0/baseline.pt,101,"2950936,1402258,3975978,5987923",network.5.bias,parameter,64,5.6999724854955695e-05,5.273099176304939e-13,5.273099176304939e-11
PaySim,stored_observed_update,artifacts/rq1_v2/confirmatory_run_20260916/dna_v2/group_101_run/dna_v2_iht_attack_rq1_v2_confirmatory_ratio0p95_eta0p01_s0p2_iht80_step1_r4_i600_lr0p1_nonneg0p001/group_101/restart_0/baseline.pt,101,"2950936,1402258,3975978,5987923",network.8.weight,parameter,2048,0.0017640538386590808,1.6319431132801378e-11,1.6319431132801378e-09
PaySim,stored_observed_update,artifacts/rq1_v2/confirmatory_run_20260916/dna_v2/group_101_run/dna_v2_iht_attack_rq1_v2_confirmatory_ratio0p95_eta0p01_s0p2_iht80_step1_r4_i600_lr0p1_nonneg0p001/group_101/restart_0/baseline.pt,101,"2950936,1402258,3975978,5987923",network.8.bias,parameter,32,8.265836932766502e-07,7.64680496836687e-15,7.646804968366871e-13
PaySim,stored_observed_update,artifacts/rq1_v2/confirmatory_run_20260916/dna_v2/group_101_run/dna_v2_iht_attack_rq1_v2_confirmatory_ratio0p95_eta0p01_s0p2_iht80_step1_r4_i600_lr0p1_nonneg0p001/group_101/restart_0/baseline.pt,101,"2950936,1402258,3975978,5987923",network.9.weight,parameter,32,3.0970309687461395e-05,2.865093031912469e-13,2.865093031912469e-11
PaySim,stored_observed_update,artifacts/rq1_v2/confirmatory_run_20260916/dna_v2/group_101_run/dna_v2_iht_attack_rq1_v2_confirmatory_ratio0p95_eta0p01_s0p2_iht80_step1_r4_i600_lr0p1_nonneg0p001/group_101/restart_0/baseline.pt,101,"2950936,1402258,3975978,5987923",network.9.bias,parameter,32,3.0984135859796896e-05,2.866372104366579e-13,2.866372104366579e-11
PaySim,stored_observed_update,artifacts/rq1_v2/confirmatory_run_20260916/dna_v2/group_101_run/dna_v2_iht_attack_rq1_v2_confirmatory_ratio0p95_eta0p01_s0p2_iht80_step1_r4_i600_lr0p1_nonneg0p001/group_101/restart_0/baseline.pt,101,"2950936,1402258,3975978,5987923",network.12.weight,parameter,32,3.099932706872836e-05,2.867777457664466e-13,2.8677774576644658e-11
PaySim,stored_observed_update,artifacts/rq1_v2/confirmatory_run_20260916/dna_v2/group_101_run/dna_v2_iht_attack_rq1_v2_confirmatory_ratio0p95_eta0p01_s0p2_iht80_step1_r4_i600_lr0p1_nonneg0p001/group_101/restart_0/baseline.pt,101,"2950936,1402258,3975978,5987923",network.12.bias,parameter,1,9.999966025381335e-07,9.251064412275166e-15,9.251064412275166e-13
PaySim,stored_observed_update,artifacts/rq1_v2/confirmatory_run_20260916/dna_v2/group_101_run/dna_v2_iht_attack_rq1_v2_confirmatory_ratio0p95_eta0p01_s0p2_iht80_step1_r4_i600_lr0p1_nonneg0p001/group_101/restart_0/baseline.pt,101,"2950936,1402258,3975978,5987923",network.1.running_mean,batchnorm_buffer,128,2023.9335678549476,1.872360341512062e-05,0.001872360341512062
PaySim,stored_observed_update,artifacts/rq1_v2/confirmatory_run_20260916/dna_v2/group_101_run/dna_v2_iht_attack_rq1_v2_confirmatory_ratio0p95_eta0p01_s0p2_iht80_step1_r4_i600_lr0p1_nonneg0p001/group_101/restart_0/baseline.pt,101,"2950936,1402258,3975978,5987923",network.1.running_var,batchnorm_buffer,128,108093277.62894244,0.9999812712775252,99.99812712775253
PaySim,stored_observed_update,artifacts/rq1_v2/confirmatory_run_20260916/dna_v2/group_101_run/dna_v2_iht_attack_rq1_v2_confirmatory_ratio0p95_eta0p01_s0p2_iht80_step1_r4_i600_lr0p1_nonneg0p001/group_101/restart_0/baseline.pt,101,"2950936,1402258,3975978,5987923",network.5.running_mean,batchnorm_buffer,64,0.02838692419178235,2.626101563725427e-10,2.626101563725427e-08
PaySim,stored_observed_update,artifacts/rq1_v2/confirmatory_run_20260916/dna_v2/group_101_run/dna_v2_iht_attack_rq1_v2_confirmatory_ratio0p95_eta0p01_s0p2_iht80_step1_r4_i600_lr0p1_nonneg0p001/group_101/restart_0/baseline.pt,101,"2950936,1402258,3975978,5987923",network.5.running_var,batchnorm_buffer,64,0.4559480108427547,4.2180187475129064e-09,4.2180187475129064e-07
PaySim,stored_observed_update,artifacts/rq1_v2/confirmatory_run_20260916/dna_v2/group_101_run/dna_v2_iht_attack_rq1_v2_confirmatory_ratio0p95_eta0p01_s0p2_iht80_step1_r4_i600_lr0p1_nonneg0p001/group_101/restart_0/baseline.pt,101,"2950936,1402258,3975978,5987923",network.9.running_mean,batchnorm_buffer,32,0.00798334731293738,7.38547111361123e-11,7.385471113611231e-09
PaySim,stored_observed_update,artifacts/rq1_v2/confirmatory_run_20260916/dna_v2/group_101_run/dna_v2_iht_attack_rq1_v2_confirmatory_ratio0p95_eta0p01_s0p2_iht80_step1_r4_i600_lr0p1_nonneg0p001/group_101/restart_0/baseline.pt,101,"2950936,1402258,3975978,5987923",network.9.running_var,batchnorm_buffer,32,0.051518591725863594,4.766034297276485e-10,4.7660342972764845e-08
PaySim,stored_observed_update,artifacts/rq1_v2/confirmatory_run_20260916/dna_v2/group_102_run/dna_v2_iht_attack_rq1_v2_confirmatory_ratio0p95_eta0p01_s0p2_iht80_step1_r4_i600_lr0p1_nonneg0p001/group_102/restart_0/baseline.pt,102,"6362501,1626588,1046869,6211340",network.0.weight,parameter,1664,0.0010074381172050278,2.2515665590887944e-08,2.2515665590887946e-06
PaySim,stored_observed_update,artifacts/rq1_v2/confirmatory_run_20260916/dna_v2/group_102_run/dna_v2_iht_attack_rq1_v2_confirmatory_ratio0p95_eta0p01_s0p2_iht80_step1_r4_i600_lr0p1_nonneg0p001/group_102/restart_0/baseline.pt,102,"6362501,1626588,1046869,6211340",network.0.bias,parameter,128,3.0948200235164647e-09,6.916745706108659e-14,6.916745706108659e-12
PaySim,stored_observed_update,artifacts/rq1_v2/confirmatory_run_20260916/dna_v2/group_102_run/dna_v2_iht_attack_rq1_v2_confirmatory_ratio0p95_eta0p01_s0p2_iht80_step1_r4_i600_lr0p1_nonneg0p001/group_102/restart_0/baseline.pt,102,"6362501,1626588,1046869,6211340",network.1.weight,parameter,128,0.00010199963888979369,2.279633577897009e-09,2.2796335778970087e-07
PaySim,stored_observed_update,artifacts/rq1_v2/confirmatory_run_20260916/dna_v2/group_102_run/dna_v2_iht_attack_rq1_v2_confirmatory_ratio0p95_eta0p01_s0p2_iht80_step1_r4_i600_lr0p1_nonneg0p001/group_102/restart_0/baseline.pt,102,"6362501,1626588,1046869,6211340",network.1.bias,parameter,128,0.00010199774526514625,2.279591256469431e-09,2.2795912564694308e-07
PaySim,stored_observed_update,artifacts/rq1_v2/confirmatory_run_20260916/dna_v2/group_102_run/dna_v2_iht_attack_rq1_v2_confirmatory_ratio0p95_eta0p01_s0p2_iht80_step1_r4_i600_lr0p1_nonneg0p001/group_102/restart_0/baseline.pt,102,"6362501,1626588,1046869,6211340",network.4.weight,parameter,8192,0.006017080216070329,1.344783006170646e-07,1.3447830061706461e-05
PaySim,stored_observed_update,artifacts/rq1_v2/confirmatory_run_20260916/dna_v2/group_102_run/dna_v2_iht_attack_rq1_v2_confirmatory_ratio0p95_eta0p01_s0p2_iht80_step1_r4_i600_lr0p1_nonneg0p001/group_102/restart_0/baseline.pt,102,"6362501,1626588,1046869,6211340",network.4.bias,parameter,64,1.2579813443562592e-06,2.811516338857843e-11,2.811516338857843e-09
PaySim,stored_observed_update,artifacts/rq1_v2/confirmatory_run_20260916/dna_v2/group_102_run/dna_v2_iht_attack_rq1_v2_confirmatory_ratio0p95_eta0p01_s0p2_iht80_step1_r4_i600_lr0p1_nonneg0p001/group_102/restart_0/baseline.pt,102,"6362501,1626588,1046869,6211340",network.5.weight,parameter,64,5.900074583564674e-05,1.318632916663843e-09,1.3186329166638432e-07
PaySim,stored_observed_update,artifacts/rq1_v2/confirmatory_run_20260916/dna_v2/group_102_run/dna_v2_iht_attack_rq1_v2_confirmatory_ratio0p95_eta0p01_s0p2_iht80_step1_r4_i600_lr0p1_nonneg0p001/group_102/restart_0/baseline.pt,102,"6362501,1626588,1046869,6211340",network.5.bias,parameter,64,5.8999582087446124e-05,1.318606907557309e-09,1.318606907557309e-07
PaySim,stored_observed_update,artifacts/rq1_v2/confirmatory_run_20260916/dna_v2/group_102_run/dna_v2_iht_attack_rq1_v2_confirmatory_ratio0p95_eta0p01_s0p2_iht80_step1_r4_i600_lr0p1_nonneg0p001/group_102/restart_0/baseline.pt,102,"6362501,1626588,1046869,6211340",network.8.weight,parameter,2048,0.0018718462102028605,4.1834691964430874e-08,4.1834691964430875e-06
PaySim,stored_observed_update,artifacts/rq1_v2/confirmatory_run_20260916/dna_v2/group_102_run/dna_v2_iht_attack_rq1_v2_confirmatory_ratio0p95_eta0p01_s0p2_iht80_step1_r4_i600_lr0p1_nonneg0p001/group_102/restart_0/baseline.pt,102,"6362501,1626588,1046869,6211340",network.8.bias,parameter,32,2.866780021669457e-07,6.407089347544677e-12,6.407089347544677e-10
PaySim,stored_observed_update,artifacts/rq1_v2/confirmatory_run_20260916/dna_v2/group_102_run/dna_v2_iht_attack_rq1_v2_confirmatory_ratio0p95_eta0p01_s0p2_iht80_step1_r4_i600_lr0p1_nonneg0p001/group_102/restart_0/baseline.pt,102,"6362501,1626588,1046869,6211340",network.9.weight,parameter,32,3.1973477177871246e-05,7.145889237465947e-10,7.145889237465946e-08
PaySim,stored_observed_update,artifacts/rq1_v2/confirmatory_run_20260916/dna_v2/group_102_run/dna_v2_iht_attack_rq1_v2_confirmatory_ratio0p95_eta0p01_s0p2_iht80_step1_r4_i600_lr0p1_nonneg0p001/group_102/restart_0/baseline.pt,102,"6362501,1626588,1046869,6211340",network.9.bias,parameter,32,3.198129242379475e-05,7.147635900220901e-10,7.147635900220901e-08
PaySim,stored_observed_update,artifacts/rq1_v2/confirmatory_run_20260916/dna_v2/group_102_run/dna_v2_iht_attack_rq1_v2_confirmatory_ratio0p95_eta0p01_s0p2_iht80_step1_r4_i600_lr0p1_nonneg0p001/group_102/restart_0/baseline.pt,102,"6362501,1626588,1046869,6211340",network.12.weight,parameter,32,3.1998632071964756e-05,7.151511212391365e-10,7.151511212391365e-08
PaySim,stored_observed_update,artifacts/rq1_v2/confirmatory_run_20260916/dna_v2/group_102_run/dna_v2_iht_attack_rq1_v2_confirmatory_ratio0p95_eta0p01_s0p2_iht80_step1_r4_i600_lr0p1_nonneg0p001/group_102/restart_0/baseline.pt,102,"6362501,1626588,1046869,6211340",network.12.bias,parameter,1,9.999966025381335e-07,2.2349351995176157e-11,2.234935199517616e-09
PaySim,stored_observed_update,artifacts/rq1_v2/confirmatory_run_20260916/dna_v2/group_102_run/dna_v2_iht_attack_rq1_v2_confirmatory_ratio0p95_eta0p01_s0p2_iht80_step1_r4_i600_lr0p1_nonneg0p001/group_102/restart_0/baseline.pt,102,"6362501,1626588,1046869,6211340",network.1.running_mean,batchnorm_buffer,128,62.99611699376261,0.0014079271764017918,0.14079271764017917
PaySim,stored_observed_update,artifacts/rq1_v2/confirmatory_run_20260916/dna_v2/group_102_run/dna_v2_iht_attack_rq1_v2_confirmatory_ratio0p95_eta0p01_s0p2_iht80_step1_r4_i600_lr0p1_nonneg0p001/group_102/restart_0/baseline.pt,102,"6362501,1626588,1046869,6211340",network.1.running_var,batchnorm_buffer,128,44680.619798941676,0.9985862919080317,99.85862919080317
PaySim,stored_observed_update,artifacts/rq1_v2/confirmatory_run_20260916/dna_v2/group_102_run/dna_v2_iht_attack_rq1_v2_confirmatory_ratio0p95_eta0p01_s0p2_iht80_step1_r4_i600_lr0p1_nonneg0p001/group_102/restart_0/baseline.pt,102,"6362501,1626588,1046869,6211340",network.5.running_mean,batchnorm_buffer,64,0.01906000781911944,4.2598027103203694e-07,4.2598027103203695e-05
PaySim,stored_observed_update,artifacts/rq1_v2/confirmatory_run_20260916/dna_v2/group_102_run/dna_v2_iht_attack_rq1_v2_confirmatory_ratio0p95_eta0p01_s0p2_iht80_step1_r4_i600_lr0p1_nonneg0p001/group_102/restart_0/baseline.pt,102,"6362501,1626588,1046869,6211340",network.5.running_var,batchnorm_buffer,64,0.1887068879531646,4.217490991544359e-06,0.0004217490991544359
PaySim,stored_observed_update,artifacts/rq1_v2/confirmatory_run_20260916/dna_v2/group_102_run/dna_v2_iht_attack_rq1_v2_confirmatory_ratio0p95_eta0p01_s0p2_iht80_step1_r4_i600_lr0p1_nonneg0p001/group_102/restart_0/baseline.pt,102,"6362501,1626588,1046869,6211340",network.9.running_mean,batchnorm_buffer,32,0.007962980853918642,1.7796806667479613e-07,1.7796806667479613e-05
PaySim,stored_observed_update,artifacts/rq1_v2/confirmatory_run_20260916/dna_v2/group_102_run/dna_v2_iht_attack_rq1_v2_confirmatory_ratio0p95_eta0p01_s0p2_iht80_step1_r4_i600_lr0p1_nonneg0p001/group_102/restart_0/baseline.pt,102,"6362501,1626588,1046869,6211340",network.9.running_var,batchnorm_buffer,32,0.03361382101461863,7.512496701006675e-07,7.512496701006676e-05
PaySim,stored_observed_update,artifacts/rq1_v2/confirmatory_run_20260916/dna_v2/group_103_run/dna_v2_iht_attack_rq1_v2_confirmatory_ratio0p95_eta0p01_s0p2_iht80_step1_r4_i600_lr0p1_nonneg0p001/group_103/restart_0/baseline.pt,103,"3541530,1907937,4905695,6362610",network.0.weight,parameter,1664,0.0012203373233211118,2.353420026227862e-06,0.0002353420026227862
PaySim,stored_observed_update,artifacts/rq1_v2/confirmatory_run_20260916/dna_v2/group_103_run/dna_v2_iht_attack_rq1_v2_confirmatory_ratio0p95_eta0p01_s0p2_iht80_step1_r4_i600_lr0p1_nonneg0p001/group_103/restart_0/baseline.pt,103,"3541530,1907937,4905695,6362610",network.0.bias,parameter,128,3.538237199453634e-08,6.823488984240028e-11,6.823488984240028e-09
PaySim,stored_observed_update,artifacts/rq1_v2/confirmatory_run_20260916/dna_v2/group_103_run/dna_v2_iht_attack_rq1_v2_confirmatory_ratio0p95_eta0p01_s0p2_iht80_step1_r4_i600_lr0p1_nonneg0p001/group_103/restart_0/baseline.pt,103,"3541530,1907937,4905695,6362610",network.1.weight,parameter,128,0.00011100143354880743,2.1406621895561365e-07,2.1406621895561366e-05
PaySim,stored_observed_update,artifacts/rq1_v2/confirmatory_run_20260916/dna_v2/group_103_run/dna_v2_iht_attack_rq1_v2_confirmatory_ratio0p95_eta0p01_s0p2_iht80_step1_r4_i600_lr0p1_nonneg0p001/group_103/restart_0/baseline.pt,103,"3541530,1907937,4905695,6362610",network.1.bias,parameter,128,0.00011099860659059944,2.1406076716787198e-07,2.1406076716787197e-05
PaySim,stored_observed_update,artifacts/rq1_v2/confirmatory_run_20260916/dna_v2/group_103_run/dna_v2_iht_attack_rq1_v2_confirmatory_ratio0p95_eta0p01_s0p2_iht80_step1_r4_i600_lr0p1_nonneg0p001/group_103/restart_0/baseline.pt,103,"3541530,1907937,4905695,6362610",network.4.weight,parameter,8192,0.006658628650905389,1.2841162615274615e-05,0.0012841162615274614
PaySim,stored_observed_update,artifacts/rq1_v2/confirmatory_run_20260916/dna_v2/group_103_run/dna_v2_iht_attack_rq1_v2_confirmatory_ratio0p95_eta0p01_s0p2_iht80_step1_r4_i600_lr0p1_nonneg0p001/group_103/restart_0/baseline.pt,103,"3541530,1907937,4905695,6362610",network.4.bias,parameter,64,2.59576505695042e-07,5.005931844962641e-10,5.005931844962641e-08
PaySim,stored_observed_update,artifacts/rq1_v2/confirmatory_run_20260916/dna_v2/group_103_run/dna_v2_iht_attack_rq1_v2_confirmatory_ratio0p95_eta0p01_s0p2_iht80_step1_r4_i600_lr0p1_nonneg0p001/group_103/restart_0/baseline.pt,103,"3541530,1907937,4905695,6362610",network.5.weight,parameter,64,5.9999647255892796e-05,1.1570929506141971e-07,1.1570929506141972e-05
PaySim,stored_observed_update,artifacts/rq1_v2/confirmatory_run_20260916/dna_v2/group_103_run/dna_v2_iht_attack_rq1_v2_confirmatory_ratio0p95_eta0p01_s0p2_iht80_step1_r4_i600_lr0p1_nonneg0p001/group_103/restart_0/baseline.pt,103,"3541530,1907937,4905695,6362610",network.5.bias,parameter,64,5.999220167514863e-05,1.1569493626201618e-07,1.1569493626201618e-05
PaySim,stored_observed_update,artifacts/rq1_v2/confirmatory_run_20260916/dna_v2/group_103_run/dna_v2_iht_attack_rq1_v2_confirmatory_ratio0p95_eta0p01_s0p2_iht80_step1_r4_i600_lr0p1_nonneg0p001/group_103/restart_0/baseline.pt,103,"3541530,1907937,4905695,6362610",network.8.weight,parameter,2048,0.0019152719498089581,3.6936011676558603e-06,0.000369360116765586
PaySim,stored_observed_update,artifacts/rq1_v2/confirmatory_run_20260916/dna_v2/group_103_run/dna_v2_iht_attack_rq1_v2_confirmatory_ratio0p95_eta0p01_s0p2_iht80_step1_r4_i600_lr0p1_nonneg0p001/group_103/restart_0/baseline.pt,103,"3541530,1907937,4905695,6362610",network.8.bias,parameter,32,2.871466161689321e-07,5.537621312084629e-10,5.5376213120846294e-08
PaySim,stored_observed_update,artifacts/rq1_v2/confirmatory_run_20260916/dna_v2/group_103_run/dna_v2_iht_attack_rq1_v2_confirmatory_ratio0p95_eta0p01_s0p2_iht80_step1_r4_i600_lr0p1_nonneg0p001/group_103/restart_0/baseline.pt,103,"3541530,1907937,4905695,6362610",network.9.weight,parameter,32,3.198345915222944e-05,6.168008782362821e-08,6.1680087823628214e-06
PaySim,stored_observed_update,artifacts/rq1_v2/confirmatory_run_20260916/dna_v2/group_103_run/dna_v2_iht_attack_rq1_v2_confirmatory_ratio0p95_eta0p01_s0p2_iht80_step1_r4_i600_lr0p1_nonneg0p001/group_103/restart_0/baseline.pt,103,"3541530,1907937,4905695,6362610",network.9.bias,parameter,32,3.197915485778167e-05,6.167178699355558e-08,6.167178699355558e-06
PaySim,stored_observed_update,artifacts/rq1_v2/confirmatory_run_20260916/dna_v2/group_103_run/dna_v2_iht_attack_rq1_v2_confirmatory_ratio0p95_eta0p01_s0p2_iht80_step1_r4_i600_lr0p1_nonneg0p001/group_103/restart_0/baseline.pt,103,"3541530,1907937,4905695,6362610",network.12.weight,parameter,32,3.1999644252804225e-05,6.171130078343145e-08,6.171130078343144e-06
PaySim,stored_observed_update,artifacts/rq1_v2/confirmatory_run_20260916/dna_v2/group_103_run/dna_v2_iht_attack_rq1_v2_confirmatory_ratio0p95_eta0p01_s0p2_iht80_step1_r4_i600_lr0p1_nonneg0p001/group_103/restart_0/baseline.pt,103,"3541530,1907937,4905695,6362610",network.12.bias,parameter,1,9.999966025381335e-07,1.9284930368009445e-09,1.9284930368009445e-07
PaySim,stored_observed_update,artifacts/rq1_v2/confirmatory_run_20260916/dna_v2/group_103_run/dna_v2_iht_attack_rq1_v2_confirmatory_ratio0p95_eta0p01_s0p2_iht80_step1_r4_i600_lr0p1_nonneg0p001/group_103/restart_0/baseline.pt,103,"3541530,1907937,4905695,6362610",network.1.running_mean,batchnorm_buffer,128,1.8720828689889282,0.0036103110430535774,0.36103110430535773
PaySim,stored_observed_update,artifacts/rq1_v2/confirmatory_run_20260916/dna_v2/group_103_run/dna_v2_iht_attack_rq1_v2_confirmatory_ratio0p95_eta0p01_s0p2_iht80_step1_r4_i600_lr0p1_nonneg0p001/group_103/restart_0/baseline.pt,103,"3541530,1907937,4905695,6362610",network.1.running_var,batchnorm_buffer,128,516.4579539087263,0.9959889517479247,99.59889517479247
PaySim,stored_observed_update,artifacts/rq1_v2/confirmatory_run_20260916/dna_v2/group_103_run/dna_v2_iht_attack_rq1_v2_confirmatory_ratio0p95_eta0p01_s0p2_iht80_step1_r4_i600_lr0p1_nonneg0p001/group_103/restart_0/baseline.pt,103,"3541530,1907937,4905695,6362610",network.5.running_mean,batchnorm_buffer,64,0.03063157546774016,5.9072980693978776e-05,0.005907298069397877
PaySim,stored_observed_update,artifacts/rq1_v2/confirmatory_run_20260916/dna_v2/group_103_run/dna_v2_iht_attack_rq1_v2_confirmatory_ratio0p95_eta0p01_s0p2_iht80_step1_r4_i600_lr0p1_nonneg0p001/group_103/restart_0/baseline.pt,103,"3541530,1907937,4905695,6362610",network.5.running_var,batchnorm_buffer,64,0.09668643137192512,0.00018645974314375694,0.018645974314375695
PaySim,stored_observed_update,artifacts/rq1_v2/confirmatory_run_20260916/dna_v2/group_103_run/dna_v2_iht_attack_rq1_v2_confirmatory_ratio0p95_eta0p01_s0p2_iht80_step1_r4_i600_lr0p1_nonneg0p001/group_103/restart_0/baseline.pt,103,"3541530,1907937,4905695,6362610",network.9.running_mean,batchnorm_buffer,32,0.006410567051248265,1.2362775922337601e-05,0.0012362775922337601
PaySim,stored_observed_update,artifacts/rq1_v2/confirmatory_run_20260916/dna_v2/group_103_run/dna_v2_iht_attack_rq1_v2_confirmatory_ratio0p95_eta0p01_s0p2_iht80_step1_r4_i600_lr0p1_nonneg0p001/group_103/restart_0/baseline.pt,103,"3541530,1907937,4905695,6362610",network.9.running_var,batchnorm_buffer,32,0.06383505637791975,0.0001231058799761467,0.01231058799761467
PaySim,stored_observed_update,artifacts/rq1_v2/confirmatory_run_20260916/dna_v2/group_104_run/dna_v2_iht_attack_rq1_v2_confirmatory_ratio0p95_eta0p01_s0p2_iht80_step1_r4_i600_lr0p1_nonneg0p001/group_104/restart_0/baseline.pt,104,"4573909,2037815,3857526,5731212",network.0.weight,parameter,1664,0.0008997713171661498,1.6483074645663573e-07,1.6483074645663573e-05
PaySim,stored_observed_update,artifacts/rq1_v2/confirmatory_run_20260916/dna_v2/group_104_run/dna_v2_iht_attack_rq1_v2_confirmatory_ratio0p95_eta0p01_s0p2_iht80_step1_r4_i600_lr0p1_nonneg0p001/group_104/restart_0/baseline.pt,104,"4573909,2037815,3857526,5731212",network.0.bias,parameter,128,2.091332855615538e-07,3.831150750238266e-11,3.831150750238266e-09
PaySim,stored_observed_update,artifacts/rq1_v2/confirmatory_run_20260916/dna_v2/group_104_run/dna_v2_iht_attack_rq1_v2_confirmatory_ratio0p95_eta0p01_s0p2_iht80_step1_r4_i600_lr0p1_nonneg0p001/group_104/restart_0/baseline.pt,104,"4573909,2037815,3857526,5731212",network.1.weight,parameter,128,0.00010000326645709379,1.8319780530613183e-08,1.8319780530613183e-06
PaySim,stored_observed_update,artifacts/rq1_v2/confirmatory_run_20260916/dna_v2/group_104_run/dna_v2_iht_attack_rq1_v2_confirmatory_ratio0p95_eta0p01_s0p2_iht80_step1_r4_i600_lr0p1_nonneg0p001/group_104/restart_0/baseline.pt,104,"4573909,2037815,3857526,5731212",network.1.bias,parameter,128,9.999969704135031e-05,1.8319126642841716e-08,1.8319126642841717e-06
PaySim,stored_observed_update,artifacts/rq1_v2/confirmatory_run_20260916/dna_v2/group_104_run/dna_v2_iht_attack_rq1_v2_confirmatory_ratio0p95_eta0p01_s0p2_iht80_step1_r4_i600_lr0p1_nonneg0p001/group_104/restart_0/baseline.pt,104,"4573909,2037815,3857526,5731212",network.4.weight,parameter,8192,0.006399415468786274,1.1723205757751467e-06,0.00011723205757751467
PaySim,stored_observed_update,artifacts/rq1_v2/confirmatory_run_20260916/dna_v2/group_104_run/dna_v2_iht_attack_rq1_v2_confirmatory_ratio0p95_eta0p01_s0p2_iht80_step1_r4_i600_lr0p1_nonneg0p001/group_104/restart_0/baseline.pt,104,"4573909,2037815,3857526,5731212",network.4.bias,parameter,64,2.393474161505255e-06,4.3846489117715517e-10,4.384648911771552e-08
PaySim,stored_observed_update,artifacts/rq1_v2/confirmatory_run_20260916/dna_v2/group_104_run/dna_v2_iht_attack_rq1_v2_confirmatory_ratio0p95_eta0p01_s0p2_iht80_step1_r4_i600_lr0p1_nonneg0p001/group_104/restart_0/baseline.pt,104,"4573909,2037815,3857526,5731212",network.5.weight,parameter,64,6.400121314698026e-05,1.1724498809733652e-08,1.1724498809733652e-06
PaySim,stored_observed_update,artifacts/rq1_v2/confirmatory_run_20260916/dna_v2/group_104_run/dna_v2_iht_attack_rq1_v2_confirmatory_ratio0p95_eta0p01_s0p2_iht80_step1_r4_i600_lr0p1_nonneg0p001/group_104/restart_0/baseline.pt,104,"4573909,2037815,3857526,5731212",network.5.bias,parameter,64,6.399936207950415e-05,1.1724159709311125e-08,1.1724159709311125e-06
PaySim,stored_observed_update,artifacts/rq1_v2/confirmatory_run_20260916/dna_v2/group_104_run/dna_v2_iht_attack_rq1_v2_confirmatory_ratio0p95_eta0p01_s0p2_iht80_step1_r4_i600_lr0p1_nonneg0p001/group_104/restart_0/baseline.pt,104,"4573909,2037815,3857526,5731212",network.8.weight,parameter,2048,0.0020469369840853797,3.74982114454516e-07,3.74982114454516e-05
PaySim,stored_observed_update,artifacts/rq1_v2/confirmatory_run_20260916/dna_v2/group_104_run/dna_v2_iht_attack_rq1_v2_confirmatory_ratio0p95_eta0p01_s0p2_iht80_step1_r4_i600_lr0p1_nonneg0p001/group_104/restart_0/baseline.pt,104,"4573909,2037815,3857526,5731212",network.8.bias,parameter,32,8.835875335343277e-07,1.6186600965559217e-10,1.6186600965559217e-08
PaySim,stored_observed_update,artifacts/rq1_v2/confirmatory_run_20260916/dna_v2/group_104_run/dna_v2_iht_attack_rq1_v2_confirmatory_ratio0p95_eta0p01_s0p2_iht80_step1_r4_i600_lr0p1_nonneg0p001/group_104/restart_0/baseline.pt,104,"4573909,2037815,3857526,5731212",network.9.weight,parameter,32,3.198964812867189e-05,5.860241907400599e-09,5.860241907400599e-07
PaySim,stored_observed_update,artifacts/rq1_v2/confirmatory_run_20260916/dna_v2/group_104_run/dna_v2_iht_attack_rq1_v2_confirmatory_ratio0p95_eta0p01_s0p2_iht80_step1_r4_i600_lr0p1_nonneg0p001/group_104/restart_0/baseline.pt,104,"4573909,2037815,3857526,5731212",network.9.bias,parameter,32,3.1995302028031865e-05,5.8612776555225005e-09,5.8612776555225e-07
PaySim,stored_observed_update,artifacts/rq1_v2/confirmatory_run_20260916/dna_v2/group_104_run/dna_v2_iht_attack_rq1_v2_confirmatory_ratio0p95_eta0p01_s0p2_iht80_step1_r4_i600_lr0p1_nonneg0p001/group_104/restart_0/baseline.pt,104,"4573909,2037815,3857526,5731212",network.12.weight,parameter,32,3.199973435511714e-05,5.862089621594398e-09,5.862089621594398e-07
PaySim,stored_observed_update,artifacts/rq1_v2/confirmatory_run_20260916/dna_v2/group_104_run/dna_v2_iht_attack_rq1_v2_confirmatory_ratio0p95_eta0p01_s0p2_iht80_step1_r4_i600_lr0p1_nonneg0p001/group_104/restart_0/baseline.pt,104,"4573909,2037815,3857526,5731212",network.12.bias,parameter,1,9.999966025381335e-07,1.8319119903665813e-10,1.8319119903665813e-08
PaySim,stored_observed_update,artifacts/rq1_v2/confirmatory_run_20260916/dna_v2/group_104_run/dna_v2_iht_attack_rq1_v2_confirmatory_ratio0p95_eta0p01_s0p2_iht80_step1_r4_i600_lr0p1_nonneg0p001/group_104/restart_0/baseline.pt,104,"4573909,2037815,3857526,5731212",network.1.running_mean,batchnorm_buffer,128,31.399837971741917,0.00575219351045829,0.575219351045829
PaySim,stored_observed_update,artifacts/rq1_v2/confirmatory_run_20260916/dna_v2/group_104_run/dna_v2_iht_attack_rq1_v2_confirmatory_ratio0p95_eta0p01_s0p2_iht80_step1_r4_i600_lr0p1_nonneg0p001/group_104/restart_0/baseline.pt,104,"4573909,2037815,3857526,5731212",network.1.running_var,batchnorm_buffer,128,5427.053882365964,0.9941918856761911,99.41918856761912
PaySim,stored_observed_update,artifacts/rq1_v2/confirmatory_run_20260916/dna_v2/group_104_run/dna_v2_iht_attack_rq1_v2_confirmatory_ratio0p95_eta0p01_s0p2_iht80_step1_r4_i600_lr0p1_nonneg0p001/group_104/restart_0/baseline.pt,104,"4573909,2037815,3857526,5731212",network.5.running_mean,batchnorm_buffer,64,0.03235230446272415,5.926677581786542e-06,0.0005926677581786543
PaySim,stored_observed_update,artifacts/rq1_v2/confirmatory_run_20260916/dna_v2/group_104_run/dna_v2_iht_attack_rq1_v2_confirmatory_ratio0p95_eta0p01_s0p2_iht80_step1_r4_i600_lr0p1_nonneg0p001/group_104/restart_0/baseline.pt,104,"4573909,2037815,3857526,5731212",network.5.running_var,batchnorm_buffer,64,0.2290396744313239,4.1958195137408e-05,0.0041958195137408
PaySim,stored_observed_update,artifacts/rq1_v2/confirmatory_run_20260916/dna_v2/group_104_run/dna_v2_iht_attack_rq1_v2_confirmatory_ratio0p95_eta0p01_s0p2_iht80_step1_r4_i600_lr0p1_nonneg0p001/group_104/restart_0/baseline.pt,104,"4573909,2037815,3857526,5731212",network.9.running_mean,batchnorm_buffer,32,0.008329126383819167,1.5258278331215754e-06,0.00015258278331215755
PaySim,stored_observed_update,artifacts/rq1_v2/confirmatory_run_20260916/dna_v2/group_104_run/dna_v2_iht_attack_rq1_v2_confirmatory_ratio0p95_eta0p01_s0p2_iht80_step1_r4_i600_lr0p1_nonneg0p001/group_104/restart_0/baseline.pt,104,"4573909,2037815,3857526,5731212",network.9.running_var,batchnorm_buffer,32,0.02576253850476884,4.719486353191592e-06,0.00047194863531915924
PaySim,stored_observed_update,artifacts/rq1_v2/confirmatory_run_20260916/dna_v2/group_105_run/dna_v2_iht_attack_rq1_v2_confirmatory_ratio0p95_eta0p01_s0p2_iht80_step1_r4_i600_lr0p1_nonneg0p001/group_105/restart_0/baseline.pt,105,"3341113,6009597,2979940,3434974",network.0.weight,parameter,1664,0.001246649748621412,3.500430788181131e-10,3.500430788181131e-08
PaySim,stored_observed_update,artifacts/rq1_v2/confirmatory_run_20260916/dna_v2/group_105_run/dna_v2_iht_attack_rq1_v2_confirmatory_ratio0p95_eta0p01_s0p2_iht80_step1_r4_i600_lr0p1_nonneg0p001/group_105/restart_0/baseline.pt,105,"3341113,6009597,2979940,3434974",network.0.bias,parameter,128,6.516611247148196e-08,1.8297799096618845e-14,1.8297799096618846e-12
PaySim,stored_observed_update,artifacts/rq1_v2/confirmatory_run_20260916/dna_v2/group_105_run/dna_v2_iht_attack_rq1_v2_confirmatory_ratio0p95_eta0p01_s0p2_iht80_step1_r4_i600_lr0p1_nonneg0p001/group_105/restart_0/baseline.pt,105,"3341113,6009597,2979940,3434974",network.1.weight,parameter,128,0.00011400266788186286,3.2010470385106433e-11,3.2010470385106434e-09
PaySim,stored_observed_update,artifacts/rq1_v2/confirmatory_run_20260916/dna_v2/group_105_run/dna_v2_iht_attack_rq1_v2_confirmatory_ratio0p95_eta0p01_s0p2_iht80_step1_r4_i600_lr0p1_nonneg0p001/group_105/restart_0/baseline.pt,105,"3341113,6009597,2979940,3434974",network.1.bias,parameter,128,0.00011399941432352123,3.2009556828126794e-11,3.2009556828126795e-09
PaySim,stored_observed_update,artifacts/rq1_v2/confirmatory_run_20260916/dna_v2/group_105_run/dna_v2_iht_attack_rq1_v2_confirmatory_ratio0p95_eta0p01_s0p2_iht80_step1_r4_i600_lr0p1_nonneg0p001/group_105/restart_0/baseline.pt,105,"3341113,6009597,2979940,3434974",network.4.weight,parameter,8192,0.006953586624522609,1.9524769275155316e-09,1.9524769275155317e-07
PaySim,stored_observed_update,artifacts/rq1_v2/confirmatory_run_20260916/dna_v2/group_105_run/dna_v2_iht_attack_rq1_v2_confirmatory_ratio0p95_eta0p01_s0p2_iht80_step1_r4_i600_lr0p1_nonneg0p001/group_105/restart_0/baseline.pt,105,"3341113,6009597,2979940,3434974",network.4.bias,parameter,64,4.657701250804962e-06,1.3078220950589313e-12,1.3078220950589313e-10
PaySim,stored_observed_update,artifacts/rq1_v2/confirmatory_run_20260916/dna_v2/group_105_run/dna_v2_iht_attack_rq1_v2_confirmatory_ratio0p95_eta0p01_s0p2_iht80_step1_r4_i600_lr0p1_nonneg0p001/group_105/restart_0/baseline.pt,105,"3341113,6009597,2979940,3434974",network.5.weight,parameter,64,6.100117118279513e-05,1.7128337607214285e-11,1.7128337607214284e-09
PaySim,stored_observed_update,artifacts/rq1_v2/confirmatory_run_20260916/dna_v2/group_105_run/dna_v2_iht_attack_rq1_v2_confirmatory_ratio0p95_eta0p01_s0p2_iht80_step1_r4_i600_lr0p1_nonneg0p001/group_105/restart_0/baseline.pt,105,"3341113,6009597,2979940,3434974",network.5.bias,parameter,64,6.099975317440067e-05,1.712793944885045e-11,1.712793944885045e-09
PaySim,stored_observed_update,artifacts/rq1_v2/confirmatory_run_20260916/dna_v2/group_105_run/dna_v2_iht_attack_rq1_v2_confirmatory_ratio0p95_eta0p01_s0p2_iht80_step1_r4_i600_lr0p1_nonneg0p001/group_105/restart_0/baseline.pt,105,"3341113,6009597,2979940,3434974",network.8.weight,parameter,2048,0.001937731364860903,5.440898324717192e-10,5.4408983247171916e-08
PaySim,stored_observed_update,artifacts/rq1_v2/confirmatory_run_20260916/dna_v2/group_105_run/dna_v2_iht_attack_rq1_v2_confirmatory_ratio0p95_eta0p01_s0p2_iht80_step1_r4_i600_lr0p1_nonneg0p001/group_105/restart_0/baseline.pt,105,"3341113,6009597,2979940,3434974",network.8.bias,parameter,32,2.188316388455772e-06,6.144508566983364e-13,6.144508566983364e-11
PaySim,stored_observed_update,artifacts/rq1_v2/confirmatory_run_20260916/dna_v2/group_105_run/dna_v2_iht_attack_rq1_v2_confirmatory_ratio0p95_eta0p01_s0p2_iht80_step1_r4_i600_lr0p1_nonneg0p001/group_105/restart_0/baseline.pt,105,"3341113,6009597,2979940,3434974",network.9.weight,parameter,32,3.197787620123904e-05,8.978972844557571e-12,8.978972844557571e-10
PaySim,stored_observed_update,artifacts/rq1_v2/confirmatory_run_20260916/dna_v2/group_105_run/dna_v2_iht_attack_rq1_v2_confirmatory_ratio0p95_eta0p01_s0p2_iht80_step1_r4_i600_lr0p1_nonneg0p001/group_105/restart_0/baseline.pt,105,"3341113,6009597,2979940,3434974",network.9.bias,parameter,32,3.197298567419321e-05,8.977599647999308e-12,8.977599647999308e-10
PaySim,stored_observed_update,artifacts/rq1_v2/confirmatory_run_20260916/dna_v2/group_105_run/dna_v2_iht_attack_rq1_v2_confirmatory_ratio0p95_eta0p01_s0p2_iht80_step1_r4_i600_lr0p1_nonneg0p001/group_105/restart_0/baseline.pt,105,"3341113,6009597,2979940,3434974",network.12.weight,parameter,32,3.1999689419059076e-05,8.985097713176923e-12,8.985097713176922e-10
PaySim,stored_observed_update,artifacts/rq1_v2/confirmatory_run_20260916/dna_v2/group_105_run/dna_v2_iht_attack_rq1_v2_confirmatory_ratio0p95_eta0p01_s0p2_iht80_step1_r4_i600_lr0p1_nonneg0p001/group_105/restart_0/baseline.pt,105,"3341113,6009597,2979940,3434974",network.12.bias,parameter,1,9.999966025381335e-07,2.8078607479541827e-13,2.8078607479541826e-11
PaySim,stored_observed_update,artifacts/rq1_v2/confirmatory_run_20260916/dna_v2/group_105_run/dna_v2_iht_attack_rq1_v2_confirmatory_ratio0p95_eta0p01_s0p2_iht80_step1_r4_i600_lr0p1_nonneg0p001/group_105/restart_0/baseline.pt,105,"3341113,6009597,2979940,3434974",network.1.running_mean,batchnorm_buffer,128,390.4841922902365,0.00010964289613039337,0.010964289613039337
PaySim,stored_observed_update,artifacts/rq1_v2/confirmatory_run_20260916/dna_v2/group_105_run/dna_v2_iht_attack_rq1_v2_confirmatory_ratio0p95_eta0p01_s0p2_iht80_step1_r4_i600_lr0p1_nonneg0p001/group_105/restart_0/baseline.pt,105,"3341113,6009597,2979940,3434974",network.1.running_var,batchnorm_buffer,128,3561027.028313515,0.999890198609365,99.9890198609365
PaySim,stored_observed_update,artifacts/rq1_v2/confirmatory_run_20260916/dna_v2/group_105_run/dna_v2_iht_attack_rq1_v2_confirmatory_ratio0p95_eta0p01_s0p2_iht80_step1_r4_i600_lr0p1_nonneg0p001/group_105/restart_0/baseline.pt,105,"3341113,6009597,2979940,3434974",network.5.running_mean,batchnorm_buffer,64,0.03883400781213695,1.0904085668359791e-08,1.090408566835979e-06
PaySim,stored_observed_update,artifacts/rq1_v2/confirmatory_run_20260916/dna_v2/group_105_run/dna_v2_iht_attack_rq1_v2_confirmatory_ratio0p95_eta0p01_s0p2_iht80_step1_r4_i600_lr0p1_nonneg0p001/group_105/restart_0/baseline.pt,105,"3341113,6009597,2979940,3434974",network.5.running_var,batchnorm_buffer,64,0.46543829398393166,1.3068903563823907e-07,1.3068903563823906e-05
PaySim,stored_observed_update,artifacts/rq1_v2/confirmatory_run_20260916/dna_v2/group_105_run/dna_v2_iht_attack_rq1_v2_confirmatory_ratio0p95_eta0p01_s0p2_iht80_step1_r4_i600_lr0p1_nonneg0p001/group_105/restart_0/baseline.pt,105,"3341113,6009597,2979940,3434974",network.9.running_mean,batchnorm_buffer,32,0.006554236585306704,1.840344616569451e-09,1.840344616569451e-07
PaySim,stored_observed_update,artifacts/rq1_v2/confirmatory_run_20260916/dna_v2/group_105_run/dna_v2_iht_attack_rq1_v2_confirmatory_ratio0p95_eta0p01_s0p2_iht80_step1_r4_i600_lr0p1_nonneg0p001/group_105/restart_0/baseline.pt,105,"3341113,6009597,2979940,3434974",network.9.running_var,batchnorm_buffer,32,0.043046822542465446,1.2086989399199365e-08,1.2086989399199365e-06
PaySim,stored_observed_update,artifacts/rq1_v2/confirmatory_run_20260916/dna_v2/group_106_run/dna_v2_iht_attack_rq1_v2_confirmatory_ratio0p95_eta0p01_s0p2_iht80_step1_r4_i600_lr0p1_nonneg0p001/group_106/restart_0/baseline.pt,106,"2581551,4154972,3067829,3158409",network.0.weight,parameter,1664,0.0012105392213298748,1.1607806264742723e-11,1.1607806264742724e-09
PaySim,stored_observed_update,artifacts/rq1_v2/confirmatory_run_20260916/dna_v2/group_106_run/dna_v2_iht_attack_rq1_v2_confirmatory_ratio0p95_eta0p01_s0p2_iht80_step1_r4_i600_lr0p1_nonneg0p001/group_106/restart_0/baseline.pt,106,"2581551,4154972,3067829,3158409",network.0.bias,parameter,128,3.408476705090216e-09,3.2683730153832254e-17,3.2683730153832256e-15
PaySim,stored_observed_update,artifacts/rq1_v2/confirmatory_run_20260916/dna_v2/group_106_run/dna_v2_iht_attack_rq1_v2_confirmatory_ratio0p95_eta0p01_s0p2_iht80_step1_r4_i600_lr0p1_nonneg0p001/group_106/restart_0/baseline.pt,106,"2581551,4154972,3067829,3158409",network.1.weight,parameter,128,0.00010600323119547284,1.016460226544346e-12,1.016460226544346e-10
PaySim,stored_observed_update,artifacts/rq1_v2/confirmatory_run_20260916/dna_v2/group_106_run/dna_v2_iht_attack_rq1_v2_confirmatory_ratio0p95_eta0p01_s0p2_iht80_step1_r4_i600_lr0p1_nonneg0p001/group_106/restart_0/baseline.pt,106,"2581551,4154972,3067829,3158409",network.1.bias,parameter,128,0.00010599905155629192,1.016420148171821e-12,1.0164201481718212e-10
PaySim,stored_observed_update,artifacts/rq1_v2/confirmatory_run_20260916/dna_v2/group_106_run/dna_v2_iht_attack_rq1_v2_confirmatory_ratio0p95_eta0p01_s0p2_iht80_step1_r4_i600_lr0p1_nonneg0p001/group_106/restart_0/baseline.pt,106,"2581551,4154972,3067829,3158409",network.4.weight,parameter,8192,0.006465693306330909,6.199924293628569e-11,6.199924293628569e-09
PaySim,stored_observed_update,artifacts/rq1_v2/confirmatory_run_20260916/dna_v2/group_106_run/dna_v2_iht_attack_rq1_v2_confirmatory_ratio0p95_eta0p01_s0p2_iht80_step1_r4_i600_lr0p1_nonneg0p001/group_106/restart_0/baseline.pt,106,"2581551,4154972,3067829,3158409",network.4.bias,parameter,64,2.385354626951216e-06,2.287305846392904e-14,2.287305846392904e-12
PaySim,stored_observed_update,artifacts/rq1_v2/confirmatory_run_20260916/dna_v2/group_106_run/dna_v2_iht_attack_rq1_v2_confirmatory_ratio0p95_eta0p01_s0p2_iht80_step1_r4_i600_lr0p1_nonneg0p001/group_106/restart_0/baseline.pt,106,"2581551,4154972,3067829,3158409",network.5.weight,parameter,64,6.1000455929161035e-05,5.849306342249641e-13,5.849306342249642e-11
PaySim,stored_observed_update,artifacts/rq1_v2/confirmatory_run_20260916/dna_v2/group_106_run/dna_v2_iht_attack_rq1_v2_confirmatory_ratio0p95_eta0p01_s0p2_iht80_step1_r4_i600_lr0p1_nonneg0p001/group_106/restart_0/baseline.pt,106,"2581551,4154972,3067829,3158409",network.5.bias,parameter,64,6.099935644741163e-05,5.849200913438134e-13,5.849200913438134e-11
PaySim,stored_observed_update,artifacts/rq1_v2/confirmatory_run_20260916/dna_v2/group_106_run/dna_v2_iht_attack_rq1_v2_confirmatory_ratio0p95_eta0p01_s0p2_iht80_step1_r4_i600_lr0p1_nonneg0p001/group_106/restart_0/baseline.pt,106,"2581551,4154972,3067829,3158409",network.8.weight,parameter,2048,0.0019476706601820137,1.867612654968706e-11,1.867612654968706e-09
PaySim,stored_observed_update,artifacts/rq1_v2/confirmatory_run_20260916/dna_v2/group_106_run/dna_v2_iht_attack_rq1_v2_confirmatory_ratio0p95_eta0p01_s0p2_iht80_step1_r4_i600_lr0p1_nonneg0p001/group_106/restart_0/baseline.pt,106,"2581551,4154972,3067829,3158409",network.8.bias,parameter,32,1.5745030944576497e-06,1.5097839509589845e-14,1.5097839509589846e-12
PaySim,stored_observed_update,artifacts/rq1_v2/confirmatory_run_20260916/dna_v2/group_106_run/dna_v2_iht_attack_rq1_v2_confirmatory_ratio0p95_eta0p01_s0p2_iht80_step1_r4_i600_lr0p1_nonneg0p001/group_106/restart_0/baseline.pt,106,"2581551,4154972,3067829,3158409",network.9.weight,parameter,32,3.199059932512682e-05,3.067564212013997e-13,3.0675642120139967e-11
PaySim,stored_observed_update,artifacts/rq1_v2/confirmatory_run_20260916/dna_v2/group_106_run/dna_v2_iht_attack_rq1_v2_confirmatory_ratio0p95_eta0p01_s0p2_iht80_step1_r4_i600_lr0p1_nonneg0p001/group_106/restart_0/baseline.pt,106,"2581551,4154972,3067829,3158409",network.9.bias,parameter,32,3.199491930593393e-05,3.0679784530347976e-13,3.0679784530347976e-11
PaySim,stored_observed_update,artifacts/rq1_v2/confirmatory_run_20260916/dna_v2/group_106_run/dna_v2_iht_attack_rq1_v2_confirmatory_ratio0p95_eta0p01_s0p2_iht80_step1_r4_i600_lr0p1_nonneg0p001/group_106/restart_0/baseline.pt,106,"2581551,4154972,3067829,3158409",network.12.weight,parameter,32,3.199972597363348e-05,3.068439362243291e-13,3.068439362243291e-11
PaySim,stored_observed_update,artifacts/rq1_v2/confirmatory_run_20260916/dna_v2/group_106_run/dna_v2_iht_attack_rq1_v2_confirmatory_ratio0p95_eta0p01_s0p2_iht80_step1_r4_i600_lr0p1_nonneg0p001/group_106/restart_0/baseline.pt,106,"2581551,4154972,3067829,3158409",network.12.bias,parameter,1,9.999966025381335e-07,9.588922542229998e-15,9.588922542229998e-13
PaySim,stored_observed_update,artifacts/rq1_v2/confirmatory_run_20260916/dna_v2/group_106_run/dna_v2_iht_attack_rq1_v2_confirmatory_ratio0p95_eta0p01_s0p2_iht80_step1_r4_i600_lr0p1_nonneg0p001/group_106/restart_0/baseline.pt,106,"2581551,4154972,3067829,3158409",network.1.running_mean,batchnorm_buffer,128,2099.247603380875,2.0129591055299166e-05,0.0020129591055299168
PaySim,stored_observed_update,artifacts/rq1_v2/confirmatory_run_20260916/dna_v2/group_106_run/dna_v2_iht_attack_rq1_v2_confirmatory_ratio0p95_eta0p01_s0p2_iht80_step1_r4_i600_lr0p1_nonneg0p001/group_106/restart_0/baseline.pt,106,"2581551,4154972,3067829,3158409",network.1.running_var,batchnorm_buffer,128,104284549.75933675,0.9999798673870768,99.99798673870768
PaySim,stored_observed_update,artifacts/rq1_v2/confirmatory_run_20260916/dna_v2/group_106_run/dna_v2_iht_attack_rq1_v2_confirmatory_ratio0p95_eta0p01_s0p2_iht80_step1_r4_i600_lr0p1_nonneg0p001/group_106/restart_0/baseline.pt,106,"2581551,4154972,3067829,3158409",network.5.running_mean,batchnorm_buffer,64,0.027366170387840318,2.6241297966456075e-10,2.6241297966456075e-08
PaySim,stored_observed_update,artifacts/rq1_v2/confirmatory_run_20260916/dna_v2/group_106_run/dna_v2_iht_attack_rq1_v2_confirmatory_ratio0p95_eta0p01_s0p2_iht80_step1_r4_i600_lr0p1_nonneg0p001/group_106/restart_0/baseline.pt,106,"2581551,4154972,3067829,3158409",network.5.running_var,batchnorm_buffer,64,0.23237642818453352,2.228247140886254e-09,2.2282471408862538e-07
PaySim,stored_observed_update,artifacts/rq1_v2/confirmatory_run_20260916/dna_v2/group_106_run/dna_v2_iht_attack_rq1_v2_confirmatory_ratio0p95_eta0p01_s0p2_iht80_step1_r4_i600_lr0p1_nonneg0p001/group_106/restart_0/baseline.pt,106,"2581551,4154972,3067829,3158409",network.9.running_mean,batchnorm_buffer,32,0.008837434018922539,8.474175818640851e-11,8.474175818640851e-09
PaySim,stored_observed_update,artifacts/rq1_v2/confirmatory_run_20260916/dna_v2/group_106_run/dna_v2_iht_attack_rq1_v2_confirmatory_ratio0p95_eta0p01_s0p2_iht80_step1_r4_i600_lr0p1_nonneg0p001/group_106/restart_0/baseline.pt,106,"2581551,4154972,3067829,3158409",network.9.running_var,batchnorm_buffer,32,0.03650159124221336,3.500121202425561e-10,3.500121202425561e-08
PaySim,stored_observed_update,artifacts/rq1_v2/confirmatory_run_20260916/dna_v2/group_107_run/dna_v2_iht_attack_rq1_v2_confirmatory_ratio0p95_eta0p01_s0p2_iht80_step1_r4_i600_lr0p1_nonneg0p001/group_107/restart_0/baseline.pt,107,"1375368,1062066,6271133,1260549",network.0.weight,parameter,1664,0.0011579376976832215,5.544301244648533e-07,5.5443012446485334e-05
PaySim,stored_observed_update,artifacts/rq1_v2/confirmatory_run_20260916/dna_v2/group_107_run/dna_v2_iht_attack_rq1_v2_confirmatory_ratio0p95_eta0p01_s0p2_iht80_step1_r4_i600_lr0p1_nonneg0p001/group_107/restart_0/baseline.pt,107,"1375368,1062066,6271133,1260549",network.0.bias,parameter,128,2.8415072122339735e-07,1.3605371001382229e-10,1.3605371001382228e-08
PaySim,stored_observed_update,artifacts/rq1_v2/confirmatory_run_20260916/dna_v2/group_107_run/dna_v2_iht_attack_rq1_v2_confirmatory_ratio0p95_eta0p01_s0p2_iht80_step1_r4_i600_lr0p1_nonneg0p001/group_107/restart_0/baseline.pt,107,"1375368,1062066,6271133,1260549",network.1.weight,parameter,128,0.00010600049013120838,5.075390934621689e-08,5.075390934621689e-06
PaySim,stored_observed_update,artifacts/rq1_v2/confirmatory_run_20260916/dna_v2/group_107_run/dna_v2_iht_attack_rq1_v2_confirmatory_ratio0p95_eta0p01_s0p2_iht80_step1_r4_i600_lr0p1_nonneg0p001/group_107/restart_0/baseline.pt,107,"1375368,1062066,6271133,1260549",network.1.bias,parameter,128,0.00010599452881931787,5.075105502089348e-08,5.075105502089348e-06
PaySim,stored_observed_update,artifacts/rq1_v2/confirmatory_run_20260916/dna_v2/group_107_run/dna_v2_iht_attack_rq1_v2_confirmatory_ratio0p95_eta0p01_s0p2_iht80_step1_r4_i600_lr0p1_nonneg0p001/group_107/restart_0/baseline.pt,107,"1375368,1062066,6271133,1260549",network.4.weight,parameter,8192,0.006465598343826397,3.095781838418129e-06,0.0003095781838418129
PaySim,stored_observed_update,artifacts/rq1_v2/confirmatory_run_20260916/dna_v2/group_107_run/dna_v2_iht_attack_rq1_v2_confirmatory_ratio0p95_eta0p01_s0p2_iht80_step1_r4_i600_lr0p1_nonneg0p001/group_107/restart_0/baseline.pt,107,"1375368,1062066,6271133,1260549",network.4.bias,parameter,64,1.0626257295301184e-06,5.087939676389343e-10,5.087939676389343e-08
PaySim,stored_observed_update,artifacts/rq1_v2/confirmatory_run_20260916/dna_v2/group_107_run/dna_v2_iht_attack_rq1_v2_confirmatory_ratio0p95_eta0p01_s0p2_iht80_step1_r4_i600_lr0p1_nonneg0p001/group_107/restart_0/baseline.pt,107,"1375368,1062066,6271133,1260549",network.5.weight,parameter,64,6.1001290394102625e-05,2.9207921197649292e-08,2.920792119764929e-06
PaySim,stored_observed_update,artifacts/rq1_v2/confirmatory_run_20260916/dna_v2/group_107_run/dna_v2_iht_attack_rq1_v2_confirmatory_ratio0p95_eta0p01_s0p2_iht80_step1_r4_i600_lr0p1_nonneg0p001/group_107/restart_0/baseline.pt,107,"1375368,1062066,6271133,1260549",network.5.bias,parameter,64,6.099894348671024e-05,2.9206797479024127e-08,2.9206797479024126e-06
PaySim,stored_observed_update,artifacts/rq1_v2/confirmatory_run_20260916/dna_v2/group_107_run/dna_v2_iht_attack_rq1_v2_confirmatory_ratio0p95_eta0p01_s0p2_iht80_step1_r4_i600_lr0p1_nonneg0p001/group_107/restart_0/baseline.pt,107,"1375368,1062066,6271133,1260549",network.8.weight,parameter,2048,0.0019432062263895155,9.304231757145496e-07,9.304231757145495e-05
PaySim,stored_observed_update,artifacts/rq1_v2/confirmatory_run_20260916/dna_v2/group_107_run/dna_v2_iht_attack_rq1_v2_confirmatory_ratio0p95_eta0p01_s0p2_iht80_step1_r4_i600_lr0p1_nonneg0p001/group_107/restart_0/baseline.pt,107,"1375368,1062066,6271133,1260549",network.8.bias,parameter,32,2.39603750510492e-07,1.1472425285364525e-10,1.1472425285364525e-08
PaySim,stored_observed_update,artifacts/rq1_v2/confirmatory_run_20260916/dna_v2/group_107_run/dna_v2_iht_attack_rq1_v2_confirmatory_ratio0p95_eta0p01_s0p2_iht80_step1_r4_i600_lr0p1_nonneg0p001/group_107/restart_0/baseline.pt,107,"1375368,1062066,6271133,1260549",network.9.weight,parameter,32,3.17884991147821e-05,1.5220595681462197e-08,1.5220595681462198e-06
PaySim,stored_observed_update,artifacts/rq1_v2/confirmatory_run_20260916/dna_v2/group_107_run/dna_v2_iht_attack_rq1_v2_confirmatory_ratio0p95_eta0p01_s0p2_iht80_step1_r4_i600_lr0p1_nonneg0p001/group_107/restart_0/baseline.pt,107,"1375368,1062066,6271133,1260549",network.9.bias,parameter,32,3.197539631135185e-05,1.5310083601376733e-08,1.5310083601376732e-06
PaySim,stored_observed_update,artifacts/rq1_v2/confirmatory_run_20260916/dna_v2/group_107_run/dna_v2_iht_attack_rq1_v2_confirmatory_ratio0p95_eta0p01_s0p2_iht80_step1_r4_i600_lr0p1_nonneg0p001/group_107/restart_0/baseline.pt,107,"1375368,1062066,6271133,1260549",network.12.weight,parameter,32,3.199901661884645e-05,1.5321393199509977e-08,1.5321393199509977e-06
PaySim,stored_observed_update,artifacts/rq1_v2/confirmatory_run_20260916/dna_v2/group_107_run/dna_v2_iht_attack_rq1_v2_confirmatory_ratio0p95_eta0p01_s0p2_iht80_step1_r4_i600_lr0p1_nonneg0p001/group_107/restart_0/baseline.pt,107,"1375368,1062066,6271133,1260549",network.12.bias,parameter,1,9.999966025381335e-07,4.788066248459972e-10,4.7880662484599714e-08
PaySim,stored_observed_update,artifacts/rq1_v2/confirmatory_run_20260916/dna_v2/group_107_run/dna_v2_iht_attack_rq1_v2_confirmatory_ratio0p95_eta0p01_s0p2_iht80_step1_r4_i600_lr0p1_nonneg0p001/group_107/restart_0/baseline.pt,107,"1375368,1062066,6271133,1260549",network.1.running_mean,batchnorm_buffer,128,8.185992370060532,0.003919520694145862,0.39195206941458616
PaySim,stored_observed_update,artifacts/rq1_v2/confirmatory_run_20260916/dna_v2/group_107_run/dna_v2_iht_attack_rq1_v2_confirmatory_ratio0p95_eta0p01_s0p2_iht80_step1_r4_i600_lr0p1_nonneg0p001/group_107/restart_0/baseline.pt,107,"1375368,1062066,6271133,1260549",network.1.running_var,batchnorm_buffer,128,2080.0379157121033,0.9959393176396678,99.59393176396678
PaySim,stored_observed_update,artifacts/rq1_v2/confirmatory_run_20260916/dna_v2/group_107_run/dna_v2_iht_attack_rq1_v2_confirmatory_ratio0p95_eta0p01_s0p2_iht80_step1_r4_i600_lr0p1_nonneg0p001/group_107/restart_0/baseline.pt,107,"1375368,1062066,6271133,1260549",network.5.running_mean,batchnorm_buffer,64,0.02746532028433155,1.3150621984391803e-05,0.0013150621984391803
PaySim,stored_observed_update,artifacts/rq1_v2/confirmatory_run_20260916/dna_v2/group_107_run/dna_v2_iht_attack_rq1_v2_confirmatory_ratio0p95_eta0p01_s0p2_iht80_step1_r4_i600_lr0p1_nonneg0p001/group_107/restart_0/baseline.pt,107,"1375368,1062066,6271133,1260549",network.5.running_var,batchnorm_buffer,64,0.22305284933704606,0.00010679954480073455,0.010679954480073455
PaySim,stored_observed_update,artifacts/rq1_v2/confirmatory_run_20260916/dna_v2/group_107_run/dna_v2_iht_attack_rq1_v2_confirmatory_ratio0p95_eta0p01_s0p2_iht80_step1_r4_i600_lr0p1_nonneg0p001/group_107/restart_0/baseline.pt,107,"1375368,1062066,6271133,1260549",network.9.running_mean,batchnorm_buffer,32,0.006200047330765471,2.9686338221494546e-06,0.0002968633822149455
PaySim,stored_observed_update,artifacts/rq1_v2/confirmatory_run_20260916/dna_v2/group_107_run/dna_v2_iht_attack_rq1_v2_confirmatory_ratio0p95_eta0p01_s0p2_iht80_step1_r4_i600_lr0p1_nonneg0p001/group_107/restart_0/baseline.pt,107,"1375368,1062066,6271133,1260549",network.9.running_var,batchnorm_buffer,32,0.028101479584067945,1.3455220306424165e-05,0.0013455220306424164
PaySim,stored_observed_update,artifacts/rq1_v2/confirmatory_run_20260916/dna_v2/group_108_run/dna_v2_iht_attack_rq1_v2_confirmatory_ratio0p95_eta0p01_s0p2_iht80_step1_r4_i600_lr0p1_nonneg0p001/group_108/restart_0/baseline.pt,108,"1122739,3760286,2466965,2766116",network.0.weight,parameter,1664,0.0011525201495542594,1.114219395551501e-11,1.114219395551501e-09
PaySim,stored_observed_update,artifacts/rq1_v2/confirmatory_run_20260916/dna_v2/group_108_run/dna_v2_iht_attack_rq1_v2_confirmatory_ratio0p95_eta0p01_s0p2_iht80_step1_r4_i600_lr0p1_nonneg0p001/group_108/restart_0/baseline.pt,108,"1122739,3760286,2466965,2766116",network.0.bias,parameter,128,4.2317330529485775e-09,4.0911033496596505e-17,4.091103349659651e-15
PaySim,stored_observed_update,artifacts/rq1_v2/confirmatory_run_20260916/dna_v2/group_108_run/dna_v2_iht_attack_rq1_v2_confirmatory_ratio0p95_eta0p01_s0p2_iht80_step1_r4_i600_lr0p1_nonneg0p001/group_108/restart_0/baseline.pt,108,"1122739,3760286,2466965,2766116",network.1.weight,parameter,128,0.00010900291552573549,1.053805113059487e-12,1.053805113059487e-10
PaySim,stored_observed_update,artifacts/rq1_v2/confirmatory_run_20260916/dna_v2/group_108_run/dna_v2_iht_attack_rq1_v2_confirmatory_ratio0p95_eta0p01_s0p2_iht80_step1_r4_i600_lr0p1_nonneg0p001/group_108/restart_0/baseline.pt,108,"1122739,3760286,2466965,2766116",network.1.bias,parameter,128,0.00010899894562824058,1.0537667333679138e-12,1.0537667333679138e-10
PaySim,stored_observed_update,artifacts/rq1_v2/confirmatory_run_20260916/dna_v2/group_108_run/dna_v2_iht_attack_rq1_v2_confirmatory_ratio0p95_eta0p01_s0p2_iht80_step1_r4_i600_lr0p1_nonneg0p001/group_108/restart_0/baseline.pt,108,"1122739,3760286,2466965,2766116",network.4.weight,parameter,8192,0.006757353371721321,6.532791806094807e-11,6.532791806094807e-09
PaySim,stored_observed_update,artifacts/rq1_v2/confirmatory_run_20260916/dna_v2/group_108_run/dna_v2_iht_attack_rq1_v2_confirmatory_ratio0p95_eta0p01_s0p2_iht80_step1_r4_i600_lr0p1_nonneg0p001/group_108/restart_0/baseline.pt,108,"1122739,3760286,2466965,2766116",network.4.bias,parameter,64,2.4335235622543507e-06,2.3526522756622094e-14,2.3526522756622096e-12
PaySim,stored_observed_update,artifacts/rq1_v2/confirmatory_run_20260916/dna_v2/group_108_run/dna_v2_iht_attack_rq1_v2_confirmatory_ratio0p95_eta0p01_s0p2_iht80_step1_r4_i600_lr0p1_nonneg0p001/group_108/restart_0/baseline.pt,108,"1122739,3760286,2466965,2766116",network.5.weight,parameter,64,6.200102622244685e-05,5.994059712349971e-13,5.994059712349971e-11
PaySim,stored_observed_update,artifacts/rq1_v2/confirmatory_run_20260916/dna_v2/group_108_run/dna_v2_iht_attack_rq1_v2_confirmatory_ratio0p95_eta0p01_s0p2_iht80_step1_r4_i600_lr0p1_nonneg0p001/group_108/restart_0/baseline.pt,108,"1122739,3760286,2466965,2766116",network.5.bias,parameter,64,6.199951485245319e-05,5.993913597962171e-13,5.993913597962171e-11
PaySim,stored_observed_update,artifacts/rq1_v2/confirmatory_run_20260916/dna_v2/group_108_run/dna_v2_iht_attack_rq1_v2_confirmatory_ratio0p95_eta0p01_s0p2_iht80_step1_r4_i600_lr0p1_nonneg0p001/group_108/restart_0/baseline.pt,108,"1122739,3760286,2466965,2766116",network.8.weight,parameter,2048,0.0019793134182855476,1.913536523749315e-11,1.913536523749315e-09
PaySim,stored_observed_update,artifacts/rq1_v2/confirmatory_run_20260916/dna_v2/group_108_run/dna_v2_iht_attack_rq1_v2_confirmatory_ratio0p95_eta0p01_s0p2_iht80_step1_r4_i600_lr0p1_nonneg0p001/group_108/restart_0/baseline.pt,108,"1122739,3760286,2466965,2766116",network.8.bias,parameter,32,9.761972088922002e-07,9.437560501233754e-15,9.437560501233755e-13
PaySim,stored_observed_update,artifacts/rq1_v2/confirmatory_run_20260916/dna_v2/group_108_run/dna_v2_iht_attack_rq1_v2_confirmatory_ratio0p95_eta0p01_s0p2_iht80_step1_r4_i600_lr0p1_nonneg0p001/group_108/restart_0/baseline.pt,108,"1122739,3760286,2466965,2766116",network.9.weight,parameter,32,3.1987504861774596e-05,3.092449042740944e-13,3.092449042740944e-11
PaySim,stored_observed_update,artifacts/rq1_v2/confirmatory_run_20260916/dna_v2/group_108_run/dna_v2_iht_attack_rq1_v2_confirmatory_ratio0p95_eta0p01_s0p2_iht80_step1_r4_i600_lr0p1_nonneg0p001/group_108/restart_0/baseline.pt,108,"1122739,3760286,2466965,2766116",network.9.bias,parameter,32,3.199144992562745e-05,3.09283043882007e-13,3.09283043882007e-11
PaySim,stored_observed_update,artifacts/rq1_v2/confirmatory_run_20260916/dna_v2/group_108_run/dna_v2_iht_attack_rq1_v2_confirmatory_ratio0p95_eta0p01_s0p2_iht80_step1_r4_i600_lr0p1_nonneg0p001/group_108/restart_0/baseline.pt,108,"1122739,3760286,2466965,2766116",network.12.weight,parameter,32,3.199984308596358e-05,3.0936418625544063e-13,3.093641862554406e-11
PaySim,stored_observed_update,artifacts/rq1_v2/confirmatory_run_20260916/dna_v2/group_108_run/dna_v2_iht_attack_rq1_v2_confirmatory_ratio0p95_eta0p01_s0p2_iht80_step1_r4_i600_lr0p1_nonneg0p001/group_108/restart_0/baseline.pt,108,"1122739,3760286,2466965,2766116",network.12.bias,parameter,1,9.999966025381335e-07,9.667645380989824e-15,9.667645380989824e-13
PaySim,stored_observed_update,artifacts/rq1_v2/confirmatory_run_20260916/dna_v2/group_108_run/dna_v2_iht_attack_rq1_v2_confirmatory_ratio0p95_eta0p01_s0p2_iht80_step1_r4_i600_lr0p1_nonneg0p001/group_108/restart_0/baseline.pt,108,"1122739,3760286,2466965,2766116",network.1.running_mean,batchnorm_buffer,128,2004.7288042708312,1.9381073011202644e-05,0.0019381073011202643
PaySim,stored_observed_update,artifacts/rq1_v2/confirmatory_run_20260916/dna_v2/group_108_run/dna_v2_iht_attack_rq1_v2_confirmatory_ratio0p95_eta0p01_s0p2_iht80_step1_r4_i600_lr0p1_nonneg0p001/group_108/restart_0/baseline.pt,108,"1122739,3760286,2466965,2766116",network.1.running_var,batchnorm_buffer,128,103435446.50283857,0.9999806140097907,99.99806140097907
PaySim,stored_observed_update,artifacts/rq1_v2/confirmatory_run_20260916/dna_v2/group_108_run/dna_v2_iht_attack_rq1_v2_confirmatory_ratio0p95_eta0p01_s0p2_iht80_step1_r4_i600_lr0p1_nonneg0p001/group_108/restart_0/baseline.pt,108,"1122739,3760286,2466965,2766116",network.5.running_mean,batchnorm_buffer,64,0.03407921961249606,3.2946692942581436e-10,3.294669294258144e-08
PaySim,stored_observed_update,artifacts/rq1_v2/confirmatory_run_20260916/dna_v2/group_108_run/dna_v2_iht_attack_rq1_v2_confirmatory_ratio0p95_eta0p01_s0p2_iht80_step1_r4_i600_lr0p1_nonneg0p001/group_108/restart_0/baseline.pt,108,"1122739,3760286,2466965,2766116",network.5.running_var,batchnorm_buffer,64,0.4178401688019091,4.039544302107509e-09,4.0395443021075095e-07
PaySim,stored_observed_update,artifacts/rq1_v2/confirmatory_run_20260916/dna_v2/group_108_run/dna_v2_iht_attack_rq1_v2_confirmatory_ratio0p95_eta0p01_s0p2_iht80_step1_r4_i600_lr0p1_nonneg0p001/group_108/restart_0/baseline.pt,108,"1122739,3760286,2466965,2766116",network.9.running_mean,batchnorm_buffer,32,0.008870765294033262,8.575970448603118e-11,8.575970448603118e-09
PaySim,stored_observed_update,artifacts/rq1_v2/confirmatory_run_20260916/dna_v2/group_108_run/dna_v2_iht_attack_rq1_v2_confirmatory_ratio0p95_eta0p01_s0p2_iht80_step1_r4_i600_lr0p1_nonneg0p001/group_108/restart_0/baseline.pt,108,"1122739,3760286,2466965,2766116",network.9.running_var,batchnorm_buffer,32,0.0375007146926592,3.6254484291458265e-10,3.6254484291458264e-08
PaySim,stored_observed_update,artifacts/rq1_v2/confirmatory_run_20260916/dna_v2/group_109_run/dna_v2_iht_attack_rq1_v2_confirmatory_ratio0p95_eta0p01_s0p2_iht80_step1_r4_i600_lr0p1_nonneg0p001/group_109/restart_0/baseline.pt,109,"4158016,5572044,4315435,2091951",network.0.weight,parameter,1664,0.0010782499178453805,5.6044567643418376e-11,5.604456764341838e-09
PaySim,stored_observed_update,artifacts/rq1_v2/confirmatory_run_20260916/dna_v2/group_109_run/dna_v2_iht_attack_rq1_v2_confirmatory_ratio0p95_eta0p01_s0p2_iht80_step1_r4_i600_lr0p1_nonneg0p001/group_109/restart_0/baseline.pt,109,"4158016,5572044,4315435,2091951",network.0.bias,parameter,128,1.6061733613481968e-08,8.348462643708176e-16,8.348462643708175e-14
PaySim,stored_observed_update,artifacts/rq1_v2/confirmatory_run_20260916/dna_v2/group_109_run/dna_v2_iht_attack_rq1_v2_confirmatory_ratio0p95_eta0p01_s0p2_iht80_step1_r4_i600_lr0p1_nonneg0p001/group_109/restart_0/baseline.pt,109,"4158016,5572044,4315435,2091951",network.1.weight,parameter,128,0.00011000217454437689,5.717620943106347e-12,5.717620943106347e-10
PaySim,stored_observed_update,artifacts/rq1_v2/confirmatory_run_20260916/dna_v2/group_109_run/dna_v2_iht_attack_rq1_v2_confirmatory_ratio0p95_eta0p01_s0p2_iht80_step1_r4_i600_lr0p1_nonneg0p001/group_109/restart_0/baseline.pt,109,"4158016,5572044,4315435,2091951",network.1.bias,parameter,128,0.00010999886866365027,5.717449112204311e-12,5.71744911220431e-10
PaySim,stored_observed_update,artifacts/rq1_v2/confirmatory_run_20260916/dna_v2/group_109_run/dna_v2_iht_attack_rq1_v2_confirmatory_ratio0p95_eta0p01_s0p2_iht80_step1_r4_i600_lr0p1_nonneg0p001/group_109/restart_0/baseline.pt,109,"4158016,5572044,4315435,2091951",network.4.weight,parameter,8192,0.00648802408790452,3.3723026438369277e-10,3.3723026438369274e-08
PaySim,stored_observed_update,artifacts/rq1_v2/confirmatory_run_20260916/dna_v2/group_109_run/dna_v2_iht_attack_rq1_v2_confirmatory_ratio0p95_eta0p01_s0p2_iht80_step1_r4_i600_lr0p1_nonneg0p001/group_109/restart_0/baseline.pt,109,"4158016,5572044,4315435,2091951",network.4.bias,parameter,64,1.611932123985103e-06,8.37839516276567e-14,8.37839516276567e-12
PaySim,stored_observed_update,artifacts/rq1_v2/confirmatory_run_20260916/dna_v2/group_109_run/dna_v2_iht_attack_rq1_v2_confirmatory_ratio0p95_eta0p01_s0p2_iht80_step1_r4_i600_lr0p1_nonneg0p001/group_109/restart_0/baseline.pt,109,"4158016,5572044,4315435,2091951",network.5.weight,parameter,64,5.899991139912686e-05,3.0666587315596915e-12,3.0666587315596917e-10
PaySim,stored_observed_update,artifacts/rq1_v2/confirmatory_run_20260916/dna_v2/group_109_run/dna_v2_iht_attack_rq1_v2_confirmatory_ratio0p95_eta0p01_s0p2_iht80_step1_r4_i600_lr0p1_nonneg0p001/group_109/restart_0/baseline.pt,109,"4158016,5572044,4315435,2091951",network.5.bias,parameter,64,5.8998781653642847e-05,3.0666000103892555e-12,3.0666000103892557e-10
PaySim,stored_observed_update,artifacts/rq1_v2/confirmatory_run_20260916/dna_v2/group_109_run/dna_v2_iht_attack_rq1_v2_confirmatory_ratio0p95_eta0p01_s0p2_iht80_step1_r4_i600_lr0p1_nonneg0p001/group_109/restart_0/baseline.pt,109,"4158016,5572044,4315435,2091951",network.8.weight,parameter,2048,0.0018709251028217262,9.724571896132321e-11,9.72457189613232e-09
PaySim,stored_observed_update,artifacts/rq1_v2/confirmatory_run_20260916/dna_v2/group_109_run/dna_v2_iht_attack_rq1_v2_confirmatory_ratio0p95_eta0p01_s0p2_iht80_step1_r4_i600_lr0p1_nonneg0p001/group_109/restart_0/baseline.pt,109,"4158016,5572044,4315435,2091951",network.8.bias,parameter,32,7.013314110434436e-07,3.645334449477299e-14,3.6453344494772985e-12
PaySim,stored_observed_update,artifacts/rq1_v2/confirmatory_run_20260916/dna_v2/group_109_run/dna_v2_iht_attack_rq1_v2_confirmatory_ratio0p95_eta0p01_s0p2_iht80_step1_r4_i600_lr0p1_nonneg0p001/group_109/restart_0/baseline.pt,109,"4158016,5572044,4315435,2091951",network.9.weight,parameter,32,3.196260443161236e-05,1.66133130777961e-12,1.66133130777961e-10
PaySim,stored_observed_update,artifacts/rq1_v2/confirmatory_run_20260916/dna_v2/group_109_run/dna_v2_iht_attack_rq1_v2_confirmatory_ratio0p95_eta0p01_s0p2_iht80_step1_r4_i600_lr0p1_nonneg0p001/group_109/restart_0/baseline.pt,109,"4158016,5572044,4315435,2091951",network.9.bias,parameter,32,3.1973237091660785e-05,1.6618839652159343e-12,1.6618839652159342e-10
PaySim,stored_observed_update,artifacts/rq1_v2/confirmatory_run_20260916/dna_v2/group_109_run/dna_v2_iht_attack_rq1_v2_confirmatory_ratio0p95_eta0p01_s0p2_iht80_step1_r4_i600_lr0p1_nonneg0p001/group_109/restart_0/baseline.pt,109,"4158016,5572044,4315435,2091951",network.12.weight,parameter,32,3.1999311547423334e-05,1.6632392461907473e-12,1.6632392461907473e-10
PaySim,stored_observed_update,artifacts/rq1_v2/confirmatory_run_20260916/dna_v2/group_109_run/dna_v2_iht_attack_rq1_v2_confirmatory_ratio0p95_eta0p01_s0p2_iht80_step1_r4_i600_lr0p1_nonneg0p001/group_109/restart_0/baseline.pt,109,"4158016,5572044,4315435,2091951",network.12.bias,parameter,1,9.999966025381335e-07,5.1977168100441874e-14,5.1977168100441876e-12
PaySim,stored_observed_update,artifacts/rq1_v2/confirmatory_run_20260916/dna_v2/group_109_run/dna_v2_iht_attack_rq1_v2_confirmatory_ratio0p95_eta0p01_s0p2_iht80_step1_r4_i600_lr0p1_nonneg0p001/group_109/restart_0/baseline.pt,109,"4158016,5572044,4315435,2091951",network.1.running_mean,batchnorm_buffer,128,948.4124208411607,4.929595930774996e-05,0.004929595930774995
PaySim,stored_observed_update,artifacts/rq1_v2/confirmatory_run_20260916/dna_v2/group_109_run/dna_v2_iht_attack_rq1_v2_confirmatory_ratio0p95_eta0p01_s0p2_iht80_step1_r4_i600_lr0p1_nonneg0p001/group_109/restart_0/baseline.pt,109,"4158016,5572044,4315435,2091951",network.1.running_var,batchnorm_buffer,128,19238202.48921358,0.9999506820265041,99.9950682026504
PaySim,stored_observed_update,artifacts/rq1_v2/confirmatory_run_20260916/dna_v2/group_109_run/dna_v2_iht_attack_rq1_v2_confirmatory_ratio0p95_eta0p01_s0p2_iht80_step1_r4_i600_lr0p1_nonneg0p001/group_109/restart_0/baseline.pt,109,"4158016,5572044,4315435,2091951",network.5.running_mean,batchnorm_buffer,64,0.03655654923219672,1.900112360173254e-09,1.900112360173254e-07
PaySim,stored_observed_update,artifacts/rq1_v2/confirmatory_run_20260916/dna_v2/group_109_run/dna_v2_iht_attack_rq1_v2_confirmatory_ratio0p95_eta0p01_s0p2_iht80_step1_r4_i600_lr0p1_nonneg0p001/group_109/restart_0/baseline.pt,109,"4158016,5572044,4315435,2091951",network.5.running_var,batchnorm_buffer,64,0.31866786011552817,1.6563509207323812e-08,1.656350920732381e-06
PaySim,stored_observed_update,artifacts/rq1_v2/confirmatory_run_20260916/dna_v2/group_109_run/dna_v2_iht_attack_rq1_v2_confirmatory_ratio0p95_eta0p01_s0p2_iht80_step1_r4_i600_lr0p1_nonneg0p001/group_109/restart_0/baseline.pt,109,"4158016,5572044,4315435,2091951",network.9.running_mean,batchnorm_buffer,32,0.006128956562829531,3.1856688786535043e-10,3.185668878653504e-08
PaySim,stored_observed_update,artifacts/rq1_v2/confirmatory_run_20260916/dna_v2/group_109_run/dna_v2_iht_attack_rq1_v2_confirmatory_ratio0p95_eta0p01_s0p2_iht80_step1_r4_i600_lr0p1_nonneg0p001/group_109/restart_0/baseline.pt,109,"4158016,5572044,4315435,2091951",network.9.running_var,batchnorm_buffer,32,0.05230647122567622,2.7187514844923918e-09,2.7187514844923917e-07
PaySim,stored_observed_update,artifacts/rq1_v2/confirmatory_run_20260916/dna_v2/group_10_run/dna_v2_iht_attack_rq1_v2_confirmatory_ratio0p95_eta0p01_s0p2_iht80_step1_r4_i600_lr0p1_nonneg0p001/group_10/restart_0/baseline.pt,10,"6158816,5924955,6281655,5050639",network.0.weight,parameter,1664,0.0011088935514524702,1.4984331019694044e-07,1.4984331019694044e-05
PaySim,stored_observed_update,artifacts/rq1_v2/confirmatory_run_20260916/dna_v2/group_10_run/dna_v2_iht_attack_rq1_v2_confirmatory_ratio0p95_eta0p01_s0p2_iht80_step1_r4_i600_lr0p1_nonneg0p001/group_10/restart_0/baseline.pt,10,"6158816,5924955,6281655,5050639",network.0.bias,parameter,128,4.923794717651489e-09,6.653458289632164e-13,6.653458289632164e-11
PaySim,stored_observed_update,artifacts/rq1_v2/confirmatory_run_20260916/dna_v2/group_10_run/dna_v2_iht_attack_rq1_v2_confirmatory_ratio0p95_eta0p01_s0p2_iht80_step1_r4_i600_lr0p1_nonneg0p001/group_10/restart_0/baseline.pt,10,"6158816,5924955,6281655,5050639",network.1.weight,parameter,128,0.00011099738108910628,1.4998928421756506e-08,1.4998928421756506e-06
PaySim,stored_observed_update,artifacts/rq1_v2/confirmatory_run_20260916/dna_v2/group_10_run/dna_v2_iht_attack_rq1_v2_confirmatory_ratio0p95_eta0p01_s0p2_iht80_step1_r4_i600_lr0p1_nonneg0p001/group_10/restart_0/baseline.pt,10,"6158816,5924955,6281655,5050639",network.1.bias,parameter,128,0.00011099717872577064,1.499890107666821e-08,1.499890107666821e-06
PaySim,stored_observed_update,artifacts/rq1_v2/confirmatory_run_20260916/dna_v2/group_10_run/dna_v2_iht_attack_rq1_v2_confirmatory_ratio0p95_eta0p01_s0p2_iht80_step1_r4_i600_lr0p1_nonneg0p001/group_10/restart_0/baseline.pt,10,"6158816,5924955,6281655,5050639",network.4.weight,parameter,8192,0.006321561141450997,8.542241460477712e-07,8.542241460477712e-05
PaySim,stored_observed_update,artifacts/rq1_v2/confirmatory_run_20260916/dna_v2/group_10_run/dna_v2_iht_attack_rq1_v2_confirmatory_ratio0p95_eta0p01_s0p2_iht80_step1_r4_i600_lr0p1_nonneg0p001/group_10/restart_0/baseline.pt,10,"6158816,5924955,6281655,5050639",network.4.bias,parameter,64,5.052806008908804e-07,6.827789530980414e-11,6.8277895309804136e-09
PaySim,stored_observed_update,artifacts/rq1_v2/confirmatory_run_20260916/dna_v2/group_10_run/dna_v2_iht_attack_rq1_v2_confirmatory_ratio0p95_eta0p01_s0p2_iht80_step1_r4_i600_lr0p1_nonneg0p001/group_10/restart_0/baseline.pt,10,"6158816,5924955,6281655,5050639",network.5.weight,parameter,64,5.699686417059979e-05,7.701910419608149e-09,7.701910419608149e-07
PaySim,stored_observed_update,artifacts/rq1_v2/confirmatory_run_20260916/dna_v2/group_10_run/dna_v2_iht_attack_rq1_v2_confirmatory_ratio0p95_eta0p01_s0p2_iht80_step1_r4_i600_lr0p1_nonneg0p001/group_10/restart_0/baseline.pt,10,"6158816,5924955,6281655,5050639",network.5.bias,parameter,64,5.6998031834468654e-05,7.702068204473142e-09,7.702068204473142e-07
PaySim,stored_observed_update,artifacts/rq1_v2/confirmatory_run_20260916/dna_v2/group_10_run/dna_v2_iht_attack_rq1_v2_confirmatory_ratio0p95_eta0p01_s0p2_iht80_step1_r4_i600_lr0p1_nonneg0p001/group_10/restart_0/baseline.pt,10,"6158816,5924955,6281655,5050639",network.8.weight,parameter,2048,0.0018006919404137828,2.4332510604208184e-07,2.4332510604208183e-05
PaySim,stored_observed_update,artifacts/rq1_v2/confirmatory_run_20260916/dna_v2/group_10_run/dna_v2_iht_attack_rq1_v2_confirmatory_ratio0p95_eta0p01_s0p2_iht80_step1_r4_i600_lr0p1_nonneg0p001/group_10/restart_0/baseline.pt,10,"6158816,5924955,6281655,5050639",network.8.bias,parameter,32,3.022522134590866e-07,4.084293945053483e-11,4.084293945053483e-09
PaySim,stored_observed_update,artifacts/rq1_v2/confirmatory_run_20260916/dna_v2/group_10_run/dna_v2_iht_attack_rq1_v2_confirmatory_ratio0p95_eta0p01_s0p2_iht80_step1_r4_i600_lr0p1_nonneg0p001/group_10/restart_0/baseline.pt,10,"6158816,5924955,6281655,5050639",network.9.weight,parameter,32,3.1906986180274544e-05,4.311548589490826e-09,4.3115485894908256e-07
PaySim,stored_observed_update,artifacts/rq1_v2/confirmatory_run_20260916/dna_v2/group_10_run/dna_v2_iht_attack_rq1_v2_confirmatory_ratio0p95_eta0p01_s0p2_iht80_step1_r4_i600_lr0p1_nonneg0p001/group_10/restart_0/baseline.pt,10,"6158816,5924955,6281655,5050639",network.9.bias,parameter,32,3.190609514399246e-05,4.311428184943574e-09,4.3114281849435737e-07
PaySim,stored_observed_update,artifacts/rq1_v2/confirmatory_run_20260916/dna_v2/group_10_run/dna_v2_iht_attack_rq1_v2_confirmatory_ratio0p95_eta0p01_s0p2_iht80_step1_r4_i600_lr0p1_nonneg0p001/group_10/restart_0/baseline.pt,10,"6158816,5924955,6281655,5050639",network.12.weight,parameter,32,3.199880027682434e-05,4.323955306196629e-09,4.3239553061966296e-07
PaySim,stored_observed_update,artifacts/rq1_v2/confirmatory_run_20260916/dna_v2/group_10_run/dna_v2_iht_attack_rq1_v2_confirmatory_ratio0p95_eta0p01_s0p2_iht80_step1_r4_i600_lr0p1_nonneg0p001/group_10/restart_0/baseline.pt,10,"6158816,5924955,6281655,5050639",network.12.bias,parameter,1,9.999966025381335e-07,1.3512821038028258e-10,1.3512821038028258e-08
PaySim,stored_observed_update,artifacts/rq1_v2/confirmatory_run_20260916/dna_v2/group_10_run/dna_v2_iht_attack_rq1_v2_confirmatory_ratio0p95_eta0p01_s0p2_iht80_step1_r4_i600_lr0p1_nonneg0p001/group_10/restart_0/baseline.pt,10,"6158816,5924955,6281655,5050639",network.1.running_mean,batchnorm_buffer,128,19.559919357725803,0.0026431058778435632,0.26431058778435634
PaySim,stored_observed_update,artifacts/rq1_v2/confirmatory_run_20260916/dna_v2/group_10_run/dna_v2_iht_attack_rq1_v2_confirmatory_ratio0p95_eta0p01_s0p2_iht80_step1_r4_i600_lr0p1_nonneg0p001/group_10/restart_0/baseline.pt,10,"6158816,5924955,6281655,5050639",network.1.running_var,batchnorm_buffer,128,7380.585745775102,0.9973287317711473,99.73287317711474
PaySim,stored_observed_update,artifacts/rq1_v2/confirmatory_run_20260916/dna_v2/group_10_run/dna_v2_iht_attack_rq1_v2_confirmatory_ratio0p95_eta0p01_s0p2_iht80_step1_r4_i600_lr0p1_nonneg0p001/group_10/restart_0/baseline.pt,10,"6158816,5924955,6281655,5050639",network.5.running_mean,batchnorm_buffer,64,0.02351522833136927,3.1775815168136795e-06,0.00031775815168136795
PaySim,stored_observed_update,artifacts/rq1_v2/confirmatory_run_20260916/dna_v2/group_10_run/dna_v2_iht_attack_rq1_v2_confirmatory_ratio0p95_eta0p01_s0p2_iht80_step1_r4_i600_lr0p1_nonneg0p001/group_10/restart_0/baseline.pt,10,"6158816,5924955,6281655,5050639",network.5.running_var,batchnorm_buffer,64,0.15074055192762525,2.0369370217874617e-05,0.0020369370217874615
PaySim,stored_observed_update,artifacts/rq1_v2/confirmatory_run_20260916/dna_v2/group_10_run/dna_v2_iht_attack_rq1_v2_confirmatory_ratio0p95_eta0p01_s0p2_iht80_step1_r4_i600_lr0p1_nonneg0p001/group_10/restart_0/baseline.pt,10,"6158816,5924955,6281655,5050639",network.9.running_mean,batchnorm_buffer,32,0.007799066464929055,1.053877474551272e-06,0.0001053877474551272
PaySim,stored_observed_update,artifacts/rq1_v2/confirmatory_run_20260916/dna_v2/group_10_run/dna_v2_iht_attack_rq1_v2_confirmatory_ratio0p95_eta0p01_s0p2_iht80_step1_r4_i600_lr0p1_nonneg0p001/group_10/restart_0/baseline.pt,10,"6158816,5924955,6281655,5050639",network.9.running_var,batchnorm_buffer,32,0.016691761945969275,2.255535582948663e-06,0.00022555355829486628
PaySim,stored_observed_update,artifacts/rq1_v2/confirmatory_run_20260916/dna_v2/group_110_run/dna_v2_iht_attack_rq1_v2_confirmatory_ratio0p95_eta0p01_s0p2_iht80_step1_r4_i600_lr0p1_nonneg0p001/group_110/restart_0/baseline.pt,110,"5128584,2961627,5174192,2480051",network.0.weight,parameter,1664,0.0011233404531283157,9.099308956396377e-11,9.099308956396377e-09
PaySim,stored_observed_update,artifacts/rq1_v2/confirmatory_run_20260916/dna_v2/group_110_run/dna_v2_iht_attack_rq1_v2_confirmatory_ratio0p95_eta0p01_s0p2_iht80_step1_r4_i600_lr0p1_nonneg0p001/group_110/restart_0/baseline.pt,110,"5128584,2961627,5174192,2480051",network.0.bias,parameter,128,4.427128349896239e-09,3.586072996226877e-16,3.586072996226877e-14
PaySim,stored_observed_update,artifacts/rq1_v2/confirmatory_run_20260916/dna_v2/group_110_run/dna_v2_iht_attack_rq1_v2_confirmatory_ratio0p95_eta0p01_s0p2_iht80_step1_r4_i600_lr0p1_nonneg0p001/group_110/restart_0/baseline.pt,110,"5128584,2961627,5174192,2480051",network.1.weight,parameter,128,0.00010800198761984348,8.748402592651907e-12,8.748402592651906e-10
PaySim,stored_observed_update,artifacts/rq1_v2/confirmatory_run_20260916/dna_v2/group_110_run/dna_v2_iht_attack_rq1_v2_confirmatory_ratio0p95_eta0p01_s0p2_iht80_step1_r4_i600_lr0p1_nonneg0p001/group_110/restart_0/baseline.pt,110,"5128584,2961627,5174192,2480051",network.1.bias,parameter,128,0.00010799838211730606,8.748110538881034e-12,8.748110538881034e-10
PaySim,stored_observed_update,artifacts/rq1_v2/confirmatory_run_20260916/dna_v2/group_110_run/dna_v2_iht_attack_rq1_v2_confirmatory_ratio0p95_eta0p01_s0p2_iht80_step1_r4_i600_lr0p1_nonneg0p001/group_110/restart_0/baseline.pt,110,"5128584,2961627,5174192,2480051",network.4.weight,parameter,8192,0.006045065835451879,4.896638552039209e-10,4.8966385520392085e-08
PaySim,stored_observed_update,artifacts/rq1_v2/confirmatory_run_20260916/dna_v2/group_110_run/dna_v2_iht_attack_rq1_v2_confirmatory_ratio0p95_eta0p01_s0p2_iht80_step1_r4_i600_lr0p1_nonneg0p001/group_110/restart_0/baseline.pt,110,"5128584,2961627,5174192,2480051",network.4.bias,parameter,64,1.7377658801480796e-06,1.4076292359379e-13,1.4076292359379e-11
PaySim,stored_observed_update,artifacts/rq1_v2/confirmatory_run_20260916/dna_v2/group_110_run/dna_v2_iht_attack_rq1_v2_confirmatory_ratio0p95_eta0p01_s0p2_iht80_step1_r4_i600_lr0p1_nonneg0p001/group_110/restart_0/baseline.pt,110,"5128584,2961627,5174192,2480051",network.5.weight,parameter,64,5.6000346258855416e-05,4.536153317148417e-12,4.536153317148417e-10
PaySim,stored_observed_update,artifacts/rq1_v2/confirmatory_run_20260916/dna_v2/group_110_run/dna_v2_iht_attack_rq1_v2_confirmatory_ratio0p95_eta0p01_s0p2_iht80_step1_r4_i600_lr0p1_nonneg0p001/group_110/restart_0/baseline.pt,110,"5128584,2961627,5174192,2480051",network.5.bias,parameter,64,5.5999248166257445e-05,4.536064369191599e-12,4.536064369191599e-10
PaySim,stored_observed_update,artifacts/rq1_v2/confirmatory_run_20260916/dna_v2/group_110_run/dna_v2_iht_attack_rq1_v2_confirmatory_ratio0p95_eta0p01_s0p2_iht80_step1_r4_i600_lr0p1_nonneg0p001/group_110/restart_0/baseline.pt,110,"5128584,2961627,5174192,2480051",network.8.weight,parameter,2048,0.0016695321237748361,1.3523583669180428e-10,1.3523583669180427e-08
PaySim,stored_observed_update,artifacts/rq1_v2/confirmatory_run_20260916/dna_v2/group_110_run/dna_v2_iht_attack_rq1_v2_confirmatory_ratio0p95_eta0p01_s0p2_iht80_step1_r4_i600_lr0p1_nonneg0p001/group_110/restart_0/baseline.pt,110,"5128584,2961627,5174192,2480051",network.8.bias,parameter,32,1.6850702106580018e-07,1.3649445648732147e-14,1.3649445648732147e-12
PaySim,stored_observed_update,artifacts/rq1_v2/confirmatory_run_20260916/dna_v2/group_110_run/dna_v2_iht_attack_rq1_v2_confirmatory_ratio0p95_eta0p01_s0p2_iht80_step1_r4_i600_lr0p1_nonneg0p001/group_110/restart_0/baseline.pt,110,"5128584,2961627,5174192,2480051",network.9.weight,parameter,32,2.9979222574638698e-05,2.428384090678255e-12,2.428384090678255e-10
PaySim,stored_observed_update,artifacts/rq1_v2/confirmatory_run_20260916/dna_v2/group_110_run/dna_v2_iht_attack_rq1_v2_confirmatory_ratio0p95_eta0p01_s0p2_iht80_step1_r4_i600_lr0p1_nonneg0p001/group_110/restart_0/baseline.pt,110,"5128584,2961627,5174192,2480051",network.9.bias,parameter,32,2.998976383169344e-05,2.429237956079993e-12,2.429237956079993e-10
PaySim,stored_observed_update,artifacts/rq1_v2/confirmatory_run_20260916/dna_v2/group_110_run/dna_v2_iht_attack_rq1_v2_confirmatory_ratio0p95_eta0p01_s0p2_iht80_step1_r4_i600_lr0p1_nonneg0p001/group_110/restart_0/baseline.pt,110,"5128584,2961627,5174192,2480051",network.12.weight,parameter,32,2.9999338360398248e-05,2.4300135143228598e-12,2.43001351432286e-10
PaySim,stored_observed_update,artifacts/rq1_v2/confirmatory_run_20260916/dna_v2/group_110_run/dna_v2_iht_attack_rq1_v2_confirmatory_ratio0p95_eta0p01_s0p2_iht80_step1_r4_i600_lr0p1_nonneg0p001/group_110/restart_0/baseline.pt,110,"5128584,2961627,5174192,2480051",network.12.bias,parameter,1,9.999966025381335e-07,8.100196175167748e-14,8.100196175167747e-12
PaySim,stored_observed_update,artifacts/rq1_v2/confirmatory_run_20260916/dna_v2/group_110_run/dna_v2_iht_attack_rq1_v2_confirmatory_ratio0p95_eta0p01_s0p2_iht80_step1_r4_i600_lr0p1_nonneg0p001/group_110/restart_0/baseline.pt,110,"5128584,2961627,5174192,2480051",network.1.running_mean,batchnorm_buffer,128,762.311339087658,6.174892372126215e-05,0.006174892372126215
PaySim,stored_observed_update,artifacts/rq1_v2/confirmatory_run_20260916/dna_v2/group_110_run/dna_v2_iht_attack_rq1_v2_confirmatory_ratio0p95_eta0p01_s0p2_iht80_step1_r4_i600_lr0p1_nonneg0p001/group_110/restart_0/baseline.pt,110,"5128584,2961627,5174192,2480051",network.1.running_var,batchnorm_buffer,128,12344575.386411726,0.999938220542795,99.9938220542795
PaySim,stored_observed_update,artifacts/rq1_v2/confirmatory_run_20260916/dna_v2/group_110_run/dna_v2_iht_attack_rq1_v2_confirmatory_ratio0p95_eta0p01_s0p2_iht80_step1_r4_i600_lr0p1_nonneg0p001/group_110/restart_0/baseline.pt,110,"5128584,2961627,5174192,2480051",network.5.running_mean,batchnorm_buffer,64,0.03343924904221408,2.70865397447083e-09,2.70865397447083e-07
PaySim,stored_observed_update,artifacts/rq1_v2/confirmatory_run_20260916/dna_v2/group_110_run/dna_v2_iht_attack_rq1_v2_confirmatory_ratio0p95_eta0p01_s0p2_iht80_step1_r4_i600_lr0p1_nonneg0p001/group_110/restart_0/baseline.pt,110,"5128584,2961627,5174192,2480051",network.5.running_var,batchnorm_buffer,64,0.30540600214121705,2.47385693525216e-08,2.47385693525216e-06
PaySim,stored_observed_update,artifacts/rq1_v2/confirmatory_run_20260916/dna_v2/group_110_run/dna_v2_iht_attack_rq1_v2_confirmatory_ratio0p95_eta0p01_s0p2_iht80_step1_r4_i600_lr0p1_nonneg0p001/group_110/restart_0/baseline.pt,110,"5128584,2961627,5174192,2480051",network.9.running_mean,batchnorm_buffer,32,0.005533320829645587,4.482113649837328e-10,4.482113649837328e-08
PaySim,stored_observed_update,artifacts/rq1_v2/confirmatory_run_20260916/dna_v2/group_110_run/dna_v2_iht_attack_rq1_v2_confirmatory_ratio0p95_eta0p01_s0p2_iht80_step1_r4_i600_lr0p1_nonneg0p001/group_110/restart_0/baseline.pt,110,"5128584,2961627,5174192,2480051",network.9.running_var,batchnorm_buffer,32,0.023308788490867594,1.888064008440667e-09,1.888064008440667e-07
PaySim,stored_observed_update,artifacts/rq1_v2/confirmatory_run_20260916/dna_v2/group_111_run/dna_v2_iht_attack_rq1_v2_confirmatory_ratio0p95_eta0p01_s0p2_iht80_step1_r4_i600_lr0p1_nonneg0p001/group_111/restart_0/baseline.pt,111,"2041058,5315200,2631225,2727732",network.0.weight,parameter,1664,0.0011965291549201184,1.1435153374042449e-08,1.143515337404245e-06
PaySim,stored_observed_update,artifacts/rq1_v2/confirmatory_run_20260916/dna_v2/group_111_run/dna_v2_iht_attack_rq1_v2_confirmatory_ratio0p95_eta0p01_s0p2_iht80_step1_r4_i600_lr0p1_nonneg0p001/group_111/restart_0/baseline.pt,111,"2041058,5315200,2631225,2727732",network.0.bias,parameter,128,1.568789186859494e-08,1.4992818929243143e-13,1.4992818929243142e-11
PaySim,stored_observed_update,artifacts/rq1_v2/confirmatory_run_20260916/dna_v2/group_111_run/dna_v2_iht_attack_rq1_v2_confirmatory_ratio0p95_eta0p01_s0p2_iht80_step1_r4_i600_lr0p1_nonneg0p001/group_111/restart_0/baseline.pt,111,"2041058,5315200,2631225,2727732",network.1.weight,parameter,128,0.00010900208108921561,1.041725987385746e-09,1.0417259873857459e-07
PaySim,stored_observed_update,artifacts/rq1_v2/confirmatory_run_20260916/dna_v2/group_111_run/dna_v2_iht_attack_rq1_v2_confirmatory_ratio0p95_eta0p01_s0p2_iht80_step1_r4_i600_lr0p1_nonneg0p001/group_111/restart_0/baseline.pt,111,"2041058,5315200,2631225,2727732",network.1.bias,parameter,128,0.00010899848443072999,1.0416916143483252e-09,1.0416916143483252e-07
PaySim,stored_observed_update,artifacts/rq1_v2/confirmatory_run_20260916/dna_v2/group_111_run/dna_v2_iht_attack_rq1_v2_confirmatory_ratio0p95_eta0p01_s0p2_iht80_step1_r4_i600_lr0p1_nonneg0p001/group_111/restart_0/baseline.pt,111,"2041058,5315200,2631225,2727732",network.4.weight,parameter,8192,0.0066486732558358325,6.354094933813181e-08,6.3540949338131804e-06
PaySim,stored_observed_update,artifacts/rq1_v2/confirmatory_run_20260916/dna_v2/group_111_run/dna_v2_iht_attack_rq1_v2_confirmatory_ratio0p95_eta0p01_s0p2_iht80_step1_r4_i600_lr0p1_nonneg0p001/group_111/restart_0/baseline.pt,111,"2041058,5315200,2631225,2727732",network.4.bias,parameter,64,1.647518376201142e-06,1.5745228806958055e-11,1.5745228806958056e-09
PaySim,stored_observed_update,artifacts/rq1_v2/confirmatory_run_20260916/dna_v2/group_111_run/dna_v2_iht_attack_rq1_v2_confirmatory_ratio0p95_eta0p01_s0p2_iht80_step1_r4_i600_lr0p1_nonneg0p001/group_111/restart_0/baseline.pt,111,"2041058,5315200,2631225,2727732",network.5.weight,parameter,64,6.100069453651713e-05,5.82979775360974e-10,5.8297977536097396e-08
PaySim,stored_observed_update,artifacts/rq1_v2/confirmatory_run_20260916/dna_v2/group_111_run/dna_v2_iht_attack_rq1_v2_confirmatory_ratio0p95_eta0p01_s0p2_iht80_step1_r4_i600_lr0p1_nonneg0p001/group_111/restart_0/baseline.pt,111,"2041058,5315200,2631225,2727732",network.5.bias,parameter,64,6.09990195802792e-05,5.829637679102598e-10,5.829637679102598e-08
PaySim,stored_observed_update,artifacts/rq1_v2/confirmatory_run_20260916/dna_v2/group_111_run/dna_v2_iht_attack_rq1_v2_confirmatory_ratio0p95_eta0p01_s0p2_iht80_step1_r4_i600_lr0p1_nonneg0p001/group_111/restart_0/baseline.pt,111,"2041058,5315200,2631225,2727732",network.8.weight,parameter,2048,0.0019429291240505224,1.856845061990566e-08,1.8568450619905661e-06
PaySim,stored_observed_update,artifacts/rq1_v2/confirmatory_run_20260916/dna_v2/group_111_run/dna_v2_iht_attack_rq1_v2_confirmatory_ratio0p95_eta0p01_s0p2_iht80_step1_r4_i600_lr0p1_nonneg0p001/group_111/restart_0/baseline.pt,111,"2041058,5315200,2631225,2727732",network.8.bias,parameter,32,1.2115570804697388e-06,1.1578774307010917e-11,1.1578774307010917e-09
PaySim,stored_observed_update,artifacts/rq1_v2/confirmatory_run_20260916/dna_v2/group_111_run/dna_v2_iht_attack_rq1_v2_confirmatory_ratio0p95_eta0p01_s0p2_iht80_step1_r4_i600_lr0p1_nonneg0p001/group_111/restart_0/baseline.pt,111,"2041058,5315200,2631225,2727732",network.9.weight,parameter,32,3.193838676196492e-05,3.052331400708229e-10,3.052331400708229e-08
PaySim,stored_observed_update,artifacts/rq1_v2/confirmatory_run_20260916/dna_v2/group_111_run/dna_v2_iht_attack_rq1_v2_confirmatory_ratio0p95_eta0p01_s0p2_iht80_step1_r4_i600_lr0p1_nonneg0p001/group_111/restart_0/baseline.pt,111,"2041058,5315200,2631225,2727732",network.9.bias,parameter,32,3.1978533554356293e-05,3.0561682042376993e-10,3.0561682042376996e-08
PaySim,stored_observed_update,artifacts/rq1_v2/confirmatory_run_20260916/dna_v2/group_111_run/dna_v2_iht_attack_rq1_v2_confirmatory_ratio0p95_eta0p01_s0p2_iht80_step1_r4_i600_lr0p1_nonneg0p001/group_111/restart_0/baseline.pt,111,"2041058,5315200,2631225,2727732",network.12.weight,parameter,32,3.1999437510576395e-05,3.0581659820980904e-10,3.05816598209809e-08
PaySim,stored_observed_update,artifacts/rq1_v2/confirmatory_run_20260916/dna_v2/group_111_run/dna_v2_iht_attack_rq1_v2_confirmatory_ratio0p95_eta0p01_s0p2_iht80_step1_r4_i600_lr0p1_nonneg0p001/group_111/restart_0/baseline.pt,111,"2041058,5315200,2631225,2727732",network.12.bias,parameter,1,9.999966025381335e-07,9.556904214597549e-12,9.556904214597548e-10
PaySim,stored_observed_update,artifacts/rq1_v2/confirmatory_run_20260916/dna_v2/group_111_run/dna_v2_iht_attack_rq1_v2_confirmatory_ratio0p95_eta0p01_s0p2_iht80_step1_r4_i600_lr0p1_nonneg0p001/group_111/restart_0/baseline.pt,111,"2041058,5315200,2631225,2727732",network.1.running_mean,batchnorm_buffer,128,49.22488606181439,0.0004704391193662066,0.047043911936620664
PaySim,stored_observed_update,artifacts/rq1_v2/confirmatory_run_20260916/dna_v2/group_111_run/dna_v2_iht_attack_rq1_v2_confirmatory_ratio0p95_eta0p01_s0p2_iht80_step1_r4_i600_lr0p1_nonneg0p001/group_111/restart_0/baseline.pt,111,"2041058,5315200,2631225,2727732",network.1.running_var,batchnorm_buffer,128,104586.4985949489,0.9995265450653892,99.95265450653892
PaySim,stored_observed_update,artifacts/rq1_v2/confirmatory_run_20260916/dna_v2/group_111_run/dna_v2_iht_attack_rq1_v2_confirmatory_ratio0p95_eta0p01_s0p2_iht80_step1_r4_i600_lr0p1_nonneg0p001/group_111/restart_0/baseline.pt,111,"2041058,5315200,2631225,2727732",network.5.running_mean,batchnorm_buffer,64,0.028948858365345876,2.766624064695374e-07,2.766624064695374e-05
PaySim,stored_observed_update,artifacts/rq1_v2/confirmatory_run_20260916/dna_v2/group_111_run/dna_v2_iht_attack_rq1_v2_confirmatory_ratio0p95_eta0p01_s0p2_iht80_step1_r4_i600_lr0p1_nonneg0p001/group_111/restart_0/baseline.pt,111,"2041058,5315200,2631225,2727732",network.5.running_var,batchnorm_buffer,64,0.22824019184165345,2.1812770621576898e-06,0.00021812770621576898
PaySim,stored_observed_update,artifacts/rq1_v2/confirmatory_run_20260916/dna_v2/group_111_run/dna_v2_iht_attack_rq1_v2_confirmatory_ratio0p95_eta0p01_s0p2_iht80_step1_r4_i600_lr0p1_nonneg0p001/group_111/restart_0/baseline.pt,111,"2041058,5315200,2631225,2727732",network.9.running_mean,batchnorm_buffer,32,0.006907109972396092,6.601081267509982e-08,6.601081267509982e-06
PaySim,stored_observed_update,artifacts/rq1_v2/confirmatory_run_20260916/dna_v2/group_111_run/dna_v2_iht_attack_rq1_v2_confirmatory_ratio0p95_eta0p01_s0p2_iht80_step1_r4_i600_lr0p1_nonneg0p001/group_111/restart_0/baseline.pt,111,"2041058,5315200,2631225,2727732",network.9.running_var,batchnorm_buffer,32,0.04123887857270475,3.94117351435431e-07,3.94117351435431e-05
PaySim,stored_observed_update,artifacts/rq1_v2/confirmatory_run_20260916/dna_v2/group_112_run/dna_v2_iht_attack_rq1_v2_confirmatory_ratio0p95_eta0p01_s0p2_iht80_step1_r4_i600_lr0p1_nonneg0p001/group_112/restart_0/baseline.pt,112,"5987934,197796,3817167,872516",network.0.weight,parameter,1664,0.0011416323763587337,6.799016015917583e-11,6.799016015917583e-09
PaySim,stored_observed_update,artifacts/rq1_v2/confirmatory_run_20260916/dna_v2/group_112_run/dna_v2_iht_attack_rq1_v2_confirmatory_ratio0p95_eta0p01_s0p2_iht80_step1_r4_i600_lr0p1_nonneg0p001/group_112/restart_0/baseline.pt,112,"5987934,197796,3817167,872516",network.0.bias,parameter,128,3.9296159071709226e-07,2.340291151734487e-14,2.3402911517344873e-12
PaySim,stored_observed_update,artifacts/rq1_v2/confirmatory_run_20260916/dna_v2/group_112_run/dna_v2_iht_attack_rq1_v2_confirmatory_ratio0p95_eta0p01_s0p2_iht80_step1_r4_i600_lr0p1_nonneg0p001/group_112/restart_0/baseline.pt,112,"5987934,197796,3817167,872516",network.1.weight,parameter,128,0.00010400316345382521,6.193930626635054e-12,6.193930626635054e-10
PaySim,stored_observed_update,artifacts/rq1_v2/confirmatory_run_20260916/dna_v2/group_112_run/dna_v2_iht_attack_rq1_v2_confirmatory_ratio0p95_eta0p01_s0p2_iht80_step1_r4_i600_lr0p1_nonneg0p001/group_112/restart_0/baseline.pt,112,"5987934,197796,3817167,872516",network.1.bias,parameter,128,0.00010399986389487104,6.19373412069637e-12,6.19373412069637e-10
PaySim,stored_observed_update,artifacts/rq1_v2/confirmatory_run_20260916/dna_v2/group_112_run/dna_v2_iht_attack_rq1_v2_confirmatory_ratio0p95_eta0p01_s0p2_iht80_step1_r4_i600_lr0p1_nonneg0p001/group_112/restart_0/baseline.pt,112,"5987934,197796,3817167,872516",network.4.weight,parameter,8192,0.006238837753984496,3.7155531577814087e-10,3.7155531577814084e-08
PaySim,stored_observed_update,artifacts/rq1_v2/confirmatory_run_20260916/dna_v2/group_112_run/dna_v2_iht_attack_rq1_v2_confirmatory_ratio0p95_eta0p01_s0p2_iht80_step1_r4_i600_lr0p1_nonneg0p001/group_112/restart_0/baseline.pt,112,"5987934,197796,3817167,872516",network.4.bias,parameter,64,7.985047775678012e-06,4.755512268131597e-13,4.7555122681315974e-11
PaySim,stored_observed_update,artifacts/rq1_v2/confirmatory_run_20260916/dna_v2/group_112_run/dna_v2_iht_attack_rq1_v2_confirmatory_ratio0p95_eta0p01_s0p2_iht80_step1_r4_i600_lr0p1_nonneg0p001/group_112/restart_0/baseline.pt,112,"5987934,197796,3817167,872516",network.5.weight,parameter,64,6.0001435354450905e-05,3.573398305802474e-12,3.573398305802474e-10
PaySim,stored_observed_update,artifacts/rq1_v2/confirmatory_run_20260916/dna_v2/group_112_run/dna_v2_iht_attack_rq1_v2_confirmatory_ratio0p95_eta0p01_s0p2_iht80_step1_r4_i600_lr0p1_nonneg0p001/group_112/restart_0/baseline.pt,112,"5987934,197796,3817167,872516",network.5.bias,parameter,64,5.999599667145466e-05,3.573074403874299e-12,3.573074403874299e-10
PaySim,stored_observed_update,artifacts/rq1_v2/confirmatory_run_20260916/dna_v2/group_112_run/dna_v2_iht_attack_rq1_v2_confirmatory_ratio0p95_eta0p01_s0p2_iht80_step1_r4_i600_lr0p1_nonneg0p001/group_112/restart_0/baseline.pt,112,"5987934,197796,3817167,872516",network.8.weight,parameter,2048,0.0018466196255105898,1.0997582644948591e-10,1.099758264494859e-08
PaySim,stored_observed_update,artifacts/rq1_v2/confirmatory_run_20260916/dna_v2/group_112_run/dna_v2_iht_attack_rq1_v2_confirmatory_ratio0p95_eta0p01_s0p2_iht80_step1_r4_i600_lr0p1_nonneg0p001/group_112/restart_0/baseline.pt,112,"5987934,197796,3817167,872516",network.8.bias,parameter,32,1.8511280816329526e-06,1.1024432851738254e-13,1.1024432851738253e-11
PaySim,stored_observed_update,artifacts/rq1_v2/confirmatory_run_20260916/dna_v2/group_112_run/dna_v2_iht_attack_rq1_v2_confirmatory_ratio0p95_eta0p01_s0p2_iht80_step1_r4_i600_lr0p1_nonneg0p001/group_112/restart_0/baseline.pt,112,"5987934,197796,3817167,872516",network.9.weight,parameter,32,3.099146017859766e-05,1.8457030343080064e-12,1.8457030343080064e-10
PaySim,stored_observed_update,artifacts/rq1_v2/confirmatory_run_20260916/dna_v2/group_112_run/dna_v2_iht_attack_rq1_v2_confirmatory_ratio0p95_eta0p01_s0p2_iht80_step1_r4_i600_lr0p1_nonneg0p001/group_112/restart_0/baseline.pt,112,"5987934,197796,3817167,872516",network.9.bias,parameter,32,3.099453090380736e-05,1.845885912004133e-12,1.845885912004133e-10
PaySim,stored_observed_update,artifacts/rq1_v2/confirmatory_run_20260916/dna_v2/group_112_run/dna_v2_iht_attack_rq1_v2_confirmatory_ratio0p95_eta0p01_s0p2_iht80_step1_r4_i600_lr0p1_nonneg0p001/group_112/restart_0/baseline.pt,112,"5987934,197796,3817167,872516",network.12.weight,parameter,32,3.099970702422468e-05,1.8461941769618065e-12,1.8461941769618064e-10
PaySim,stored_observed_update,artifacts/rq1_v2/confirmatory_run_20260916/dna_v2/group_112_run/dna_v2_iht_attack_rq1_v2_confirmatory_ratio0p95_eta0p01_s0p2_iht80_step1_r4_i600_lr0p1_nonneg0p001/group_112/restart_0/baseline.pt,112,"5987934,197796,3817167,872516",network.12.bias,parameter,1,9.999966025381335e-07,5.955501137945565e-14,5.9555011379455645e-12
PaySim,stored_observed_update,artifacts/rq1_v2/confirmatory_run_20260916/dna_v2/group_112_run/dna_v2_iht_attack_rq1_v2_confirmatory_ratio0p95_eta0p01_s0p2_iht80_step1_r4_i600_lr0p1_nonneg0p001/group_112/restart_0/baseline.pt,112,"5987934,197796,3817167,872516",network.1.running_mean,batchnorm_buffer,128,829.5760850597732,4.9405581039436636e-05,0.004940558103943664
PaySim,stored_observed_update,artifacts/rq1_v2/confirmatory_run_20260916/dna_v2/group_112_run/dna_v2_iht_attack_rq1_v2_confirmatory_ratio0p95_eta0p01_s0p2_iht80_step1_r4_i600_lr0p1_nonneg0p001/group_112/restart_0/baseline.pt,112,"5987934,197796,3817167,872516",network.1.running_var,batchnorm_buffer,128,16790311.25474351,0.9999505751347995,99.99505751347995
PaySim,stored_observed_update,artifacts/rq1_v2/confirmatory_run_20260916/dna_v2/group_112_run/dna_v2_iht_attack_rq1_v2_confirmatory_ratio0p95_eta0p01_s0p2_iht80_step1_r4_i600_lr0p1_nonneg0p001/group_112/restart_0/baseline.pt,112,"5987934,197796,3817167,872516",network.5.running_mean,batchnorm_buffer,64,0.024837124367657403,1.4791802498072844e-09,1.4791802498072844e-07
PaySim,stored_observed_update,artifacts/rq1_v2/confirmatory_run_20260916/dna_v2/group_112_run/dna_v2_iht_attack_rq1_v2_confirmatory_ratio0p95_eta0p01_s0p2_iht80_step1_r4_i600_lr0p1_nonneg0p001/group_112/restart_0/baseline.pt,112,"5987934,197796,3817167,872516",network.5.running_var,batchnorm_buffer,64,0.25456798406485714,1.5160850696239756e-08,1.5160850696239756e-06
PaySim,stored_observed_update,artifacts/rq1_v2/confirmatory_run_20260916/dna_v2/group_112_run/dna_v2_iht_attack_rq1_v2_confirmatory_ratio0p95_eta0p01_s0p2_iht80_step1_r4_i600_lr0p1_nonneg0p001/group_112/restart_0/baseline.pt,112,"5987934,197796,3817167,872516",network.9.running_mean,batchnorm_buffer,32,0.005784181951454631,3.444781922912447e-10,3.444781922912447e-08
PaySim,stored_observed_update,artifacts/rq1_v2/confirmatory_run_20260916/dna_v2/group_112_run/dna_v2_iht_attack_rq1_v2_confirmatory_ratio0p95_eta0p01_s0p2_iht80_step1_r4_i600_lr0p1_nonneg0p001/group_112/restart_0/baseline.pt,112,"5987934,197796,3817167,872516",network.9.running_var,batchnorm_buffer,32,0.028954471552301797,1.7243897413318476e-09,1.7243897413318477e-07
PaySim,stored_observed_update,artifacts/rq1_v2/confirmatory_run_20260916/dna_v2/group_113_run/dna_v2_iht_attack_rq1_v2_confirmatory_ratio0p95_eta0p01_s0p2_iht80_step1_r4_i600_lr0p1_nonneg0p001/group_113/restart_0/baseline.pt,113,"421657,2801085,2035096,22070",network.0.weight,parameter,1664,0.0010989394894974128,4.5308152077690104e-07,4.53081520776901e-05
PaySim,stored_observed_update,artifacts/rq1_v2/confirmatory_run_20260916/dna_v2/group_113_run/dna_v2_iht_attack_rq1_v2_confirmatory_ratio0p95_eta0p01_s0p2_iht80_step1_r4_i600_lr0p1_nonneg0p001/group_113/restart_0/baseline.pt,113,"421657,2801085,2035096,22070",network.0.bias,parameter,128,3.753333476536752e-07,1.547461034738008e-10,1.547461034738008e-08
PaySim,stored_observed_update,artifacts/rq1_v2/confirmatory_run_20260916/dna_v2/group_113_run/dna_v2_iht_attack_rq1_v2_confirmatory_ratio0p95_eta0p01_s0p2_iht80_step1_r4_i600_lr0p1_nonneg0p001/group_113/restart_0/baseline.pt,113,"421657,2801085,2035096,22070",network.1.weight,parameter,128,0.00010999883794227117,4.535139673738463e-08,4.535139673738463e-06
PaySim,stored_observed_update,artifacts/rq1_v2/confirmatory_run_20260916/dna_v2/group_113_run/dna_v2_iht_attack_rq1_v2_confirmatory_ratio0p95_eta0p01_s0p2_iht80_step1_r4_i600_lr0p1_nonneg0p001/group_113/restart_0/baseline.pt,113,"421657,2801085,2035096,22070",network.1.bias,parameter,128,0.00010999755115091809,4.5350866206460275e-08,4.535086620646027e-06
PaySim,stored_observed_update,artifacts/rq1_v2/confirmatory_run_20260916/dna_v2/group_113_run/dna_v2_iht_attack_rq1_v2_confirmatory_ratio0p95_eta0p01_s0p2_iht80_step1_r4_i600_lr0p1_nonneg0p001/group_113/restart_0/baseline.pt,113,"421657,2801085,2035096,22070",network.4.weight,parameter,8192,0.006819502530244786,2.8116112005023243e-06,0.00028116112005023244
PaySim,stored_observed_update,artifacts/rq1_v2/confirmatory_run_20260916/dna_v2/group_113_run/dna_v2_iht_attack_rq1_v2_confirmatory_ratio0p95_eta0p01_s0p2_iht80_step1_r4_i600_lr0p1_nonneg0p001/group_113/restart_0/baseline.pt,113,"421657,2801085,2035096,22070",network.4.bias,parameter,64,5.371308071161138e-07,2.21453542501774e-10,2.21453542501774e-08
PaySim,stored_observed_update,artifacts/rq1_v2/confirmatory_run_20260916/dna_v2/group_113_run/dna_v2_iht_attack_rq1_v2_confirmatory_ratio0p95_eta0p01_s0p2_iht80_step1_r4_i600_lr0p1_nonneg0p001/group_113/restart_0/baseline.pt,113,"421657,2801085,2035096,22070",network.5.weight,parameter,64,6.200054941984945e-05,2.5562192903811315e-08,2.5562192903811314e-06
PaySim,stored_observed_update,artifacts/rq1_v2/confirmatory_run_20260916/dna_v2/group_113_run/dna_v2_iht_attack_rq1_v2_confirmatory_ratio0p95_eta0p01_s0p2_iht80_step1_r4_i600_lr0p1_nonneg0p001/group_113/restart_0/baseline.pt,113,"421657,2801085,2035096,22070",network.5.bias,parameter,64,6.199851908665559e-05,2.556135581818472e-08,2.556135581818472e-06
PaySim,stored_observed_update,artifacts/rq1_v2/confirmatory_run_20260916/dna_v2/group_113_run/dna_v2_iht_attack_rq1_v2_confirmatory_ratio0p95_eta0p01_s0p2_iht80_step1_r4_i600_lr0p1_nonneg0p001/group_113/restart_0/baseline.pt,113,"421657,2801085,2035096,22070",network.8.weight,parameter,2048,0.0018537088116553984,7.642651988477362e-07,7.642651988477362e-05
PaySim,stored_observed_update,artifacts/rq1_v2/confirmatory_run_20260916/dna_v2/group_113_run/dna_v2_iht_attack_rq1_v2_confirmatory_ratio0p95_eta0p01_s0p2_iht80_step1_r4_i600_lr0p1_nonneg0p001/group_113/restart_0/baseline.pt,113,"421657,2801085,2035096,22070",network.8.bias,parameter,32,3.1294363964291284e-07,1.290234644600086e-10,1.290234644600086e-08
PaySim,stored_observed_update,artifacts/rq1_v2/confirmatory_run_20260916/dna_v2/group_113_run/dna_v2_iht_attack_rq1_v2_confirmatory_ratio0p95_eta0p01_s0p2_iht80_step1_r4_i600_lr0p1_nonneg0p001/group_113/restart_0/baseline.pt,113,"421657,2801085,2035096,22070",network.9.weight,parameter,32,2.9993269677675016e-05,1.236591856831686e-08,1.236591856831686e-06
PaySim,stored_observed_update,artifacts/rq1_v2/confirmatory_run_20260916/dna_v2/group_113_run/dna_v2_iht_attack_rq1_v2_confirmatory_ratio0p95_eta0p01_s0p2_iht80_step1_r4_i600_lr0p1_nonneg0p001/group_113/restart_0/baseline.pt,113,"421657,2801085,2035096,22070",network.9.bias,parameter,32,2.9993699552683002e-05,1.2366095801389493e-08,1.2366095801389494e-06
PaySim,stored_observed_update,artifacts/rq1_v2/confirmatory_run_20260916/dna_v2/group_113_run/dna_v2_iht_attack_rq1_v2_confirmatory_ratio0p95_eta0p01_s0p2_iht80_step1_r4_i600_lr0p1_nonneg0p001/group_113/restart_0/baseline.pt,113,"421657,2801085,2035096,22070",network.12.weight,parameter,32,2.999977840335697e-05,1.2368602049398833e-08,1.2368602049398832e-06
PaySim,stored_observed_update,artifacts/rq1_v2/confirmatory_run_20260916/dna_v2/group_113_run/dna_v2_iht_attack_rq1_v2_confirmatory_ratio0p95_eta0p01_s0p2_iht80_step1_r4_i600_lr0p1_nonneg0p001/group_113/restart_0/baseline.pt,113,"421657,2801085,2035096,22070",network.12.bias,parameter,1,9.999966025381335e-07,4.1228837964219724e-10,4.1228837964219726e-08
PaySim,stored_observed_update,artifacts/rq1_v2/confirmatory_run_20260916/dna_v2/group_113_run/dna_v2_iht_attack_rq1_v2_confirmatory_ratio0p95_eta0p01_s0p2_iht80_step1_r4_i600_lr0p1_nonneg0p001/group_113/restart_0/baseline.pt,113,"421657,2801085,2035096,22070",network.1.running_mean,batchnorm_buffer,128,6.721225518877342,0.0027710925930691395,0.27710925930691394
PaySim,stored_observed_update,artifacts/rq1_v2/confirmatory_run_20260916/dna_v2/group_113_run/dna_v2_iht_attack_rq1_v2_confirmatory_ratio0p95_eta0p01_s0p2_iht80_step1_r4_i600_lr0p1_nonneg0p001/group_113/restart_0/baseline.pt,113,"421657,2801085,2035096,22070",network.1.running_var,batchnorm_buffer,128,2418.5603348206782,0.997147709281425,99.7147709281425
PaySim,stored_observed_update,artifacts/rq1_v2/confirmatory_run_20260916/dna_v2/group_113_run/dna_v2_iht_attack_rq1_v2_confirmatory_ratio0p95_eta0p01_s0p2_iht80_step1_r4_i600_lr0p1_nonneg0p001/group_113/restart_0/baseline.pt,113,"421657,2801085,2035096,22070",network.5.running_mean,batchnorm_buffer,64,0.02216842010050457,9.139813054630864e-06,0.0009139813054630865
PaySim,stored_observed_update,artifacts/rq1_v2/confirmatory_run_20260916/dna_v2/group_113_run/dna_v2_iht_attack_rq1_v2_confirmatory_ratio0p95_eta0p01_s0p2_iht80_step1_r4_i600_lr0p1_nonneg0p001/group_113/restart_0/baseline.pt,113,"421657,2801085,2035096,22070",network.5.running_var,batchnorm_buffer,64,0.13033811696093078,5.373707361709577e-05,0.0053737073617095765
PaySim,stored_observed_update,artifacts/rq1_v2/confirmatory_run_20260916/dna_v2/group_113_run/dna_v2_iht_attack_rq1_v2_confirmatory_ratio0p95_eta0p01_s0p2_iht80_step1_r4_i600_lr0p1_nonneg0p001/group_113/restart_0/baseline.pt,113,"421657,2801085,2035096,22070",network.9.running_mean,batchnorm_buffer,32,0.007353706173058593,3.031857903076761e-06,0.0003031857903076761
PaySim,stored_observed_update,artifacts/rq1_v2/confirmatory_run_20260916/dna_v2/group_113_run/dna_v2_iht_attack_rq1_v2_confirmatory_ratio0p95_eta0p01_s0p2_iht80_step1_r4_i600_lr0p1_nonneg0p001/group_113/restart_0/baseline.pt,113,"421657,2801085,2035096,22070",network.9.running_var,batchnorm_buffer,32,0.026875706356521034,1.1080579071314412e-05,0.0011080579071314411
PaySim,stored_observed_update,artifacts/rq1_v2/confirmatory_run_20260916/dna_v2/group_114_run/dna_v2_iht_attack_rq1_v2_confirmatory_ratio0p95_eta0p01_s0p2_iht80_step1_r4_i600_lr0p1_nonneg0p001/group_114/restart_0/baseline.pt,114,"4299786,5204677,4045007,3187147",network.0.weight,parameter,1664,0.0011656634214423295,6.00021678226001e-09,6.00021678226001e-07
PaySim,stored_observed_update,artifacts/rq1_v2/confirmatory_run_20260916/dna_v2/group_114_run/dna_v2_iht_attack_rq1_v2_confirmatory_ratio0p95_eta0p01_s0p2_iht80_step1_r4_i600_lr0p1_nonneg0p001/group_114/restart_0/baseline.pt,114,"4299786,5204677,4045007,3187147",network.0.bias,parameter,128,8.631026555848062e-07,4.442794501044874e-12,4.442794501044874e-10
PaySim,stored_observed_update,artifacts/rq1_v2/confirmatory_run_20260916/dna_v2/group_114_run/dna_v2_iht_attack_rq1_v2_confirmatory_ratio0p95_eta0p01_s0p2_iht80_step1_r4_i600_lr0p1_nonneg0p001/group_114/restart_0/baseline.pt,114,"4299786,5204677,4045007,3187147",network.1.weight,parameter,128,0.0001060039464420015,5.456520696515282e-10,5.456520696515282e-08
PaySim,stored_observed_update,artifacts/rq1_v2/confirmatory_run_20260916/dna_v2/group_114_run/dna_v2_iht_attack_rq1_v2_confirmatory_ratio0p95_eta0p01_s0p2_iht80_step1_r4_i600_lr0p1_nonneg0p001/group_114/restart_0/baseline.pt,114,"4299786,5204677,4045007,3187147",network.1.bias,parameter,128,0.00010599977956763138,5.456306207932513e-10,5.456306207932513e-08
PaySim,stored_observed_update,artifacts/rq1_v2/confirmatory_run_20260916/dna_v2/group_114_run/dna_v2_iht_attack_rq1_v2_confirmatory_ratio0p95_eta0p01_s0p2_iht80_step1_r4_i600_lr0p1_nonneg0p001/group_114/restart_0/baseline.pt,114,"4299786,5204677,4045007,3187147",network.4.weight,parameter,8192,0.006359582349008893,3.273575548203439e-08,3.273575548203439e-06
PaySim,stored_observed_update,artifacts/rq1_v2/confirmatory_run_20260916/dna_v2/group_114_run/dna_v2_iht_attack_rq1_v2_confirmatory_ratio0p95_eta0p01_s0p2_iht80_step1_r4_i600_lr0p1_nonneg0p001/group_114/restart_0/baseline.pt,114,"4299786,5204677,4045007,3187147",network.4.bias,parameter,64,3.6242370194776576e-06,1.8655649124041525e-11,1.8655649124041525e-09
PaySim,stored_observed_update,artifacts/rq1_v2/confirmatory_run_20260916/dna_v2/group_114_run/dna_v2_iht_attack_rq1_v2_confirmatory_ratio0p95_eta0p01_s0p2_iht80_step1_r4_i600_lr0p1_nonneg0p001/group_114/restart_0/baseline.pt,114,"4299786,5204677,4045007,3187147",network.5.weight,parameter,64,6.0000839297913444e-05,3.088524837294449e-10,3.088524837294449e-08
PaySim,stored_observed_update,artifacts/rq1_v2/confirmatory_run_20260916/dna_v2/group_114_run/dna_v2_iht_attack_rq1_v2_confirmatory_ratio0p95_eta0p01_s0p2_iht80_step1_r4_i600_lr0p1_nonneg0p001/group_114/restart_0/baseline.pt,114,"4299786,5204677,4045007,3187147",network.5.bias,parameter,64,5.999901677207508e-05,3.088431023334774e-10,3.088431023334774e-08
PaySim,stored_observed_update,artifacts/rq1_v2/confirmatory_run_20260916/dna_v2/group_114_run/dna_v2_iht_attack_rq1_v2_confirmatory_ratio0p95_eta0p01_s0p2_iht80_step1_r4_i600_lr0p1_nonneg0p001/group_114/restart_0/baseline.pt,114,"4299786,5204677,4045007,3187147",network.8.weight,parameter,2048,0.0018568955649624023,9.558313083210033e-09,9.558313083210033e-07
PaySim,stored_observed_update,artifacts/rq1_v2/confirmatory_run_20260916/dna_v2/group_114_run/dna_v2_iht_attack_rq1_v2_confirmatory_ratio0p95_eta0p01_s0p2_iht80_step1_r4_i600_lr0p1_nonneg0p001/group_114/restart_0/baseline.pt,114,"4299786,5204677,4045007,3187147",network.8.bias,parameter,32,4.873977528145959e-07,2.5088650139294448e-12,2.5088650139294446e-10
PaySim,stored_observed_update,artifacts/rq1_v2/confirmatory_run_20260916/dna_v2/group_114_run/dna_v2_iht_attack_rq1_v2_confirmatory_ratio0p95_eta0p01_s0p2_iht80_step1_r4_i600_lr0p1_nonneg0p001/group_114/restart_0/baseline.pt,114,"4299786,5204677,4045007,3187147",network.9.weight,parameter,32,3.0988004514398426e-05,1.595098047307487e-10,1.5950980473074868e-08
PaySim,stored_observed_update,artifacts/rq1_v2/confirmatory_run_20260916/dna_v2/group_114_run/dna_v2_iht_attack_rq1_v2_confirmatory_ratio0p95_eta0p01_s0p2_iht80_step1_r4_i600_lr0p1_nonneg0p001/group_114/restart_0/baseline.pt,114,"4299786,5204677,4045007,3187147",network.9.bias,parameter,32,3.0990407837242114e-05,1.5952217576152362e-10,1.5952217576152362e-08
PaySim,stored_observed_update,artifacts/rq1_v2/confirmatory_run_20260916/dna_v2/group_114_run/dna_v2_iht_attack_rq1_v2_confirmatory_ratio0p95_eta0p01_s0p2_iht80_step1_r4_i600_lr0p1_nonneg0p001/group_114/restart_0/baseline.pt,114,"4299786,5204677,4045007,3187147",network.12.weight,parameter,32,3.099973100223503e-05,1.5957016646795332e-10,1.595701664679533e-08
PaySim,stored_observed_update,artifacts/rq1_v2/confirmatory_run_20260916/dna_v2/group_114_run/dna_v2_iht_attack_rq1_v2_confirmatory_ratio0p95_eta0p01_s0p2_iht80_step1_r4_i600_lr0p1_nonneg0p001/group_114/restart_0/baseline.pt,114,"4299786,5204677,4045007,3187147",network.12.bias,parameter,1,9.999966025381335e-07,5.147451902821125e-12,5.147451902821125e-10
PaySim,stored_observed_update,artifacts/rq1_v2/confirmatory_run_20260916/dna_v2/group_114_run/dna_v2_iht_attack_rq1_v2_confirmatory_ratio0p95_eta0p01_s0p2_iht80_step1_r4_i600_lr0p1_nonneg0p001/group_114/restart_0/baseline.pt,114,"4299786,5204677,4045007,3187147",network.1.running_mean,batchnorm_buffer,128,80.022298699176,0.00041191233316363823,0.041191233316363825
PaySim,stored_observed_update,artifacts/rq1_v2/confirmatory_run_20260916/dna_v2/group_114_run/dna_v2_iht_attack_rq1_v2_confirmatory_ratio0p95_eta0p01_s0p2_iht80_step1_r4_i600_lr0p1_nonneg0p001/group_114/restart_0/baseline.pt,114,"4299786,5204677,4045007,3187147",network.1.running_var,batchnorm_buffer,128,194189.87066464295,0.9995864153180328,99.95864153180328
PaySim,stored_observed_update,artifacts/rq1_v2/confirmatory_run_20260916/dna_v2/group_114_run/dna_v2_iht_attack_rq1_v2_confirmatory_ratio0p95_eta0p01_s0p2_iht80_step1_r4_i600_lr0p1_nonneg0p001/group_114/restart_0/baseline.pt,114,"4299786,5204677,4045007,3187147",network.5.running_mean,batchnorm_buffer,64,0.031980225209640764,1.6461723038877628e-07,1.6461723038877628e-05
PaySim,stored_observed_update,artifacts/rq1_v2/confirmatory_run_20260916/dna_v2/group_114_run/dna_v2_iht_attack_rq1_v2_confirmatory_ratio0p95_eta0p01_s0p2_iht80_step1_r4_i600_lr0p1_nonneg0p001/group_114/restart_0/baseline.pt,114,"4299786,5204677,4045007,3187147",network.5.running_var,batchnorm_buffer,64,0.23965957763147094,1.2336403401544348e-06,0.00012336403401544348
PaySim,stored_observed_update,artifacts/rq1_v2/confirmatory_run_20260916/dna_v2/group_114_run/dna_v2_iht_attack_rq1_v2_confirmatory_ratio0p95_eta0p01_s0p2_iht80_step1_r4_i600_lr0p1_nonneg0p001/group_114/restart_0/baseline.pt,114,"4299786,5204677,4045007,3187147",network.9.running_mean,batchnorm_buffer,32,0.0056771121605299416,2.9222761076465184e-08,2.9222761076465184e-06
PaySim,stored_observed_update,artifacts/rq1_v2/confirmatory_run_20260916/dna_v2/group_114_run/dna_v2_iht_attack_rq1_v2_confirmatory_ratio0p95_eta0p01_s0p2_iht80_step1_r4_i600_lr0p1_nonneg0p001/group_114/restart_0/baseline.pt,114,"4299786,5204677,4045007,3187147",network.9.running_var,batchnorm_buffer,32,0.03775755358590427,1.9435585136822707e-07,1.943558513682271e-05
PaySim,stored_observed_update,artifacts/rq1_v2/confirmatory_run_20260916/dna_v2/group_115_run/dna_v2_iht_attack_rq1_v2_confirmatory_ratio0p95_eta0p01_s0p2_iht80_step1_r4_i600_lr0p1_nonneg0p001/group_115/restart_0/baseline.pt,115,"6203410,1105787,294362,6032206",network.0.weight,parameter,1664,0.0008762330055848453,1.8194595627341813e-11,1.8194595627341814e-09
PaySim,stored_observed_update,artifacts/rq1_v2/confirmatory_run_20260916/dna_v2/group_115_run/dna_v2_iht_attack_rq1_v2_confirmatory_ratio0p95_eta0p01_s0p2_iht80_step1_r4_i600_lr0p1_nonneg0p001/group_115/restart_0/baseline.pt,115,"6203410,1105787,294362,6032206",network.0.bias,parameter,128,3.138239198325829e-08,6.516416618808014e-16,6.516416618808013e-14
PaySim,stored_observed_update,artifacts/rq1_v2/confirmatory_run_20260916/dna_v2/group_115_run/dna_v2_iht_attack_rq1_v2_confirmatory_ratio0p95_eta0p01_s0p2_iht80_step1_r4_i600_lr0p1_nonneg0p001/group_115/restart_0/baseline.pt,115,"6203410,1105787,294362,6032206",network.1.weight,parameter,128,0.00010300199731005932,2.1387914834527564e-12,2.1387914834527565e-10
PaySim,stored_observed_update,artifacts/rq1_v2/confirmatory_run_20260916/dna_v2/group_115_run/dna_v2_iht_attack_rq1_v2_confirmatory_ratio0p95_eta0p01_s0p2_iht80_step1_r4_i600_lr0p1_nonneg0p001/group_115/restart_0/baseline.pt,115,"6203410,1105787,294362,6032206",network.1.bias,parameter,128,0.00010299924448119123,2.1387343221637303e-12,2.1387343221637302e-10
PaySim,stored_observed_update,artifacts/rq1_v2/confirmatory_run_20260916/dna_v2/group_115_run/dna_v2_iht_attack_rq1_v2_confirmatory_ratio0p95_eta0p01_s0p2_iht80_step1_r4_i600_lr0p1_nonneg0p001/group_115/restart_0/baseline.pt,115,"6203410,1105787,294362,6032206",network.4.weight,parameter,8192,0.006075505796924339,1.2615522412651887e-10,1.2615522412651887e-08
PaySim,stored_observed_update,artifacts/rq1_v2/confirmatory_run_20260916/dna_v2/group_115_run/dna_v2_iht_attack_rq1_v2_confirmatory_ratio0p95_eta0p01_s0p2_iht80_step1_r4_i600_lr0p1_nonneg0p001/group_115/restart_0/baseline.pt,115,"6203410,1105787,294362,6032206",network.4.bias,parameter,64,4.868936514502769e-06,1.0110133999968231e-13,1.0110133999968232e-11
PaySim,stored_observed_update,artifacts/rq1_v2/confirmatory_run_20260916/dna_v2/group_115_run/dna_v2_iht_attack_rq1_v2_confirmatory_ratio0p95_eta0p01_s0p2_iht80_step1_r4_i600_lr0p1_nonneg0p001/group_115/restart_0/baseline.pt,115,"6203410,1105787,294362,6032206",network.5.weight,parameter,64,5.9000984258261724e-05,1.2251296668261436e-12,1.2251296668261435e-10
PaySim,stored_observed_update,artifacts/rq1_v2/confirmatory_run_20260916/dna_v2/group_115_run/dna_v2_iht_attack_rq1_v2_confirmatory_ratio0p95_eta0p01_s0p2_iht80_step1_r4_i600_lr0p1_nonneg0p001/group_115/restart_0/baseline.pt,115,"6203410,1105787,294362,6032206",network.5.bias,parameter,64,5.8999737152038096e-05,1.225103771210139e-12,1.225103771210139e-10
PaySim,stored_observed_update,artifacts/rq1_v2/confirmatory_run_20260916/dna_v2/group_115_run/dna_v2_iht_attack_rq1_v2_confirmatory_ratio0p95_eta0p01_s0p2_iht80_step1_r4_i600_lr0p1_nonneg0p001/group_115/restart_0/baseline.pt,115,"6203410,1105787,294362,6032206",network.8.weight,parameter,2048,0.0018239392842756981,3.787330255160789e-11,3.7873302551607894e-09
PaySim,stored_observed_update,artifacts/rq1_v2/confirmatory_run_20260916/dna_v2/group_115_run/dna_v2_iht_attack_rq1_v2_confirmatory_ratio0p95_eta0p01_s0p2_iht80_step1_r4_i600_lr0p1_nonneg0p001/group_115/restart_0/baseline.pt,115,"6203410,1105787,294362,6032206",network.8.bias,parameter,32,3.25885821880062e-07,6.766876746253233e-15,6.766876746253233e-13
PaySim,stored_observed_update,artifacts/rq1_v2/confirmatory_run_20260916/dna_v2/group_115_run/dna_v2_iht_attack_rq1_v2_confirmatory_ratio0p95_eta0p01_s0p2_iht80_step1_r4_i600_lr0p1_nonneg0p001/group_115/restart_0/baseline.pt,115,"6203410,1105787,294362,6032206",network.9.weight,parameter,32,3.098372256360449e-05,6.433634655182408e-13,6.433634655182408e-11
PaySim,stored_observed_update,artifacts/rq1_v2/confirmatory_run_20260916/dna_v2/group_115_run/dna_v2_iht_attack_rq1_v2_confirmatory_ratio0p95_eta0p01_s0p2_iht80_step1_r4_i600_lr0p1_nonneg0p001/group_115/restart_0/baseline.pt,115,"6203410,1105787,294362,6032206",network.9.bias,parameter,32,3.098504380472447e-05,6.433909005129865e-13,6.433909005129865e-11
PaySim,stored_observed_update,artifacts/rq1_v2/confirmatory_run_20260916/dna_v2/group_115_run/dna_v2_iht_attack_rq1_v2_confirmatory_ratio0p95_eta0p01_s0p2_iht80_step1_r4_i600_lr0p1_nonneg0p001/group_115/restart_0/baseline.pt,115,"6203410,1105787,294362,6032206",network.12.weight,parameter,32,3.0999683736458e-05,6.436948923007939e-13,6.436948923007938e-11
PaySim,stored_observed_update,artifacts/rq1_v2/confirmatory_run_20260916/dna_v2/group_115_run/dna_v2_iht_attack_rq1_v2_confirmatory_ratio0p95_eta0p01_s0p2_iht80_step1_r4_i600_lr0p1_nonneg0p001/group_115/restart_0/baseline.pt,115,"6203410,1105787,294362,6032206",network.12.bias,parameter,1,9.999966025381335e-07,2.0764492658836765e-14,2.0764492658836765e-12
PaySim,stored_observed_update,artifacts/rq1_v2/confirmatory_run_20260916/dna_v2/group_115_run/dna_v2_iht_attack_rq1_v2_confirmatory_ratio0p95_eta0p01_s0p2_iht80_step1_r4_i600_lr0p1_nonneg0p001/group_115/restart_0/baseline.pt,115,"6203410,1105787,294362,6032206",network.1.running_mean,batchnorm_buffer,128,1500.8622976228028,3.1164750041963415e-05,0.0031164750041963417
PaySim,stored_observed_update,artifacts/rq1_v2/confirmatory_run_20260916/dna_v2/group_115_run/dna_v2_iht_attack_rq1_v2_confirmatory_ratio0p95_eta0p01_s0p2_iht80_step1_r4_i600_lr0p1_nonneg0p001/group_115/restart_0/baseline.pt,115,"6203410,1105787,294362,6032206",network.1.running_var,batchnorm_buffer,128,48157469.96111302,0.999968828831647,99.9968828831647
PaySim,stored_observed_update,artifacts/rq1_v2/confirmatory_run_20260916/dna_v2/group_115_run/dna_v2_iht_attack_rq1_v2_confirmatory_ratio0p95_eta0p01_s0p2_iht80_step1_r4_i600_lr0p1_nonneg0p001/group_115/restart_0/baseline.pt,115,"6203410,1105787,294362,6032206",network.5.running_mean,batchnorm_buffer,64,0.026407987936925482,5.483503346502905e-10,5.483503346502905e-08
PaySim,stored_observed_update,artifacts/rq1_v2/confirmatory_run_20260916/dna_v2/group_115_run/dna_v2_iht_attack_rq1_v2_confirmatory_ratio0p95_eta0p01_s0p2_iht80_step1_r4_i600_lr0p1_nonneg0p001/group_115/restart_0/baseline.pt,115,"6203410,1105787,294362,6032206",network.5.running_var,batchnorm_buffer,64,0.22270295237628934,4.624329530701972e-09,4.624329530701972e-07
PaySim,stored_observed_update,artifacts/rq1_v2/confirmatory_run_20260916/dna_v2/group_115_run/dna_v2_iht_attack_rq1_v2_confirmatory_ratio0p95_eta0p01_s0p2_iht80_step1_r4_i600_lr0p1_nonneg0p001/group_115/restart_0/baseline.pt,115,"6203410,1105787,294362,6032206",network.9.running_mean,batchnorm_buffer,32,0.006132538975332201,1.2733949316438794e-10,1.2733949316438794e-08
PaySim,stored_observed_update,artifacts/rq1_v2/confirmatory_run_20260916/dna_v2/group_115_run/dna_v2_iht_attack_rq1_v2_confirmatory_ratio0p95_eta0p01_s0p2_iht80_step1_r4_i600_lr0p1_nonneg0p001/group_115/restart_0/baseline.pt,115,"6203410,1105787,294362,6032206",network.9.running_var,batchnorm_buffer,32,0.04465690732320643,9.272811746815041e-10,9.272811746815041e-08
PaySim,stored_observed_update,artifacts/rq1_v2/confirmatory_run_20260916/dna_v2/group_116_run/dna_v2_iht_attack_rq1_v2_confirmatory_ratio0p95_eta0p01_s0p2_iht80_step1_r4_i600_lr0p1_nonneg0p001/group_116/restart_0/baseline.pt,116,"2539235,6009078,5350913,3061950",network.0.weight,parameter,1664,0.0012792031068459145,1.5750763104496134e-05,0.0015750763104496134
PaySim,stored_observed_update,artifacts/rq1_v2/confirmatory_run_20260916/dna_v2/group_116_run/dna_v2_iht_attack_rq1_v2_confirmatory_ratio0p95_eta0p01_s0p2_iht80_step1_r4_i600_lr0p1_nonneg0p001/group_116/restart_0/baseline.pt,116,"2539235,6009078,5350913,3061950",network.0.bias,parameter,128,3.078021760648947e-08,3.789952613702136e-10,3.789952613702136e-08
PaySim,stored_observed_update,artifacts/rq1_v2/confirmatory_run_20260916/dna_v2/group_116_run/dna_v2_iht_attack_rq1_v2_confirmatory_ratio0p95_eta0p01_s0p2_iht80_step1_r4_i600_lr0p1_nonneg0p001/group_116/restart_0/baseline.pt,116,"2539235,6009078,5350913,3061950",network.1.weight,parameter,128,0.0001069928428591993,1.3173974584122244e-06,0.00013173974584122243
PaySim,stored_observed_update,artifacts/rq1_v2/confirmatory_run_20260916/dna_v2/group_116_run/dna_v2_iht_attack_rq1_v2_confirmatory_ratio0p95_eta0p01_s0p2_iht80_step1_r4_i600_lr0p1_nonneg0p001/group_116/restart_0/baseline.pt,116,"2539235,6009078,5350913,3061950",network.1.bias,parameter,128,0.00010699139880021383,1.317379677787031e-06,0.00013173796777870309
PaySim,stored_observed_update,artifacts/rq1_v2/confirmatory_run_20260916/dna_v2/group_116_run/dna_v2_iht_attack_rq1_v2_confirmatory_ratio0p95_eta0p01_s0p2_iht80_step1_r4_i600_lr0p1_nonneg0p001/group_116/restart_0/baseline.pt,116,"2539235,6009078,5350913,3061950",network.4.weight,parameter,8192,0.006416356766625555,7.900427608734952e-05,0.007900427608734953
PaySim,stored_observed_update,artifacts/rq1_v2/confirmatory_run_20260916/dna_v2/group_116_run/dna_v2_iht_attack_rq1_v2_confirmatory_ratio0p95_eta0p01_s0p2_iht80_step1_r4_i600_lr0p1_nonneg0p001/group_116/restart_0/baseline.pt,116,"2539235,6009078,5350913,3061950",network.4.bias,parameter,64,6.054354250830188e-07,7.454695743403323e-09,7.454695743403323e-07
PaySim,stored_observed_update,artifacts/rq1_v2/confirmatory_run_20260916/dna_v2/group_116_run/dna_v2_iht_attack_rq1_v2_confirmatory_ratio0p95_eta0p01_s0p2_iht80_step1_r4_i600_lr0p1_nonneg0p001/group_116/restart_0/baseline.pt,116,"2539235,6009078,5350913,3061950",network.5.weight,parameter,64,5.9999289657497457e-05,7.387682165371107e-07,7.387682165371108e-05
PaySim,stored_observed_update,artifacts/rq1_v2/confirmatory_run_20260916/dna_v2/group_116_run/dna_v2_iht_attack_rq1_v2_confirmatory_ratio0p95_eta0p01_s0p2_iht80_step1_r4_i600_lr0p1_nonneg0p001/group_116/restart_0/baseline.pt,116,"2539235,6009078,5350913,3061950",network.5.bias,parameter,64,5.999793340553474e-05,7.387515170753439e-07,7.387515170753439e-05
PaySim,stored_observed_update,artifacts/rq1_v2/confirmatory_run_20260916/dna_v2/group_116_run/dna_v2_iht_attack_rq1_v2_confirmatory_ratio0p95_eta0p01_s0p2_iht80_step1_r4_i600_lr0p1_nonneg0p001/group_116/restart_0/baseline.pt,116,"2539235,6009078,5350913,3061950",network.8.weight,parameter,2048,0.0019108783991721942,2.3528549005068544e-05,0.0023528549005068546
PaySim,stored_observed_update,artifacts/rq1_v2/confirmatory_run_20260916/dna_v2/group_116_run/dna_v2_iht_attack_rq1_v2_confirmatory_ratio0p95_eta0p01_s0p2_iht80_step1_r4_i600_lr0p1_nonneg0p001/group_116/restart_0/baseline.pt,116,"2539235,6009078,5350913,3061950",network.8.bias,parameter,32,2.4140977049336154e-07,2.97246628451922e-09,2.97246628451922e-07
PaySim,stored_observed_update,artifacts/rq1_v2/confirmatory_run_20260916/dna_v2/group_116_run/dna_v2_iht_attack_rq1_v2_confirmatory_ratio0p95_eta0p01_s0p2_iht80_step1_r4_i600_lr0p1_nonneg0p001/group_116/restart_0/baseline.pt,116,"2539235,6009078,5350913,3061950",network.9.weight,parameter,32,3.1989649350805394e-05,3.9388693321953176e-07,3.9388693321953176e-05
PaySim,stored_observed_update,artifacts/rq1_v2/confirmatory_run_20260916/dna_v2/group_116_run/dna_v2_iht_attack_rq1_v2_confirmatory_ratio0p95_eta0p01_s0p2_iht80_step1_r4_i600_lr0p1_nonneg0p001/group_116/restart_0/baseline.pt,116,"2539235,6009078,5350913,3061950",network.9.bias,parameter,32,3.19855487433832e-05,3.9383644264790487e-07,3.938364426479049e-05
PaySim,stored_observed_update,artifacts/rq1_v2/confirmatory_run_20260916/dna_v2/group_116_run/dna_v2_iht_attack_rq1_v2_confirmatory_ratio0p95_eta0p01_s0p2_iht80_step1_r4_i600_lr0p1_nonneg0p001/group_116/restart_0/baseline.pt,116,"2539235,6009078,5350913,3061950",network.12.weight,parameter,32,3.199961514811176e-05,3.94009641577321e-07,3.94009641577321e-05
PaySim,stored_observed_update,artifacts/rq1_v2/confirmatory_run_20260916/dna_v2/group_116_run/dna_v2_iht_attack_rq1_v2_confirmatory_ratio0p95_eta0p01_s0p2_iht80_step1_r4_i600_lr0p1_nonneg0p001/group_116/restart_0/baseline.pt,116,"2539235,6009078,5350913,3061950",network.12.bias,parameter,1,9.999966025381335e-07,1.2312907549697155e-08,1.2312907549697154e-06
PaySim,stored_observed_update,artifacts/rq1_v2/confirmatory_run_20260916/dna_v2/group_116_run/dna_v2_iht_attack_rq1_v2_confirmatory_ratio0p95_eta0p01_s0p2_iht80_step1_r4_i600_lr0p1_nonneg0p001/group_116/restart_0/baseline.pt,116,"2539235,6009078,5350913,3061950",network.1.running_mean,batchnorm_buffer,128,3.3924722320021274,0.04177133887408789,4.177133887408789
PaySim,stored_observed_update,artifacts/rq1_v2/confirmatory_run_20260916/dna_v2/group_116_run/dna_v2_iht_attack_rq1_v2_confirmatory_ratio0p95_eta0p01_s0p2_iht80_step1_r4_i600_lr0p1_nonneg0p001/group_116/restart_0/baseline.pt,116,"2539235,6009078,5350913,3061950",network.1.running_var,batchnorm_buffer,128,77.66648223987524,0.9563034645343333,95.63034645343333
PaySim,stored_observed_update,artifacts/rq1_v2/confirmatory_run_20260916/dna_v2/group_116_run/dna_v2_iht_attack_rq1_v2_confirmatory_ratio0p95_eta0p01_s0p2_iht80_step1_r4_i600_lr0p1_nonneg0p001/group_116/restart_0/baseline.pt,116,"2539235,6009078,5350913,3061950",network.5.running_mean,batchnorm_buffer,64,0.027523125976938,0.00033889085700146936,0.03388908570014693
PaySim,stored_observed_update,artifacts/rq1_v2/confirmatory_run_20260916/dna_v2/group_116_run/dna_v2_iht_attack_rq1_v2_confirmatory_ratio0p95_eta0p01_s0p2_iht80_step1_r4_i600_lr0p1_nonneg0p001/group_116/restart_0/baseline.pt,116,"2539235,6009078,5350913,3061950",network.5.running_var,batchnorm_buffer,64,0.05504511270421997,0.00067776768647959,0.067776768647959
PaySim,stored_observed_update,artifacts/rq1_v2/confirmatory_run_20260916/dna_v2/group_116_run/dna_v2_iht_attack_rq1_v2_confirmatory_ratio0p95_eta0p01_s0p2_iht80_step1_r4_i600_lr0p1_nonneg0p001/group_116/restart_0/baseline.pt,116,"2539235,6009078,5350913,3061950",network.9.running_mean,batchnorm_buffer,32,0.010874005330094878,0.00013389107721420142,0.013389107721420141
PaySim,stored_observed_update,artifacts/rq1_v2/confirmatory_run_20260916/dna_v2/group_116_run/dna_v2_iht_attack_rq1_v2_confirmatory_ratio0p95_eta0p01_s0p2_iht80_step1_r4_i600_lr0p1_nonneg0p001/group_116/restart_0/baseline.pt,116,"2539235,6009078,5350913,3061950",network.9.running_var,batchnorm_buffer,32,0.0528749216382825,0.0006510462337344066,0.06510462337344065
PaySim,stored_observed_update,artifacts/rq1_v2/confirmatory_run_20260916/dna_v2/group_117_run/dna_v2_iht_attack_rq1_v2_confirmatory_ratio0p95_eta0p01_s0p2_iht80_step1_r4_i600_lr0p1_nonneg0p001/group_117/restart_0/baseline.pt,117,"3404183,209405,2010339,1148109",network.0.weight,parameter,1664,0.0009677871005967145,1.8051514074267036e-09,1.8051514074267037e-07
PaySim,stored_observed_update,artifacts/rq1_v2/confirmatory_run_20260916/dna_v2/group_117_run/dna_v2_iht_attack_rq1_v2_confirmatory_ratio0p95_eta0p01_s0p2_iht80_step1_r4_i600_lr0p1_nonneg0p001/group_117/restart_0/baseline.pt,117,"3404183,209405,2010339,1148109",network.0.bias,parameter,128,1.8734911233172537e-07,3.4945032187062173e-13,3.494503218706217e-11
PaySim,stored_observed_update,artifacts/rq1_v2/confirmatory_run_20260916/dna_v2/group_117_run/dna_v2_iht_attack_rq1_v2_confirmatory_ratio0p95_eta0p01_s0p2_iht80_step1_r4_i600_lr0p1_nonneg0p001/group_117/restart_0/baseline.pt,117,"3404183,209405,2010339,1148109",network.1.weight,parameter,128,0.00010900041235117897,2.0331150068491597e-10,2.0331150068491597e-08
PaySim,stored_observed_update,artifacts/rq1_v2/confirmatory_run_20260916/dna_v2/group_117_run/dna_v2_iht_attack_rq1_v2_confirmatory_ratio0p95_eta0p01_s0p2_iht80_step1_r4_i600_lr0p1_nonneg0p001/group_117/restart_0/baseline.pt,117,"3404183,209405,2010339,1148109",network.1.bias,parameter,128,0.00010899788423480434,2.0330678515106664e-10,2.0330678515106664e-08
PaySim,stored_observed_update,artifacts/rq1_v2/confirmatory_run_20260916/dna_v2/group_117_run/dna_v2_iht_attack_rq1_v2_confirmatory_ratio0p95_eta0p01_s0p2_iht80_step1_r4_i600_lr0p1_nonneg0p001/group_117/restart_0/baseline.pt,117,"3404183,209405,2010339,1148109",network.4.weight,parameter,8192,0.006974531406193015,1.3009147545227994e-08,1.3009147545227994e-06
PaySim,stored_observed_update,artifacts/rq1_v2/confirmatory_run_20260916/dna_v2/group_117_run/dna_v2_iht_attack_rq1_v2_confirmatory_ratio0p95_eta0p01_s0p2_iht80_step1_r4_i600_lr0p1_nonneg0p001/group_117/restart_0/baseline.pt,117,"3404183,209405,2010339,1148109",network.4.bias,parameter,64,9.471185368655475e-07,1.7665996568549091e-12,1.7665996568549092e-10
PaySim,stored_observed_update,artifacts/rq1_v2/confirmatory_run_20260916/dna_v2/group_117_run/dna_v2_iht_attack_rq1_v2_confirmatory_ratio0p95_eta0p01_s0p2_iht80_step1_r4_i600_lr0p1_nonneg0p001/group_117/restart_0/baseline.pt,117,"3404183,209405,2010339,1148109",network.5.weight,parameter,64,6.399680450996925e-05,1.1936914809130365e-10,1.1936914809130366e-08
PaySim,stored_observed_update,artifacts/rq1_v2/confirmatory_run_20260916/dna_v2/group_117_run/dna_v2_iht_attack_rq1_v2_confirmatory_ratio0p95_eta0p01_s0p2_iht80_step1_r4_i600_lr0p1_nonneg0p001/group_117/restart_0/baseline.pt,117,"3404183,209405,2010339,1148109",network.5.bias,parameter,64,6.399866422684042e-05,1.1937261690229043e-10,1.1937261690229043e-08
PaySim,stored_observed_update,artifacts/rq1_v2/confirmatory_run_20260916/dna_v2/group_117_run/dna_v2_iht_attack_rq1_v2_confirmatory_ratio0p95_eta0p01_s0p2_iht80_step1_r4_i600_lr0p1_nonneg0p001/group_117/restart_0/baseline.pt,117,"3404183,209405,2010339,1148109",network.8.weight,parameter,2048,0.0019008740800292175,3.545578897249182e-09,3.545578897249182e-07
PaySim,stored_observed_update,artifacts/rq1_v2/confirmatory_run_20260916/dna_v2/group_117_run/dna_v2_iht_attack_rq1_v2_confirmatory_ratio0p95_eta0p01_s0p2_iht80_step1_r4_i600_lr0p1_nonneg0p001/group_117/restart_0/baseline.pt,117,"3404183,209405,2010339,1148109",network.8.bias,parameter,32,1.5036327504630576e-07,2.8046300411296144e-13,2.8046300411296143e-11
PaySim,stored_observed_update,artifacts/rq1_v2/confirmatory_run_20260916/dna_v2/group_117_run/dna_v2_iht_attack_rq1_v2_confirmatory_ratio0p95_eta0p01_s0p2_iht80_step1_r4_i600_lr0p1_nonneg0p001/group_117/restart_0/baseline.pt,117,"3404183,209405,2010339,1148109",network.9.weight,parameter,32,2.9921586090608798e-05,5.581082162657326e-11,5.581082162657326e-09
PaySim,stored_observed_update,artifacts/rq1_v2/confirmatory_run_20260916/dna_v2/group_117_run/dna_v2_iht_attack_rq1_v2_confirmatory_ratio0p95_eta0p01_s0p2_iht80_step1_r4_i600_lr0p1_nonneg0p001/group_117/restart_0/baseline.pt,117,"3404183,209405,2010339,1148109",network.9.bias,parameter,32,2.990283031123822e-05,5.577583767038362e-11,5.5775837670383614e-09
PaySim,stored_observed_update,artifacts/rq1_v2/confirmatory_run_20260916/dna_v2/group_117_run/dna_v2_iht_attack_rq1_v2_confirmatory_ratio0p95_eta0p01_s0p2_iht80_step1_r4_i600_lr0p1_nonneg0p001/group_117/restart_0/baseline.pt,117,"3404183,209405,2010339,1148109",network.12.weight,parameter,32,2.999928668320366e-05,5.595575157448642e-11,5.595575157448642e-09
PaySim,stored_observed_update,artifacts/rq1_v2/confirmatory_run_20260916/dna_v2/group_117_run/dna_v2_iht_attack_rq1_v2_confirmatory_ratio0p95_eta0p01_s0p2_iht80_step1_r4_i600_lr0p1_nonneg0p001/group_117/restart_0/baseline.pt,117,"3404183,209405,2010339,1148109",network.12.bias,parameter,1,9.999966025381335e-07,1.8652297322217088e-12,1.8652297322217089e-10
PaySim,stored_observed_update,artifacts/rq1_v2/confirmatory_run_20260916/dna_v2/group_117_run/dna_v2_iht_attack_rq1_v2_confirmatory_ratio0p95_eta0p01_s0p2_iht80_step1_r4_i600_lr0p1_nonneg0p001/group_117/restart_0/baseline.pt,117,"3404183,209405,2010339,1148109",network.1.running_mean,batchnorm_buffer,128,175.5920055713357,0.0003275205422706481,0.032752054227064814
PaySim,stored_observed_update,artifacts/rq1_v2/confirmatory_run_20260916/dna_v2/group_117_run/dna_v2_iht_attack_rq1_v2_confirmatory_ratio0p95_eta0p01_s0p2_iht80_step1_r4_i600_lr0p1_nonneg0p001/group_117/restart_0/baseline.pt,117,"3404183,209405,2010339,1148109",network.1.running_var,batchnorm_buffer,128,535949.205331894,0.9996717890924286,99.96717890924286
PaySim,stored_observed_update,artifacts/rq1_v2/confirmatory_run_20260916/dna_v2/group_117_run/dna_v2_iht_attack_rq1_v2_confirmatory_ratio0p95_eta0p01_s0p2_iht80_step1_r4_i600_lr0p1_nonneg0p001/group_117/restart_0/baseline.pt,117,"3404183,209405,2010339,1148109",network.5.running_mean,batchnorm_buffer,64,0.03097987931726098,5.7784788324810344e-08,5.778478832481034e-06
PaySim,stored_observed_update,artifacts/rq1_v2/confirmatory_run_20260916/dna_v2/group_117_run/dna_v2_iht_attack_rq1_v2_confirmatory_ratio0p95_eta0p01_s0p2_iht80_step1_r4_i600_lr0p1_nonneg0p001/group_117/restart_0/baseline.pt,117,"3404183,209405,2010339,1148109",network.5.running_var,batchnorm_buffer,64,0.2740112817939584,5.11095726194512e-07,5.1109572619451206e-05
PaySim,stored_observed_update,artifacts/rq1_v2/confirmatory_run_20260916/dna_v2/group_117_run/dna_v2_iht_attack_rq1_v2_confirmatory_ratio0p95_eta0p01_s0p2_iht80_step1_r4_i600_lr0p1_nonneg0p001/group_117/restart_0/baseline.pt,117,"3404183,209405,2010339,1148109",network.9.running_mean,batchnorm_buffer,32,0.00849670974039305,1.584836947806986e-08,1.5848369478069862e-06
PaySim,stored_observed_update,artifacts/rq1_v2/confirmatory_run_20260916/dna_v2/group_117_run/dna_v2_iht_attack_rq1_v2_confirmatory_ratio0p95_eta0p01_s0p2_iht80_step1_r4_i600_lr0p1_nonneg0p001/group_117/restart_0/baseline.pt,117,"3404183,209405,2010339,1148109",network.9.running_var,batchnorm_buffer,32,0.046353046834096245,8.64593748764508e-08,8.64593748764508e-06
PaySim,stored_observed_update,artifacts/rq1_v2/confirmatory_run_20260916/dna_v2/group_118_run/dna_v2_iht_attack_rq1_v2_confirmatory_ratio0p95_eta0p01_s0p2_iht80_step1_r4_i600_lr0p1_nonneg0p001/group_118/restart_0/baseline.pt,118,"1030512,4622841,4669009,3347131",network.0.weight,parameter,1664,0.0012302787764165532,5.898875883767361e-07,5.898875883767362e-05
PaySim,stored_observed_update,artifacts/rq1_v2/confirmatory_run_20260916/dna_v2/group_118_run/dna_v2_iht_attack_rq1_v2_confirmatory_ratio0p95_eta0p01_s0p2_iht80_step1_r4_i600_lr0p1_nonneg0p001/group_118/restart_0/baseline.pt,118,"1030512,4622841,4669009,3347131",network.0.bias,parameter,128,1.4880984916532114e-08,7.135056276148897e-12,7.135056276148898e-10
PaySim,stored_observed_update,artifacts/rq1_v2/confirmatory_run_20260916/dna_v2/group_118_run/dna_v2_iht_attack_rq1_v2_confirmatory_ratio0p95_eta0p01_s0p2_iht80_step1_r4_i600_lr0p1_nonneg0p001/group_118/restart_0/baseline.pt,118,"1030512,4622841,4669009,3347131",network.1.weight,parameter,128,0.00011199139866135965,5.369704602050243e-08,5.369704602050243e-06
PaySim,stored_observed_update,artifacts/rq1_v2/confirmatory_run_20260916/dna_v2/group_118_run/dna_v2_iht_attack_rq1_v2_confirmatory_ratio0p95_eta0p01_s0p2_iht80_step1_r4_i600_lr0p1_nonneg0p001/group_118/restart_0/baseline.pt,118,"1030512,4622841,4669009,3347131",network.1.bias,parameter,128,0.00011199231729204642,5.369748648070609e-08,5.369748648070609e-06
PaySim,stored_observed_update,artifacts/rq1_v2/confirmatory_run_20260916/dna_v2/group_118_run/dna_v2_iht_attack_rq1_v2_confirmatory_ratio0p95_eta0p01_s0p2_iht80_step1_r4_i600_lr0p1_nonneg0p001/group_118/restart_0/baseline.pt,118,"1030512,4622841,4669009,3347131",network.4.weight,parameter,8192,0.006816777081609711,3.2684723741109754e-06,0.0003268472374110975
PaySim,stored_observed_update,artifacts/rq1_v2/confirmatory_run_20260916/dna_v2/group_118_run/dna_v2_iht_attack_rq1_v2_confirmatory_ratio0p95_eta0p01_s0p2_iht80_step1_r4_i600_lr0p1_nonneg0p001/group_118/restart_0/baseline.pt,118,"1030512,4622841,4669009,3347131",network.4.bias,parameter,64,1.1924642037442488e-07,5.717564562246116e-11,5.717564562246117e-09
PaySim,stored_observed_update,artifacts/rq1_v2/confirmatory_run_20260916/dna_v2/group_118_run/dna_v2_iht_attack_rq1_v2_confirmatory_ratio0p95_eta0p01_s0p2_iht80_step1_r4_i600_lr0p1_nonneg0p001/group_118/restart_0/baseline.pt,118,"1030512,4622841,4669009,3347131",network.5.weight,parameter,64,6.0998548775614836e-05,2.9247262914291795e-08,2.9247262914291796e-06
PaySim,stored_observed_update,artifacts/rq1_v2/confirmatory_run_20260916/dna_v2/group_118_run/dna_v2_iht_attack_rq1_v2_confirmatory_ratio0p95_eta0p01_s0p2_iht80_step1_r4_i600_lr0p1_nonneg0p001/group_118/restart_0/baseline.pt,118,"1030512,4622841,4669009,3347131",network.5.bias,parameter,64,6.099861442210662e-05,2.9247294390125943e-08,2.9247294390125944e-06
PaySim,stored_observed_update,artifacts/rq1_v2/confirmatory_run_20260916/dna_v2/group_118_run/dna_v2_iht_attack_rq1_v2_confirmatory_ratio0p95_eta0p01_s0p2_iht80_step1_r4_i600_lr0p1_nonneg0p001/group_118/restart_0/baseline.pt,118,"1030512,4622841,4669009,3347131",network.8.weight,parameter,2048,0.001826011912599054,8.75526575048015e-07,8.75526575048015e-05
PaySim,stored_observed_update,artifacts/rq1_v2/confirmatory_run_20260916/dna_v2/group_118_run/dna_v2_iht_attack_rq1_v2_confirmatory_ratio0p95_eta0p01_s0p2_iht80_step1_r4_i600_lr0p1_nonneg0p001/group_118/restart_0/baseline.pt,118,"1030512,4622841,4669009,3347131",network.8.bias,parameter,32,4.801817090152073e-08,2.302349969318622e-11,2.3023499693186216e-09
PaySim,stored_observed_update,artifacts/rq1_v2/confirmatory_run_20260916/dna_v2/group_118_run/dna_v2_iht_attack_rq1_v2_confirmatory_ratio0p95_eta0p01_s0p2_iht80_step1_r4_i600_lr0p1_nonneg0p001/group_118/restart_0/baseline.pt,118,"1030512,4622841,4669009,3347131",network.9.weight,parameter,32,2.9982683397378196e-05,1.4375939129713383e-08,1.4375939129713384e-06
PaySim,stored_observed_update,artifacts/rq1_v2/confirmatory_run_20260916/dna_v2/group_118_run/dna_v2_iht_attack_rq1_v2_confirmatory_ratio0p95_eta0p01_s0p2_iht80_step1_r4_i600_lr0p1_nonneg0p001/group_118/restart_0/baseline.pt,118,"1030512,4622841,4669009,3347131",network.9.bias,parameter,32,2.9984518213666683e-05,1.4376818877764213e-08,1.4376818877764212e-06
PaySim,stored_observed_update,artifacts/rq1_v2/confirmatory_run_20260916/dna_v2/group_118_run/dna_v2_iht_attack_rq1_v2_confirmatory_ratio0p95_eta0p01_s0p2_iht80_step1_r4_i600_lr0p1_nonneg0p001/group_118/restart_0/baseline.pt,118,"1030512,4622841,4669009,3347131",network.12.weight,parameter,32,2.999965384046221e-05,1.4384076028387414e-08,1.4384076028387415e-06
PaySim,stored_observed_update,artifacts/rq1_v2/confirmatory_run_20260916/dna_v2/group_118_run/dna_v2_iht_attack_rq1_v2_confirmatory_ratio0p95_eta0p01_s0p2_iht80_step1_r4_i600_lr0p1_nonneg0p001/group_118/restart_0/baseline.pt,118,"1030512,4622841,4669009,3347131",network.12.bias,parameter,1,9.999966025381335e-07,4.794731044408612e-10,4.7947310444086125e-08
PaySim,stored_observed_update,artifacts/rq1_v2/confirmatory_run_20260916/dna_v2/group_118_run/dna_v2_iht_attack_rq1_v2_confirmatory_ratio0p95_eta0p01_s0p2_iht80_step1_r4_i600_lr0p1_nonneg0p001/group_118/restart_0/baseline.pt,118,"1030512,4622841,4669009,3347131",network.1.running_mean,batchnorm_buffer,128,5.297808727043707,0.0025401654272047074,0.25401654272047075
PaySim,stored_observed_update,artifacts/rq1_v2/confirmatory_run_20260916/dna_v2/group_118_run/dna_v2_iht_attack_rq1_v2_confirmatory_ratio0p95_eta0p01_s0p2_iht80_step1_r4_i600_lr0p1_nonneg0p001/group_118/restart_0/baseline.pt,118,"1030512,4622841,4669009,3347131",network.1.running_var,batchnorm_buffer,128,2080.080968518288,0.9973462679097299,99.734626790973
PaySim,stored_observed_update,artifacts/rq1_v2/confirmatory_run_20260916/dna_v2/group_118_run/dna_v2_iht_attack_rq1_v2_confirmatory_ratio0p95_eta0p01_s0p2_iht80_step1_r4_i600_lr0p1_nonneg0p001/group_118/restart_0/baseline.pt,118,"1030512,4622841,4669009,3347131",network.5.running_mean,batchnorm_buffer,64,0.033025360468688585,1.5834825907417795e-05,0.0015834825907417795
PaySim,stored_observed_update,artifacts/rq1_v2/confirmatory_run_20260916/dna_v2/group_118_run/dna_v2_iht_attack_rq1_v2_confirmatory_ratio0p95_eta0p01_s0p2_iht80_step1_r4_i600_lr0p1_nonneg0p001/group_118/restart_0/baseline.pt,118,"1030512,4622841,4669009,3347131",network.5.running_var,batchnorm_buffer,64,0.16454218073165516,7.889381824561496e-05,0.007889381824561496
PaySim,stored_observed_update,artifacts/rq1_v2/confirmatory_run_20260916/dna_v2/group_118_run/dna_v2_iht_attack_rq1_v2_confirmatory_ratio0p95_eta0p01_s0p2_iht80_step1_r4_i600_lr0p1_nonneg0p001/group_118/restart_0/baseline.pt,118,"1030512,4622841,4669009,3347131",network.9.running_mean,batchnorm_buffer,32,0.006176603645446185,2.9615253864523905e-06,0.00029615253864523903
PaySim,stored_observed_update,artifacts/rq1_v2/confirmatory_run_20260916/dna_v2/group_118_run/dna_v2_iht_attack_rq1_v2_confirmatory_ratio0p95_eta0p01_s0p2_iht80_step1_r4_i600_lr0p1_nonneg0p001/group_118/restart_0/baseline.pt,118,"1030512,4622841,4669009,3347131",network.9.running_var,batchnorm_buffer,32,0.022802065457645737,1.0933014257140155e-05,0.0010933014257140156
PaySim,stored_observed_update,artifacts/rq1_v2/confirmatory_run_20260916/dna_v2/group_119_run/dna_v2_iht_attack_rq1_v2_confirmatory_ratio0p95_eta0p01_s0p2_iht80_step1_r4_i600_lr0p1_nonneg0p001/group_119/restart_0/baseline.pt,119,"1813434,2048056,2128371,6018858",network.0.weight,parameter,1664,0.001182881785559098,7.108607870494072e-08,7.108607870494072e-06
PaySim,stored_observed_update,artifacts/rq1_v2/confirmatory_run_20260916/dna_v2/group_119_run/dna_v2_iht_attack_rq1_v2_confirmatory_ratio0p95_eta0p01_s0p2_iht80_step1_r4_i600_lr0p1_nonneg0p001/group_119/restart_0/baseline.pt,119,"1813434,2048056,2128371,6018858",network.0.bias,parameter,128,1.0244786353454105e-07,6.156673455688751e-12,6.15667345568875e-10
PaySim,stored_observed_update,artifacts/rq1_v2/confirmatory_run_20260916/dna_v2/group_119_run/dna_v2_iht_attack_rq1_v2_confirmatory_ratio0p95_eta0p01_s0p2_iht80_step1_r4_i600_lr0p1_nonneg0p001/group_119/restart_0/baseline.pt,119,"1813434,2048056,2128371,6018858",network.1.weight,parameter,128,0.00010800115329701043,6.490402149414179e-09,6.490402149414179e-07
PaySim,stored_observed_update,artifacts/rq1_v2/confirmatory_run_20260916/dna_v2/group_119_run/dna_v2_iht_attack_rq1_v2_confirmatory_ratio0p95_eta0p01_s0p2_iht80_step1_r4_i600_lr0p1_nonneg0p001/group_119/restart_0/baseline.pt,119,"1813434,2048056,2128371,6018858",network.1.bias,parameter,128,0.00010799806157961418,6.4902163505720235e-09,6.490216350572023e-07
PaySim,stored_observed_update,artifacts/rq1_v2/confirmatory_run_20260916/dna_v2/group_119_run/dna_v2_iht_attack_rq1_v2_confirmatory_ratio0p95_eta0p01_s0p2_iht80_step1_r4_i600_lr0p1_nonneg0p001/group_119/restart_0/baseline.pt,119,"1813434,2048056,2128371,6018858",network.4.weight,parameter,8192,0.006371679956324375,3.8291040439335476e-07,3.829104043933548e-05
PaySim,stored_observed_update,artifacts/rq1_v2/confirmatory_run_20260916/dna_v2/group_119_run/dna_v2_iht_attack_rq1_v2_confirmatory_ratio0p95_eta0p01_s0p2_iht80_step1_r4_i600_lr0p1_nonneg0p001/group_119/restart_0/baseline.pt,119,"1813434,2048056,2128371,6018858",network.4.bias,parameter,64,1.9048492009914958e-06,1.1447319747063582e-10,1.1447319747063582e-08
PaySim,stored_observed_update,artifacts/rq1_v2/confirmatory_run_20260916/dna_v2/group_119_run/dna_v2_iht_attack_rq1_v2_confirmatory_ratio0p95_eta0p01_s0p2_iht80_step1_r4_i600_lr0p1_nonneg0p001/group_119/restart_0/baseline.pt,119,"1813434,2048056,2128371,6018858",network.5.weight,parameter,64,5.900098430089429e-05,3.545703945132562e-09,3.545703945132562e-07
PaySim,stored_observed_update,artifacts/rq1_v2/confirmatory_run_20260916/dna_v2/group_119_run/dna_v2_iht_attack_rq1_v2_confirmatory_ratio0p95_eta0p01_s0p2_iht80_step1_r4_i600_lr0p1_nonneg0p001/group_119/restart_0/baseline.pt,119,"1813434,2048056,2128371,6018858",network.5.bias,parameter,64,5.899967032961118e-05,3.5456249811420877e-09,3.5456249811420876e-07
PaySim,stored_observed_update,artifacts/rq1_v2/confirmatory_run_20260916/dna_v2/group_119_run/dna_v2_iht_attack_rq1_v2_confirmatory_ratio0p95_eta0p01_s0p2_iht80_step1_r4_i600_lr0p1_nonneg0p001/group_119/restart_0/baseline.pt,119,"1813434,2048056,2128371,6018858",network.8.weight,parameter,2048,0.0018628679434051596,1.1195030548147212e-07,1.1195030548147212e-05
PaySim,stored_observed_update,artifacts/rq1_v2/confirmatory_run_20260916/dna_v2/group_119_run/dna_v2_iht_attack_rq1_v2_confirmatory_ratio0p95_eta0p01_s0p2_iht80_step1_r4_i600_lr0p1_nonneg0p001/group_119/restart_0/baseline.pt,119,"1813434,2048056,2128371,6018858",network.8.bias,parameter,32,5.401181034309435e-07,3.2458761711600565e-11,3.2458761711600564e-09
PaySim,stored_observed_update,artifacts/rq1_v2/confirmatory_run_20260916/dna_v2/group_119_run/dna_v2_iht_attack_rq1_v2_confirmatory_ratio0p95_eta0p01_s0p2_iht80_step1_r4_i600_lr0p1_nonneg0p001/group_119/restart_0/baseline.pt,119,"1813434,2048056,2128371,6018858",network.9.weight,parameter,32,3.1959704841710845e-05,1.92064001787863e-09,1.92064001787863e-07
PaySim,stored_observed_update,artifacts/rq1_v2/confirmatory_run_20260916/dna_v2/group_119_run/dna_v2_iht_attack_rq1_v2_confirmatory_ratio0p95_eta0p01_s0p2_iht80_step1_r4_i600_lr0p1_nonneg0p001/group_119/restart_0/baseline.pt,119,"1813434,2048056,2128371,6018858",network.9.bias,parameter,32,3.1944993861642186e-05,1.919755951609495e-09,1.9197559516094948e-07
PaySim,stored_observed_update,artifacts/rq1_v2/confirmatory_run_20260916/dna_v2/group_119_run/dna_v2_iht_attack_rq1_v2_confirmatory_ratio0p95_eta0p01_s0p2_iht80_step1_r4_i600_lr0p1_nonneg0p001/group_119/restart_0/baseline.pt,119,"1813434,2048056,2128371,6018858",network.12.weight,parameter,32,3.1999254963404464e-05,1.923016809116627e-09,1.9230168091166267e-07
PaySim,stored_observed_update,artifacts/rq1_v2/confirmatory_run_20260916/dna_v2/group_119_run/dna_v2_iht_attack_rq1_v2_confirmatory_ratio0p95_eta0p01_s0p2_iht80_step1_r4_i600_lr0p1_nonneg0p001/group_119/restart_0/baseline.pt,119,"1813434,2048056,2128371,6018858",network.12.bias,parameter,1,9.999966025381335e-07,6.009547028327926e-11,6.009547028327926e-09
PaySim,stored_observed_update,artifacts/rq1_v2/confirmatory_run_20260916/dna_v2/group_119_run/dna_v2_iht_attack_rq1_v2_confirmatory_ratio0p95_eta0p01_s0p2_iht80_step1_r4_i600_lr0p1_nonneg0p001/group_119/restart_0/baseline.pt,119,"1813434,2048056,2128371,6018858",network.1.running_mean,batchnorm_buffer,128,28.76874863908956,0.0017288773527224148,0.1728877352722415
PaySim,stored_observed_update,artifacts/rq1_v2/confirmatory_run_20260916/dna_v2/group_119_run/dna_v2_iht_attack_rq1_v2_confirmatory_ratio0p95_eta0p01_s0p2_iht80_step1_r4_i600_lr0p1_nonneg0p001/group_119/restart_0/baseline.pt,119,"1813434,2048056,2128371,6018858",network.1.running_var,batchnorm_buffer,128,16611.02480342213,0.9982507389676881,99.82507389676881
PaySim,stored_observed_update,artifacts/rq1_v2/confirmatory_run_20260916/dna_v2/group_119_run/dna_v2_iht_attack_rq1_v2_confirmatory_ratio0p95_eta0p01_s0p2_iht80_step1_r4_i600_lr0p1_nonneg0p001/group_119/restart_0/baseline.pt,119,"1813434,2048056,2128371,6018858",network.5.running_mean,batchnorm_buffer,64,0.033215506217221864,1.9961082485227897e-06,0.00019961082485227898
PaySim,stored_observed_update,artifacts/rq1_v2/confirmatory_run_20260916/dna_v2/group_119_run/dna_v2_iht_attack_rq1_v2_confirmatory_ratio0p95_eta0p01_s0p2_iht80_step1_r4_i600_lr0p1_nonneg0p001/group_119/restart_0/baseline.pt,119,"1813434,2048056,2128371,6018858",network.5.running_var,batchnorm_buffer,64,0.25266975382974866,1.5184359271040736e-05,0.0015184359271040735
PaySim,stored_observed_update,artifacts/rq1_v2/confirmatory_run_20260916/dna_v2/group_119_run/dna_v2_iht_attack_rq1_v2_confirmatory_ratio0p95_eta0p01_s0p2_iht80_step1_r4_i600_lr0p1_nonneg0p001/group_119/restart_0/baseline.pt,119,"1813434,2048056,2128371,6018858",network.9.running_mean,batchnorm_buffer,32,0.007923071494811751,4.7614232524414956e-07,4.7614232524414953e-05
PaySim,stored_observed_update,artifacts/rq1_v2/confirmatory_run_20260916/dna_v2/group_119_run/dna_v2_iht_attack_rq1_v2_confirmatory_ratio0p95_eta0p01_s0p2_iht80_step1_r4_i600_lr0p1_nonneg0p001/group_119/restart_0/baseline.pt,119,"1813434,2048056,2128371,6018858",network.9.running_var,batchnorm_buffer,32,0.03552792161894752,2.1350744117120313e-06,0.00021350744117120313
PaySim,stored_observed_update,artifacts/rq1_v2/confirmatory_run_20260916/dna_v2/group_11_run/dna_v2_iht_attack_rq1_v2_confirmatory_ratio0p95_eta0p01_s0p2_iht80_step1_r4_i600_lr0p1_nonneg0p001/group_11/restart_0/baseline.pt,11,"3362592,3935233,2955662,3406436",network.0.weight,parameter,1664,0.0010982973055406755,7.03735956609234e-10,7.03735956609234e-08
PaySim,stored_observed_update,artifacts/rq1_v2/confirmatory_run_20260916/dna_v2/group_11_run/dna_v2_iht_attack_rq1_v2_confirmatory_ratio0p95_eta0p01_s0p2_iht80_step1_r4_i600_lr0p1_nonneg0p001/group_11/restart_0/baseline.pt,11,"3362592,3935233,2955662,3406436",network.0.bias,parameter,128,1.507208866242428e-08,9.657467681511596e-15,9.657467681511596e-13
PaySim,stored_observed_update,artifacts/rq1_v2/confirmatory_run_20260916/dna_v2/group_11_run/dna_v2_iht_attack_rq1_v2_confirmatory_ratio0p95_eta0p01_s0p2_iht80_step1_r4_i600_lr0p1_nonneg0p001/group_11/restart_0/baseline.pt,11,"3362592,3935233,2955662,3406436",network.1.weight,parameter,128,0.00011000348585454844,7.048492967948375e-11,7.048492967948375e-09
PaySim,stored_observed_update,artifacts/rq1_v2/confirmatory_run_20260916/dna_v2/group_11_run/dna_v2_iht_attack_rq1_v2_confirmatory_ratio0p95_eta0p01_s0p2_iht80_step1_r4_i600_lr0p1_nonneg0p001/group_11/restart_0/baseline.pt,11,"3362592,3935233,2955662,3406436",network.1.bias,parameter,128,0.00010999936225428937,7.048228747526605e-11,7.048228747526605e-09
PaySim,stored_observed_update,artifacts/rq1_v2/confirmatory_run_20260916/dna_v2/group_11_run/dna_v2_iht_attack_rq1_v2_confirmatory_ratio0p95_eta0p01_s0p2_iht80_step1_r4_i600_lr0p1_nonneg0p001/group_11/restart_0/baseline.pt,11,"3362592,3935233,2955662,3406436",network.4.weight,parameter,8192,0.0065995620031038295,4.22868111942593e-09,4.22868111942593e-07
PaySim,stored_observed_update,artifacts/rq1_v2/confirmatory_run_20260916/dna_v2/group_11_run/dna_v2_iht_attack_rq1_v2_confirmatory_ratio0p95_eta0p01_s0p2_iht80_step1_r4_i600_lr0p1_nonneg0p001/group_11/restart_0/baseline.pt,11,"3362592,3935233,2955662,3406436",network.4.bias,parameter,64,3.6200119190723737e-06,2.3195290910334278e-12,2.3195290910334278e-10
PaySim,stored_observed_update,artifacts/rq1_v2/confirmatory_run_20260916/dna_v2/group_11_run/dna_v2_iht_attack_rq1_v2_confirmatory_ratio0p95_eta0p01_s0p2_iht80_step1_r4_i600_lr0p1_nonneg0p001/group_11/restart_0/baseline.pt,11,"3362592,3935233,2955662,3406436",network.5.weight,parameter,64,6.000155455865297e-05,3.84461030563923e-11,3.84461030563923e-09
PaySim,stored_observed_update,artifacts/rq1_v2/confirmatory_run_20260916/dna_v2/group_11_run/dna_v2_iht_attack_rq1_v2_confirmatory_ratio0p95_eta0p01_s0p2_iht80_step1_r4_i600_lr0p1_nonneg0p001/group_11/restart_0/baseline.pt,11,"3362592,3935233,2955662,3406436",network.5.bias,parameter,64,5.9999765419030626e-05,3.8444956661989545e-11,3.844495666198955e-09
PaySim,stored_observed_update,artifacts/rq1_v2/confirmatory_run_20260916/dna_v2/group_11_run/dna_v2_iht_attack_rq1_v2_confirmatory_ratio0p95_eta0p01_s0p2_iht80_step1_r4_i600_lr0p1_nonneg0p001/group_11/restart_0/baseline.pt,11,"3362592,3935233,2955662,3406436",network.8.weight,parameter,2048,0.0018549579783438798,1.1885676317098234e-09,1.1885676317098234e-07
PaySim,stored_observed_update,artifacts/rq1_v2/confirmatory_run_20260916/dna_v2/group_11_run/dna_v2_iht_attack_rq1_v2_confirmatory_ratio0p95_eta0p01_s0p2_iht80_step1_r4_i600_lr0p1_nonneg0p001/group_11/restart_0/baseline.pt,11,"3362592,3935233,2955662,3406436",network.8.bias,parameter,32,1.4472864993120282e-06,9.273514047087491e-13,9.273514047087491e-11
PaySim,stored_observed_update,artifacts/rq1_v2/confirmatory_run_20260916/dna_v2/group_11_run/dna_v2_iht_attack_rq1_v2_confirmatory_ratio0p95_eta0p01_s0p2_iht80_step1_r4_i600_lr0p1_nonneg0p001/group_11/restart_0/baseline.pt,11,"3362592,3935233,2955662,3406436",network.9.weight,parameter,32,3.099300557707352e-05,1.9858823578957956e-11,1.9858823578957956e-09
PaySim,stored_observed_update,artifacts/rq1_v2/confirmatory_run_20260916/dna_v2/group_11_run/dna_v2_iht_attack_rq1_v2_confirmatory_ratio0p95_eta0p01_s0p2_iht80_step1_r4_i600_lr0p1_nonneg0p001/group_11/restart_0/baseline.pt,11,"3362592,3935233,2955662,3406436",network.9.bias,parameter,32,3.0991718197433994e-05,1.9857998688158746e-11,1.9857998688158748e-09
PaySim,stored_observed_update,artifacts/rq1_v2/confirmatory_run_20260916/dna_v2/group_11_run/dna_v2_iht_attack_rq1_v2_confirmatory_ratio0p95_eta0p01_s0p2_iht80_step1_r4_i600_lr0p1_nonneg0p001/group_11/restart_0/baseline.pt,11,"3362592,3935233,2955662,3406436",network.12.weight,parameter,32,3.099988257226059e-05,1.9863230025884627e-11,1.9863230025884627e-09
PaySim,stored_observed_update,artifacts/rq1_v2/confirmatory_run_20260916/dna_v2/group_11_run/dna_v2_iht_attack_rq1_v2_confirmatory_ratio0p95_eta0p01_s0p2_iht80_step1_r4_i600_lr0p1_nonneg0p001/group_11/restart_0/baseline.pt,11,"3362592,3935233,2955662,3406436",network.12.bias,parameter,1,9.999966025381335e-07,6.407496059063167e-13,6.407496059063167e-11
PaySim,stored_observed_update,artifacts/rq1_v2/confirmatory_run_20260916/dna_v2/group_11_run/dna_v2_iht_attack_rq1_v2_confirmatory_ratio0p95_eta0p01_s0p2_iht80_step1_r4_i600_lr0p1_nonneg0p001/group_11/restart_0/baseline.pt,11,"3362592,3935233,2955662,3406436",network.1.running_mean,batchnorm_buffer,128,313.93516191773335,0.00020115451469371632,0.02011545146937163
PaySim,stored_observed_update,artifacts/rq1_v2/confirmatory_run_20260916/dna_v2/group_11_run/dna_v2_iht_attack_rq1_v2_confirmatory_ratio0p95_eta0p01_s0p2_iht80_step1_r4_i600_lr0p1_nonneg0p001/group_11/restart_0/baseline.pt,11,"3362592,3935233,2955662,3406436",network.1.running_var,batchnorm_buffer,128,1560352.639525299,0.9997987356287948,99.97987356287949
PaySim,stored_observed_update,artifacts/rq1_v2/confirmatory_run_20260916/dna_v2/group_11_run/dna_v2_iht_attack_rq1_v2_confirmatory_ratio0p95_eta0p01_s0p2_iht80_step1_r4_i600_lr0p1_nonneg0p001/group_11/restart_0/baseline.pt,11,"3362592,3935233,2955662,3406436",network.5.running_mean,batchnorm_buffer,64,0.029729333130025272,1.904912320559098e-08,1.904912320559098e-06
PaySim,stored_observed_update,artifacts/rq1_v2/confirmatory_run_20260916/dna_v2/group_11_run/dna_v2_iht_attack_rq1_v2_confirmatory_ratio0p95_eta0p01_s0p2_iht80_step1_r4_i600_lr0p1_nonneg0p001/group_11/restart_0/baseline.pt,11,"3362592,3935233,2955662,3406436",network.5.running_var,batchnorm_buffer,64,0.10475507410732754,6.712200049539422e-08,6.7122000495394214e-06
PaySim,stored_observed_update,artifacts/rq1_v2/confirmatory_run_20260916/dna_v2/group_11_run/dna_v2_iht_attack_rq1_v2_confirmatory_ratio0p95_eta0p01_s0p2_iht80_step1_r4_i600_lr0p1_nonneg0p001/group_11/restart_0/baseline.pt,11,"3362592,3935233,2955662,3406436",network.9.running_mean,batchnorm_buffer,32,0.006420003046704738,4.113628397989028e-09,4.113628397989028e-07
PaySim,stored_observed_update,artifacts/rq1_v2/confirmatory_run_20260916/dna_v2/group_11_run/dna_v2_iht_attack_rq1_v2_confirmatory_ratio0p95_eta0p01_s0p2_iht80_step1_r4_i600_lr0p1_nonneg0p001/group_11/restart_0/baseline.pt,11,"3362592,3935233,2955662,3406436",network.9.running_var,batchnorm_buffer,32,0.0205531055862887,1.3169439047232368e-08,1.3169439047232368e-06
PaySim,stored_observed_update,artifacts/rq1_v2/confirmatory_run_20260916/dna_v2/group_120_run/dna_v2_iht_attack_rq1_v2_confirmatory_ratio0p95_eta0p01_s0p2_iht80_step1_r4_i600_lr0p1_nonneg0p001/group_120/restart_0/baseline.pt,120,"6262274,6056714,264021,4910312",network.0.weight,parameter,1664,0.0010161565512027777,1.044369963948376e-07,1.044369963948376e-05
PaySim,stored_observed_update,artifacts/rq1_v2/confirmatory_run_20260916/dna_v2/group_120_run/dna_v2_iht_attack_rq1_v2_confirmatory_ratio0p95_eta0p01_s0p2_iht80_step1_r4_i600_lr0p1_nonneg0p001/group_120/restart_0/baseline.pt,120,"6262274,6056714,264021,4910312",network.0.bias,parameter,128,4.1038453072643824e-08,4.217787869914684e-12,4.217787869914684e-10
PaySim,stored_observed_update,artifacts/rq1_v2/confirmatory_run_20260916/dna_v2/group_120_run/dna_v2_iht_attack_rq1_v2_confirmatory_ratio0p95_eta0p01_s0p2_iht80_step1_r4_i600_lr0p1_nonneg0p001/group_120/restart_0/baseline.pt,120,"6262274,6056714,264021,4910312",network.1.weight,parameter,128,0.00011300388541712891,1.1614141895697178e-08,1.1614141895697179e-06
PaySim,stored_observed_update,artifacts/rq1_v2/confirmatory_run_20260916/dna_v2/group_120_run/dna_v2_iht_attack_rq1_v2_confirmatory_ratio0p95_eta0p01_s0p2_iht80_step1_r4_i600_lr0p1_nonneg0p001/group_120/restart_0/baseline.pt,120,"6262274,6056714,264021,4910312",network.1.bias,parameter,128,0.0001129992689490639,1.1613667431346097e-08,1.1613667431346098e-06
PaySim,stored_observed_update,artifacts/rq1_v2/confirmatory_run_20260916/dna_v2/group_120_run/dna_v2_iht_attack_rq1_v2_confirmatory_ratio0p95_eta0p01_s0p2_iht80_step1_r4_i600_lr0p1_nonneg0p001/group_120/restart_0/baseline.pt,120,"6262274,6056714,264021,4910312",network.4.weight,parameter,8192,0.006891932162399364,7.083285479447098e-07,7.083285479447098e-05
PaySim,stored_observed_update,artifacts/rq1_v2/confirmatory_run_20260916/dna_v2/group_120_run/dna_v2_iht_attack_rq1_v2_confirmatory_ratio0p95_eta0p01_s0p2_iht80_step1_r4_i600_lr0p1_nonneg0p001/group_120/restart_0/baseline.pt,120,"6262274,6056714,264021,4910312",network.4.bias,parameter,64,2.857335347337576e-06,2.936668774270269e-10,2.936668774270269e-08
PaySim,stored_observed_update,artifacts/rq1_v2/confirmatory_run_20260916/dna_v2/group_120_run/dna_v2_iht_attack_rq1_v2_confirmatory_ratio0p95_eta0p01_s0p2_iht80_step1_r4_i600_lr0p1_nonneg0p001/group_120/restart_0/baseline.pt,120,"6262274,6056714,264021,4910312",network.5.weight,parameter,64,6.100140959830469e-05,6.269510329640971e-09,6.269510329640972e-07
PaySim,stored_observed_update,artifacts/rq1_v2/confirmatory_run_20260916/dna_v2/group_120_run/dna_v2_iht_attack_rq1_v2_confirmatory_ratio0p95_eta0p01_s0p2_iht80_step1_r4_i600_lr0p1_nonneg0p001/group_120/restart_0/baseline.pt,120,"6262274,6056714,264021,4910312",network.5.bias,parameter,64,6.0999563189948456e-05,6.269320562284145e-09,6.269320562284145e-07
PaySim,stored_observed_update,artifacts/rq1_v2/confirmatory_run_20260916/dna_v2/group_120_run/dna_v2_iht_attack_rq1_v2_confirmatory_ratio0p95_eta0p01_s0p2_iht80_step1_r4_i600_lr0p1_nonneg0p001/group_120/restart_0/baseline.pt,120,"6262274,6056714,264021,4910312",network.8.weight,parameter,2048,0.0019459400377335005,1.9999687298654126e-07,1.9999687298654126e-05
PaySim,stored_observed_update,artifacts/rq1_v2/confirmatory_run_20260916/dna_v2/group_120_run/dna_v2_iht_attack_rq1_v2_confirmatory_ratio0p95_eta0p01_s0p2_iht80_step1_r4_i600_lr0p1_nonneg0p001/group_120/restart_0/baseline.pt,120,"6262274,6056714,264021,4910312",network.8.bias,parameter,32,9.91982608018055e-07,1.0195248353681039e-10,1.0195248353681038e-08
PaySim,stored_observed_update,artifacts/rq1_v2/confirmatory_run_20260916/dna_v2/group_120_run/dna_v2_iht_attack_rq1_v2_confirmatory_ratio0p95_eta0p01_s0p2_iht80_step1_r4_i600_lr0p1_nonneg0p001/group_120/restart_0/baseline.pt,120,"6262274,6056714,264021,4910312",network.9.weight,parameter,32,3.1985005659151966e-05,3.287306386756859e-09,3.287306386756859e-07
PaySim,stored_observed_update,artifacts/rq1_v2/confirmatory_run_20260916/dna_v2/group_120_run/dna_v2_iht_attack_rq1_v2_confirmatory_ratio0p95_eta0p01_s0p2_iht80_step1_r4_i600_lr0p1_nonneg0p001/group_120/restart_0/baseline.pt,120,"6262274,6056714,264021,4910312",network.9.bias,parameter,32,3.198234585644836e-05,3.28703302158981e-09,3.28703302158981e-07
PaySim,stored_observed_update,artifacts/rq1_v2/confirmatory_run_20260916/dna_v2/group_120_run/dna_v2_iht_attack_rq1_v2_confirmatory_ratio0p95_eta0p01_s0p2_iht80_step1_r4_i600_lr0p1_nonneg0p001/group_120/restart_0/baseline.pt,120,"6262274,6056714,264021,4910312",network.12.weight,parameter,32,3.199966404150928e-05,3.2888129237403516e-09,3.288812923740352e-07
PaySim,stored_observed_update,artifacts/rq1_v2/confirmatory_run_20260916/dna_v2/group_120_run/dna_v2_iht_attack_rq1_v2_confirmatory_ratio0p95_eta0p01_s0p2_iht80_step1_r4_i600_lr0p1_nonneg0p001/group_120/restart_0/baseline.pt,120,"6262274,6056714,264021,4910312",network.12.bias,parameter,1,9.999966025381335e-07,1.0277613370745685e-10,1.0277613370745684e-08
PaySim,stored_observed_update,artifacts/rq1_v2/confirmatory_run_20260916/dna_v2/group_120_run/dna_v2_iht_attack_rq1_v2_confirmatory_ratio0p95_eta0p01_s0p2_iht80_step1_r4_i600_lr0p1_nonneg0p001/group_120/restart_0/baseline.pt,120,"6262274,6056714,264021,4910312",network.1.running_mean,batchnorm_buffer,128,43.910650023489296,0.004512982170680308,0.4512982170680308
PaySim,stored_observed_update,artifacts/rq1_v2/confirmatory_run_20260916/dna_v2/group_120_run/dna_v2_iht_attack_rq1_v2_confirmatory_ratio0p95_eta0p01_s0p2_iht80_step1_r4_i600_lr0p1_nonneg0p001/group_120/restart_0/baseline.pt,120,"6262274,6056714,264021,4910312",network.1.running_var,batchnorm_buffer,128,9685.776403401906,0.9954700327680404,99.54700327680403
PaySim,stored_observed_update,artifacts/rq1_v2/confirmatory_run_20260916/dna_v2/group_120_run/dna_v2_iht_attack_rq1_v2_confirmatory_ratio0p95_eta0p01_s0p2_iht80_step1_r4_i600_lr0p1_nonneg0p001/group_120/restart_0/baseline.pt,120,"6262274,6056714,264021,4910312",network.5.running_mean,batchnorm_buffer,64,0.030011728268714635,3.0844998768079867e-06,0.00030844998768079867
PaySim,stored_observed_update,artifacts/rq1_v2/confirmatory_run_20260916/dna_v2/group_120_run/dna_v2_iht_attack_rq1_v2_confirmatory_ratio0p95_eta0p01_s0p2_iht80_step1_r4_i600_lr0p1_nonneg0p001/group_120/restart_0/baseline.pt,120,"6262274,6056714,264021,4910312",network.5.running_var,batchnorm_buffer,64,0.09299376620986877,9.557572221432613e-06,0.0009557572221432614
PaySim,stored_observed_update,artifacts/rq1_v2/confirmatory_run_20260916/dna_v2/group_120_run/dna_v2_iht_attack_rq1_v2_confirmatory_ratio0p95_eta0p01_s0p2_iht80_step1_r4_i600_lr0p1_nonneg0p001/group_120/restart_0/baseline.pt,120,"6262274,6056714,264021,4910312",network.9.running_mean,batchnorm_buffer,32,0.006859261273827428,7.04970748924505e-07,7.04970748924505e-05
PaySim,stored_observed_update,artifacts/rq1_v2/confirmatory_run_20260916/dna_v2/group_120_run/dna_v2_iht_attack_rq1_v2_confirmatory_ratio0p95_eta0p01_s0p2_iht80_step1_r4_i600_lr0p1_nonneg0p001/group_120/restart_0/baseline.pt,120,"6262274,6056714,264021,4910312",network.9.running_var,batchnorm_buffer,32,0.025094491818842712,2.579123608968171e-06,0.0002579123608968171
PaySim,stored_observed_update,artifacts/rq1_v2/confirmatory_run_20260916/dna_v2/group_121_run/dna_v2_iht_attack_rq1_v2_confirmatory_ratio0p95_eta0p01_s0p2_iht80_step1_r4_i600_lr0p1_nonneg0p001/group_121/restart_0/baseline.pt,121,"2392535,980644,6322291,5195404",network.0.weight,parameter,1664,0.001277548034918731,1.907674467487725e-09,1.9076744674877247e-07
PaySim,stored_observed_update,artifacts/rq1_v2/confirmatory_run_20260916/dna_v2/group_121_run/dna_v2_iht_attack_rq1_v2_confirmatory_ratio0p95_eta0p01_s0p2_iht80_step1_r4_i600_lr0p1_nonneg0p001/group_121/restart_0/baseline.pt,121,"2392535,980644,6322291,5195404",network.0.bias,parameter,128,2.8507465173188695e-09,4.256823380198544e-15,4.2568233801985444e-13
PaySim,stored_observed_update,artifacts/rq1_v2/confirmatory_run_20260916/dna_v2/group_121_run/dna_v2_iht_attack_rq1_v2_confirmatory_ratio0p95_eta0p01_s0p2_iht80_step1_r4_i600_lr0p1_nonneg0p001/group_121/restart_0/baseline.pt,121,"2392535,980644,6322291,5195404",network.1.weight,parameter,128,0.00010700296708776591,1.5978015908556078e-10,1.5978015908556078e-08
PaySim,stored_observed_update,artifacts/rq1_v2/confirmatory_run_20260916/dna_v2/group_121_run/dna_v2_iht_attack_rq1_v2_confirmatory_ratio0p95_eta0p01_s0p2_iht80_step1_r4_i600_lr0p1_nonneg0p001/group_121/restart_0/baseline.pt,121,"2392535,980644,6322291,5195404",network.1.bias,parameter,128,0.00010699796318069562,1.5977268709586273e-10,1.597726870958627e-08
PaySim,stored_observed_update,artifacts/rq1_v2/confirmatory_run_20260916/dna_v2/group_121_run/dna_v2_iht_attack_rq1_v2_confirmatory_ratio0p95_eta0p01_s0p2_iht80_step1_r4_i600_lr0p1_nonneg0p001/group_121/restart_0/baseline.pt,121,"2392535,980644,6322291,5195404",network.4.weight,parameter,8192,0.006633117331142519,9.904777140748257e-09,9.904777140748258e-07
PaySim,stored_observed_update,artifacts/rq1_v2/confirmatory_run_20260916/dna_v2/group_121_run/dna_v2_iht_attack_rq1_v2_confirmatory_ratio0p95_eta0p01_s0p2_iht80_step1_r4_i600_lr0p1_nonneg0p001/group_121/restart_0/baseline.pt,121,"2392535,980644,6322291,5195404",network.4.bias,parameter,64,1.2819664106731833e-06,1.914272123610355e-12,1.914272123610355e-10
PaySim,stored_observed_update,artifacts/rq1_v2/confirmatory_run_20260916/dna_v2/group_121_run/dna_v2_iht_attack_rq1_v2_confirmatory_ratio0p95_eta0p01_s0p2_iht80_step1_r4_i600_lr0p1_nonneg0p001/group_121/restart_0/baseline.pt,121,"2392535,980644,6322291,5195404",network.5.weight,parameter,64,6.20004301943311e-05,9.258097106501707e-11,9.258097106501708e-09
PaySim,stored_observed_update,artifacts/rq1_v2/confirmatory_run_20260916/dna_v2/group_121_run/dna_v2_iht_attack_rq1_v2_confirmatory_ratio0p95_eta0p01_s0p2_iht80_step1_r4_i600_lr0p1_nonneg0p001/group_121/restart_0/baseline.pt,121,"2392535,980644,6322291,5195404",network.5.bias,parameter,64,6.199906342434816e-05,9.257893016156128e-11,9.257893016156128e-09
PaySim,stored_observed_update,artifacts/rq1_v2/confirmatory_run_20260916/dna_v2/group_121_run/dna_v2_iht_attack_rq1_v2_confirmatory_ratio0p95_eta0p01_s0p2_iht80_step1_r4_i600_lr0p1_nonneg0p001/group_121/restart_0/baseline.pt,121,"2392535,980644,6322291,5195404",network.8.weight,parameter,2048,0.0019795980808584718,2.9559974353384202e-09,2.9559974353384203e-07
PaySim,stored_observed_update,artifacts/rq1_v2/confirmatory_run_20260916/dna_v2/group_121_run/dna_v2_iht_attack_rq1_v2_confirmatory_ratio0p95_eta0p01_s0p2_iht80_step1_r4_i600_lr0p1_nonneg0p001/group_121/restart_0/baseline.pt,121,"2392535,980644,6322291,5195404",network.8.bias,parameter,32,4.180938926361469e-07,6.24310806478027e-13,6.24310806478027e-11
PaySim,stored_observed_update,artifacts/rq1_v2/confirmatory_run_20260916/dna_v2/group_121_run/dna_v2_iht_attack_rq1_v2_confirmatory_ratio0p95_eta0p01_s0p2_iht80_step1_r4_i600_lr0p1_nonneg0p001/group_121/restart_0/baseline.pt,121,"2392535,980644,6322291,5195404",network.9.weight,parameter,32,3.1986195654809535e-05,4.776278237289809e-11,4.7762782372898085e-09
PaySim,stored_observed_update,artifacts/rq1_v2/confirmatory_run_20260916/dna_v2/group_121_run/dna_v2_iht_attack_rq1_v2_confirmatory_ratio0p95_eta0p01_s0p2_iht80_step1_r4_i600_lr0p1_nonneg0p001/group_121/restart_0/baseline.pt,121,"2392535,980644,6322291,5195404",network.9.bias,parameter,32,3.1980322802369066e-05,4.7754012846942286e-11,4.775401284694228e-09
PaySim,stored_observed_update,artifacts/rq1_v2/confirmatory_run_20260916/dna_v2/group_121_run/dna_v2_iht_attack_rq1_v2_confirmatory_ratio0p95_eta0p01_s0p2_iht80_step1_r4_i600_lr0p1_nonneg0p001/group_121/restart_0/baseline.pt,121,"2392535,980644,6322291,5195404",network.12.weight,parameter,32,3.199960792959351e-05,4.778280999883229e-11,4.778280999883229e-09
PaySim,stored_observed_update,artifacts/rq1_v2/confirmatory_run_20260916/dna_v2/group_121_run/dna_v2_iht_attack_rq1_v2_confirmatory_ratio0p95_eta0p01_s0p2_iht80_step1_r4_i600_lr0p1_nonneg0p001/group_121/restart_0/baseline.pt,121,"2392535,980644,6322291,5195404",network.12.bias,parameter,1,9.999966025381335e-07,1.4932260346342445e-12,1.4932260346342444e-10
PaySim,stored_observed_update,artifacts/rq1_v2/confirmatory_run_20260916/dna_v2/group_121_run/dna_v2_iht_attack_rq1_v2_confirmatory_ratio0p95_eta0p01_s0p2_iht80_step1_r4_i600_lr0p1_nonneg0p001/group_121/restart_0/baseline.pt,121,"2392535,980644,6322291,5195404",network.1.running_mean,batchnorm_buffer,128,119.3064358834462,0.00017815208142548617,0.017815208142548618
PaySim,stored_observed_update,artifacts/rq1_v2/confirmatory_run_20260916/dna_v2/group_121_run/dna_v2_iht_attack_rq1_v2_confirmatory_ratio0p95_eta0p01_s0p2_iht80_step1_r4_i600_lr0p1_nonneg0p001/group_121/restart_0/baseline.pt,121,"2392535,980644,6322291,5195404",network.1.running_var,batchnorm_buffer,128,669569.2347585008,0.9998216101873156,99.98216101873156
PaySim,stored_observed_update,artifacts/rq1_v2/confirmatory_run_20260916/dna_v2/group_121_run/dna_v2_iht_attack_rq1_v2_confirmatory_ratio0p95_eta0p01_s0p2_iht80_step1_r4_i600_lr0p1_nonneg0p001/group_121/restart_0/baseline.pt,121,"2392535,980644,6322291,5195404",network.5.running_mean,batchnorm_buffer,64,0.02881813060552005,4.303212908967008e-08,4.303212908967008e-06
PaySim,stored_observed_update,artifacts/rq1_v2/confirmatory_run_20260916/dna_v2/group_121_run/dna_v2_iht_attack_rq1_v2_confirmatory_ratio0p95_eta0p01_s0p2_iht80_step1_r4_i600_lr0p1_nonneg0p001/group_121/restart_0/baseline.pt,121,"2392535,980644,6322291,5195404",network.5.running_var,batchnorm_buffer,64,0.08110922833129286,1.2111482287637213e-07,1.2111482287637213e-05
PaySim,stored_observed_update,artifacts/rq1_v2/confirmatory_run_20260916/dna_v2/group_121_run/dna_v2_iht_attack_rq1_v2_confirmatory_ratio0p95_eta0p01_s0p2_iht80_step1_r4_i600_lr0p1_nonneg0p001/group_121/restart_0/baseline.pt,121,"2392535,980644,6322291,5195404",network.9.running_mean,batchnorm_buffer,32,0.006292753844484692,9.396535794501313e-09,9.396535794501312e-07
PaySim,stored_observed_update,artifacts/rq1_v2/confirmatory_run_20260916/dna_v2/group_121_run/dna_v2_iht_attack_rq1_v2_confirmatory_ratio0p95_eta0p01_s0p2_iht80_step1_r4_i600_lr0p1_nonneg0p001/group_121/restart_0/baseline.pt,121,"2392535,980644,6322291,5195404",network.9.running_var,batchnorm_buffer,32,0.032658892140733864,4.876727369180822e-08,4.876727369180822e-06
PaySim,stored_observed_update,artifacts/rq1_v2/confirmatory_run_20260916/dna_v2/group_122_run/dna_v2_iht_attack_rq1_v2_confirmatory_ratio0p95_eta0p01_s0p2_iht80_step1_r4_i600_lr0p1_nonneg0p001/group_122/restart_0/baseline.pt,122,"5210415,4569941,1771084,3148385",network.0.weight,parameter,1664,0.0010383490663587068,2.8515083321901484e-10,2.8515083321901482e-08
PaySim,stored_observed_update,artifacts/rq1_v2/confirmatory_run_20260916/dna_v2/group_122_run/dna_v2_iht_attack_rq1_v2_confirmatory_ratio0p95_eta0p01_s0p2_iht80_step1_r4_i600_lr0p1_nonneg0p001/group_122/restart_0/baseline.pt,122,"5210415,4569941,1771084,3148385",network.0.bias,parameter,128,1.817780348402527e-08,4.99197810976859e-15,4.99197810976859e-13
PaySim,stored_observed_update,artifacts/rq1_v2/confirmatory_run_20260916/dna_v2/group_122_run/dna_v2_iht_attack_rq1_v2_confirmatory_ratio0p95_eta0p01_s0p2_iht80_step1_r4_i600_lr0p1_nonneg0p001/group_122/restart_0/baseline.pt,122,"5210415,4569941,1771084,3148385",network.1.weight,parameter,128,0.00010400077935557306,2.8560635194353498e-11,2.8560635194353497e-09
PaySim,stored_observed_update,artifacts/rq1_v2/confirmatory_run_20260916/dna_v2/group_122_run/dna_v2_iht_attack_rq1_v2_confirmatory_ratio0p95_eta0p01_s0p2_iht80_step1_r4_i600_lr0p1_nonneg0p001/group_122/restart_0/baseline.pt,122,"5210415,4569941,1771084,3148385",network.1.bias,parameter,128,0.00010399776483082901,2.8559807347273577e-11,2.8559807347273575e-09
PaySim,stored_observed_update,artifacts/rq1_v2/confirmatory_run_20260916/dna_v2/group_122_run/dna_v2_iht_attack_rq1_v2_confirmatory_ratio0p95_eta0p01_s0p2_iht80_step1_r4_i600_lr0p1_nonneg0p001/group_122/restart_0/baseline.pt,122,"5210415,4569941,1771084,3148385",network.4.weight,parameter,8192,0.006029015897409822,1.6556849351884445e-09,1.6556849351884445e-07
PaySim,stored_observed_update,artifacts/rq1_v2/confirmatory_run_20260916/dna_v2/group_122_run/dna_v2_iht_attack_rq1_v2_confirmatory_ratio0p95_eta0p01_s0p2_iht80_step1_r4_i600_lr0p1_nonneg0p001/group_122/restart_0/baseline.pt,122,"5210415,4569941,1771084,3148385",network.4.bias,parameter,64,9.63597804626328e-07,2.646226840081628e-13,2.6462268400816278e-11
PaySim,stored_observed_update,artifacts/rq1_v2/confirmatory_run_20260916/dna_v2/group_122_run/dna_v2_iht_attack_rq1_v2_confirmatory_ratio0p95_eta0p01_s0p2_iht80_step1_r4_i600_lr0p1_nonneg0p001/group_122/restart_0/baseline.pt,122,"5210415,4569941,1771084,3148385",network.5.weight,parameter,64,5.800029479630098e-05,1.5928008146732642e-11,1.5928008146732642e-09
PaySim,stored_observed_update,artifacts/rq1_v2/confirmatory_run_20260916/dna_v2/group_122_run/dna_v2_iht_attack_rq1_v2_confirmatory_ratio0p95_eta0p01_s0p2_iht80_step1_r4_i600_lr0p1_nonneg0p001/group_122/restart_0/baseline.pt,122,"5210415,4569941,1771084,3148385",network.5.bias,parameter,64,5.799872745650104e-05,1.5927577724763414e-11,1.5927577724763413e-09
PaySim,stored_observed_update,artifacts/rq1_v2/confirmatory_run_20260916/dna_v2/group_122_run/dna_v2_iht_attack_rq1_v2_confirmatory_ratio0p95_eta0p01_s0p2_iht80_step1_r4_i600_lr0p1_nonneg0p001/group_122/restart_0/baseline.pt,122,"5210415,4569941,1771084,3148385",network.8.weight,parameter,2048,0.001850280682463313,5.081230343314952e-10,5.081230343314953e-08
PaySim,stored_observed_update,artifacts/rq1_v2/confirmatory_run_20260916/dna_v2/group_122_run/dna_v2_iht_attack_rq1_v2_confirmatory_ratio0p95_eta0p01_s0p2_iht80_step1_r4_i600_lr0p1_nonneg0p001/group_122/restart_0/baseline.pt,122,"5210415,4569941,1771084,3148385",network.8.bias,parameter,32,1.0091969890463348e-06,2.7714510623855037e-13,2.7714510623855036e-11
PaySim,stored_observed_update,artifacts/rq1_v2/confirmatory_run_20260916/dna_v2/group_122_run/dna_v2_iht_attack_rq1_v2_confirmatory_ratio0p95_eta0p01_s0p2_iht80_step1_r4_i600_lr0p1_nonneg0p001/group_122/restart_0/baseline.pt,122,"5210415,4569941,1771084,3148385",network.9.weight,parameter,32,3.198535953430337e-05,8.783801341489874e-12,8.783801341489874e-10
PaySim,stored_observed_update,artifacts/rq1_v2/confirmatory_run_20260916/dna_v2/group_122_run/dna_v2_iht_attack_rq1_v2_confirmatory_ratio0p95_eta0p01_s0p2_iht80_step1_r4_i600_lr0p1_nonneg0p001/group_122/restart_0/baseline.pt,122,"5210415,4569941,1771084,3148385",network.9.bias,parameter,32,3.1988934645074164e-05,8.784783136387343e-12,8.784783136387343e-10
PaySim,stored_observed_update,artifacts/rq1_v2/confirmatory_run_20260916/dna_v2/group_122_run/dna_v2_iht_attack_rq1_v2_confirmatory_ratio0p95_eta0p01_s0p2_iht80_step1_r4_i600_lr0p1_nonneg0p001/group_122/restart_0/baseline.pt,122,"5210415,4569941,1771084,3148385",network.12.weight,parameter,32,3.19996184072951e-05,8.787717105124752e-12,8.787717105124752e-10
PaySim,stored_observed_update,artifacts/rq1_v2/confirmatory_run_20260916/dna_v2/group_122_run/dna_v2_iht_attack_rq1_v2_confirmatory_ratio0p95_eta0p01_s0p2_iht80_step1_r4_i600_lr0p1_nonneg0p001/group_122/restart_0/baseline.pt,122,"5210415,4569941,1771084,3148385",network.12.bias,parameter,1,9.999966025381335e-07,2.746185013002412e-13,2.7461850130024123e-11
PaySim,stored_observed_update,artifacts/rq1_v2/confirmatory_run_20260916/dna_v2/group_122_run/dna_v2_iht_attack_rq1_v2_confirmatory_ratio0p95_eta0p01_s0p2_iht80_step1_r4_i600_lr0p1_nonneg0p001/group_122/restart_0/baseline.pt,122,"5210415,4569941,1771084,3148385",network.1.running_mean,batchnorm_buffer,128,309.525627818765,8.500175281581927e-05,0.008500175281581927
PaySim,stored_observed_update,artifacts/rq1_v2/confirmatory_run_20260916/dna_v2/group_122_run/dna_v2_iht_attack_rq1_v2_confirmatory_ratio0p95_eta0p01_s0p2_iht80_step1_r4_i600_lr0p1_nonneg0p001/group_122/restart_0/baseline.pt,122,"5210415,4569941,1771084,3148385",network.1.running_var,batchnorm_buffer,128,3641093.012178387,0.9999149032719633,99.99149032719633
PaySim,stored_observed_update,artifacts/rq1_v2/confirmatory_run_20260916/dna_v2/group_122_run/dna_v2_iht_attack_rq1_v2_confirmatory_ratio0p95_eta0p01_s0p2_iht80_step1_r4_i600_lr0p1_nonneg0p001/group_122/restart_0/baseline.pt,122,"5210415,4569941,1771084,3148385",network.5.running_mean,batchnorm_buffer,64,0.019396151609297342,5.326560182722599e-09,5.326560182722599e-07
PaySim,stored_observed_update,artifacts/rq1_v2/confirmatory_run_20260916/dna_v2/group_122_run/dna_v2_iht_attack_rq1_v2_confirmatory_ratio0p95_eta0p01_s0p2_iht80_step1_r4_i600_lr0p1_nonneg0p001/group_122/restart_0/baseline.pt,122,"5210415,4569941,1771084,3148385",network.5.running_var,batchnorm_buffer,64,0.2760348184139667,7.580452568251308e-08,7.580452568251308e-06
PaySim,stored_observed_update,artifacts/rq1_v2/confirmatory_run_20260916/dna_v2/group_122_run/dna_v2_iht_attack_rq1_v2_confirmatory_ratio0p95_eta0p01_s0p2_iht80_step1_r4_i600_lr0p1_nonneg0p001/group_122/restart_0/baseline.pt,122,"5210415,4569941,1771084,3148385",network.9.running_mean,batchnorm_buffer,32,0.007203066802718511,1.9781021306546347e-09,1.9781021306546347e-07
PaySim,stored_observed_update,artifacts/rq1_v2/confirmatory_run_20260916/dna_v2/group_122_run/dna_v2_iht_attack_rq1_v2_confirmatory_ratio0p95_eta0p01_s0p2_iht80_step1_r4_i600_lr0p1_nonneg0p001/group_122/restart_0/baseline.pt,122,"5210415,4569941,1771084,3148385",network.9.running_var,batchnorm_buffer,32,0.03386839854700052,9.300920449939103e-09,9.300920449939103e-07
PaySim,stored_observed_update,artifacts/rq1_v2/confirmatory_run_20260916/dna_v2/group_123_run/dna_v2_iht_attack_rq1_v2_confirmatory_ratio0p95_eta0p01_s0p2_iht80_step1_r4_i600_lr0p1_nonneg0p001/group_123/restart_0/baseline.pt,123,"1030347,5553485,2337093,2087547",network.0.weight,parameter,1664,0.0011156718328348054,5.407739530203469e-07,5.4077395302034695e-05
PaySim,stored_observed_update,artifacts/rq1_v2/confirmatory_run_20260916/dna_v2/group_123_run/dna_v2_iht_attack_rq1_v2_confirmatory_ratio0p95_eta0p01_s0p2_iht80_step1_r4_i600_lr0p1_nonneg0p001/group_123/restart_0/baseline.pt,123,"1030347,5553485,2337093,2087547",network.0.bias,parameter,128,4.087321742764216e-07,1.9811534817406244e-10,1.9811534817406245e-08
PaySim,stored_observed_update,artifacts/rq1_v2/confirmatory_run_20260916/dna_v2/group_123_run/dna_v2_iht_attack_rq1_v2_confirmatory_ratio0p95_eta0p01_s0p2_iht80_step1_r4_i600_lr0p1_nonneg0p001/group_123/restart_0/baseline.pt,123,"1030347,5553485,2337093,2087547",network.1.weight,parameter,128,0.00011199902453995492,5.428671178423676e-08,5.428671178423676e-06
PaySim,stored_observed_update,artifacts/rq1_v2/confirmatory_run_20260916/dna_v2/group_123_run/dna_v2_iht_attack_rq1_v2_confirmatory_ratio0p95_eta0p01_s0p2_iht80_step1_r4_i600_lr0p1_nonneg0p001/group_123/restart_0/baseline.pt,123,"1030347,5553485,2337093,2087547",network.1.bias,parameter,128,0.00011199742488099565,5.4285936418333075e-08,5.428593641833308e-06
PaySim,stored_observed_update,artifacts/rq1_v2/confirmatory_run_20260916/dna_v2/group_123_run/dna_v2_iht_attack_rq1_v2_confirmatory_ratio0p95_eta0p01_s0p2_iht80_step1_r4_i600_lr0p1_nonneg0p001/group_123/restart_0/baseline.pt,123,"1030347,5553485,2337093,2087547",network.4.weight,parameter,8192,0.0066064657836917146,3.202200245804376e-06,0.0003202200245804376
PaySim,stored_observed_update,artifacts/rq1_v2/confirmatory_run_20260916/dna_v2/group_123_run/dna_v2_iht_attack_rq1_v2_confirmatory_ratio0p95_eta0p01_s0p2_iht80_step1_r4_i600_lr0p1_nonneg0p001/group_123/restart_0/baseline.pt,123,"1030347,5553485,2337093,2087547",network.4.bias,parameter,64,7.245683811155177e-07,3.5120337016468236e-10,3.512033701646824e-08
PaySim,stored_observed_update,artifacts/rq1_v2/confirmatory_run_20260916/dna_v2/group_123_run/dna_v2_iht_attack_rq1_v2_confirmatory_ratio0p95_eta0p01_s0p2_iht80_step1_r4_i600_lr0p1_nonneg0p001/group_123/restart_0/baseline.pt,123,"1030347,5553485,2337093,2087547",network.5.weight,parameter,64,5.900062665276096e-05,2.8598017057239285e-08,2.8598017057239284e-06
PaySim,stored_observed_update,artifacts/rq1_v2/confirmatory_run_20260916/dna_v2/group_123_run/dna_v2_iht_attack_rq1_v2_confirmatory_ratio0p95_eta0p01_s0p2_iht80_step1_r4_i600_lr0p1_nonneg0p001/group_123/restart_0/baseline.pt,123,"1030347,5553485,2337093,2087547",network.5.bias,parameter,64,5.8999153468908394e-05,2.8597302994705814e-08,2.8597302994705812e-06
PaySim,stored_observed_update,artifacts/rq1_v2/confirmatory_run_20260916/dna_v2/group_123_run/dna_v2_iht_attack_rq1_v2_confirmatory_ratio0p95_eta0p01_s0p2_iht80_step1_r4_i600_lr0p1_nonneg0p001/group_123/restart_0/baseline.pt,123,"1030347,5553485,2337093,2087547",network.8.weight,parameter,2048,0.0018240384622394096,8.841242206321909e-07,8.841242206321908e-05
PaySim,stored_observed_update,artifacts/rq1_v2/confirmatory_run_20260916/dna_v2/group_123_run/dna_v2_iht_attack_rq1_v2_confirmatory_ratio0p95_eta0p01_s0p2_iht80_step1_r4_i600_lr0p1_nonneg0p001/group_123/restart_0/baseline.pt,123,"1030347,5553485,2337093,2087547",network.8.bias,parameter,32,9.475500161977915e-07,4.592841307481899e-10,4.592841307481899e-08
PaySim,stored_observed_update,artifacts/rq1_v2/confirmatory_run_20260916/dna_v2/group_123_run/dna_v2_iht_attack_rq1_v2_confirmatory_ratio0p95_eta0p01_s0p2_iht80_step1_r4_i600_lr0p1_nonneg0p001/group_123/restart_0/baseline.pt,123,"1030347,5553485,2337093,2087547",network.9.weight,parameter,32,3.0849714736547185e-05,1.4953072845124736e-08,1.4953072845124736e-06
PaySim,stored_observed_update,artifacts/rq1_v2/confirmatory_run_20260916/dna_v2/group_123_run/dna_v2_iht_attack_rq1_v2_confirmatory_ratio0p95_eta0p01_s0p2_iht80_step1_r4_i600_lr0p1_nonneg0p001/group_123/restart_0/baseline.pt,123,"1030347,5553485,2337093,2087547",network.9.bias,parameter,32,3.0962774646988746e-05,1.500787377573733e-08,1.500787377573733e-06
PaySim,stored_observed_update,artifacts/rq1_v2/confirmatory_run_20260916/dna_v2/group_123_run/dna_v2_iht_attack_rq1_v2_confirmatory_ratio0p95_eta0p01_s0p2_iht80_step1_r4_i600_lr0p1_nonneg0p001/group_123/restart_0/baseline.pt,123,"1030347,5553485,2337093,2087547",network.12.weight,parameter,32,3.099873811727733e-05,1.5025305521722058e-08,1.5025305521722057e-06
PaySim,stored_observed_update,artifacts/rq1_v2/confirmatory_run_20260916/dna_v2/group_123_run/dna_v2_iht_attack_rq1_v2_confirmatory_ratio0p95_eta0p01_s0p2_iht80_step1_r4_i600_lr0p1_nonneg0p001/group_123/restart_0/baseline.pt,123,"1030347,5553485,2337093,2087547",network.12.bias,parameter,1,9.999966025381335e-07,4.847053585528082e-10,4.847053585528082e-08
PaySim,stored_observed_update,artifacts/rq1_v2/confirmatory_run_20260916/dna_v2/group_123_run/dna_v2_iht_attack_rq1_v2_confirmatory_ratio0p95_eta0p01_s0p2_iht80_step1_r4_i600_lr0p1_nonneg0p001/group_123/restart_0/baseline.pt,123,"1030347,5553485,2337093,2087547",network.1.running_mean,batchnorm_buffer,128,9.994502414972422,0.004844405335288508,0.48444053352885086
PaySim,stored_observed_update,artifacts/rq1_v2/confirmatory_run_20260916/dna_v2/group_123_run/dna_v2_iht_attack_rq1_v2_confirmatory_ratio0p95_eta0p01_s0p2_iht80_step1_r4_i600_lr0p1_nonneg0p001/group_123/restart_0/baseline.pt,123,"1030347,5553485,2337093,2087547",network.1.running_var,batchnorm_buffer,128,2052.676960110582,0.9949469022376477,99.49469022376476
PaySim,stored_observed_update,artifacts/rq1_v2/confirmatory_run_20260916/dna_v2/group_123_run/dna_v2_iht_attack_rq1_v2_confirmatory_ratio0p95_eta0p01_s0p2_iht80_step1_r4_i600_lr0p1_nonneg0p001/group_123/restart_0/baseline.pt,123,"1030347,5553485,2337093,2087547",network.5.running_mean,batchnorm_buffer,64,0.034652434806187224,1.6796277902174464e-05,0.0016796277902174465
PaySim,stored_observed_update,artifacts/rq1_v2/confirmatory_run_20260916/dna_v2/group_123_run/dna_v2_iht_attack_rq1_v2_confirmatory_ratio0p95_eta0p01_s0p2_iht80_step1_r4_i600_lr0p1_nonneg0p001/group_123/restart_0/baseline.pt,123,"1030347,5553485,2337093,2087547",network.5.running_var,batchnorm_buffer,64,0.3364324152001621,0.00016307114846639026,0.016307114846639027
PaySim,stored_observed_update,artifacts/rq1_v2/confirmatory_run_20260916/dna_v2/group_123_run/dna_v2_iht_attack_rq1_v2_confirmatory_ratio0p95_eta0p01_s0p2_iht80_step1_r4_i600_lr0p1_nonneg0p001/group_123/restart_0/baseline.pt,123,"1030347,5553485,2337093,2087547",network.9.running_mean,batchnorm_buffer,32,0.0076027815417285165,3.685121473241872e-06,0.0003685121473241872
PaySim,stored_observed_update,artifacts/rq1_v2/confirmatory_run_20260916/dna_v2/group_123_run/dna_v2_iht_attack_rq1_v2_confirmatory_ratio0p95_eta0p01_s0p2_iht80_step1_r4_i600_lr0p1_nonneg0p001/group_123/restart_0/baseline.pt,123,"1030347,5553485,2337093,2087547",network.9.running_var,batchnorm_buffer,32,0.041882071129438536,2.0300533274016392e-05,0.002030053327401639
PaySim,stored_observed_update,artifacts/rq1_v2/confirmatory_run_20260916/dna_v2/group_124_run/dna_v2_iht_attack_rq1_v2_confirmatory_ratio0p95_eta0p01_s0p2_iht80_step1_r4_i600_lr0p1_nonneg0p001/group_124/restart_0/baseline.pt,124,"1994620,610342,6053281,4942046",network.0.weight,parameter,1664,0.0011981359362094178,4.972305253716294e-07,4.972305253716294e-05
PaySim,stored_observed_update,artifacts/rq1_v2/confirmatory_run_20260916/dna_v2/group_124_run/dna_v2_iht_attack_rq1_v2_confirmatory_ratio0p95_eta0p01_s0p2_iht80_step1_r4_i600_lr0p1_nonneg0p001/group_124/restart_0/baseline.pt,124,"1994620,610342,6053281,4942046",network.0.bias,parameter,128,1.6495640409253456e-06,6.845747380705351e-10,6.84574738070535e-08
PaySim,stored_observed_update,artifacts/rq1_v2/confirmatory_run_20260916/dna_v2/group_124_run/dna_v2_iht_attack_rq1_v2_confirmatory_ratio0p95_eta0p01_s0p2_iht80_step1_r4_i600_lr0p1_nonneg0p001/group_124/restart_0/baseline.pt,124,"1994620,610342,6053281,4942046",network.1.weight,parameter,128,0.00010900422683590705,4.5237128225050465e-08,4.5237128225050465e-06
PaySim,stored_observed_update,artifacts/rq1_v2/confirmatory_run_20260916/dna_v2/group_124_run/dna_v2_iht_attack_rq1_v2_confirmatory_ratio0p95_eta0p01_s0p2_iht80_step1_r4_i600_lr0p1_nonneg0p001/group_124/restart_0/baseline.pt,124,"1994620,610342,6053281,4942046",network.1.bias,parameter,128,0.00010899937333951736,4.5235114007392187e-08,4.523511400739219e-06
PaySim,stored_observed_update,artifacts/rq1_v2/confirmatory_run_20260916/dna_v2/group_124_run/dna_v2_iht_attack_rq1_v2_confirmatory_ratio0p95_eta0p01_s0p2_iht80_step1_r4_i600_lr0p1_nonneg0p001/group_124/restart_0/baseline.pt,124,"1994620,610342,6053281,4942046",network.4.weight,parameter,8192,0.0066478144334613165,2.758865804309967e-06,0.0002758865804309967
PaySim,stored_observed_update,artifacts/rq1_v2/confirmatory_run_20260916/dna_v2/group_124_run/dna_v2_iht_attack_rq1_v2_confirmatory_ratio0p95_eta0p01_s0p2_iht80_step1_r4_i600_lr0p1_nonneg0p001/group_124/restart_0/baseline.pt,124,"1994620,610342,6053281,4942046",network.4.bias,parameter,64,3.2562464650880683e-06,1.351353458020521e-09,1.351353458020521e-07
PaySim,stored_observed_update,artifacts/rq1_v2/confirmatory_run_20260916/dna_v2/group_124_run/dna_v2_iht_attack_rq1_v2_confirmatory_ratio0p95_eta0p01_s0p2_iht80_step1_r4_i600_lr0p1_nonneg0p001/group_124/restart_0/baseline.pt,124,"1994620,610342,6053281,4942046",network.5.weight,parameter,64,6.099974073947578e-05,2.5315101749958105e-08,2.5315101749958106e-06
PaySim,stored_observed_update,artifacts/rq1_v2/confirmatory_run_20260916/dna_v2/group_124_run/dna_v2_iht_attack_rq1_v2_confirmatory_ratio0p95_eta0p01_s0p2_iht80_step1_r4_i600_lr0p1_nonneg0p001/group_124/restart_0/baseline.pt,124,"1994620,610342,6053281,4942046",network.5.bias,parameter,64,6.099948333482579e-05,2.531499492614498e-08,2.531499492614498e-06
PaySim,stored_observed_update,artifacts/rq1_v2/confirmatory_run_20260916/dna_v2/group_124_run/dna_v2_iht_attack_rq1_v2_confirmatory_ratio0p95_eta0p01_s0p2_iht80_step1_r4_i600_lr0p1_nonneg0p001/group_124/restart_0/baseline.pt,124,"1994620,610342,6053281,4942046",network.8.weight,parameter,2048,0.0018882832851024292,7.836440436570279e-07,7.836440436570278e-05
PaySim,stored_observed_update,artifacts/rq1_v2/confirmatory_run_20260916/dna_v2/group_124_run/dna_v2_iht_attack_rq1_v2_confirmatory_ratio0p95_eta0p01_s0p2_iht80_step1_r4_i600_lr0p1_nonneg0p001/group_124/restart_0/baseline.pt,124,"1994620,610342,6053281,4942046",network.8.bias,parameter,32,1.7319964623898568e-06,7.187844758755202e-10,7.187844758755201e-08
PaySim,stored_observed_update,artifacts/rq1_v2/confirmatory_run_20260916/dna_v2/group_124_run/dna_v2_iht_attack_rq1_v2_confirmatory_ratio0p95_eta0p01_s0p2_iht80_step1_r4_i600_lr0p1_nonneg0p001/group_124/restart_0/baseline.pt,124,"1994620,610342,6053281,4942046",network.9.weight,parameter,32,3.0978849295593136e-05,1.2856328773001564e-08,1.2856328773001565e-06
PaySim,stored_observed_update,artifacts/rq1_v2/confirmatory_run_20260916/dna_v2/group_124_run/dna_v2_iht_attack_rq1_v2_confirmatory_ratio0p95_eta0p01_s0p2_iht80_step1_r4_i600_lr0p1_nonneg0p001/group_124/restart_0/baseline.pt,124,"1994620,610342,6053281,4942046",network.9.bias,parameter,32,3.099124058503905e-05,1.2861471200646891e-08,1.286147120064689e-06
PaySim,stored_observed_update,artifacts/rq1_v2/confirmatory_run_20260916/dna_v2/group_124_run/dna_v2_iht_attack_rq1_v2_confirmatory_ratio0p95_eta0p01_s0p2_iht80_step1_r4_i600_lr0p1_nonneg0p001/group_124/restart_0/baseline.pt,124,"1994620,610342,6053281,4942046",network.12.weight,parameter,32,3.099967372623961e-05,1.2864970983186555e-08,1.2864970983186554e-06
PaySim,stored_observed_update,artifacts/rq1_v2/confirmatory_run_20260916/dna_v2/group_124_run/dna_v2_iht_attack_rq1_v2_confirmatory_ratio0p95_eta0p01_s0p2_iht80_step1_r4_i600_lr0p1_nonneg0p001/group_124/restart_0/baseline.pt,124,"1994620,610342,6053281,4942046",network.12.bias,parameter,1,9.999966025381335e-07,4.1500202190995106e-10,4.15002021909951e-08
PaySim,stored_observed_update,artifacts/rq1_v2/confirmatory_run_20260916/dna_v2/group_124_run/dna_v2_iht_attack_rq1_v2_confirmatory_ratio0p95_eta0p01_s0p2_iht80_step1_r4_i600_lr0p1_nonneg0p001/group_124/restart_0/baseline.pt,124,"1994620,610342,6053281,4942046",network.1.running_mean,batchnorm_buffer,128,6.164607203673677,0.0025583331456445297,0.25583331456445296
PaySim,stored_observed_update,artifacts/rq1_v2/confirmatory_run_20260916/dna_v2/group_124_run/dna_v2_iht_attack_rq1_v2_confirmatory_ratio0p95_eta0p01_s0p2_iht80_step1_r4_i600_lr0p1_nonneg0p001/group_124/restart_0/baseline.pt,124,"1994620,610342,6053281,4942046",network.1.running_var,batchnorm_buffer,128,2403.0651705944906,0.9972802927998601,99.728029279986
PaySim,stored_observed_update,artifacts/rq1_v2/confirmatory_run_20260916/dna_v2/group_124_run/dna_v2_iht_attack_rq1_v2_confirmatory_ratio0p95_eta0p01_s0p2_iht80_step1_r4_i600_lr0p1_nonneg0p001/group_124/restart_0/baseline.pt,124,"1994620,610342,6053281,4942046",network.5.running_mean,batchnorm_buffer,64,0.028024840115166785,1.1630404825354207e-05,0.0011630404825354206
PaySim,stored_observed_update,artifacts/rq1_v2/confirmatory_run_20260916/dna_v2/group_124_run/dna_v2_iht_attack_rq1_v2_confirmatory_ratio0p95_eta0p01_s0p2_iht80_step1_r4_i600_lr0p1_nonneg0p001/group_124/restart_0/baseline.pt,124,"1994620,610342,6053281,4942046",network.5.running_var,batchnorm_buffer,64,0.3082990963742993,0.00012794518303722545,0.012794518303722545
PaySim,stored_observed_update,artifacts/rq1_v2/confirmatory_run_20260916/dna_v2/group_124_run/dna_v2_iht_attack_rq1_v2_confirmatory_ratio0p95_eta0p01_s0p2_iht80_step1_r4_i600_lr0p1_nonneg0p001/group_124/restart_0/baseline.pt,124,"1994620,610342,6053281,4942046",network.9.running_mean,batchnorm_buffer,32,0.009653502761687104,4.006236775650118e-06,0.0004006236775650118
PaySim,stored_observed_update,artifacts/rq1_v2/confirmatory_run_20260916/dna_v2/group_124_run/dna_v2_iht_attack_rq1_v2_confirmatory_ratio0p95_eta0p01_s0p2_iht80_step1_r4_i600_lr0p1_nonneg0p001/group_124/restart_0/baseline.pt,124,"1994620,610342,6053281,4942046",network.9.running_var,batchnorm_buffer,32,0.032697644446599394,1.3569634659347728e-05,0.0013569634659347728
PaySim,stored_observed_update,artifacts/rq1_v2/confirmatory_run_20260916/dna_v2/group_125_run/dna_v2_iht_attack_rq1_v2_confirmatory_ratio0p95_eta0p01_s0p2_iht80_step1_r4_i600_lr0p1_nonneg0p001/group_125/restart_0/baseline.pt,125,"4794864,191666,6020333,707247",network.0.weight,parameter,1664,0.0007550616579831836,5.659549842978988e-08,5.659549842978988e-06
PaySim,stored_observed_update,artifacts/rq1_v2/confirmatory_run_20260916/dna_v2/group_125_run/dna_v2_iht_attack_rq1_v2_confirmatory_ratio0p95_eta0p01_s0p2_iht80_step1_r4_i600_lr0p1_nonneg0p001/group_125/restart_0/baseline.pt,125,"4794864,191666,6020333,707247",network.0.bias,parameter,128,4.6595617312836235e-07,3.4925653535468565e-11,3.4925653535468564e-09
PaySim,stored_observed_update,artifacts/rq1_v2/confirmatory_run_20260916/dna_v2/group_125_run/dna_v2_iht_attack_rq1_v2_confirmatory_ratio0p95_eta0p01_s0p2_iht80_step1_r4_i600_lr0p1_nonneg0p001/group_125/restart_0/baseline.pt,125,"4794864,191666,6020333,707247",network.1.weight,parameter,128,0.00010900017539938744,8.170086761047328e-09,8.170086761047328e-07
PaySim,stored_observed_update,artifacts/rq1_v2/confirmatory_run_20260916/dna_v2/group_125_run/dna_v2_iht_attack_rq1_v2_confirmatory_ratio0p95_eta0p01_s0p2_iht80_step1_r4_i600_lr0p1_nonneg0p001/group_125/restart_0/baseline.pt,125,"4794864,191666,6020333,707247",network.1.bias,parameter,128,0.00010899831024170037,8.16994695851884e-09,8.16994695851884e-07
PaySim,stored_observed_update,artifacts/rq1_v2/confirmatory_run_20260916/dna_v2/group_125_run/dna_v2_iht_attack_rq1_v2_confirmatory_ratio0p95_eta0p01_s0p2_iht80_step1_r4_i600_lr0p1_nonneg0p001/group_125/restart_0/baseline.pt,125,"4794864,191666,6020333,707247",network.4.weight,parameter,8192,0.006539698135205387,4.901817906247855e-07,4.9018179062478546e-05
PaySim,stored_observed_update,artifacts/rq1_v2/confirmatory_run_20260916/dna_v2/group_125_run/dna_v2_iht_attack_rq1_v2_confirmatory_ratio0p95_eta0p01_s0p2_iht80_step1_r4_i600_lr0p1_nonneg0p001/group_125/restart_0/baseline.pt,125,"4794864,191666,6020333,707247",network.4.bias,parameter,64,2.670227187818715e-06,2.0014635495998405e-10,2.0014635495998403e-08
PaySim,stored_observed_update,artifacts/rq1_v2/confirmatory_run_20260916/dna_v2/group_125_run/dna_v2_iht_attack_rq1_v2_confirmatory_ratio0p95_eta0p01_s0p2_iht80_step1_r4_i600_lr0p1_nonneg0p001/group_125/restart_0/baseline.pt,125,"4794864,191666,6020333,707247",network.5.weight,parameter,64,6.000107772052843e-05,4.497369008232037e-09,4.4973690082320367e-07
PaySim,stored_observed_update,artifacts/rq1_v2/confirmatory_run_20260916/dna_v2/group_125_run/dna_v2_iht_attack_rq1_v2_confirmatory_ratio0p95_eta0p01_s0p2_iht80_step1_r4_i600_lr0p1_nonneg0p001/group_125/restart_0/baseline.pt,125,"4794864,191666,6020333,707247",network.5.bias,parameter,64,5.9999732822932036e-05,4.49726820169657e-09,4.49726820169657e-07
PaySim,stored_observed_update,artifacts/rq1_v2/confirmatory_run_20260916/dna_v2/group_125_run/dna_v2_iht_attack_rq1_v2_confirmatory_ratio0p95_eta0p01_s0p2_iht80_step1_r4_i600_lr0p1_nonneg0p001/group_125/restart_0/baseline.pt,125,"4794864,191666,6020333,707247",network.8.weight,parameter,2048,0.0019147723422933227,1.4352138523511197e-07,1.4352138523511197e-05
PaySim,stored_observed_update,artifacts/rq1_v2/confirmatory_run_20260916/dna_v2/group_125_run/dna_v2_iht_attack_rq1_v2_confirmatory_ratio0p95_eta0p01_s0p2_iht80_step1_r4_i600_lr0p1_nonneg0p001/group_125/restart_0/baseline.pt,125,"4794864,191666,6020333,707247",network.8.bias,parameter,32,1.2095575984451268e-06,9.066215247426351e-11,9.066215247426351e-09
PaySim,stored_observed_update,artifacts/rq1_v2/confirmatory_run_20260916/dna_v2/group_125_run/dna_v2_iht_attack_rq1_v2_confirmatory_ratio0p95_eta0p01_s0p2_iht80_step1_r4_i600_lr0p1_nonneg0p001/group_125/restart_0/baseline.pt,125,"4794864,191666,6020333,707247",network.9.weight,parameter,32,3.1977378672110035e-05,2.396858144353698e-09,2.396858144353698e-07
PaySim,stored_observed_update,artifacts/rq1_v2/confirmatory_run_20260916/dna_v2/group_125_run/dna_v2_iht_attack_rq1_v2_confirmatory_ratio0p95_eta0p01_s0p2_iht80_step1_r4_i600_lr0p1_nonneg0p001/group_125/restart_0/baseline.pt,125,"4794864,191666,6020333,707247",network.9.bias,parameter,32,3.198168966359136e-05,2.3971812738743575e-09,2.3971812738743574e-07
PaySim,stored_observed_update,artifacts/rq1_v2/confirmatory_run_20260916/dna_v2/group_125_run/dna_v2_iht_attack_rq1_v2_confirmatory_ratio0p95_eta0p01_s0p2_iht80_step1_r4_i600_lr0p1_nonneg0p001/group_125/restart_0/baseline.pt,125,"4794864,191666,6020333,707247",network.12.weight,parameter,32,3.199897747673318e-05,2.398477078516505e-09,2.398477078516505e-07
PaySim,stored_observed_update,artifacts/rq1_v2/confirmatory_run_20260916/dna_v2/group_125_run/dna_v2_iht_attack_rq1_v2_confirmatory_ratio0p95_eta0p01_s0p2_iht80_step1_r4_i600_lr0p1_nonneg0p001/group_125/restart_0/baseline.pt,125,"4794864,191666,6020333,707247",network.12.bias,parameter,1,9.999966025381335e-07,7.495454914226703e-11,7.495454914226704e-09
PaySim,stored_observed_update,artifacts/rq1_v2/confirmatory_run_20260916/dna_v2/group_125_run/dna_v2_iht_attack_rq1_v2_confirmatory_ratio0p95_eta0p01_s0p2_iht80_step1_r4_i600_lr0p1_nonneg0p001/group_125/restart_0/baseline.pt,125,"4794864,191666,6020333,707247",network.1.running_mean,batchnorm_buffer,128,37.528239193618376,0.0028129218056553882,0.28129218056553884
PaySim,stored_observed_update,artifacts/rq1_v2/confirmatory_run_20260916/dna_v2/group_125_run/dna_v2_iht_attack_rq1_v2_confirmatory_ratio0p95_eta0p01_s0p2_iht80_step1_r4_i600_lr0p1_nonneg0p001/group_125/restart_0/baseline.pt,125,"4794864,191666,6020333,707247",network.1.running_var,batchnorm_buffer,128,13303.489787047485,0.997160466821559,99.7160466821559
PaySim,stored_observed_update,artifacts/rq1_v2/confirmatory_run_20260916/dna_v2/group_125_run/dna_v2_iht_attack_rq1_v2_confirmatory_ratio0p95_eta0p01_s0p2_iht80_step1_r4_i600_lr0p1_nonneg0p001/group_125/restart_0/baseline.pt,125,"4794864,191666,6020333,707247",network.5.running_mean,batchnorm_buffer,64,0.028846105967573754,2.162154213146038e-06,0.00021621542131460377
PaySim,stored_observed_update,artifacts/rq1_v2/confirmatory_run_20260916/dna_v2/group_125_run/dna_v2_iht_attack_rq1_v2_confirmatory_ratio0p95_eta0p01_s0p2_iht80_step1_r4_i600_lr0p1_nonneg0p001/group_125/restart_0/baseline.pt,125,"4794864,191666,6020333,707247",network.5.running_var,batchnorm_buffer,64,0.27277430971751526,2.044574486610798e-05,0.002044574486610798
PaySim,stored_observed_update,artifacts/rq1_v2/confirmatory_run_20260916/dna_v2/group_125_run/dna_v2_iht_attack_rq1_v2_confirmatory_ratio0p95_eta0p01_s0p2_iht80_step1_r4_i600_lr0p1_nonneg0p001/group_125/restart_0/baseline.pt,125,"4794864,191666,6020333,707247",network.9.running_mean,batchnorm_buffer,32,0.007021922376417845,5.263268140116757e-07,5.2632681401167573e-05
PaySim,stored_observed_update,artifacts/rq1_v2/confirmatory_run_20260916/dna_v2/group_125_run/dna_v2_iht_attack_rq1_v2_confirmatory_ratio0p95_eta0p01_s0p2_iht80_step1_r4_i600_lr0p1_nonneg0p001/group_125/restart_0/baseline.pt,125,"4794864,191666,6020333,707247",network.9.running_var,batchnorm_buffer,32,0.03674107865531839,2.753920341949306e-06,0.0002753920341949306
PaySim,stored_observed_update,artifacts/rq1_v2/confirmatory_run_20260916/dna_v2/group_126_run/dna_v2_iht_attack_rq1_v2_confirmatory_ratio0p95_eta0p01_s0p2_iht80_step1_r4_i600_lr0p1_nonneg0p001/group_126/restart_0/baseline.pt,126,"6362331,5264122,2510082,894123",network.0.weight,parameter,1664,0.0012549781895271226,8.100838975307011e-11,8.10083897530701e-09
PaySim,stored_observed_update,artifacts/rq1_v2/confirmatory_run_20260916/dna_v2/group_126_run/dna_v2_iht_attack_rq1_v2_confirmatory_ratio0p95_eta0p01_s0p2_iht80_step1_r4_i600_lr0p1_nonneg0p001/group_126/restart_0/baseline.pt,126,"6362331,5264122,2510082,894123",network.0.bias,parameter,128,3.1017995797723297e-09,2.0022004477128444e-16,2.0022004477128444e-14
PaySim,stored_observed_update,artifacts/rq1_v2/confirmatory_run_20260916/dna_v2/group_126_run/dna_v2_iht_attack_rq1_v2_confirmatory_ratio0p95_eta0p01_s0p2_iht80_step1_r4_i600_lr0p1_nonneg0p001/group_126/restart_0/baseline.pt,126,"6362331,5264122,2510082,894123",network.1.weight,parameter,128,0.00010500325691609191,6.77792238350027e-12,6.77792238350027e-10
PaySim,stored_observed_update,artifacts/rq1_v2/confirmatory_run_20260916/dna_v2/group_126_run/dna_v2_iht_attack_rq1_v2_confirmatory_ratio0p95_eta0p01_s0p2_iht80_step1_r4_i600_lr0p1_nonneg0p001/group_126/restart_0/baseline.pt,126,"6362331,5264122,2510082,894123",network.1.bias,parameter,128,0.00010499931567732041,6.777667977958265e-12,6.777667977958264e-10
PaySim,stored_observed_update,artifacts/rq1_v2/confirmatory_run_20260916/dna_v2/group_126_run/dna_v2_iht_attack_rq1_v2_confirmatory_ratio0p95_eta0p01_s0p2_iht80_step1_r4_i600_lr0p1_nonneg0p001/group_126/restart_0/baseline.pt,126,"6362331,5264122,2510082,894123",network.4.weight,parameter,8192,0.006089774038333488,3.9309271899883105e-10,3.9309271899883107e-08
PaySim,stored_observed_update,artifacts/rq1_v2/confirmatory_run_20260916/dna_v2/group_126_run/dna_v2_iht_attack_rq1_v2_confirmatory_ratio0p95_eta0p01_s0p2_iht80_step1_r4_i600_lr0p1_nonneg0p001/group_126/restart_0/baseline.pt,126,"6362331,5264122,2510082,894123",network.4.bias,parameter,64,2.11379366653287e-06,1.3644461921731677e-13,1.3644461921731677e-11
PaySim,stored_observed_update,artifacts/rq1_v2/confirmatory_run_20260916/dna_v2/group_126_run/dna_v2_iht_attack_rq1_v2_confirmatory_ratio0p95_eta0p01_s0p2_iht80_step1_r4_i600_lr0p1_nonneg0p001/group_126/restart_0/baseline.pt,126,"6362331,5264122,2510082,894123",network.5.weight,parameter,64,5.800065239469632e-05,3.7439212046325e-12,3.7439212046324996e-10
PaySim,stored_observed_update,artifacts/rq1_v2/confirmatory_run_20260916/dna_v2/group_126_run/dna_v2_iht_attack_rq1_v2_confirmatory_ratio0p95_eta0p01_s0p2_iht80_step1_r4_i600_lr0p1_nonneg0p001/group_126/restart_0/baseline.pt,126,"6362331,5264122,2510082,894123",network.5.bias,parameter,64,5.7999609699872876e-05,3.743853899057506e-12,3.743853899057506e-10
PaySim,stored_observed_update,artifacts/rq1_v2/confirmatory_run_20260916/dna_v2/group_126_run/dna_v2_iht_attack_rq1_v2_confirmatory_ratio0p95_eta0p01_s0p2_iht80_step1_r4_i600_lr0p1_nonneg0p001/group_126/restart_0/baseline.pt,126,"6362331,5264122,2510082,894123",network.8.weight,parameter,2048,0.00185130988095938,1.1950138547585182e-10,1.1950138547585182e-08
PaySim,stored_observed_update,artifacts/rq1_v2/confirmatory_run_20260916/dna_v2/group_126_run/dna_v2_iht_attack_rq1_v2_confirmatory_ratio0p95_eta0p01_s0p2_iht80_step1_r4_i600_lr0p1_nonneg0p001/group_126/restart_0/baseline.pt,126,"6362331,5264122,2510082,894123",network.8.bias,parameter,32,1.3834209908940385e-06,8.92993262816387e-14,8.92993262816387e-12
PaySim,stored_observed_update,artifacts/rq1_v2/confirmatory_run_20260916/dna_v2/group_126_run/dna_v2_iht_attack_rq1_v2_confirmatory_ratio0p95_eta0p01_s0p2_iht80_step1_r4_i600_lr0p1_nonneg0p001/group_126/restart_0/baseline.pt,126,"6362331,5264122,2510082,894123",network.9.weight,parameter,32,3.199250602392567e-05,2.0651047315333468e-12,2.0651047315333468e-10
PaySim,stored_observed_update,artifacts/rq1_v2/confirmatory_run_20260916/dna_v2/group_126_run/dna_v2_iht_attack_rq1_v2_confirmatory_ratio0p95_eta0p01_s0p2_iht80_step1_r4_i600_lr0p1_nonneg0p001/group_126/restart_0/baseline.pt,126,"6362331,5264122,2510082,894123",network.9.bias,parameter,32,3.1993559073118655e-05,2.065172705479162e-12,2.065172705479162e-10
PaySim,stored_observed_update,artifacts/rq1_v2/confirmatory_run_20260916/dna_v2/group_126_run/dna_v2_iht_attack_rq1_v2_confirmatory_ratio0p95_eta0p01_s0p2_iht80_step1_r4_i600_lr0p1_nonneg0p001/group_126/restart_0/baseline.pt,126,"6362331,5264122,2510082,894123",network.12.weight,parameter,32,3.199983819667852e-05,2.065578020641521e-12,2.065578020641521e-10
PaySim,stored_observed_update,artifacts/rq1_v2/confirmatory_run_20260916/dna_v2/group_126_run/dna_v2_iht_attack_rq1_v2_confirmatory_ratio0p95_eta0p01_s0p2_iht80_step1_r4_i600_lr0p1_nonneg0p001/group_126/restart_0/baseline.pt,126,"6362331,5264122,2510082,894123",network.12.bias,parameter,1,9.999966025381335e-07,6.454942022592362e-14,6.454942022592362e-12
PaySim,stored_observed_update,artifacts/rq1_v2/confirmatory_run_20260916/dna_v2/group_126_run/dna_v2_iht_attack_rq1_v2_confirmatory_ratio0p95_eta0p01_s0p2_iht80_step1_r4_i600_lr0p1_nonneg0p001/group_126/restart_0/baseline.pt,126,"6362331,5264122,2510082,894123",network.1.running_mean,batchnorm_buffer,128,855.8283185324908,5.524340946157639e-05,0.005524340946157639
PaySim,stored_observed_update,artifacts/rq1_v2/confirmatory_run_20260916/dna_v2/group_126_run/dna_v2_iht_attack_rq1_v2_confirmatory_ratio0p95_eta0p01_s0p2_iht80_step1_r4_i600_lr0p1_nonneg0p001/group_126/restart_0/baseline.pt,126,"6362331,5264122,2510082,894123",network.1.running_var,batchnorm_buffer,128,15491097.234340312,0.999944742414207,99.9944742414207
PaySim,stored_observed_update,artifacts/rq1_v2/confirmatory_run_20260916/dna_v2/group_126_run/dna_v2_iht_attack_rq1_v2_confirmatory_ratio0p95_eta0p01_s0p2_iht80_step1_r4_i600_lr0p1_nonneg0p001/group_126/restart_0/baseline.pt,126,"6362331,5264122,2510082,894123",network.5.running_mean,batchnorm_buffer,64,0.018133250122444326,1.1704947589267481e-09,1.1704947589267481e-07
PaySim,stored_observed_update,artifacts/rq1_v2/confirmatory_run_20260916/dna_v2/group_126_run/dna_v2_iht_attack_rq1_v2_confirmatory_ratio0p95_eta0p01_s0p2_iht80_step1_r4_i600_lr0p1_nonneg0p001/group_126/restart_0/baseline.pt,126,"6362331,5264122,2510082,894123",network.5.running_var,batchnorm_buffer,64,0.15337543981622392,9.900329353024739e-09,9.90032935302474e-07
PaySim,stored_observed_update,artifacts/rq1_v2/confirmatory_run_20260916/dna_v2/group_126_run/dna_v2_iht_attack_rq1_v2_confirmatory_ratio0p95_eta0p01_s0p2_iht80_step1_r4_i600_lr0p1_nonneg0p001/group_126/restart_0/baseline.pt,126,"6362331,5264122,2510082,894123",network.9.running_mean,batchnorm_buffer,32,0.005614599731726462,3.6242038879302004e-10,3.6242038879302004e-08
PaySim,stored_observed_update,artifacts/rq1_v2/confirmatory_run_20260916/dna_v2/group_126_run/dna_v2_iht_attack_rq1_v2_confirmatory_ratio0p95_eta0p01_s0p2_iht80_step1_r4_i600_lr0p1_nonneg0p001/group_126/restart_0/baseline.pt,126,"6362331,5264122,2510082,894123",network.9.running_var,batchnorm_buffer,32,0.032873223153793374,2.121954704794963e-09,2.1219547047949629e-07
PaySim,stored_observed_update,artifacts/rq1_v2/confirmatory_run_20260916/dna_v2/group_127_run/dna_v2_iht_attack_rq1_v2_confirmatory_ratio0p95_eta0p01_s0p2_iht80_step1_r4_i600_lr0p1_nonneg0p001/group_127/restart_0/baseline.pt,127,"4022521,915313,3613348,6362480",network.0.weight,parameter,1664,0.0012203029529100225,1.1787700261844542e-07,1.1787700261844542e-05
PaySim,stored_observed_update,artifacts/rq1_v2/confirmatory_run_20260916/dna_v2/group_127_run/dna_v2_iht_attack_rq1_v2_confirmatory_ratio0p95_eta0p01_s0p2_iht80_step1_r4_i600_lr0p1_nonneg0p001/group_127/restart_0/baseline.pt,127,"4022521,915313,3613348,6362480",network.0.bias,parameter,128,3.98348841698995e-08,3.847910663825902e-12,3.847910663825902e-10
PaySim,stored_observed_update,artifacts/rq1_v2/confirmatory_run_20260916/dna_v2/group_127_run/dna_v2_iht_attack_rq1_v2_confirmatory_ratio0p95_eta0p01_s0p2_iht80_step1_r4_i600_lr0p1_nonneg0p001/group_127/restart_0/baseline.pt,127,"4022521,915313,3613348,6362480",network.1.weight,parameter,128,0.00011200212303918988,1.0819013851665652e-08,1.0819013851665652e-06
PaySim,stored_observed_update,artifacts/rq1_v2/confirmatory_run_20260916/dna_v2/group_127_run/dna_v2_iht_attack_rq1_v2_confirmatory_ratio0p95_eta0p01_s0p2_iht80_step1_r4_i600_lr0p1_nonneg0p001/group_127/restart_0/baseline.pt,127,"4022521,915313,3613348,6362480",network.1.bias,parameter,128,0.00011199868119175866,1.0818681381226493e-08,1.0818681381226493e-06
PaySim,stored_observed_update,artifacts/rq1_v2/confirmatory_run_20260916/dna_v2/group_127_run/dna_v2_iht_attack_rq1_v2_confirmatory_ratio0p95_eta0p01_s0p2_iht80_step1_r4_i600_lr0p1_nonneg0p001/group_127/restart_0/baseline.pt,127,"4022521,915313,3613348,6362480",network.4.weight,parameter,8192,0.006711392074570425,6.48297030881547e-07,6.48297030881547e-05
PaySim,stored_observed_update,artifacts/rq1_v2/confirmatory_run_20260916/dna_v2/group_127_run/dna_v2_iht_attack_rq1_v2_confirmatory_ratio0p95_eta0p01_s0p2_iht80_step1_r4_i600_lr0p1_nonneg0p001/group_127/restart_0/baseline.pt,127,"4022521,915313,3613348,6362480",network.4.bias,parameter,64,1.1355602336672865e-06,1.0969115195386317e-10,1.0969115195386317e-08
PaySim,stored_observed_update,artifacts/rq1_v2/confirmatory_run_20260916/dna_v2/group_127_run/dna_v2_iht_attack_rq1_v2_confirmatory_ratio0p95_eta0p01_s0p2_iht80_step1_r4_i600_lr0p1_nonneg0p001/group_127/restart_0/baseline.pt,127,"4022521,915313,3613348,6362480",network.5.weight,parameter,64,6.000048170662353e-05,5.795836945549982e-09,5.795836945549982e-07
PaySim,stored_observed_update,artifacts/rq1_v2/confirmatory_run_20260916/dna_v2/group_127_run/dna_v2_iht_attack_rq1_v2_confirmatory_ratio0p95_eta0p01_s0p2_iht80_step1_r4_i600_lr0p1_nonneg0p001/group_127/restart_0/baseline.pt,127,"4022521,915313,3613348,6362480",network.5.bias,parameter,64,5.999885742296728e-05,5.795680045422563e-09,5.795680045422563e-07
PaySim,stored_observed_update,artifacts/rq1_v2/confirmatory_run_20260916/dna_v2/group_127_run/dna_v2_iht_attack_rq1_v2_confirmatory_ratio0p95_eta0p01_s0p2_iht80_step1_r4_i600_lr0p1_nonneg0p001/group_127/restart_0/baseline.pt,127,"4022521,915313,3613348,6362480",network.8.weight,parameter,2048,0.0018534709452059101,1.790388189590483e-07,1.7903881895904832e-05
PaySim,stored_observed_update,artifacts/rq1_v2/confirmatory_run_20260916/dna_v2/group_127_run/dna_v2_iht_attack_rq1_v2_confirmatory_ratio0p95_eta0p01_s0p2_iht80_step1_r4_i600_lr0p1_nonneg0p001/group_127/restart_0/baseline.pt,127,"4022521,915313,3613348,6362480",network.8.bias,parameter,32,3.927856293316559e-07,3.794171975639662e-11,3.794171975639662e-09
PaySim,stored_observed_update,artifacts/rq1_v2/confirmatory_run_20260916/dna_v2/group_127_run/dna_v2_iht_attack_rq1_v2_confirmatory_ratio0p95_eta0p01_s0p2_iht80_step1_r4_i600_lr0p1_nonneg0p001/group_127/restart_0/baseline.pt,127,"4022521,915313,3613348,6362480",network.9.weight,parameter,32,3.098979061633145e-05,2.9935055232925633e-09,2.9935055232925635e-07
PaySim,stored_observed_update,artifacts/rq1_v2/confirmatory_run_20260916/dna_v2/group_127_run/dna_v2_iht_attack_rq1_v2_confirmatory_ratio0p95_eta0p01_s0p2_iht80_step1_r4_i600_lr0p1_nonneg0p001/group_127/restart_0/baseline.pt,127,"4022521,915313,3613348,6362480",network.9.bias,parameter,32,3.0986685720020037e-05,2.993205601154575e-09,2.993205601154575e-07
PaySim,stored_observed_update,artifacts/rq1_v2/confirmatory_run_20260916/dna_v2/group_127_run/dna_v2_iht_attack_rq1_v2_confirmatory_ratio0p95_eta0p01_s0p2_iht80_step1_r4_i600_lr0p1_nonneg0p001/group_127/restart_0/baseline.pt,127,"4022521,915313,3613348,6362480",network.12.weight,parameter,32,3.0999689325577446e-05,2.994461704028607e-09,2.994461704028607e-07
PaySim,stored_observed_update,artifacts/rq1_v2/confirmatory_run_20260916/dna_v2/group_127_run/dna_v2_iht_attack_rq1_v2_confirmatory_ratio0p95_eta0p01_s0p2_iht80_step1_r4_i600_lr0p1_nonneg0p001/group_127/restart_0/baseline.pt,127,"4022521,915313,3613348,6362480",network.12.bias,parameter,1,9.999966025381335e-07,9.65961787232646e-11,9.65961787232646e-09
PaySim,stored_observed_update,artifacts/rq1_v2/confirmatory_run_20260916/dna_v2/group_127_run/dna_v2_iht_attack_rq1_v2_confirmatory_ratio0p95_eta0p01_s0p2_iht80_step1_r4_i600_lr0p1_nonneg0p001/group_127/restart_0/baseline.pt,127,"4022521,915313,3613348,6362480",network.1.running_mean,batchnorm_buffer,128,16.67056467516372,0.0016103183157749272,0.1610318315774927
PaySim,stored_observed_update,artifacts/rq1_v2/confirmatory_run_20260916/dna_v2/group_127_run/dna_v2_iht_attack_rq1_v2_confirmatory_ratio0p95_eta0p01_s0p2_iht80_step1_r4_i600_lr0p1_nonneg0p001/group_127/restart_0/baseline.pt,127,"4022521,915313,3613348,6362480",network.1.running_var,batchnorm_buffer,128,10335.496013092663,0.998372812007845,99.8372812007845
PaySim,stored_observed_update,artifacts/rq1_v2/confirmatory_run_20260916/dna_v2/group_127_run/dna_v2_iht_attack_rq1_v2_confirmatory_ratio0p95_eta0p01_s0p2_iht80_step1_r4_i600_lr0p1_nonneg0p001/group_127/restart_0/baseline.pt,127,"4022521,915313,3613348,6362480",network.5.running_mean,batchnorm_buffer,64,0.03611729338998533,3.488804380379448e-06,0.0003488804380379448
PaySim,stored_observed_update,artifacts/rq1_v2/confirmatory_run_20260916/dna_v2/group_127_run/dna_v2_iht_attack_rq1_v2_confirmatory_ratio0p95_eta0p01_s0p2_iht80_step1_r4_i600_lr0p1_nonneg0p001/group_127/restart_0/baseline.pt,127,"4022521,915313,3613348,6362480",network.5.running_var,batchnorm_buffer,64,0.09242018808059727,8.927467336200941e-06,0.0008927467336200942
PaySim,stored_observed_update,artifacts/rq1_v2/confirmatory_run_20260916/dna_v2/group_127_run/dna_v2_iht_attack_rq1_v2_confirmatory_ratio0p95_eta0p01_s0p2_iht80_step1_r4_i600_lr0p1_nonneg0p001/group_127/restart_0/baseline.pt,127,"4022521,915313,3613348,6362480",network.9.running_mean,batchnorm_buffer,32,0.005799554129430667,5.60216670516507e-07,5.60216670516507e-05
PaySim,stored_observed_update,artifacts/rq1_v2/confirmatory_run_20260916/dna_v2/group_127_run/dna_v2_iht_attack_rq1_v2_confirmatory_ratio0p95_eta0p01_s0p2_iht80_step1_r4_i600_lr0p1_nonneg0p001/group_127/restart_0/baseline.pt,127,"4022521,915313,3613348,6362480",network.9.running_var,batchnorm_buffer,32,0.030078900071530912,2.905516678490934e-06,0.0002905516678490934
PaySim,stored_observed_update,artifacts/rq1_v2/confirmatory_run_20260916/dna_v2/group_128_run/dna_v2_iht_attack_rq1_v2_confirmatory_ratio0p95_eta0p01_s0p2_iht80_step1_r4_i600_lr0p1_nonneg0p001/group_128/restart_0/baseline.pt,128,"12582,106945,6090194,6201643",network.0.weight,parameter,1664,0.0011050236043530157,1.7286943140407525e-07,1.7286943140407525e-05
PaySim,stored_observed_update,artifacts/rq1_v2/confirmatory_run_20260916/dna_v2/group_128_run/dna_v2_iht_attack_rq1_v2_confirmatory_ratio0p95_eta0p01_s0p2_iht80_step1_r4_i600_lr0p1_nonneg0p001/group_128/restart_0/baseline.pt,128,"12582,106945,6090194,6201643",network.0.bias,parameter,128,1.0410232444677849e-07,1.6285724181877335e-11,1.6285724181877336e-09
PaySim,stored_observed_update,artifacts/rq1_v2/confirmatory_run_20260916/dna_v2/group_128_run/dna_v2_iht_attack_rq1_v2_confirmatory_ratio0p95_eta0p01_s0p2_iht80_step1_r4_i600_lr0p1_nonneg0p001/group_128/restart_0/baseline.pt,128,"12582,106945,6090194,6201643",network.1.weight,parameter,128,0.00011100226800664359,1.7365148472195968e-08,1.7365148472195969e-06
PaySim,stored_observed_update,artifacts/rq1_v2/confirmatory_run_20260916/dna_v2/group_128_run/dna_v2_iht_attack_rq1_v2_confirmatory_ratio0p95_eta0p01_s0p2_iht80_step1_r4_i600_lr0p1_nonneg0p001/group_128/restart_0/baseline.pt,128,"12582,106945,6090194,6201643",network.1.bias,parameter,128,0.00011099878592258623,1.7364603736419533e-08,1.7364603736419533e-06
PaySim,stored_observed_update,artifacts/rq1_v2/confirmatory_run_20260916/dna_v2/group_128_run/dna_v2_iht_attack_rq1_v2_confirmatory_ratio0p95_eta0p01_s0p2_iht80_step1_r4_i600_lr0p1_nonneg0p001/group_128/restart_0/baseline.pt,128,"12582,106945,6090194,6201643",network.4.weight,parameter,8192,0.006659174366263724,1.041758458173936e-06,0.00010417584581739361
PaySim,stored_observed_update,artifacts/rq1_v2/confirmatory_run_20260916/dna_v2/group_128_run/dna_v2_iht_attack_rq1_v2_confirmatory_ratio0p95_eta0p01_s0p2_iht80_step1_r4_i600_lr0p1_nonneg0p001/group_128/restart_0/baseline.pt,128,"12582,106945,6090194,6201643",network.4.bias,parameter,64,1.412523524835143e-06,2.209745906071377e-10,2.209745906071377e-08
PaySim,stored_observed_update,artifacts/rq1_v2/confirmatory_run_20260916/dna_v2/group_128_run/dna_v2_iht_attack_rq1_v2_confirmatory_ratio0p95_eta0p01_s0p2_iht80_step1_r4_i600_lr0p1_nonneg0p001/group_128/restart_0/baseline.pt,128,"12582,106945,6090194,6201643",network.5.weight,parameter,64,6.0000362481105185e-05,9.386431661086497e-09,9.386431661086496e-07
PaySim,stored_observed_update,artifacts/rq1_v2/confirmatory_run_20260916/dna_v2/group_128_run/dna_v2_iht_attack_rq1_v2_confirmatory_ratio0p95_eta0p01_s0p2_iht80_step1_r4_i600_lr0p1_nonneg0p001/group_128/restart_0/baseline.pt,128,"12582,106945,6090194,6201643",network.5.bias,parameter,64,5.9998803409290745e-05,9.386187760542635e-09,9.386187760542635e-07
PaySim,stored_observed_update,artifacts/rq1_v2/confirmatory_run_20260916/dna_v2/group_128_run/dna_v2_iht_attack_rq1_v2_confirmatory_ratio0p95_eta0p01_s0p2_iht80_step1_r4_i600_lr0p1_nonneg0p001/group_128/restart_0/baseline.pt,128,"12582,106945,6090194,6201643",network.8.weight,parameter,2048,0.0019144369851019374,2.994937228216693e-07,2.9949372282166927e-05
PaySim,stored_observed_update,artifacts/rq1_v2/confirmatory_run_20260916/dna_v2/group_128_run/dna_v2_iht_attack_rq1_v2_confirmatory_ratio0p95_eta0p01_s0p2_iht80_step1_r4_i600_lr0p1_nonneg0p001/group_128/restart_0/baseline.pt,128,"12582,106945,6090194,6201643",network.8.bias,parameter,32,1.2050320935196816e-06,1.8851471770358776e-10,1.8851471770358776e-08
PaySim,stored_observed_update,artifacts/rq1_v2/confirmatory_run_20260916/dna_v2/group_128_run/dna_v2_iht_attack_rq1_v2_confirmatory_ratio0p95_eta0p01_s0p2_iht80_step1_r4_i600_lr0p1_nonneg0p001/group_128/restart_0/baseline.pt,128,"12582,106945,6090194,6201643",network.9.weight,parameter,32,3.197126987330989e-05,5.001572113476491e-09,5.001572113476491e-07
PaySim,stored_observed_update,artifacts/rq1_v2/confirmatory_run_20260916/dna_v2/group_128_run/dna_v2_iht_attack_rq1_v2_confirmatory_ratio0p95_eta0p01_s0p2_iht80_step1_r4_i600_lr0p1_nonneg0p001/group_128/restart_0/baseline.pt,128,"12582,106945,6090194,6201643",network.9.bias,parameter,32,3.1984805051579746e-05,5.003689551115149e-09,5.003689551115149e-07
PaySim,stored_observed_update,artifacts/rq1_v2/confirmatory_run_20260916/dna_v2/group_128_run/dna_v2_iht_attack_rq1_v2_confirmatory_ratio0p95_eta0p01_s0p2_iht80_step1_r4_i600_lr0p1_nonneg0p001/group_128/restart_0/baseline.pt,128,"12582,106945,6090194,6201643",network.12.weight,parameter,32,3.199967498381072e-05,5.00601579710633e-09,5.006015797106329e-07
PaySim,stored_observed_update,artifacts/rq1_v2/confirmatory_run_20260916/dna_v2/group_128_run/dna_v2_iht_attack_rq1_v2_confirmatory_ratio0p95_eta0p01_s0p2_iht80_step1_r4_i600_lr0p1_nonneg0p001/group_128/restart_0/baseline.pt,128,"12582,106945,6090194,6201643",network.12.bias,parameter,1,9.999966025381335e-07,1.5643905108071226e-10,1.5643905108071227e-08
PaySim,stored_observed_update,artifacts/rq1_v2/confirmatory_run_20260916/dna_v2/group_128_run/dna_v2_iht_attack_rq1_v2_confirmatory_ratio0p95_eta0p01_s0p2_iht80_step1_r4_i600_lr0p1_nonneg0p001/group_128/restart_0/baseline.pt,128,"12582,106945,6090194,6201643",network.1.running_mean,batchnorm_buffer,128,26.72396432299026,0.004180685823524067,0.4180685823524067
PaySim,stored_observed_update,artifacts/rq1_v2/confirmatory_run_20260916/dna_v2/group_128_run/dna_v2_iht_attack_rq1_v2_confirmatory_ratio0p95_eta0p01_s0p2_iht80_step1_r4_i600_lr0p1_nonneg0p001/group_128/restart_0/baseline.pt,128,"12582,106945,6090194,6201643",network.1.running_var,batchnorm_buffer,128,6365.21885219623,0.9957721802566487,99.57721802566488
PaySim,stored_observed_update,artifacts/rq1_v2/confirmatory_run_20260916/dna_v2/group_128_run/dna_v2_iht_attack_rq1_v2_confirmatory_ratio0p95_eta0p01_s0p2_iht80_step1_r4_i600_lr0p1_nonneg0p001/group_128/restart_0/baseline.pt,128,"12582,106945,6090194,6201643",network.5.running_mean,batchnorm_buffer,64,0.03364309216693177,5.263111295235675e-06,0.0005263111295235674
PaySim,stored_observed_update,artifacts/rq1_v2/confirmatory_run_20260916/dna_v2/group_128_run/dna_v2_iht_attack_rq1_v2_confirmatory_ratio0p95_eta0p01_s0p2_iht80_step1_r4_i600_lr0p1_nonneg0p001/group_128/restart_0/baseline.pt,128,"12582,106945,6090194,6201643",network.5.running_var,batchnorm_buffer,64,0.20401544464754728,3.1916091000173973e-05,0.0031916091000173973
PaySim,stored_observed_update,artifacts/rq1_v2/confirmatory_run_20260916/dna_v2/group_128_run/dna_v2_iht_attack_rq1_v2_confirmatory_ratio0p95_eta0p01_s0p2_iht80_step1_r4_i600_lr0p1_nonneg0p001/group_128/restart_0/baseline.pt,128,"12582,106945,6090194,6201643",network.9.running_mean,batchnorm_buffer,32,0.010007419838018342,1.5655565821446723e-06,0.00015655565821446723
PaySim,stored_observed_update,artifacts/rq1_v2/confirmatory_run_20260916/dna_v2/group_128_run/dna_v2_iht_attack_rq1_v2_confirmatory_ratio0p95_eta0p01_s0p2_iht80_step1_r4_i600_lr0p1_nonneg0p001/group_128/restart_0/baseline.pt,128,"12582,106945,6090194,6201643",network.9.running_var,batchnorm_buffer,32,0.04350525207124467,6.805943473986126e-06,0.0006805943473986126
PaySim,stored_observed_update,artifacts/rq1_v2/confirmatory_run_20260916/dna_v2/group_129_run/dna_v2_iht_attack_rq1_v2_confirmatory_ratio0p95_eta0p01_s0p2_iht80_step1_r4_i600_lr0p1_nonneg0p001/group_129/restart_0/baseline.pt,129,"6047538,1998975,1511349,1168907",network.0.weight,parameter,1664,0.001202384280853916,6.065604019235051e-06,0.0006065604019235051
PaySim,stored_observed_update,artifacts/rq1_v2/confirmatory_run_20260916/dna_v2/group_129_run/dna_v2_iht_attack_rq1_v2_confirmatory_ratio0p95_eta0p01_s0p2_iht80_step1_r4_i600_lr0p1_nonneg0p001/group_129/restart_0/baseline.pt,129,"6047538,1998975,1511349,1168907",network.0.bias,parameter,128,3.552753079436033e-07,1.7922384466530696e-09,1.7922384466530696e-07
PaySim,stored_observed_update,artifacts/rq1_v2/confirmatory_run_20260916/dna_v2/group_129_run/dna_v2_iht_attack_rq1_v2_confirmatory_ratio0p95_eta0p01_s0p2_iht80_step1_r4_i600_lr0p1_nonneg0p001/group_129/restart_0/baseline.pt,129,"6047538,1998975,1511349,1168907",network.1.weight,parameter,128,0.00011000169772756863,5.549197128435217e-07,5.549197128435217e-05
PaySim,stored_observed_update,artifacts/rq1_v2/confirmatory_run_20260916/dna_v2/group_129_run/dna_v2_iht_attack_rq1_v2_confirmatory_ratio0p95_eta0p01_s0p2_iht80_step1_r4_i600_lr0p1_nonneg0p001/group_129/restart_0/baseline.pt,129,"6047538,1998975,1511349,1168907",network.1.bias,parameter,128,0.00010999828546796985,5.549024991990434e-07,5.549024991990434e-05
PaySim,stored_observed_update,artifacts/rq1_v2/confirmatory_run_20260916/dna_v2/group_129_run/dna_v2_iht_attack_rq1_v2_confirmatory_ratio0p95_eta0p01_s0p2_iht80_step1_r4_i600_lr0p1_nonneg0p001/group_129/restart_0/baseline.pt,129,"6047538,1998975,1511349,1168907",network.4.weight,parameter,8192,0.006375150682203569,3.2160383512117094e-05,0.0032160383512117095
PaySim,stored_observed_update,artifacts/rq1_v2/confirmatory_run_20260916/dna_v2/group_129_run/dna_v2_iht_attack_rq1_v2_confirmatory_ratio0p95_eta0p01_s0p2_iht80_step1_r4_i600_lr0p1_nonneg0p001/group_129/restart_0/baseline.pt,129,"6047538,1998975,1511349,1168907",network.4.bias,parameter,64,5.053947234076421e-07,2.549537876047822e-09,2.549537876047822e-07
PaySim,stored_observed_update,artifacts/rq1_v2/confirmatory_run_20260916/dna_v2/group_129_run/dna_v2_iht_attack_rq1_v2_confirmatory_ratio0p95_eta0p01_s0p2_iht80_step1_r4_i600_lr0p1_nonneg0p001/group_129/restart_0/baseline.pt,129,"6047538,1998975,1511349,1168907",network.5.weight,parameter,64,5.800041398629219e-05,2.925916030295257e-07,2.9259160302952572e-05
PaySim,stored_observed_update,artifacts/rq1_v2/confirmatory_run_20260916/dna_v2/group_129_run/dna_v2_iht_attack_rq1_v2_confirmatory_ratio0p95_eta0p01_s0p2_iht80_step1_r4_i600_lr0p1_nonneg0p001/group_129/restart_0/baseline.pt,129,"6047538,1998975,1511349,1168907",network.5.bias,parameter,64,5.799897245847332e-05,2.925843310308218e-07,2.9258433103082183e-05
PaySim,stored_observed_update,artifacts/rq1_v2/confirmatory_run_20260916/dna_v2/group_129_run/dna_v2_iht_attack_rq1_v2_confirmatory_ratio0p95_eta0p01_s0p2_iht80_step1_r4_i600_lr0p1_nonneg0p001/group_129/restart_0/baseline.pt,129,"6047538,1998975,1511349,1168907",network.8.weight,parameter,2048,0.00179583823091047,9.059369591534055e-06,0.0009059369591534054
PaySim,stored_observed_update,artifacts/rq1_v2/confirmatory_run_20260916/dna_v2/group_129_run/dna_v2_iht_attack_rq1_v2_confirmatory_ratio0p95_eta0p01_s0p2_iht80_step1_r4_i600_lr0p1_nonneg0p001/group_129/restart_0/baseline.pt,129,"6047538,1998975,1511349,1168907",network.8.bias,parameter,32,4.0117375302642366e-07,2.023779890935157e-09,2.023779890935157e-07
PaySim,stored_observed_update,artifacts/rq1_v2/confirmatory_run_20260916/dna_v2/group_129_run/dna_v2_iht_attack_rq1_v2_confirmatory_ratio0p95_eta0p01_s0p2_iht80_step1_r4_i600_lr0p1_nonneg0p001/group_129/restart_0/baseline.pt,129,"6047538,1998975,1511349,1168907",network.9.weight,parameter,32,3.098421819558439e-05,1.5630443728565846e-07,1.5630443728565845e-05
PaySim,stored_observed_update,artifacts/rq1_v2/confirmatory_run_20260916/dna_v2/group_129_run/dna_v2_iht_attack_rq1_v2_confirmatory_ratio0p95_eta0p01_s0p2_iht80_step1_r4_i600_lr0p1_nonneg0p001/group_129/restart_0/baseline.pt,129,"6047538,1998975,1511349,1168907",network.9.bias,parameter,32,3.099211147315501e-05,1.5634425608312587e-07,1.5634425608312587e-05
PaySim,stored_observed_update,artifacts/rq1_v2/confirmatory_run_20260916/dna_v2/group_129_run/dna_v2_iht_attack_rq1_v2_confirmatory_ratio0p95_eta0p01_s0p2_iht80_step1_r4_i600_lr0p1_nonneg0p001/group_129/restart_0/baseline.pt,129,"6047538,1998975,1511349,1168907",network.12.weight,parameter,32,3.099966231901618e-05,1.5638234743356468e-07,1.563823474335647e-05
PaySim,stored_observed_update,artifacts/rq1_v2/confirmatory_run_20260916/dna_v2/group_129_run/dna_v2_iht_attack_rq1_v2_confirmatory_ratio0p95_eta0p01_s0p2_iht80_step1_r4_i600_lr0p1_nonneg0p001/group_129/restart_0/baseline.pt,129,"6047538,1998975,1511349,1168907",network.12.bias,parameter,1,9.999966025381335e-07,5.0446296647100275e-09,5.044629664710027e-07
PaySim,stored_observed_update,artifacts/rq1_v2/confirmatory_run_20260916/dna_v2/group_129_run/dna_v2_iht_attack_rq1_v2_confirmatory_ratio0p95_eta0p01_s0p2_iht80_step1_r4_i600_lr0p1_nonneg0p001/group_129/restart_0/baseline.pt,129,"6047538,1998975,1511349,1168907",network.1.running_mean,batchnorm_buffer,128,1.3472229222094874,0.006796263808402434,0.6796263808402434
PaySim,stored_observed_update,artifacts/rq1_v2/confirmatory_run_20260916/dna_v2/group_129_run/dna_v2_iht_attack_rq1_v2_confirmatory_ratio0p95_eta0p01_s0p2_iht80_step1_r4_i600_lr0p1_nonneg0p001/group_129/restart_0/baseline.pt,129,"6047538,1998975,1511349,1168907",network.1.running_var,batchnorm_buffer,128,196.74991796623635,0.9925338447976293,99.25338447976293
PaySim,stored_observed_update,artifacts/rq1_v2/confirmatory_run_20260916/dna_v2/group_129_run/dna_v2_iht_attack_rq1_v2_confirmatory_ratio0p95_eta0p01_s0p2_iht80_step1_r4_i600_lr0p1_nonneg0p001/group_129/restart_0/baseline.pt,129,"6047538,1998975,1511349,1168907",network.5.running_mean,batchnorm_buffer,64,0.027572557428120936,0.00013909381369974763,0.013909381369974763
PaySim,stored_observed_update,artifacts/rq1_v2/confirmatory_run_20260916/dna_v2/group_129_run/dna_v2_iht_attack_rq1_v2_confirmatory_ratio0p95_eta0p01_s0p2_iht80_step1_r4_i600_lr0p1_nonneg0p001/group_129/restart_0/baseline.pt,129,"6047538,1998975,1511349,1168907",network.5.running_var,batchnorm_buffer,64,0.054463775002054016,0.00027475050848182954,0.027475050848182955
PaySim,stored_observed_update,artifacts/rq1_v2/confirmatory_run_20260916/dna_v2/group_129_run/dna_v2_iht_attack_rq1_v2_confirmatory_ratio0p95_eta0p01_s0p2_iht80_step1_r4_i600_lr0p1_nonneg0p001/group_129/restart_0/baseline.pt,129,"6047538,1998975,1511349,1168907",network.9.running_mean,batchnorm_buffer,32,0.005296037295024415,2.6716637612648304e-05,0.0026716637612648306
PaySim,stored_observed_update,artifacts/rq1_v2/confirmatory_run_20260916/dna_v2/group_129_run/dna_v2_iht_attack_rq1_v2_confirmatory_ratio0p95_eta0p01_s0p2_iht80_step1_r4_i600_lr0p1_nonneg0p001/group_129/restart_0/baseline.pt,129,"6047538,1998975,1511349,1168907",network.9.running_var,batchnorm_buffer,32,0.035655546300346286,0.00017986963767840371,0.017986963767840373
PaySim,stored_observed_update,artifacts/rq1_v2/confirmatory_run_20260916/dna_v2/group_12_run/dna_v2_iht_attack_rq1_v2_confirmatory_ratio0p95_eta0p01_s0p2_iht80_step1_r4_i600_lr0p1_nonneg0p001/group_12/restart_0/baseline.pt,12,"3015159,4994513,4543478,6168686",network.0.weight,parameter,1664,0.0011696717675241423,5.191982877428262e-07,5.1919828774282616e-05
PaySim,stored_observed_update,artifacts/rq1_v2/confirmatory_run_20260916/dna_v2/group_12_run/dna_v2_iht_attack_rq1_v2_confirmatory_ratio0p95_eta0p01_s0p2_iht80_step1_r4_i600_lr0p1_nonneg0p001/group_12/restart_0/baseline.pt,12,"3015159,4994513,4543478,6168686",network.0.bias,parameter,128,7.577084569334105e-07,3.3633446952455905e-10,3.36334469524559e-08
PaySim,stored_observed_update,artifacts/rq1_v2/confirmatory_run_20260916/dna_v2/group_12_run/dna_v2_iht_attack_rq1_v2_confirmatory_ratio0p95_eta0p01_s0p2_iht80_step1_r4_i600_lr0p1_nonneg0p001/group_12/restart_0/baseline.pt,12,"3015159,4994513,4543478,6168686",network.1.weight,parameter,128,0.00011700414005488824,5.1936236183512e-08,5.193623618351201e-06
PaySim,stored_observed_update,artifacts/rq1_v2/confirmatory_run_20260916/dna_v2/group_12_run/dna_v2_iht_attack_rq1_v2_confirmatory_ratio0p95_eta0p01_s0p2_iht80_step1_r4_i600_lr0p1_nonneg0p001/group_12/restart_0/baseline.pt,12,"3015159,4994513,4543478,6168686",network.1.bias,parameter,128,0.00011699921856315756,5.193405161331833e-08,5.193405161331833e-06
PaySim,stored_observed_update,artifacts/rq1_v2/confirmatory_run_20260916/dna_v2/group_12_run/dna_v2_iht_attack_rq1_v2_confirmatory_ratio0p95_eta0p01_s0p2_iht80_step1_r4_i600_lr0p1_nonneg0p001/group_12/restart_0/baseline.pt,12,"3015159,4994513,4543478,6168686",network.4.weight,parameter,8192,0.0071368688052486084,3.1679400720884598e-06,0.00031679400720884595
PaySim,stored_observed_update,artifacts/rq1_v2/confirmatory_run_20260916/dna_v2/group_12_run/dna_v2_iht_attack_rq1_v2_confirmatory_ratio0p95_eta0p01_s0p2_iht80_step1_r4_i600_lr0p1_nonneg0p001/group_12/restart_0/baseline.pt,12,"3015159,4994513,4543478,6168686",network.4.bias,parameter,64,2.2747919497558542e-06,1.00974317588633e-09,1.0097431758863301e-07
PaySim,stored_observed_update,artifacts/rq1_v2/confirmatory_run_20260916/dna_v2/group_12_run/dna_v2_iht_attack_rq1_v2_confirmatory_ratio0p95_eta0p01_s0p2_iht80_step1_r4_i600_lr0p1_nonneg0p001/group_12/restart_0/baseline.pt,12,"3015159,4994513,4543478,6168686",network.5.weight,parameter,64,6.100021764154917e-05,2.7077005217002783e-08,2.707700521700278e-06
PaySim,stored_observed_update,artifacts/rq1_v2/confirmatory_run_20260916/dna_v2/group_12_run/dna_v2_iht_attack_rq1_v2_confirmatory_ratio0p95_eta0p01_s0p2_iht80_step1_r4_i600_lr0p1_nonneg0p001/group_12/restart_0/baseline.pt,12,"3015159,4994513,4543478,6168686",network.5.bias,parameter,64,6.099916882753534e-05,2.7076539665507692e-08,2.7076539665507692e-06
PaySim,stored_observed_update,artifacts/rq1_v2/confirmatory_run_20260916/dna_v2/group_12_run/dna_v2_iht_attack_rq1_v2_confirmatory_ratio0p95_eta0p01_s0p2_iht80_step1_r4_i600_lr0p1_nonneg0p001/group_12/restart_0/baseline.pt,12,"3015159,4994513,4543478,6168686",network.8.weight,parameter,2048,0.0018858436784988323,8.37095359580881e-07,8.37095359580881e-05
PaySim,stored_observed_update,artifacts/rq1_v2/confirmatory_run_20260916/dna_v2/group_12_run/dna_v2_iht_attack_rq1_v2_confirmatory_ratio0p95_eta0p01_s0p2_iht80_step1_r4_i600_lr0p1_nonneg0p001/group_12/restart_0/baseline.pt,12,"3015159,4994513,4543478,6168686",network.8.bias,parameter,32,6.309411598919359e-07,2.8006452662849664e-10,2.8006452662849664e-08
PaySim,stored_observed_update,artifacts/rq1_v2/confirmatory_run_20260916/dna_v2/group_12_run/dna_v2_iht_attack_rq1_v2_confirmatory_ratio0p95_eta0p01_s0p2_iht80_step1_r4_i600_lr0p1_nonneg0p001/group_12/restart_0/baseline.pt,12,"3015159,4994513,4543478,6168686",network.9.weight,parameter,32,3.099145784801749e-05,1.375660445614076e-08,1.375660445614076e-06
PaySim,stored_observed_update,artifacts/rq1_v2/confirmatory_run_20260916/dna_v2/group_12_run/dna_v2_iht_attack_rq1_v2_confirmatory_ratio0p95_eta0p01_s0p2_iht80_step1_r4_i600_lr0p1_nonneg0p001/group_12/restart_0/baseline.pt,12,"3015159,4994513,4543478,6168686",network.9.bias,parameter,32,3.09922461231571e-05,1.3756954358663944e-08,1.3756954358663945e-06
PaySim,stored_observed_update,artifacts/rq1_v2/confirmatory_run_20260916/dna_v2/group_12_run/dna_v2_iht_attack_rq1_v2_confirmatory_ratio0p95_eta0p01_s0p2_iht80_step1_r4_i600_lr0p1_nonneg0p001/group_12/restart_0/baseline.pt,12,"3015159,4994513,4543478,6168686",network.12.weight,parameter,32,3.0999851838965555e-05,1.3760330412300913e-08,1.3760330412300914e-06
PaySim,stored_observed_update,artifacts/rq1_v2/confirmatory_run_20260916/dna_v2/group_12_run/dna_v2_iht_attack_rq1_v2_confirmatory_ratio0p95_eta0p01_s0p2_iht80_step1_r4_i600_lr0p1_nonneg0p001/group_12/restart_0/baseline.pt,12,"3015159,4994513,4543478,6168686",network.12.bias,parameter,1,9.999966025381335e-07,4.438822396178987e-10,4.438822396178987e-08
PaySim,stored_observed_update,artifacts/rq1_v2/confirmatory_run_20260916/dna_v2/group_12_run/dna_v2_iht_attack_rq1_v2_confirmatory_ratio0p95_eta0p01_s0p2_iht80_step1_r4_i600_lr0p1_nonneg0p001/group_12/restart_0/baseline.pt,12,"3015159,4994513,4543478,6168686",network.1.running_mean,batchnorm_buffer,128,12.327304684105869,0.0054718902021714255,0.5471890202171426
PaySim,stored_observed_update,artifacts/rq1_v2/confirmatory_run_20260916/dna_v2/group_12_run/dna_v2_iht_attack_rq1_v2_confirmatory_ratio0p95_eta0p01_s0p2_iht80_step1_r4_i600_lr0p1_nonneg0p001/group_12/restart_0/baseline.pt,12,"3015159,4994513,4543478,6168686",network.1.running_var,batchnorm_buffer,128,2240.307817742776,0.9944362301323212,99.44362301323211
PaySim,stored_observed_update,artifacts/rq1_v2/confirmatory_run_20260916/dna_v2/group_12_run/dna_v2_iht_attack_rq1_v2_confirmatory_ratio0p95_eta0p01_s0p2_iht80_step1_r4_i600_lr0p1_nonneg0p001/group_12/restart_0/baseline.pt,12,"3015159,4994513,4543478,6168686",network.5.running_mean,batchnorm_buffer,64,0.042371490795781674,1.8808016129898337e-05,0.0018808016129898337
PaySim,stored_observed_update,artifacts/rq1_v2/confirmatory_run_20260916/dna_v2/group_12_run/dna_v2_iht_attack_rq1_v2_confirmatory_ratio0p95_eta0p01_s0p2_iht80_step1_r4_i600_lr0p1_nonneg0p001/group_12/restart_0/baseline.pt,12,"3015159,4994513,4543478,6168686",network.5.running_var,batchnorm_buffer,64,0.12880770545726472,5.717564703049378e-05,0.005717564703049378
PaySim,stored_observed_update,artifacts/rq1_v2/confirmatory_run_20260916/dna_v2/group_12_run/dna_v2_iht_attack_rq1_v2_confirmatory_ratio0p95_eta0p01_s0p2_iht80_step1_r4_i600_lr0p1_nonneg0p001/group_12/restart_0/baseline.pt,12,"3015159,4994513,4543478,6168686",network.9.running_mean,batchnorm_buffer,32,0.010834226194518223,4.8091369266089715e-06,0.00048091369266089714
PaySim,stored_observed_update,artifacts/rq1_v2/confirmatory_run_20260916/dna_v2/group_12_run/dna_v2_iht_attack_rq1_v2_confirmatory_ratio0p95_eta0p01_s0p2_iht80_step1_r4_i600_lr0p1_nonneg0p001/group_12/restart_0/baseline.pt,12,"3015159,4994513,4543478,6168686",network.9.running_var,batchnorm_buffer,32,0.014330923327708023,6.361263954647136e-06,0.0006361263954647136
PaySim,stored_observed_update,artifacts/rq1_v2/confirmatory_run_20260916/dna_v2/group_130_run/dna_v2_iht_attack_rq1_v2_confirmatory_ratio0p95_eta0p01_s0p2_iht80_step1_r4_i600_lr0p1_nonneg0p001/group_130/restart_0/baseline.pt,130,"219938,3693807,674636,1059536",network.0.weight,parameter,1664,0.0008368411209245649,2.0586428967188635e-07,2.0586428967188633e-05
PaySim,stored_observed_update,artifacts/rq1_v2/confirmatory_run_20260916/dna_v2/group_130_run/dna_v2_iht_attack_rq1_v2_confirmatory_ratio0p95_eta0p01_s0p2_iht80_step1_r4_i600_lr0p1_nonneg0p001/group_130/restart_0/baseline.pt,130,"219938,3693807,674636,1059536",network.0.bias,parameter,128,4.632576635515452e-08,1.1396214580938753e-11,1.1396214580938753e-09
PaySim,stored_observed_update,artifacts/rq1_v2/confirmatory_run_20260916/dna_v2/group_130_run/dna_v2_iht_attack_rq1_v2_confirmatory_ratio0p95_eta0p01_s0p2_iht80_step1_r4_i600_lr0p1_nonneg0p001/group_130/restart_0/baseline.pt,130,"219938,3693807,674636,1059536",network.1.weight,parameter,128,0.0001060004897475153,2.6076294509327028e-08,2.607629450932703e-06
PaySim,stored_observed_update,artifacts/rq1_v2/confirmatory_run_20260916/dna_v2/group_130_run/dna_v2_iht_attack_rq1_v2_confirmatory_ratio0p95_eta0p01_s0p2_iht80_step1_r4_i600_lr0p1_nonneg0p001/group_130/restart_0/baseline.pt,130,"219938,3693807,674636,1059536",network.1.bias,parameter,128,0.00010599733670967721,2.6075518856842207e-08,2.6075518856842206e-06
PaySim,stored_observed_update,artifacts/rq1_v2/confirmatory_run_20260916/dna_v2/group_130_run/dna_v2_iht_attack_rq1_v2_confirmatory_ratio0p95_eta0p01_s0p2_iht80_step1_r4_i600_lr0p1_nonneg0p001/group_130/restart_0/baseline.pt,130,"219938,3693807,674636,1059536",network.4.weight,parameter,8192,0.005934742374521915,1.4599563677831387e-06,0.00014599563677831386
PaySim,stored_observed_update,artifacts/rq1_v2/confirmatory_run_20260916/dna_v2/group_130_run/dna_v2_iht_attack_rq1_v2_confirmatory_ratio0p95_eta0p01_s0p2_iht80_step1_r4_i600_lr0p1_nonneg0p001/group_130/restart_0/baseline.pt,130,"219938,3693807,674636,1059536",network.4.bias,parameter,64,5.000989945780094e-07,1.2302517372793738e-10,1.2302517372793738e-08
PaySim,stored_observed_update,artifacts/rq1_v2/confirmatory_run_20260916/dna_v2/group_130_run/dna_v2_iht_attack_rq1_v2_confirmatory_ratio0p95_eta0p01_s0p2_iht80_step1_r4_i600_lr0p1_nonneg0p001/group_130/restart_0/baseline.pt,130,"219938,3693807,674636,1059536",network.5.weight,parameter,64,5.5998558835312906e-05,1.377573741183328e-08,1.3775737411833279e-06
PaySim,stored_observed_update,artifacts/rq1_v2/confirmatory_run_20260916/dna_v2/group_130_run/dna_v2_iht_attack_rq1_v2_confirmatory_ratio0p95_eta0p01_s0p2_iht80_step1_r4_i600_lr0p1_nonneg0p001/group_130/restart_0/baseline.pt,130,"219938,3693807,674636,1059536",network.5.bias,parameter,64,5.599936900197628e-05,1.37759367141626e-08,1.37759367141626e-06
PaySim,stored_observed_update,artifacts/rq1_v2/confirmatory_run_20260916/dna_v2/group_130_run/dna_v2_iht_attack_rq1_v2_confirmatory_ratio0p95_eta0p01_s0p2_iht80_step1_r4_i600_lr0p1_nonneg0p001/group_130/restart_0/baseline.pt,130,"219938,3693807,674636,1059536",network.8.weight,parameter,2048,0.001673527270421558,4.1169045611815815e-07,4.1169045611815816e-05
PaySim,stored_observed_update,artifacts/rq1_v2/confirmatory_run_20260916/dna_v2/group_130_run/dna_v2_iht_attack_rq1_v2_confirmatory_ratio0p95_eta0p01_s0p2_iht80_step1_r4_i600_lr0p1_nonneg0p001/group_130/restart_0/baseline.pt,130,"219938,3693807,674636,1059536",network.8.bias,parameter,32,2.622537772683023e-07,6.451485977584368e-11,6.451485977584368e-09
PaySim,stored_observed_update,artifacts/rq1_v2/confirmatory_run_20260916/dna_v2/group_130_run/dna_v2_iht_attack_rq1_v2_confirmatory_ratio0p95_eta0p01_s0p2_iht80_step1_r4_i600_lr0p1_nonneg0p001/group_130/restart_0/baseline.pt,130,"219938,3693807,674636,1059536",network.9.weight,parameter,32,2.998351137506461e-05,7.37599302514797e-09,7.37599302514797e-07
PaySim,stored_observed_update,artifacts/rq1_v2/confirmatory_run_20260916/dna_v2/group_130_run/dna_v2_iht_attack_rq1_v2_confirmatory_ratio0p95_eta0p01_s0p2_iht80_step1_r4_i600_lr0p1_nonneg0p001/group_130/restart_0/baseline.pt,130,"219938,3693807,674636,1059536",network.9.bias,parameter,32,2.9985662758177933e-05,7.3765222689259854e-09,7.376522268925985e-07
PaySim,stored_observed_update,artifacts/rq1_v2/confirmatory_run_20260916/dna_v2/group_130_run/dna_v2_iht_attack_rq1_v2_confirmatory_ratio0p95_eta0p01_s0p2_iht80_step1_r4_i600_lr0p1_nonneg0p001/group_130/restart_0/baseline.pt,130,"219938,3693807,674636,1059536",network.12.weight,parameter,32,2.9999633815937853e-05,7.379959172072587e-09,7.379959172072587e-07
PaySim,stored_observed_update,artifacts/rq1_v2/confirmatory_run_20260916/dna_v2/group_130_run/dna_v2_iht_attack_rq1_v2_confirmatory_ratio0p95_eta0p01_s0p2_iht80_step1_r4_i600_lr0p1_nonneg0p001/group_130/restart_0/baseline.pt,130,"219938,3693807,674636,1059536",network.12.bias,parameter,1,9.999966025381335e-07,2.4600080601723874e-10,2.4600080601723875e-08
PaySim,stored_observed_update,artifacts/rq1_v2/confirmatory_run_20260916/dna_v2/group_130_run/dna_v2_iht_attack_rq1_v2_confirmatory_ratio0p95_eta0p01_s0p2_iht80_step1_r4_i600_lr0p1_nonneg0p001/group_130/restart_0/baseline.pt,130,"219938,3693807,674636,1059536",network.1.running_mean,batchnorm_buffer,128,22.235897128515163,0.005470067200475855,0.5470067200475855
PaySim,stored_observed_update,artifacts/rq1_v2/confirmatory_run_20260916/dna_v2/group_130_run/dna_v2_iht_attack_rq1_v2_confirmatory_ratio0p95_eta0p01_s0p2_iht80_step1_r4_i600_lr0p1_nonneg0p001/group_130/restart_0/baseline.pt,130,"219938,3693807,674636,1059536",network.1.running_var,batchnorm_buffer,128,4042.483055712325,0.9944574686475897,99.44574686475896
PaySim,stored_observed_update,artifacts/rq1_v2/confirmatory_run_20260916/dna_v2/group_130_run/dna_v2_iht_attack_rq1_v2_confirmatory_ratio0p95_eta0p01_s0p2_iht80_step1_r4_i600_lr0p1_nonneg0p001/group_130/restart_0/baseline.pt,130,"219938,3693807,674636,1059536",network.5.running_mean,batchnorm_buffer,64,0.02488939476508822,6.1228319755810965e-06,0.0006122831975581097
PaySim,stored_observed_update,artifacts/rq1_v2/confirmatory_run_20260916/dna_v2/group_130_run/dna_v2_iht_attack_rq1_v2_confirmatory_ratio0p95_eta0p01_s0p2_iht80_step1_r4_i600_lr0p1_nonneg0p001/group_130/restart_0/baseline.pt,130,"219938,3693807,674636,1059536",network.5.running_var,batchnorm_buffer,64,0.22250996997751193,5.47378179309886e-05,0.00547378179309886
PaySim,stored_observed_update,artifacts/rq1_v2/confirmatory_run_20260916/dna_v2/group_130_run/dna_v2_iht_attack_rq1_v2_confirmatory_ratio0p95_eta0p01_s0p2_iht80_step1_r4_i600_lr0p1_nonneg0p001/group_130/restart_0/baseline.pt,130,"219938,3693807,674636,1059536",network.9.running_mean,batchnorm_buffer,32,0.005901951759464761,1.4518898226434983e-06,0.00014518898226434983
PaySim,stored_observed_update,artifacts/rq1_v2/confirmatory_run_20260916/dna_v2/group_130_run/dna_v2_iht_attack_rq1_v2_confirmatory_ratio0p95_eta0p01_s0p2_iht80_step1_r4_i600_lr0p1_nonneg0p001/group_130/restart_0/baseline.pt,130,"219938,3693807,674636,1059536",network.9.running_var,batchnorm_buffer,32,0.03240555686673652,7.97182019260976e-06,0.000797182019260976
PaySim,stored_observed_update,artifacts/rq1_v2/confirmatory_run_20260916/dna_v2/group_131_run/dna_v2_iht_attack_rq1_v2_confirmatory_ratio0p95_eta0p01_s0p2_iht80_step1_r4_i600_lr0p1_nonneg0p001/group_131/restart_0/baseline.pt,131,"1393703,1030376,4323929,6055278",network.0.weight,parameter,1664,0.0012534360347239552,6.491832794174503e-08,6.491832794174503e-06
PaySim,stored_observed_update,artifacts/rq1_v2/confirmatory_run_20260916/dna_v2/group_131_run/dna_v2_iht_attack_rq1_v2_confirmatory_ratio0p95_eta0p01_s0p2_iht80_step1_r4_i600_lr0p1_nonneg0p001/group_131/restart_0/baseline.pt,131,"1393703,1030376,4323929,6055278",network.0.bias,parameter,128,1.4838473909144223e-07,7.685186070153134e-12,7.685186070153134e-10
PaySim,stored_observed_update,artifacts/rq1_v2/confirmatory_run_20260916/dna_v2/group_131_run/dna_v2_iht_attack_rq1_v2_confirmatory_ratio0p95_eta0p01_s0p2_iht80_step1_r4_i600_lr0p1_nonneg0p001/group_131/restart_0/baseline.pt,131,"1393703,1030376,4323929,6055278",network.1.weight,parameter,128,0.00011400326362576152,5.904490575872348e-09,5.904490575872348e-07
PaySim,stored_observed_update,artifacts/rq1_v2/confirmatory_run_20260916/dna_v2/group_131_run/dna_v2_iht_attack_rq1_v2_confirmatory_ratio0p95_eta0p01_s0p2_iht80_step1_r4_i600_lr0p1_nonneg0p001/group_131/restart_0/baseline.pt,131,"1393703,1030376,4323929,6055278",network.1.bias,parameter,128,0.00011399840697415036,5.904239038743003e-09,5.904239038743003e-07
PaySim,stored_observed_update,artifacts/rq1_v2/confirmatory_run_20260916/dna_v2/group_131_run/dna_v2_iht_attack_rq1_v2_confirmatory_ratio0p95_eta0p01_s0p2_iht80_step1_r4_i600_lr0p1_nonneg0p001/group_131/restart_0/baseline.pt,131,"1393703,1030376,4323929,6055278",network.4.weight,parameter,8192,0.006725785245874692,3.4834384855833663e-07,3.483438485583366e-05
PaySim,stored_observed_update,artifacts/rq1_v2/confirmatory_run_20260916/dna_v2/group_131_run/dna_v2_iht_attack_rq1_v2_confirmatory_ratio0p95_eta0p01_s0p2_iht80_step1_r4_i600_lr0p1_nonneg0p001/group_131/restart_0/baseline.pt,131,"1393703,1030376,4323929,6055278",network.4.bias,parameter,64,2.4121587097389714e-06,1.2493123368745157e-10,1.2493123368745157e-08
PaySim,stored_observed_update,artifacts/rq1_v2/confirmatory_run_20260916/dna_v2/group_131_run/dna_v2_iht_attack_rq1_v2_confirmatory_ratio0p95_eta0p01_s0p2_iht80_step1_r4_i600_lr0p1_nonneg0p001/group_131/restart_0/baseline.pt,131,"1393703,1030376,4323929,6055278",network.5.weight,parameter,64,5.9000745899595586e-05,3.055783992967019e-09,3.055783992967019e-07
PaySim,stored_observed_update,artifacts/rq1_v2/confirmatory_run_20260916/dna_v2/group_131_run/dna_v2_iht_attack_rq1_v2_confirmatory_ratio0p95_eta0p01_s0p2_iht80_step1_r4_i600_lr0p1_nonneg0p001/group_131/restart_0/baseline.pt,131,"1393703,1030376,4323929,6055278",network.5.bias,parameter,64,5.899965147173681e-05,3.0557273100373145e-09,3.0557273100373145e-07
PaySim,stored_observed_update,artifacts/rq1_v2/confirmatory_run_20260916/dna_v2/group_131_run/dna_v2_iht_attack_rq1_v2_confirmatory_ratio0p95_eta0p01_s0p2_iht80_step1_r4_i600_lr0p1_nonneg0p001/group_131/restart_0/baseline.pt,131,"1393703,1030376,4323929,6055278",network.8.weight,parameter,2048,0.0018833914015591977,9.754516166914702e-08,9.754516166914701e-06
PaySim,stored_observed_update,artifacts/rq1_v2/confirmatory_run_20260916/dna_v2/group_131_run/dna_v2_iht_attack_rq1_v2_confirmatory_ratio0p95_eta0p01_s0p2_iht80_step1_r4_i600_lr0p1_nonneg0p001/group_131/restart_0/baseline.pt,131,"1393703,1030376,4323929,6055278",network.8.bias,parameter,32,1.5426793774642178e-06,7.989890426059502e-11,7.989890426059502e-09
PaySim,stored_observed_update,artifacts/rq1_v2/confirmatory_run_20260916/dna_v2/group_131_run/dna_v2_iht_attack_rq1_v2_confirmatory_ratio0p95_eta0p01_s0p2_iht80_step1_r4_i600_lr0p1_nonneg0p001/group_131/restart_0/baseline.pt,131,"1393703,1030376,4323929,6055278",network.9.weight,parameter,32,3.1992623345189486e-05,1.6569713623217615e-09,1.6569713623217615e-07
PaySim,stored_observed_update,artifacts/rq1_v2/confirmatory_run_20260916/dna_v2/group_131_run/dna_v2_iht_attack_rq1_v2_confirmatory_ratio0p95_eta0p01_s0p2_iht80_step1_r4_i600_lr0p1_nonneg0p001/group_131/restart_0/baseline.pt,131,"1393703,1030376,4323929,6055278",network.9.bias,parameter,32,3.199244460205114e-05,1.656962104804544e-09,1.656962104804544e-07
PaySim,stored_observed_update,artifacts/rq1_v2/confirmatory_run_20260916/dna_v2/group_131_run/dna_v2_iht_attack_rq1_v2_confirmatory_ratio0p95_eta0p01_s0p2_iht80_step1_r4_i600_lr0p1_nonneg0p001/group_131/restart_0/baseline.pt,131,"1393703,1030376,4323929,6055278",network.12.weight,parameter,32,3.199984797549305e-05,1.657345542500336e-09,1.657345542500336e-07
PaySim,stored_observed_update,artifacts/rq1_v2/confirmatory_run_20260916/dna_v2/group_131_run/dna_v2_iht_attack_rq1_v2_confirmatory_ratio0p95_eta0p01_s0p2_iht80_step1_r4_i600_lr0p1_nonneg0p001/group_131/restart_0/baseline.pt,131,"1393703,1030376,4323929,6055278",network.12.bias,parameter,1,9.999966025381335e-07,5.179211829385323e-11,5.1792118293853225e-09
PaySim,stored_observed_update,artifacts/rq1_v2/confirmatory_run_20260916/dna_v2/group_131_run/dna_v2_iht_attack_rq1_v2_confirmatory_ratio0p95_eta0p01_s0p2_iht80_step1_r4_i600_lr0p1_nonneg0p001/group_131/restart_0/baseline.pt,131,"1393703,1030376,4323929,6055278",network.1.running_mean,batchnorm_buffer,128,10.949787356505173,0.0005671146088109117,0.05671146088109117
PaySim,stored_observed_update,artifacts/rq1_v2/confirmatory_run_20260916/dna_v2/group_131_run/dna_v2_iht_attack_rq1_v2_confirmatory_ratio0p95_eta0p01_s0p2_iht80_step1_r4_i600_lr0p1_nonneg0p001/group_131/restart_0/baseline.pt,131,"1393703,1030376,4323929,6055278",network.1.running_var,batchnorm_buffer,128,19296.458028084817,0.9994078322929419,99.9407832292942
PaySim,stored_observed_update,artifacts/rq1_v2/confirmatory_run_20260916/dna_v2/group_131_run/dna_v2_iht_attack_rq1_v2_confirmatory_ratio0p95_eta0p01_s0p2_iht80_step1_r4_i600_lr0p1_nonneg0p001/group_131/restart_0/baseline.pt,131,"1393703,1030376,4323929,6055278",network.5.running_mean,batchnorm_buffer,64,0.028433512330377914,1.4726368373521654e-06,0.00014726368373521655
PaySim,stored_observed_update,artifacts/rq1_v2/confirmatory_run_20260916/dna_v2/group_131_run/dna_v2_iht_attack_rq1_v2_confirmatory_ratio0p95_eta0p01_s0p2_iht80_step1_r4_i600_lr0p1_nonneg0p001/group_131/restart_0/baseline.pt,131,"1393703,1030376,4323929,6055278",network.5.running_var,batchnorm_buffer,64,0.4047360288045114,2.096220749992826e-05,0.0020962207499928263
PaySim,stored_observed_update,artifacts/rq1_v2/confirmatory_run_20260916/dna_v2/group_131_run/dna_v2_iht_attack_rq1_v2_confirmatory_ratio0p95_eta0p01_s0p2_iht80_step1_r4_i600_lr0p1_nonneg0p001/group_131/restart_0/baseline.pt,131,"1393703,1030376,4323929,6055278",network.9.running_mean,batchnorm_buffer,32,0.006266269127900775,3.2454445456076575e-07,3.245444545607658e-05
PaySim,stored_observed_update,artifacts/rq1_v2/confirmatory_run_20260916/dna_v2/group_131_run/dna_v2_iht_attack_rq1_v2_confirmatory_ratio0p95_eta0p01_s0p2_iht80_step1_r4_i600_lr0p1_nonneg0p001/group_131/restart_0/baseline.pt,131,"1393703,1030376,4323929,6055278",network.9.running_var,batchnorm_buffer,32,0.033976990499360815,1.7597462898829371e-06,0.0001759746289882937
PaySim,stored_observed_update,artifacts/rq1_v2/confirmatory_run_20260916/dna_v2/group_132_run/dna_v2_iht_attack_rq1_v2_confirmatory_ratio0p95_eta0p01_s0p2_iht80_step1_r4_i600_lr0p1_nonneg0p001/group_132/restart_0/baseline.pt,132,"3033605,1180671,4550950,1407431",network.0.weight,parameter,1664,0.0012171528777456266,2.170684847801228e-09,2.1706848478012277e-07
PaySim,stored_observed_update,artifacts/rq1_v2/confirmatory_run_20260916/dna_v2/group_132_run/dna_v2_iht_attack_rq1_v2_confirmatory_ratio0p95_eta0p01_s0p2_iht80_step1_r4_i600_lr0p1_nonneg0p001/group_132/restart_0/baseline.pt,132,"3033605,1180671,4550950,1407431",network.0.bias,parameter,128,2.2255076136557667e-08,3.9689966182197605e-14,3.968996618219761e-12
PaySim,stored_observed_update,artifacts/rq1_v2/confirmatory_run_20260916/dna_v2/group_132_run/dna_v2_iht_attack_rq1_v2_confirmatory_ratio0p95_eta0p01_s0p2_iht80_step1_r4_i600_lr0p1_nonneg0p001/group_132/restart_0/baseline.pt,132,"3033605,1180671,4550950,1407431",network.1.weight,parameter,128,0.00011100346008419137,1.979648844971302e-10,1.979648844971302e-08
PaySim,stored_observed_update,artifacts/rq1_v2/confirmatory_run_20260916/dna_v2/group_132_run/dna_v2_iht_attack_rq1_v2_confirmatory_ratio0p95_eta0p01_s0p2_iht80_step1_r4_i600_lr0p1_nonneg0p001/group_132/restart_0/baseline.pt,132,"3033605,1180671,4550950,1407431",network.1.bias,parameter,128,0.00011099939959864764,1.9795764297915357e-10,1.9795764297915356e-08
PaySim,stored_observed_update,artifacts/rq1_v2/confirmatory_run_20260916/dna_v2/group_132_run/dna_v2_iht_attack_rq1_v2_confirmatory_ratio0p95_eta0p01_s0p2_iht80_step1_r4_i600_lr0p1_nonneg0p001/group_132/restart_0/baseline.pt,132,"3033605,1180671,4550950,1407431",network.4.weight,parameter,8192,0.006880786252823527,1.2271275640926105e-08,1.2271275640926105e-06
PaySim,stored_observed_update,artifacts/rq1_v2/confirmatory_run_20260916/dna_v2/group_132_run/dna_v2_iht_attack_rq1_v2_confirmatory_ratio0p95_eta0p01_s0p2_iht80_step1_r4_i600_lr0p1_nonneg0p001/group_132/restart_0/baseline.pt,132,"3033605,1180671,4550950,1407431",network.4.bias,parameter,64,2.166807134299344e-06,3.864309488585183e-12,3.864309488585183e-10
PaySim,stored_observed_update,artifacts/rq1_v2/confirmatory_run_20260916/dna_v2/group_132_run/dna_v2_iht_attack_rq1_v2_confirmatory_ratio0p95_eta0p01_s0p2_iht80_step1_r4_i600_lr0p1_nonneg0p001/group_132/restart_0/baseline.pt,132,"3033605,1180671,4550950,1407431",network.5.weight,parameter,64,6.200078782114815e-05,1.1057293881141528e-10,1.1057293881141528e-08
PaySim,stored_observed_update,artifacts/rq1_v2/confirmatory_run_20260916/dna_v2/group_132_run/dna_v2_iht_attack_rq1_v2_confirmatory_ratio0p95_eta0p01_s0p2_iht80_step1_r4_i600_lr0p1_nonneg0p001/group_132/restart_0/baseline.pt,132,"3033605,1180671,4550950,1407431",network.5.bias,parameter,64,6.199880220043343e-05,1.105693976319318e-10,1.105693976319318e-08
PaySim,stored_observed_update,artifacts/rq1_v2/confirmatory_run_20260916/dna_v2/group_132_run/dna_v2_iht_attack_rq1_v2_confirmatory_ratio0p95_eta0p01_s0p2_iht80_step1_r4_i600_lr0p1_nonneg0p001/group_132/restart_0/baseline.pt,132,"3033605,1180671,4550950,1407431",network.8.weight,parameter,2048,0.0019770405655824275,3.5258775439505915e-09,3.5258775439505915e-07
PaySim,stored_observed_update,artifacts/rq1_v2/confirmatory_run_20260916/dna_v2/group_132_run/dna_v2_iht_attack_rq1_v2_confirmatory_ratio0p95_eta0p01_s0p2_iht80_step1_r4_i600_lr0p1_nonneg0p001/group_132/restart_0/baseline.pt,132,"3033605,1180671,4550950,1407431",network.8.bias,parameter,32,1.2313636214786056e-06,2.196028456366076e-12,2.1960284563660759e-10
PaySim,stored_observed_update,artifacts/rq1_v2/confirmatory_run_20260916/dna_v2/group_132_run/dna_v2_iht_attack_rq1_v2_confirmatory_ratio0p95_eta0p01_s0p2_iht80_step1_r4_i600_lr0p1_nonneg0p001/group_132/restart_0/baseline.pt,132,"3033605,1180671,4550950,1407431",network.9.weight,parameter,32,3.1992387174994974e-05,5.705560193422583e-11,5.705560193422583e-09
PaySim,stored_observed_update,artifacts/rq1_v2/confirmatory_run_20260916/dna_v2/group_132_run/dna_v2_iht_attack_rq1_v2_confirmatory_ratio0p95_eta0p01_s0p2_iht80_step1_r4_i600_lr0p1_nonneg0p001/group_132/restart_0/baseline.pt,132,"3033605,1180671,4550950,1407431",network.9.bias,parameter,32,3.198859017038147e-05,5.704883031125861e-11,5.704883031125861e-09
PaySim,stored_observed_update,artifacts/rq1_v2/confirmatory_run_20260916/dna_v2/group_132_run/dna_v2_iht_attack_rq1_v2_confirmatory_ratio0p95_eta0p01_s0p2_iht80_step1_r4_i600_lr0p1_nonneg0p001/group_132/restart_0/baseline.pt,132,"3033605,1180671,4550950,1407431",network.12.weight,parameter,32,3.199973482068694e-05,5.706870581251605e-11,5.706870581251605e-09
PaySim,stored_observed_update,artifacts/rq1_v2/confirmatory_run_20260916/dna_v2/group_132_run/dna_v2_iht_attack_rq1_v2_confirmatory_ratio0p95_eta0p01_s0p2_iht80_step1_r4_i600_lr0p1_nonneg0p001/group_132/restart_0/baseline.pt,132,"3033605,1180671,4550950,1407431",network.12.bias,parameter,1,9.999966025381335e-07,1.7834057764400931e-12,1.7834057764400932e-10
PaySim,stored_observed_update,artifacts/rq1_v2/confirmatory_run_20260916/dna_v2/group_132_run/dna_v2_iht_attack_rq1_v2_confirmatory_ratio0p95_eta0p01_s0p2_iht80_step1_r4_i600_lr0p1_nonneg0p001/group_132/restart_0/baseline.pt,132,"3033605,1180671,4550950,1407431",network.1.running_mean,batchnorm_buffer,128,180.904818359004,0.0003226277941629213,0.03226277941629213
PaySim,stored_observed_update,artifacts/rq1_v2/confirmatory_run_20260916/dna_v2/group_132_run/dna_v2_iht_attack_rq1_v2_confirmatory_ratio0p95_eta0p01_s0p2_iht80_step1_r4_i600_lr0p1_nonneg0p001/group_132/restart_0/baseline.pt,132,"3033605,1180671,4550950,1407431",network.1.running_var,batchnorm_buffer,128,560541.9440419727,0.9996771373063665,99.96771373063666
PaySim,stored_observed_update,artifacts/rq1_v2/confirmatory_run_20260916/dna_v2/group_132_run/dna_v2_iht_attack_rq1_v2_confirmatory_ratio0p95_eta0p01_s0p2_iht80_step1_r4_i600_lr0p1_nonneg0p001/group_132/restart_0/baseline.pt,132,"3033605,1180671,4550950,1407431",network.5.running_mean,batchnorm_buffer,64,0.03388217951803785,6.042587996547184e-08,6.042587996547185e-06
PaySim,stored_observed_update,artifacts/rq1_v2/confirmatory_run_20260916/dna_v2/group_132_run/dna_v2_iht_attack_rq1_v2_confirmatory_ratio0p95_eta0p01_s0p2_iht80_step1_r4_i600_lr0p1_nonneg0p001/group_132/restart_0/baseline.pt,132,"3033605,1180671,4550950,1407431",network.5.running_var,batchnorm_buffer,64,0.06015927451892278,1.0728876219297045e-07,1.0728876219297044e-05
PaySim,stored_observed_update,artifacts/rq1_v2/confirmatory_run_20260916/dna_v2/group_132_run/dna_v2_iht_attack_rq1_v2_confirmatory_ratio0p95_eta0p01_s0p2_iht80_step1_r4_i600_lr0p1_nonneg0p001/group_132/restart_0/baseline.pt,132,"3033605,1180671,4550950,1407431",network.9.running_mean,batchnorm_buffer,32,0.0070179704471829835,1.2515931556792185e-08,1.2515931556792184e-06
PaySim,stored_observed_update,artifacts/rq1_v2/confirmatory_run_20260916/dna_v2/group_132_run/dna_v2_iht_attack_rq1_v2_confirmatory_ratio0p95_eta0p01_s0p2_iht80_step1_r4_i600_lr0p1_nonneg0p001/group_132/restart_0/baseline.pt,132,"3033605,1180671,4550950,1407431",network.9.running_var,batchnorm_buffer,32,0.020132723441313338,3.590493726636426e-08,3.590493726636426e-06
PaySim,stored_observed_update,artifacts/rq1_v2/confirmatory_run_20260916/dna_v2/group_133_run/dna_v2_iht_attack_rq1_v2_confirmatory_ratio0p95_eta0p01_s0p2_iht80_step1_r4_i600_lr0p1_nonneg0p001/group_133/restart_0/baseline.pt,133,"6205433,1696641,5901740,4028107",network.0.weight,parameter,1664,0.0012802680279720483,9.986698551787477e-12,9.986698551787476e-10
PaySim,stored_observed_update,artifacts/rq1_v2/confirmatory_run_20260916/dna_v2/group_133_run/dna_v2_iht_attack_rq1_v2_confirmatory_ratio0p95_eta0p01_s0p2_iht80_step1_r4_i600_lr0p1_nonneg0p001/group_133/restart_0/baseline.pt,133,"6205433,1696641,5901740,4028107",network.0.bias,parameter,128,3.725497942693584e-09,2.906065300085549e-17,2.906065300085549e-15
PaySim,stored_observed_update,artifacts/rq1_v2/confirmatory_run_20260916/dna_v2/group_133_run/dna_v2_iht_attack_rq1_v2_confirmatory_ratio0p95_eta0p01_s0p2_iht80_step1_r4_i600_lr0p1_nonneg0p001/group_133/restart_0/baseline.pt,133,"6205433,1696641,5901740,4028107",network.1.weight,parameter,128,0.00011000181691755984,8.580664061764499e-13,8.5806640617645e-11
PaySim,stored_observed_update,artifacts/rq1_v2/confirmatory_run_20260916/dna_v2/group_133_run/dna_v2_iht_attack_rq1_v2_confirmatory_ratio0p95_eta0p01_s0p2_iht80_step1_r4_i600_lr0p1_nonneg0p001/group_133/restart_0/baseline.pt,133,"6205433,1696641,5901740,4028107",network.1.bias,parameter,128,0.00010999904467465295,8.580447813653803e-13,8.580447813653803e-11
PaySim,stored_observed_update,artifacts/rq1_v2/confirmatory_run_20260916/dna_v2/group_133_run/dna_v2_iht_attack_rq1_v2_confirmatory_ratio0p95_eta0p01_s0p2_iht80_step1_r4_i600_lr0p1_nonneg0p001/group_133/restart_0/baseline.pt,133,"6205433,1696641,5901740,4028107",network.4.weight,parameter,8192,0.006597563595469942,5.1464128889145366e-11,5.146412888914537e-09
PaySim,stored_observed_update,artifacts/rq1_v2/confirmatory_run_20260916/dna_v2/group_133_run/dna_v2_iht_attack_rq1_v2_confirmatory_ratio0p95_eta0p01_s0p2_iht80_step1_r4_i600_lr0p1_nonneg0p001/group_133/restart_0/baseline.pt,133,"6205433,1696641,5901740,4028107",network.4.bias,parameter,64,1.2303536667197302e-06,9.597342832249972e-15,9.597342832249971e-13
PaySim,stored_observed_update,artifacts/rq1_v2/confirmatory_run_20260916/dna_v2/group_133_run/dna_v2_iht_attack_rq1_v2_confirmatory_ratio0p95_eta0p01_s0p2_iht80_step1_r4_i600_lr0p1_nonneg0p001/group_133/restart_0/baseline.pt,133,"6205433,1696641,5901740,4028107",network.5.weight,parameter,64,6.000131614314341e-05,4.68038757463336e-13,4.68038757463336e-11
PaySim,stored_observed_update,artifacts/rq1_v2/confirmatory_run_20260916/dna_v2/group_133_run/dna_v2_iht_attack_rq1_v2_confirmatory_ratio0p95_eta0p01_s0p2_iht80_step1_r4_i600_lr0p1_nonneg0p001/group_133/restart_0/baseline.pt,133,"6205433,1696641,5901740,4028107",network.5.bias,parameter,64,5.9999120055898524e-05,4.680216269400167e-13,4.680216269400167e-11
PaySim,stored_observed_update,artifacts/rq1_v2/confirmatory_run_20260916/dna_v2/group_133_run/dna_v2_iht_attack_rq1_v2_confirmatory_ratio0p95_eta0p01_s0p2_iht80_step1_r4_i600_lr0p1_nonneg0p001/group_133/restart_0/baseline.pt,133,"6205433,1696641,5901740,4028107",network.8.weight,parameter,2048,0.0017883048159822328,1.3949626738873974e-11,1.3949626738873973e-09
PaySim,stored_observed_update,artifacts/rq1_v2/confirmatory_run_20260916/dna_v2/group_133_run/dna_v2_iht_attack_rq1_v2_confirmatory_ratio0p95_eta0p01_s0p2_iht80_step1_r4_i600_lr0p1_nonneg0p001/group_133/restart_0/baseline.pt,133,"6205433,1696641,5901740,4028107",network.8.bias,parameter,32,2.2178749042953833e-07,1.7300477408513456e-15,1.7300477408513456e-13
PaySim,stored_observed_update,artifacts/rq1_v2/confirmatory_run_20260916/dna_v2/group_133_run/dna_v2_iht_attack_rq1_v2_confirmatory_ratio0p95_eta0p01_s0p2_iht80_step1_r4_i600_lr0p1_nonneg0p001/group_133/restart_0/baseline.pt,133,"6205433,1696641,5901740,4028107",network.9.weight,parameter,32,2.997490166833927e-05,2.3381846655606047e-13,2.3381846655606048e-11
PaySim,stored_observed_update,artifacts/rq1_v2/confirmatory_run_20260916/dna_v2/group_133_run/dna_v2_iht_attack_rq1_v2_confirmatory_ratio0p95_eta0p01_s0p2_iht80_step1_r4_i600_lr0p1_nonneg0p001/group_133/restart_0/baseline.pt,133,"6205433,1696641,5901740,4028107",network.9.bias,parameter,32,2.9979817870302156e-05,2.338568152658231e-13,2.3385681526582306e-11
PaySim,stored_observed_update,artifacts/rq1_v2/confirmatory_run_20260916/dna_v2/group_133_run/dna_v2_iht_attack_rq1_v2_confirmatory_ratio0p95_eta0p01_s0p2_iht80_step1_r4_i600_lr0p1_nonneg0p001/group_133/restart_0/baseline.pt,133,"6205433,1696641,5901740,4028107",network.12.weight,parameter,32,2.999960820509357e-05,2.340111892746108e-13,2.340111892746108e-11
PaySim,stored_observed_update,artifacts/rq1_v2/confirmatory_run_20260916/dna_v2/group_133_run/dna_v2_iht_attack_rq1_v2_confirmatory_ratio0p95_eta0p01_s0p2_iht80_step1_r4_i600_lr0p1_nonneg0p001/group_133/restart_0/baseline.pt,133,"6205433,1696641,5901740,4028107",network.12.bias,parameter,1,9.999966025381335e-07,7.800448346881636e-15,7.800448346881636e-13
PaySim,stored_observed_update,artifacts/rq1_v2/confirmatory_run_20260916/dna_v2/group_133_run/dna_v2_iht_attack_rq1_v2_confirmatory_ratio0p95_eta0p01_s0p2_iht80_step1_r4_i600_lr0p1_nonneg0p001/group_133/restart_0/baseline.pt,133,"6205433,1696641,5901740,4028107",network.1.running_mean,batchnorm_buffer,128,2163.7472168552977,1.6878255744018912e-05,0.0016878255744018913
PaySim,stored_observed_update,artifacts/rq1_v2/confirmatory_run_20260916/dna_v2/group_133_run/dna_v2_iht_attack_rq1_v2_confirmatory_ratio0p95_eta0p01_s0p2_iht80_step1_r4_i600_lr0p1_nonneg0p001/group_133/restart_0/baseline.pt,133,"6205433,1696641,5901740,4028107",network.1.running_var,batchnorm_buffer,128,128195159.7881812,0.9999831196524613,99.99831196524613
PaySim,stored_observed_update,artifacts/rq1_v2/confirmatory_run_20260916/dna_v2/group_133_run/dna_v2_iht_attack_rq1_v2_confirmatory_ratio0p95_eta0p01_s0p2_iht80_step1_r4_i600_lr0p1_nonneg0p001/group_133/restart_0/baseline.pt,133,"6205433,1696641,5901740,4028107",network.5.running_mean,batchnorm_buffer,64,0.03131173278416871,2.442463840520442e-10,2.4424638405204418e-08
PaySim,stored_observed_update,artifacts/rq1_v2/confirmatory_run_20260916/dna_v2/group_133_run/dna_v2_iht_attack_rq1_v2_confirmatory_ratio0p95_eta0p01_s0p2_iht80_step1_r4_i600_lr0p1_nonneg0p001/group_133/restart_0/baseline.pt,133,"6205433,1696641,5901740,4028107",network.5.running_var,batchnorm_buffer,64,0.19861463102043264,1.5492884338582142e-09,1.5492884338582143e-07
PaySim,stored_observed_update,artifacts/rq1_v2/confirmatory_run_20260916/dna_v2/group_133_run/dna_v2_iht_attack_rq1_v2_confirmatory_ratio0p95_eta0p01_s0p2_iht80_step1_r4_i600_lr0p1_nonneg0p001/group_133/restart_0/baseline.pt,133,"6205433,1696641,5901740,4028107",network.9.running_mean,batchnorm_buffer,32,0.006638651841280378,5.178463671716677e-11,5.178463671716677e-09
PaySim,stored_observed_update,artifacts/rq1_v2/confirmatory_run_20260916/dna_v2/group_133_run/dna_v2_iht_attack_rq1_v2_confirmatory_ratio0p95_eta0p01_s0p2_iht80_step1_r4_i600_lr0p1_nonneg0p001/group_133/restart_0/baseline.pt,133,"6205433,1696641,5901740,4028107",network.9.running_var,batchnorm_buffer,32,0.021498917766694214,1.6770176731331352e-10,1.677017673133135e-08
PaySim,stored_observed_update,artifacts/rq1_v2/confirmatory_run_20260916/dna_v2/group_134_run/dna_v2_iht_attack_rq1_v2_confirmatory_ratio0p95_eta0p01_s0p2_iht80_step1_r4_i600_lr0p1_nonneg0p001/group_134/restart_0/baseline.pt,134,"2132439,6278155,2558479,4104662",network.0.weight,parameter,1664,0.0011921409321624047,4.4067462792391997e-07,4.4067462792392e-05
PaySim,stored_observed_update,artifacts/rq1_v2/confirmatory_run_20260916/dna_v2/group_134_run/dna_v2_iht_attack_rq1_v2_confirmatory_ratio0p95_eta0p01_s0p2_iht80_step1_r4_i600_lr0p1_nonneg0p001/group_134/restart_0/baseline.pt,134,"2132439,6278155,2558479,4104662",network.0.bias,parameter,128,9.900132805999023e-08,3.6595818690391885e-11,3.6595818690391885e-09
PaySim,stored_observed_update,artifacts/rq1_v2/confirmatory_run_20260916/dna_v2/group_134_run/dna_v2_iht_attack_rq1_v2_confirmatory_ratio0p95_eta0p01_s0p2_iht80_step1_r4_i600_lr0p1_nonneg0p001/group_134/restart_0/baseline.pt,134,"2132439,6278155,2558479,4104662",network.1.weight,parameter,128,0.00010900172364713967,4.029246267397313e-08,4.029246267397312e-06
PaySim,stored_observed_update,artifacts/rq1_v2/confirmatory_run_20260916/dna_v2/group_134_run/dna_v2_iht_attack_rq1_v2_confirmatory_ratio0p95_eta0p01_s0p2_iht80_step1_r4_i600_lr0p1_nonneg0p001/group_134/restart_0/baseline.pt,134,"2132439,6278155,2558479,4104662",network.1.bias,parameter,128,0.00010899776108592193,4.0290997914108635e-08,4.029099791410863e-06
PaySim,stored_observed_update,artifacts/rq1_v2/confirmatory_run_20260916/dna_v2/group_134_run/dna_v2_iht_attack_rq1_v2_confirmatory_ratio0p95_eta0p01_s0p2_iht80_step1_r4_i600_lr0p1_nonneg0p001/group_134/restart_0/baseline.pt,134,"2132439,6278155,2558479,4104662",network.4.weight,parameter,8192,0.0062113144939436,2.2960110081717794e-06,0.00022960110081717794
PaySim,stored_observed_update,artifacts/rq1_v2/confirmatory_run_20260916/dna_v2/group_134_run/dna_v2_iht_attack_rq1_v2_confirmatory_ratio0p95_eta0p01_s0p2_iht80_step1_r4_i600_lr0p1_nonneg0p001/group_134/restart_0/baseline.pt,134,"2132439,6278155,2558479,4104662",network.4.bias,parameter,64,1.5841367042852654e-06,5.855757770813912e-10,5.855757770813912e-08
PaySim,stored_observed_update,artifacts/rq1_v2/confirmatory_run_20260916/dna_v2/group_134_run/dna_v2_iht_attack_rq1_v2_confirmatory_ratio0p95_eta0p01_s0p2_iht80_step1_r4_i600_lr0p1_nonneg0p001/group_134/restart_0/baseline.pt,134,"2132439,6278155,2558479,4104662",network.5.weight,parameter,64,5.700055891111333e-05,2.107024380418509e-08,2.107024380418509e-06
PaySim,stored_observed_update,artifacts/rq1_v2/confirmatory_run_20260916/dna_v2/group_134_run/dna_v2_iht_attack_rq1_v2_confirmatory_ratio0p95_eta0p01_s0p2_iht80_step1_r4_i600_lr0p1_nonneg0p001/group_134/restart_0/baseline.pt,134,"2132439,6278155,2558479,4104662",network.5.bias,parameter,64,5.6999532072716304e-05,2.106986423360217e-08,2.106986423360217e-06
PaySim,stored_observed_update,artifacts/rq1_v2/confirmatory_run_20260916/dna_v2/group_134_run/dna_v2_iht_attack_rq1_v2_confirmatory_ratio0p95_eta0p01_s0p2_iht80_step1_r4_i600_lr0p1_nonneg0p001/group_134/restart_0/baseline.pt,134,"2132439,6278155,2558479,4104662",network.8.weight,parameter,2048,0.0017580631030906387,6.498676313512384e-07,6.498676313512384e-05
PaySim,stored_observed_update,artifacts/rq1_v2/confirmatory_run_20260916/dna_v2/group_134_run/dna_v2_iht_attack_rq1_v2_confirmatory_ratio0p95_eta0p01_s0p2_iht80_step1_r4_i600_lr0p1_nonneg0p001/group_134/restart_0/baseline.pt,134,"2132439,6278155,2558479,4104662",network.8.bias,parameter,32,9.21986988769441e-07,3.408122834015058e-10,3.4081228340150584e-08
PaySim,stored_observed_update,artifacts/rq1_v2/confirmatory_run_20260916/dna_v2/group_134_run/dna_v2_iht_attack_rq1_v2_confirmatory_ratio0p95_eta0p01_s0p2_iht80_step1_r4_i600_lr0p1_nonneg0p001/group_134/restart_0/baseline.pt,134,"2132439,6278155,2558479,4104662",network.9.weight,parameter,32,3.098729281347801e-05,1.1454445831483895e-08,1.1454445831483895e-06
PaySim,stored_observed_update,artifacts/rq1_v2/confirmatory_run_20260916/dna_v2/group_134_run/dna_v2_iht_attack_rq1_v2_confirmatory_ratio0p95_eta0p01_s0p2_iht80_step1_r4_i600_lr0p1_nonneg0p001/group_134/restart_0/baseline.pt,134,"2132439,6278155,2558479,4104662",network.9.bias,parameter,32,3.098182710951306e-05,1.1452425435240368e-08,1.1452425435240367e-06
PaySim,stored_observed_update,artifacts/rq1_v2/confirmatory_run_20260916/dna_v2/group_134_run/dna_v2_iht_attack_rq1_v2_confirmatory_ratio0p95_eta0p01_s0p2_iht80_step1_r4_i600_lr0p1_nonneg0p001/group_134/restart_0/baseline.pt,134,"2132439,6278155,2558479,4104662",network.12.weight,parameter,32,3.0999557078935207e-05,1.1458979314456674e-08,1.1458979314456674e-06
PaySim,stored_observed_update,artifacts/rq1_v2/confirmatory_run_20260916/dna_v2/group_134_run/dna_v2_iht_attack_rq1_v2_confirmatory_ratio0p95_eta0p01_s0p2_iht80_step1_r4_i600_lr0p1_nonneg0p001/group_134/restart_0/baseline.pt,134,"2132439,6278155,2558479,4104662",network.12.bias,parameter,1,9.999966025381335e-07,3.696485196170107e-10,3.696485196170107e-08
PaySim,stored_observed_update,artifacts/rq1_v2/confirmatory_run_20260916/dna_v2/group_134_run/dna_v2_iht_attack_rq1_v2_confirmatory_ratio0p95_eta0p01_s0p2_iht80_step1_r4_i600_lr0p1_nonneg0p001/group_134/restart_0/baseline.pt,134,"2132439,6278155,2558479,4104662",network.1.running_mean,batchnorm_buffer,128,7.759381468818576,0.002868253617874743,0.2868253617874743
PaySim,stored_observed_update,artifacts/rq1_v2/confirmatory_run_20260916/dna_v2/group_134_run/dna_v2_iht_attack_rq1_v2_confirmatory_ratio0p95_eta0p01_s0p2_iht80_step1_r4_i600_lr0p1_nonneg0p001/group_134/restart_0/baseline.pt,134,"2132439,6278155,2558479,4104662",network.1.running_var,batchnorm_buffer,128,2697.371649024644,0.9970828244697284,99.70828244697285
PaySim,stored_observed_update,artifacts/rq1_v2/confirmatory_run_20260916/dna_v2/group_134_run/dna_v2_iht_attack_rq1_v2_confirmatory_ratio0p95_eta0p01_s0p2_iht80_step1_r4_i600_lr0p1_nonneg0p001/group_134/restart_0/baseline.pt,134,"2132439,6278155,2558479,4104662",network.5.running_mean,batchnorm_buffer,64,0.036862415343712124,1.3626183555749584e-05,0.0013626183555749585
PaySim,stored_observed_update,artifacts/rq1_v2/confirmatory_run_20260916/dna_v2/group_134_run/dna_v2_iht_attack_rq1_v2_confirmatory_ratio0p95_eta0p01_s0p2_iht80_step1_r4_i600_lr0p1_nonneg0p001/group_134/restart_0/baseline.pt,134,"2132439,6278155,2558479,4104662",network.5.running_var,batchnorm_buffer,64,0.06059350001084973,2.239837367504436e-05,0.002239837367504436
PaySim,stored_observed_update,artifacts/rq1_v2/confirmatory_run_20260916/dna_v2/group_134_run/dna_v2_iht_attack_rq1_v2_confirmatory_ratio0p95_eta0p01_s0p2_iht80_step1_r4_i600_lr0p1_nonneg0p001/group_134/restart_0/baseline.pt,134,"2132439,6278155,2558479,4104662",network.9.running_mean,batchnorm_buffer,32,0.005226464911276683,1.9319615810494762e-06,0.00019319615810494762
PaySim,stored_observed_update,artifacts/rq1_v2/confirmatory_run_20260916/dna_v2/group_134_run/dna_v2_iht_attack_rq1_v2_confirmatory_ratio0p95_eta0p01_s0p2_iht80_step1_r4_i600_lr0p1_nonneg0p001/group_134/restart_0/baseline.pt,134,"2132439,6278155,2558479,4104662",network.9.running_var,batchnorm_buffer,32,0.02007418577792547,7.420418265915092e-06,0.0007420418265915091
PaySim,stored_observed_update,artifacts/rq1_v2/confirmatory_run_20260916/dna_v2/group_135_run/dna_v2_iht_attack_rq1_v2_confirmatory_ratio0p95_eta0p01_s0p2_iht80_step1_r4_i600_lr0p1_nonneg0p001/group_135/restart_0/baseline.pt,135,"5015759,2332960,3718894,257400",network.0.weight,parameter,1664,0.001162472443508916,6.051444486144656e-10,6.051444486144655e-08
PaySim,stored_observed_update,artifacts/rq1_v2/confirmatory_run_20260916/dna_v2/group_135_run/dna_v2_iht_attack_rq1_v2_confirmatory_ratio0p95_eta0p01_s0p2_iht80_step1_r4_i600_lr0p1_nonneg0p001/group_135/restart_0/baseline.pt,135,"5015759,2332960,3718894,257400",network.0.bias,parameter,128,8.024115016533329e-09,4.177087108097003e-15,4.177087108097003e-13
PaySim,stored_observed_update,artifacts/rq1_v2/confirmatory_run_20260916/dna_v2/group_135_run/dna_v2_iht_attack_rq1_v2_confirmatory_ratio0p95_eta0p01_s0p2_iht80_step1_r4_i600_lr0p1_nonneg0p001/group_135/restart_0/baseline.pt,135,"5015759,2332960,3718894,257400",network.1.weight,parameter,128,0.00010600287356155036,5.518156652326813e-11,5.518156652326813e-09
PaySim,stored_observed_update,artifacts/rq1_v2/confirmatory_run_20260916/dna_v2/group_135_run/dna_v2_iht_attack_rq1_v2_confirmatory_ratio0p95_eta0p01_s0p2_iht80_step1_r4_i600_lr0p1_nonneg0p001/group_135/restart_0/baseline.pt,135,"5015759,2332960,3718894,257400",network.1.bias,parameter,128,0.00010599886922614115,5.517948199958174e-11,5.517948199958174e-09
PaySim,stored_observed_update,artifacts/rq1_v2/confirmatory_run_20260916/dna_v2/group_135_run/dna_v2_iht_attack_rq1_v2_confirmatory_ratio0p95_eta0p01_s0p2_iht80_step1_r4_i600_lr0p1_nonneg0p001/group_135/restart_0/baseline.pt,135,"5015759,2332960,3718894,257400",network.4.weight,parameter,8192,0.006147741012521487,3.2003092770244388e-09,3.2003092770244386e-07
PaySim,stored_observed_update,artifacts/rq1_v2/confirmatory_run_20260916/dna_v2/group_135_run/dna_v2_iht_attack_rq1_v2_confirmatory_ratio0p95_eta0p01_s0p2_iht80_step1_r4_i600_lr0p1_nonneg0p001/group_135/restart_0/baseline.pt,135,"5015759,2332960,3718894,257400",network.4.bias,parameter,64,2.6376109160278845e-06,1.3730524214589243e-12,1.3730524214589242e-10
PaySim,stored_observed_update,artifacts/rq1_v2/confirmatory_run_20260916/dna_v2/group_135_run/dna_v2_iht_attack_rq1_v2_confirmatory_ratio0p95_eta0p01_s0p2_iht80_step1_r4_i600_lr0p1_nonneg0p001/group_135/restart_0/baseline.pt,135,"5015759,2332960,3718894,257400",network.5.weight,parameter,64,5.799636581116374e-05,3.019097700458337e-11,3.019097700458337e-09
PaySim,stored_observed_update,artifacts/rq1_v2/confirmatory_run_20260916/dna_v2/group_135_run/dna_v2_iht_attack_rq1_v2_confirmatory_ratio0p95_eta0p01_s0p2_iht80_step1_r4_i600_lr0p1_nonneg0p001/group_135/restart_0/baseline.pt,135,"5015759,2332960,3718894,257400",network.5.bias,parameter,64,5.7999457435170564e-05,3.0192586401103157e-11,3.0192586401103156e-09
PaySim,stored_observed_update,artifacts/rq1_v2/confirmatory_run_20260916/dna_v2/group_135_run/dna_v2_iht_attack_rq1_v2_confirmatory_ratio0p95_eta0p01_s0p2_iht80_step1_r4_i600_lr0p1_nonneg0p001/group_135/restart_0/baseline.pt,135,"5015759,2332960,3718894,257400",network.8.weight,parameter,2048,0.0017919236070776177,9.328157662740436e-10,9.328157662740436e-08
PaySim,stored_observed_update,artifacts/rq1_v2/confirmatory_run_20260916/dna_v2/group_135_run/dna_v2_iht_attack_rq1_v2_confirmatory_ratio0p95_eta0p01_s0p2_iht80_step1_r4_i600_lr0p1_nonneg0p001/group_135/restart_0/baseline.pt,135,"5015759,2332960,3718894,257400",network.8.bias,parameter,32,1.7336390657730297e-06,9.024747747026236e-13,9.024747747026236e-11
PaySim,stored_observed_update,artifacts/rq1_v2/confirmatory_run_20260916/dna_v2/group_135_run/dna_v2_iht_attack_rq1_v2_confirmatory_ratio0p95_eta0p01_s0p2_iht80_step1_r4_i600_lr0p1_nonneg0p001/group_135/restart_0/baseline.pt,135,"5015759,2332960,3718894,257400",network.9.weight,parameter,32,3.0986460210158384e-05,1.6130519465725774e-11,1.6130519465725775e-09
PaySim,stored_observed_update,artifacts/rq1_v2/confirmatory_run_20260916/dna_v2/group_135_run/dna_v2_iht_attack_rq1_v2_confirmatory_ratio0p95_eta0p01_s0p2_iht80_step1_r4_i600_lr0p1_nonneg0p001/group_135/restart_0/baseline.pt,135,"5015759,2332960,3718894,257400",network.9.bias,parameter,32,3.0988293455522925e-05,1.613147379222314e-11,1.613147379222314e-09
PaySim,stored_observed_update,artifacts/rq1_v2/confirmatory_run_20260916/dna_v2/group_135_run/dna_v2_iht_attack_rq1_v2_confirmatory_ratio0p95_eta0p01_s0p2_iht80_step1_r4_i600_lr0p1_nonneg0p001/group_135/restart_0/baseline.pt,135,"5015759,2332960,3718894,257400",network.12.weight,parameter,32,3.099972960377951e-05,1.6137427070229556e-11,1.6137427070229556e-09
PaySim,stored_observed_update,artifacts/rq1_v2/confirmatory_run_20260916/dna_v2/group_135_run/dna_v2_iht_attack_rq1_v2_confirmatory_ratio0p95_eta0p01_s0p2_iht80_step1_r4_i600_lr0p1_nonneg0p001/group_135/restart_0/baseline.pt,135,"5015759,2332960,3718894,257400",network.12.bias,parameter,1,9.999966025381335e-07,5.205649355718567e-13,5.205649355718567e-11
PaySim,stored_observed_update,artifacts/rq1_v2/confirmatory_run_20260916/dna_v2/group_135_run/dna_v2_iht_attack_rq1_v2_confirmatory_ratio0p95_eta0p01_s0p2_iht80_step1_r4_i600_lr0p1_nonneg0p001/group_135/restart_0/baseline.pt,135,"5015759,2332960,3718894,257400",network.1.running_mean,batchnorm_buffer,128,282.4762560822251,0.0001470477336370904,0.01470477336370904
PaySim,stored_observed_update,artifacts/rq1_v2/confirmatory_run_20260916/dna_v2/group_135_run/dna_v2_iht_attack_rq1_v2_confirmatory_ratio0p95_eta0p01_s0p2_iht80_step1_r4_i600_lr0p1_nonneg0p001/group_135/restart_0/baseline.pt,135,"5015759,2332960,3718894,257400",network.1.running_var,batchnorm_buffer,128,1920700.6649756045,0.9998528148776585,99.98528148776586
PaySim,stored_observed_update,artifacts/rq1_v2/confirmatory_run_20260916/dna_v2/group_135_run/dna_v2_iht_attack_rq1_v2_confirmatory_ratio0p95_eta0p01_s0p2_iht80_step1_r4_i600_lr0p1_nonneg0p001/group_135/restart_0/baseline.pt,135,"5015759,2332960,3718894,257400",network.5.running_mean,batchnorm_buffer,64,0.022138486160531535,1.152455877606451e-08,1.1524558776064511e-06
PaySim,stored_observed_update,artifacts/rq1_v2/confirmatory_run_20260916/dna_v2/group_135_run/dna_v2_iht_attack_rq1_v2_confirmatory_ratio0p95_eta0p01_s0p2_iht80_step1_r4_i600_lr0p1_nonneg0p001/group_135/restart_0/baseline.pt,135,"5015759,2332960,3718894,257400",network.5.running_var,batchnorm_buffer,64,0.1962703317217218,1.0217179971217842e-07,1.0217179971217842e-05
PaySim,stored_observed_update,artifacts/rq1_v2/confirmatory_run_20260916/dna_v2/group_135_run/dna_v2_iht_attack_rq1_v2_confirmatory_ratio0p95_eta0p01_s0p2_iht80_step1_r4_i600_lr0p1_nonneg0p001/group_135/restart_0/baseline.pt,135,"5015759,2332960,3718894,257400",network.9.running_mean,batchnorm_buffer,32,0.007605735629305475,3.959292729392046e-09,3.9592927293920456e-07
PaySim,stored_observed_update,artifacts/rq1_v2/confirmatory_run_20260916/dna_v2/group_135_run/dna_v2_iht_attack_rq1_v2_confirmatory_ratio0p95_eta0p01_s0p2_iht80_step1_r4_i600_lr0p1_nonneg0p001/group_135/restart_0/baseline.pt,135,"5015759,2332960,3718894,257400",network.9.running_var,batchnorm_buffer,32,0.02837837916924535,1.4772839314030156e-08,1.4772839314030156e-06
IEEE-CIS,stored_observed_update,artifacts/priority5_ieee_cis/phase53_rq1_development_gate_20260916_rerun1/development/group_0/restart_0/baseline.pt,0,"492693,348861,475253,542546",network.0.weight,parameter,22656,0.0050346722479080105,5.367692910764896e-08,5.367692910764896e-06
IEEE-CIS,stored_observed_update,artifacts/priority5_ieee_cis/phase53_rq1_development_gate_20260916_rerun1/development/group_0/restart_0/baseline.pt,0,"492693,348861,475253,542546",network.0.bias,parameter,128,9.36288310510457e-06,9.982195224023343e-11,9.982195224023342e-09
IEEE-CIS,stored_observed_update,artifacts/priority5_ieee_cis/phase53_rq1_development_gate_20260916_rerun1/development/group_0/restart_0/baseline.pt,0,"492693,348861,475253,542546",network.1.weight,parameter,128,0.00011400409807649226,1.2154495047768086e-09,1.2154495047768087e-07
IEEE-CIS,stored_observed_update,artifacts/priority5_ieee_cis/phase53_rq1_development_gate_20260916_rerun1/development/group_0/restart_0/baseline.pt,0,"492693,348861,475253,542546",network.1.bias,parameter,128,0.00011399981525264007,1.215403843645165e-09,1.215403843645165e-07
IEEE-CIS,stored_observed_update,artifacts/priority5_ieee_cis/phase53_rq1_development_gate_20260916_rerun1/development/group_0/restart_0/baseline.pt,0,"492693,348861,475253,542546",network.4.weight,parameter,8192,0.006953980713318821,7.413954898849108e-08,7.4139548988491075e-06
IEEE-CIS,stored_observed_update,artifacts/priority5_ieee_cis/phase53_rq1_development_gate_20260916_rerun1/development/group_0/restart_0/baseline.pt,0,"492693,348861,475253,542546",network.4.bias,parameter,64,2.1513105274814442e-05,2.29360993101671e-10,2.29360993101671e-08
IEEE-CIS,stored_observed_update,artifacts/priority5_ieee_cis/phase53_rq1_development_gate_20260916_rerun1/development/group_0/restart_0/baseline.pt,0,"492693,348861,475253,542546",network.5.weight,parameter,64,6.100140959119926e-05,6.503637529640612e-10,6.503637529640611e-08
IEEE-CIS,stored_observed_update,artifacts/priority5_ieee_cis/phase53_rq1_development_gate_20260916_rerun1/development/group_0/restart_0/baseline.pt,0,"492693,348861,475253,542546",network.5.bias,parameter,64,6.099996458369463e-05,6.503483470822943e-10,6.503483470822943e-08
IEEE-CIS,stored_observed_update,artifacts/priority5_ieee_cis/phase53_rq1_development_gate_20260916_rerun1/development/group_0/restart_0/baseline.pt,0,"492693,348861,475253,542546",network.8.weight,parameter,2048,0.0018298511490642425,1.95088747726694e-08,1.95088747726694e-06
IEEE-CIS,stored_observed_update,artifacts/priority5_ieee_cis/phase53_rq1_development_gate_20260916_rerun1/development/group_0/restart_0/baseline.pt,0,"492693,348861,475253,542546",network.8.bias,parameter,32,7.5532634840414295e-06,8.052877498287018e-11,8.052877498287018e-09
IEEE-CIS,stored_observed_update,artifacts/priority5_ieee_cis/phase53_rq1_development_gate_20260916_rerun1/development/group_0/restart_0/baseline.pt,0,"492693,348861,475253,542546",network.9.weight,parameter,32,3.000065806446628e-05,3.1985065100877177e-10,3.198506510087718e-08
IEEE-CIS,stored_observed_update,artifacts/priority5_ieee_cis/phase53_rq1_development_gate_20260916_rerun1/development/group_0/restart_0/baseline.pt,0,"492693,348861,475253,542546",network.9.bias,parameter,32,2.9999936958906642e-05,3.1984296297465595e-10,3.1984296297465595e-08
IEEE-CIS,stored_observed_update,artifacts/priority5_ieee_cis/phase53_rq1_development_gate_20260916_rerun1/development/group_0/restart_0/baseline.pt,0,"492693,348861,475253,542546",network.12.weight,parameter,32,3.0000073164799385e-05,3.198444151275844e-10,3.1984441512758444e-08
IEEE-CIS,stored_observed_update,artifacts/priority5_ieee_cis/phase53_rq1_development_gate_20260916_rerun1/development/group_0/restart_0/baseline.pt,0,"492693,348861,475253,542546",network.12.bias,parameter,1,9.999966025381335e-07,1.0661418280928372e-11,1.0661418280928372e-09
IEEE-CIS,stored_observed_update,artifacts/priority5_ieee_cis/phase53_rq1_development_gate_20260916_rerun1/development/group_0/restart_0/baseline.pt,0,"492693,348861,475253,542546",network.1.running_mean,batchnorm_buffer,128,9.260474597544016,9.873012859617556e-05,0.009873012859617556
IEEE-CIS,stored_observed_update,artifacts/priority5_ieee_cis/phase53_rq1_development_gate_20260916_rerun1/development/group_0/restart_0/baseline.pt,0,"492693,348861,475253,542546",network.1.running_var,batchnorm_buffer,128,93786.44004138948,0.9998998634821189,99.98998634821189
IEEE-CIS,stored_observed_update,artifacts/priority5_ieee_cis/phase53_rq1_development_gate_20260916_rerun1/development/group_0/restart_0/baseline.pt,0,"492693,348861,475253,542546",network.5.running_mean,batchnorm_buffer,64,0.03537896640671289,3.771912407017362e-07,3.771912407017362e-05
IEEE-CIS,stored_observed_update,artifacts/priority5_ieee_cis/phase53_rq1_development_gate_20260916_rerun1/development/group_0/restart_0/baseline.pt,0,"492693,348861,475253,542546",network.5.running_var,batchnorm_buffer,64,0.052476480125574376,5.594756053266074e-07,5.594756053266074e-05
IEEE-CIS,stored_observed_update,artifacts/priority5_ieee_cis/phase53_rq1_development_gate_20260916_rerun1/development/group_0/restart_0/baseline.pt,0,"492693,348861,475253,542546",network.9.running_mean,batchnorm_buffer,32,0.010695749598550894,1.1403224771843596e-07,1.1403224771843596e-05
IEEE-CIS,stored_observed_update,artifacts/priority5_ieee_cis/phase53_rq1_development_gate_20260916_rerun1/development/group_0/restart_0/baseline.pt,0,"492693,348861,475253,542546",network.9.running_var,batchnorm_buffer,32,0.019064318258577018,2.032533617409753e-07,2.032533617409753e-05
IEEE-CIS,stored_observed_update,artifacts/priority5_ieee_cis/phase53_rq1_development_gate_20260916_rerun1/development/group_1/restart_0/baseline.pt,1,"568619,176101,414794,274230",network.0.weight,parameter,22656,0.005169945850136827,5.2655866122715475e-08,5.265586612271548e-06
IEEE-CIS,stored_observed_update,artifacts/priority5_ieee_cis/phase53_rq1_development_gate_20260916_rerun1/development/group_1/restart_0/baseline.pt,1,"568619,176101,414794,274230",network.0.bias,parameter,128,1.437568627160039e-05,1.4641627469260927e-10,1.4641627469260926e-08
IEEE-CIS,stored_observed_update,artifacts/priority5_ieee_cis/phase53_rq1_development_gate_20260916_rerun1/development/group_1/restart_0/baseline.pt,1,"568619,176101,414794,274230",network.1.weight,parameter,128,0.00011000288979801098,1.1203787440370566e-09,1.1203787440370566e-07
IEEE-CIS,stored_observed_update,artifacts/priority5_ieee_cis/phase53_rq1_development_gate_20260916_rerun1/development/group_1/restart_0/baseline.pt,1,"568619,176101,414794,274230",network.1.bias,parameter,128,0.00010999977738776304,1.1203470441581631e-09,1.1203470441581632e-07
IEEE-CIS,stored_observed_update,artifacts/priority5_ieee_cis/phase53_rq1_development_gate_20260916_rerun1/development/group_1/restart_0/baseline.pt,1,"568619,176101,414794,274230",network.4.weight,parameter,8192,0.006709967186116751,6.83409737900111e-08,6.83409737900111e-06
IEEE-CIS,stored_observed_update,artifacts/priority5_ieee_cis/phase53_rq1_development_gate_20260916_rerun1/development/group_1/restart_0/baseline.pt,1,"568619,176101,414794,274230",network.4.bias,parameter,64,1.4599649222268949e-05,1.4869733594328752e-10,1.4869733594328752e-08
IEEE-CIS,stored_observed_update,artifacts/priority5_ieee_cis/phase53_rq1_development_gate_20260916_rerun1/development/group_1/restart_0/baseline.pt,1,"568619,176101,414794,274230",network.5.weight,parameter,64,6.100093275307472e-05,6.21294118258833e-10,6.21294118258833e-08
IEEE-CIS,stored_observed_update,artifacts/priority5_ieee_cis/phase53_rq1_development_gate_20260916_rerun1/development/group_1/restart_0/baseline.pt,1,"568619,176101,414794,274230",network.5.bias,parameter,64,6.099991336112407e-05,6.212837357581964e-10,6.212837357581964e-08
IEEE-CIS,stored_observed_update,artifacts/priority5_ieee_cis/phase53_rq1_development_gate_20260916_rerun1/development/group_1/restart_0/baseline.pt,1,"568619,176101,414794,274230",network.8.weight,parameter,2048,0.0019519394160398729,1.98804907343327e-08,1.98804907343327e-06
IEEE-CIS,stored_observed_update,artifacts/priority5_ieee_cis/phase53_rq1_development_gate_20260916_rerun1/development/group_1/restart_0/baseline.pt,1,"568619,176101,414794,274230",network.8.bias,parameter,32,8.06054470512481e-06,8.20965973672591e-11,8.20965973672591e-09
IEEE-CIS,stored_observed_update,artifacts/priority5_ieee_cis/phase53_rq1_development_gate_20260916_rerun1/development/group_1/restart_0/baseline.pt,1,"568619,176101,414794,274230",network.9.weight,parameter,32,3.2001202622922165e-05,3.2593204840508816e-10,3.259320484050881e-08
IEEE-CIS,stored_observed_update,artifacts/priority5_ieee_cis/phase53_rq1_development_gate_20260916_rerun1/development/group_1/restart_0/baseline.pt,1,"568619,176101,414794,274230",network.9.bias,parameter,32,3.199996182885017e-05,3.2591941092523156e-10,3.259194109252316e-08
IEEE-CIS,stored_observed_update,artifacts/priority5_ieee_cis/phase53_rq1_development_gate_20260916_rerun1/development/group_1/restart_0/baseline.pt,1,"568619,176101,414794,274230",network.12.weight,parameter,32,3.200007382045747e-05,3.259205515590509e-10,3.259205515590509e-08
IEEE-CIS,stored_observed_update,artifacts/priority5_ieee_cis/phase53_rq1_development_gate_20260916_rerun1/development/group_1/restart_0/baseline.pt,1,"568619,176101,414794,274230",network.12.bias,parameter,1,9.999966025381335e-07,1.0184959137439457e-11,1.0184959137439457e-09
IEEE-CIS,stored_observed_update,artifacts/priority5_ieee_cis/phase53_rq1_development_gate_20260916_rerun1/development/group_1/restart_0/baseline.pt,1,"568619,176101,414794,274230",network.1.running_mean,batchnorm_buffer,128,4.240469513722122,4.318915545432628e-05,0.004318915545432628
IEEE-CIS,stored_observed_update,artifacts/priority5_ieee_cis/phase53_rq1_development_gate_20260916_rerun1/development/group_1/restart_0/baseline.pt,1,"568619,176101,414794,274230",network.1.running_var,batchnorm_buffer,128,98179.3038219241,0.9999555948795523,99.99555948795523
IEEE-CIS,stored_observed_update,artifacts/priority5_ieee_cis/phase53_rq1_development_gate_20260916_rerun1/development/group_1/restart_0/baseline.pt,1,"568619,176101,414794,274230",network.5.running_mean,batchnorm_buffer,64,0.03638165289696551,3.7054690702708594e-07,3.705469070270859e-05
IEEE-CIS,stored_observed_update,artifacts/priority5_ieee_cis/phase53_rq1_development_gate_20260916_rerun1/development/group_1/restart_0/baseline.pt,1,"568619,176101,414794,274230",network.5.running_var,batchnorm_buffer,64,0.0397470721854436,4.048236814146198e-07,4.048236814146198e-05
IEEE-CIS,stored_observed_update,artifacts/priority5_ieee_cis/phase53_rq1_development_gate_20260916_rerun1/development/group_1/restart_0/baseline.pt,1,"568619,176101,414794,274230",network.9.running_mean,batchnorm_buffer,32,0.010993230055564705,1.1196597930454285e-07,1.1196597930454285e-05
IEEE-CIS,stored_observed_update,artifacts/priority5_ieee_cis/phase53_rq1_development_gate_20260916_rerun1/development/group_1/restart_0/baseline.pt,1,"568619,176101,414794,274230",network.9.running_var,batchnorm_buffer,32,0.01795804973504289,1.8290262414420815e-07,1.8290262414420813e-05
IEEE-CIS,stored_observed_update,artifacts/priority5_ieee_cis/phase53_rq1_development_gate_20260916_rerun1/development/group_2/restart_0/baseline.pt,2,"17725,410550,20687,170563",network.0.weight,parameter,22656,0.00550778526118768,5.6856039923641696e-08,5.6856039923641694e-06
IEEE-CIS,stored_observed_update,artifacts/priority5_ieee_cis/phase53_rq1_development_gate_20260916_rerun1/development/group_2/restart_0/baseline.pt,2,"17725,410550,20687,170563",network.0.bias,parameter,128,1.53831779572058e-05,1.5879823533620777e-10,1.5879823533620778e-08
IEEE-CIS,stored_observed_update,artifacts/priority5_ieee_cis/phase53_rq1_development_gate_20260916_rerun1/development/group_2/restart_0/baseline.pt,2,"17725,410550,20687,170563",network.1.weight,parameter,128,0.00010800377572550701,1.1149067535050046e-09,1.1149067535050046e-07
IEEE-CIS,stored_observed_update,artifacts/priority5_ieee_cis/phase53_rq1_development_gate_20260916_rerun1/development/group_2/restart_0/baseline.pt,2,"17725,410550,20687,170563",network.1.bias,parameter,128,0.00010799988453103691,1.1148665852889882e-09,1.1148665852889882e-07
IEEE-CIS,stored_observed_update,artifacts/priority5_ieee_cis/phase53_rq1_development_gate_20260916_rerun1/development/group_2/restart_0/baseline.pt,2,"17725,410550,20687,170563",network.4.weight,parameter,8192,0.006587976210060201,6.800668883274767e-08,6.800668883274767e-06
IEEE-CIS,stored_observed_update,artifacts/priority5_ieee_cis/phase53_rq1_development_gate_20260916_rerun1/development/group_2/restart_0/baseline.pt,2,"17725,410550,20687,170563",network.4.bias,parameter,64,1.903262832877073e-05,1.9647096333582873e-10,1.964709633358287e-08
IEEE-CIS,stored_observed_update,artifacts/priority5_ieee_cis/phase53_rq1_development_gate_20260916_rerun1/development/group_2/restart_0/baseline.pt,2,"17725,410550,20687,170563",network.5.weight,parameter,64,6.100140959119926e-05,6.297083881530545e-10,6.297083881530546e-08
IEEE-CIS,stored_observed_update,artifacts/priority5_ieee_cis/phase53_rq1_development_gate_20260916_rerun1/development/group_2/restart_0/baseline.pt,2,"17725,410550,20687,170563",network.5.bias,parameter,64,6.0999946655762206e-05,6.296932864902862e-10,6.296932864902862e-08
IEEE-CIS,stored_observed_update,artifacts/priority5_ieee_cis/phase53_rq1_development_gate_20260916_rerun1/development/group_2/restart_0/baseline.pt,2,"17725,410550,20687,170563",network.8.weight,parameter,2048,0.0019519077291942706,2.014925029128739e-08,2.014925029128739e-06
IEEE-CIS,stored_observed_update,artifacts/priority5_ieee_cis/phase53_rq1_development_gate_20260916_rerun1/development/group_2/restart_0/baseline.pt,2,"17725,410550,20687,170563",network.8.bias,parameter,32,4.935981221068121e-06,5.0953392708501936e-11,5.095339270850193e-09
IEEE-CIS,stored_observed_update,artifacts/priority5_ieee_cis/phase53_rq1_development_gate_20260916_rerun1/development/group_2/restart_0/baseline.pt,2,"17725,410550,20687,170563",network.9.weight,parameter,32,3.2001202622922165e-05,3.3034360775733425e-10,3.3034360775733425e-08
IEEE-CIS,stored_observed_update,artifacts/priority5_ieee_cis/phase53_rq1_development_gate_20260916_rerun1/development/group_2/restart_0/baseline.pt,2,"17725,410550,20687,170563",network.9.bias,parameter,32,3.199995437828394e-05,3.303307223154334e-10,3.3033072231543343e-08
IEEE-CIS,stored_observed_update,artifacts/priority5_ieee_cis/phase53_rq1_development_gate_20260916_rerun1/development/group_2/restart_0/baseline.pt,2,"17725,410550,20687,170563",network.12.weight,parameter,32,3.200007382045747e-05,3.3033195529904927e-10,3.3033195529904925e-08
IEEE-CIS,stored_observed_update,artifacts/priority5_ieee_cis/phase53_rq1_development_gate_20260916_rerun1/development/group_2/restart_0/baseline.pt,2,"17725,410550,20687,170563",network.12.bias,parameter,1,9.999966025381335e-07,1.0322814717935094e-11,1.0322814717935094e-09
IEEE-CIS,stored_observed_update,artifacts/priority5_ieee_cis/phase53_rq1_development_gate_20260916_rerun1/development/group_2/restart_0/baseline.pt,2,"17725,410550,20687,170563",network.1.running_mean,batchnorm_buffer,128,5.76423861133944,5.9503369335252766e-05,0.005950336933525277
IEEE-CIS,stored_observed_update,artifacts/priority5_ieee_cis/phase53_rq1_development_gate_20260916_rerun1/development/group_2/restart_0/baseline.pt,2,"17725,410550,20687,170563",network.1.running_var,batchnorm_buffer,128,96866.58314498047,0.9999391874203459,99.9939187420346
IEEE-CIS,stored_observed_update,artifacts/priority5_ieee_cis/phase53_rq1_development_gate_20260916_rerun1/development/group_2/restart_0/baseline.pt,2,"17725,410550,20687,170563",network.5.running_mean,batchnorm_buffer,64,0.03598702935744804,3.714886984245137e-07,3.714886984245137e-05
IEEE-CIS,stored_observed_update,artifacts/priority5_ieee_cis/phase53_rq1_development_gate_20260916_rerun1/development/group_2/restart_0/baseline.pt,2,"17725,410550,20687,170563",network.5.running_var,batchnorm_buffer,64,0.04820624663980766,4.976258429746409e-07,4.976258429746409e-05
IEEE-CIS,stored_observed_update,artifacts/priority5_ieee_cis/phase53_rq1_development_gate_20260916_rerun1/development/group_2/restart_0/baseline.pt,2,"17725,410550,20687,170563",network.9.running_mean,batchnorm_buffer,32,0.00960221416974972,9.912221452020129e-08,9.912221452020129e-06
IEEE-CIS,stored_observed_update,artifacts/priority5_ieee_cis/phase53_rq1_development_gate_20260916_rerun1/development/group_2/restart_0/baseline.pt,2,"17725,410550,20687,170563",network.9.running_var,batchnorm_buffer,32,0.018508925455308578,1.910648572387894e-07,1.910648572387894e-05
IEEE-CIS,stored_observed_update,artifacts/priority5_ieee_cis/phase53_rq1_development_gate_20260916_rerun1/development/group_3/restart_0/baseline.pt,3,"145251,455393,357599,113476",network.0.weight,parameter,22656,0.005193913936620136,5.283775991990692e-08,5.283775991990692e-06
IEEE-CIS,stored_observed_update,artifacts/priority5_ieee_cis/phase53_rq1_development_gate_20260916_rerun1/development/group_3/restart_0/baseline.pt,3,"145251,455393,357599,113476",network.0.bias,parameter,128,2.0732387189892443e-05,2.1091086804163348e-10,2.1091086804163347e-08
IEEE-CIS,stored_observed_update,artifacts/priority5_ieee_cis/phase53_rq1_development_gate_20260916_rerun1/development/group_3/restart_0/baseline.pt,3,"145251,455393,357599,113476",network.1.weight,parameter,128,0.00010600394643489608,1.0783796459928423e-09,1.0783796459928423e-07
IEEE-CIS,stored_observed_update,artifacts/priority5_ieee_cis/phase53_rq1_development_gate_20260916_rerun1/development/group_3/restart_0/baseline.pt,3,"145251,455393,357599,113476",network.1.bias,parameter,128,0.00010599985034833196,1.0783379764463063e-09,1.0783379764463063e-07
IEEE-CIS,stored_observed_update,artifacts/priority5_ieee_cis/phase53_rq1_development_gate_20260916_rerun1/development/group_3/restart_0/baseline.pt,3,"145251,455393,357599,113476",network.4.weight,parameter,8192,0.006147986934737842,6.254355802048412e-08,6.254355802048412e-06
IEEE-CIS,stored_observed_update,artifacts/priority5_ieee_cis/phase53_rq1_development_gate_20260916_rerun1/development/group_3/restart_0/baseline.pt,3,"145251,455393,357599,113476",network.4.bias,parameter,64,2.407464020067829e-05,2.4491165518028346e-10,2.4491165518028347e-08
IEEE-CIS,stored_observed_update,artifacts/priority5_ieee_cis/phase53_rq1_development_gate_20260916_rerun1/development/group_3/restart_0/baseline.pt,3,"145251,455393,357599,113476",network.5.weight,parameter,64,5.8000414043135606e-05,5.900390321947939e-10,5.900390321947939e-08
IEEE-CIS,stored_observed_update,artifacts/priority5_ieee_cis/phase53_rq1_development_gate_20260916_rerun1/development/group_3/restart_0/baseline.pt,3,"145251,455393,357599,113476",network.5.bias,parameter,64,5.799986697786076e-05,5.900334668920173e-10,5.9003346689201725e-08
IEEE-CIS,stored_observed_update,artifacts/priority5_ieee_cis/phase53_rq1_development_gate_20260916_rerun1/development/group_3/restart_0/baseline.pt,3,"145251,455393,357599,113476",network.8.weight,parameter,2048,0.001855959372657378,1.8880700941568894e-08,1.8880700941568895e-06
IEEE-CIS,stored_observed_update,artifacts/priority5_ieee_cis/phase53_rq1_development_gate_20260916_rerun1/development/group_3/restart_0/baseline.pt,3,"145251,455393,357599,113476",network.8.bias,parameter,32,8.997457627058164e-06,9.153126366537331e-11,9.153126366537331e-09
IEEE-CIS,stored_observed_update,artifacts/priority5_ieee_cis/phase53_rq1_development_gate_20260916_rerun1/development/group_3/restart_0/baseline.pt,3,"145251,455393,357599,113476",network.9.weight,parameter,32,3.200108341161467e-05,3.2554747404615606e-10,3.2554747404615607e-08
IEEE-CIS,stored_observed_update,artifacts/priority5_ieee_cis/phase53_rq1_development_gate_20260916_rerun1/development/group_3/restart_0/baseline.pt,3,"145251,455393,357599,113476",network.9.bias,parameter,32,3.199996881376046e-05,3.255361352264246e-10,3.2553613522642464e-08
IEEE-CIS,stored_observed_update,artifacts/priority5_ieee_cis/phase53_rq1_development_gate_20260916_rerun1/development/group_3/restart_0/baseline.pt,3,"145251,455393,357599,113476",network.12.weight,parameter,32,3.200007382045747e-05,3.2553720346103807e-10,3.255372034610381e-08
IEEE-CIS,stored_observed_update,artifacts/priority5_ieee_cis/phase53_rq1_development_gate_20260916_rerun1/development/group_3/restart_0/baseline.pt,3,"145251,455393,357599,113476",network.12.bias,parameter,1,9.999966025381335e-07,1.0172979577712403e-11,1.0172979577712404e-09
IEEE-CIS,stored_observed_update,artifacts/priority5_ieee_cis/phase53_rq1_development_gate_20260916_rerun1/development/group_3/restart_0/baseline.pt,3,"145251,455393,357599,113476",network.1.running_mean,batchnorm_buffer,128,4.901897937348645,4.986707703017093e-05,0.004986707703017092
IEEE-CIS,stored_observed_update,artifacts/priority5_ieee_cis/phase53_rq1_development_gate_20260916_rerun1/development/group_3/restart_0/baseline.pt,3,"145251,455393,357599,113476",network.1.running_var,batchnorm_buffer,128,98294.23282722087,0.9999486204455325,99.99486204455324
IEEE-CIS,stored_observed_update,artifacts/priority5_ieee_cis/phase53_rq1_development_gate_20260916_rerun1/development/group_3/restart_0/baseline.pt,3,"145251,455393,357599,113476",network.5.running_mean,batchnorm_buffer,64,0.03537522495845248,3.5987266371297096e-07,3.5987266371297096e-05
IEEE-CIS,stored_observed_update,artifacts/priority5_ieee_cis/phase53_rq1_development_gate_20260916_rerun1/development/group_3/restart_0/baseline.pt,3,"145251,455393,357599,113476",network.5.running_var,batchnorm_buffer,64,0.06454155532758765,6.565821549741782e-07,6.565821549741782e-05
IEEE-CIS,stored_observed_update,artifacts/priority5_ieee_cis/phase53_rq1_development_gate_20260916_rerun1/development/group_3/restart_0/baseline.pt,3,"145251,455393,357599,113476",network.9.running_mean,batchnorm_buffer,32,0.014726258495106209,1.4981043590207244e-07,1.4981043590207244e-05
IEEE-CIS,stored_observed_update,artifacts/priority5_ieee_cis/phase53_rq1_development_gate_20260916_rerun1/development/group_3/restart_0/baseline.pt,3,"145251,455393,357599,113476",network.9.running_var,batchnorm_buffer,32,0.020355739535267148,2.0707922612527977e-07,2.070792261252798e-05
IEEE-CIS,stored_observed_update,artifacts/priority5_ieee_cis/phase53_rq1_development_gate_20260916_rerun1/development/group_4/restart_0/baseline.pt,4,"363098,24146,41094,241137",network.0.weight,parameter,22656,0.00479515443858846,4.868330916854387e-08,4.868330916854387e-06
IEEE-CIS,stored_observed_update,artifacts/priority5_ieee_cis/phase53_rq1_development_gate_20260916_rerun1/development/group_4/restart_0/baseline.pt,4,"363098,24146,41094,241137",network.0.bias,parameter,128,4.318233133942551e-05,4.384131552256304e-10,4.384131552256304e-08
IEEE-CIS,stored_observed_update,artifacts/priority5_ieee_cis/phase53_rq1_development_gate_20260916_rerun1/development/group_4/restart_0/baseline.pt,4,"363098,24146,41094,241137",network.1.weight,parameter,128,0.00010800365652130495,1.0965184686121784e-09,1.0965184686121783e-07
IEEE-CIS,stored_observed_update,artifacts/priority5_ieee_cis/phase53_rq1_development_gate_20260916_rerun1/development/group_4/restart_0/baseline.pt,4,"363098,24146,41094,241137",network.1.bias,parameter,128,0.00010799987987527407,1.0964801258166133e-09,1.0964801258166133e-07
IEEE-CIS,stored_observed_update,artifacts/priority5_ieee_cis/phase53_rq1_development_gate_20260916_rerun1/development/group_4/restart_0/baseline.pt,4,"363098,24146,41094,241137",network.4.weight,parameter,8192,0.006371983889370845,6.469223581348032e-08,6.469223581348032e-06
IEEE-CIS,stored_observed_update,artifacts/priority5_ieee_cis/phase53_rq1_development_gate_20260916_rerun1/development/group_4/restart_0/baseline.pt,4,"363098,24146,41094,241137",network.4.bias,parameter,64,2.251497056773318e-05,2.285856038856337e-10,2.285856038856337e-08
IEEE-CIS,stored_observed_update,artifacts/priority5_ieee_cis/phase53_rq1_development_gate_20260916_rerun1/development/group_4/restart_0/baseline.pt,4,"363098,24146,41094,241137",network.5.weight,parameter,64,5.900158030058833e-05,5.99019742115282e-10,5.99019742115282e-08
IEEE-CIS,stored_observed_update,artifacts/priority5_ieee_cis/phase53_rq1_development_gate_20260916_rerun1/development/group_4/restart_0/baseline.pt,4,"363098,24146,41094,241137",network.5.bias,parameter,64,5.89999725427581e-05,5.990034191850157e-10,5.990034191850157e-08
IEEE-CIS,stored_observed_update,artifacts/priority5_ieee_cis/phase53_rq1_development_gate_20260916_rerun1/development/group_4/restart_0/baseline.pt,4,"363098,24146,41094,241137",network.8.weight,parameter,2048,0.0017699897599155966,1.7970006974893828e-08,1.7970006974893828e-06
IEEE-CIS,stored_observed_update,artifacts/priority5_ieee_cis/phase53_rq1_development_gate_20260916_rerun1/development/group_4/restart_0/baseline.pt,4,"363098,24146,41094,241137",network.8.bias,parameter,32,6.580614588378624e-06,6.681038090180306e-11,6.681038090180306e-09
IEEE-CIS,stored_observed_update,artifacts/priority5_ieee_cis/phase53_rq1_development_gate_20260916_rerun1/development/group_4/restart_0/baseline.pt,4,"363098,24146,41094,241137",network.9.weight,parameter,32,3.000125412100374e-05,3.045908840939893e-10,3.0459088409398926e-08
IEEE-CIS,stored_observed_update,artifacts/priority5_ieee_cis/phase53_rq1_development_gate_20260916_rerun1/development/group_4/restart_0/baseline.pt,4,"363098,24146,41094,241137",network.9.bias,parameter,32,2.999996396716276e-05,3.0457778567158815e-10,3.045777856715882e-08
IEEE-CIS,stored_observed_update,artifacts/priority5_ieee_cis/phase53_rq1_development_gate_20260916_rerun1/development/group_4/restart_0/baseline.pt,4,"363098,24146,41094,241137",network.12.weight,parameter,32,3.0000069439511945e-05,3.045788564906931e-10,3.045788564906931e-08
IEEE-CIS,stored_observed_update,artifacts/priority5_ieee_cis/phase53_rq1_development_gate_20260916_rerun1/development/group_4/restart_0/baseline.pt,4,"363098,24146,41094,241137",network.12.bias,parameter,1,9.999966025381335e-07,1.0152570556869946e-11,1.0152570556869947e-09
IEEE-CIS,stored_observed_update,artifacts/priority5_ieee_cis/phase53_rq1_development_gate_20260916_rerun1/development/group_4/restart_0/baseline.pt,4,"363098,24146,41094,241137",network.1.running_mean,batchnorm_buffer,128,4.6146196332081315,4.685041059174628e-05,0.004685041059174628
IEEE-CIS,stored_observed_update,artifacts/priority5_ieee_cis/phase53_rq1_development_gate_20260916_rerun1/development/group_4/restart_0/baseline.pt,4,"363098,24146,41094,241137",network.1.running_var,batchnorm_buffer,128,98492.14313968585,0.999951829821205,99.9951829821205
IEEE-CIS,stored_observed_update,artifacts/priority5_ieee_cis/phase53_rq1_development_gate_20260916_rerun1/development/group_4/restart_0/baseline.pt,4,"363098,24146,41094,241137",network.5.running_mean,batchnorm_buffer,64,0.03366914710978322,3.41829552974579e-07,3.41829552974579e-05
IEEE-CIS,stored_observed_update,artifacts/priority5_ieee_cis/phase53_rq1_development_gate_20260916_rerun1/development/group_4/restart_0/baseline.pt,4,"363098,24146,41094,241137",network.5.running_var,batchnorm_buffer,64,0.047961921552306386,4.869384469576568e-07,4.869384469576568e-05
IEEE-CIS,stored_observed_update,artifacts/priority5_ieee_cis/phase53_rq1_development_gate_20260916_rerun1/development/group_4/restart_0/baseline.pt,4,"363098,24146,41094,241137",network.9.running_mean,batchnorm_buffer,32,0.010010088011370497,1.0162847009476863e-07,1.0162847009476863e-05
IEEE-CIS,stored_observed_update,artifacts/priority5_ieee_cis/phase53_rq1_development_gate_20260916_rerun1/development/group_4/restart_0/baseline.pt,4,"363098,24146,41094,241137",network.9.running_var,batchnorm_buffer,32,0.024917491519736323,2.529774502355718e-07,2.5297745023557182e-05
IEEE-CIS,stored_observed_update,artifacts/priority5_ieee_cis/phase53_rq1_development_gate_20260916_rerun1/development/group_5/restart_0/baseline.pt,5,"406389,394873,531563,343568",network.0.weight,parameter,22656,0.004949222610244823,5.4096934264075826e-08,5.409693426407583e-06
IEEE-CIS,stored_observed_update,artifacts/priority5_ieee_cis/phase53_rq1_development_gate_20260916_rerun1/development/group_5/restart_0/baseline.pt,5,"406389,394873,531563,343568",network.0.bias,parameter,128,5.1758180267178465e-06,5.6573710581250945e-11,5.657371058125095e-09
IEEE-CIS,stored_observed_update,artifacts/priority5_ieee_cis/phase53_rq1_development_gate_20260916_rerun1/development/group_5/restart_0/baseline.pt,5,"406389,394873,531563,343568",network.1.weight,parameter,128,0.00010500325693030277,1.1477265694038893e-09,1.1477265694038894e-07
IEEE-CIS,stored_observed_update,artifacts/priority5_ieee_cis/phase53_rq1_development_gate_20260916_rerun1/development/group_5/restart_0/baseline.pt,5,"406389,394873,531563,343568",network.1.bias,parameter,128,0.00010499966749156358,1.147687335437909e-09,1.147687335437909e-07
IEEE-CIS,stored_observed_update,artifacts/priority5_ieee_cis/phase53_rq1_development_gate_20260916_rerun1/development/group_5/restart_0/baseline.pt,5,"406389,394873,531563,343568",network.4.weight,parameter,8192,0.006089972278363064,6.65657732450135e-08,6.656577324501351e-06
IEEE-CIS,stored_observed_update,artifacts/priority5_ieee_cis/phase53_rq1_development_gate_20260916_rerun1/development/group_5/restart_0/baseline.pt,5,"406389,394873,531563,343568",network.4.bias,parameter,64,1.735571754719607e-05,1.897047648075157e-10,1.897047648075157e-08
IEEE-CIS,stored_observed_update,artifacts/priority5_ieee_cis/phase53_rq1_development_gate_20260916_rerun1/development/group_5/restart_0/baseline.pt,5,"406389,394873,531563,343568",network.5.weight,parameter,64,5.800100999309166e-05,6.339736706025985e-10,6.339736706025986e-08
IEEE-CIS,stored_observed_update,artifacts/priority5_ieee_cis/phase53_rq1_development_gate_20260916_rerun1/development/group_5/restart_0/baseline.pt,5,"406389,394873,531563,343568",network.5.bias,parameter,64,5.799996127189646e-05,6.339622076707352e-10,6.339622076707351e-08
IEEE-CIS,stored_observed_update,artifacts/priority5_ieee_cis/phase53_rq1_development_gate_20260916_rerun1/development/group_5/restart_0/baseline.pt,5,"406389,394873,531563,343568",network.8.weight,parameter,2048,0.0017979869906621488,1.9652699363365743e-08,1.9652699363365743e-06
IEEE-CIS,stored_observed_update,artifacts/priority5_ieee_cis/phase53_rq1_development_gate_20260916_rerun1/development/group_5/restart_0/baseline.pt,5,"406389,394873,531563,343568",network.8.bias,parameter,32,6.250506967059007e-06,6.832048003139075e-11,6.832048003139075e-09
IEEE-CIS,stored_observed_update,artifacts/priority5_ieee_cis/phase53_rq1_development_gate_20260916_rerun1/development/group_5/restart_0/baseline.pt,5,"406389,394873,531563,343568",network.9.weight,parameter,32,3.100110916065546e-05,3.388542194295152e-10,3.388542194295152e-08
IEEE-CIS,stored_observed_update,artifacts/priority5_ieee_cis/phase53_rq1_development_gate_20260916_rerun1/development/group_5/restart_0/baseline.pt,5,"406389,394873,531563,343568",network.9.bias,parameter,32,3.099995568029191e-05,3.388416114390658e-10,3.388416114390658e-08
IEEE-CIS,stored_observed_update,artifacts/priority5_ieee_cis/phase53_rq1_development_gate_20260916_rerun1/development/group_5/restart_0/baseline.pt,5,"406389,394873,531563,343568",network.12.weight,parameter,32,3.1000073492631897e-05,3.38842899173911e-10,3.38842899173911e-08
IEEE-CIS,stored_observed_update,artifacts/priority5_ieee_cis/phase53_rq1_development_gate_20260916_rerun1/development/group_5/restart_0/baseline.pt,5,"406389,394873,531563,343568",network.12.bias,parameter,1,9.999966025381335e-07,1.0930353053795769e-11,1.093035305379577e-09
IEEE-CIS,stored_observed_update,artifacts/priority5_ieee_cis/phase53_rq1_development_gate_20260916_rerun1/development/group_5/restart_0/baseline.pt,5,"406389,394873,531563,343568",network.1.running_mean,batchnorm_buffer,128,5.789963752349224,6.328656299554159e-05,0.006328656299554159
IEEE-CIS,stored_observed_update,artifacts/priority5_ieee_cis/phase53_rq1_development_gate_20260916_rerun1/development/group_5/restart_0/baseline.pt,5,"406389,394873,531563,343568",network.1.running_var,batchnorm_buffer,128,91482.13042104925,0.9999353808577839,99.99353808577838
IEEE-CIS,stored_observed_update,artifacts/priority5_ieee_cis/phase53_rq1_development_gate_20260916_rerun1/development/group_5/restart_0/baseline.pt,5,"406389,394873,531563,343568",network.5.running_mean,batchnorm_buffer,64,0.024393140805645287,2.66626546950181e-07,2.6662654695018098e-05
IEEE-CIS,stored_observed_update,artifacts/priority5_ieee_cis/phase53_rq1_development_gate_20260916_rerun1/development/group_5/restart_0/baseline.pt,5,"406389,394873,531563,343568",network.5.running_var,batchnorm_buffer,64,0.05608069595225462,6.129838888501054e-07,6.129838888501055e-05
IEEE-CIS,stored_observed_update,artifacts/priority5_ieee_cis/phase53_rq1_development_gate_20260916_rerun1/development/group_5/restart_0/baseline.pt,5,"406389,394873,531563,343568",network.9.running_mean,batchnorm_buffer,32,0.013844860755793985,1.5132973017845753e-07,1.5132973017845753e-05
IEEE-CIS,stored_observed_update,artifacts/priority5_ieee_cis/phase53_rq1_development_gate_20260916_rerun1/development/group_5/restart_0/baseline.pt,5,"406389,394873,531563,343568",network.9.running_var,batchnorm_buffer,32,0.014310397633671812,1.5641822990120775e-07,1.5641822990120776e-05
IEEE-CIS,stored_observed_update,artifacts/priority5_ieee_cis/phase53_rq1_development_gate_20260916_rerun1/development/group_6/restart_0/baseline.pt,6,"372252,278925,440532,446090",network.0.weight,parameter,22656,0.006031878744525028,8.872777139695109e-08,8.87277713969511e-06
IEEE-CIS,stored_observed_update,artifacts/priority5_ieee_cis/phase53_rq1_development_gate_20260916_rerun1/development/group_6/restart_0/baseline.pt,6,"372252,278925,440532,446090",network.0.bias,parameter,128,3.73110441903159e-06,5.4883825416828266e-11,5.488382541682827e-09
IEEE-CIS,stored_observed_update,artifacts/priority5_ieee_cis/phase53_rq1_development_gate_20260916_rerun1/development/group_6/restart_0/baseline.pt,6,"372252,278925,440532,446090",network.1.weight,parameter,128,0.00011600404657841068,1.7063971213401738e-09,1.7063971213401738e-07
IEEE-CIS,stored_observed_update,artifacts/priority5_ieee_cis/phase53_rq1_development_gate_20260916_rerun1/development/group_6/restart_0/baseline.pt,6,"372252,278925,440532,446090",network.1.bias,parameter,128,0.00011599994303287663,1.7063367589778843e-09,1.7063367589778844e-07
IEEE-CIS,stored_observed_update,artifacts/priority5_ieee_cis/phase53_rq1_development_gate_20260916_rerun1/development/group_6/restart_0/baseline.pt,6,"372252,278925,440532,446090",network.4.weight,parameter,8192,0.006495981086586196,9.555462721671865e-08,9.555462721671866e-06
IEEE-CIS,stored_observed_update,artifacts/priority5_ieee_cis/phase53_rq1_development_gate_20260916_rerun1/development/group_6/restart_0/baseline.pt,6,"372252,278925,440532,446090",network.4.bias,parameter,64,2.236031213210312e-05,3.2891587302256743e-10,3.2891587302256744e-08
IEEE-CIS,stored_observed_update,artifacts/priority5_ieee_cis/phase53_rq1_development_gate_20260916_rerun1/development/group_6/restart_0/baseline.pt,6,"372252,278925,440532,446090",network.5.weight,parameter,64,5.600106149117323e-05,8.237647990662128e-10,8.237647990662128e-08
IEEE-CIS,stored_observed_update,artifacts/priority5_ieee_cis/phase53_rq1_development_gate_20260916_rerun1/development/group_6/restart_0/baseline.pt,6,"372252,278925,440532,446090",network.5.bias,parameter,64,5.59999713264502e-05,8.237487629536801e-10,8.237487629536801e-08
IEEE-CIS,stored_observed_update,artifacts/priority5_ieee_cis/phase53_rq1_development_gate_20260916_rerun1/development/group_6/restart_0/baseline.pt,6,"372252,278925,440532,446090",network.8.weight,parameter,2048,0.0017888680702738164,2.6313903830150448e-08,2.631390383015045e-06
IEEE-CIS,stored_observed_update,artifacts/priority5_ieee_cis/phase53_rq1_development_gate_20260916_rerun1/development/group_6/restart_0/baseline.pt,6,"372252,278925,440532,446090",network.8.bias,parameter,32,4.580787398324182e-06,6.738249794319218e-11,6.738249794319218e-09
IEEE-CIS,stored_observed_update,artifacts/priority5_ieee_cis/phase53_rq1_development_gate_20260916_rerun1/development/group_6/restart_0/baseline.pt,6,"372252,278925,440532,446090",network.9.weight,parameter,32,3.200096420030718e-05,4.707280030494801e-10,4.707280030494801e-08
IEEE-CIS,stored_observed_update,artifacts/priority5_ieee_cis/phase53_rq1_development_gate_20260916_rerun1/development/group_6/restart_0/baseline.pt,6,"372252,278925,440532,446090",network.9.bias,parameter,32,3.199995787074567e-05,4.707132001359824e-10,4.707132001359824e-08
IEEE-CIS,stored_observed_update,artifacts/priority5_ieee_cis/phase53_rq1_development_gate_20260916_rerun1/development/group_6/restart_0/baseline.pt,6,"372252,278925,440532,446090",network.12.weight,parameter,32,3.200007382045747e-05,4.707149057338496e-10,4.7071490573384954e-08
IEEE-CIS,stored_observed_update,artifacts/priority5_ieee_cis/phase53_rq1_development_gate_20260916_rerun1/development/group_6/restart_0/baseline.pt,6,"372252,278925,440532,446090",network.12.bias,parameter,1,9.999966025381335e-07,1.470975689427888e-11,1.4709756894278882e-09
IEEE-CIS,stored_observed_update,artifacts/priority5_ieee_cis/phase53_rq1_development_gate_20260916_rerun1/development/group_6/restart_0/baseline.pt,6,"372252,278925,440532,446090",network.1.running_mean,batchnorm_buffer,128,50.92047156574259,0.0007490303024760033,0.07490303024760032
IEEE-CIS,stored_observed_update,artifacts/priority5_ieee_cis/phase53_rq1_development_gate_20260916_rerun1/development/group_6/restart_0/baseline.pt,6,"372252,278925,440532,446090",network.1.running_var,batchnorm_buffer,128,67930.78990417873,0.9992488000364965,99.92488000364965
IEEE-CIS,stored_observed_update,artifacts/priority5_ieee_cis/phase53_rq1_development_gate_20260916_rerun1/development/group_6/restart_0/baseline.pt,6,"372252,278925,440532,446090",network.5.running_mean,batchnorm_buffer,64,0.03919693892004066,5.765794014202257e-07,5.765794014202257e-05
IEEE-CIS,stored_observed_update,artifacts/priority5_ieee_cis/phase53_rq1_development_gate_20260916_rerun1/development/group_6/restart_0/baseline.pt,6,"372252,278925,440532,446090",network.5.running_var,batchnorm_buffer,64,0.05369970875350116,7.899123447546509e-07,7.899123447546509e-05
IEEE-CIS,stored_observed_update,artifacts/priority5_ieee_cis/phase53_rq1_development_gate_20260916_rerun1/development/group_6/restart_0/baseline.pt,6,"372252,278925,440532,446090",network.9.running_mean,batchnorm_buffer,32,0.012876289943552166,1.894077382754683e-07,1.894077382754683e-05
IEEE-CIS,stored_observed_update,artifacts/priority5_ieee_cis/phase53_rq1_development_gate_20260916_rerun1/development/group_6/restart_0/baseline.pt,6,"372252,278925,440532,446090",network.9.running_var,batchnorm_buffer,32,0.02693624386821547,3.962269451123962e-07,3.962269451123962e-05
IEEE-CIS,stored_observed_update,artifacts/priority5_ieee_cis/phase53_rq1_development_gate_20260916_rerun1/development/group_7/restart_0/baseline.pt,7,"60711,480278,236849,427834",network.0.weight,parameter,22656,0.005206687841738123,6.177488587995979e-08,6.177488587995979e-06
IEEE-CIS,stored_observed_update,artifacts/priority5_ieee_cis/phase53_rq1_development_gate_20260916_rerun1/development/group_7/restart_0/baseline.pt,7,"60711,480278,236849,427834",network.0.bias,parameter,128,1.2758894764717453e-05,1.5137824505755715e-10,1.5137824505755716e-08
IEEE-CIS,stored_observed_update,artifacts/priority5_ieee_cis/phase53_rq1_development_gate_20260916_rerun1/development/group_7/restart_0/baseline.pt,7,"60711,480278,236849,427834",network.1.weight,parameter,128,0.00010600275432892659,1.2576724878987296e-09,1.2576724878987296e-07
IEEE-CIS,stored_observed_update,artifacts/priority5_ieee_cis/phase53_rq1_development_gate_20260916_rerun1/development/group_7/restart_0/baseline.pt,7,"60711,480278,236849,427834",network.1.bias,parameter,128,0.00010599980029232484,1.2576374396531838e-09,1.2576374396531838e-07
IEEE-CIS,stored_observed_update,artifacts/priority5_ieee_cis/phase53_rq1_development_gate_20260916_rerun1/development/group_7/restart_0/baseline.pt,7,"60711,480278,236849,427834",network.4.weight,parameter,8192,0.00635999128576536,7.545828515514347e-08,7.545828515514347e-06
IEEE-CIS,stored_observed_update,artifacts/priority5_ieee_cis/phase53_rq1_development_gate_20260916_rerun1/development/group_7/restart_0/baseline.pt,7,"60711,480278,236849,427834",network.4.bias,parameter,64,2.8560112089620366e-05,3.388522067545711e-10,3.3885220675457106e-08
IEEE-CIS,stored_observed_update,artifacts/priority5_ieee_cis/phase53_rq1_development_gate_20260916_rerun1/development/group_7/restart_0/baseline.pt,7,"60711,480278,236849,427834",network.5.weight,parameter,64,6.000131612893256e-05,7.118872052976488e-10,7.118872052976488e-08
IEEE-CIS,stored_observed_update,artifacts/priority5_ieee_cis/phase53_rq1_development_gate_20260916_rerun1/development/group_7/restart_0/baseline.pt,7,"60711,480278,236849,427834",network.5.bias,parameter,64,5.9999978691347995e-05,7.118713372339835e-10,7.118713372339836e-08
IEEE-CIS,stored_observed_update,artifacts/priority5_ieee_cis/phase53_rq1_development_gate_20260916_rerun1/development/group_7/restart_0/baseline.pt,7,"60711,480278,236849,427834",network.8.weight,parameter,2048,0.001919880238965944,2.277846997367127e-08,2.277846997367127e-06
IEEE-CIS,stored_observed_update,artifacts/priority5_ieee_cis/phase53_rq1_development_gate_20260916_rerun1/development/group_7/restart_0/baseline.pt,7,"60711,480278,236849,427834",network.8.bias,parameter,32,1.3451323132724182e-05,1.5959357977971388e-10,1.595935797797139e-08
IEEE-CIS,stored_observed_update,artifacts/priority5_ieee_cis/phase53_rq1_development_gate_20260916_rerun1/development/group_7/restart_0/baseline.pt,7,"60711,480278,236849,427834",network.9.weight,parameter,32,3.200084498899969e-05,3.7967487342160637e-10,3.796748734216064e-08
IEEE-CIS,stored_observed_update,artifacts/priority5_ieee_cis/phase53_rq1_development_gate_20260916_rerun1/development/group_7/restart_0/baseline.pt,7,"60711,480278,236849,427834",network.9.bias,parameter,32,3.199996741677762e-05,3.7966446144272115e-10,3.796644614427211e-08
IEEE-CIS,stored_observed_update,artifacts/priority5_ieee_cis/phase53_rq1_development_gate_20260916_rerun1/development/group_7/restart_0/baseline.pt,7,"60711,480278,236849,427834",network.12.weight,parameter,32,3.200006636987565e-05,3.7966563547437514e-10,3.7966563547437514e-08
IEEE-CIS,stored_observed_update,artifacts/priority5_ieee_cis/phase53_rq1_development_gate_20260916_rerun1/development/group_7/restart_0/baseline.pt,7,"60711,480278,236849,427834",network.12.bias,parameter,1,9.999966025381335e-07,1.186448619157448e-11,1.1864486191574481e-09
IEEE-CIS,stored_observed_update,artifacts/priority5_ieee_cis/phase53_rq1_development_gate_20260916_rerun1/development/group_7/restart_0/baseline.pt,7,"60711,480278,236849,427834",network.1.running_mean,batchnorm_buffer,128,7.550471294328591,8.958276676547504e-05,0.008958276676547505
IEEE-CIS,stored_observed_update,artifacts/priority5_ieee_cis/phase53_rq1_development_gate_20260916_rerun1/development/group_7/restart_0/baseline.pt,7,"60711,480278,236849,427834",network.1.running_var,batchnorm_buffer,128,84277.1759189773,0.9999087871075737,99.99087871075737
IEEE-CIS,stored_observed_update,artifacts/priority5_ieee_cis/phase53_rq1_development_gate_20260916_rerun1/development/group_7/restart_0/baseline.pt,7,"60711,480278,236849,427834",network.5.running_mean,batchnorm_buffer,64,0.03531157901801961,4.1895516504618185e-07,4.189551650461819e-05
IEEE-CIS,stored_observed_update,artifacts/priority5_ieee_cis/phase53_rq1_development_gate_20260916_rerun1/development/group_7/restart_0/baseline.pt,7,"60711,480278,236849,427834",network.5.running_var,batchnorm_buffer,64,0.054349916726959435,6.448360273260462e-07,6.448360273260462e-05
IEEE-CIS,stored_observed_update,artifacts/priority5_ieee_cis/phase53_rq1_development_gate_20260916_rerun1/development/group_7/restart_0/baseline.pt,7,"60711,480278,236849,427834",network.9.running_mean,batchnorm_buffer,32,0.009912588193353057,1.1760816531205842e-07,1.1760816531205842e-05
IEEE-CIS,stored_observed_update,artifacts/priority5_ieee_cis/phase53_rq1_development_gate_20260916_rerun1/development/group_7/restart_0/baseline.pt,7,"60711,480278,236849,427834",network.9.running_var,batchnorm_buffer,32,0.023850500904103455,2.8297490003530215e-07,2.8297490003530214e-05
IEEE-CIS,recomputed_from_saved_ieee_bundle_priority6_n24,artifacts/priority6_sota_attackers/targets_ieee_n24/ieee_priority6_bundle.pt,0,"585396,564388,320567,348449",network.0.weight,parameter,23168,0.005564179395600029,1.6942209191161808e-08,1.6942209191161807e-06
IEEE-CIS,recomputed_from_saved_ieee_bundle_priority6_n24,artifacts/priority6_sota_attackers/targets_ieee_n24/ieee_priority6_bundle.pt,0,"585396,564388,320567,348449",network.0.bias,parameter,128,4.083548947541068e-06,1.243388028903204e-11,1.243388028903204e-09
IEEE-CIS,recomputed_from_saved_ieee_bundle_priority6_n24,artifacts/priority6_sota_attackers/targets_ieee_n24/ieee_priority6_bundle.pt,0,"585396,564388,320567,348449",network.1.weight,parameter,128,0.00010500313770478442,3.197210223181501e-10,3.197210223181501e-08
IEEE-CIS,recomputed_from_saved_ieee_bundle_priority6_n24,artifacts/priority6_sota_attackers/targets_ieee_n24/ieee_priority6_bundle.pt,0,"585396,564388,320567,348449",network.1.bias,parameter,128,0.00010499996969477057,3.1971137613592655e-10,3.1971137613592655e-08
IEEE-CIS,recomputed_from_saved_ieee_bundle_priority6_n24,artifacts/priority6_sota_attackers/targets_ieee_n24/ieee_priority6_bundle.pt,0,"585396,564388,320567,348449",network.4.weight,parameter,8192,0.006194990318230402,1.8862947156534522e-08,1.8862947156534523e-06
IEEE-CIS,recomputed_from_saved_ieee_bundle_priority6_n24,artifacts/priority6_sota_attackers/targets_ieee_n24/ieee_priority6_bundle.pt,0,"585396,564388,320567,348449",network.4.bias,parameter,64,2.1541457953349913e-05,6.55909633713228e-11,6.5590963371322794e-09
IEEE-CIS,recomputed_from_saved_ieee_bundle_priority6_n24,artifacts/priority6_sota_attackers/targets_ieee_n24/ieee_priority6_bundle.pt,0,"585396,564388,320567,348449",network.5.weight,parameter,64,5.9001461096386265e-05,1.7965184538615598e-10,1.7965184538615597e-08
IEEE-CIS,recomputed_from_saved_ieee_bundle_priority6_n24,artifacts/priority6_sota_attackers/targets_ieee_n24/ieee_priority6_bundle.pt,0,"585396,564388,320567,348449",network.5.bias,parameter,64,5.899996532501587e-05,1.796472909550966e-10,1.796472909550966e-08
IEEE-CIS,recomputed_from_saved_ieee_bundle_priority6_n24,artifacts/priority6_sota_attackers/targets_ieee_n24/ieee_priority6_bundle.pt,0,"585396,564388,320567,348449",network.8.weight,parameter,2048,0.0017699823252681484,5.389368078797933e-09,5.389368078797934e-07
IEEE-CIS,recomputed_from_saved_ieee_bundle_priority6_n24,artifacts/priority6_sota_attackers/targets_ieee_n24/ieee_priority6_bundle.pt,0,"585396,564388,320567,348449",network.8.bias,parameter,32,9.634266830293873e-06,2.9335100908389794e-11,2.9335100908389794e-09
IEEE-CIS,recomputed_from_saved_ieee_bundle_priority6_n24,artifacts/priority6_sota_attackers/targets_ieee_n24/ieee_priority6_bundle.pt,0,"585396,564388,320567,348449",network.9.weight,parameter,32,3.000077727577377e-05,9.134850053640317e-11,9.134850053640317e-09
IEEE-CIS,recomputed_from_saved_ieee_bundle_priority6_n24,artifacts/priority6_sota_attackers/targets_ieee_n24/ieee_priority6_bundle.pt,0,"585396,564388,320567,348449",network.9.bias,parameter,32,2.9999973047544458e-05,9.134605176508763e-11,9.134605176508762e-09
IEEE-CIS,recomputed_from_saved_ieee_bundle_priority6_n24,artifacts/priority6_sota_attackers/targets_ieee_n24/ieee_priority6_bundle.pt,0,"585396,564388,320567,348449",network.12.weight,parameter,32,3.000008434067558e-05,9.13463906383293e-11,9.13463906383293e-09
IEEE-CIS,recomputed_from_saved_ieee_bundle_priority6_n24,artifacts/priority6_sota_attackers/targets_ieee_n24/ieee_priority6_bundle.pt,0,"585396,564388,320567,348449",network.12.bias,parameter,1,1.0000040531199517e-06,3.0448834689559623e-12,3.044883468955962e-10
IEEE-CIS,recomputed_from_saved_ieee_bundle_priority6_n24,artifacts/priority6_sota_attackers/targets_ieee_n24/ieee_priority6_bundle.pt,0,"585396,564388,320567,348449",network.1.running_mean,batchnorm_buffer,128,107.10591807252092,0.0003261237175478243,0.03261237175478243
IEEE-CIS,recomputed_from_saved_ieee_bundle_priority6_n24,artifacts/priority6_sota_attackers/targets_ieee_n24/ieee_priority6_bundle.pt,0,"585396,564388,320567,348449",network.1.running_var,batchnorm_buffer,128,328313.8836919755,0.9996734652859595,99.96734652859594
IEEE-CIS,recomputed_from_saved_ieee_bundle_priority6_n24,artifacts/priority6_sota_attackers/targets_ieee_n24/ieee_priority6_bundle.pt,0,"585396,564388,320567,348449",network.5.running_mean,batchnorm_buffer,64,0.031867652073328465,9.70328937065606e-08,9.70328937065606e-06
IEEE-CIS,recomputed_from_saved_ieee_bundle_priority6_n24,artifacts/priority6_sota_attackers/targets_ieee_n24/ieee_priority6_bundle.pt,0,"585396,564388,320567,348449",network.5.running_var,batchnorm_buffer,64,0.04723287242961849,1.438180095406073e-07,1.4381800954060729e-05
IEEE-CIS,recomputed_from_saved_ieee_bundle_priority6_n24,artifacts/priority6_sota_attackers/targets_ieee_n24/ieee_priority6_bundle.pt,0,"585396,564388,320567,348449",network.9.running_mean,batchnorm_buffer,32,0.01788925871648574,5.4470487362284684e-08,5.447048736228469e-06
IEEE-CIS,recomputed_from_saved_ieee_bundle_priority6_n24,artifacts/priority6_sota_attackers/targets_ieee_n24/ieee_priority6_bundle.pt,0,"585396,564388,320567,348449",network.9.running_var,batchnorm_buffer,32,0.024006730343989702,7.309740009556699e-08,7.309740009556698e-06
IEEE-CIS,recomputed_from_saved_ieee_bundle_priority6_n24,artifacts/priority6_sota_attackers/targets_ieee_n24/ieee_priority6_bundle.pt,1,"201142,395175,233557,236824",network.0.weight,parameter,23168,0.0032412260003069,2.0260933590505717e-09,2.0260933590505717e-07
IEEE-CIS,recomputed_from_saved_ieee_bundle_priority6_n24,artifacts/priority6_sota_attackers/targets_ieee_n24/ieee_priority6_bundle.pt,1,"201142,395175,233557,236824",network.0.bias,parameter,128,3.486610482076185e-06,2.1794834246861486e-12,2.1794834246861487e-10
IEEE-CIS,recomputed_from_saved_ieee_bundle_priority6_n24,artifacts/priority6_sota_attackers/targets_ieee_n24/ieee_priority6_bundle.pt,1,"201142,395175,233557,236824",network.1.weight,parameter,128,0.00010800258361243209,6.751251452281733e-11,6.751251452281733e-09
IEEE-CIS,recomputed_from_saved_ieee_bundle_priority6_n24,artifacts/priority6_sota_attackers/targets_ieee_n24/ieee_priority6_bundle.pt,1,"201142,395175,233557,236824",network.1.bias,parameter,128,0.00010799995368162474,6.751087055064662e-11,6.7510870550646614e-09
IEEE-CIS,recomputed_from_saved_ieee_bundle_priority6_n24,artifacts/priority6_sota_attackers/targets_ieee_n24/ieee_priority6_bundle.pt,1,"201142,395175,233557,236824",network.4.weight,parameter,8192,0.006695665694373127,4.1854667945115845e-09,4.1854667945115846e-07
IEEE-CIS,recomputed_from_saved_ieee_bundle_priority6_n24,artifacts/priority6_sota_attackers/targets_ieee_n24/ieee_priority6_bundle.pt,1,"201142,395175,233557,236824",network.4.bias,parameter,64,2.3070766729714506e-05,1.4421557538676248e-11,1.4421557538676248e-09
IEEE-CIS,recomputed_from_saved_ieee_bundle_priority6_n24,artifacts/priority6_sota_attackers/targets_ieee_n24/ieee_priority6_bundle.pt,1,"201142,395175,233557,236824",network.5.weight,parameter,64,6.200138385636933e-05,3.8757122172733603e-11,3.8757122172733604e-09
IEEE-CIS,recomputed_from_saved_ieee_bundle_priority6_n24,artifacts/priority6_sota_attackers/targets_ieee_n24/ieee_priority6_bundle.pt,1,"201142,395175,233557,236824",network.5.bias,parameter,64,6.199978074903564e-05,3.8756120068862314e-11,3.875612006886231e-09
IEEE-CIS,recomputed_from_saved_ieee_bundle_priority6_n24,artifacts/priority6_sota_attackers/targets_ieee_n24/ieee_priority6_bundle.pt,1,"201142,395175,233557,236824",network.8.weight,parameter,2048,0.001983966469459461,1.2401792679591647e-09,1.2401792679591648e-07
IEEE-CIS,recomputed_from_saved_ieee_bundle_priority6_n24,artifacts/priority6_sota_attackers/targets_ieee_n24/ieee_priority6_bundle.pt,1,"201142,395175,233557,236824",network.8.bias,parameter,32,7.373375222859699e-06,4.609103645166838e-12,4.6091036451668383e-10
IEEE-CIS,recomputed_from_saved_ieee_bundle_priority6_n24,artifacts/priority6_sota_attackers/targets_ieee_n24/ieee_priority6_bundle.pt,1,"201142,395175,233557,236824",network.9.weight,parameter,32,3.2000725777692196e-05,2.000368316706131e-11,2.000368316706131e-09
IEEE-CIS,recomputed_from_saved_ieee_bundle_priority6_n24,artifacts/priority6_sota_attackers/targets_ieee_n24/ieee_priority6_bundle.pt,1,"201142,395175,233557,236824",network.9.bias,parameter,32,3.199996485563628e-05,2.0003207513983093e-11,2.0003207513983093e-09
IEEE-CIS,recomputed_from_saved_ieee_bundle_priority6_n24,artifacts/priority6_sota_attackers/targets_ieee_n24/ieee_priority6_bundle.pt,1,"201142,395175,233557,236824",network.12.weight,parameter,32,3.2000084996333666e-05,2.0003282614043718e-11,2.000328261404372e-09
IEEE-CIS,recomputed_from_saved_ieee_bundle_priority6_n24,artifacts/priority6_sota_attackers/targets_ieee_n24/ieee_priority6_bundle.pt,1,"201142,395175,233557,236824",network.12.bias,parameter,1,1.0000040531199517e-06,6.251034549451796e-13,6.251034549451796e-11
IEEE-CIS,recomputed_from_saved_ieee_bundle_priority6_n24,artifacts/priority6_sota_attackers/targets_ieee_n24/ieee_priority6_bundle.pt,1,"201142,395175,233557,236824",network.1.running_mean,batchnorm_buffer,128,246.59188290748847,0.0001541448131994904,0.01541448131994904
IEEE-CIS,recomputed_from_saved_ieee_bundle_priority6_n24,artifacts/priority6_sota_attackers/targets_ieee_n24/ieee_priority6_bundle.pt,1,"201142,395175,233557,236824",network.1.running_var,batchnorm_buffer,128,1599494.9505564098,0.9998457672653531,99.98457672653531
IEEE-CIS,recomputed_from_saved_ieee_bundle_priority6_n24,artifacts/priority6_sota_attackers/targets_ieee_n24/ieee_priority6_bundle.pt,1,"201142,395175,233557,236824",network.5.running_mean,batchnorm_buffer,64,0.03009175800796872,1.8810385655406124e-08,1.8810385655406123e-06
IEEE-CIS,recomputed_from_saved_ieee_bundle_priority6_n24,artifacts/priority6_sota_attackers/targets_ieee_n24/ieee_priority6_bundle.pt,1,"201142,395175,233557,236824",network.5.running_var,batchnorm_buffer,64,0.06239214115243197,3.900138491852119e-08,3.900138491852119e-06
IEEE-CIS,recomputed_from_saved_ieee_bundle_priority6_n24,artifacts/priority6_sota_attackers/targets_ieee_n24/ieee_priority6_bundle.pt,1,"201142,395175,233557,236824",network.9.running_mean,batchnorm_buffer,32,0.014880195134077234,9.301623687973577e-09,9.301623687973577e-07
IEEE-CIS,recomputed_from_saved_ieee_bundle_priority6_n24,artifacts/priority6_sota_attackers/targets_ieee_n24/ieee_priority6_bundle.pt,1,"201142,395175,233557,236824",network.9.running_var,batchnorm_buffer,32,0.020895716392354657,1.3061931568840073e-08,1.3061931568840072e-06
IEEE-CIS,recomputed_from_saved_ieee_bundle_priority6_n24,artifacts/priority6_sota_attackers/targets_ieee_n24/ieee_priority6_bundle.pt,2,"437780,87330,61782,80763",network.0.weight,parameter,23168,0.005720581866664227,1.5994339338260003e-08,1.5994339338260003e-06
IEEE-CIS,recomputed_from_saved_ieee_bundle_priority6_n24,artifacts/priority6_sota_attackers/targets_ieee_n24/ieee_priority6_bundle.pt,2,"437780,87330,61782,80763",network.0.bias,parameter,128,8.632195476657025e-06,2.4135003554866423e-11,2.4135003554866424e-09
IEEE-CIS,recomputed_from_saved_ieee_bundle_priority6_n24,artifacts/priority6_sota_attackers/targets_ieee_n24/ieee_priority6_bundle.pt,2,"437780,87330,61782,80763",network.1.weight,parameter,128,0.00011200283825019142,3.131519561429531e-10,3.131519561429531e-08
IEEE-CIS,recomputed_from_saved_ieee_bundle_priority6_n24,artifacts/priority6_sota_attackers/targets_ieee_n24/ieee_priority6_bundle.pt,2,"437780,87330,61782,80763",network.1.bias,parameter,128,0.0001119999461453685,3.1314387002391523e-10,3.1314387002391524e-08
IEEE-CIS,recomputed_from_saved_ieee_bundle_priority6_n24,artifacts/priority6_sota_attackers/targets_ieee_n24/ieee_priority6_bundle.pt,2,"437780,87330,61782,80763",network.4.weight,parameter,8192,0.006719976067320192,1.8788574321790017e-08,1.8788574321790017e-06
IEEE-CIS,recomputed_from_saved_ieee_bundle_priority6_n24,artifacts/priority6_sota_attackers/targets_ieee_n24/ieee_priority6_bundle.pt,2,"437780,87330,61782,80763",network.4.bias,parameter,64,2.2643549880236552e-05,6.330975223303762e-11,6.3309752233037625e-09
IEEE-CIS,recomputed_from_saved_ieee_bundle_priority6_n24,artifacts/priority6_sota_attackers/targets_ieee_n24/ieee_priority6_bundle.pt,2,"437780,87330,61782,80763",network.5.weight,parameter,64,6.000203139677751e-05,1.6776140496082163e-10,1.6776140496082163e-08
IEEE-CIS,recomputed_from_saved_ieee_bundle_priority6_n24,artifacts/priority6_sota_attackers/targets_ieee_n24/ieee_priority6_bundle.pt,2,"437780,87330,61782,80763",network.5.bias,parameter,64,5.999993561783586e-05,1.6775554531221385e-10,1.6775554531221386e-08
IEEE-CIS,recomputed_from_saved_ieee_bundle_priority6_n24,artifacts/priority6_sota_attackers/targets_ieee_n24/ieee_priority6_bundle.pt,2,"437780,87330,61782,80763",network.8.weight,parameter,2048,0.0019199524511406575,5.3680502670219335e-09,5.368050267021934e-07
IEEE-CIS,recomputed_from_saved_ieee_bundle_priority6_n24,artifacts/priority6_sota_attackers/targets_ieee_n24/ieee_priority6_bundle.pt,2,"437780,87330,61782,80763",network.8.bias,parameter,32,8.646712188722233e-06,2.417559124756247e-11,2.417559124756247e-09
IEEE-CIS,recomputed_from_saved_ieee_bundle_priority6_n24,artifacts/priority6_sota_attackers/targets_ieee_n24/ieee_priority6_bundle.pt,2,"437780,87330,61782,80763",network.9.weight,parameter,32,3.200084498899969e-05,8.947208269979304e-11,8.947208269979304e-09
IEEE-CIS,recomputed_from_saved_ieee_bundle_priority6_n24,artifacts/priority6_sota_attackers/targets_ieee_n24/ieee_priority6_bundle.pt,2,"437780,87330,61782,80763",network.9.bias,parameter,32,3.199995926772488e-05,8.946960628621161e-11,8.94696062862116e-09
IEEE-CIS,recomputed_from_saved_ieee_bundle_priority6_n24,artifacts/priority6_sota_attackers/targets_ieee_n24/ieee_priority6_bundle.pt,2,"437780,87330,61782,80763",network.12.weight,parameter,32,3.2000088721621106e-05,8.946996823008255e-11,8.946996823008255e-09
IEEE-CIS,recomputed_from_saved_ieee_bundle_priority6_n24,artifacts/priority6_sota_attackers/targets_ieee_n24/ieee_priority6_bundle.pt,2,"437780,87330,61782,80763",network.12.bias,parameter,1,1.0000040531199517e-06,2.7959400875705866e-12,2.7959400875705865e-10
IEEE-CIS,recomputed_from_saved_ieee_bundle_priority6_n24,artifacts/priority6_sota_attackers/targets_ieee_n24/ieee_priority6_bundle.pt,2,"437780,87330,61782,80763",network.1.running_mean,batchnorm_buffer,128,8.376885427635688,2.3421174847281434e-05,0.0023421174847281434
IEEE-CIS,recomputed_from_saved_ieee_bundle_priority6_n24,artifacts/priority6_sota_attackers/targets_ieee_n24/ieee_priority6_bundle.pt,2,"437780,87330,61782,80763",network.1.running_var,batchnorm_buffer,128,357654.3794500835,0.9999761639763288,99.99761639763288
IEEE-CIS,recomputed_from_saved_ieee_bundle_priority6_n24,artifacts/priority6_sota_attackers/targets_ieee_n24/ieee_priority6_bundle.pt,2,"437780,87330,61782,80763",network.5.running_mean,batchnorm_buffer,64,0.028802386643511653,8.052942103889876e-08,8.052942103889875e-06
IEEE-CIS,recomputed_from_saved_ieee_bundle_priority6_n24,artifacts/priority6_sota_attackers/targets_ieee_n24/ieee_priority6_bundle.pt,2,"437780,87330,61782,80763",network.5.running_var,batchnorm_buffer,64,0.06877907640328029,1.923013974813807e-07,1.923013974813807e-05
IEEE-CIS,recomputed_from_saved_ieee_bundle_priority6_n24,artifacts/priority6_sota_attackers/targets_ieee_n24/ieee_priority6_bundle.pt,2,"437780,87330,61782,80763",network.9.running_mean,batchnorm_buffer,32,0.013022619924667836,3.641031751718988e-08,3.641031751718988e-06
IEEE-CIS,recomputed_from_saved_ieee_bundle_priority6_n24,artifacts/priority6_sota_attackers/targets_ieee_n24/ieee_priority6_bundle.pt,2,"437780,87330,61782,80763",network.9.running_var,batchnorm_buffer,32,0.022930513871818547,6.411208310884771e-08,6.411208310884771e-06
IEEE-CIS,recomputed_from_saved_ieee_bundle_priority6_n24,artifacts/priority6_sota_attackers/targets_ieee_n24/ieee_priority6_bundle.pt,3,"493954,208239,88983,427040",network.0.weight,parameter,23168,0.004597976580531666,1.2195966472029152e-08,1.2195966472029152e-06
IEEE-CIS,recomputed_from_saved_ieee_bundle_priority6_n24,artifacts/priority6_sota_attackers/targets_ieee_n24/ieee_priority6_bundle.pt,3,"493954,208239,88983,427040",network.0.bias,parameter,128,1.901167406341433e-05,5.0427777391536136e-11,5.042777739153614e-09
IEEE-CIS,recomputed_from_saved_ieee_bundle_priority6_n24,artifacts/priority6_sota_attackers/targets_ieee_n24/ieee_priority6_bundle.pt,3,"493954,208239,88983,427040",network.1.weight,parameter,128,0.00011400254834370571,3.0238763355444236e-10,3.023876335544424e-08
IEEE-CIS,recomputed_from_saved_ieee_bundle_priority6_n24,artifacts/priority6_sota_attackers/targets_ieee_n24/ieee_priority6_bundle.pt,3,"493954,208239,88983,427040",network.1.bias,parameter,128,0.00011399985809273041,3.023804977610947e-10,3.023804977610947e-08
IEEE-CIS,recomputed_from_saved_ieee_bundle_priority6_n24,artifacts/priority6_sota_attackers/targets_ieee_n24/ieee_priority6_bundle.pt,3,"493954,208239,88983,427040",network.4.weight,parameter,8192,0.006725734290836975,1.783976679179599e-08,1.7839766791795991e-06
IEEE-CIS,recomputed_from_saved_ieee_bundle_priority6_n24,artifacts/priority6_sota_attackers/targets_ieee_n24/ieee_priority6_bundle.pt,3,"493954,208239,88983,427040",network.4.bias,parameter,64,9.077179295458493e-06,2.407688956415e-11,2.407688956415e-09
IEEE-CIS,recomputed_from_saved_ieee_bundle_priority6_n24,artifacts/priority6_sota_attackers/targets_ieee_n24/ieee_priority6_bundle.pt,3,"493954,208239,88983,427040",network.5.weight,parameter,64,5.9001818723203314e-05,1.5650018879689979e-10,1.565001887968998e-08
IEEE-CIS,recomputed_from_saved_ieee_bundle_priority6_n24,artifacts/priority6_sota_attackers/targets_ieee_n24/ieee_priority6_bundle.pt,3,"493954,208239,88983,427040",network.5.bias,parameter,64,5.899992690800651e-05,1.5649517082555796e-10,1.5649517082555798e-08
IEEE-CIS,recomputed_from_saved_ieee_bundle_priority6_n24,artifacts/priority6_sota_attackers/targets_ieee_n24/ieee_priority6_bundle.pt,3,"493954,208239,88983,427040",network.8.weight,parameter,2048,0.0018879838842455316,5.007808923926138e-09,5.007808923926138e-07
IEEE-CIS,recomputed_from_saved_ieee_bundle_priority6_n24,artifacts/priority6_sota_attackers/targets_ieee_n24/ieee_priority6_bundle.pt,3,"493954,208239,88983,427040",network.8.bias,parameter,32,6.117375426715739e-06,1.6226116922155638e-11,1.6226116922155637e-09
IEEE-CIS,recomputed_from_saved_ieee_bundle_priority6_n24,artifacts/priority6_sota_attackers/targets_ieee_n24/ieee_priority6_bundle.pt,3,"493954,208239,88983,427040",network.9.weight,parameter,32,3.2000844996105116e-05,8.488108319246189e-11,8.48810831924619e-09
IEEE-CIS,recomputed_from_saved_ieee_bundle_priority6_n24,artifacts/priority6_sota_attackers/targets_ieee_n24/ieee_priority6_bundle.pt,3,"493954,208239,88983,427040",network.9.bias,parameter,32,3.1999935751936024e-05,8.487867145521032e-11,8.487867145521032e-09
IEEE-CIS,recomputed_from_saved_ieee_bundle_priority6_n24,artifacts/priority6_sota_attackers/targets_ieee_n24/ieee_priority6_bundle.pt,3,"493954,208239,88983,427040",network.12.weight,parameter,32,3.200008313368908e-05,8.487906237997633e-11,8.487906237997633e-09
IEEE-CIS,recomputed_from_saved_ieee_bundle_priority6_n24,artifacts/priority6_sota_attackers/targets_ieee_n24/ieee_priority6_bundle.pt,3,"493954,208239,88983,427040",network.12.bias,parameter,1,1.0000040531199517e-06,2.65247455921882e-12,2.65247455921882e-10
IEEE-CIS,recomputed_from_saved_ieee_bundle_priority6_n24,artifacts/priority6_sota_attackers/targets_ieee_n24/ieee_priority6_bundle.pt,3,"493954,208239,88983,427040",network.1.running_mean,batchnorm_buffer,128,5.81787898979196,1.543171346245114e-05,0.001543171346245114
IEEE-CIS,recomputed_from_saved_ieee_bundle_priority6_n24,artifacts/priority6_sota_attackers/targets_ieee_n24/ieee_priority6_bundle.pt,3,"493954,208239,88983,427040",network.1.running_var,batchnorm_buffer,128,377002.0282721175,0.9999842357096289,99.99842357096288
IEEE-CIS,recomputed_from_saved_ieee_bundle_priority6_n24,artifacts/priority6_sota_attackers/targets_ieee_n24/ieee_priority6_bundle.pt,3,"493954,208239,88983,427040",network.5.running_mean,batchnorm_buffer,64,0.027307989694396344,7.243345434631705e-08,7.2433454346317045e-06
IEEE-CIS,recomputed_from_saved_ieee_bundle_priority6_n24,artifacts/priority6_sota_attackers/targets_ieee_n24/ieee_priority6_bundle.pt,3,"493954,208239,88983,427040",network.5.running_var,batchnorm_buffer,64,0.043595615591166315,1.1563579256331402e-07,1.1563579256331402e-05
IEEE-CIS,recomputed_from_saved_ieee_bundle_priority6_n24,artifacts/priority6_sota_attackers/targets_ieee_n24/ieee_priority6_bundle.pt,3,"493954,208239,88983,427040",network.9.running_mean,batchnorm_buffer,32,0.016040248147412887,4.254617768980783e-08,4.254617768980784e-06
IEEE-CIS,recomputed_from_saved_ieee_bundle_priority6_n24,artifacts/priority6_sota_attackers/targets_ieee_n24/ieee_priority6_bundle.pt,3,"493954,208239,88983,427040",network.9.running_var,batchnorm_buffer,32,0.024751386274375342,6.565215630211391e-08,6.565215630211391e-06
IEEE-CIS,recomputed_from_saved_ieee_bundle_priority6_n24,artifacts/priority6_sota_attackers/targets_ieee_n24/ieee_priority6_bundle.pt,4,"79845,257825,523969,582402",network.0.weight,parameter,23168,0.0055078170010267906,1.4660152389125502e-08,1.4660152389125501e-06
IEEE-CIS,recomputed_from_saved_ieee_bundle_priority6_n24,artifacts/priority6_sota_attackers/targets_ieee_n24/ieee_priority6_bundle.pt,4,"79845,257825,523969,582402",network.0.bias,parameter,128,2.9575179737751244e-05,7.872023377145261e-11,7.872023377145261e-09
IEEE-CIS,recomputed_from_saved_ieee_bundle_priority6_n24,artifacts/priority6_sota_attackers/targets_ieee_n24/ieee_priority6_bundle.pt,4,"79845,257825,523969,582402",network.1.weight,parameter,128,0.00010800353730289203,2.874729344002939e-10,2.8747293440029388e-08
IEEE-CIS,recomputed_from_saved_ieee_bundle_priority6_n24,artifacts/priority6_sota_attackers/targets_ieee_n24/ieee_priority6_bundle.pt,4,"79845,257825,523969,582402",network.1.bias,parameter,128,0.00010799995996804696,2.874634126108143e-10,2.874634126108143e-08
IEEE-CIS,recomputed_from_saved_ieee_bundle_priority6_n24,artifacts/priority6_sota_attackers/targets_ieee_n24/ieee_priority6_bundle.pt,4,"79845,257825,523969,582402",network.4.weight,parameter,8192,0.006263993405407118,1.667286655867942e-08,1.667286655867942e-06
IEEE-CIS,recomputed_from_saved_ieee_bundle_priority6_n24,artifacts/priority6_sota_attackers/targets_ieee_n24/ieee_priority6_bundle.pt,4,"79845,257825,523969,582402",network.4.bias,parameter,64,2.326693121025182e-05,6.192957338742431e-11,6.192957338742432e-09
IEEE-CIS,recomputed_from_saved_ieee_bundle_priority6_n24,artifacts/priority6_sota_attackers/targets_ieee_n24/ieee_priority6_bundle.pt,4,"79845,257825,523969,582402",network.5.weight,parameter,64,5.800172526093661e-05,1.5438314871372844e-10,1.5438314871372846e-08
IEEE-CIS,recomputed_from_saved_ieee_bundle_priority6_n24,artifacts/priority6_sota_attackers/targets_ieee_n24/ieee_priority6_bundle.pt,4,"79845,257825,523969,582402",network.5.bias,parameter,64,5.799996616133984e-05,1.543784665196484e-10,1.543784665196484e-08
IEEE-CIS,recomputed_from_saved_ieee_bundle_priority6_n24,artifacts/priority6_sota_attackers/targets_ieee_n24/ieee_priority6_bundle.pt,4,"79845,257825,523969,582402",network.8.weight,parameter,2048,0.0017979762937396894,4.785672155292204e-09,4.785672155292204e-07
IEEE-CIS,recomputed_from_saved_ieee_bundle_priority6_n24,artifacts/priority6_sota_attackers/targets_ieee_n24/ieee_priority6_bundle.pt,4,"79845,257825,523969,582402",network.8.bias,parameter,32,1.1390084098752279e-05,3.031697832036439e-11,3.0316978320364387e-09
IEEE-CIS,recomputed_from_saved_ieee_bundle_priority6_n24,artifacts/priority6_sota_attackers/targets_ieee_n24/ieee_priority6_bundle.pt,4,"79845,257825,523969,582402",network.9.weight,parameter,32,3.1000751526732984e-05,8.251467713516904e-11,8.251467713516905e-09
IEEE-CIS,recomputed_from_saved_ieee_bundle_priority6_n24,artifacts/priority6_sota_attackers/targets_ieee_n24/ieee_priority6_bundle.pt,4,"79845,257825,523969,582402",network.9.bias,parameter,32,3.099996569198755e-05,8.25125854794153e-11,8.25125854794153e-09
IEEE-CIS,recomputed_from_saved_ieee_bundle_priority6_n24,artifacts/priority6_sota_attackers/targets_ieee_n24/ieee_priority6_bundle.pt,4,"79845,257825,523969,582402",network.12.weight,parameter,32,3.1000084668501154e-05,8.251290215911251e-11,8.251290215911251e-09
IEEE-CIS,recomputed_from_saved_ieee_bundle_priority6_n24,artifacts/priority6_sota_attackers/targets_ieee_n24/ieee_priority6_bundle.pt,4,"79845,257825,523969,582402",network.12.bias,parameter,1,1.0000040531199517e-06,2.661710039703321e-12,2.6617100397033214e-10
IEEE-CIS,recomputed_from_saved_ieee_bundle_priority6_n24,artifacts/priority6_sota_attackers/targets_ieee_n24/ieee_priority6_bundle.pt,4,"79845,257825,523969,582402",network.1.running_mean,batchnorm_buffer,128,4.479367129669018,1.1922728136309785e-05,0.0011922728136309784
IEEE-CIS,recomputed_from_saved_ieee_bundle_priority6_n24,artifacts/priority6_sota_attackers/targets_ieee_n24/ieee_priority6_bundle.pt,4,"79845,257825,523969,582402",network.1.running_var,batchnorm_buffer,128,375695.22585882136,0.9999877014669273,99.99877014669273
IEEE-CIS,recomputed_from_saved_ieee_bundle_priority6_n24,artifacts/priority6_sota_attackers/targets_ieee_n24/ieee_priority6_bundle.pt,4,"79845,257825,523969,582402",network.5.running_mean,batchnorm_buffer,64,0.03549528876030992,9.447778352569596e-08,9.447778352569596e-06
IEEE-CIS,recomputed_from_saved_ieee_bundle_priority6_n24,artifacts/priority6_sota_attackers/targets_ieee_n24/ieee_priority6_bundle.pt,4,"79845,257825,523969,582402",network.5.running_var,batchnorm_buffer,64,0.04885841275778624,1.3004640066770728e-07,1.3004640066770728e-05
IEEE-CIS,recomputed_from_saved_ieee_bundle_priority6_n24,artifacts/priority6_sota_attackers/targets_ieee_n24/ieee_priority6_bundle.pt,4,"79845,257825,523969,582402",network.9.running_mean,batchnorm_buffer,32,0.019227114102782595,5.117679521620799e-08,5.117679521620799e-06
IEEE-CIS,recomputed_from_saved_ieee_bundle_priority6_n24,artifacts/priority6_sota_attackers/targets_ieee_n24/ieee_priority6_bundle.pt,4,"79845,257825,523969,582402",network.9.running_var,batchnorm_buffer,32,0.02354901630767614,6.268039908010272e-08,6.268039908010272e-06
IEEE-CIS,recomputed_from_saved_ieee_bundle_priority6_n24,artifacts/priority6_sota_attackers/targets_ieee_n24/ieee_priority6_bundle.pt,5,"230810,303312,438458,230659",network.0.weight,parameter,23168,0.005599707899556033,1.4856344976975282e-08,1.4856344976975281e-06
IEEE-CIS,recomputed_from_saved_ieee_bundle_priority6_n24,artifacts/priority6_sota_attackers/targets_ieee_n24/ieee_priority6_bundle.pt,5,"230810,303312,438458,230659",network.0.bias,parameter,128,3.43837205723872e-05,9.12219750704864e-11,9.12219750704864e-09
IEEE-CIS,recomputed_from_saved_ieee_bundle_priority6_n24,artifacts/priority6_sota_attackers/targets_ieee_n24/ieee_priority6_bundle.pt,5,"230810,303312,438458,230659",network.1.weight,parameter,128,0.00011200259983468186,2.971492962327683e-10,2.9714929623276832e-08
IEEE-CIS,recomputed_from_saved_ieee_bundle_priority6_n24,artifacts/priority6_sota_attackers/targets_ieee_n24/ieee_priority6_bundle.pt,5,"230810,303312,438458,230659",network.1.bias,parameter,128,0.00011199981017393666,2.971418951034339e-10,2.971418951034339e-08
IEEE-CIS,recomputed_from_saved_ieee_bundle_priority6_n24,artifacts/priority6_sota_attackers/targets_ieee_n24/ieee_priority6_bundle.pt,5,"230810,303312,438458,230659",network.4.weight,parameter,8192,0.00660794960604397,1.753126782660225e-08,1.753126782660225e-06
IEEE-CIS,recomputed_from_saved_ieee_bundle_priority6_n24,artifacts/priority6_sota_attackers/targets_ieee_n24/ieee_priority6_bundle.pt,5,"230810,303312,438458,230659",network.4.bias,parameter,64,1.878769324983759e-05,4.984482356004794e-11,4.984482356004794e-09
IEEE-CIS,recomputed_from_saved_ieee_bundle_priority6_n24,artifacts/priority6_sota_attackers/targets_ieee_n24/ieee_priority6_bundle.pt,5,"230810,303312,438458,230659",network.5.weight,parameter,64,5.900169951189582e-05,1.565348796579291e-10,1.565348796579291e-08
IEEE-CIS,recomputed_from_saved_ieee_bundle_priority6_n24,artifacts/priority6_sota_attackers/targets_ieee_n24/ieee_priority6_bundle.pt,5,"230810,303312,438458,230659",network.5.bias,parameter,64,5.8999958107272334e-05,1.56530259611974e-10,1.56530259611974e-08
IEEE-CIS,recomputed_from_saved_ieee_bundle_priority6_n24,artifacts/priority6_sota_attackers/targets_ieee_n24/ieee_priority6_bundle.pt,5,"230810,303312,438458,230659",network.8.weight,parameter,2048,0.001828979785261698,4.852387862573378e-09,4.852387862573378e-07
IEEE-CIS,recomputed_from_saved_ieee_bundle_priority6_n24,artifacts/priority6_sota_attackers/targets_ieee_n24/ieee_priority6_bundle.pt,5,"230810,303312,438458,230659",network.8.bias,parameter,32,8.444084505274986e-06,2.240263861531829e-11,2.240263861531829e-09
IEEE-CIS,recomputed_from_saved_ieee_bundle_priority6_n24,artifacts/priority6_sota_attackers/targets_ieee_n24/ieee_priority6_bundle.pt,5,"230810,303312,438458,230659",network.9.weight,parameter,32,3.1000870738040476e-05,8.224708119283555e-11,8.224708119283556e-09
IEEE-CIS,recomputed_from_saved_ieee_bundle_priority6_n24,artifacts/priority6_sota_attackers/targets_ieee_n24/ieee_priority6_bundle.pt,5,"230810,303312,438458,230659",network.9.bias,parameter,32,3.099994566862565e-05,8.224462693082745e-11,8.224462693082745e-09
IEEE-CIS,recomputed_from_saved_ieee_bundle_priority6_n24,artifacts/priority6_sota_attackers/targets_ieee_n24/ieee_priority6_bundle.pt,5,"230810,303312,438458,230659",network.12.weight,parameter,32,3.1000080943213715e-05,8.224498582203802e-11,8.224498582203803e-09
IEEE-CIS,recomputed_from_saved_ieee_bundle_priority6_n24,artifacts/priority6_sota_attackers/targets_ieee_n24/ieee_priority6_bundle.pt,5,"230810,303312,438458,230659",network.12.bias,parameter,1,1.0000040531199517e-06,2.6530678846125872e-12,2.6530678846125873e-10
IEEE-CIS,recomputed_from_saved_ieee_bundle_priority6_n24,artifacts/priority6_sota_attackers/targets_ieee_n24/ieee_priority6_bundle.pt,5,"230810,303312,438458,230659",network.1.running_mean,batchnorm_buffer,128,4.6506846461557405,1.2338532066626156e-05,0.0012338532066626157
IEEE-CIS,recomputed_from_saved_ieee_bundle_priority6_n24,artifacts/priority6_sota_attackers/targets_ieee_n24/ieee_priority6_bundle.pt,5,"230810,303312,438458,230659",network.1.running_var,batchnorm_buffer,128,376918.88195874327,0.9999873277602349,99.99873277602349
IEEE-CIS,recomputed_from_saved_ieee_bundle_priority6_n24,artifacts/priority6_sota_attackers/targets_ieee_n24/ieee_priority6_bundle.pt,5,"230810,303312,438458,230659",network.5.running_mean,batchnorm_buffer,64,0.02828759641591245,7.504860940292333e-08,7.504860940292332e-06
IEEE-CIS,recomputed_from_saved_ieee_bundle_priority6_n24,artifacts/priority6_sota_attackers/targets_ieee_n24/ieee_priority6_bundle.pt,5,"230810,303312,438458,230659",network.5.running_var,batchnorm_buffer,64,0.04193766574423741,1.1126302317927456e-07,1.1126302317927457e-05
IEEE-CIS,recomputed_from_saved_ieee_bundle_priority6_n24,artifacts/priority6_sota_attackers/targets_ieee_n24/ieee_priority6_bundle.pt,5,"230810,303312,438458,230659",network.9.running_mean,batchnorm_buffer,32,0.015624717700702423,4.14532687228009e-08,4.14532687228009e-06
IEEE-CIS,recomputed_from_saved_ieee_bundle_priority6_n24,artifacts/priority6_sota_attackers/targets_ieee_n24/ieee_priority6_bundle.pt,5,"230810,303312,438458,230659",network.9.running_var,batchnorm_buffer,32,0.025398088991469336,6.738258112411583e-08,6.7382581124115835e-06
IEEE-CIS,recomputed_from_saved_ieee_bundle_priority6_n24,artifacts/priority6_sota_attackers/targets_ieee_n24/ieee_priority6_bundle.pt,6,"531316,513598,76122,511162",network.0.weight,parameter,23168,0.004561443656039239,4.820442788379016e-10,4.8204427883790154e-08
IEEE-CIS,recomputed_from_saved_ieee_bundle_priority6_n24,artifacts/priority6_sota_attackers/targets_ieee_n24/ieee_priority6_bundle.pt,6,"531316,513598,76122,511162",network.0.bias,parameter,128,2.8852662229688386e-06,3.0490918678014375e-13,3.049091867801437e-11
IEEE-CIS,recomputed_from_saved_ieee_bundle_priority6_n24,artifacts/priority6_sota_attackers/targets_ieee_n24/ieee_priority6_bundle.pt,6,"531316,513598,76122,511162",network.1.weight,parameter,128,0.00010200273811378224,1.0779446166883998e-11,1.0779446166883998e-09
IEEE-CIS,recomputed_from_saved_ieee_bundle_priority6_n24,artifacts/priority6_sota_attackers/targets_ieee_n24/ieee_priority6_bundle.pt,6,"531316,513598,76122,511162",network.1.bias,parameter,128,0.00010199997010827726,1.0779153649576302e-11,1.0779153649576302e-09
IEEE-CIS,recomputed_from_saved_ieee_bundle_priority6_n24,artifacts/priority6_sota_attackers/targets_ieee_n24/ieee_priority6_bundle.pt,6,"531316,513598,76122,511162",network.4.weight,parameter,8192,0.006323951604613796,6.68302607797382e-10,6.68302607797382e-08
IEEE-CIS,recomputed_from_saved_ieee_bundle_priority6_n24,artifacts/priority6_sota_attackers/targets_ieee_n24/ieee_priority6_bundle.pt,6,"531316,513598,76122,511162",network.4.bias,parameter,64,2.72379674467212e-05,2.8784541397286117e-12,2.878454139728612e-10
IEEE-CIS,recomputed_from_saved_ieee_bundle_priority6_n24,artifacts/priority6_sota_attackers/targets_ieee_n24/ieee_priority6_bundle.pt,6,"531316,513598,76122,511162",network.5.weight,parameter,64,6.200174147608095e-05,6.5522205271484676e-12,6.552220527148468e-10
IEEE-CIS,recomputed_from_saved_ieee_bundle_priority6_n24,artifacts/priority6_sota_attackers/targets_ieee_n24/ieee_priority6_bundle.pt,6,"531316,513598,76122,511162",network.5.bias,parameter,64,6.199996840398142e-05,6.552033152421079e-12,6.55203315242108e-10
IEEE-CIS,recomputed_from_saved_ieee_bundle_priority6_n24,artifacts/priority6_sota_attackers/targets_ieee_n24/ieee_priority6_bundle.pt,6,"531316,513598,76122,511162",network.8.weight,parameter,2048,0.00185996664295818,1.965575696370316e-10,1.965575696370316e-08
IEEE-CIS,recomputed_from_saved_ieee_bundle_priority6_n24,artifacts/priority6_sota_attackers/targets_ieee_n24/ieee_priority6_bundle.pt,6,"531316,513598,76122,511162",network.8.bias,parameter,32,9.614010921310534e-06,1.0159895223449802e-12,1.0159895223449802e-10
IEEE-CIS,recomputed_from_saved_ieee_bundle_priority6_n24,artifacts/priority6_sota_attackers/targets_ieee_n24/ieee_priority6_bundle.pt,6,"531316,513598,76122,511162",network.9.weight,parameter,32,3.000077727577377e-05,3.1704223787418564e-12,3.1704223787418566e-10
IEEE-CIS,recomputed_from_saved_ieee_bundle_priority6_n24,artifacts/priority6_sota_attackers/targets_ieee_n24/ieee_priority6_bundle.pt,6,"531316,513598,76122,511162",network.9.bias,parameter,32,2.9999955818149464e-05,3.1703355687365236e-12,3.1703355687365234e-10
IEEE-CIS,recomputed_from_saved_ieee_bundle_priority6_n24,artifacts/priority6_sota_attackers/targets_ieee_n24/ieee_priority6_bundle.pt,6,"531316,513598,76122,511162",network.12.weight,parameter,32,3.000008434067558e-05,3.1703491507410573e-12,3.1703491507410573e-10
IEEE-CIS,recomputed_from_saved_ieee_bundle_priority6_n24,artifacts/priority6_sota_attackers/targets_ieee_n24/ieee_priority6_bundle.pt,6,"531316,513598,76122,511162",network.12.bias,parameter,1,1.0000040531199517e-06,1.0567843625185821e-13,1.056784362518582e-11
IEEE-CIS,recomputed_from_saved_ieee_bundle_priority6_n24,artifacts/priority6_sota_attackers/targets_ieee_n24/ieee_priority6_bundle.pt,6,"531316,513598,76122,511162",network.1.running_mean,batchnorm_buffer,128,624.1709233147565,6.596113978137029e-05,0.006596113978137029
IEEE-CIS,recomputed_from_saved_ieee_bundle_priority6_n24,artifacts/priority6_sota_attackers/targets_ieee_n24/ieee_priority6_bundle.pt,6,"531316,513598,76122,511162",network.1.running_var,batchnorm_buffer,128,9462082.45706728,0.9999340248964637,99.99340248964637
IEEE-CIS,recomputed_from_saved_ieee_bundle_priority6_n24,artifacts/priority6_sota_attackers/targets_ieee_n24/ieee_priority6_bundle.pt,6,"531316,513598,76122,511162",network.5.running_mean,batchnorm_buffer,64,0.024544522486039073,2.59381624182482e-09,2.5938162418248197e-07
IEEE-CIS,recomputed_from_saved_ieee_bundle_priority6_n24,artifacts/priority6_sota_attackers/targets_ieee_n24/ieee_priority6_bundle.pt,6,"531316,513598,76122,511162",network.5.running_var,batchnorm_buffer,64,0.04963976396436465,5.24583136968161e-09,5.24583136968161e-07
IEEE-CIS,recomputed_from_saved_ieee_bundle_priority6_n24,artifacts/priority6_sota_attackers/targets_ieee_n24/ieee_priority6_bundle.pt,6,"531316,513598,76122,511162",network.9.running_mean,batchnorm_buffer,32,0.01877616717435908,1.9842279434758723e-09,1.9842279434758722e-07
IEEE-CIS,recomputed_from_saved_ieee_bundle_priority6_n24,artifacts/priority6_sota_attackers/targets_ieee_n24/ieee_priority6_bundle.pt,6,"531316,513598,76122,511162",network.9.running_var,batchnorm_buffer,32,0.02597036212748538,2.7444961347550954e-09,2.744496134755095e-07
IEEE-CIS,recomputed_from_saved_ieee_bundle_priority6_n24,artifacts/priority6_sota_attackers/targets_ieee_n24/ieee_priority6_bundle.pt,7,"396115,412747,478586,131462",network.0.weight,parameter,23168,0.005624729434436371,1.4940768633369714e-08,1.4940768633369714e-06
IEEE-CIS,recomputed_from_saved_ieee_bundle_priority6_n24,artifacts/priority6_sota_attackers/targets_ieee_n24/ieee_priority6_bundle.pt,7,"396115,412747,478586,131462",network.0.bias,parameter,128,3.959572840135414e-05,1.05176724286945e-10,1.05176724286945e-08
IEEE-CIS,recomputed_from_saved_ieee_bundle_priority6_n24,artifacts/priority6_sota_attackers/targets_ieee_n24/ieee_priority6_bundle.pt,7,"396115,412747,478586,131462",network.1.weight,parameter,128,0.00012500309957630407,3.320412850064108e-10,3.320412850064108e-08
IEEE-CIS,recomputed_from_saved_ieee_bundle_priority6_n24,artifacts/priority6_sota_attackers/targets_ieee_n24/ieee_priority6_bundle.pt,7,"396115,412747,478586,131462",network.1.bias,parameter,128,0.00012499985960507726,3.3203267878613963e-10,3.320326787861396e-08
IEEE-CIS,recomputed_from_saved_ieee_bundle_priority6_n24,artifacts/priority6_sota_attackers/targets_ieee_n24/ieee_priority6_bundle.pt,7,"396115,412747,478586,131462",network.4.weight,parameter,8192,0.006999974918000064,1.8593784271458044e-08,1.8593784271458044e-06
IEEE-CIS,recomputed_from_saved_ieee_bundle_priority6_n24,artifacts/priority6_sota_attackers/targets_ieee_n24/ieee_priority6_bundle.pt,7,"396115,412747,478586,131462",network.4.bias,parameter,64,1.897745603793957e-05,5.0409141136086e-11,5.0409141136086e-09
IEEE-CIS,recomputed_from_saved_ieee_bundle_priority6_n24,artifacts/priority6_sota_attackers/targets_ieee_n24/ieee_priority6_bundle.pt,7,"396115,412747,478586,131462",network.5.weight,parameter,64,5.600165754771069e-05,1.487552100520531e-10,1.487552100520531e-08
IEEE-CIS,recomputed_from_saved_ieee_bundle_priority6_n24,artifacts/priority6_sota_attackers/targets_ieee_n24/ieee_priority6_bundle.pt,7,"396115,412747,478586,131462",network.5.bias,parameter,64,5.599996457436987e-05,1.4875071306721455e-10,1.4875071306721455e-08
IEEE-CIS,recomputed_from_saved_ieee_bundle_priority6_n24,artifacts/priority6_sota_attackers/targets_ieee_n24/ieee_priority6_bundle.pt,7,"396115,412747,478586,131462",network.8.weight,parameter,2048,0.0016799862905773422,4.462487799160118e-09,4.462487799160118e-07
IEEE-CIS,recomputed_from_saved_ieee_bundle_priority6_n24,artifacts/priority6_sota_attackers/targets_ieee_n24/ieee_priority6_bundle.pt,7,"396115,412747,478586,131462",network.8.bias,parameter,32,5.964799716498548e-06,1.5844085221767516e-11,1.5844085221767516e-09
IEEE-CIS,recomputed_from_saved_ieee_bundle_priority6_n24,artifacts/priority6_sota_attackers/targets_ieee_n24/ieee_priority6_bundle.pt,7,"396115,412747,478586,131462",network.9.weight,parameter,32,3.0000658071571706e-05,7.968968042302002e-11,7.968968042302001e-09
IEEE-CIS,recomputed_from_saved_ieee_bundle_priority6_n24,artifacts/priority6_sota_attackers/targets_ieee_n24/ieee_priority6_bundle.pt,7,"396115,412747,478586,131462",network.9.bias,parameter,32,2.9999953489820392e-05,7.968780886758745e-11,7.968780886758746e-09
IEEE-CIS,recomputed_from_saved_ieee_bundle_priority6_n24,artifacts/priority6_sota_attackers/targets_ieee_n24/ieee_priority6_bundle.pt,7,"396115,412747,478586,131462",network.12.weight,parameter,32,3.000008806596996e-05,7.968816633742448e-11,7.968816633742449e-09
IEEE-CIS,recomputed_from_saved_ieee_bundle_priority6_n24,artifacts/priority6_sota_attackers/targets_ieee_n24/ieee_priority6_bundle.pt,7,"396115,412747,478586,131462",network.12.bias,parameter,1,1.0000040531199517e-06,2.6562751798557062e-12,2.6562751798557063e-10
IEEE-CIS,recomputed_from_saved_ieee_bundle_priority6_n24,artifacts/priority6_sota_attackers/targets_ieee_n24/ieee_priority6_bundle.pt,7,"396115,412747,478586,131462",network.1.running_mean,batchnorm_buffer,128,6.084694973658573,1.6162558726732793e-05,0.0016162558726732794
IEEE-CIS,recomputed_from_saved_ieee_bundle_priority6_n24,artifacts/priority6_sota_attackers/targets_ieee_n24/ieee_priority6_bundle.pt,7,"396115,412747,478586,131462",network.1.running_var,batchnorm_buffer,128,376462.31734631053,0.9999834566650674,99.99834566650674
IEEE-CIS,recomputed_from_saved_ieee_bundle_priority6_n24,artifacts/priority6_sota_attackers/targets_ieee_n24/ieee_priority6_bundle.pt,7,"396115,412747,478586,131462",network.5.running_mean,batchnorm_buffer,64,0.039986080683459255,1.0621360316270639e-07,1.0621360316270639e-05
IEEE-CIS,recomputed_from_saved_ieee_bundle_priority6_n24,artifacts/priority6_sota_attackers/targets_ieee_n24/ieee_priority6_bundle.pt,7,"396115,412747,478586,131462",network.5.running_var,batchnorm_buffer,64,0.05008661982478735,1.3304330584297405e-07,1.3304330584297404e-05
IEEE-CIS,recomputed_from_saved_ieee_bundle_priority6_n24,artifacts/priority6_sota_attackers/targets_ieee_n24/ieee_priority6_bundle.pt,7,"396115,412747,478586,131462",network.9.running_mean,batchnorm_buffer,32,0.016942440156305253,4.50036008683917e-08,4.5003600868391695e-06
IEEE-CIS,recomputed_from_saved_ieee_bundle_priority6_n24,artifacts/priority6_sota_attackers/targets_ieee_n24/ieee_priority6_bundle.pt,7,"396115,412747,478586,131462",network.9.running_var,batchnorm_buffer,32,0.021512889785197054,5.714392357221354e-08,5.714392357221354e-06
IEEE-CIS,recomputed_from_saved_ieee_bundle_priority6_n24,artifacts/priority6_sota_attackers/targets_ieee_n24/ieee_priority6_bundle.pt,8,"80498,375135,129759,468589",network.0.weight,parameter,23168,0.005086453626109034,1.3485397408223863e-08,1.3485397408223862e-06
IEEE-CIS,recomputed_from_saved_ieee_bundle_priority6_n24,artifacts/priority6_sota_attackers/targets_ieee_n24/ieee_priority6_bundle.pt,8,"80498,375135,129759,468589",network.0.bias,parameter,128,3.6355507570278817e-05,9.638709081044742e-11,9.638709081044742e-09
IEEE-CIS,recomputed_from_saved_ieee_bundle_priority6_n24,artifacts/priority6_sota_attackers/targets_ieee_n24/ieee_priority6_bundle.pt,8,"80498,375135,129759,468589",network.1.weight,parameter,128,0.00011300352776899558,2.995992085082464e-10,2.9959920850824637e-08
IEEE-CIS,recomputed_from_saved_ieee_bundle_priority6_n24,artifacts/priority6_sota_attackers/targets_ieee_n24/ieee_priority6_bundle.pt,8,"80498,375135,129759,468589",network.1.bias,parameter,128,0.0001129999453090297,2.9958971055547023e-10,2.995897105554702e-08
IEEE-CIS,recomputed_from_saved_ieee_bundle_priority6_n24,artifacts/priority6_sota_attackers/targets_ieee_n24/ieee_priority6_bundle.pt,8,"80498,375135,129759,468589",network.4.weight,parameter,8192,0.006779968995297439,1.797530913241876e-08,1.7975309132418761e-06
IEEE-CIS,recomputed_from_saved_ieee_bundle_priority6_n24,artifacts/priority6_sota_attackers/targets_ieee_n24/ieee_priority6_bundle.pt,8,"80498,375135,129759,468589",network.4.bias,parameter,64,2.6189241869724017e-05,6.943390432588867e-11,6.9433904325888665e-09
IEEE-CIS,recomputed_from_saved_ieee_bundle_priority6_n24,artifacts/priority6_sota_attackers/targets_ieee_n24/ieee_priority6_bundle.pt,8,"80498,375135,129759,468589",network.5.weight,parameter,64,6.000155455865297e-05,1.5907838109076208e-10,1.590783810907621e-08
IEEE-CIS,recomputed_from_saved_ieee_bundle_priority6_n24,artifacts/priority6_sota_attackers/targets_ieee_n24/ieee_priority6_bundle.pt,8,"80498,375135,129759,468589",network.5.bias,parameter,64,5.999994399975379e-05,1.5907411111635528e-10,1.5907411111635528e-08
IEEE-CIS,recomputed_from_saved_ieee_bundle_priority6_n24,artifacts/priority6_sota_attackers/targets_ieee_n24/ieee_priority6_bundle.pt,8,"80498,375135,129759,468589",network.8.weight,parameter,2048,0.0018599696092289626,4.931221474019143e-09,4.931221474019142e-07
IEEE-CIS,recomputed_from_saved_ieee_bundle_priority6_n24,artifacts/priority6_sota_attackers/targets_ieee_n24/ieee_priority6_bundle.pt,8,"80498,375135,129759,468589",network.8.bias,parameter,32,9.021137626240164e-06,2.3917179808673655e-11,2.3917179808673657e-09
IEEE-CIS,recomputed_from_saved_ieee_bundle_priority6_n24,artifacts/priority6_sota_attackers/targets_ieee_n24/ieee_priority6_bundle.pt,8,"80498,375135,129759,468589",network.9.weight,parameter,32,3.100110916065546e-05,8.219130810143094e-11,8.219130810143093e-09
IEEE-CIS,recomputed_from_saved_ieee_bundle_priority6_n24,artifacts/priority6_sota_attackers/targets_ieee_n24/ieee_priority6_bundle.pt,8,"80498,375135,129759,468589",network.9.bias,parameter,32,3.0999969650086684e-05,8.218828698809729e-11,8.218828698809729e-09
IEEE-CIS,recomputed_from_saved_ieee_bundle_priority6_n24,artifacts/priority6_sota_attackers/targets_ieee_n24/ieee_priority6_bundle.pt,8,"80498,375135,129759,468589",network.12.weight,parameter,32,3.1000080943213715e-05,8.218858205262695e-11,8.218858205262695e-09
IEEE-CIS,recomputed_from_saved_ieee_bundle_priority6_n24,artifacts/priority6_sota_attackers/targets_ieee_n24/ieee_priority6_bundle.pt,8,"80498,375135,129759,468589",network.12.bias,parameter,1,1.0000040531199517e-06,2.6512484055562052e-12,2.6512484055562054e-10
IEEE-CIS,recomputed_from_saved_ieee_bundle_priority6_n24,artifacts/priority6_sota_attackers/targets_ieee_n24/ieee_priority6_bundle.pt,8,"80498,375135,129759,468589",network.1.running_mean,batchnorm_buffer,128,5.573014756185125,1.4775386600062794e-05,0.0014775386600062795
IEEE-CIS,recomputed_from_saved_ieee_bundle_priority6_n24,artifacts/priority6_sota_attackers/targets_ieee_n24/ieee_priority6_bundle.pt,8,"80498,375135,129759,468589",network.1.running_var,batchnorm_buffer,128,377176.62395131786,0.9999848698053767,99.99848698053768
IEEE-CIS,recomputed_from_saved_ieee_bundle_priority6_n24,artifacts/priority6_sota_attackers/targets_ieee_n24/ieee_priority6_bundle.pt,8,"80498,375135,129759,468589",network.5.running_mean,batchnorm_buffer,64,0.025688672427078618,6.810677576821613e-08,6.8106775768216125e-06
IEEE-CIS,recomputed_from_saved_ieee_bundle_priority6_n24,artifacts/priority6_sota_attackers/targets_ieee_n24/ieee_priority6_bundle.pt,8,"80498,375135,129759,468589",network.5.running_var,batchnorm_buffer,64,0.048647034830710645,1.2897485077941781e-07,1.2897485077941782e-05
IEEE-CIS,recomputed_from_saved_ieee_bundle_priority6_n24,artifacts/priority6_sota_attackers/targets_ieee_n24/ieee_priority6_bundle.pt,8,"80498,375135,129759,468589",network.9.running_mean,batchnorm_buffer,32,0.019771254151815007,5.241829358821447e-08,5.241829358821447e-06
IEEE-CIS,recomputed_from_saved_ieee_bundle_priority6_n24,artifacts/priority6_sota_attackers/targets_ieee_n24/ieee_priority6_bundle.pt,8,"80498,375135,129759,468589",network.9.running_var,batchnorm_buffer,32,0.025482391472984922,6.755987593422923e-08,6.755987593422923e-06
IEEE-CIS,recomputed_from_saved_ieee_bundle_priority6_n24,artifacts/priority6_sota_attackers/targets_ieee_n24/ieee_priority6_bundle.pt,9,"48271,329213,299188,189732",network.0.weight,parameter,23168,0.00416657849768931,1.1256863321261906e-08,1.1256863321261906e-06
IEEE-CIS,recomputed_from_saved_ieee_bundle_priority6_n24,artifacts/priority6_sota_attackers/targets_ieee_n24/ieee_priority6_bundle.pt,9,"48271,329213,299188,189732",network.0.bias,parameter,128,1.0942482796438524e-05,2.9563353553300384e-11,2.9563353553300383e-09
IEEE-CIS,recomputed_from_saved_ieee_bundle_priority6_n24,artifacts/priority6_sota_attackers/targets_ieee_n24/ieee_priority6_bundle.pt,9,"48271,329213,299188,189732",network.1.weight,parameter,128,0.00011100274479503014,2.998966003245922e-10,2.998966003245922e-08
IEEE-CIS,recomputed_from_saved_ieee_bundle_priority6_n24,artifacts/priority6_sota_attackers/targets_ieee_n24/ieee_priority6_bundle.pt,9,"48271,329213,299188,189732",network.1.bias,parameter,128,0.00011099972952727371,2.9988845396252803e-10,2.9988845396252804e-08
IEEE-CIS,recomputed_from_saved_ieee_bundle_priority6_n24,artifacts/priority6_sota_attackers/targets_ieee_n24/ieee_priority6_bundle.pt,9,"48271,329213,299188,189732",network.4.weight,parameter,8192,0.006881991808023905,1.859310731909458e-08,1.859310731909458e-06
IEEE-CIS,recomputed_from_saved_ieee_bundle_priority6_n24,artifacts/priority6_sota_attackers/targets_ieee_n24/ieee_priority6_bundle.pt,9,"48271,329213,299188,189732",network.4.bias,parameter,64,2.382832717333616e-05,6.437709557453718e-11,6.4377095574537174e-09
IEEE-CIS,recomputed_from_saved_ieee_bundle_priority6_n24,artifacts/priority6_sota_attackers/targets_ieee_n24/ieee_priority6_bundle.pt,9,"48271,329213,299188,189732",network.5.weight,parameter,64,6.200197989869594e-05,1.6751101983421514e-10,1.6751101983421512e-08
IEEE-CIS,recomputed_from_saved_ieee_bundle_priority6_n24,artifacts/priority6_sota_attackers/targets_ieee_n24/ieee_priority6_bundle.pt,9,"48271,329213,299188,189732",network.5.bias,parameter,64,6.199996700697584e-05,1.6750558159586532e-10,1.6750558159586533e-08
IEEE-CIS,recomputed_from_saved_ieee_bundle_priority6_n24,artifacts/priority6_sota_attackers/targets_ieee_n24/ieee_priority6_bundle.pt,9,"48271,329213,299188,189732",network.8.weight,parameter,2048,0.0019219797585860539,5.1926211064147e-09,5.1926211064147e-07
IEEE-CIS,recomputed_from_saved_ieee_bundle_priority6_n24,artifacts/priority6_sota_attackers/targets_ieee_n24/ieee_priority6_bundle.pt,9,"48271,329213,299188,189732",network.8.bias,parameter,32,1.1384154825666744e-05,3.075662080330029e-11,3.075662080330029e-09
IEEE-CIS,recomputed_from_saved_ieee_bundle_priority6_n24,artifacts/priority6_sota_attackers/targets_ieee_n24/ieee_priority6_bundle.pt,9,"48271,329213,299188,189732",network.9.weight,parameter,32,3.1000274788084425e-05,8.375357776279899e-11,8.375357776279898e-09
IEEE-CIS,recomputed_from_saved_ieee_bundle_priority6_n24,artifacts/priority6_sota_attackers/targets_ieee_n24/ieee_priority6_bundle.pt,9,"48271,329213,299188,189732",network.9.bias,parameter,32,3.099997151273352e-05,8.375275840245915e-11,8.375275840245916e-09
IEEE-CIS,recomputed_from_saved_ieee_bundle_priority6_n24,artifacts/priority6_sota_attackers/targets_ieee_n24/ieee_priority6_bundle.pt,9,"48271,329213,299188,189732",network.12.weight,parameter,32,3.100008466851503e-05,8.375306411592817e-11,8.375306411592816e-09
IEEE-CIS,recomputed_from_saved_ieee_bundle_priority6_n24,artifacts/priority6_sota_attackers/targets_ieee_n24/ieee_priority6_bundle.pt,9,"48271,329213,299188,189732",network.12.bias,parameter,1,1.0000040531199517e-06,2.701715316997401e-12,2.701715316997401e-10
IEEE-CIS,recomputed_from_saved_ieee_bundle_priority6_n24,artifacts/priority6_sota_attackers/targets_ieee_n24/ieee_priority6_bundle.pt,9,"48271,329213,299188,189732",network.1.running_mean,batchnorm_buffer,128,5.343757560189168,1.4437253134765007e-05,0.0014437253134765007
IEEE-CIS,recomputed_from_saved_ieee_bundle_priority6_n24,artifacts/priority6_sota_attackers/targets_ieee_n24/ieee_priority6_bundle.pt,9,"48271,329213,299188,189732",network.1.running_var,batchnorm_buffer,128,370131.2311752498,0.9999851635054606,99.99851635054607
IEEE-CIS,recomputed_from_saved_ieee_bundle_priority6_n24,artifacts/priority6_sota_attackers/targets_ieee_n24/ieee_priority6_bundle.pt,9,"48271,329213,299188,189732",network.5.running_mean,batchnorm_buffer,64,0.03226183527351469,8.716194123509862e-08,8.716194123509862e-06
IEEE-CIS,recomputed_from_saved_ieee_bundle_priority6_n24,artifacts/priority6_sota_attackers/targets_ieee_n24/ieee_priority6_bundle.pt,9,"48271,329213,299188,189732",network.5.running_var,batchnorm_buffer,64,0.05260781568994499,1.4213076537025969e-07,1.4213076537025969e-05
IEEE-CIS,recomputed_from_saved_ieee_bundle_priority6_n24,artifacts/priority6_sota_attackers/targets_ieee_n24/ieee_priority6_bundle.pt,9,"48271,329213,299188,189732",network.9.running_mean,batchnorm_buffer,32,0.019805848987469808,5.3509548694965224e-08,5.350954869496522e-06
IEEE-CIS,recomputed_from_saved_ieee_bundle_priority6_n24,artifacts/priority6_sota_attackers/targets_ieee_n24/ieee_priority6_bundle.pt,9,"48271,329213,299188,189732",network.9.running_var,batchnorm_buffer,32,0.029641695259635448,8.0083097518326e-08,8.008309751832599e-06
IEEE-CIS,recomputed_from_saved_ieee_bundle_priority6_n24,artifacts/priority6_sota_attackers/targets_ieee_n24/ieee_priority6_bundle.pt,10,"511387,236008,432509,73181",network.0.weight,parameter,23168,0.005829999253735209,2.4255581701617753e-08,2.4255581701617755e-06
IEEE-CIS,recomputed_from_saved_ieee_bundle_priority6_n24,artifacts/priority6_sota_attackers/targets_ieee_n24/ieee_priority6_bundle.pt,10,"511387,236008,432509,73181",network.0.bias,parameter,128,8.515605828149456e-07,3.5428987880421558e-12,3.5428987880421556e-10
IEEE-CIS,recomputed_from_saved_ieee_bundle_priority6_n24,artifacts/priority6_sota_attackers/targets_ieee_n24/ieee_priority6_bundle.pt,10,"511387,236008,432509,73181",network.1.weight,parameter,128,0.00011000265134697429,4.5766357438753325e-10,4.5766357438753325e-08
IEEE-CIS,recomputed_from_saved_ieee_bundle_priority6_n24,artifacts/priority6_sota_attackers/targets_ieee_n24/ieee_priority6_bundle.pt,10,"511387,236008,432509,73181",network.1.bias,parameter,128,0.0001099997622530994,4.57651554376985e-10,4.57651554376985e-08
IEEE-CIS,recomputed_from_saved_ieee_bundle_priority6_n24,artifacts/priority6_sota_attackers/targets_ieee_n24/ieee_priority6_bundle.pt,10,"511387,236008,432509,73181",network.4.weight,parameter,8192,0.006709981019194456,2.7916726185359406e-08,2.7916726185359405e-06
IEEE-CIS,recomputed_from_saved_ieee_bundle_priority6_n24,artifacts/priority6_sota_attackers/targets_ieee_n24/ieee_priority6_bundle.pt,10,"511387,236008,432509,73181",network.4.bias,parameter,64,1.6326497778915302e-05,6.792602941141767e-11,6.7926029411417675e-09
IEEE-CIS,recomputed_from_saved_ieee_bundle_priority6_n24,artifacts/priority6_sota_attackers/targets_ieee_n24/ieee_priority6_bundle.pt,10,"511387,236008,432509,73181",network.5.weight,parameter,64,6.100188643642923e-05,2.5379698624551837e-10,2.537969862455184e-08
IEEE-CIS,recomputed_from_saved_ieee_bundle_priority6_n24,artifacts/priority6_sota_attackers/targets_ieee_n24/ieee_priority6_bundle.pt,10,"511387,236008,432509,73181",network.5.bias,parameter,64,6.0999963652353826e-05,2.5378898654531156e-10,2.5378898654531157e-08
IEEE-CIS,recomputed_from_saved_ieee_bundle_priority6_n24,artifacts/priority6_sota_attackers/targets_ieee_n24/ieee_priority6_bundle.pt,10,"511387,236008,432509,73181",network.8.weight,parameter,2048,0.0018299537516133458,7.613481717686582e-09,7.613481717686582e-07
IEEE-CIS,recomputed_from_saved_ieee_bundle_priority6_n24,artifacts/priority6_sota_attackers/targets_ieee_n24/ieee_priority6_bundle.pt,10,"511387,236008,432509,73181",network.8.bias,parameter,32,7.334951846919326e-06,3.0516903357474145e-11,3.0516903357474145e-09
IEEE-CIS,recomputed_from_saved_ieee_bundle_priority6_n24,artifacts/priority6_sota_attackers/targets_ieee_n24/ieee_priority6_bundle.pt,10,"511387,236008,432509,73181",network.9.weight,parameter,32,3.0000896487081263e-05,1.248180598647513e-10,1.248180598647513e-08
IEEE-CIS,recomputed_from_saved_ieee_bundle_priority6_n24,artifacts/priority6_sota_attackers/targets_ieee_n24/ieee_priority6_bundle.pt,10,"511387,236008,432509,73181",network.9.bias,parameter,32,2.9999960940380174e-05,1.2481416754359372e-10,1.2481416754359372e-08
IEEE-CIS,recomputed_from_saved_ieee_bundle_priority6_n24,artifacts/priority6_sota_attackers/targets_ieee_n24/ieee_priority6_bundle.pt,10,"511387,236008,432509,73181",network.12.weight,parameter,32,3.0000076890093763e-05,1.2481464994978775e-10,1.2481464994978774e-08
IEEE-CIS,recomputed_from_saved_ieee_bundle_priority6_n24,artifacts/priority6_sota_attackers/targets_ieee_n24/ieee_priority6_bundle.pt,10,"511387,236008,432509,73181",network.12.bias,parameter,1,1.0000040531199517e-06,4.1604945312573705e-12,4.16049453125737e-10
IEEE-CIS,recomputed_from_saved_ieee_bundle_priority6_n24,artifacts/priority6_sota_attackers/targets_ieee_n24/ieee_priority6_bundle.pt,10,"511387,236008,432509,73181",network.1.running_mean,batchnorm_buffer,128,23.30445113827124,9.695764853375236e-05,0.009695764853375236
IEEE-CIS,recomputed_from_saved_ieee_bundle_priority6_n24,artifacts/priority6_sota_attackers/targets_ieee_n24/ieee_priority6_bundle.pt,10,"511387,236008,432509,73181",network.1.running_var,batchnorm_buffer,128,240333.57394906358,0.9999024673679776,99.99024673679776
IEEE-CIS,recomputed_from_saved_ieee_bundle_priority6_n24,artifacts/priority6_sota_attackers/targets_ieee_n24/ieee_priority6_bundle.pt,10,"511387,236008,432509,73181",network.5.running_mean,batchnorm_buffer,64,0.03828183509174333,1.5927072000236165e-07,1.5927072000236165e-05
IEEE-CIS,recomputed_from_saved_ieee_bundle_priority6_n24,artifacts/priority6_sota_attackers/targets_ieee_n24/ieee_priority6_bundle.pt,10,"511387,236008,432509,73181",network.5.running_var,batchnorm_buffer,64,0.04205374769913206,1.7496367817234135e-07,1.7496367817234136e-05
IEEE-CIS,recomputed_from_saved_ieee_bundle_priority6_n24,artifacts/priority6_sota_attackers/targets_ieee_n24/ieee_priority6_bundle.pt,10,"511387,236008,432509,73181",network.9.running_mean,batchnorm_buffer,32,0.01609733143522203,6.697258795614615e-08,6.6972587956146155e-06
IEEE-CIS,recomputed_from_saved_ieee_bundle_priority6_n24,artifacts/priority6_sota_attackers/targets_ieee_n24/ieee_priority6_bundle.pt,10,"511387,236008,432509,73181",network.9.running_var,batchnorm_buffer,32,0.02694094945191594,1.1208721855863566e-07,1.1208721855863566e-05
IEEE-CIS,recomputed_from_saved_ieee_bundle_priority6_n24,artifacts/priority6_sota_attackers/targets_ieee_n24/ieee_priority6_bundle.pt,11,"354292,241649,572218,465103",network.0.weight,parameter,23168,0.004625956083174087,3.7473064110200503e-10,3.74730641102005e-08
IEEE-CIS,recomputed_from_saved_ieee_bundle_priority6_n24,artifacts/priority6_sota_attackers/targets_ieee_n24/ieee_priority6_bundle.pt,11,"354292,241649,572218,465103",network.0.bias,parameter,128,6.873398899257381e-07,5.567872089052006e-14,5.5678720890520055e-12
IEEE-CIS,recomputed_from_saved_ieee_bundle_priority6_n24,artifacts/priority6_sota_attackers/targets_ieee_n24/ieee_priority6_bundle.pt,11,"354292,241649,572218,465103",network.1.weight,parameter,128,0.00010800317966896955,8.748915906403974e-12,8.748915906403974e-10
IEEE-CIS,recomputed_from_saved_ieee_bundle_priority6_n24,artifacts/priority6_sota_attackers/targets_ieee_n24/ieee_priority6_bundle.pt,11,"354292,241649,572218,465103",network.1.bias,parameter,128,0.00010799993482235308,8.74865305404848e-12,8.74865305404848e-10
IEEE-CIS,recomputed_from_saved_ieee_bundle_priority6_n24,artifacts/priority6_sota_attackers/targets_ieee_n24/ieee_priority6_bundle.pt,11,"354292,241649,572218,465103",network.4.weight,parameter,8192,0.006479977189520887,5.249176522422575e-10,5.249176522422575e-08
IEEE-CIS,recomputed_from_saved_ieee_bundle_priority6_n24,artifacts/priority6_sota_attackers/targets_ieee_n24/ieee_priority6_bundle.pt,11,"354292,241649,572218,465103",network.4.bias,parameter,64,2.042517519308622e-05,1.6545636960466426e-12,1.6545636960466425e-10
IEEE-CIS,recomputed_from_saved_ieee_bundle_priority6_n24,artifacts/priority6_sota_attackers/targets_ieee_n24/ieee_priority6_bundle.pt,11,"354292,241649,572218,465103",network.5.weight,parameter,64,6.000155455154754e-05,4.860491669170952e-12,4.860491669170952e-10
IEEE-CIS,recomputed_from_saved_ieee_bundle_priority6_n24,artifacts/priority6_sota_attackers/targets_ieee_n24/ieee_priority6_bundle.pt,11,"354292,241649,572218,465103",network.5.bias,parameter,64,5.999996076339673e-05,4.8603625626155076e-12,4.860362562615508e-10
IEEE-CIS,recomputed_from_saved_ieee_bundle_priority6_n24,artifacts/priority6_sota_attackers/targets_ieee_n24/ieee_priority6_bundle.pt,11,"354292,241649,572218,465103",network.8.weight,parameter,2048,0.0018599771913221828,1.5066949032966827e-10,1.5066949032966826e-08
IEEE-CIS,recomputed_from_saved_ieee_bundle_priority6_n24,artifacts/priority6_sota_attackers/targets_ieee_n24/ieee_priority6_bundle.pt,11,"354292,241649,572218,465103",network.8.bias,parameter,32,6.013246469517564e-06,4.871096188791651e-13,4.871096188791651e-11
IEEE-CIS,recomputed_from_saved_ieee_bundle_priority6_n24,artifacts/priority6_sota_attackers/targets_ieee_n24/ieee_priority6_bundle.pt,11,"354292,241649,572218,465103",network.9.weight,parameter,32,3.100098994934797e-05,2.5112691581250357e-12,2.511269158125036e-10
IEEE-CIS,recomputed_from_saved_ieee_bundle_priority6_n24,artifacts/priority6_sota_attackers/targets_ieee_n24/ieee_priority6_bundle.pt,11,"354292,241649,572218,465103",network.9.bias,parameter,32,3.099997593649746e-05,2.511187016903043e-12,2.511187016903043e-10
IEEE-CIS,recomputed_from_saved_ieee_bundle_priority6_n24,artifacts/priority6_sota_attackers/targets_ieee_n24/ieee_priority6_bundle.pt,11,"354292,241649,572218,465103",network.12.weight,parameter,32,3.1000080943213715e-05,2.5111955230871475e-12,2.5111955230871477e-10
IEEE-CIS,recomputed_from_saved_ieee_bundle_priority6_n24,artifacts/priority6_sota_attackers/targets_ieee_n24/ieee_priority6_bundle.pt,11,"354292,241649,572218,465103",network.12.bias,parameter,1,1.0000040531199517e-06,8.100642401108173e-14,8.100642401108172e-12
IEEE-CIS,recomputed_from_saved_ieee_bundle_priority6_n24,artifacts/priority6_sota_attackers/targets_ieee_n24/ieee_priority6_bundle.pt,11,"354292,241649,572218,465103",network.1.running_mean,batchnorm_buffer,128,759.1399781123835,6.149496570426261e-05,0.006149496570426262
IEEE-CIS,recomputed_from_saved_ieee_bundle_priority6_n24,artifacts/priority6_sota_attackers/targets_ieee_n24/ieee_priority6_bundle.pt,11,"354292,241649,572218,465103",network.1.running_var,batchnorm_buffer,128,12343990.720051529,0.9999384933866943,99.99384933866942
IEEE-CIS,recomputed_from_saved_ieee_bundle_priority6_n24,artifacts/priority6_sota_attackers/targets_ieee_n24/ieee_priority6_bundle.pt,11,"354292,241649,572218,465103",network.5.running_mean,batchnorm_buffer,64,0.029446175098894738,2.3853196775788473e-09,2.3853196775788474e-07
IEEE-CIS,recomputed_from_saved_ieee_bundle_priority6_n24,artifacts/priority6_sota_attackers/targets_ieee_n24/ieee_priority6_bundle.pt,11,"354292,241649,572218,465103",network.5.running_var,batchnorm_buffer,64,0.0579471286820441,4.694070650610972e-09,4.694070650610972e-07
IEEE-CIS,recomputed_from_saved_ieee_bundle_priority6_n24,artifacts/priority6_sota_attackers/targets_ieee_n24/ieee_priority6_bundle.pt,11,"354292,241649,572218,465103",network.9.running_mean,batchnorm_buffer,32,0.0164166334006021,1.3298473760527276e-09,1.3298473760527277e-07
IEEE-CIS,recomputed_from_saved_ieee_bundle_priority6_n24,artifacts/priority6_sota_attackers/targets_ieee_n24/ieee_priority6_bundle.pt,11,"354292,241649,572218,465103",network.9.running_var,batchnorm_buffer,32,0.026553747898063307,2.151015442990278e-09,2.151015442990278e-07
IEEE-CIS,recomputed_from_saved_ieee_bundle_priority6_n24,artifacts/priority6_sota_attackers/targets_ieee_n24/ieee_priority6_bundle.pt,12,"331047,156471,421651,516293",network.0.weight,parameter,23168,0.004011789430258484,1.0725807418801297e-08,1.0725807418801297e-06
IEEE-CIS,recomputed_from_saved_ieee_bundle_priority6_n24,artifacts/priority6_sota_attackers/targets_ieee_n24/ieee_priority6_bundle.pt,12,"331047,156471,421651,516293",network.0.bias,parameter,128,4.083990624513585e-05,1.0918842501636585e-10,1.0918842501636585e-08
IEEE-CIS,recomputed_from_saved_ieee_bundle_priority6_n24,artifacts/priority6_sota_attackers/targets_ieee_n24/ieee_priority6_bundle.pt,12,"331047,156471,421651,516293",network.1.weight,parameter,128,0.00010800306045766206,2.8875394565147913e-10,2.8875394565147912e-08
IEEE-CIS,recomputed_from_saved_ieee_bundle_priority6_n24,artifacts/priority6_sota_attackers/targets_ieee_n24/ieee_priority6_bundle.pt,12,"331047,156471,421651,516293",network.1.bias,parameter,128,0.00010799991503209254,2.887455361301183e-10,2.887455361301183e-08
IEEE-CIS,recomputed_from_saved_ieee_bundle_priority6_n24,artifacts/priority6_sota_attackers/targets_ieee_n24/ieee_priority6_bundle.pt,12,"331047,156471,421651,516293",network.4.weight,parameter,8192,0.006263985837574884,1.6747216407018168e-08,1.6747216407018167e-06
IEEE-CIS,recomputed_from_saved_ieee_bundle_priority6_n24,artifacts/priority6_sota_attackers/targets_ieee_n24/ieee_priority6_bundle.pt,12,"331047,156471,421651,516293",network.4.bias,parameter,64,2.606843960373239e-05,6.969584714227415e-11,6.969584714227415e-09
IEEE-CIS,recomputed_from_saved_ieee_bundle_priority6_n24,artifacts/priority6_sota_attackers/targets_ieee_n24/ieee_priority6_bundle.pt,12,"331047,156471,421651,516293",network.5.weight,parameter,64,5.80018444722441e-05,1.5507210050764582e-10,1.5507210050764582e-08
IEEE-CIS,recomputed_from_saved_ieee_bundle_priority6_n24,artifacts/priority6_sota_attackers/targets_ieee_n24/ieee_priority6_bundle.pt,12,"331047,156471,421651,516293",network.5.bias,parameter,64,5.7999980596831164e-05,1.5506711730274952e-10,1.5506711730274953e-08
IEEE-CIS,recomputed_from_saved_ieee_bundle_priority6_n24,artifacts/priority6_sota_attackers/targets_ieee_n24/ieee_priority6_bundle.pt,12,"331047,156471,421651,516293",network.8.weight,parameter,2048,0.0017399836344505933,4.65197132088275e-09,4.65197132088275e-07
IEEE-CIS,recomputed_from_saved_ieee_bundle_priority6_n24,artifacts/priority6_sota_attackers/targets_ieee_n24/ieee_priority6_bundle.pt,12,"331047,156471,421651,516293",network.8.bias,parameter,32,1.0990397469088297e-05,2.938361764962501e-11,2.9383617649625007e-09
IEEE-CIS,recomputed_from_saved_ieee_bundle_priority6_n24,artifacts/priority6_sota_attackers/targets_ieee_n24/ieee_priority6_bundle.pt,12,"331047,156471,421651,516293",network.9.weight,parameter,32,3.000065806446628e-05,8.020891585430012e-11,8.020891585430012e-09
IEEE-CIS,recomputed_from_saved_ieee_bundle_priority6_n24,artifacts/priority6_sota_attackers/targets_ieee_n24/ieee_priority6_bundle.pt,12,"331047,156471,421651,516293",network.9.bias,parameter,32,2.9999972814747644e-05,8.020708378991997e-11,8.020708378991997e-09
IEEE-CIS,recomputed_from_saved_ieee_bundle_priority6_n24,artifacts/priority6_sota_attackers/targets_ieee_n24/ieee_priority6_bundle.pt,12,"331047,156471,421651,516293",network.12.weight,parameter,32,3.000008806596996e-05,8.020739192234735e-11,8.020739192234735e-09
IEEE-CIS,recomputed_from_saved_ieee_bundle_priority6_n24,artifacts/priority6_sota_attackers/targets_ieee_n24/ieee_priority6_bundle.pt,12,"331047,156471,421651,516293",network.12.bias,parameter,1,1.0000040531199517e-06,2.673582718695748e-12,2.673582718695748e-10
IEEE-CIS,recomputed_from_saved_ieee_bundle_priority6_n24,artifacts/priority6_sota_attackers/targets_ieee_n24/ieee_priority6_bundle.pt,12,"331047,156471,421651,516293",network.1.running_mean,batchnorm_buffer,128,3.159651294498154,8.447554859121772e-06,0.0008447554859121772
IEEE-CIS,recomputed_from_saved_ieee_bundle_priority6_n24,artifacts/priority6_sota_attackers/targets_ieee_n24/ieee_priority6_bundle.pt,12,"331047,156471,421651,516293",network.1.running_var,batchnorm_buffer,128,374028.17209974903,0.9999912041469472,99.99912041469472
IEEE-CIS,recomputed_from_saved_ieee_bundle_priority6_n24,artifacts/priority6_sota_attackers/targets_ieee_n24/ieee_priority6_bundle.pt,12,"331047,156471,421651,516293",network.5.running_mean,batchnorm_buffer,64,0.02658072234310637,7.106547187009724e-08,7.106547187009724e-06
IEEE-CIS,recomputed_from_saved_ieee_bundle_priority6_n24,artifacts/priority6_sota_attackers/targets_ieee_n24/ieee_priority6_bundle.pt,12,"331047,156471,421651,516293",network.5.running_var,batchnorm_buffer,64,0.048129075281763356,1.286765423986679e-07,1.2867654239866791e-05
IEEE-CIS,recomputed_from_saved_ieee_bundle_priority6_n24,artifacts/priority6_sota_attackers/targets_ieee_n24/ieee_priority6_bundle.pt,12,"331047,156471,421651,516293",network.9.running_mean,batchnorm_buffer,32,0.01842642833506023,4.926438068945842e-08,4.926438068945842e-06
IEEE-CIS,recomputed_from_saved_ieee_bundle_priority6_n24,artifacts/priority6_sota_attackers/targets_ieee_n24/ieee_priority6_bundle.pt,12,"331047,156471,421651,516293",network.9.running_var,batchnorm_buffer,32,0.024621593545298914,6.58276002023022e-08,6.58276002023022e-06
IEEE-CIS,recomputed_from_saved_ieee_bundle_priority6_n24,artifacts/priority6_sota_attackers/targets_ieee_n24/ieee_priority6_bundle.pt,13,"332456,85647,81654,409251",network.0.weight,parameter,23168,0.005312588827859618,1.861170118069761e-08,1.861170118069761e-06
IEEE-CIS,recomputed_from_saved_ieee_bundle_priority6_n24,artifacts/priority6_sota_attackers/targets_ieee_n24/ieee_priority6_bundle.pt,13,"332456,85647,81654,409251",network.0.bias,parameter,128,1.0371390506690157e-05,3.633430464759127e-11,3.633430464759127e-09
IEEE-CIS,recomputed_from_saved_ieee_bundle_priority6_n24,artifacts/priority6_sota_attackers/targets_ieee_n24/ieee_priority6_bundle.pt,13,"332456,85647,81654,409251",network.1.weight,parameter,128,0.0001080024644011246,3.783672441713342e-10,3.783672441713342e-08
IEEE-CIS,recomputed_from_saved_ieee_bundle_priority6_n24,artifacts/priority6_sota_attackers/targets_ieee_n24/ieee_priority6_bundle.pt,13,"332456,85647,81654,409251",network.1.bias,parameter,128,0.00010799997114390705,3.7835850949229107e-10,3.783585094922911e-08
IEEE-CIS,recomputed_from_saved_ieee_bundle_priority6_n24,artifacts/priority6_sota_attackers/targets_ieee_n24/ieee_priority6_bundle.pt,13,"332456,85647,81654,409251",network.4.weight,parameter,8192,0.006695968686723168,2.3458124155791134e-08,2.3458124155791133e-06
IEEE-CIS,recomputed_from_saved_ieee_bundle_priority6_n24,artifacts/priority6_sota_attackers/targets_ieee_n24/ieee_priority6_bundle.pt,13,"332456,85647,81654,409251",network.4.bias,parameter,64,1.811947632913242e-05,6.347833230007453e-11,6.347833230007453e-09
IEEE-CIS,recomputed_from_saved_ieee_bundle_priority6_n24,artifacts/priority6_sota_attackers/targets_ieee_n24/ieee_priority6_bundle.pt,13,"332456,85647,81654,409251",network.5.weight,parameter,64,6.200186068738844e-05,2.1721238762342422e-10,2.172123876234242e-08
IEEE-CIS,recomputed_from_saved_ieee_bundle_priority6_n24,artifacts/priority6_sota_attackers/targets_ieee_n24/ieee_priority6_bundle.pt,13,"332456,85647,81654,409251",network.5.bias,parameter,64,6.19999143873763e-05,2.1720556911075407e-10,2.1720556911075408e-08
IEEE-CIS,recomputed_from_saved_ieee_bundle_priority6_n24,artifacts/priority6_sota_attackers/targets_ieee_n24/ieee_priority6_bundle.pt,13,"332456,85647,81654,409251",network.8.weight,parameter,2048,0.0019219629455668077,6.733252126661296e-09,6.733252126661295e-07
IEEE-CIS,recomputed_from_saved_ieee_bundle_priority6_n24,artifacts/priority6_sota_attackers/targets_ieee_n24/ieee_priority6_bundle.pt,13,"332456,85647,81654,409251",network.8.bias,parameter,32,1.0644841600907266e-05,3.729229146306144e-11,3.729229146306144e-09
IEEE-CIS,recomputed_from_saved_ieee_bundle_priority6_n24,artifacts/priority6_sota_attackers/targets_ieee_n24/ieee_priority6_bundle.pt,13,"332456,85647,81654,409251",network.9.weight,parameter,32,3.1000751526732984e-05,1.0860556735859172e-10,1.0860556735859173e-08
IEEE-CIS,recomputed_from_saved_ieee_bundle_priority6_n24,artifacts/priority6_sota_attackers/targets_ieee_n24/ieee_priority6_bundle.pt,13,"332456,85647,81654,409251",network.9.bias,parameter,32,3.099997640216948e-05,1.0860285184884285e-10,1.0860285184884284e-08
IEEE-CIS,recomputed_from_saved_ieee_bundle_priority6_n24,artifacts/priority6_sota_attackers/targets_ieee_n24/ieee_priority6_bundle.pt,13,"332456,85647,81654,409251",network.12.weight,parameter,32,3.100008839379553e-05,1.0860324419139869e-10,1.086032441913987e-08
IEEE-CIS,recomputed_from_saved_ieee_bundle_priority6_n24,artifacts/priority6_sota_attackers/targets_ieee_n24/ieee_priority6_bundle.pt,13,"332456,85647,81654,409251",network.12.bias,parameter,1,1.0000040531199517e-06,3.5033346677524592e-12,3.503334667752459e-10
IEEE-CIS,recomputed_from_saved_ieee_bundle_priority6_n24,artifacts/priority6_sota_attackers/targets_ieee_n24/ieee_priority6_bundle.pt,13,"332456,85647,81654,409251",network.1.running_mean,batchnorm_buffer,128,9.747824826681835,3.414975423744234e-05,0.003414975423744234
IEEE-CIS,recomputed_from_saved_ieee_bundle_priority6_n24,artifacts/priority6_sota_attackers/targets_ieee_n24/ieee_priority6_bundle.pt,13,"332456,85647,81654,409251",network.1.running_var,batchnorm_buffer,128,285433.6112793009,0.9999654127567887,99.99654127567888
IEEE-CIS,recomputed_from_saved_ieee_bundle_priority6_n24,artifacts/priority6_sota_attackers/targets_ieee_n24/ieee_priority6_bundle.pt,13,"332456,85647,81654,409251",network.5.running_mean,batchnorm_buffer,64,0.019696853128866695,6.900438872892248e-08,6.900438872892248e-06
IEEE-CIS,recomputed_from_saved_ieee_bundle_priority6_n24,artifacts/priority6_sota_attackers/targets_ieee_n24/ieee_priority6_bundle.pt,13,"332456,85647,81654,409251",network.5.running_var,batchnorm_buffer,64,0.05233580593502207,1.8334910016103174e-07,1.8334910016103174e-05
IEEE-CIS,recomputed_from_saved_ieee_bundle_priority6_n24,artifacts/priority6_sota_attackers/targets_ieee_n24/ieee_priority6_bundle.pt,13,"332456,85647,81654,409251",network.9.running_mean,batchnorm_buffer,32,0.018523110555699728,6.489239234774424e-08,6.489239234774425e-06
IEEE-CIS,recomputed_from_saved_ieee_bundle_priority6_n24,artifacts/priority6_sota_attackers/targets_ieee_n24/ieee_priority6_bundle.pt,13,"332456,85647,81654,409251",network.9.running_var,batchnorm_buffer,32,0.01991894609914624,6.978245157758488e-08,6.978245157758487e-06
IEEE-CIS,recomputed_from_saved_ieee_bundle_priority6_n24,artifacts/priority6_sota_attackers/targets_ieee_n24/ieee_priority6_bundle.pt,14,"205333,442171,15648,315589",network.0.weight,parameter,23168,0.005169974469738328,1.3707411553354624e-08,1.3707411553354625e-06
IEEE-CIS,recomputed_from_saved_ieee_bundle_priority6_n24,artifacts/priority6_sota_attackers/targets_ieee_n24/ieee_priority6_bundle.pt,14,"205333,442171,15648,315589",network.0.bias,parameter,128,5.6712087545044546e-05,1.503635904935423e-10,1.503635904935423e-08
IEEE-CIS,recomputed_from_saved_ieee_bundle_priority6_n24,artifacts/priority6_sota_attackers/targets_ieee_n24/ieee_priority6_bundle.pt,14,"205333,442171,15648,315589",network.1.weight,parameter,128,0.00011000253212145594,2.9165520807228016e-10,2.9165520807228014e-08
IEEE-CIS,recomputed_from_saved_ieee_bundle_priority6_n24,artifacts/priority6_sota_attackers/targets_ieee_n24/ieee_priority6_bundle.pt,14,"205333,442171,15648,315589",network.1.bias,parameter,128,0.00010999996132219222,2.9164839198378005e-10,2.9164839198378003e-08
IEEE-CIS,recomputed_from_saved_ieee_bundle_priority6_n24,artifacts/priority6_sota_attackers/targets_ieee_n24/ieee_priority6_bundle.pt,14,"205333,442171,15648,315589",network.4.weight,parameter,8192,0.006599843982014473,1.7498496013652856e-08,1.7498496013652855e-06
IEEE-CIS,recomputed_from_saved_ieee_bundle_priority6_n24,artifacts/priority6_sota_attackers/targets_ieee_n24/ieee_priority6_bundle.pt,14,"205333,442171,15648,315589",network.4.bias,parameter,64,2.6923437698262765e-05,7.138345520299436e-11,7.138345520299436e-09
IEEE-CIS,recomputed_from_saved_ieee_bundle_priority6_n24,artifacts/priority6_sota_attackers/targets_ieee_n24/ieee_priority6_bundle.pt,14,"205333,442171,15648,315589",network.5.weight,parameter,64,6.000143534734548e-05,1.590848026256679e-10,1.590848026256679e-08
IEEE-CIS,recomputed_from_saved_ieee_bundle_priority6_n24,artifacts/priority6_sota_attackers/targets_ieee_n24/ieee_priority6_bundle.pt,14,"205333,442171,15648,315589",network.5.bias,parameter,64,5.99999290986815e-05,1.5908080903334753e-10,1.5908080903334752e-08
IEEE-CIS,recomputed_from_saved_ieee_bundle_priority6_n24,artifacts/priority6_sota_attackers/targets_ieee_n24/ieee_priority6_bundle.pt,14,"205333,442171,15648,315589",network.8.weight,parameter,2048,0.001859978946195737,4.931455086541312e-09,4.931455086541313e-07
IEEE-CIS,recomputed_from_saved_ieee_bundle_priority6_n24,artifacts/priority6_sota_attackers/targets_ieee_n24/ieee_priority6_bundle.pt,14,"205333,442171,15648,315589",network.8.bias,parameter,32,9.079399382014004e-06,2.4072665100189312e-11,2.4072665100189313e-09
IEEE-CIS,recomputed_from_saved_ieee_bundle_priority6_n24,artifacts/priority6_sota_attackers/targets_ieee_n24/ieee_priority6_bundle.pt,14,"205333,442171,15648,315589",network.9.weight,parameter,32,3.100027469571387e-05,8.21925767735373e-11,8.219257677353729e-09
IEEE-CIS,recomputed_from_saved_ieee_bundle_priority6_n24,artifacts/priority6_sota_attackers/targets_ieee_n24/ieee_priority6_bundle.pt,14,"205333,442171,15648,315589",network.9.bias,parameter,32,3.099995405047273e-05,8.219172663079314e-11,8.219172663079314e-09
IEEE-CIS,recomputed_from_saved_ieee_bundle_priority6_n24,artifacts/priority6_sota_attackers/targets_ieee_n24/ieee_priority6_bundle.pt,14,"205333,442171,15648,315589",network.12.weight,parameter,32,3.100006976737221e-05,8.219203343678883e-11,8.219203343678883e-09
IEEE-CIS,recomputed_from_saved_ieee_bundle_priority6_n24,artifacts/priority6_sota_attackers/targets_ieee_n24/ieee_priority6_bundle.pt,14,"205333,442171,15648,315589",network.12.bias,parameter,1,1.0000040531199517e-06,2.6513606965319622e-12,2.651360696531962e-10
IEEE-CIS,recomputed_from_saved_ieee_bundle_priority6_n24,artifacts/priority6_sota_attackers/targets_ieee_n24/ieee_priority6_bundle.pt,14,"205333,442171,15648,315589",network.1.running_mean,batchnorm_buffer,128,5.41276944950185,1.4351146010881925e-05,0.0014351146010881926
IEEE-CIS,recomputed_from_saved_ieee_bundle_priority6_n24,artifacts/priority6_sota_attackers/targets_ieee_n24/ieee_priority6_bundle.pt,14,"205333,442171,15648,315589",network.1.running_var,batchnorm_buffer,128,377160.77375915356,0.9999851987586428,99.99851987586428
IEEE-CIS,recomputed_from_saved_ieee_bundle_priority6_n24,artifacts/priority6_sota_attackers/targets_ieee_n24/ieee_priority6_bundle.pt,14,"205333,442171,15648,315589",network.5.running_mean,batchnorm_buffer,64,0.022295563495523897,5.911334116560235e-08,5.9113341165602345e-06
IEEE-CIS,recomputed_from_saved_ieee_bundle_priority6_n24,artifacts/priority6_sota_attackers/targets_ieee_n24/ieee_priority6_bundle.pt,14,"205333,442171,15648,315589",network.5.running_var,batchnorm_buffer,64,0.09204417429820566,2.4404131695026913e-07,2.4404131695026912e-05
IEEE-CIS,recomputed_from_saved_ieee_bundle_priority6_n24,artifacts/priority6_sota_attackers/targets_ieee_n24/ieee_priority6_bundle.pt,14,"205333,442171,15648,315589",network.9.running_mean,batchnorm_buffer,32,0.01597876823443444,4.236530636410441e-08,4.2365306364104414e-06
IEEE-CIS,recomputed_from_saved_ieee_bundle_priority6_n24,artifacts/priority6_sota_attackers/targets_ieee_n24/ieee_priority6_bundle.pt,14,"205333,442171,15648,315589",network.9.running_var,batchnorm_buffer,32,0.02528579923078489,6.704150253364968e-08,6.704150253364968e-06
IEEE-CIS,recomputed_from_saved_ieee_bundle_priority6_n24,artifacts/priority6_sota_attackers/targets_ieee_n24/ieee_priority6_bundle.pt,15,"261871,150819,270822,352064",network.0.weight,parameter,23168,0.004712969027412992,1.2791564759735142e-08,1.2791564759735142e-06
IEEE-CIS,recomputed_from_saved_ieee_bundle_priority6_n24,artifacts/priority6_sota_attackers/targets_ieee_n24/ieee_priority6_bundle.pt,15,"261871,150819,270822,352064",network.0.bias,parameter,128,1.954697025611575e-05,5.305282815002273e-11,5.305282815002273e-09
IEEE-CIS,recomputed_from_saved_ieee_bundle_priority6_n24,artifacts/priority6_sota_attackers/targets_ieee_n24/ieee_priority6_bundle.pt,15,"261871,150819,270822,352064",network.1.weight,parameter,128,0.00011400314438603232,3.094182447933115e-10,3.094182447933115e-08
IEEE-CIS,recomputed_from_saved_ieee_bundle_priority6_n24,artifacts/priority6_sota_attackers/targets_ieee_n24/ieee_priority6_bundle.pt,15,"261871,150819,270822,352064",network.1.bias,parameter,128,0.00011399995890819691,3.0940959902335514e-10,3.094095990233551e-08
IEEE-CIS,recomputed_from_saved_ieee_bundle_priority6_n24,artifacts/priority6_sota_attackers/targets_ieee_n24/ieee_priority6_bundle.pt,15,"261871,150819,270822,352064",network.4.weight,parameter,8192,0.006839984135483962,1.8564539574882525e-08,1.8564539574882525e-06
IEEE-CIS,recomputed_from_saved_ieee_bundle_priority6_n24,artifacts/priority6_sota_attackers/targets_ieee_n24/ieee_priority6_bundle.pt,15,"261871,150819,270822,352064",network.4.bias,parameter,64,2.511424770589115e-05,6.816308871401067e-11,6.816308871401067e-09
IEEE-CIS,recomputed_from_saved_ieee_bundle_priority6_n24,artifacts/priority6_sota_attackers/targets_ieee_n24/ieee_priority6_bundle.pt,15,"261871,150819,270822,352064",network.5.weight,parameter,64,6.000167376996046e-05,1.6285175889268459e-10,1.6285175889268458e-08
IEEE-CIS,recomputed_from_saved_ieee_bundle_priority6_n24,artifacts/priority6_sota_attackers/targets_ieee_n24/ieee_priority6_bundle.pt,15,"261871,150819,270822,352064",network.5.bias,parameter,64,5.999990767919962e-05,1.6284696550995546e-10,1.6284696550995547e-08
IEEE-CIS,recomputed_from_saved_ieee_bundle_priority6_n24,artifacts/priority6_sota_attackers/targets_ieee_n24/ieee_priority6_bundle.pt,15,"261871,150819,270822,352064",network.8.weight,parameter,2048,0.0017999177620821663,4.8851932787917376e-09,4.885193278791738e-07
IEEE-CIS,recomputed_from_saved_ieee_bundle_priority6_n24,artifacts/priority6_sota_attackers/targets_ieee_n24/ieee_priority6_bundle.pt,15,"261871,150819,270822,352064",network.8.bias,parameter,32,1.0250917626134642e-05,2.7822223294641092e-11,2.782222329464109e-09
IEEE-CIS,recomputed_from_saved_ieee_bundle_priority6_n24,artifacts/priority6_sota_attackers/targets_ieee_n24/ieee_priority6_bundle.pt,15,"261871,150819,270822,352064",network.9.weight,parameter,32,3.0000896487081263e-05,8.142604121361272e-11,8.142604121361271e-09
IEEE-CIS,recomputed_from_saved_ieee_bundle_priority6_n24,artifacts/priority6_sota_attackers/targets_ieee_n24/ieee_priority6_bundle.pt,15,"261871,150819,270822,352064",network.9.bias,parameter,32,2.999998492189542e-05,8.142356711606622e-11,8.142356711606622e-09
IEEE-CIS,recomputed_from_saved_ieee_bundle_priority6_n24,artifacts/priority6_sota_attackers/targets_ieee_n24/ieee_priority6_bundle.pt,15,"261871,150819,270822,352064",network.12.weight,parameter,32,3.000008806596996e-05,8.142384706148946e-11,8.142384706148946e-09
IEEE-CIS,recomputed_from_saved_ieee_bundle_priority6_n24,artifacts/priority6_sota_attackers/targets_ieee_n24/ieee_priority6_bundle.pt,15,"261871,150819,270822,352064",network.12.bias,parameter,1,1.0000040531199517e-06,2.7141312686501914e-12,2.7141312686501917e-10
IEEE-CIS,recomputed_from_saved_ieee_bundle_priority6_n24,artifacts/priority6_sota_attackers/targets_ieee_n24/ieee_priority6_bundle.pt,15,"261871,150819,270822,352064",network.1.running_mean,batchnorm_buffer,128,6.683917769167613,1.814095668691096e-05,0.0018140956686910961
IEEE-CIS,recomputed_from_saved_ieee_bundle_priority6_n24,artifacts/priority6_sota_attackers/targets_ieee_n24/ieee_priority6_bundle.pt,15,"261871,150819,270822,352064",network.1.running_var,batchnorm_buffer,128,368436.6572696547,0.9999813989679642,99.99813989679642
IEEE-CIS,recomputed_from_saved_ieee_bundle_priority6_n24,artifacts/priority6_sota_attackers/targets_ieee_n24/ieee_priority6_bundle.pt,15,"261871,150819,270822,352064",network.5.running_mean,batchnorm_buffer,64,0.026106382230527546,7.085586113590409e-08,7.0855861135904085e-06
IEEE-CIS,recomputed_from_saved_ieee_bundle_priority6_n24,artifacts/priority6_sota_attackers/targets_ieee_n24/ieee_priority6_bundle.pt,15,"261871,150819,270822,352064",network.5.running_var,batchnorm_buffer,64,0.09195916486480726,2.4958823318748386e-07,2.4958823318748387e-05
IEEE-CIS,recomputed_from_saved_ieee_bundle_priority6_n24,artifacts/priority6_sota_attackers/targets_ieee_n24/ieee_priority6_bundle.pt,15,"261871,150819,270822,352064",network.9.running_mean,batchnorm_buffer,32,0.014702968752086527,3.9905625489737876e-08,3.990562548973788e-06
IEEE-CIS,recomputed_from_saved_ieee_bundle_priority6_n24,artifacts/priority6_sota_attackers/targets_ieee_n24/ieee_priority6_bundle.pt,15,"261871,150819,270822,352064",network.9.running_var,batchnorm_buffer,32,0.022896472050786265,6.214377885862422e-08,6.214377885862421e-06
IEEE-CIS,recomputed_from_saved_ieee_bundle_priority6_n24,artifacts/priority6_sota_attackers/targets_ieee_n24/ieee_priority6_bundle.pt,16,"388425,409882,95101,170222",network.0.weight,parameter,23168,0.005830553986895963,1.8877693610415948e-08,1.8877693610415947e-06
IEEE-CIS,recomputed_from_saved_ieee_bundle_priority6_n24,artifacts/priority6_sota_attackers/targets_ieee_n24/ieee_priority6_bundle.pt,16,"388425,409882,95101,170222",network.0.bias,parameter,128,3.2658956646763946e-06,1.0574051429745696e-11,1.0574051429745696e-09
IEEE-CIS,recomputed_from_saved_ieee_bundle_priority6_n24,artifacts/priority6_sota_attackers/targets_ieee_n24/ieee_priority6_bundle.pt,16,"388425,409882,95101,170222",network.1.weight,parameter,128,0.00010800222599272047,3.496808255468878e-10,3.496808255468878e-08
IEEE-CIS,recomputed_from_saved_ieee_bundle_priority6_n24,artifacts/priority6_sota_attackers/targets_ieee_n24/ieee_priority6_bundle.pt,16,"388425,409882,95101,170222",network.1.bias,parameter,128,0.00010799981328623922,3.496730138820225e-10,3.4967301388202245e-08
IEEE-CIS,recomputed_from_saved_ieee_bundle_priority6_n24,artifacts/priority6_sota_attackers/targets_ieee_n24/ieee_priority6_bundle.pt,16,"388425,409882,95101,170222",network.4.weight,parameter,8192,0.00647979157048967,2.0979742268398384e-08,2.0979742268398382e-06
IEEE-CIS,recomputed_from_saved_ieee_bundle_priority6_n24,artifacts/priority6_sota_attackers/targets_ieee_n24/ieee_priority6_bundle.pt,16,"388425,409882,95101,170222",network.4.bias,parameter,64,1.5346967048112336e-05,4.9689162030665174e-11,4.968916203066518e-09
IEEE-CIS,recomputed_from_saved_ieee_bundle_priority6_n24,artifacts/priority6_sota_attackers/targets_ieee_n24/ieee_priority6_bundle.pt,16,"388425,409882,95101,170222",network.5.weight,parameter,64,6.000155455865297e-05,1.9426815456174562e-10,1.9426815456174563e-08
IEEE-CIS,recomputed_from_saved_ieee_bundle_priority6_n24,artifacts/priority6_sota_attackers/targets_ieee_n24/ieee_priority6_bundle.pt,16,"388425,409882,95101,170222",network.5.bias,parameter,64,5.999992583886805e-05,1.9426288122525887e-10,1.9426288122525887e-08
IEEE-CIS,recomputed_from_saved_ieee_bundle_priority6_n24,artifacts/priority6_sota_attackers/targets_ieee_n24/ieee_priority6_bundle.pt,16,"388425,409882,95101,170222",network.8.weight,parameter,2048,0.001799976853332458,5.827818697746166e-09,5.827818697746166e-07
IEEE-CIS,recomputed_from_saved_ieee_bundle_priority6_n24,artifacts/priority6_sota_attackers/targets_ieee_n24/ieee_priority6_bundle.pt,16,"388425,409882,95101,170222",network.8.bias,parameter,32,5.830557590729357e-06,1.8877705278614677e-11,1.8877705278614677e-09
IEEE-CIS,recomputed_from_saved_ieee_bundle_priority6_n24,artifacts/priority6_sota_attackers/targets_ieee_n24/ieee_priority6_bundle.pt,16,"388425,409882,95101,170222",network.9.weight,parameter,32,3.0000896487081263e-05,9.713446324204833e-11,9.713446324204832e-09
IEEE-CIS,recomputed_from_saved_ieee_bundle_priority6_n24,artifacts/priority6_sota_attackers/targets_ieee_n24/ieee_priority6_bundle.pt,16,"388425,409882,95101,170222",network.9.bias,parameter,32,2.999996233735025e-05,9.713143872800593e-11,9.713143872800593e-09
IEEE-CIS,recomputed_from_saved_ieee_bundle_priority6_n24,artifacts/priority6_sota_attackers/targets_ieee_n24/ieee_priority6_bundle.pt,16,"388425,409882,95101,170222",network.12.weight,parameter,32,3.000008434067558e-05,9.713183374045247e-11,9.713183374045247e-09
IEEE-CIS,recomputed_from_saved_ieee_bundle_priority6_n24,artifacts/priority6_sota_attackers/targets_ieee_n24/ieee_priority6_bundle.pt,16,"388425,409882,95101,170222",network.12.bias,parameter,1,1.0000040531199517e-06,3.237731811831246e-12,3.237731811831246e-10
IEEE-CIS,recomputed_from_saved_ieee_bundle_priority6_n24,artifacts/priority6_sota_attackers/targets_ieee_n24/ieee_priority6_bundle.pt,16,"388425,409882,95101,170222",network.1.running_mean,batchnorm_buffer,128,18.268219780027902,5.9147356595990036e-05,0.005914735659599004
IEEE-CIS,recomputed_from_saved_ieee_bundle_priority6_n24,artifacts/priority6_sota_attackers/targets_ieee_n24/ieee_priority6_bundle.pt,16,"388425,409882,95101,170222",network.1.running_var,batchnorm_buffer,128,308841.0204767692,0.9999403439179024,99.99403439179024
IEEE-CIS,recomputed_from_saved_ieee_bundle_priority6_n24,artifacts/priority6_sota_attackers/targets_ieee_n24/ieee_priority6_bundle.pt,16,"388425,409882,95101,170222",network.5.running_mean,batchnorm_buffer,64,0.02820154659209294,9.130867445905018e-08,9.130867445905017e-06
IEEE-CIS,recomputed_from_saved_ieee_bundle_priority6_n24,artifacts/priority6_sota_attackers/targets_ieee_n24/ieee_priority6_bundle.pt,16,"388425,409882,95101,170222",network.5.running_var,batchnorm_buffer,64,0.065233546431271,2.1120787242825507e-07,2.112078724282551e-05
IEEE-CIS,recomputed_from_saved_ieee_bundle_priority6_n24,artifacts/priority6_sota_attackers/targets_ieee_n24/ieee_priority6_bundle.pt,16,"388425,409882,95101,170222",network.9.running_mean,batchnorm_buffer,32,0.023329368917118586,7.553393374480802e-08,7.5533933744808024e-06
IEEE-CIS,recomputed_from_saved_ieee_bundle_priority6_n24,artifacts/priority6_sota_attackers/targets_ieee_n24/ieee_priority6_bundle.pt,16,"388425,409882,95101,170222",network.9.running_var,batchnorm_buffer,32,0.025798444268344767,8.35281051539458e-08,8.352810515394581e-06
IEEE-CIS,recomputed_from_saved_ieee_bundle_priority6_n24,artifacts/priority6_sota_attackers/targets_ieee_n24/ieee_priority6_bundle.pt,17,"182933,121880,258445,319068",network.0.weight,parameter,23168,0.004729933186171886,1.2691256658617102e-08,1.2691256658617102e-06
IEEE-CIS,recomputed_from_saved_ieee_bundle_priority6_n24,artifacts/priority6_sota_attackers/targets_ieee_n24/ieee_priority6_bundle.pt,17,"182933,121880,258445,319068",network.0.bias,parameter,128,2.60907188377863e-05,7.000606481000913e-11,7.000606481000913e-09
IEEE-CIS,recomputed_from_saved_ieee_bundle_priority6_n24,artifacts/priority6_sota_attackers/targets_ieee_n24/ieee_priority6_bundle.pt,17,"182933,121880,258445,319068",network.1.weight,parameter,128,0.00011000336659350296,2.951587060112352e-10,2.951587060112352e-08
IEEE-CIS,recomputed_from_saved_ieee_bundle_priority6_n24,artifacts/priority6_sota_attackers/targets_ieee_n24/ieee_priority6_bundle.pt,17,"182933,121880,258445,319068",network.1.bias,parameter,128,0.0001099999499134984,2.9514953844773026e-10,2.9514953844773025e-08
IEEE-CIS,recomputed_from_saved_ieee_bundle_priority6_n24,artifacts/priority6_sota_attackers/targets_ieee_n24/ieee_priority6_bundle.pt,17,"182933,121880,258445,319068",network.4.weight,parameter,8192,0.006489986682443364,1.741379496410131e-08,1.7413794964101311e-06
IEEE-CIS,recomputed_from_saved_ieee_bundle_priority6_n24,artifacts/priority6_sota_attackers/targets_ieee_n24/ieee_priority6_bundle.pt,17,"182933,121880,258445,319068",network.4.bias,parameter,64,2.7900123119784283e-05,7.486102009968893e-11,7.486102009968894e-09
IEEE-CIS,recomputed_from_saved_ieee_bundle_priority6_n24,artifacts/priority6_sota_attackers/targets_ieee_n24/ieee_priority6_bundle.pt,17,"182933,121880,258445,319068",network.5.weight,parameter,64,5.9001937934510806e-05,1.5831275162022164e-10,1.5831275162022162e-08
IEEE-CIS,recomputed_from_saved_ieee_bundle_priority6_n24,artifacts/priority6_sota_attackers/targets_ieee_n24/ieee_priority6_bundle.pt,17,"182933,121880,258445,319068",network.5.bias,parameter,64,5.8999970912950714e-05,1.5830747374958593e-10,1.5830747374958593e-08
IEEE-CIS,recomputed_from_saved_ieee_bundle_priority6_n24,artifacts/priority6_sota_attackers/targets_ieee_n24/ieee_priority6_bundle.pt,17,"182933,121880,258445,319068",network.8.weight,parameter,2048,0.0018878689236990708,5.065489956293317e-09,5.065489956293317e-07
IEEE-CIS,recomputed_from_saved_ieee_bundle_priority6_n24,artifacts/priority6_sota_attackers/targets_ieee_n24/ieee_priority6_bundle.pt,17,"182933,121880,258445,319068",network.8.bias,parameter,32,1.1925583561894911e-05,3.199847351549743e-11,3.199847351549743e-09
IEEE-CIS,recomputed_from_saved_ieee_bundle_priority6_n24,artifacts/priority6_sota_attackers/targets_ieee_n24/ieee_priority6_bundle.pt,17,"182933,121880,258445,319068",network.9.weight,parameter,32,3.200084498899969e-05,8.586399026425005e-11,8.586399026425006e-09
IEEE-CIS,recomputed_from_saved_ieee_bundle_priority6_n24,artifacts/priority6_sota_attackers/targets_ieee_n24/ieee_priority6_bundle.pt,17,"182933,121880,258445,319068",network.9.bias,parameter,32,3.199996229450931e-05,8.586162183706777e-11,8.586162183706777e-09
IEEE-CIS,recomputed_from_saved_ieee_bundle_priority6_n24,artifacts/priority6_sota_attackers/targets_ieee_n24/ieee_priority6_bundle.pt,17,"182933,121880,258445,319068",network.12.weight,parameter,32,3.2000084996333666e-05,8.5861951068007e-11,8.5861951068007e-09
IEEE-CIS,recomputed_from_saved_ieee_bundle_priority6_n24,artifacts/priority6_sota_attackers/targets_ieee_n24/ieee_priority6_bundle.pt,17,"182933,121880,258445,319068",network.12.bias,parameter,1,1.0000040531199517e-06,2.6831897192345405e-12,2.6831897192345406e-10
IEEE-CIS,recomputed_from_saved_ieee_bundle_priority6_n24,artifacts/priority6_sota_attackers/targets_ieee_n24/ieee_priority6_bundle.pt,17,"182933,121880,258445,319068",network.1.running_mean,batchnorm_buffer,128,6.336797398628712,1.7002760718644037e-05,0.0017002760718644037
IEEE-CIS,recomputed_from_saved_ieee_bundle_priority6_n24,artifacts/priority6_sota_attackers/targets_ieee_n24/ieee_priority6_bundle.pt,17,"182933,121880,258445,319068",network.1.running_var,batchnorm_buffer,128,372685.77111934655,0.9999825765230954,99.99825765230955
IEEE-CIS,recomputed_from_saved_ieee_bundle_priority6_n24,artifacts/priority6_sota_attackers/targets_ieee_n24/ieee_priority6_bundle.pt,17,"182933,121880,258445,319068",network.5.running_mean,batchnorm_buffer,64,0.02631332140236421,7.060334730190224e-08,7.060334730190224e-06
IEEE-CIS,recomputed_from_saved_ieee_bundle_priority6_n24,artifacts/priority6_sota_attackers/targets_ieee_n24/ieee_priority6_bundle.pt,17,"182933,121880,258445,319068",network.5.running_var,batchnorm_buffer,64,0.07504947095340775,2.0137115271473816e-07,2.0137115271473817e-05
IEEE-CIS,recomputed_from_saved_ieee_bundle_priority6_n24,artifacts/priority6_sota_attackers/targets_ieee_n24/ieee_priority6_bundle.pt,17,"182933,121880,258445,319068",network.9.running_mean,batchnorm_buffer,32,0.015780395220313975,4.234162260492897e-08,4.234162260492897e-06
IEEE-CIS,recomputed_from_saved_ieee_bundle_priority6_n24,artifacts/priority6_sota_attackers/targets_ieee_n24/ieee_priority6_bundle.pt,17,"182933,121880,258445,319068",network.9.running_var,batchnorm_buffer,32,0.02604576924251134,6.98854570069215e-08,6.98854570069215e-06
IEEE-CIS,recomputed_from_saved_ieee_bundle_priority6_n24,artifacts/priority6_sota_attackers/targets_ieee_n24/ieee_priority6_bundle.pt,18,"339090,73039,245847,155439",network.0.weight,parameter,23168,0.005337904086342937,1.3781738371964573e-08,1.3781738371964573e-06
IEEE-CIS,recomputed_from_saved_ieee_bundle_priority6_n24,artifacts/priority6_sota_attackers/targets_ieee_n24/ieee_priority6_bundle.pt,18,"339090,73039,245847,155439",network.0.bias,parameter,128,9.71548594638277e-06,2.5084056083383083e-11,2.5084056083383084e-09
IEEE-CIS,recomputed_from_saved_ieee_bundle_priority6_n24,artifacts/priority6_sota_attackers/targets_ieee_n24/ieee_priority6_bundle.pt,18,"339090,73039,245847,155439",network.1.weight,parameter,128,0.00010900303470862127,2.814309290322229e-10,2.8143092903222293e-08
IEEE-CIS,recomputed_from_saved_ieee_bundle_priority6_n24,artifacts/priority6_sota_attackers/targets_ieee_n24/ieee_priority6_bundle.pt,18,"339090,73039,245847,155439",network.1.bias,parameter,128,0.00010899993561614053,2.814229275992505e-10,2.814229275992505e-08
IEEE-CIS,recomputed_from_saved_ieee_bundle_priority6_n24,artifacts/priority6_sota_attackers/targets_ieee_n24/ieee_priority6_bundle.pt,18,"339090,73039,245847,155439",network.4.weight,parameter,8192,0.006648981434490042,1.716676078999602e-08,1.7166760789996018e-06
IEEE-CIS,recomputed_from_saved_ieee_bundle_priority6_n24,artifacts/priority6_sota_attackers/targets_ieee_n24/ieee_priority6_bundle.pt,18,"339090,73039,245847,155439",network.4.bias,parameter,64,3.4137685767766577e-05,8.813883619217046e-11,8.813883619217046e-09
IEEE-CIS,recomputed_from_saved_ieee_bundle_priority6_n24,artifacts/priority6_sota_attackers/targets_ieee_n24/ieee_priority6_bundle.pt,18,"339090,73039,245847,155439",network.5.weight,parameter,64,6.100176722512174e-05,1.5749822074830347e-10,1.5749822074830346e-08
IEEE-CIS,recomputed_from_saved_ieee_bundle_priority6_n24,artifacts/priority6_sota_attackers/targets_ieee_n24/ieee_priority6_bundle.pt,18,"339090,73039,245847,155439",network.5.bias,parameter,64,6.099984398238301e-05,1.5749325519856294e-10,1.5749325519856292e-08
IEEE-CIS,recomputed_from_saved_ieee_bundle_priority6_n24,artifacts/priority6_sota_attackers/targets_ieee_n24/ieee_priority6_bundle.pt,18,"339090,73039,245847,155439",network.8.weight,parameter,2048,0.0019519461315872198,5.0396579755957625e-09,5.039657975595762e-07
IEEE-CIS,recomputed_from_saved_ieee_bundle_priority6_n24,artifacts/priority6_sota_attackers/targets_ieee_n24/ieee_priority6_bundle.pt,18,"339090,73039,245847,155439",network.8.bias,parameter,32,1.1693844871219113e-05,3.019190827909672e-11,3.019190827909672e-09
IEEE-CIS,recomputed_from_saved_ieee_bundle_priority6_n24,artifacts/priority6_sota_attackers/targets_ieee_n24/ieee_priority6_bundle.pt,18,"339090,73039,245847,155439",network.9.weight,parameter,32,3.200084498899969e-05,8.262180552261297e-11,8.262180552261297e-09
IEEE-CIS,recomputed_from_saved_ieee_bundle_priority6_n24,artifacts/priority6_sota_attackers/targets_ieee_n24/ieee_priority6_bundle.pt,18,"339090,73039,245847,155439",network.9.bias,parameter,32,3.199997207339277e-05,8.261955177389048e-11,8.261955177389048e-09
IEEE-CIS,recomputed_from_saved_ieee_bundle_priority6_n24,artifacts/priority6_sota_attackers/targets_ieee_n24/ieee_priority6_bundle.pt,18,"339090,73039,245847,155439",network.12.weight,parameter,32,3.2000084996333666e-05,8.261984332548123e-11,8.261984332548123e-09
IEEE-CIS,recomputed_from_saved_ieee_bundle_priority6_n24,artifacts/priority6_sota_attackers/targets_ieee_n24/ieee_priority6_bundle.pt,18,"339090,73039,245847,155439",network.12.bias,parameter,1,1.0000040531199517e-06,2.5818737107442876e-12,2.5818737107442876e-10
IEEE-CIS,recomputed_from_saved_ieee_bundle_priority6_n24,artifacts/priority6_sota_attackers/targets_ieee_n24/ieee_priority6_bundle.pt,18,"339090,73039,245847,155439",network.1.running_mean,batchnorm_buffer,128,109.07046734279257,0.00028160503087198036,0.028160503087198037
IEEE-CIS,recomputed_from_saved_ieee_bundle_priority6_n24,artifacts/priority6_sota_attackers/targets_ieee_n24/ieee_priority6_bundle.pt,18,"339090,73039,245847,155439",network.1.running_var,batchnorm_buffer,128,387207.9690091715,0.9997180237984005,99.97180237984004
IEEE-CIS,recomputed_from_saved_ieee_bundle_priority6_n24,artifacts/priority6_sota_attackers/targets_ieee_n24/ieee_priority6_bundle.pt,18,"339090,73039,245847,155439",network.5.running_mean,batchnorm_buffer,64,0.029761333163501675,7.683969225105736e-08,7.683969225105736e-06
IEEE-CIS,recomputed_from_saved_ieee_bundle_priority6_n24,artifacts/priority6_sota_attackers/targets_ieee_n24/ieee_priority6_bundle.pt,18,"339090,73039,245847,155439",network.5.running_var,batchnorm_buffer,64,0.06362549083842861,1.642723163135376e-07,1.642723163135376e-05
IEEE-CIS,recomputed_from_saved_ieee_bundle_priority6_n24,artifacts/priority6_sota_attackers/targets_ieee_n24/ieee_priority6_bundle.pt,18,"339090,73039,245847,155439",network.9.running_mean,batchnorm_buffer,32,0.013444875109546185,3.471282889431815e-08,3.471282889431815e-06
IEEE-CIS,recomputed_from_saved_ieee_bundle_priority6_n24,artifacts/priority6_sota_attackers/targets_ieee_n24/ieee_priority6_bundle.pt,18,"339090,73039,245847,155439",network.9.running_var,batchnorm_buffer,32,0.022497717466056777,5.80860298477181e-08,5.80860298477181e-06
IEEE-CIS,recomputed_from_saved_ieee_bundle_priority6_n24,artifacts/priority6_sota_attackers/targets_ieee_n24/ieee_priority6_bundle.pt,19,"363230,277295,310030,183559",network.0.weight,parameter,23168,0.005150924331476282,1.6289734547255954e-08,1.6289734547255954e-06
IEEE-CIS,recomputed_from_saved_ieee_bundle_priority6_n24,artifacts/priority6_sota_attackers/targets_ieee_n24/ieee_priority6_bundle.pt,19,"363230,277295,310030,183559",network.0.bias,parameter,128,7.657096094985449e-06,2.421547178007064e-11,2.421547178007064e-09
IEEE-CIS,recomputed_from_saved_ieee_bundle_priority6_n24,artifacts/priority6_sota_attackers/targets_ieee_n24/ieee_priority6_bundle.pt,19,"363230,277295,310030,183559",network.1.weight,parameter,128,0.00010700260936147288,3.3839442985227324e-10,3.3839442985227324e-08
IEEE-CIS,recomputed_from_saved_ieee_bundle_priority6_n24,artifacts/priority6_sota_attackers/targets_ieee_n24/ieee_priority6_bundle.pt,19,"363230,277295,310030,183559",network.1.bias,parameter,128,0.00010699987884869805,3.383857946393644e-10,3.383857946393644e-08
IEEE-CIS,recomputed_from_saved_ieee_bundle_priority6_n24,artifacts/priority6_sota_attackers/targets_ieee_n24/ieee_priority6_bundle.pt,19,"363230,277295,310030,183559",network.4.weight,parameter,8192,0.006633983504279553,2.097989085477723e-08,2.097989085477723e-06
IEEE-CIS,recomputed_from_saved_ieee_bundle_priority6_n24,artifacts/priority6_sota_attackers/targets_ieee_n24/ieee_priority6_bundle.pt,19,"363230,277295,310030,183559",network.4.bias,parameter,64,2.240906257599889e-05,7.086838348317339e-11,7.086838348317338e-09
IEEE-CIS,recomputed_from_saved_ieee_bundle_priority6_n24,artifacts/priority6_sota_attackers/targets_ieee_n24/ieee_priority6_bundle.pt,19,"363230,277295,310030,183559",network.5.weight,parameter,64,6.200186068738844e-05,1.9608011825404408e-10,1.9608011825404407e-08
IEEE-CIS,recomputed_from_saved_ieee_bundle_priority6_n24,artifacts/priority6_sota_attackers/targets_ieee_n24/ieee_priority6_bundle.pt,19,"363230,277295,310030,183559",network.5.bias,parameter,64,6.199997399189168e-05,1.9607415160284988e-10,1.960741516028499e-08
IEEE-CIS,recomputed_from_saved_ieee_bundle_priority6_n24,artifacts/priority6_sota_attackers/targets_ieee_n24/ieee_priority6_bundle.pt,19,"363230,277295,310030,183559",network.8.weight,parameter,2048,0.0019839690428458427,6.274277581683995e-09,6.274277581683995e-07
IEEE-CIS,recomputed_from_saved_ieee_bundle_priority6_n24,artifacts/priority6_sota_attackers/targets_ieee_n24/ieee_priority6_bundle.pt,19,"363230,277295,310030,183559",network.8.bias,parameter,32,9.231520602878739e-06,2.919456983079375e-11,2.919456983079375e-09
IEEE-CIS,recomputed_from_saved_ieee_bundle_priority6_n24,artifacts/priority6_sota_attackers/targets_ieee_n24/ieee_priority6_bundle.pt,19,"363230,277295,310030,183559",network.9.weight,parameter,32,3.2000725784797623e-05,1.0120189985483241e-10,1.0120189985483242e-08
IEEE-CIS,recomputed_from_saved_ieee_bundle_priority6_n24,artifacts/priority6_sota_attackers/targets_ieee_n24/ieee_priority6_bundle.pt,19,"363230,277295,310030,183559",network.9.bias,parameter,32,3.1999937614538815e-05,1.0119940727612851e-10,1.011994072761285e-08
IEEE-CIS,recomputed_from_saved_ieee_bundle_priority6_n24,artifacts/priority6_sota_attackers/targets_ieee_n24/ieee_priority6_bundle.pt,19,"363230,277295,310030,183559",network.12.weight,parameter,32,3.2000088721621106e-05,1.0119988515040899e-10,1.01199885150409e-08
IEEE-CIS,recomputed_from_saved_ieee_bundle_priority6_n24,artifacts/priority6_sota_attackers/targets_ieee_n24/ieee_priority6_bundle.pt,19,"363230,277295,310030,183559",network.12.bias,parameter,1,1.0000040531199517e-06,3.162500460734843e-12,3.162500460734843e-10
IEEE-CIS,recomputed_from_saved_ieee_bundle_priority6_n24,artifacts/priority6_sota_attackers/targets_ieee_n24/ieee_priority6_bundle.pt,19,"363230,277295,310030,183559",network.1.running_mean,batchnorm_buffer,128,14.240553567148325,4.5035574682639514e-05,0.004503557468263951
IEEE-CIS,recomputed_from_saved_ieee_bundle_priority6_n24,artifacts/priority6_sota_attackers/targets_ieee_n24/ieee_priority6_bundle.pt,19,"363230,277295,310030,183559",network.1.running_var,batchnorm_buffer,128,316192.3871313595,0.9999545170481705,99.99545170481706
IEEE-CIS,recomputed_from_saved_ieee_bundle_priority6_n24,artifacts/priority6_sota_attackers/targets_ieee_n24/ieee_priority6_bundle.pt,19,"363230,277295,310030,183559",network.5.running_mean,batchnorm_buffer,64,0.03138419088231779,9.925211584438929e-08,9.92521158443893e-06
IEEE-CIS,recomputed_from_saved_ieee_bundle_priority6_n24,artifacts/priority6_sota_attackers/targets_ieee_n24/ieee_priority6_bundle.pt,19,"363230,277295,310030,183559",network.5.running_var,batchnorm_buffer,64,0.05818240977394318,1.8400115193801868e-07,1.8400115193801868e-05
IEEE-CIS,recomputed_from_saved_ieee_bundle_priority6_n24,artifacts/priority6_sota_attackers/targets_ieee_n24/ieee_priority6_bundle.pt,19,"363230,277295,310030,183559",network.9.running_mean,batchnorm_buffer,32,0.014515420250715198,4.5904837172835264e-08,4.590483717283526e-06
IEEE-CIS,recomputed_from_saved_ieee_bundle_priority6_n24,artifacts/priority6_sota_attackers/targets_ieee_n24/ieee_priority6_bundle.pt,19,"363230,277295,310030,183559",network.9.running_var,batchnorm_buffer,32,0.023138481650878617,7.317516229389808e-08,7.317516229389807e-06
IEEE-CIS,recomputed_from_saved_ieee_bundle_priority6_n24,artifacts/priority6_sota_attackers/targets_ieee_n24/ieee_priority6_bundle.pt,20,"344740,238219,439122,198889",network.0.weight,parameter,23168,0.006101064030233583,1.8728184716624214e-08,1.8728184716624213e-06
IEEE-CIS,recomputed_from_saved_ieee_bundle_priority6_n24,artifacts/priority6_sota_attackers/targets_ieee_n24/ieee_priority6_bundle.pt,20,"344740,238219,439122,198889",network.0.bias,parameter,128,9.882794943249029e-06,3.03368081856701e-11,3.03368081856701e-09
IEEE-CIS,recomputed_from_saved_ieee_bundle_priority6_n24,artifacts/priority6_sota_attackers/targets_ieee_n24/ieee_priority6_bundle.pt,20,"344740,238219,439122,198889",network.1.weight,parameter,128,0.00011300269339642455,3.4687970900106505e-10,3.4687970900106506e-08
IEEE-CIS,recomputed_from_saved_ieee_bundle_priority6_n24,artifacts/priority6_sota_attackers/targets_ieee_n24/ieee_priority6_bundle.pt,20,"344740,238219,439122,198889",network.1.bias,parameter,128,0.00011299994856865439,3.468712833164238e-10,3.4687128331642376e-08
IEEE-CIS,recomputed_from_saved_ieee_bundle_priority6_n24,artifacts/priority6_sota_attackers/targets_ieee_n24/ieee_priority6_bundle.pt,20,"344740,238219,439122,198889",network.4.weight,parameter,8192,0.006214980175967458,1.9077868412605394e-08,1.9077868412605395e-06
IEEE-CIS,recomputed_from_saved_ieee_bundle_priority6_n24,artifacts/priority6_sota_attackers/targets_ieee_n24/ieee_priority6_bundle.pt,20,"344740,238219,439122,198889",network.4.bias,parameter,64,2.5305789278809725e-05,7.76801380324757e-11,7.76801380324757e-09
IEEE-CIS,recomputed_from_saved_ieee_bundle_priority6_n24,artifacts/priority6_sota_attackers/targets_ieee_n24/ieee_priority6_bundle.pt,20,"344740,238219,439122,198889",network.5.weight,parameter,64,5.5002040930673957e-05,1.688374973998675e-10,1.688374973998675e-08
IEEE-CIS,recomputed_from_saved_ieee_bundle_priority6_n24,artifacts/priority6_sota_attackers/targets_ieee_n24/ieee_priority6_bundle.pt,20,"344740,238219,439122,198889",network.5.bias,parameter,64,5.4999975888066246e-05,1.6883115842371294e-10,1.6883115842371295e-08
IEEE-CIS,recomputed_from_saved_ieee_bundle_priority6_n24,artifacts/priority6_sota_attackers/targets_ieee_n24/ieee_priority6_bundle.pt,20,"344740,238219,439122,198889",network.8.weight,parameter,2048,0.0016499802560330501,5.064876365932323e-09,5.064876365932323e-07
IEEE-CIS,recomputed_from_saved_ieee_bundle_priority6_n24,artifacts/priority6_sota_attackers/targets_ieee_n24/ieee_priority6_bundle.pt,20,"344740,238219,439122,198889",network.8.bias,parameter,32,6.599756663167597e-06,2.0259000931652584e-11,2.0259000931652583e-09
IEEE-CIS,recomputed_from_saved_ieee_bundle_priority6_n24,artifacts/priority6_sota_attackers/targets_ieee_n24/ieee_priority6_bundle.pt,20,"344740,238219,439122,198889",network.9.weight,parameter,32,3.0001015698388755e-05,9.20928809960803e-11,9.209288099608031e-09
IEEE-CIS,recomputed_from_saved_ieee_bundle_priority6_n24,artifacts/priority6_sota_attackers/targets_ieee_n24/ieee_priority6_bundle.pt,20,"344740,238219,439122,198889",network.9.bias,parameter,32,2.999995605096769e-05,9.208962824007941e-11,9.208962824007941e-09
IEEE-CIS,recomputed_from_saved_ieee_bundle_priority6_n24,artifacts/priority6_sota_attackers/targets_ieee_n24/ieee_priority6_bundle.pt,20,"344740,238219,439122,198889",network.12.weight,parameter,32,3.0000076890093763e-05,9.208999917496272e-11,9.208999917496271e-09
IEEE-CIS,recomputed_from_saved_ieee_bundle_priority6_n24,artifacts/priority6_sota_attackers/targets_ieee_n24/ieee_priority6_bundle.pt,20,"344740,238219,439122,198889",network.12.bias,parameter,1,1.0000040531199517e-06,3.0696712133156103e-12,3.0696712133156104e-10
IEEE-CIS,recomputed_from_saved_ieee_bundle_priority6_n24,artifacts/priority6_sota_attackers/targets_ieee_n24/ieee_priority6_bundle.pt,20,"344740,238219,439122,198889",network.1.running_mean,batchnorm_buffer,128,15.958088012429215,4.898588484564367e-05,0.004898588484564367
IEEE-CIS,recomputed_from_saved_ieee_bundle_priority6_n24,artifacts/priority6_sota_attackers/targets_ieee_n24/ieee_priority6_bundle.pt,20,"344740,238219,439122,198889",network.1.running_var,batchnorm_buffer,128,325753.0052595629,0.999950569976723,99.99505699767231
IEEE-CIS,recomputed_from_saved_ieee_bundle_priority6_n24,artifacts/priority6_sota_attackers/targets_ieee_n24/ieee_priority6_bundle.pt,20,"344740,238219,439122,198889",network.5.running_mean,batchnorm_buffer,64,0.026720747919739864,8.202357823608698e-08,8.202357823608699e-06
IEEE-CIS,recomputed_from_saved_ieee_bundle_priority6_n24,artifacts/priority6_sota_attackers/targets_ieee_n24/ieee_priority6_bundle.pt,20,"344740,238219,439122,198889",network.5.running_var,batchnorm_buffer,64,0.06212771871164957,1.9071089670397984e-07,1.9071089670397983e-05
IEEE-CIS,recomputed_from_saved_ieee_bundle_priority6_n24,artifacts/priority6_sota_attackers/targets_ieee_n24/ieee_priority6_bundle.pt,20,"344740,238219,439122,198889",network.9.running_mean,batchnorm_buffer,32,0.014209355311640165,4.361787217144713e-08,4.361787217144713e-06
IEEE-CIS,recomputed_from_saved_ieee_bundle_priority6_n24,artifacts/priority6_sota_attackers/targets_ieee_n24/ieee_priority6_bundle.pt,20,"344740,238219,439122,198889",network.9.running_var,batchnorm_buffer,32,0.027193940187383525,8.34761170311223e-08,8.347611703112229e-06
IEEE-CIS,recomputed_from_saved_ieee_bundle_priority6_n24,artifacts/priority6_sota_attackers/targets_ieee_n24/ieee_priority6_bundle.pt,21,"144743,552350,124130,529587",network.0.weight,parameter,23168,0.006214698295001643,1.6708151623142123e-08,1.6708151623142123e-06
IEEE-CIS,recomputed_from_saved_ieee_bundle_priority6_n24,artifacts/priority6_sota_attackers/targets_ieee_n24/ieee_priority6_bundle.pt,21,"144743,552350,124130,529587",network.0.bias,parameter,128,2.0498518127237166e-06,5.511005243731069e-12,5.511005243731069e-10
IEEE-CIS,recomputed_from_saved_ieee_bundle_priority6_n24,artifacts/priority6_sota_attackers/targets_ieee_n24/ieee_priority6_bundle.pt,21,"144743,552350,124130,529587",network.1.weight,parameter,128,0.00011300305092376561,3.03807525174708e-10,3.03807525174708e-08
IEEE-CIS,recomputed_from_saved_ieee_bundle_priority6_n24,artifacts/priority6_sota_attackers/targets_ieee_n24/ieee_priority6_bundle.pt,21,"144743,552350,124130,529587",network.1.bias,parameter,128,0.00011299967639229732,3.037984527820104e-10,3.037984527820104e-08
IEEE-CIS,recomputed_from_saved_ieee_bundle_priority6_n24,artifacts/priority6_sota_attackers/targets_ieee_n24/ieee_priority6_bundle.pt,21,"144743,552350,124130,529587",network.4.weight,parameter,8192,0.006666052481166789,1.7921612650566814e-08,1.7921612650566813e-06
IEEE-CIS,recomputed_from_saved_ieee_bundle_priority6_n24,artifacts/priority6_sota_attackers/targets_ieee_n24/ieee_priority6_bundle.pt,21,"144743,552350,124130,529587",network.4.bias,parameter,64,9.322490376106234e-06,2.506341825709256e-11,2.506341825709256e-09
IEEE-CIS,recomputed_from_saved_ieee_bundle_priority6_n24,artifacts/priority6_sota_attackers/targets_ieee_n24/ieee_priority6_bundle.pt,21,"144743,552350,124130,529587",network.5.weight,parameter,64,5.900122270929842e-05,1.5862417259589165e-10,1.5862417259589166e-08
IEEE-CIS,recomputed_from_saved_ieee_bundle_priority6_n24,artifacts/priority6_sota_attackers/targets_ieee_n24/ieee_priority6_bundle.pt,21,"144743,552350,124130,529587",network.5.bias,parameter,64,5.899937494412694e-05,1.5861920489847763e-10,1.5861920489847764e-08
IEEE-CIS,recomputed_from_saved_ieee_bundle_priority6_n24,artifacts/priority6_sota_attackers/targets_ieee_n24/ieee_priority6_bundle.pt,21,"144743,552350,124130,529587",network.8.weight,parameter,2048,0.0018878892495307036,5.0755705798668464e-09,5.075570579866846e-07
IEEE-CIS,recomputed_from_saved_ieee_bundle_priority6_n24,artifacts/priority6_sota_attackers/targets_ieee_n24/ieee_priority6_bundle.pt,21,"144743,552350,124130,529587",network.8.bias,parameter,32,8.313780356829096e-06,2.235151187872177e-11,2.235151187872177e-09
IEEE-CIS,recomputed_from_saved_ieee_bundle_priority6_n24,artifacts/priority6_sota_attackers/targets_ieee_n24/ieee_priority6_bundle.pt,21,"144743,552350,124130,529587",network.9.weight,parameter,32,3.200096420030718e-05,8.603425887552825e-11,8.603425887552825e-09
IEEE-CIS,recomputed_from_saved_ieee_bundle_priority6_n24,artifacts/priority6_sota_attackers/targets_ieee_n24/ieee_priority6_bundle.pt,21,"144743,552350,124130,529587",network.9.bias,parameter,32,3.199994948884901e-05,8.603153083434394e-11,8.603153083434393e-09
IEEE-CIS,recomputed_from_saved_ieee_bundle_priority6_n24,artifacts/priority6_sota_attackers/targets_ieee_n24/ieee_priority6_bundle.pt,21,"144743,552350,124130,529587",network.12.weight,parameter,32,3.2000088721621106e-05,8.603190516020123e-11,8.603190516020123e-09
IEEE-CIS,recomputed_from_saved_ieee_bundle_priority6_n24,artifacts/priority6_sota_attackers/targets_ieee_n24/ieee_priority6_bundle.pt,21,"144743,552350,124130,529587",network.12.bias,parameter,1,1.0000040531199517e-06,2.6885004790534895e-12,2.6885004790534896e-10
IEEE-CIS,recomputed_from_saved_ieee_bundle_priority6_n24,artifacts/priority6_sota_attackers/targets_ieee_n24/ieee_priority6_bundle.pt,21,"144743,552350,124130,529587",network.1.running_mean,batchnorm_buffer,128,2.8422210889186514,7.641281788102054e-06,0.0007641281788102053
IEEE-CIS,recomputed_from_saved_ieee_bundle_priority6_n24,artifacts/priority6_sota_attackers/targets_ieee_n24/ieee_priority6_bundle.pt,21,"144743,552350,124130,529587",network.1.running_var,batchnorm_buffer,128,371953.0850300519,0.9999919942012145,99.99919942012146
IEEE-CIS,recomputed_from_saved_ieee_bundle_priority6_n24,artifacts/priority6_sota_attackers/targets_ieee_n24/ieee_priority6_bundle.pt,21,"144743,552350,124130,529587",network.5.running_mean,batchnorm_buffer,64,0.028285478997767503,7.60452156153747e-08,7.604521561537471e-06
IEEE-CIS,recomputed_from_saved_ieee_bundle_priority6_n24,artifacts/priority6_sota_attackers/targets_ieee_n24/ieee_priority6_bundle.pt,21,"144743,552350,124130,529587",network.5.running_var,batchnorm_buffer,64,0.046526824595084726,1.250868832205809e-07,1.250868832205809e-05
IEEE-CIS,recomputed_from_saved_ieee_bundle_priority6_n24,artifacts/priority6_sota_attackers/targets_ieee_n24/ieee_priority6_bundle.pt,21,"144743,552350,124130,529587",network.9.running_mean,batchnorm_buffer,32,0.017555649402954124,4.719818053005008e-08,4.719818053005008e-06
IEEE-CIS,recomputed_from_saved_ieee_bundle_priority6_n24,artifacts/priority6_sota_attackers/targets_ieee_n24/ieee_priority6_bundle.pt,21,"144743,552350,124130,529587",network.9.running_var,batchnorm_buffer,32,0.027987023721585125,7.524282171458108e-08,7.5242821714581075e-06
IEEE-CIS,recomputed_from_saved_ieee_bundle_priority6_n24,artifacts/priority6_sota_attackers/targets_ieee_n24/ieee_priority6_bundle.pt,22,"372364,116491,534585,114304",network.0.weight,parameter,23168,0.005314490836286961,1.969162736463291e-08,1.969162736463291e-06
IEEE-CIS,recomputed_from_saved_ieee_bundle_priority6_n24,artifacts/priority6_sota_attackers/targets_ieee_n24/ieee_priority6_bundle.pt,22,"372364,116491,534585,114304",network.0.bias,parameter,128,6.4901648201099135e-06,2.4047817770242815e-11,2.4047817770242816e-09
IEEE-CIS,recomputed_from_saved_ieee_bundle_priority6_n24,artifacts/priority6_sota_attackers/targets_ieee_n24/ieee_priority6_bundle.pt,22,"372364,116491,534585,114304",network.1.weight,parameter,128,0.0001130032893463806,4.1870778092100293e-10,4.1870778092100295e-08
IEEE-CIS,recomputed_from_saved_ieee_bundle_priority6_n24,artifacts/priority6_sota_attackers/targets_ieee_n24/ieee_priority6_bundle.pt,22,"372364,116491,534585,114304",network.1.bias,parameter,128,0.000112999932503372,4.1869534290884275e-10,4.186953429088428e-08
IEEE-CIS,recomputed_from_saved_ieee_bundle_priority6_n24,artifacts/priority6_sota_attackers/targets_ieee_n24/ieee_priority6_bundle.pt,22,"372364,116491,534585,114304",network.4.weight,parameter,8192,0.006440926031592329,2.3865374728144795e-08,2.3865374728144793e-06
IEEE-CIS,recomputed_from_saved_ieee_bundle_priority6_n24,artifacts/priority6_sota_attackers/targets_ieee_n24/ieee_priority6_bundle.pt,22,"372364,116491,534585,114304",network.4.bias,parameter,64,2.0050298425106136e-05,7.429178397318008e-11,7.429178397318008e-09
IEEE-CIS,recomputed_from_saved_ieee_bundle_priority6_n24,artifacts/priority6_sota_attackers/targets_ieee_n24/ieee_priority6_bundle.pt,22,"372364,116491,534585,114304",network.5.weight,parameter,64,5.700103574923787e-05,2.11204269599667e-10,2.11204269599667e-08
IEEE-CIS,recomputed_from_saved_ieee_bundle_priority6_n24,artifacts/priority6_sota_attackers/targets_ieee_n24/ieee_priority6_bundle.pt,22,"372364,116491,534585,114304",network.5.bias,parameter,64,5.69999134472418e-05,2.1120011116692564e-10,2.1120011116692563e-08
IEEE-CIS,recomputed_from_saved_ieee_bundle_priority6_n24,artifacts/priority6_sota_attackers/targets_ieee_n24/ieee_priority6_bundle.pt,22,"372364,116491,534585,114304",network.8.weight,parameter,2048,0.0017669810878078022,6.547143313125879e-09,6.547143313125879e-07
IEEE-CIS,recomputed_from_saved_ieee_bundle_priority6_n24,artifacts/priority6_sota_attackers/targets_ieee_n24/ieee_priority6_bundle.pt,22,"372364,116491,534585,114304",network.8.bias,parameter,32,9.225859842035592e-06,3.418430847358908e-11,3.418430847358908e-09
IEEE-CIS,recomputed_from_saved_ieee_bundle_priority6_n24,artifacts/priority6_sota_attackers/targets_ieee_n24/ieee_priority6_bundle.pt,22,"372364,116491,534585,114304",network.9.weight,parameter,32,3.10008707451459e-05,1.1486661911700031e-10,1.1486661911700032e-08
IEEE-CIS,recomputed_from_saved_ieee_bundle_priority6_n24,artifacts/priority6_sota_attackers/targets_ieee_n24/ieee_priority6_bundle.pt,22,"372364,116491,534585,114304",network.9.bias,parameter,32,3.0999963363693606e-05,1.1486325702306005e-10,1.1486325702306005e-08
IEEE-CIS,recomputed_from_saved_ieee_bundle_priority6_n24,artifacts/priority6_sota_attackers/targets_ieee_n24/ieee_priority6_bundle.pt,22,"372364,116491,534585,114304",network.12.weight,parameter,32,3.100008280585657e-05,1.1486369958861095e-10,1.1486369958861095e-08
IEEE-CIS,recomputed_from_saved_ieee_bundle_priority6_n24,artifacts/priority6_sota_attackers/targets_ieee_n24/ieee_priority6_bundle.pt,22,"372364,116491,534585,114304",network.12.bias,parameter,1,1.0000040531199517e-06,3.705285752438803e-12,3.705285752438803e-10
IEEE-CIS,recomputed_from_saved_ieee_bundle_priority6_n24,artifacts/priority6_sota_attackers/targets_ieee_n24/ieee_priority6_bundle.pt,22,"372364,116491,534585,114304",network.1.running_mean,batchnorm_buffer,128,23.83283232979524,8.830709615259991e-05,0.008830709615259991
IEEE-CIS,recomputed_from_saved_ieee_bundle_priority6_n24,artifacts/priority6_sota_attackers/targets_ieee_n24/ieee_priority6_bundle.pt,22,"372364,116491,534585,114304",network.1.running_var,batchnorm_buffer,128,269861.841640298,0.9999111841967223,99.99111841967223
IEEE-CIS,recomputed_from_saved_ieee_bundle_priority6_n24,artifacts/priority6_sota_attackers/targets_ieee_n24/ieee_priority6_bundle.pt,22,"372364,116491,534585,114304",network.5.running_mean,batchnorm_buffer,64,0.02946376849237333,1.0917123912381879e-07,1.0917123912381878e-05
IEEE-CIS,recomputed_from_saved_ieee_bundle_priority6_n24,artifacts/priority6_sota_attackers/targets_ieee_n24/ieee_priority6_bundle.pt,22,"372364,116491,534585,114304",network.5.running_var,batchnorm_buffer,64,0.05502310762921958,2.038755104215552e-07,2.0387551042155522e-05
IEEE-CIS,recomputed_from_saved_ieee_bundle_priority6_n24,artifacts/priority6_sota_attackers/targets_ieee_n24/ieee_priority6_bundle.pt,22,"372364,116491,534585,114304",network.9.running_mean,batchnorm_buffer,32,0.015125269161322992,5.6043217175370404e-08,5.604321717537041e-06
IEEE-CIS,recomputed_from_saved_ieee_bundle_priority6_n24,artifacts/priority6_sota_attackers/targets_ieee_n24/ieee_priority6_bundle.pt,22,"372364,116491,534585,114304",network.9.running_var,batchnorm_buffer,32,0.023688520756453002,8.777238270324064e-08,8.777238270324065e-06
IEEE-CIS,recomputed_from_saved_ieee_bundle_priority6_n24,artifacts/priority6_sota_attackers/targets_ieee_n24/ieee_priority6_bundle.pt,23,"406102,13272,188765,580515",network.0.weight,parameter,23168,0.004339889463796164,1.151041113696756e-08,1.151041113696756e-06
IEEE-CIS,recomputed_from_saved_ieee_bundle_priority6_n24,artifacts/priority6_sota_attackers/targets_ieee_n24/ieee_priority6_bundle.pt,23,"406102,13272,188765,580515",network.0.bias,parameter,128,4.997381646622502e-05,1.3254235583835744e-10,1.3254235583835744e-08
IEEE-CIS,recomputed_from_saved_ieee_bundle_priority6_n24,artifacts/priority6_sota_attackers/targets_ieee_n24/ieee_priority6_bundle.pt,23,"406102,13272,188765,580515",network.1.weight,parameter,128,0.00011500323784829902,3.050157292620307e-10,3.050157292620307e-08
IEEE-CIS,recomputed_from_saved_ieee_bundle_priority6_n24,artifacts/priority6_sota_attackers/targets_ieee_n24/ieee_priority6_bundle.pt,23,"406102,13272,188765,580515",network.1.bias,parameter,128,0.00011499995294959425,3.050070169353803e-10,3.050070169353803e-08
IEEE-CIS,recomputed_from_saved_ieee_bundle_priority6_n24,artifacts/priority6_sota_attackers/targets_ieee_n24/ieee_priority6_bundle.pt,23,"406102,13272,188765,580515",network.4.weight,parameter,8192,0.00678498996071664,1.7995394735176605e-08,1.7995394735176606e-06
IEEE-CIS,recomputed_from_saved_ieee_bundle_priority6_n24,artifacts/priority6_sota_attackers/targets_ieee_n24/ieee_priority6_bundle.pt,23,"406102,13272,188765,580515",network.4.bias,parameter,64,2.5574126879981195e-05,6.782862036307912e-11,6.782862036307912e-09
IEEE-CIS,recomputed_from_saved_ieee_bundle_priority6_n24,artifacts/priority6_sota_attackers/targets_ieee_n24/ieee_priority6_bundle.pt,23,"406102,13272,188765,580515",network.5.weight,parameter,64,5.9001818723203314e-05,1.5648674856775067e-10,1.5648674856775066e-08
IEEE-CIS,recomputed_from_saved_ieee_bundle_priority6_n24,artifacts/priority6_sota_attackers/targets_ieee_n24/ieee_priority6_bundle.pt,23,"406102,13272,188765,580515",network.5.bias,parameter,64,5.899993761834941e-05,1.5648175943370917e-10,1.5648175943370916e-08
IEEE-CIS,recomputed_from_saved_ieee_bundle_priority6_n24,artifacts/priority6_sota_attackers/targets_ieee_n24/ieee_priority6_bundle.pt,23,"406102,13272,188765,580515",network.8.weight,parameter,2048,0.0018289110748257245,4.850703820871802e-09,4.850703820871803e-07
IEEE-CIS,recomputed_from_saved_ieee_bundle_priority6_n24,artifacts/priority6_sota_attackers/targets_ieee_n24/ieee_priority6_bundle.pt,23,"406102,13272,188765,580515",network.8.bias,parameter,32,1.0194058747384444e-05,2.703704974876443e-11,2.7037049748764432e-09
IEEE-CIS,recomputed_from_saved_ieee_bundle_priority6_n24,artifacts/priority6_sota_attackers/targets_ieee_n24/ieee_priority6_bundle.pt,23,"406102,13272,188765,580515",network.9.weight,parameter,32,3.100051311122343e-05,8.222067735684029e-11,8.222067735684028e-09
IEEE-CIS,recomputed_from_saved_ieee_bundle_priority6_n24,artifacts/priority6_sota_attackers/targets_ieee_n24/ieee_priority6_bundle.pt,23,"406102,13272,188765,580515",network.9.bias,parameter,32,3.099995963838833e-05,8.221920941625373e-11,8.221920941625373e-09
IEEE-CIS,recomputed_from_saved_ieee_bundle_priority6_n24,artifacts/priority6_sota_attackers/targets_ieee_n24/ieee_priority6_bundle.pt,23,"406102,13272,188765,580515",network.12.weight,parameter,32,3.100007163002547e-05,8.221950644450714e-11,8.221950644450714e-09
IEEE-CIS,recomputed_from_saved_ieee_bundle_priority6_n24,artifacts/priority6_sota_attackers/targets_ieee_n24/ieee_priority6_bundle.pt,23,"406102,13272,188765,580515",network.12.bias,parameter,1,1.0000040531199517e-06,2.652246764823413e-12,2.652246764823413e-10
IEEE-CIS,recomputed_from_saved_ieee_bundle_priority6_n24,artifacts/priority6_sota_attackers/targets_ieee_n24/ieee_priority6_bundle.pt,23,"406102,13272,188765,580515",network.1.running_mean,batchnorm_buffer,128,5.839705938933724,1.5488278408206806e-05,0.0015488278408206805
IEEE-CIS,recomputed_from_saved_ieee_bundle_priority6_n24,artifacts/priority6_sota_attackers/targets_ieee_n24/ieee_priority6_bundle.pt,23,"406102,13272,188765,580515",network.1.running_var,batchnorm_buffer,128,377034.37911528046,0.9999841591799599,99.99841591799598
IEEE-CIS,recomputed_from_saved_ieee_bundle_priority6_n24,artifacts/priority6_sota_attackers/targets_ieee_n24/ieee_priority6_bundle.pt,23,"406102,13272,188765,580515",network.5.running_mean,batchnorm_buffer,64,0.02416059304576326,6.407959501955558e-08,6.407959501955558e-06
IEEE-CIS,recomputed_from_saved_ieee_bundle_priority6_n24,artifacts/priority6_sota_attackers/targets_ieee_n24/ieee_priority6_bundle.pt,23,"406102,13272,188765,580515",network.5.running_var,batchnorm_buffer,64,0.050843297727935166,1.3484842535502637e-07,1.3484842535502637e-05
IEEE-CIS,recomputed_from_saved_ieee_bundle_priority6_n24,artifacts/priority6_sota_attackers/targets_ieee_n24/ieee_priority6_bundle.pt,23,"406102,13272,188765,580515",network.9.running_mean,batchnorm_buffer,32,0.020590690213138113,5.46113701568427e-08,5.46113701568427e-06
IEEE-CIS,recomputed_from_saved_ieee_bundle_priority6_n24,artifacts/priority6_sota_attackers/targets_ieee_n24/ieee_priority6_bundle.pt,23,"406102,13272,188765,580515",network.9.running_var,batchnorm_buffer,32,0.023846301959580707,6.324602088159105e-08,6.3246020881591045e-06
IEEE-CIS,recomputed_from_saved_ieee_bundle_priority10_v3_n8,artifacts/priority10_v3/ieee_n8_targets_20260921/ieee_priority6_bundle.pt,0,"163683,317675,574768,336940",network.0.weight,parameter,23168,0.005499675469199682,1.5116320019090182e-07,1.5116320019090182e-05
IEEE-CIS,recomputed_from_saved_ieee_bundle_priority10_v3_n8,artifacts/priority10_v3/ieee_n8_targets_20260921/ieee_priority6_bundle.pt,0,"163683,317675,574768,336940",network.0.bias,parameter,128,3.7677741022218405e-06,1.0356043626173032e-10,1.0356043626173033e-08
IEEE-CIS,recomputed_from_saved_ieee_bundle_priority10_v3_n8,artifacts/priority10_v3/ieee_n8_targets_20260921/ieee_priority6_bundle.pt,0,"163683,317675,574768,336940",network.1.weight,parameter,128,0.00011000360502322337,3.023541490942956e-09,3.023541490942956e-07
IEEE-CIS,recomputed_from_saved_ieee_bundle_priority10_v3_n8,artifacts/priority10_v3/ieee_n8_targets_20260921/ieee_priority6_bundle.pt,0,"163683,317675,574768,336940",network.1.bias,parameter,128,0.00010999991545471269,3.023440080053073e-09,3.023440080053073e-07
IEEE-CIS,recomputed_from_saved_ieee_bundle_priority10_v3_n8,artifacts/priority10_v3/ieee_n8_targets_20260921/ieee_priority6_bundle.pt,0,"163683,317675,574768,336940",network.4.weight,parameter,8192,0.006709881593373218,1.8442673212932745e-07,1.8442673212932744e-05
IEEE-CIS,recomputed_from_saved_ieee_bundle_priority10_v3_n8,artifacts/priority10_v3/ieee_n8_targets_20260921/ieee_priority6_bundle.pt,0,"163683,317675,574768,336940",network.4.bias,parameter,64,2.2264522074633398e-05,6.119590921993663e-10,6.119590921993663e-08
IEEE-CIS,recomputed_from_saved_ieee_bundle_priority10_v3_n8,artifacts/priority10_v3/ieee_n8_targets_20260921/ieee_priority6_bundle.pt,0,"163683,317675,574768,336940",network.5.weight,parameter,64,6.100188654301064e-05,1.6766880953551395e-09,1.6766880953551394e-07
IEEE-CIS,recomputed_from_saved_ieee_bundle_priority10_v3_n8,artifacts/priority10_v3/ieee_n8_targets_20260921/ieee_priority6_bundle.pt,0,"163683,317675,574768,336940",network.5.bias,parameter,64,6.09999552704643e-05,1.6766350127068667e-09,1.6766350127068666e-07
IEEE-CIS,recomputed_from_saved_ieee_bundle_priority10_v3_n8,artifacts/priority10_v3/ieee_n8_targets_20260921/ieee_priority6_bundle.pt,0,"163683,317675,574768,336940",network.8.weight,parameter,2048,0.0018907067236356382,5.1967662558970724e-08,5.196766255897072e-06
IEEE-CIS,recomputed_from_saved_ieee_bundle_priority10_v3_n8,artifacts/priority10_v3/ieee_n8_targets_20260921/ieee_priority6_bundle.pt,0,"163683,317675,574768,336940",network.8.bias,parameter,32,6.9172326853765564e-06,1.9012595107521627e-10,1.9012595107521627e-08
IEEE-CIS,recomputed_from_saved_ieee_bundle_priority10_v3_n8,artifacts/priority10_v3/ieee_n8_targets_20260921/ieee_priority6_bundle.pt,0,"163683,317675,574768,336940",network.9.weight,parameter,32,3.100098994934797e-05,8.520882506747919e-10,8.520882506747919e-08
IEEE-CIS,recomputed_from_saved_ieee_bundle_priority10_v3_n8,artifacts/priority10_v3/ieee_n8_targets_20260921/ieee_priority6_bundle.pt,0,"163683,317675,574768,336940",network.9.bias,parameter,32,3.09999102787443e-05,8.520585750212891e-10,8.52058575021289e-08
IEEE-CIS,recomputed_from_saved_ieee_bundle_priority10_v3_n8,artifacts/priority10_v3/ieee_n8_targets_20260921/ieee_priority6_bundle.pt,0,"163683,317675,574768,336940",network.12.weight,parameter,32,3.100007582092858e-05,8.52063125087285e-10,8.52063125087285e-08
IEEE-CIS,recomputed_from_saved_ieee_bundle_priority10_v3_n8,artifacts/priority10_v3/ieee_n8_targets_20260921/ieee_priority6_bundle.pt,0,"163683,317675,574768,336940",network.12.bias,parameter,1,1.0000040531199517e-06,2.74859514384186e-11,2.74859514384186e-09
IEEE-CIS,recomputed_from_saved_ieee_bundle_priority10_v3_n8,artifacts/priority10_v3/ieee_n8_targets_20260921/ieee_priority6_bundle.pt,0,"163683,317675,574768,336940",network.1.running_mean,batchnorm_buffer,128,18.506919209556095,0.0005086782209347489,0.050867822093474895
IEEE-CIS,recomputed_from_saved_ieee_bundle_priority10_v3_n8,artifacts/priority10_v3/ieee_n8_targets_20260921/ieee_priority6_bundle.pt,0,"163683,317675,574768,336940",network.1.running_var,batchnorm_buffer,128,36363.71296571261,0.9994871976546674,99.94871976546675
IEEE-CIS,recomputed_from_saved_ieee_bundle_priority10_v3_n8,artifacts/priority10_v3/ieee_n8_targets_20260921/ieee_priority6_bundle.pt,0,"163683,317675,574768,336940",network.5.running_mean,batchnorm_buffer,64,0.028046999212672216,7.708953338216151e-07,7.708953338216151e-05
IEEE-CIS,recomputed_from_saved_ieee_bundle_priority10_v3_n8,artifacts/priority10_v3/ieee_n8_targets_20260921/ieee_priority6_bundle.pt,0,"163683,317675,574768,336940",network.5.running_var,batchnorm_buffer,64,0.05975621117174246,1.6424496613649081e-06,0.00016424496613649082
IEEE-CIS,recomputed_from_saved_ieee_bundle_priority10_v3_n8,artifacts/priority10_v3/ieee_n8_targets_20260921/ieee_priority6_bundle.pt,0,"163683,317675,574768,336940",network.9.running_mean,batchnorm_buffer,32,0.013164524129929519,3.618380043722978e-07,3.618380043722978e-05
IEEE-CIS,recomputed_from_saved_ieee_bundle_priority10_v3_n8,artifacts/priority10_v3/ieee_n8_targets_20260921/ieee_priority6_bundle.pt,0,"163683,317675,574768,336940",network.9.running_var,batchnorm_buffer,32,0.034508465307233394,9.48494157288377e-07,9.484941572883771e-05
IEEE-CIS,recomputed_from_saved_ieee_bundle_priority10_v3_n8,artifacts/priority10_v3/ieee_n8_targets_20260921/ieee_priority6_bundle.pt,1,"504177,67824,439809,462300",network.0.weight,parameter,23168,0.005057302208335453,1.275397846419779e-07,1.2753978464197789e-05
IEEE-CIS,recomputed_from_saved_ieee_bundle_priority10_v3_n8,artifacts/priority10_v3/ieee_n8_targets_20260921/ieee_priority6_bundle.pt,1,"504177,67824,439809,462300",network.0.bias,parameter,128,7.861227949863996e-06,1.9825181063821597e-10,1.98251810638216e-08
IEEE-CIS,recomputed_from_saved_ieee_bundle_priority10_v3_n8,artifacts/priority10_v3/ieee_n8_targets_20260921/ieee_priority6_bundle.pt,1,"504177,67824,439809,462300",network.1.weight,parameter,128,0.00010100371754617754,2.5472063667950334e-09,2.5472063667950335e-07
IEEE-CIS,recomputed_from_saved_ieee_bundle_priority10_v3_n8,artifacts/priority10_v3/ieee_n8_targets_20260921/ieee_priority6_bundle.pt,1,"504177,67824,439809,462300",network.1.bias,parameter,128,0.00010099994859287836,2.547111317800075e-09,2.547111317800075e-07
IEEE-CIS,recomputed_from_saved_ieee_bundle_priority10_v3_n8,artifacts/priority10_v3/ieee_n8_targets_20260921/ieee_priority6_bundle.pt,1,"504177,67824,439809,462300",network.4.weight,parameter,8192,0.006261970839169748,1.5792024667731316e-07,1.5792024667731315e-05
IEEE-CIS,recomputed_from_saved_ieee_bundle_priority10_v3_n8,artifacts/priority10_v3/ieee_n8_targets_20260921/ieee_priority6_bundle.pt,1,"504177,67824,439809,462300",network.4.bias,parameter,64,2.315810286808036e-05,5.840227320494405e-10,5.8402273204944055e-08
IEEE-CIS,recomputed_from_saved_ieee_bundle_priority10_v3_n8,artifacts/priority10_v3/ieee_n8_targets_20260921/ieee_priority6_bundle.pt,1,"504177,67824,439809,462300",network.5.weight,parameter,64,6.200233753972384e-05,1.5636330302907372e-09,1.5636330302907371e-07
IEEE-CIS,recomputed_from_saved_ieee_bundle_priority10_v3_n8,artifacts/priority10_v3/ieee_n8_targets_20260921/ieee_priority6_bundle.pt,1,"504177,67824,439809,462300",network.5.bias,parameter,64,6.199994325829107e-05,1.5635726490586635e-09,1.5635726490586635e-07
IEEE-CIS,recomputed_from_saved_ieee_bundle_priority10_v3_n8,artifacts/priority10_v3/ieee_n8_targets_20260921/ieee_priority6_bundle.pt,1,"504177,67824,439809,462300",network.8.weight,parameter,2048,0.0019219529768628486,4.8469610607228475e-08,4.846961060722848e-06
IEEE-CIS,recomputed_from_saved_ieee_bundle_priority10_v3_n8,artifacts/priority10_v3/ieee_n8_targets_20260921/ieee_priority6_bundle.pt,1,"504177,67824,439809,462300",network.8.bias,parameter,32,6.531990925859321e-06,1.647298661714053e-10,1.6472986617140533e-08
IEEE-CIS,recomputed_from_saved_ieee_bundle_priority10_v3_n8,artifacts/priority10_v3/ieee_n8_targets_20260921/ieee_priority6_bundle.pt,1,"504177,67824,439809,462300",network.9.weight,parameter,32,3.1000632336741774e-05,7.818029868724278e-10,7.818029868724279e-08
IEEE-CIS,recomputed_from_saved_ieee_bundle_priority10_v3_n8,artifacts/priority10_v3/ieee_n8_targets_20260921/ieee_priority6_bundle.pt,1,"504177,67824,439809,462300",network.9.bias,parameter,32,3.0999898637299955e-05,7.81784483752593e-10,7.81784483752593e-08
IEEE-CIS,recomputed_from_saved_ieee_bundle_priority10_v3_n8,artifacts/priority10_v3/ieee_n8_targets_20260921/ieee_priority6_bundle.pt,1,"504177,67824,439809,462300",network.12.weight,parameter,32,3.1000075588097963e-05,7.817889462635802e-10,7.817889462635802e-08
IEEE-CIS,recomputed_from_saved_ieee_bundle_priority10_v3_n8,artifacts/priority10_v3/ieee_n8_targets_20260921/ieee_priority6_bundle.pt,1,"504177,67824,439809,462300",network.12.bias,parameter,1,1.0000040531199517e-06,2.5219038989960214e-11,2.5219038989960213e-09
IEEE-CIS,recomputed_from_saved_ieee_bundle_priority10_v3_n8,artifacts/priority10_v3/ieee_n8_targets_20260921/ieee_priority6_bundle.pt,1,"504177,67824,439809,462300",network.1.running_mean,batchnorm_buffer,128,16.375310916241006,0.00041296793066084383,0.041296793066084386
IEEE-CIS,recomputed_from_saved_ieee_bundle_priority10_v3_n8,artifacts/priority10_v3/ieee_n8_targets_20260921/ieee_priority6_bundle.pt,1,"504177,67824,439809,462300",network.1.running_var,batchnorm_buffer,128,39636.24024628935,0.9995838367534092,99.95838367534093
IEEE-CIS,recomputed_from_saved_ieee_bundle_priority10_v3_n8,artifacts/priority10_v3/ieee_n8_targets_20260921/ieee_priority6_bundle.pt,1,"504177,67824,439809,462300",network.5.running_mean,batchnorm_buffer,64,0.018527524708049768,4.672444742018576e-07,4.672444742018576e-05
IEEE-CIS,recomputed_from_saved_ieee_bundle_priority10_v3_n8,artifacts/priority10_v3/ieee_n8_targets_20260921/ieee_priority6_bundle.pt,1,"504177,67824,439809,462300",network.5.running_var,batchnorm_buffer,64,0.05395027689564813,1.3605686220026724e-06,0.00013605686220026725
IEEE-CIS,recomputed_from_saved_ieee_bundle_priority10_v3_n8,artifacts/priority10_v3/ieee_n8_targets_20260921/ieee_priority6_bundle.pt,1,"504177,67824,439809,462300",network.9.running_mean,batchnorm_buffer,32,0.010074069227169002,2.540573149027615e-07,2.540573149027615e-05
IEEE-CIS,recomputed_from_saved_ieee_bundle_priority10_v3_n8,artifacts/priority10_v3/ieee_n8_targets_20260921/ieee_priority6_bundle.pt,1,"504177,67824,439809,462300",network.9.running_var,batchnorm_buffer,32,0.030452384280541978,7.679767538063363e-07,7.679767538063364e-05
IEEE-CIS,recomputed_from_saved_ieee_bundle_priority10_v3_n8,artifacts/priority10_v3/ieee_n8_targets_20260921/ieee_priority6_bundle.pt,2,"201437,387132,69655,334660",network.0.weight,parameter,23168,0.004671699714227967,5.6917888114428314e-09,5.691788811442831e-07
IEEE-CIS,recomputed_from_saved_ieee_bundle_priority10_v3_n8,artifacts/priority10_v3/ieee_n8_targets_20260921/ieee_priority6_bundle.pt,2,"201437,387132,69655,334660",network.0.bias,parameter,128,2.9415839172883697e-06,3.583893540364035e-12,3.583893540364035e-10
IEEE-CIS,recomputed_from_saved_ieee_bundle_priority10_v3_n8,artifacts/priority10_v3/ieee_n8_targets_20260921/ieee_priority6_bundle.pt,2,"201437,387132,69655,334660",network.1.weight,parameter,128,0.00011400433649910724,1.3889775598490406e-10,1.3889775598490406e-08
IEEE-CIS,recomputed_from_saved_ieee_bundle_priority10_v3_n8,artifacts/priority10_v3/ieee_n8_targets_20260921/ieee_priority6_bundle.pt,2,"201437,387132,69655,334660",network.1.bias,parameter,128,0.00011399993166720442,1.3889238933583106e-10,1.3889238933583107e-08
IEEE-CIS,recomputed_from_saved_ieee_bundle_priority10_v3_n8,artifacts/priority10_v3/ieee_n8_targets_20260921/ieee_priority6_bundle.pt,2,"201437,387132,69655,334660",network.4.weight,parameter,8192,0.007067871913625357,8.611177245867129e-09,8.611177245867129e-07
IEEE-CIS,recomputed_from_saved_ieee_bundle_priority10_v3_n8,artifacts/priority10_v3/ieee_n8_targets_20260921/ieee_priority6_bundle.pt,2,"201437,387132,69655,334660",network.4.bias,parameter,64,2.3340805459391533e-05,2.8437387565648167e-11,2.8437387565648167e-09
IEEE-CIS,recomputed_from_saved_ieee_bundle_priority10_v3_n8,artifacts/priority10_v3/ieee_n8_targets_20260921/ieee_priority6_bundle.pt,2,"201437,387132,69655,334660",network.5.weight,parameter,64,6.200245675103133e-05,7.55410046032482e-11,7.554100460324821e-09
IEEE-CIS,recomputed_from_saved_ieee_bundle_priority10_v3_n8,artifacts/priority10_v3/ieee_n8_targets_20260921/ieee_priority6_bundle.pt,2,"201437,387132,69655,334660",network.5.bias,parameter,64,6.199970950321989e-05,7.553765748007849e-11,7.55376574800785e-09
IEEE-CIS,recomputed_from_saved_ieee_bundle_priority10_v3_n8,artifacts/priority10_v3/ieee_n8_targets_20260921/ieee_priority6_bundle.pt,2,"201437,387132,69655,334660",network.8.weight,parameter,2048,0.0019219589222928552,2.341628306426157e-09,2.341628306426157e-07
IEEE-CIS,recomputed_from_saved_ieee_bundle_priority10_v3_n8,artifacts/priority10_v3/ieee_n8_targets_20260921/ieee_priority6_bundle.pt,2,"201437,387132,69655,334660",network.8.bias,parameter,32,8.404186628307476e-06,1.0239282990427182e-11,1.0239282990427182e-09
IEEE-CIS,recomputed_from_saved_ieee_bundle_priority10_v3_n8,artifacts/priority10_v3/ieee_n8_targets_20260921/ieee_priority6_bundle.pt,2,"201437,387132,69655,334660",network.9.weight,parameter,32,3.1000870738040476e-05,3.7770066572209894e-11,3.777006657220989e-09
IEEE-CIS,recomputed_from_saved_ieee_bundle_priority10_v3_n8,artifacts/priority10_v3/ieee_n8_targets_20260921/ieee_priority6_bundle.pt,2,"201437,387132,69655,334660",network.9.bias,parameter,32,3.099989817165686e-05,3.776888164107149e-11,3.776888164107149e-09
IEEE-CIS,recomputed_from_saved_ieee_bundle_priority10_v3_n8,artifacts/priority10_v3/ieee_n8_targets_20260921/ieee_priority6_bundle.pt,2,"201437,387132,69655,334660",network.12.weight,parameter,32,3.1000076053759164e-05,3.776909836462429e-11,3.776909836462429e-09
IEEE-CIS,recomputed_from_saved_ieee_bundle_priority10_v3_n8,artifacts/priority10_v3/ieee_n8_targets_20260921/ieee_priority6_bundle.pt,2,"201437,387132,69655,334660",network.12.bias,parameter,1,1.0000040531199517e-06,1.2183599608533995e-12,1.2183599608533994e-10
IEEE-CIS,recomputed_from_saved_ieee_bundle_priority10_v3_n8,artifacts/priority10_v3/ieee_n8_targets_20260921/ieee_priority6_bundle.pt,2,"201437,387132,69655,334660",network.1.running_mean,batchnorm_buffer,128,228.60842475969287,0.0002785262225407871,0.02785262225407871
IEEE-CIS,recomputed_from_saved_ieee_bundle_priority10_v3_n8,artifacts/priority10_v3/ieee_n8_targets_20260921/ieee_priority6_bundle.pt,2,"201437,387132,69655,334660",network.1.running_var,batchnorm_buffer,128,820550.0660655948,0.9997212943796081,99.97212943796082
IEEE-CIS,recomputed_from_saved_ieee_bundle_priority10_v3_n8,artifacts/priority10_v3/ieee_n8_targets_20260921/ieee_priority6_bundle.pt,2,"201437,387132,69655,334660",network.5.running_mean,batchnorm_buffer,64,0.017925004469817877,2.1839019227979762e-08,2.183901922797976e-06
IEEE-CIS,recomputed_from_saved_ieee_bundle_priority10_v3_n8,artifacts/priority10_v3/ieee_n8_targets_20260921/ieee_priority6_bundle.pt,2,"201437,387132,69655,334660",network.5.running_var,batchnorm_buffer,64,0.06014520628696918,7.327821417191952e-08,7.3278214171919525e-06
IEEE-CIS,recomputed_from_saved_ieee_bundle_priority10_v3_n8,artifacts/priority10_v3/ieee_n8_targets_20260921/ieee_priority6_bundle.pt,2,"201437,387132,69655,334660",network.9.running_mean,batchnorm_buffer,32,0.014114484573994196,1.7196453173750025e-08,1.7196453173750024e-06
IEEE-CIS,recomputed_from_saved_ieee_bundle_priority10_v3_n8,artifacts/priority10_v3/ieee_n8_targets_20260921/ieee_priority6_bundle.pt,2,"201437,387132,69655,334660",network.9.running_var,batchnorm_buffer,32,0.04091903704300215,4.985391430597616e-08,4.985391430597617e-06
IEEE-CIS,recomputed_from_saved_ieee_bundle_priority10_v3_n8,artifacts/priority10_v3/ieee_n8_targets_20260921/ieee_priority6_bundle.pt,3,"556379,119557,576203,59796",network.0.weight,parameter,23168,0.004823137762020714,7.975000380495314e-08,7.975000380495314e-06
IEEE-CIS,recomputed_from_saved_ieee_bundle_priority10_v3_n8,artifacts/priority10_v3/ieee_n8_targets_20260921/ieee_priority6_bundle.pt,3,"556379,119557,576203,59796",network.0.bias,parameter,128,3.108112231478933e-05,5.139226257199364e-10,5.139226257199364e-08
IEEE-CIS,recomputed_from_saved_ieee_bundle_priority10_v3_n8,artifacts/priority10_v3/ieee_n8_targets_20260921/ieee_priority6_bundle.pt,3,"556379,119557,576203,59796",network.1.weight,parameter,128,0.00011700485530852234,1.9346612343378827e-09,1.9346612343378827e-07
IEEE-CIS,recomputed_from_saved_ieee_bundle_priority10_v3_n8,artifacts/priority10_v3/ieee_n8_targets_20260921/ieee_priority6_bundle.pt,3,"556379,119557,576203,59796",network.1.bias,parameter,128,0.00011699991332567726,1.9345795192448988e-09,1.9345795192448987e-07
IEEE-CIS,recomputed_from_saved_ieee_bundle_priority10_v3_n8,artifacts/priority10_v3/ieee_n8_targets_20260921/ieee_priority6_bundle.pt,3,"556379,119557,576203,59796",network.4.weight,parameter,8192,0.007487982601750346,1.238128932752737e-07,1.2381289327527369e-05
IEEE-CIS,recomputed_from_saved_ieee_bundle_priority10_v3_n8,artifacts/priority10_v3/ieee_n8_targets_20260921/ieee_priority6_bundle.pt,3,"556379,119557,576203,59796",network.4.bias,parameter,64,2.3183424369257608e-05,3.8333513842771247e-10,3.8333513842771245e-08
IEEE-CIS,recomputed_from_saved_ieee_bundle_priority10_v3_n8,artifacts/priority10_v3/ieee_n8_targets_20260921/ieee_priority6_bundle.pt,3,"556379,119557,576203,59796",network.5.weight,parameter,64,6.400323972499677e-05,1.058285884303526e-09,1.058285884303526e-07
IEEE-CIS,recomputed_from_saved_ieee_bundle_priority10_v3_n8,artifacts/priority10_v3/ieee_n8_targets_20260921/ieee_priority6_bundle.pt,3,"556379,119557,576203,59796",network.5.bias,parameter,64,6.39997162210851e-05,1.0582276235893961e-09,1.0582276235893961e-07
IEEE-CIS,recomputed_from_saved_ieee_bundle_priority10_v3_n8,artifacts/priority10_v3/ieee_n8_targets_20260921/ieee_priority6_bundle.pt,3,"556379,119557,576203,59796",network.8.weight,parameter,2048,0.0019199702387651158,3.174647737674493e-08,3.174647737674493e-06
IEEE-CIS,recomputed_from_saved_ieee_bundle_priority10_v3_n8,artifacts/priority10_v3/ieee_n8_targets_20260921/ieee_priority6_bundle.pt,3,"556379,119557,576203,59796",network.8.bias,parameter,32,7.258429034054381e-06,1.2001725259477115e-10,1.2001725259477114e-08
IEEE-CIS,recomputed_from_saved_ieee_bundle_priority10_v3_n8,artifacts/priority10_v3/ieee_n8_targets_20260921/ieee_priority6_bundle.pt,3,"556379,119557,576203,59796",network.9.weight,parameter,32,3.0000896487081263e-05,4.960612213561028e-10,4.9606122135610286e-08
IEEE-CIS,recomputed_from_saved_ieee_bundle_priority10_v3_n8,artifacts/priority10_v3/ieee_n8_targets_20260921/ieee_priority6_bundle.pt,3,"556379,119557,576203,59796",network.9.bias,parameter,32,2.999994068414448e-05,4.960454172693017e-10,4.960454172693017e-08
IEEE-CIS,recomputed_from_saved_ieee_bundle_priority10_v3_n8,artifacts/priority10_v3/ieee_n8_targets_20260921/ieee_priority6_bundle.pt,3,"556379,119557,576203,59796",network.12.weight,parameter,32,3.0000083409339085e-05,4.960477772132582e-10,4.960477772132582e-08
IEEE-CIS,recomputed_from_saved_ieee_bundle_priority10_v3_n8,artifacts/priority10_v3/ieee_n8_targets_20260921/ieee_priority6_bundle.pt,3,"556379,119557,576203,59796",network.12.bias,parameter,1,1.0000040531199517e-06,1.6534946952846795e-11,1.6534946952846796e-09
IEEE-CIS,recomputed_from_saved_ieee_bundle_priority10_v3_n8,artifacts/priority10_v3/ieee_n8_targets_20260921/ieee_priority6_bundle.pt,3,"556379,119557,576203,59796",network.1.running_mean,batchnorm_buffer,128,3.6192823672993844,5.9844399394139904e-05,0.00598443993941399
IEEE-CIS,recomputed_from_saved_ieee_bundle_priority10_v3_n8,artifacts/priority10_v3/ieee_n8_targets_20260921/ieee_priority6_bundle.pt,3,"556379,119557,576203,59796",network.1.running_var,batchnorm_buffer,128,60474.44960136689,0.9999377632935097,99.99377632935096
IEEE-CIS,recomputed_from_saved_ieee_bundle_priority10_v3_n8,artifacts/priority10_v3/ieee_n8_targets_20260921/ieee_priority6_bundle.pt,3,"556379,119557,576203,59796",network.5.running_mean,batchnorm_buffer,64,0.031060367587736316,5.135794488000312e-07,5.135794488000312e-05
IEEE-CIS,recomputed_from_saved_ieee_bundle_priority10_v3_n8,artifacts/priority10_v3/ieee_n8_targets_20260921/ieee_priority6_bundle.pt,3,"556379,119557,576203,59796",network.5.running_var,batchnorm_buffer,64,0.05548443432509842,9.174284598266195e-07,9.174284598266195e-05
IEEE-CIS,recomputed_from_saved_ieee_bundle_priority10_v3_n8,artifacts/priority10_v3/ieee_n8_targets_20260921/ieee_priority6_bundle.pt,3,"556379,119557,576203,59796",network.9.running_mean,batchnorm_buffer,32,0.012892378149251302,2.1317392477442374e-07,2.1317392477442374e-05
IEEE-CIS,recomputed_from_saved_ieee_bundle_priority10_v3_n8,artifacts/priority10_v3/ieee_n8_targets_20260921/ieee_priority6_bundle.pt,3,"556379,119557,576203,59796",network.9.running_var,batchnorm_buffer,32,0.03049965717834624,5.043081695024644e-07,5.0430816950246435e-05
IEEE-CIS,recomputed_from_saved_ieee_bundle_priority10_v3_n8,artifacts/priority10_v3/ieee_n8_targets_20260921/ieee_priority6_bundle.pt,4,"200959,191983,326954,479860",network.0.weight,parameter,23168,0.004992947994037647,8.888867114470672e-08,8.888867114470672e-06
IEEE-CIS,recomputed_from_saved_ieee_bundle_priority10_v3_n8,artifacts/priority10_v3/ieee_n8_targets_20260921/ieee_priority6_bundle.pt,4,"200959,191983,326954,479860",network.0.bias,parameter,128,7.014635040298617e-06,1.2488044899362495e-10,1.2488044899362495e-08
IEEE-CIS,recomputed_from_saved_ieee_bundle_priority10_v3_n8,artifacts/priority10_v3/ieee_n8_targets_20260921/ieee_priority6_bundle.pt,4,"200959,191983,326954,479860",network.1.weight,parameter,128,0.00011300424303684053,2.011796840113952e-09,2.011796840113952e-07
IEEE-CIS,recomputed_from_saved_ieee_bundle_priority10_v3_n8,artifacts/priority10_v3/ieee_n8_targets_20260921/ieee_priority6_bundle.pt,4,"200959,191983,326954,479860",network.1.bias,parameter,128,0.00011299989012863167,2.01171934597086e-09,2.01171934597086e-07
IEEE-CIS,recomputed_from_saved_ieee_bundle_priority10_v3_n8,artifacts/priority10_v3/ieee_n8_targets_20260921/ieee_priority6_bundle.pt,4,"200959,191983,326954,479860",network.4.weight,parameter,8192,0.007005980772938267,1.247263784272359e-07,1.247263784272359e-05
IEEE-CIS,recomputed_from_saved_ieee_bundle_priority10_v3_n8,artifacts/priority10_v3/ieee_n8_targets_20260921/ieee_priority6_bundle.pt,4,"200959,191983,326954,479860",network.4.bias,parameter,64,2.386372700362438e-05,4.2484219431992566e-10,4.2484219431992566e-08
IEEE-CIS,recomputed_from_saved_ieee_bundle_priority10_v3_n8,artifacts/priority10_v3/ieee_n8_targets_20260921/ieee_priority6_bundle.pt,4,"200959,191983,326954,479860",network.5.weight,parameter,64,6.200233754682927e-05,1.1038179045695171e-09,1.1038179045695172e-07
IEEE-CIS,recomputed_from_saved_ieee_bundle_priority10_v3_n8,artifacts/priority10_v3/ieee_n8_targets_20260921/ieee_priority6_bundle.pt,4,"200959,191983,326954,479860",network.5.bias,parameter,64,6.199993278105216e-05,1.1037750929010206e-09,1.1037750929010205e-07
IEEE-CIS,recomputed_from_saved_ieee_bundle_priority10_v3_n8,artifacts/priority10_v3/ieee_n8_targets_20260921/ieee_priority6_bundle.pt,4,"200959,191983,326954,479860",network.8.weight,parameter,2048,0.001983936537654667,3.531971145666695e-08,3.5319711456666955e-06
IEEE-CIS,recomputed_from_saved_ieee_bundle_priority10_v3_n8,artifacts/priority10_v3/ieee_n8_targets_20260921/ieee_priority6_bundle.pt,4,"200959,191983,326954,479860",network.8.bias,parameter,32,1.0113999059171291e-05,1.800579412006933e-10,1.800579412006933e-08
IEEE-CIS,recomputed_from_saved_ieee_bundle_priority10_v3_n8,artifacts/priority10_v3/ieee_n8_targets_20260921/ieee_priority6_bundle.pt,4,"200959,191983,326954,479860",network.9.weight,parameter,32,3.200096420030718e-05,5.697081536822413e-10,5.6970815368224127e-08
IEEE-CIS,recomputed_from_saved_ieee_bundle_priority10_v3_n8,artifacts/priority10_v3/ieee_n8_targets_20260921/ieee_priority6_bundle.pt,4,"200959,191983,326954,479860",network.9.bias,parameter,32,3.1999830981949446e-05,5.696879791733026e-10,5.696879791733026e-08
IEEE-CIS,recomputed_from_saved_ieee_bundle_priority10_v3_n8,artifacts/priority10_v3/ieee_n8_targets_20260921/ieee_priority6_bundle.pt,4,"200959,191983,326954,479860",network.12.weight,parameter,32,3.200008732462341e-05,5.696925428017789e-10,5.6969254280177886e-08
IEEE-CIS,recomputed_from_saved_ieee_bundle_priority10_v3_n8,artifacts/priority10_v3/ieee_n8_targets_20260921/ieee_priority6_bundle.pt,4,"200959,191983,326954,479860",network.12.bias,parameter,1,1.0000040531199517e-06,1.7802915537534237e-11,1.7802915537534238e-09
IEEE-CIS,recomputed_from_saved_ieee_bundle_priority10_v3_n8,artifacts/priority10_v3/ieee_n8_targets_20260921/ieee_priority6_bundle.pt,4,"200959,191983,326954,479860",network.1.running_mean,batchnorm_buffer,128,6.437843880218579,0.00011461192630747782,0.011461192630747782
IEEE-CIS,recomputed_from_saved_ieee_bundle_priority10_v3_n8,artifacts/priority10_v3/ieee_n8_targets_20260921/ieee_priority6_bundle.pt,4,"200959,191983,326954,479860",network.1.running_var,batchnorm_buffer,128,56164.24670115534,0.999883287603002,99.9883287603002
IEEE-CIS,recomputed_from_saved_ieee_bundle_priority10_v3_n8,artifacts/priority10_v3/ieee_n8_targets_20260921/ieee_priority6_bundle.pt,4,"200959,191983,326954,479860",network.5.running_mean,batchnorm_buffer,64,0.023371002470824805,4.1607029663277735e-07,4.160702966327774e-05
IEEE-CIS,recomputed_from_saved_ieee_bundle_priority10_v3_n8,artifacts/priority10_v3/ieee_n8_targets_20260921/ieee_priority6_bundle.pt,4,"200959,191983,326954,479860",network.5.running_var,batchnorm_buffer,64,0.04550142093321341,8.100546704630438e-07,8.100546704630438e-05
IEEE-CIS,recomputed_from_saved_ieee_bundle_priority10_v3_n8,artifacts/priority10_v3/ieee_n8_targets_20260921/ieee_priority6_bundle.pt,4,"200959,191983,326954,479860",network.9.running_mean,batchnorm_buffer,32,0.010809349360355925,1.9243715370724913e-07,1.9243715370724913e-05
IEEE-CIS,recomputed_from_saved_ieee_bundle_priority10_v3_n8,artifacts/priority10_v3/ieee_n8_targets_20260921/ieee_priority6_bundle.pt,4,"200959,191983,326954,479860",network.9.running_var,batchnorm_buffer,32,0.023832486652917595,4.242860272491417e-07,4.242860272491417e-05
IEEE-CIS,recomputed_from_saved_ieee_bundle_priority10_v3_n8,artifacts/priority10_v3/ieee_n8_targets_20260921/ieee_priority6_bundle.pt,5,"236147,414891,23091,354002",network.0.weight,parameter,23168,0.00527846059024949,8.845797151763587e-08,8.845797151763587e-06
IEEE-CIS,recomputed_from_saved_ieee_bundle_priority10_v3_n8,artifacts/priority10_v3/ieee_n8_targets_20260921/ieee_priority6_bundle.pt,5,"236147,414891,23091,354002",network.0.bias,parameter,128,1.0202042084004218e-05,1.7096877634278455e-10,1.7096877634278455e-08
IEEE-CIS,recomputed_from_saved_ieee_bundle_priority10_v3_n8,artifacts/priority10_v3/ieee_n8_targets_20260921/ieee_priority6_bundle.pt,5,"236147,414891,23091,354002",network.1.weight,parameter,128,0.00011000229504176673,1.8434503233108833e-09,1.8434503233108833e-07
IEEE-CIS,recomputed_from_saved_ieee_bundle_priority10_v3_n8,artifacts/priority10_v3/ieee_n8_targets_20260921/ieee_priority6_bundle.pt,5,"236147,414891,23091,354002",network.1.bias,parameter,128,0.00010999910233231514,1.843396818961101e-09,1.843396818961101e-07
IEEE-CIS,recomputed_from_saved_ieee_bundle_priority10_v3_n8,artifacts/priority10_v3/ieee_n8_targets_20260921/ieee_priority6_bundle.pt,5,"236147,414891,23091,354002",network.4.weight,parameter,8192,0.006379990701575904,1.0691773218981409e-07,1.069177321898141e-05
IEEE-CIS,recomputed_from_saved_ieee_bundle_priority10_v3_n8,artifacts/priority10_v3/ieee_n8_targets_20260921/ieee_priority6_bundle.pt,5,"236147,414891,23091,354002",network.4.bias,parameter,64,1.4734126344430715e-05,2.469187571316691e-10,2.469187571316691e-08
IEEE-CIS,recomputed_from_saved_ieee_bundle_priority10_v3_n8,artifacts/priority10_v3/ieee_n8_targets_20260921/ieee_priority6_bundle.pt,5,"236147,414891,23091,354002",network.5.weight,parameter,64,5.8002559740089055e-05,9.720236970067556e-10,9.720236970067557e-08
IEEE-CIS,recomputed_from_saved_ieee_bundle_priority10_v3_n8,artifacts/priority10_v3/ieee_n8_targets_20260921/ieee_priority6_bundle.pt,5,"236147,414891,23091,354002",network.5.bias,parameter,64,5.799982297293653e-05,9.71977833470088e-10,9.71977833470088e-08
IEEE-CIS,recomputed_from_saved_ieee_bundle_priority10_v3_n8,artifacts/priority10_v3/ieee_n8_targets_20260921/ieee_priority6_bundle.pt,5,"236147,414891,23091,354002",network.8.weight,parameter,2048,0.0017979236898942798,3.013012597751229e-08,3.013012597751229e-06
IEEE-CIS,recomputed_from_saved_ieee_bundle_priority10_v3_n8,artifacts/priority10_v3/ieee_n8_targets_20260921/ieee_priority6_bundle.pt,5,"236147,414891,23091,354002",network.8.bias,parameter,32,7.69028416934981e-06,1.2887600965923254e-10,1.2887600965923254e-08
IEEE-CIS,recomputed_from_saved_ieee_bundle_priority10_v3_n8,artifacts/priority10_v3/ieee_n8_targets_20260921/ieee_priority6_bundle.pt,5,"236147,414891,23091,354002",network.9.weight,parameter,32,3.1000870738040476e-05,5.19521571465949e-10,5.1952157146594895e-08
IEEE-CIS,recomputed_from_saved_ieee_bundle_priority10_v3_n8,artifacts/priority10_v3/ieee_n8_targets_20260921/ieee_priority6_bundle.pt,5,"236147,414891,23091,354002",network.9.bias,parameter,32,3.099987838287897e-05,5.195049412907093e-10,5.1950494129070924e-08
IEEE-CIS,recomputed_from_saved_ieee_bundle_priority10_v3_n8,artifacts/priority10_v3/ieee_n8_targets_20260921/ieee_priority6_bundle.pt,5,"236147,414891,23091,354002",network.12.weight,parameter,32,3.100007582092858e-05,5.19508250014734e-10,5.19508250014734e-08
IEEE-CIS,recomputed_from_saved_ieee_bundle_priority10_v3_n8,artifacts/priority10_v3/ieee_n8_targets_20260921/ieee_priority6_bundle.pt,5,"236147,414891,23091,354002",network.12.bias,parameter,1,1.0000040531199517e-06,1.6758357580959806e-11,1.6758357580959806e-09
IEEE-CIS,recomputed_from_saved_ieee_bundle_priority10_v3_n8,artifacts/priority10_v3/ieee_n8_targets_20260921/ieee_priority6_bundle.pt,5,"236147,414891,23091,354002",network.1.running_mean,batchnorm_buffer,128,3.9018814892213585,6.538886020600557e-05,0.006538886020600557
IEEE-CIS,recomputed_from_saved_ieee_bundle_priority10_v3_n8,artifacts/priority10_v3/ieee_n8_targets_20260921/ieee_priority6_bundle.pt,5,"236147,414891,23091,354002",network.1.running_var,batchnorm_buffer,128,59667.914467753675,0.9999321939156156,99.99321939156157
IEEE-CIS,recomputed_from_saved_ieee_bundle_priority10_v3_n8,artifacts/priority10_v3/ieee_n8_targets_20260921/ieee_priority6_bundle.pt,5,"236147,414891,23091,354002",network.5.running_mean,batchnorm_buffer,64,0.029323664349692455,4.914144609944329e-07,4.914144609944329e-05
IEEE-CIS,recomputed_from_saved_ieee_bundle_priority10_v3_n8,artifacts/priority10_v3/ieee_n8_targets_20260921/ieee_priority6_bundle.pt,5,"236147,414891,23091,354002",network.5.running_var,batchnorm_buffer,64,0.05730313963503875,9.603026122939724e-07,9.603026122939725e-05
IEEE-CIS,recomputed_from_saved_ieee_bundle_priority10_v3_n8,artifacts/priority10_v3/ieee_n8_targets_20260921/ieee_priority6_bundle.pt,5,"236147,414891,23091,354002",network.9.running_mean,batchnorm_buffer,32,0.011500708736478838,1.9273220827362213e-07,1.927322082736221e-05
IEEE-CIS,recomputed_from_saved_ieee_bundle_priority10_v3_n8,artifacts/priority10_v3/ieee_n8_targets_20260921/ieee_priority6_bundle.pt,5,"236147,414891,23091,354002",network.9.running_var,batchnorm_buffer,32,0.032193987146567515,5.395161618352824e-07,5.3951616183528246e-05
IEEE-CIS,recomputed_from_saved_ieee_bundle_priority10_v3_n8,artifacts/priority10_v3/ieee_n8_targets_20260921/ieee_priority6_bundle.pt,6,"397380,234350,441876,293726",network.0.weight,parameter,23168,0.005013897610288338,8.273087218987654e-08,8.273087218987654e-06
IEEE-CIS,recomputed_from_saved_ieee_bundle_priority10_v3_n8,artifacts/priority10_v3/ieee_n8_targets_20260921/ieee_priority6_bundle.pt,6,"397380,234350,441876,293726",network.0.bias,parameter,128,2.9048841346326203e-05,4.793149297176632e-10,4.793149297176632e-08
IEEE-CIS,recomputed_from_saved_ieee_bundle_priority10_v3_n8,artifacts/priority10_v3/ieee_n8_targets_20260921/ieee_priority6_bundle.pt,6,"397380,234350,441876,293726",network.1.weight,parameter,128,0.00010900386918777372,1.7985977917600764e-09,1.7985977917600764e-07
IEEE-CIS,recomputed_from_saved_ieee_bundle_priority10_v3_n8,artifacts/priority10_v3/ieee_n8_targets_20260921/ieee_priority6_bundle.pt,6,"397380,234350,441876,293726",network.1.bias,parameter,128,0.00010899991792078076,1.7985325946240376e-09,1.7985325946240376e-07
IEEE-CIS,recomputed_from_saved_ieee_bundle_priority10_v3_n8,artifacts/priority10_v3/ieee_n8_targets_20260921/ieee_priority6_bundle.pt,6,"397380,234350,441876,293726",network.4.weight,parameter,8192,0.0061039748963435305,1.007174869234258e-07,1.007174869234258e-05
IEEE-CIS,recomputed_from_saved_ieee_bundle_priority10_v3_n8,artifacts/priority10_v3/ieee_n8_targets_20260921/ieee_priority6_bundle.pt,6,"397380,234350,441876,293726",network.4.bias,parameter,64,2.0736364154846847e-05,3.4215646706808497e-10,3.4215646706808496e-08
IEEE-CIS,recomputed_from_saved_ieee_bundle_priority10_v3_n8,artifacts/priority10_v3/ieee_n8_targets_20260921/ieee_priority6_bundle.pt,6,"397380,234350,441876,293726",network.5.weight,parameter,64,5.600261123817063e-05,9.240605279089447e-10,9.240605279089447e-08
IEEE-CIS,recomputed_from_saved_ieee_bundle_priority10_v3_n8,artifacts/priority10_v3/ieee_n8_targets_20260921/ieee_priority6_bundle.pt,6,"397380,234350,441876,293726",network.5.bias,parameter,64,5.5999950371836394e-05,9.240166227856809e-10,9.240166227856808e-08
IEEE-CIS,recomputed_from_saved_ieee_bundle_priority10_v3_n8,artifacts/priority10_v3/ieee_n8_targets_20260921/ieee_priority6_bundle.pt,6,"397380,234350,441876,293726",network.8.weight,parameter,2048,0.0017918536834912796,2.956614386534142e-08,2.956614386534142e-06
IEEE-CIS,recomputed_from_saved_ieee_bundle_priority10_v3_n8,artifacts/priority10_v3/ieee_n8_targets_20260921/ieee_priority6_bundle.pt,6,"397380,234350,441876,293726",network.8.bias,parameter,32,6.7343435191588585e-06,1.1111876553343003e-10,1.1111876553343002e-08
IEEE-CIS,recomputed_from_saved_ieee_bundle_priority10_v3_n8,artifacts/priority10_v3/ieee_n8_targets_20260921/ieee_priority6_bundle.pt,6,"397380,234350,441876,293726",network.9.weight,parameter,32,3.200096420030718e-05,5.280258762715696e-10,5.2802587627156956e-08
IEEE-CIS,recomputed_from_saved_ieee_bundle_priority10_v3_n8,artifacts/priority10_v3/ieee_n8_targets_20260921/ieee_priority6_bundle.pt,6,"397380,234350,441876,293726",network.9.bias,parameter,32,3.1999836801586956e-05,5.280072738415481e-10,5.280072738415481e-08
IEEE-CIS,recomputed_from_saved_ieee_bundle_priority10_v3_n8,artifacts/priority10_v3/ieee_n8_targets_20260921/ieee_priority6_bundle.pt,6,"397380,234350,441876,293726",network.12.weight,parameter,32,3.2000083832166556e-05,5.280113499230513e-10,5.2801134992305127e-08
IEEE-CIS,recomputed_from_saved_ieee_bundle_priority10_v3_n8,artifacts/priority10_v3/ieee_n8_targets_20260921/ieee_priority6_bundle.pt,6,"397380,234350,441876,293726",network.12.bias,parameter,1,1.0000040531199517e-06,1.6500378336060108e-11,1.6500378336060108e-09
IEEE-CIS,recomputed_from_saved_ieee_bundle_priority10_v3_n8,artifacts/priority10_v3/ieee_n8_targets_20260921/ieee_priority6_bundle.pt,6,"397380,234350,441876,293726",network.1.running_mean,batchnorm_buffer,128,2.439541185181216,4.025318937088557e-05,0.004025318937088557
IEEE-CIS,recomputed_from_saved_ieee_bundle_priority10_v3_n8,artifacts/priority10_v3/ieee_n8_targets_20260921/ieee_priority6_bundle.pt,6,"397380,234350,441876,293726",network.1.running_var,batchnorm_buffer,128,60602.348741182686,0.999957629335152,99.9957629335152
IEEE-CIS,recomputed_from_saved_ieee_bundle_priority10_v3_n8,artifacts/priority10_v3/ieee_n8_targets_20260921/ieee_priority6_bundle.pt,6,"397380,234350,441876,293726",network.5.running_mean,batchnorm_buffer,64,0.031313345608786326,5.166799553469451e-07,5.166799553469451e-05
IEEE-CIS,recomputed_from_saved_ieee_bundle_priority10_v3_n8,artifacts/priority10_v3/ieee_n8_targets_20260921/ieee_priority6_bundle.pt,6,"397380,234350,441876,293726",network.5.running_var,batchnorm_buffer,64,0.041645567055026866,6.871648272662324e-07,6.871648272662324e-05
IEEE-CIS,recomputed_from_saved_ieee_bundle_priority10_v3_n8,artifacts/priority10_v3/ieee_n8_targets_20260921/ieee_priority6_bundle.pt,6,"397380,234350,441876,293726",network.9.running_mean,batchnorm_buffer,32,0.013475526360187277,2.223503820078715e-07,2.2235038200787148e-05
IEEE-CIS,recomputed_from_saved_ieee_bundle_priority10_v3_n8,artifacts/priority10_v3/ieee_n8_targets_20260921/ieee_priority6_bundle.pt,6,"397380,234350,441876,293726",network.9.running_var,batchnorm_buffer,32,0.0285017327177437,4.702874669445184e-07,4.7028746694451846e-05
IEEE-CIS,recomputed_from_saved_ieee_bundle_priority10_v3_n8,artifacts/priority10_v3/ieee_n8_targets_20260921/ieee_priority6_bundle.pt,7,"502304,158281,49353,469858",network.0.weight,parameter,23168,0.005335109721463734,9.072143689313674e-08,9.072143689313674e-06
IEEE-CIS,recomputed_from_saved_ieee_bundle_priority10_v3_n8,artifacts/priority10_v3/ieee_n8_targets_20260921/ieee_priority6_bundle.pt,7,"502304,158281,49353,469858",network.0.bias,parameter,128,7.2231414453135324e-06,1.2282667180487277e-10,1.2282667180487277e-08
IEEE-CIS,recomputed_from_saved_ieee_bundle_priority10_v3_n8,artifacts/priority10_v3/ieee_n8_targets_20260921/ieee_priority6_bundle.pt,7,"502304,158281,49353,469858",network.1.weight,parameter,128,0.00011100393690099963,1.8875781721862807e-09,1.8875781721862807e-07
IEEE-CIS,recomputed_from_saved_ieee_bundle_priority10_v3_n8,artifacts/priority10_v3/ieee_n8_targets_20260921/ieee_priority6_bundle.pt,7,"502304,158281,49353,469858",network.1.bias,parameter,128,0.00011099985105595127,1.8875086940025016e-09,1.8875086940025017e-07
IEEE-CIS,recomputed_from_saved_ieee_bundle_priority10_v3_n8,artifacts/priority10_v3/ieee_n8_targets_20260921/ieee_priority6_bundle.pt,7,"502304,158281,49353,469858",network.4.weight,parameter,8192,0.006437968030875029,1.0947510752840119e-07,1.094751075284012e-05
IEEE-CIS,recomputed_from_saved_ieee_bundle_priority10_v3_n8,artifacts/priority10_v3/ieee_n8_targets_20260921/ieee_priority6_bundle.pt,7,"502304,158281,49353,469858",network.4.bias,parameter,64,1.608773236209411e-05,2.735655445603408e-10,2.735655445603408e-08
IEEE-CIS,recomputed_from_saved_ieee_bundle_priority10_v3_n8,artifacts/priority10_v3/ieee_n8_targets_20260921/ieee_priority6_bundle.pt,7,"502304,158281,49353,469858",network.5.weight,parameter,64,5.800279816270404e-05,9.863147091376782e-10,9.863147091376783e-08
IEEE-CIS,recomputed_from_saved_ieee_bundle_priority10_v3_n8,artifacts/priority10_v3/ieee_n8_targets_20260921/ieee_priority6_bundle.pt,7,"502304,158281,49353,469858",network.5.bias,parameter,64,5.79999584779627e-05,9.86266421418492e-10,9.86266421418492e-08
IEEE-CIS,recomputed_from_saved_ieee_bundle_priority10_v3_n8,artifacts/priority10_v3/ieee_n8_targets_20260921/ieee_priority6_bundle.pt,7,"502304,158281,49353,469858",network.8.weight,parameter,2048,0.0017979837793940315,3.057400512700739e-08,3.057400512700739e-06
IEEE-CIS,recomputed_from_saved_ieee_bundle_priority10_v3_n8,artifacts/priority10_v3/ieee_n8_targets_20260921/ieee_priority6_bundle.pt,7,"502304,158281,49353,469858",network.8.bias,parameter,32,5.732061181072841e-06,9.74714399245057e-11,9.74714399245057e-09
IEEE-CIS,recomputed_from_saved_ieee_bundle_priority10_v3_n8,artifacts/priority10_v3/ieee_n8_targets_20260921/ieee_priority6_bundle.pt,7,"502304,158281,49353,469858",network.9.weight,parameter,32,3.1000870738040476e-05,5.271575815917447e-10,5.2715758159174474e-08
IEEE-CIS,recomputed_from_saved_ieee_bundle_priority10_v3_n8,artifacts/priority10_v3/ieee_n8_targets_20260921/ieee_priority6_bundle.pt,7,"502304,158281,49353,469858",network.9.bias,parameter,32,3.099996569196099e-05,5.271421916400713e-10,5.271421916400713e-08
IEEE-CIS,recomputed_from_saved_ieee_bundle_priority10_v3_n8,artifacts/priority10_v3/ieee_n8_targets_20260921/ieee_priority6_bundle.pt,7,"502304,158281,49353,469858",network.12.weight,parameter,32,3.100008350434098e-05,5.271441949931333e-10,5.271441949931333e-08
IEEE-CIS,recomputed_from_saved_ieee_bundle_priority10_v3_n8,artifacts/priority10_v3/ieee_n8_targets_20260921/ieee_priority6_bundle.pt,7,"502304,158281,49353,469858",network.12.bias,parameter,1,1.0000040531199517e-06,1.7004674567988517e-11,1.7004674567988516e-09
IEEE-CIS,recomputed_from_saved_ieee_bundle_priority10_v3_n8,artifacts/priority10_v3/ieee_n8_targets_20260921/ieee_priority6_bundle.pt,7,"502304,158281,49353,469858",network.1.running_mean,batchnorm_buffer,128,0.9315803695824887,1.5841156812567956e-05,0.0015841156812567956
IEEE-CIS,recomputed_from_saved_ieee_bundle_priority10_v3_n8,artifacts/priority10_v3/ieee_n8_targets_20260921/ieee_priority6_bundle.pt,7,"502304,158281,49353,469858",network.1.running_var,batchnorm_buffer,128,58806.54227384123,0.9999820607880878,99.99820607880878
IEEE-CIS,recomputed_from_saved_ieee_bundle_priority10_v3_n8,artifacts/priority10_v3/ieee_n8_targets_20260921/ieee_priority6_bundle.pt,7,"502304,158281,49353,469858",network.5.running_mean,batchnorm_buffer,64,0.03732021018288051,6.346154567962447e-07,6.346154567962447e-05
IEEE-CIS,recomputed_from_saved_ieee_bundle_priority10_v3_n8,artifacts/priority10_v3/ieee_n8_targets_20260921/ieee_priority6_bundle.pt,7,"502304,158281,49353,469858",network.5.running_var,batchnorm_buffer,64,0.03387781794786271,5.760789343599434e-07,5.7607893435994335e-05
IEEE-CIS,recomputed_from_saved_ieee_bundle_priority10_v3_n8,artifacts/priority10_v3/ieee_n8_targets_20260921/ieee_priority6_bundle.pt,7,"502304,158281,49353,469858",network.9.running_mean,batchnorm_buffer,32,0.012751868380588772,2.1684049306520607e-07,2.1684049306520605e-05
IEEE-CIS,recomputed_from_saved_ieee_bundle_priority10_v3_n8,artifacts/priority10_v3/ieee_n8_targets_20260921/ieee_priority6_bundle.pt,7,"502304,158281,49353,469858",network.9.running_var,batchnorm_buffer,32,0.025399570823340767,4.3190968543572257e-07,4.319096854357226e-05
PaySim,recomputed_from_saved_paysim_targets_priority6_n24,artifacts/priority6_sota_attackers/targets_paysim_n24/paysim_priority6_n24_targets.pt,0,"3166407,5563783,155334,367419",network.0.weight,parameter,1664,0.0008888827834474864,1.3999517312282755e-09,1.3999517312282756e-07
PaySim,recomputed_from_saved_paysim_targets_priority6_n24,artifacts/priority6_sota_attackers/targets_paysim_n24/paysim_priority6_n24_targets.pt,0,"3166407,5563783,155334,367419",network.0.bias,parameter,128,3.0675484830825633e-07,4.831255469773436e-13,4.831255469773436e-11
PaySim,recomputed_from_saved_paysim_targets_priority6_n24,artifacts/priority6_sota_attackers/targets_paysim_n24/paysim_priority6_n24_targets.pt,0,"3166407,5563783,155334,367419",network.1.weight,parameter,128,0.00010800091516571797,1.7009674501071872e-10,1.7009674501071872e-08
PaySim,recomputed_from_saved_paysim_targets_priority6_n24,artifacts/priority6_sota_attackers/targets_paysim_n24/paysim_priority6_n24_targets.pt,0,"3166407,5563783,155334,367419",network.1.bias,parameter,128,0.00010799893390143129,1.7009362460562166e-10,1.7009362460562164e-08
PaySim,recomputed_from_saved_paysim_targets_priority6_n24,artifacts/priority6_sota_attackers/targets_paysim_n24/paysim_priority6_n24_targets.pt,0,"3166407,5563783,155334,367419",network.4.weight,parameter,8192,0.0064791103669441345,1.020431708649285e-08,1.020431708649285e-06
PaySim,recomputed_from_saved_paysim_targets_priority6_n24,artifacts/priority6_sota_attackers/targets_paysim_n24/paysim_priority6_n24_targets.pt,0,"3166407,5563783,155334,367419",network.4.bias,parameter,64,2.701761783471346e-06,4.255157323969655e-12,4.2551573239696546e-10
PaySim,recomputed_from_saved_paysim_targets_priority6_n24,artifacts/priority6_sota_attackers/targets_paysim_n24/paysim_priority6_n24_targets.pt,0,"3166407,5563783,155334,367419",network.5.weight,parameter,64,6.000060097477444e-05,9.449833743386356e-11,9.449833743386356e-09
PaySim,recomputed_from_saved_paysim_targets_priority6_n24,artifacts/priority6_sota_attackers/targets_paysim_n24/paysim_priority6_n24_targets.pt,0,"3166407,5563783,155334,367419",network.5.bias,parameter,64,5.999974888836955e-05,9.449699543482848e-11,9.449699543482849e-09
PaySim,recomputed_from_saved_paysim_targets_priority6_n24,artifacts/priority6_sota_attackers/targets_paysim_n24/paysim_priority6_n24_targets.pt,0,"3166407,5563783,155334,367419",network.8.weight,parameter,2048,0.0017819591133376898,2.8065081157491916e-09,2.8065081157491916e-07
PaySim,recomputed_from_saved_paysim_targets_priority6_n24,artifacts/priority6_sota_attackers/targets_paysim_n24/paysim_priority6_n24_targets.pt,0,"3166407,5563783,155334,367419",network.8.bias,parameter,32,1.4845353785994733e-06,2.3380786668850328e-12,2.3380786668850325e-10
PaySim,recomputed_from_saved_paysim_targets_priority6_n24,artifacts/priority6_sota_attackers/targets_paysim_n24/paysim_priority6_n24_targets.pt,0,"3166407,5563783,155334,367419",network.9.weight,parameter,32,2.9953866807375107e-05,4.717603769006214e-11,4.717603769006214e-09
PaySim,recomputed_from_saved_paysim_targets_priority6_n24,artifacts/priority6_sota_attackers/targets_paysim_n24/paysim_priority6_n24_targets.pt,0,"3166407,5563783,155334,367419",network.9.bias,parameter,32,2.9942521022858354e-05,4.715816857281502e-11,4.7158168572815016e-09
PaySim,recomputed_from_saved_paysim_targets_priority6_n24,artifacts/priority6_sota_attackers/targets_paysim_n24/paysim_priority6_n24_targets.pt,0,"3166407,5563783,155334,367419",network.12.weight,parameter,32,2.999930413728271e-05,4.724759950884305e-11,4.724759950884305e-09
PaySim,recomputed_from_saved_paysim_targets_priority6_n24,artifacts/priority6_sota_attackers/targets_paysim_n24/paysim_priority6_n24_targets.pt,0,"3166407,5563783,155334,367419",network.12.bias,parameter,1,9.999966025381335e-07,1.5749511645574134e-12,1.5749511645574133e-10
PaySim,recomputed_from_saved_paysim_targets_priority6_n24,artifacts/priority6_sota_attackers/targets_paysim_n24/paysim_priority6_n24_targets.pt,0,"3166407,5563783,155334,367419",network.1.running_mean,batchnorm_buffer,128,191.93585076289045,0.0003022906187001819,0.030229061870018187
PaySim,recomputed_from_saved_paysim_targets_priority6_n24,artifacts/priority6_sota_attackers/targets_paysim_n24/paysim_priority6_n24_targets.pt,0,"3166407,5563783,155334,367419",network.1.running_var,batchnorm_buffer,128,634745.9004022109,0.999697191469592,99.9697191469592
PaySim,recomputed_from_saved_paysim_targets_priority6_n24,artifacts/priority6_sota_attackers/targets_paysim_n24/paysim_priority6_n24_targets.pt,0,"3166407,5563783,155334,367419",network.5.running_mean,batchnorm_buffer,64,0.03186888053331635,5.0192101034836936e-08,5.019210103483694e-06
PaySim,recomputed_from_saved_paysim_targets_priority6_n24,artifacts/priority6_sota_attackers/targets_paysim_n24/paysim_priority6_n24_targets.pt,0,"3166407,5563783,155334,367419",network.5.running_var,batchnorm_buffer,64,0.24532737753825518,3.8637995166284296e-07,3.8637995166284295e-05
PaySim,recomputed_from_saved_paysim_targets_priority6_n24,artifacts/priority6_sota_attackers/targets_paysim_n24/paysim_priority6_n24_targets.pt,0,"3166407,5563783,155334,367419",network.9.running_mean,batchnorm_buffer,32,0.009480539796586768,1.4931437922258188e-08,1.4931437922258188e-06
PaySim,recomputed_from_saved_paysim_targets_priority6_n24,artifacts/priority6_sota_attackers/targets_paysim_n24/paysim_priority6_n24_targets.pt,0,"3166407,5563783,155334,367419",network.9.running_var,batchnorm_buffer,32,0.03258377037418808,5.13180214475198e-08,5.13180214475198e-06
PaySim,recomputed_from_saved_paysim_targets_priority6_n24,artifacts/priority6_sota_attackers/targets_paysim_n24/paysim_priority6_n24_targets.pt,1,"5971707,1018658,4503591,5701797",network.0.weight,parameter,1664,0.001379698978251946,5.253112864630623e-07,5.253112864630623e-05
PaySim,recomputed_from_saved_paysim_targets_priority6_n24,artifacts/priority6_sota_attackers/targets_paysim_n24/paysim_priority6_n24_targets.pt,1,"5971707,1018658,4503591,5701797",network.0.bias,parameter,128,2.106787599879395e-07,8.021454837918818e-11,8.021454837918818e-09
PaySim,recomputed_from_saved_paysim_targets_priority6_n24,artifacts/priority6_sota_attackers/targets_paysim_n24/paysim_priority6_n24_targets.pt,1,"5971707,1018658,4503591,5701797",network.1.weight,parameter,128,0.00011499870915443466,4.378500006142365e-08,4.378500006142365e-06
PaySim,recomputed_from_saved_paysim_targets_priority6_n24,artifacts/priority6_sota_attackers/targets_paysim_n24/paysim_priority6_n24_targets.pt,1,"5971707,1018658,4503591,5701797",network.1.bias,parameter,128,0.00011499854411098542,4.378493722221886e-08,4.378493722221887e-06
PaySim,recomputed_from_saved_paysim_targets_priority6_n24,artifacts/priority6_sota_attackers/targets_paysim_n24/paysim_priority6_n24_targets.pt,1,"5971707,1018658,4503591,5701797",network.4.weight,parameter,8192,0.0066695407658597695,2.5393836590867183e-06,0.00025393836590867185
PaySim,recomputed_from_saved_paysim_targets_priority6_n24,artifacts/priority6_sota_attackers/targets_paysim_n24/paysim_priority6_n24_targets.pt,1,"5971707,1018658,4503591,5701797",network.4.bias,parameter,64,1.4176147472272208e-06,5.3974746543514e-10,5.3974746543514e-08
PaySim,recomputed_from_saved_paysim_targets_priority6_n24,artifacts/priority6_sota_attackers/targets_paysim_n24/paysim_priority6_n24_targets.pt,1,"5971707,1018658,4503591,5701797",network.5.weight,parameter,64,5.8000533183388825e-05,2.2083320479596463e-08,2.2083320479596464e-06
PaySim,recomputed_from_saved_paysim_targets_priority6_n24,artifacts/priority6_sota_attackers/targets_paysim_n24/paysim_priority6_n24_targets.pt,1,"5971707,1018658,4503591,5701797",network.5.bias,parameter,64,5.799550391861349e-05,2.2081405620202683e-08,2.2081405620202683e-06
PaySim,recomputed_from_saved_paysim_targets_priority6_n24,artifacts/priority6_sota_attackers/targets_paysim_n24/paysim_priority6_n24_targets.pt,1,"5971707,1018658,4503591,5701797",network.8.weight,parameter,2048,0.0017957291650967247,6.837120362670462e-07,6.837120362670462e-05
PaySim,recomputed_from_saved_paysim_targets_priority6_n24,artifacts/priority6_sota_attackers/targets_paysim_n24/paysim_priority6_n24_targets.pt,1,"5971707,1018658,4503591,5701797",network.8.bias,parameter,32,5.759493339300981e-07,2.1928891034455392e-10,2.1928891034455393e-08
PaySim,recomputed_from_saved_paysim_targets_priority6_n24,artifacts/priority6_sota_attackers/targets_paysim_n24/paysim_priority6_n24_targets.pt,1,"5971707,1018658,4503591,5701797",network.9.weight,parameter,32,3.098943095025675e-05,1.1799021450217305e-08,1.1799021450217306e-06
PaySim,recomputed_from_saved_paysim_targets_priority6_n24,artifacts/priority6_sota_attackers/targets_paysim_n24/paysim_priority6_n24_targets.pt,1,"5971707,1018658,4503591,5701797",network.9.bias,parameter,32,3.099256251251972e-05,1.180021377189539e-08,1.1800213771895392e-06
PaySim,recomputed_from_saved_paysim_targets_priority6_n24,artifacts/priority6_sota_attackers/targets_paysim_n24/paysim_priority6_n24_targets.pt,1,"5971707,1018658,4503591,5701797",network.12.weight,parameter,32,3.099945300616946e-05,1.1802837281907768e-08,1.1802837281907768e-06
PaySim,recomputed_from_saved_paysim_targets_priority6_n24,artifacts/priority6_sota_attackers/targets_paysim_n24/paysim_priority6_n24_targets.pt,1,"5971707,1018658,4503591,5701797",network.12.bias,parameter,1,9.999966025381335e-07,3.8074211115496816e-10,3.807421111549682e-08
PaySim,recomputed_from_saved_paysim_targets_priority6_n24,artifacts/priority6_sota_attackers/targets_paysim_n24/paysim_priority6_n24_targets.pt,1,"5971707,1018658,4503591,5701797",network.1.running_mean,batchnorm_buffer,128,3.9282157771581137,0.0014956422494549427,0.14956422494549426
PaySim,recomputed_from_saved_paysim_targets_priority6_n24,artifacts/priority6_sota_attackers/targets_paysim_n24/paysim_priority6_n24_targets.pt,1,"5971707,1018658,4503591,5701797",network.1.running_var,batchnorm_buffer,128,2622.305629919302,0.9984255737418471,99.84255737418472
PaySim,recomputed_from_saved_paysim_targets_priority6_n24,artifacts/priority6_sota_attackers/targets_paysim_n24/paysim_priority6_n24_targets.pt,1,"5971707,1018658,4503591,5701797",network.5.running_mean,batchnorm_buffer,64,0.02548408684242096,9.70289799046582e-06,0.000970289799046582
PaySim,recomputed_from_saved_paysim_targets_priority6_n24,artifacts/priority6_sota_attackers/targets_paysim_n24/paysim_priority6_n24_targets.pt,1,"5971707,1018658,4503591,5701797",network.5.running_var,batchnorm_buffer,64,0.13878055426904456,5.283978074079276e-05,0.0052839780740792765
PaySim,recomputed_from_saved_paysim_targets_priority6_n24,artifacts/priority6_sota_attackers/targets_paysim_n24/paysim_priority6_n24_targets.pt,1,"5971707,1018658,4503591,5701797",network.9.running_mean,batchnorm_buffer,32,0.006885573787454538,2.6216368072598314e-06,0.0002621636807259831
PaySim,recomputed_from_saved_paysim_targets_priority6_n24,artifacts/priority6_sota_attackers/targets_paysim_n24/paysim_priority6_n24_targets.pt,1,"5971707,1018658,4503591,5701797",network.9.running_var,batchnorm_buffer,32,0.025484169465910478,9.70292944881453e-06,0.000970292944881453
PaySim,recomputed_from_saved_paysim_targets_priority6_n24,artifacts/priority6_sota_attackers/targets_paysim_n24/paysim_priority6_n24_targets.pt,2,"3632872,5786645,3898830,1496506",network.0.weight,parameter,1664,0.0012291012127229857,5.408049916604207e-07,5.408049916604207e-05
PaySim,recomputed_from_saved_paysim_targets_priority6_n24,artifacts/priority6_sota_attackers/targets_paysim_n24/paysim_priority6_n24_targets.pt,2,"3632872,5786645,3898830,1496506",network.0.bias,parameter,128,1.2235807703240426e-07,5.3837599494752326e-11,5.3837599494752325e-09
PaySim,recomputed_from_saved_paysim_targets_priority6_n24,artifacts/priority6_sota_attackers/targets_paysim_n24/paysim_priority6_n24_targets.pt,2,"3632872,5786645,3898830,1496506",network.1.weight,parameter,128,0.00011199878579049027,4.927950748760221e-08,4.927950748760221e-06
PaySim,recomputed_from_saved_paysim_targets_priority6_n24,artifacts/priority6_sota_attackers/targets_paysim_n24/paysim_priority6_n24_targets.pt,2,"3632872,5786645,3898830,1496506",network.1.bias,parameter,128,0.00011199773920681207,4.927904699039376e-08,4.927904699039376e-06
PaySim,recomputed_from_saved_paysim_targets_priority6_n24,artifacts/priority6_sota_attackers/targets_paysim_n24/paysim_priority6_n24_targets.pt,2,"3632872,5786645,3898830,1496506",network.4.weight,parameter,8192,0.006604263498049404,2.9058784004233166e-06,0.0002905878400423317
PaySim,recomputed_from_saved_paysim_targets_priority6_n24,artifacts/priority6_sota_attackers/targets_paysim_n24/paysim_priority6_n24_targets.pt,2,"3632872,5786645,3898830,1496506",network.4.bias,parameter,64,8.035995388228968e-07,3.5358409656811754e-10,3.5358409656811753e-08
PaySim,recomputed_from_saved_paysim_targets_priority6_n24,artifacts/priority6_sota_attackers/targets_paysim_n24/paysim_priority6_n24_targets.pt,2,"3632872,5786645,3898830,1496506",network.5.weight,parameter,64,5.8999792351244196e-05,2.5959930622631675e-08,2.5959930622631675e-06
PaySim,recomputed_from_saved_paysim_targets_priority6_n24,artifacts/priority6_sota_attackers/targets_paysim_n24/paysim_priority6_n24_targets.pt,2,"3632872,5786645,3898830,1496506",network.5.bias,parameter,64,5.8997403697220703e-05,2.5958879613971136e-08,2.5958879613971135e-06
PaySim,recomputed_from_saved_paysim_targets_priority6_n24,artifacts/priority6_sota_attackers/targets_paysim_n24/paysim_priority6_n24_targets.pt,2,"3632872,5786645,3898830,1496506",network.8.weight,parameter,2048,0.0018844194590855582,8.291452642844188e-07,8.291452642844188e-05
PaySim,recomputed_from_saved_paysim_targets_priority6_n24,artifacts/priority6_sota_attackers/targets_paysim_n24/paysim_priority6_n24_targets.pt,2,"3632872,5786645,3898830,1496506",network.8.bias,parameter,32,4.1756199827339135e-07,1.8372743485759224e-10,1.8372743485759223e-08
PaySim,recomputed_from_saved_paysim_targets_priority6_n24,artifacts/priority6_sota_attackers/targets_paysim_n24/paysim_priority6_n24_targets.pt,2,"3632872,5786645,3898830,1496506",network.9.weight,parameter,32,3.197857371262103e-05,1.407058435135066e-08,1.407058435135066e-06
PaySim,recomputed_from_saved_paysim_targets_priority6_n24,artifacts/priority6_sota_attackers/targets_paysim_n24/paysim_priority6_n24_targets.pt,2,"3632872,5786645,3898830,1496506",network.9.bias,parameter,32,3.198646562898189e-05,1.4074056797490606e-08,1.4074056797490607e-06
PaySim,recomputed_from_saved_paysim_targets_priority6_n24,artifacts/priority6_sota_attackers/targets_paysim_n24/paysim_priority6_n24_targets.pt,2,"3632872,5786645,3898830,1496506",network.12.weight,parameter,32,3.199937906089639e-05,1.4079738712345572e-08,1.4079738712345573e-06
PaySim,recomputed_from_saved_paysim_targets_priority6_n24,artifacts/priority6_sota_attackers/targets_paysim_n24/paysim_priority6_n24_targets.pt,2,"3632872,5786645,3898830,1496506",network.12.bias,parameter,1,9.999966025381335e-07,4.399988777962179e-10,4.3999887779621794e-08
PaySim,recomputed_from_saved_paysim_targets_priority6_n24,artifacts/priority6_sota_attackers/targets_paysim_n24/paysim_priority6_n24_targets.pt,2,"3632872,5786645,3898830,1496506",network.1.running_mean,batchnorm_buffer,128,6.796031900650345,0.002990256569036114,0.2990256569036114
PaySim,recomputed_from_saved_paysim_targets_priority6_n24,artifacts/priority6_sota_attackers/targets_paysim_n24/paysim_priority6_n24_targets.pt,2,"3632872,5786645,3898830,1496506",network.1.running_var,batchnorm_buffer,128,2265.6383081655226,0.9968816999525127,99.68816999525127
PaySim,recomputed_from_saved_paysim_targets_priority6_n24,artifacts/priority6_sota_attackers/targets_paysim_n24/paysim_priority6_n24_targets.pt,2,"3632872,5786645,3898830,1496506",network.5.running_mean,batchnorm_buffer,64,0.0313247492400237,1.3782901339740071e-05,0.0013782901339740071
PaySim,recomputed_from_saved_paysim_targets_priority6_n24,artifacts/priority6_sota_attackers/targets_paysim_n24/paysim_priority6_n24_targets.pt,2,"3632872,5786645,3898830,1496506",network.5.running_var,batchnorm_buffer,64,0.2133006648447331,9.385237202472478e-05,0.009385237202472477
PaySim,recomputed_from_saved_paysim_targets_priority6_n24,artifacts/priority6_sota_attackers/targets_paysim_n24/paysim_priority6_n24_targets.pt,2,"3632872,5786645,3898830,1496506",network.9.running_mean,batchnorm_buffer,32,0.006080920229283,2.67560716712616e-06,0.00026756071671261603
PaySim,recomputed_from_saved_paysim_targets_priority6_n24,artifacts/priority6_sota_attackers/targets_paysim_n24/paysim_priority6_n24_targets.pt,2,"3632872,5786645,3898830,1496506",network.9.running_var,batchnorm_buffer,32,0.030143238947227813,1.326303637058379e-05,0.0013263036370583792
PaySim,recomputed_from_saved_paysim_targets_priority6_n24,artifacts/priority6_sota_attackers/targets_paysim_n24/paysim_priority6_n24_targets.pt,3,"2654457,1622803,2940679,3016856",network.0.weight,parameter,1664,0.0011293420376029283,1.5095882690126804e-07,1.5095882690126804e-05
PaySim,recomputed_from_saved_paysim_targets_priority6_n24,artifacts/priority6_sota_attackers/targets_paysim_n24/paysim_priority6_n24_targets.pt,3,"2654457,1622803,2940679,3016856",network.0.bias,parameter,128,6.39308397276878e-07,8.545617046709062e-11,8.545617046709062e-09
PaySim,recomputed_from_saved_paysim_targets_priority6_n24,artifacts/priority6_sota_attackers/targets_paysim_n24/paysim_priority6_n24_targets.pt,3,"2654457,1622803,2940679,3016856",network.1.weight,parameter,128,0.00010300223561188204,1.3768279350675089e-08,1.3768279350675088e-06
PaySim,recomputed_from_saved_paysim_targets_priority6_n24,artifacts/priority6_sota_attackers/targets_paysim_n24/paysim_priority6_n24_targets.pt,3,"2654457,1622803,2940679,3016856",network.1.bias,parameter,128,0.00010299939279230206,1.3767899351795566e-08,1.3767899351795565e-06
PaySim,recomputed_from_saved_paysim_targets_priority6_n24,artifacts/priority6_sota_attackers/targets_paysim_n24/paysim_priority6_n24_targets.pt,3,"2654457,1622803,2940679,3016856",network.4.weight,parameter,8192,0.006076560008396451,8.122520369557075e-07,8.122520369557076e-05
PaySim,recomputed_from_saved_paysim_targets_priority6_n24,artifacts/priority6_sota_attackers/targets_paysim_n24/paysim_priority6_n24_targets.pt,3,"2654457,1622803,2940679,3016856",network.4.bias,parameter,64,4.230879914573975e-06,5.655405071256053e-10,5.6554050712560525e-08
PaySim,recomputed_from_saved_paysim_targets_priority6_n24,artifacts/priority6_sota_attackers/targets_paysim_n24/paysim_priority6_n24_targets.pt,3,"2654457,1622803,2940679,3016856",network.5.weight,parameter,64,5.899812626353196e-05,7.886262649905085e-09,7.886262649905085e-07
PaySim,recomputed_from_saved_paysim_targets_priority6_n24,artifacts/priority6_sota_attackers/targets_paysim_n24/paysim_priority6_n24_targets.pt,3,"2654457,1622803,2940679,3016856",network.5.bias,parameter,64,5.899633697143173e-05,7.886023475742217e-09,7.886023475742216e-07
PaySim,recomputed_from_saved_paysim_targets_priority6_n24,artifacts/priority6_sota_attackers/targets_paysim_n24/paysim_priority6_n24_targets.pt,3,"2654457,1622803,2940679,3016856",network.8.weight,parameter,2048,0.0018253747551567876,2.439973210229003e-07,2.439973210229003e-05
PaySim,recomputed_from_saved_paysim_targets_priority6_n24,artifacts/priority6_sota_attackers/targets_paysim_n24/paysim_priority6_n24_targets.pt,3,"2654457,1622803,2940679,3016856",network.8.bias,parameter,32,1.954764605433196e-06,2.612928252725392e-10,2.612928252725392e-08
PaySim,recomputed_from_saved_paysim_targets_priority6_n24,artifacts/priority6_sota_attackers/targets_paysim_n24/paysim_priority6_n24_targets.pt,3,"2654457,1622803,2940679,3016856",network.9.weight,parameter,32,3.098111149668625e-05,4.141236305666958e-09,4.141236305666958e-07
PaySim,recomputed_from_saved_paysim_targets_priority6_n24,artifacts/priority6_sota_attackers/targets_paysim_n24/paysim_priority6_n24_targets.pt,3,"2654457,1622803,2940679,3016856",network.9.bias,parameter,32,3.0984642975240284e-05,4.141708357394418e-09,4.141708357394418e-07
PaySim,recomputed_from_saved_paysim_targets_priority6_n24,artifacts/priority6_sota_attackers/targets_paysim_n24/paysim_priority6_n24_targets.pt,3,"2654457,1622803,2940679,3016856",network.12.weight,parameter,32,3.099949865635784e-05,4.143694112037082e-09,4.1436941120370815e-07
PaySim,recomputed_from_saved_paysim_targets_priority6_n24,artifacts/priority6_sota_attackers/targets_paysim_n24/paysim_priority6_n24_targets.pt,3,"2654457,1622803,2940679,3016856",network.12.bias,parameter,1,9.999966025381335e-07,1.33669259620252e-10,1.3366925962025201e-08
PaySim,recomputed_from_saved_paysim_targets_priority6_n24,artifacts/priority6_sota_attackers/targets_paysim_n24/paysim_priority6_n24_targets.pt,3,"2654457,1622803,2940679,3016856",network.1.running_mean,batchnorm_buffer,128,27.841214030380907,0.00372152711011643,0.372152711011643
PaySim,recomputed_from_saved_paysim_targets_priority6_n24,artifacts/priority6_sota_attackers/targets_paysim_n24/paysim_priority6_n24_targets.pt,3,"2654457,1622803,2940679,3016856",network.1.running_var,batchnorm_buffer,128,7453.086771408477,0.9962519753477612,99.62519753477612
PaySim,recomputed_from_saved_paysim_targets_priority6_n24,artifacts/priority6_sota_attackers/targets_paysim_n24/paysim_priority6_n24_targets.pt,3,"2654457,1622803,2940679,3016856",network.5.running_mean,batchnorm_buffer,64,0.026650128731995237,3.562315079219847e-06,0.0003562315079219847
PaySim,recomputed_from_saved_paysim_targets_priority6_n24,artifacts/priority6_sota_attackers/targets_paysim_n24/paysim_priority6_n24_targets.pt,3,"2654457,1622803,2940679,3016856",network.5.running_var,batchnorm_buffer,64,0.1252852819100747,1.6746847771010926e-05,0.0016746847771010925
PaySim,recomputed_from_saved_paysim_targets_priority6_n24,artifacts/priority6_sota_attackers/targets_paysim_n24/paysim_priority6_n24_targets.pt,3,"2654457,1622803,2940679,3016856",network.9.running_mean,batchnorm_buffer,32,0.008539318757412224,1.1414482939916737e-06,0.00011414482939916737
PaySim,recomputed_from_saved_paysim_targets_priority6_n24,artifacts/priority6_sota_attackers/targets_paysim_n24/paysim_priority6_n24_targets.pt,3,"2654457,1622803,2940679,3016856",network.9.running_var,batchnorm_buffer,32,0.028300664559629096,3.782941730847e-06,0.0003782941730847
PaySim,recomputed_from_saved_paysim_targets_priority6_n24,artifacts/priority6_sota_attackers/targets_paysim_n24/paysim_priority6_n24_targets.pt,4,"1992569,5702130,2999157,6039814",network.0.weight,parameter,1664,0.001415864678837302,5.919870106011255e-07,5.9198701060112555e-05
PaySim,recomputed_from_saved_paysim_targets_priority6_n24,artifacts/priority6_sota_attackers/targets_paysim_n24/paysim_priority6_n24_targets.pt,4,"1992569,5702130,2999157,6039814",network.0.bias,parameter,128,1.778958028830985e-06,7.437999275024929e-10,7.437999275024929e-08
PaySim,recomputed_from_saved_paysim_targets_priority6_n24,artifacts/priority6_sota_attackers/targets_paysim_n24/paysim_priority6_n24_targets.pt,4,"1992569,5702130,2999157,6039814",network.1.weight,parameter,128,0.00011800316067223093,4.93382873179687e-08,4.93382873179687e-06
PaySim,recomputed_from_saved_paysim_targets_priority6_n24,artifacts/priority6_sota_attackers/targets_paysim_n24/paysim_priority6_n24_targets.pt,4,"1992569,5702130,2999157,6039814",network.1.bias,parameter,128,0.00011799914976265338,4.9336610317047564e-08,4.9336610317047565e-06
PaySim,recomputed_from_saved_paysim_targets_priority6_n24,artifacts/priority6_sota_attackers/targets_paysim_n24/paysim_priority6_n24_targets.pt,4,"1992569,5702130,2999157,6039814",network.4.weight,parameter,8192,0.0071979123687704,3.009518274907752e-06,0.00030095182749077516
PaySim,recomputed_from_saved_paysim_targets_priority6_n24,artifacts/priority6_sota_attackers/targets_paysim_n24/paysim_priority6_n24_targets.pt,4,"1992569,5702130,2999157,6039814",network.4.bias,parameter,64,3.978952203667242e-06,1.6636392273787357e-09,1.6636392273787356e-07
PaySim,recomputed_from_saved_paysim_targets_priority6_n24,artifacts/priority6_sota_attackers/targets_paysim_n24/paysim_priority6_n24_targets.pt,4,"1992569,5702130,2999157,6039814",network.5.weight,parameter,64,6.100140959830469e-05,2.550529203130496e-08,2.550529203130496e-06
PaySim,recomputed_from_saved_paysim_targets_priority6_n24,artifacts/priority6_sota_attackers/targets_paysim_n24/paysim_priority6_n24_targets.pt,4,"1992569,5702130,2999157,6039814",network.5.bias,parameter,64,6.099985259229485e-05,2.5504641031709427e-08,2.5504641031709426e-06
PaySim,recomputed_from_saved_paysim_targets_priority6_n24,artifacts/priority6_sota_attackers/targets_paysim_n24/paysim_priority6_n24_targets.pt,4,"1992569,5702130,2999157,6039814",network.8.weight,parameter,2048,0.0018898251505016354,7.901545664116688e-07,7.901545664116688e-05
PaySim,recomputed_from_saved_paysim_targets_priority6_n24,artifacts/priority6_sota_attackers/targets_paysim_n24/paysim_priority6_n24_targets.pt,4,"1992569,5702130,2999157,6039814",network.8.bias,parameter,32,4.1315833146393123e-07,1.7274558028323195e-10,1.7274558028323196e-08
PaySim,recomputed_from_saved_paysim_targets_priority6_n24,artifacts/priority6_sota_attackers/targets_paysim_n24/paysim_priority6_n24_targets.pt,4,"1992569,5702130,2999157,6039814",network.9.weight,parameter,32,3.099610296075639e-05,1.2959776881425684e-08,1.2959776881425685e-06
PaySim,recomputed_from_saved_paysim_targets_priority6_n24,artifacts/priority6_sota_attackers/targets_paysim_n24/paysim_priority6_n24_targets.pt,4,"1992569,5702130,2999157,6039814",network.9.bias,parameter,32,3.0997255548556764e-05,1.2960258789772294e-08,1.2960258789772293e-06
PaySim,recomputed_from_saved_paysim_targets_priority6_n24,artifacts/priority6_sota_attackers/targets_paysim_n24/paysim_priority6_n24_targets.pt,4,"1992569,5702130,2999157,6039814",network.12.weight,parameter,32,3.099964415920046e-05,1.2961257491481281e-08,1.2961257491481282e-06
PaySim,recomputed_from_saved_paysim_targets_priority6_n24,artifacts/priority6_sota_attackers/targets_paysim_n24/paysim_priority6_n24_targets.pt,4,"1992569,5702130,2999157,6039814",network.12.bias,parameter,1,9.999966025381335e-07,4.18108459230698e-10,4.18108459230698e-08
PaySim,recomputed_from_saved_paysim_targets_priority6_n24,artifacts/priority6_sota_attackers/targets_paysim_n24/paysim_priority6_n24_targets.pt,4,"1992569,5702130,2999157,6039814",network.1.running_mean,batchnorm_buffer,128,9.128902157985202,0.0038168841834614496,0.381688418346145
PaySim,recomputed_from_saved_paysim_targets_priority6_n24,artifacts/priority6_sota_attackers/targets_paysim_n24/paysim_priority6_n24_targets.pt,4,"1992569,5702130,2999157,6039814",network.1.running_var,batchnorm_buffer,128,2382.362893463808,0.9960894628905063,99.60894628905062
PaySim,recomputed_from_saved_paysim_targets_priority6_n24,artifacts/priority6_sota_attackers/targets_paysim_n24/paysim_priority6_n24_targets.pt,4,"1992569,5702130,2999157,6039814",network.5.running_mean,batchnorm_buffer,64,0.05160872051692523,2.157811592902534e-05,0.002157811592902534
PaySim,recomputed_from_saved_paysim_targets_priority6_n24,artifacts/priority6_sota_attackers/targets_paysim_n24/paysim_priority6_n24_targets.pt,4,"1992569,5702130,2999157,6039814",network.5.running_var,batchnorm_buffer,64,0.12294026195492291,5.14025381415544e-05,0.00514025381415544
PaySim,recomputed_from_saved_paysim_targets_priority6_n24,artifacts/priority6_sota_attackers/targets_paysim_n24/paysim_priority6_n24_targets.pt,4,"1992569,5702130,2999157,6039814",network.9.running_mean,batchnorm_buffer,32,0.007750580342508477,3.2405942149452256e-06,0.0003240594214945226
PaySim,recomputed_from_saved_paysim_targets_priority6_n24,artifacts/priority6_sota_attackers/targets_paysim_n24/paysim_priority6_n24_targets.pt,4,"1992569,5702130,2999157,6039814",network.9.running_var,batchnorm_buffer,32,0.030729849018755306,1.2848453477754494e-05,0.0012848453477754495
PaySim,recomputed_from_saved_paysim_targets_priority6_n24,artifacts/priority6_sota_attackers/targets_paysim_n24/paysim_priority6_n24_targets.pt,5,"1784226,627342,5373887,6358608",network.0.weight,parameter,1664,0.0010972142997655232,1.1061096143137115e-11,1.1061096143137115e-09
PaySim,recomputed_from_saved_paysim_targets_priority6_n24,artifacts/priority6_sota_attackers/targets_paysim_n24/paysim_priority6_n24_targets.pt,5,"1784226,627342,5373887,6358608",network.0.bias,parameter,128,2.187392593661422e-09,2.2051261805871062e-17,2.205126180587106e-15
PaySim,recomputed_from_saved_paysim_targets_priority6_n24,artifacts/priority6_sota_attackers/targets_paysim_n24/paysim_priority6_n24_targets.pt,5,"1784226,627342,5373887,6358608",network.1.weight,parameter,128,0.00010600025147411429,1.0685961466255505e-12,1.0685961466255505e-10
PaySim,recomputed_from_saved_paysim_targets_priority6_n24,artifacts/priority6_sota_attackers/targets_paysim_n24/paysim_priority6_n24_targets.pt,5,"1784226,627342,5373887,6358608",network.1.bias,parameter,128,0.00010599438997432391,1.0685370564252695e-12,1.0685370564252695e-10
PaySim,recomputed_from_saved_paysim_targets_priority6_n24,artifacts/priority6_sota_attackers/targets_paysim_n24/paysim_priority6_n24_targets.pt,5,"1784226,627342,5373887,6358608",network.4.weight,parameter,8192,0.006251046523373086,6.301724886836491e-11,6.301724886836491e-09
PaySim,recomputed_from_saved_paysim_targets_priority6_n24,artifacts/priority6_sota_attackers/targets_paysim_n24/paysim_priority6_n24_targets.pt,5,"1784226,627342,5373887,6358608",network.4.bias,parameter,64,3.7997280499819236e-06,3.830533131732486e-14,3.8305331317324864e-12
PaySim,recomputed_from_saved_paysim_targets_priority6_n24,artifacts/priority6_sota_attackers/targets_paysim_n24/paysim_priority6_n24_targets.pt,5,"1784226,627342,5373887,6358608",network.5.weight,parameter,64,5.900074586406845e-05,5.947907556971552e-13,5.947907556971553e-11
PaySim,recomputed_from_saved_paysim_targets_priority6_n24,artifacts/priority6_sota_attackers/targets_paysim_n24/paysim_priority6_n24_targets.pt,5,"1784226,627342,5373887,6358608",network.5.bias,parameter,64,5.899917163224425e-05,5.947748857530953e-13,5.947748857530953e-11
PaySim,recomputed_from_saved_paysim_targets_priority6_n24,artifacts/priority6_sota_attackers/targets_paysim_n24/paysim_priority6_n24_targets.pt,5,"1784226,627342,5373887,6358608",network.8.weight,parameter,2048,0.0018788848492350177,1.8941173081424002e-11,1.8941173081424e-09
PaySim,recomputed_from_saved_paysim_targets_priority6_n24,artifacts/priority6_sota_attackers/targets_paysim_n24/paysim_priority6_n24_targets.pt,5,"1784226,627342,5373887,6358608",network.8.bias,parameter,32,1.3308834302880324e-06,1.341673142691447e-14,1.341673142691447e-12
PaySim,recomputed_from_saved_paysim_targets_priority6_n24,artifacts/priority6_sota_attackers/targets_paysim_n24/paysim_priority6_n24_targets.pt,5,"1784226,627342,5373887,6358608",network.9.weight,parameter,32,3.1966251700765724e-05,3.222540787824686e-13,3.222540787824686e-11
PaySim,recomputed_from_saved_paysim_targets_priority6_n24,artifacts/priority6_sota_attackers/targets_paysim_n24/paysim_priority6_n24_targets.pt,5,"1784226,627342,5373887,6358608",network.9.bias,parameter,32,3.198793842243506e-05,3.2247270418086635e-13,3.2247270418086633e-11
PaySim,recomputed_from_saved_paysim_targets_priority6_n24,artifacts/priority6_sota_attackers/targets_paysim_n24/paysim_priority6_n24_targets.pt,5,"1784226,627342,5373887,6358608",network.12.weight,parameter,32,3.199921610134841e-05,3.225863952718033e-13,3.225863952718033e-11
PaySim,recomputed_from_saved_paysim_targets_priority6_n24,artifacts/priority6_sota_attackers/targets_paysim_n24/paysim_priority6_n24_targets.pt,5,"1784226,627342,5373887,6358608",network.12.bias,parameter,1,9.999966025381335e-07,1.0081037556517934e-14,1.0081037556517934e-12
PaySim,recomputed_from_saved_paysim_targets_priority6_n24,artifacts/priority6_sota_attackers/targets_paysim_n24/paysim_priority6_n24_targets.pt,5,"1784226,627342,5373887,6358608",network.1.running_mean,batchnorm_buffer,128,2137.112979162188,2.1544389401697376e-05,0.0021544389401697375
PaySim,recomputed_from_saved_paysim_targets_priority6_n24,artifacts/priority6_sota_attackers/targets_paysim_n24/paysim_priority6_n24_targets.pt,5,"1784226,627342,5373887,6358608",network.1.running_var,batchnorm_buffer,128,99193664.33154035,0.9999784528835527,99.99784528835526
PaySim,recomputed_from_saved_paysim_targets_priority6_n24,artifacts/priority6_sota_attackers/targets_paysim_n24/paysim_priority6_n24_targets.pt,5,"1784226,627342,5373887,6358608",network.5.running_mean,batchnorm_buffer,64,0.02455686918687538,2.47559561617559e-10,2.47559561617559e-08
PaySim,recomputed_from_saved_paysim_targets_priority6_n24,artifacts/priority6_sota_attackers/targets_paysim_n24/paysim_priority6_n24_targets.pt,5,"1784226,627342,5373887,6358608",network.5.running_var,batchnorm_buffer,64,0.1962209581959249,1.9781175695280644e-09,1.9781175695280644e-07
PaySim,recomputed_from_saved_paysim_targets_priority6_n24,artifacts/priority6_sota_attackers/targets_paysim_n24/paysim_priority6_n24_targets.pt,5,"1784226,627342,5373887,6358608",network.9.running_mean,batchnorm_buffer,32,0.006397372498000074,6.449237152574663e-11,6.449237152574663e-09
PaySim,recomputed_from_saved_paysim_targets_priority6_n24,artifacts/priority6_sota_attackers/targets_paysim_n24/paysim_priority6_n24_targets.pt,5,"1784226,627342,5373887,6358608",network.9.running_var,batchnorm_buffer,32,0.03367704551028017,3.395007140224276e-10,3.395007140224276e-08
PaySim,recomputed_from_saved_paysim_targets_priority6_n24,artifacts/priority6_sota_attackers/targets_paysim_n24/paysim_priority6_n24_targets.pt,6,"3794518,4703672,2986143,6053802",network.0.weight,parameter,1664,0.0010599639042189525,3.7481411020865094e-07,3.748141102086509e-05
PaySim,recomputed_from_saved_paysim_targets_priority6_n24,artifacts/priority6_sota_attackers/targets_paysim_n24/paysim_priority6_n24_targets.pt,6,"3794518,4703672,2986143,6053802",network.0.bias,parameter,128,3.9272626732738975e-06,1.3887203692313093e-09,1.3887203692313092e-07
PaySim,recomputed_from_saved_paysim_targets_priority6_n24,artifacts/priority6_sota_attackers/targets_paysim_n24/paysim_priority6_n24_targets.pt,6,"3794518,4703672,2986143,6053802",network.1.weight,parameter,128,0.0001060019199705664,3.748336632600028e-08,3.748336632600028e-06
PaySim,recomputed_from_saved_paysim_targets_priority6_n24,artifacts/priority6_sota_attackers/targets_paysim_n24/paysim_priority6_n24_targets.pt,6,"3794518,4703672,2986143,6053802",network.1.bias,parameter,128,0.00010599925477246011,3.748242388460887e-08,3.7482423884608867e-06
PaySim,recomputed_from_saved_paysim_targets_priority6_n24,artifacts/priority6_sota_attackers/targets_paysim_n24/paysim_priority6_n24_targets.pt,6,"3794518,4703672,2986143,6053802",network.4.weight,parameter,8192,0.0063569183209768575,2.2478715309666196e-06,0.00022478715309666195
PaySim,recomputed_from_saved_paysim_targets_priority6_n24,artifacts/priority6_sota_attackers/targets_paysim_n24/paysim_priority6_n24_targets.pt,6,"3794518,4703672,2986143,6053802",network.4.bias,parameter,64,1.7404205581739184e-06,6.154305635355397e-10,6.154305635355398e-08
PaySim,recomputed_from_saved_paysim_targets_priority6_n24,artifacts/priority6_sota_attackers/targets_paysim_n24/paysim_priority6_n24_targets.pt,6,"3794518,4703672,2986143,6053802",network.5.weight,parameter,64,5.99991705598768e-05,2.1216322213564683e-08,2.1216322213564683e-06
PaySim,recomputed_from_saved_paysim_targets_priority6_n24,artifacts/priority6_sota_attackers/targets_paysim_n24/paysim_priority6_n24_targets.pt,6,"3794518,4703672,2986143,6053802",network.5.bias,parameter,64,5.999853898853373e-05,2.1216098883458773e-08,2.1216098883458775e-06
PaySim,recomputed_from_saved_paysim_targets_priority6_n24,artifacts/priority6_sota_attackers/targets_paysim_n24/paysim_priority6_n24_targets.pt,6,"3794518,4703672,2986143,6053802",network.8.weight,parameter,2048,0.0018481285100168873,6.535172002330093e-07,6.535172002330093e-05
PaySim,recomputed_from_saved_paysim_targets_priority6_n24,artifacts/priority6_sota_attackers/targets_paysim_n24/paysim_priority6_n24_targets.pt,6,"3794518,4703672,2986143,6053802",network.8.bias,parameter,32,6.001768583735554e-07,2.1222869405620786e-10,2.1222869405620787e-08
PaySim,recomputed_from_saved_paysim_targets_priority6_n24,artifacts/priority6_sota_attackers/targets_paysim_n24/paysim_priority6_n24_targets.pt,6,"3794518,4703672,2986143,6053802",network.9.weight,parameter,32,3.0972115101945974e-05,1.0952057628575453e-08,1.0952057628575453e-06
PaySim,recomputed_from_saved_paysim_targets_priority6_n24,artifacts/priority6_sota_attackers/targets_paysim_n24/paysim_priority6_n24_targets.pt,6,"3794518,4703672,2986143,6053802",network.9.bias,parameter,32,3.095749048143484e-05,1.0946886212735536e-08,1.0946886212735535e-06
PaySim,recomputed_from_saved_paysim_targets_priority6_n24,artifacts/priority6_sota_attackers/targets_paysim_n24/paysim_priority6_n24_targets.pt,6,"3794518,4703672,2986143,6053802",network.12.weight,parameter,32,3.0999497249315825e-05,1.096174023678615e-08,1.096174023678615e-06
PaySim,recomputed_from_saved_paysim_targets_priority6_n24,artifacts/priority6_sota_attackers/targets_paysim_n24/paysim_priority6_n24_targets.pt,6,"3794518,4703672,2986143,6053802",network.12.bias,parameter,1,9.999966025381335e-07,3.536090571576491e-10,3.536090571576491e-08
PaySim,recomputed_from_saved_paysim_targets_priority6_n24,artifacts/priority6_sota_attackers/targets_paysim_n24/paysim_priority6_n24_targets.pt,6,"3794518,4703672,2986143,6053802",network.1.running_mean,batchnorm_buffer,128,3.712707688770951,0.0013128515256912454,0.13128515256912454
PaySim,recomputed_from_saved_paysim_targets_priority6_n24,artifacts/priority6_sota_attackers/targets_paysim_n24/paysim_priority6_n24_targets.pt,6,"3794518,4703672,2986143,6053802",network.1.running_var,batchnorm_buffer,128,2824.093157508834,0.9986283115536743,99.86283115536743
PaySim,recomputed_from_saved_paysim_targets_priority6_n24,artifacts/priority6_sota_attackers/targets_paysim_n24/paysim_priority6_n24_targets.pt,6,"3794518,4703672,2986143,6053802",network.5.running_mean,batchnorm_buffer,64,0.025739494889530472,9.101749442447647e-06,0.0009101749442447647
PaySim,recomputed_from_saved_paysim_targets_priority6_n24,artifacts/priority6_sota_attackers/targets_paysim_n24/paysim_priority6_n24_targets.pt,6,"3794518,4703672,2986143,6053802",network.5.running_var,batchnorm_buffer,64,0.09912920379428658,3.5053103382068176e-05,0.0035053103382068178
PaySim,recomputed_from_saved_paysim_targets_priority6_n24,artifacts/priority6_sota_attackers/targets_paysim_n24/paysim_priority6_n24_targets.pt,6,"3794518,4703672,2986143,6053802",network.9.running_mean,batchnorm_buffer,32,0.0062154782442291655,2.1978568688606553e-06,0.00021978568688606553
PaySim,recomputed_from_saved_paysim_targets_priority6_n24,artifacts/priority6_sota_attackers/targets_paysim_n24/paysim_priority6_n24_targets.pt,6,"3794518,4703672,2986143,6053802",network.9.running_var,batchnorm_buffer,32,0.025607795580337323,9.055179215674973e-06,0.0009055179215674973
PaySim,recomputed_from_saved_paysim_targets_priority6_n24,artifacts/priority6_sota_attackers/targets_paysim_n24/paysim_priority6_n24_targets.pt,7,"6260392,6086754,400895,4576402",network.0.weight,parameter,1664,0.0010516654312658301,2.0926000229155035e-10,2.0926000229155034e-08
PaySim,recomputed_from_saved_paysim_targets_priority6_n24,artifacts/priority6_sota_attackers/targets_paysim_n24/paysim_priority6_n24_targets.pt,7,"6260392,6086754,400895,4576402",network.0.bias,parameter,128,3.895985517705924e-09,7.752217712259398e-16,7.752217712259398e-14
PaySim,recomputed_from_saved_paysim_targets_priority6_n24,artifacts/priority6_sota_attackers/targets_paysim_n24/paysim_priority6_n24_targets.pt,7,"6260392,6086754,400895,4576402",network.1.weight,parameter,128,0.00010600251592762788,2.1092341790892748e-11,2.1092341790892747e-09
PaySim,recomputed_from_saved_paysim_targets_priority6_n24,artifacts/priority6_sota_attackers/targets_paysim_n24/paysim_priority6_n24_targets.pt,7,"6260392,6086754,400895,4576402",network.1.bias,parameter,128,0.00010599935628409894,2.1091713086180725e-11,2.1091713086180727e-09
PaySim,recomputed_from_saved_paysim_targets_priority6_n24,artifacts/priority6_sota_attackers/targets_paysim_n24/paysim_priority6_n24_targets.pt,7,"6260392,6086754,400895,4576402",network.4.weight,parameter,8192,0.006571104458930853,1.3075159582632603e-09,1.3075159582632603e-07
PaySim,recomputed_from_saved_paysim_targets_priority6_n24,artifacts/priority6_sota_attackers/targets_paysim_n24/paysim_priority6_n24_targets.pt,7,"6260392,6086754,400895,4576402",network.4.bias,parameter,64,2.0272509466392682e-06,4.033816507866653e-13,4.033816507866653e-11
PaySim,recomputed_from_saved_paysim_targets_priority6_n24,artifacts/priority6_sota_attackers/targets_paysim_n24/paysim_priority6_n24_targets.pt,7,"6260392,6086754,400895,4576402",network.5.weight,parameter,64,6.200043023696367e-05,1.2336822897989336e-11,1.2336822897989336e-09
PaySim,recomputed_from_saved_paysim_targets_priority6_n24,artifacts/priority6_sota_attackers/targets_paysim_n24/paysim_priority6_n24_targets.pt,7,"6260392,6086754,400895,4576402",network.5.bias,parameter,64,6.199934512947358e-05,1.233660698369843e-11,1.233660698369843e-09
PaySim,recomputed_from_saved_paysim_targets_priority6_n24,artifacts/priority6_sota_attackers/targets_paysim_n24/paysim_priority6_n24_targets.pt,7,"6260392,6086754,400895,4576402",network.8.weight,parameter,2048,0.0019725847472033056,3.925041904469536e-10,3.9250419044695356e-08
PaySim,recomputed_from_saved_paysim_targets_priority6_n24,artifacts/priority6_sota_attackers/targets_paysim_n24/paysim_priority6_n24_targets.pt,7,"6260392,6086754,400895,4576402",network.8.bias,parameter,32,7.946298538968281e-07,1.5811515725798614e-13,1.5811515725798614e-11
PaySim,recomputed_from_saved_paysim_targets_priority6_n24,artifacts/priority6_sota_attackers/targets_paysim_n24/paysim_priority6_n24_targets.pt,7,"6260392,6086754,400895,4576402",network.9.weight,parameter,32,3.1939759526977696e-05,6.355361651245027e-12,6.355361651245027e-10
PaySim,recomputed_from_saved_paysim_targets_priority6_n24,artifacts/priority6_sota_attackers/targets_paysim_n24/paysim_priority6_n24_targets.pt,7,"6260392,6086754,400895,4576402",network.9.bias,parameter,32,3.195667549878503e-05,6.358727585118983e-12,6.358727585118983e-10
PaySim,recomputed_from_saved_paysim_targets_priority6_n24,artifacts/priority6_sota_attackers/targets_paysim_n24/paysim_priority6_n24_targets.pt,7,"6260392,6086754,400895,4576402",network.12.weight,parameter,32,3.199929896868965e-05,6.367208787547762e-12,6.367208787547762e-10
PaySim,recomputed_from_saved_paysim_targets_priority6_n24,artifacts/priority6_sota_attackers/targets_paysim_n24/paysim_priority6_n24_targets.pt,7,"6260392,6086754,400895,4576402",network.12.bias,parameter,1,9.999966025381335e-07,1.9897895767744197e-13,1.9897895767744196e-11
PaySim,recomputed_from_saved_paysim_targets_priority6_n24,artifacts/priority6_sota_attackers/targets_paysim_n24/paysim_priority6_n24_targets.pt,7,"6260392,6086754,400895,4576402",network.1.running_mean,batchnorm_buffer,128,489.0049889022464,9.730203357078665e-05,0.009730203357078665
PaySim,recomputed_from_saved_paysim_targets_priority6_n24,artifacts/priority6_sota_attackers/targets_paysim_n24/paysim_priority6_n24_targets.pt,7,"6260392,6086754,400895,4576402",network.1.running_var,batchnorm_buffer,128,5025150.681768771,0.9999026419615332,99.99026419615332
PaySim,recomputed_from_saved_paysim_targets_priority6_n24,artifacts/priority6_sota_attackers/targets_paysim_n24/paysim_priority6_n24_targets.pt,7,"6260392,6086754,400895,4576402",network.5.running_mean,batchnorm_buffer,64,0.032323388469055116,6.431695997617522e-09,6.431695997617522e-07
PaySim,recomputed_from_saved_paysim_targets_priority6_n24,artifacts/priority6_sota_attackers/targets_paysim_n24/paysim_priority6_n24_targets.pt,7,"6260392,6086754,400895,4576402",network.5.running_var,batchnorm_buffer,64,0.19678130489638912,3.915547196791329e-08,3.915547196791328e-06
PaySim,recomputed_from_saved_paysim_targets_priority6_n24,artifacts/priority6_sota_attackers/targets_paysim_n24/paysim_priority6_n24_targets.pt,7,"6260392,6086754,400895,4576402",network.9.running_mean,batchnorm_buffer,32,0.00479206472799142,9.535232842575643e-10,9.535232842575643e-08
PaySim,recomputed_from_saved_paysim_targets_priority6_n24,artifacts/priority6_sota_attackers/targets_paysim_n24/paysim_priority6_n24_targets.pt,7,"6260392,6086754,400895,4576402",network.9.running_var,batchnorm_buffer,32,0.037532608180219196,7.46822462762423e-09,7.468224627624231e-07
PaySim,recomputed_from_saved_paysim_targets_priority6_n24,artifacts/priority6_sota_attackers/targets_paysim_n24/paysim_priority6_n24_targets.pt,8,"4291473,33472,3167009,4675747",network.0.weight,parameter,1664,0.0012201838664876478,5.039107757149479e-07,5.0391077571494786e-05
PaySim,recomputed_from_saved_paysim_targets_priority6_n24,artifacts/priority6_sota_attackers/targets_paysim_n24/paysim_priority6_n24_targets.pt,8,"4291473,33472,3167009,4675747",network.0.bias,parameter,128,1.8397877889382575e-07,7.597944189701767e-11,7.597944189701767e-09
PaySim,recomputed_from_saved_paysim_targets_priority6_n24,artifacts/priority6_sota_attackers/targets_paysim_n24/paysim_priority6_n24_targets.pt,8,"4291473,33472,3167009,4675747",network.1.weight,parameter,128,0.00011099583277740521,4.583899011629418e-08,4.583899011629418e-06
PaySim,recomputed_from_saved_paysim_targets_priority6_n24,artifacts/priority6_sota_attackers/targets_paysim_n24/paysim_priority6_n24_targets.pt,8,"4291473,33472,3167009,4675747",network.1.bias,parameter,128,0.00011088122880886682,4.579166104051117e-08,4.579166104051117e-06
PaySim,recomputed_from_saved_paysim_targets_priority6_n24,artifacts/priority6_sota_attackers/targets_paysim_n24/paysim_priority6_n24_targets.pt,8,"4291473,33472,3167009,4675747",network.4.weight,parameter,8192,0.0066596393098590796,2.7502937080071784e-06,0.00027502937080071786
PaySim,recomputed_from_saved_paysim_targets_priority6_n24,artifacts/priority6_sota_attackers/targets_paysim_n24/paysim_priority6_n24_targets.pt,8,"4291473,33472,3167009,4675747",network.4.bias,parameter,64,1.1952019951164524e-06,4.93593777984346e-10,4.9359377798434594e-08
PaySim,recomputed_from_saved_paysim_targets_priority6_n24,artifacts/priority6_sota_attackers/targets_paysim_n24/paysim_priority6_n24_targets.pt,8,"4291473,33472,3167009,4675747",network.5.weight,parameter,64,5.999025547609449e-05,2.4774738465698848e-08,2.477473846569885e-06
PaySim,recomputed_from_saved_paysim_targets_priority6_n24,artifacts/priority6_sota_attackers/targets_paysim_n24/paysim_priority6_n24_targets.pt,8,"4291473,33472,3167009,4675747",network.5.bias,parameter,64,5.999957519774712e-05,2.4778587318561442e-08,2.4778587318561444e-06
PaySim,recomputed_from_saved_paysim_targets_priority6_n24,artifacts/priority6_sota_attackers/targets_paysim_n24/paysim_priority6_n24_targets.pt,8,"4291473,33472,3167009,4675747",network.8.weight,parameter,2048,0.0019171737753494631,7.917532355985163e-07,7.917532355985163e-05
PaySim,recomputed_from_saved_paysim_targets_priority6_n24,artifacts/priority6_sota_attackers/targets_paysim_n24/paysim_priority6_n24_targets.pt,8,"4291473,33472,3167009,4675747",network.8.bias,parameter,32,1.3818909221279072e-06,5.706924551685733e-10,5.706924551685733e-08
PaySim,recomputed_from_saved_paysim_targets_priority6_n24,artifacts/priority6_sota_attackers/targets_paysim_n24/paysim_priority6_n24_targets.pt,8,"4291473,33472,3167009,4675747",network.9.weight,parameter,32,3.19910731079176e-05,1.321165351265326e-08,1.321165351265326e-06
PaySim,recomputed_from_saved_paysim_targets_priority6_n24,artifacts/priority6_sota_attackers/targets_paysim_n24/paysim_priority6_n24_targets.pt,8,"4291473,33472,3167009,4675747",network.9.bias,parameter,32,3.199249957854325e-05,1.3212242615606713e-08,1.3212242615606714e-06
PaySim,recomputed_from_saved_paysim_targets_priority6_n24,artifacts/priority6_sota_attackers/targets_paysim_n24/paysim_priority6_n24_targets.pt,8,"4291473,33472,3167009,4675747",network.12.weight,parameter,32,3.199964075876441e-05,1.3215191775781339e-08,1.3215191775781338e-06
PaySim,recomputed_from_saved_paysim_targets_priority6_n24,artifacts/priority6_sota_attackers/targets_paysim_n24/paysim_priority6_n24_targets.pt,8,"4291473,33472,3167009,4675747",network.12.bias,parameter,1,9.999966025381335e-07,4.1297797613717625e-10,4.1297797613717624e-08
PaySim,recomputed_from_saved_paysim_targets_priority6_n24,artifacts/priority6_sota_attackers/targets_paysim_n24/paysim_priority6_n24_targets.pt,8,"4291473,33472,3167009,4675747",network.1.running_mean,batchnorm_buffer,128,1.2412969638558942,0.0005126300495594739,0.051263004955947385
PaySim,recomputed_from_saved_paysim_targets_priority6_n24,artifacts/priority6_sota_attackers/targets_paysim_n24/paysim_priority6_n24_targets.pt,8,"4291473,33472,3167009,4675747",network.1.running_var,batchnorm_buffer,128,2419.9940629335238,0.9994076458236348,99.94076458236349
PaySim,recomputed_from_saved_paysim_targets_priority6_n24,artifacts/priority6_sota_attackers/targets_paysim_n24/paysim_priority6_n24_targets.pt,8,"4291473,33472,3167009,4675747",network.5.running_mean,batchnorm_buffer,64,0.035152301644205186,1.451717571113828e-05,0.001451717571113828
PaySim,recomputed_from_saved_paysim_targets_priority6_n24,artifacts/priority6_sota_attackers/targets_paysim_n24/paysim_priority6_n24_targets.pt,8,"4291473,33472,3167009,4675747",network.5.running_var,batchnorm_buffer,64,0.07284879182432324,3.008504882445362e-05,0.003008504882445362
PaySim,recomputed_from_saved_paysim_targets_priority6_n24,artifacts/priority6_sota_attackers/targets_paysim_n24/paysim_priority6_n24_targets.pt,8,"4291473,33472,3167009,4675747",network.9.running_mean,batchnorm_buffer,32,0.004440324445134813,1.8337624328821433e-06,0.00018337624328821432
PaySim,recomputed_from_saved_paysim_targets_priority6_n24,artifacts/priority6_sota_attackers/targets_paysim_n24/paysim_priority6_n24_targets.pt,8,"4291473,33472,3167009,4675747",network.9.running_var,batchnorm_buffer,32,0.07036623926445823,2.9059805809402353e-05,0.0029059805809402354
PaySim,recomputed_from_saved_paysim_targets_priority6_n24,artifacts/priority6_sota_attackers/targets_paysim_n24/paysim_priority6_n24_targets.pt,9,"6362556,3341339,4222938,5290424",network.0.weight,parameter,1664,0.0011724751972127644,3.9054515976866284e-07,3.9054515976866284e-05
PaySim,recomputed_from_saved_paysim_targets_priority6_n24,artifacts/priority6_sota_attackers/targets_paysim_n24/paysim_priority6_n24_targets.pt,9,"6362556,3341339,4222938,5290424",network.0.bias,parameter,128,1.7907587547983522e-07,5.964920756212312e-11,5.964920756212312e-09
PaySim,recomputed_from_saved_paysim_targets_priority6_n24,artifacts/priority6_sota_attackers/targets_paysim_n24/paysim_priority6_n24_targets.pt,9,"6362556,3341339,4222938,5290424",network.1.weight,parameter,128,0.0001070024902070088,3.564195194310596e-08,3.5641951943105962e-06
PaySim,recomputed_from_saved_paysim_targets_priority6_n24,artifacts/priority6_sota_attackers/targets_paysim_n24/paysim_priority6_n24_targets.pt,9,"6362556,3341339,4222938,5290424",network.1.bias,parameter,128,0.00010699908467707187,3.5640817579465284e-08,3.5640817579465285e-06
PaySim,recomputed_from_saved_paysim_targets_priority6_n24,artifacts/priority6_sota_attackers/targets_paysim_n24/paysim_priority6_n24_targets.pt,9,"6362556,3341339,4222938,5290424",network.4.weight,parameter,8192,0.006739727950832762,2.244967002809574e-06,0.00022449670028095738
PaySim,recomputed_from_saved_paysim_targets_priority6_n24,artifacts/priority6_sota_attackers/targets_paysim_n24/paysim_priority6_n24_targets.pt,9,"6362556,3341339,4222938,5290424",network.4.bias,parameter,64,2.6192990401982535e-06,8.724743726502051e-10,8.724743726502051e-08
PaySim,recomputed_from_saved_paysim_targets_priority6_n24,artifacts/priority6_sota_attackers/targets_paysim_n24/paysim_priority6_n24_targets.pt,9,"6362556,3341339,4222938,5290424",network.5.weight,parameter,64,6.300100049472235e-05,2.0985293217534922e-08,2.098529321753492e-06
PaySim,recomputed_from_saved_paysim_targets_priority6_n24,artifacts/priority6_sota_attackers/targets_paysim_n24/paysim_priority6_n24_targets.pt,9,"6362556,3341339,4222938,5290424",network.5.bias,parameter,64,6.299874038918675e-05,2.098454038857991e-08,2.098454038857991e-06
PaySim,recomputed_from_saved_paysim_targets_priority6_n24,artifacts/priority6_sota_attackers/targets_paysim_n24/paysim_priority6_n24_targets.pt,9,"6362556,3341339,4222938,5290424",network.8.weight,parameter,2048,0.0020036280580911906,6.67397691588184e-07,6.67397691588184e-05
PaySim,recomputed_from_saved_paysim_targets_priority6_n24,artifacts/priority6_sota_attackers/targets_paysim_n24/paysim_priority6_n24_targets.pt,9,"6362556,3341339,4222938,5290424",network.8.bias,parameter,32,6.871631882225671e-07,2.2889034904064283e-10,2.2889034904064283e-08
PaySim,recomputed_from_saved_paysim_targets_priority6_n24,artifacts/priority6_sota_attackers/targets_paysim_n24/paysim_priority6_n24_targets.pt,9,"6362556,3341339,4222938,5290424",network.9.weight,parameter,32,3.196422066764626e-05,1.0647109377838188e-08,1.0647109377838188e-06
PaySim,recomputed_from_saved_paysim_targets_priority6_n24,artifacts/priority6_sota_attackers/targets_paysim_n24/paysim_priority6_n24_targets.pt,9,"6362556,3341339,4222938,5290424",network.9.bias,parameter,32,3.1966552188089116e-05,1.0647885994713345e-08,1.0647885994713344e-06
PaySim,recomputed_from_saved_paysim_targets_priority6_n24,artifacts/priority6_sota_attackers/targets_paysim_n24/paysim_priority6_n24_targets.pt,9,"6362556,3341339,4222938,5290424",network.12.weight,parameter,32,3.1999327396292426e-05,1.0658803239662016e-08,1.0658803239662017e-06
PaySim,recomputed_from_saved_paysim_targets_priority6_n24,artifacts/priority6_sota_attackers/targets_paysim_n24/paysim_priority6_n24_targets.pt,9,"6362556,3341339,4222938,5290424",network.12.bias,parameter,1,9.999966025381335e-07,3.3309347083399744e-10,3.330934708339974e-08
PaySim,recomputed_from_saved_paysim_targets_priority6_n24,artifacts/priority6_sota_attackers/targets_paysim_n24/paysim_priority6_n24_targets.pt,9,"6362556,3341339,4222938,5290424",network.1.running_mean,batchnorm_buffer,128,23.013290026230884,0.007665602693739497,0.7665602693739497
PaySim,recomputed_from_saved_paysim_targets_priority6_n24,artifacts/priority6_sota_attackers/targets_paysim_n24/paysim_priority6_n24_targets.pt,9,"6362556,3341339,4222938,5290424",network.1.running_var,batchnorm_buffer,128,2978.8534977283,0.9922400217619493,99.22400217619493
PaySim,recomputed_from_saved_paysim_targets_priority6_n24,artifacts/priority6_sota_attackers/targets_paysim_n24/paysim_priority6_n24_targets.pt,9,"6362556,3341339,4222938,5290424",network.5.running_mean,batchnorm_buffer,64,0.02796174927176206,9.313907759167665e-06,0.0009313907759167665
PaySim,recomputed_from_saved_paysim_targets_priority6_n24,artifacts/priority6_sota_attackers/targets_paysim_n24/paysim_priority6_n24_targets.pt,9,"6362556,3341339,4222938,5290424",network.5.running_var,batchnorm_buffer,64,0.20533759640603533,6.839684505526974e-05,0.006839684505526974
PaySim,recomputed_from_saved_paysim_targets_priority6_n24,artifacts/priority6_sota_attackers/targets_paysim_n24/paysim_priority6_n24_targets.pt,9,"6362556,3341339,4222938,5290424",network.9.running_mean,batchnorm_buffer,32,0.0069795384034765685,2.3248465702107553e-06,0.00023248465702107552
PaySim,recomputed_from_saved_paysim_targets_priority6_n24,artifacts/priority6_sota_attackers/targets_paysim_n24/paysim_priority6_n24_targets.pt,9,"6362556,3341339,4222938,5290424",network.9.running_var,batchnorm_buffer,32,0.03269441918671889,1.0890334563302229e-05,0.0010890334563302228
PaySim,recomputed_from_saved_paysim_targets_priority6_n24,artifacts/priority6_sota_attackers/targets_paysim_n24/paysim_priority6_n24_targets.pt,10,"3516742,6020290,3610987,1995408",network.0.weight,parameter,1664,0.0012089844208866731,4.401818628392315e-07,4.401818628392315e-05
PaySim,recomputed_from_saved_paysim_targets_priority6_n24,artifacts/priority6_sota_attackers/targets_paysim_n24/paysim_priority6_n24_targets.pt,10,"3516742,6020290,3610987,1995408",network.0.bias,parameter,128,3.110859627536433e-08,1.1326398936357373e-11,1.1326398936357374e-09
PaySim,recomputed_from_saved_paysim_targets_priority6_n24,artifacts/priority6_sota_attackers/targets_paysim_n24/paysim_priority6_n24_targets.pt,10,"3516742,6020290,3610987,1995408",network.1.weight,parameter,128,0.00010999299682978858,4.004759813885517e-08,4.004759813885517e-06
PaySim,recomputed_from_saved_paysim_targets_priority6_n24,artifacts/priority6_sota_attackers/targets_paysim_n24/paysim_priority6_n24_targets.pt,10,"3516742,6020290,3610987,1995408",network.1.bias,parameter,128,0.0001099948316573295,4.0048266185350226e-08,4.004826618535022e-06
PaySim,recomputed_from_saved_paysim_targets_priority6_n24,artifacts/priority6_sota_attackers/targets_paysim_n24/paysim_priority6_n24_targets.pt,10,"3516742,6020290,3610987,1995408",network.4.weight,parameter,8192,0.006818307739844043,2.4824930333961967e-06,0.00024824930333961967
PaySim,recomputed_from_saved_paysim_targets_priority6_n24,artifacts/priority6_sota_attackers/targets_paysim_n24/paysim_priority6_n24_targets.pt,10,"3516742,6020290,3610987,1995408",network.4.bias,parameter,64,1.412855887486785e-07,5.1440988463788085e-11,5.144098846378809e-09
PaySim,recomputed_from_saved_paysim_targets_priority6_n24,artifacts/priority6_sota_attackers/targets_paysim_n24/paysim_priority6_n24_targets.pt,10,"3516742,6020290,3610987,1995408",network.5.weight,parameter,64,6.189593220184975e-05,2.253582946817386e-08,2.253582946817386e-06
PaySim,recomputed_from_saved_paysim_targets_priority6_n24,artifacts/priority6_sota_attackers/targets_paysim_n24/paysim_priority6_n24_targets.pt,10,"3516742,6020290,3610987,1995408",network.5.bias,parameter,64,6.199785021278099e-05,2.257293702649598e-08,2.2572937026495982e-06
PaySim,recomputed_from_saved_paysim_targets_priority6_n24,artifacts/priority6_sota_attackers/targets_paysim_n24/paysim_priority6_n24_targets.pt,10,"3516742,6020290,3610987,1995408",network.8.weight,parameter,2048,0.0016607207057851973,6.046555450169322e-07,6.046555450169322e-05
PaySim,recomputed_from_saved_paysim_targets_priority6_n24,artifacts/priority6_sota_attackers/targets_paysim_n24/paysim_priority6_n24_targets.pt,10,"3516742,6020290,3610987,1995408",network.8.bias,parameter,32,1.03860605022571e-07,3.781484178341648e-11,3.7814841783416485e-09
PaySim,recomputed_from_saved_paysim_targets_priority6_n24,artifacts/priority6_sota_attackers/targets_paysim_n24/paysim_priority6_n24_targets.pt,10,"3516742,6020290,3610987,1995408",network.9.weight,parameter,32,2.6985134567780733e-05,9.825078469002463e-09,9.825078469002463e-07
PaySim,recomputed_from_saved_paysim_targets_priority6_n24,artifacts/priority6_sota_attackers/targets_paysim_n24/paysim_priority6_n24_targets.pt,10,"3516742,6020290,3610987,1995408",network.9.bias,parameter,32,2.698836223024182e-05,9.826253635903038e-09,9.826253635903037e-07
PaySim,recomputed_from_saved_paysim_targets_priority6_n24,artifacts/priority6_sota_attackers/targets_paysim_n24/paysim_priority6_n24_targets.pt,10,"3516742,6020290,3610987,1995408",network.12.weight,parameter,32,2.6999727826436276e-05,9.830391761439416e-09,9.830391761439416e-07
PaySim,recomputed_from_saved_paysim_targets_priority6_n24,artifacts/priority6_sota_attackers/targets_paysim_n24/paysim_priority6_n24_targets.pt,10,"3516742,6020290,3610987,1995408",network.12.bias,parameter,1,9.999966025381335e-07,3.6409101700029225e-10,3.640910170002922e-08
PaySim,recomputed_from_saved_paysim_targets_priority6_n24,artifacts/priority6_sota_attackers/targets_paysim_n24/paysim_priority6_n24_targets.pt,10,"3516742,6020290,3610987,1995408",network.1.running_mean,batchnorm_buffer,128,4.298022368311499,0.0015648766517772886,0.15648766517772886
PaySim,recomputed_from_saved_paysim_targets_priority6_n24,artifacts/priority6_sota_attackers/targets_paysim_n24/paysim_priority6_n24_targets.pt,10,"3516742,6020290,3610987,1995408",network.1.running_var,batchnorm_buffer,128,2741.9572433828134,0.9983253930870198,99.83253930870198
PaySim,recomputed_from_saved_paysim_targets_priority6_n24,artifacts/priority6_sota_attackers/targets_paysim_n24/paysim_priority6_n24_targets.pt,10,"3516742,6020290,3610987,1995408",network.5.running_mean,batchnorm_buffer,64,0.02479703175202542,9.028407182852594e-06,0.0009028407182852594
PaySim,recomputed_from_saved_paysim_targets_priority6_n24,artifacts/priority6_sota_attackers/targets_paysim_n24/paysim_priority6_n24_targets.pt,10,"3516742,6020290,3610987,1995408",network.5.running_var,batchnorm_buffer,64,0.23413979508130156,8.524848573987059e-05,0.008524848573987059
PaySim,recomputed_from_saved_paysim_targets_priority6_n24,artifacts/priority6_sota_attackers/targets_paysim_n24/paysim_priority6_n24_targets.pt,10,"3516742,6020290,3610987,1995408",network.9.running_mean,batchnorm_buffer,32,0.006867122454585862,2.5002660929144164e-06,0.00025002660929144166
PaySim,recomputed_from_saved_paysim_targets_priority6_n24,artifacts/priority6_sota_attackers/targets_paysim_n24/paysim_priority6_n24_targets.pt,10,"3516742,6020290,3610987,1995408",network.9.running_var,batchnorm_buffer,32,0.025462284947524616,9.27062071827584e-06,0.000927062071827584
PaySim,recomputed_from_saved_paysim_targets_priority6_n24,artifacts/priority6_sota_attackers/targets_paysim_n24/paysim_priority6_n24_targets.pt,11,"3456158,2140548,3394559,6362538",network.0.weight,parameter,1664,0.0010463460658688153,4.673456121258323e-10,4.673456121258323e-08
PaySim,recomputed_from_saved_paysim_targets_priority6_n24,artifacts/priority6_sota_attackers/targets_paysim_n24/paysim_priority6_n24_targets.pt,11,"3456158,2140548,3394559,6362538",network.0.bias,parameter,128,7.0764195685916326e-09,3.160649944429861e-15,3.160649944429861e-13
PaySim,recomputed_from_saved_paysim_targets_priority6_n24,artifacts/priority6_sota_attackers/targets_paysim_n24/paysim_priority6_n24_targets.pt,11,"3456158,2140548,3394559,6362538",network.1.weight,parameter,128,0.00010599882105921665,4.734388127259128e-11,4.734388127259128e-09
PaySim,recomputed_from_saved_paysim_targets_priority6_n24,artifacts/priority6_sota_attackers/targets_paysim_n24/paysim_priority6_n24_targets.pt,11,"3456158,2140548,3394559,6362538",network.1.bias,parameter,128,0.00010599565741163608,4.7342468244088266e-11,4.7342468244088265e-09
PaySim,recomputed_from_saved_paysim_targets_priority6_n24,artifacts/priority6_sota_attackers/targets_paysim_n24/paysim_priority6_n24_targets.pt,11,"3456158,2140548,3394559,6362538",network.4.weight,parameter,8192,0.005829053057833567,2.603519483934032e-09,2.603519483934032e-07
PaySim,recomputed_from_saved_paysim_targets_priority6_n24,artifacts/priority6_sota_attackers/targets_paysim_n24/paysim_priority6_n24_targets.pt,11,"3456158,2140548,3394559,6362538",network.4.bias,parameter,64,1.0420293536915503e-06,4.654175726743916e-13,4.654175726743916e-11
PaySim,recomputed_from_saved_paysim_targets_priority6_n24,artifacts/priority6_sota_attackers/targets_paysim_n24/paysim_priority6_n24_targets.pt,11,"3456158,2140548,3394559,6362538",network.5.weight,parameter,64,5.499834599831388e-05,2.4564755882317085e-11,2.4564755882317085e-09
PaySim,recomputed_from_saved_paysim_targets_priority6_n24,artifacts/priority6_sota_attackers/targets_paysim_n24/paysim_priority6_n24_targets.pt,11,"3456158,2140548,3394559,6362538",network.5.bias,parameter,64,5.499454715702861e-05,2.4563059147495075e-11,2.4563059147495077e-09
PaySim,recomputed_from_saved_paysim_targets_priority6_n24,artifacts/priority6_sota_attackers/targets_paysim_n24/paysim_priority6_n24_targets.pt,11,"3456158,2140548,3394559,6362538",network.8.weight,parameter,2048,0.001588423615397145,7.094620327515781e-10,7.094620327515782e-08
PaySim,recomputed_from_saved_paysim_targets_priority6_n24,artifacts/priority6_sota_attackers/targets_paysim_n24/paysim_priority6_n24_targets.pt,11,"3456158,2140548,3394559,6362538",network.8.bias,parameter,32,4.06215254166592e-07,1.8143415721232126e-13,1.8143415721232126e-11
PaySim,recomputed_from_saved_paysim_targets_priority6_n24,artifacts/priority6_sota_attackers/targets_paysim_n24/paysim_priority6_n24_targets.pt,11,"3456158,2140548,3394559,6362538",network.9.weight,parameter,32,2.8988531749263302e-05,1.294759311178708e-11,1.294759311178708e-09
PaySim,recomputed_from_saved_paysim_targets_priority6_n24,artifacts/priority6_sota_attackers/targets_paysim_n24/paysim_priority6_n24_targets.pt,11,"3456158,2140548,3394559,6362538",network.9.bias,parameter,32,2.899162012730272e-05,1.2948972521499016e-11,1.2948972521499017e-09
PaySim,recomputed_from_saved_paysim_targets_priority6_n24,artifacts/priority6_sota_attackers/targets_paysim_n24/paysim_priority6_n24_targets.pt,11,"3456158,2140548,3394559,6362538",network.12.weight,parameter,32,2.8999760147160493e-05,1.2952608223574304e-11,1.2952608223574305e-09
PaySim,recomputed_from_saved_paysim_targets_priority6_n24,artifacts/priority6_sota_attackers/targets_paysim_n24/paysim_priority6_n24_targets.pt,11,"3456158,2140548,3394559,6362538",network.12.bias,parameter,1,9.999966025381335e-07,4.4664383953017077e-13,4.466438395301708e-11
PaySim,recomputed_from_saved_paysim_targets_priority6_n24,artifacts/priority6_sota_attackers/targets_paysim_n24/paysim_priority6_n24_targets.pt,11,"3456158,2140548,3394559,6362538",network.1.running_mean,batchnorm_buffer,128,337.30255392250547,0.00015065461961060546,0.015065461961060546
PaySim,recomputed_from_saved_paysim_targets_priority6_n24,artifacts/priority6_sota_attackers/targets_paysim_n24/paysim_priority6_n24_targets.pt,11,"3456158,2140548,3394559,6362538",network.1.running_var,batchnorm_buffer,128,2238575.188221125,0.9998492140936351,99.98492140936351
PaySim,recomputed_from_saved_paysim_targets_priority6_n24,artifacts/priority6_sota_attackers/targets_paysim_n24/paysim_priority6_n24_targets.pt,11,"3456158,2140548,3394559,6362538",network.5.running_mean,batchnorm_buffer,64,0.028842190577373156,1.2882230506825762e-08,1.2882230506825762e-06
PaySim,recomputed_from_saved_paysim_targets_priority6_n24,artifacts/priority6_sota_attackers/targets_paysim_n24/paysim_priority6_n24_targets.pt,11,"3456158,2140548,3394559,6362538",network.5.running_var,batchnorm_buffer,64,0.2207896592430163,9.861467617246064e-08,9.861467617246063e-06
PaySim,recomputed_from_saved_paysim_targets_priority6_n24,artifacts/priority6_sota_attackers/targets_paysim_n24/paysim_priority6_n24_targets.pt,11,"3456158,2140548,3394559,6362538",network.9.running_mean,batchnorm_buffer,32,0.007316584875586903,3.2679186637095538e-09,3.2679186637095535e-07
PaySim,recomputed_from_saved_paysim_targets_priority6_n24,artifacts/priority6_sota_attackers/targets_paysim_n24/paysim_priority6_n24_targets.pt,11,"3456158,2140548,3394559,6362538",network.9.running_var,batchnorm_buffer,32,0.02811591267804614,1.2557841855206363e-08,1.2557841855206362e-06
PaySim,recomputed_from_saved_paysim_targets_priority6_n24,artifacts/priority6_sota_attackers/targets_paysim_n24/paysim_priority6_n24_targets.pt,12,"2900680,3763074,6362546,4297875",network.0.weight,parameter,1664,0.0012528750261913584,4.670115189243406e-07,4.670115189243406e-05
PaySim,recomputed_from_saved_paysim_targets_priority6_n24,artifacts/priority6_sota_attackers/targets_paysim_n24/paysim_priority6_n24_targets.pt,12,"2900680,3763074,6362546,4297875",network.0.bias,parameter,128,7.492773007079789e-08,2.7929452098897356e-11,2.7929452098897355e-09
PaySim,recomputed_from_saved_paysim_targets_priority6_n24,artifacts/priority6_sota_attackers/targets_paysim_n24/paysim_priority6_n24_targets.pt,12,"2900680,3763074,6362546,4297875",network.1.weight,parameter,128,0.00011399539733503161,4.2491998441100415e-08,4.249199844110041e-06
PaySim,recomputed_from_saved_paysim_targets_priority6_n24,artifacts/priority6_sota_attackers/targets_paysim_n24/paysim_priority6_n24_targets.pt,12,"2900680,3763074,6362546,4297875",network.1.bias,parameter,128,0.0001139889181300004,4.2489583305257024e-08,4.248958330525702e-06
PaySim,recomputed_from_saved_paysim_targets_priority6_n24,artifacts/priority6_sota_attackers/targets_paysim_n24/paysim_priority6_n24_targets.pt,12,"2900680,3763074,6362546,4297875",network.4.weight,parameter,8192,0.006953161944990131,2.591804173100981e-06,0.00025918041731009807
PaySim,recomputed_from_saved_paysim_targets_priority6_n24,artifacts/priority6_sota_attackers/targets_paysim_n24/paysim_priority6_n24_targets.pt,12,"2900680,3763074,6362546,4297875",network.4.bias,parameter,64,1.2184307079075862e-07,4.54172334597299e-11,4.54172334597299e-09
PaySim,recomputed_from_saved_paysim_targets_priority6_n24,artifacts/priority6_sota_attackers/targets_paysim_n24/paysim_priority6_n24_targets.pt,12,"2900680,3763074,6362546,4297875",network.5.weight,parameter,64,6.099878712007012e-05,2.273741245532294e-08,2.273741245532294e-06
PaySim,recomputed_from_saved_paysim_targets_priority6_n24,artifacts/priority6_sota_attackers/targets_paysim_n24/paysim_priority6_n24_targets.pt,12,"2900680,3763074,6362546,4297875",network.5.bias,parameter,64,6.099857041673044e-05,2.2737331678746106e-08,2.2737331678746107e-06
PaySim,recomputed_from_saved_paysim_targets_priority6_n24,artifacts/priority6_sota_attackers/targets_paysim_n24/paysim_priority6_n24_targets.pt,12,"2900680,3763074,6362546,4297875",network.8.weight,parameter,2048,0.001939131859489385,7.228150423332024e-07,7.228150423332024e-05
PaySim,recomputed_from_saved_paysim_targets_priority6_n24,artifacts/priority6_sota_attackers/targets_paysim_n24/paysim_priority6_n24_targets.pt,12,"2900680,3763074,6362546,4297875",network.8.bias,parameter,32,8.43566607469648e-08,3.144410371606229e-11,3.144410371606229e-09
PaySim,recomputed_from_saved_paysim_targets_priority6_n24,artifacts/priority6_sota_attackers/targets_paysim_n24/paysim_priority6_n24_targets.pt,12,"2900680,3763074,6362546,4297875",network.9.weight,parameter,32,3.1950824912030384e-05,1.1909729989919956e-08,1.1909729989919956e-06
PaySim,recomputed_from_saved_paysim_targets_priority6_n24,artifacts/priority6_sota_attackers/targets_paysim_n24/paysim_priority6_n24_targets.pt,12,"2900680,3763074,6362546,4297875",network.9.bias,parameter,32,3.1961580554293496e-05,1.1913739175772731e-08,1.1913739175772732e-06
PaySim,recomputed_from_saved_paysim_targets_priority6_n24,artifacts/priority6_sota_attackers/targets_paysim_n24/paysim_priority6_n24_targets.pt,12,"2900680,3763074,6362546,4297875",network.12.weight,parameter,32,3.1999204910102886e-05,1.1927763725059589e-08,1.192776372505959e-06
PaySim,recomputed_from_saved_paysim_targets_priority6_n24,artifacts/priority6_sota_attackers/targets_paysim_n24/paysim_priority6_n24_targets.pt,12,"2900680,3763074,6362546,4297875",network.12.bias,parameter,1,9.999966025381335e-07,3.7275061159945645e-10,3.7275061159945646e-08
PaySim,recomputed_from_saved_paysim_targets_priority6_n24,artifacts/priority6_sota_attackers/targets_paysim_n24/paysim_priority6_n24_targets.pt,12,"2900680,3763074,6362546,4297875",network.1.running_mean,batchnorm_buffer,128,4.647120949294671,0.0017322230611880297,0.17322230611880296
PaySim,recomputed_from_saved_paysim_targets_priority6_n24,artifacts/priority6_sota_attackers/targets_paysim_n24/paysim_priority6_n24_targets.pt,12,"2900680,3763074,6362546,4297875",network.1.running_var,batchnorm_buffer,128,2677.9137706932515,0.9981973871740741,99.81973871740742
PaySim,recomputed_from_saved_paysim_targets_priority6_n24,artifacts/priority6_sota_attackers/targets_paysim_n24/paysim_priority6_n24_targets.pt,12,"2900680,3763074,6362546,4297875",network.5.running_mean,batchnorm_buffer,64,0.0298462580931692,1.1125248755792448e-05,0.001112524875579245
PaySim,recomputed_from_saved_paysim_targets_priority6_n24,artifacts/priority6_sota_attackers/targets_paysim_n24/paysim_priority6_n24_targets.pt,12,"2900680,3763074,6362546,4297875",network.5.running_var,batchnorm_buffer,64,0.12101320623748868,4.510789988900481e-05,0.004510789988900481
PaySim,recomputed_from_saved_paysim_targets_priority6_n24,artifacts/priority6_sota_attackers/targets_paysim_n24/paysim_priority6_n24_targets.pt,12,"2900680,3763074,6362546,4297875",network.9.running_mean,batchnorm_buffer,32,0.007012785648571933,2.614029020584994e-06,0.0002614029020584994
PaySim,recomputed_from_saved_paysim_targets_priority6_n24,artifacts/priority6_sota_attackers/targets_paysim_n24/paysim_priority6_n24_targets.pt,12,"2900680,3763074,6362546,4297875",network.9.running_var,batchnorm_buffer,32,0.020373529111763267,7.594271238096023e-06,0.0007594271238096023
PaySim,recomputed_from_saved_paysim_targets_priority6_n24,artifacts/priority6_sota_attackers/targets_paysim_n24/paysim_priority6_n24_targets.pt,13,"820427,3669000,3693644,5221941",network.0.weight,parameter,1664,0.0013174406809034157,4.852682384783388e-06,0.0004852682384783388
PaySim,recomputed_from_saved_paysim_targets_priority6_n24,artifacts/priority6_sota_attackers/targets_paysim_n24/paysim_priority6_n24_targets.pt,13,"820427,3669000,3693644,5221941",network.0.bias,parameter,128,9.252450340353074e-08,3.408062574166562e-10,3.408062574166562e-08
PaySim,recomputed_from_saved_paysim_targets_priority6_n24,artifacts/priority6_sota_attackers/targets_paysim_n24/paysim_priority6_n24_targets.pt,13,"820427,3669000,3693644,5221941",network.1.weight,parameter,128,0.00011000253224935364,4.051851125182762e-07,4.0518511251827624e-05
PaySim,recomputed_from_saved_paysim_targets_priority6_n24,artifacts/priority6_sota_attackers/targets_paysim_n24/paysim_priority6_n24_targets.pt,13,"820427,3669000,3693644,5221941",network.1.bias,parameter,128,0.00010999938576647027,4.051735227121594e-07,4.051735227121594e-05
PaySim,recomputed_from_saved_paysim_targets_priority6_n24,artifacts/priority6_sota_attackers/targets_paysim_n24/paysim_priority6_n24_targets.pt,13,"820427,3669000,3693644,5221941",network.4.weight,parameter,8192,0.006378550306014486,2.3494855714661523e-05,0.0023494855714661523
PaySim,recomputed_from_saved_paysim_targets_priority6_n24,artifacts/priority6_sota_attackers/targets_paysim_n24/paysim_priority6_n24_targets.pt,13,"820427,3669000,3693644,5221941",network.4.bias,parameter,64,1.0928419817150987e-06,4.0253918911810334e-09,4.0253918911810337e-07
PaySim,recomputed_from_saved_paysim_targets_priority6_n24,artifacts/priority6_sota_attackers/targets_paysim_n24/paysim_priority6_n24_targets.pt,13,"820427,3669000,3693644,5221941",network.5.weight,parameter,64,5.800029484603897e-05,2.1363922732263816e-07,2.1363922732263816e-05
PaySim,recomputed_from_saved_paysim_targets_priority6_n24,artifacts/priority6_sota_attackers/targets_paysim_n24/paysim_priority6_n24_targets.pt,13,"820427,3669000,3693644,5221941",network.5.bias,parameter,64,5.799944509081159e-05,2.1363609732044297e-07,2.1363609732044296e-05
PaySim,recomputed_from_saved_paysim_targets_priority6_n24,artifacts/priority6_sota_attackers/targets_paysim_n24/paysim_priority6_n24_targets.pt,13,"820427,3669000,3693644,5221941",network.8.weight,parameter,2048,0.001788810278328458,6.588932809795605e-06,0.0006588932809795605
PaySim,recomputed_from_saved_paysim_targets_priority6_n24,artifacts/priority6_sota_attackers/targets_paysim_n24/paysim_priority6_n24_targets.pt,13,"820427,3669000,3693644,5221941",network.8.bias,parameter,32,8.371006422766905e-07,3.0833900910676096e-09,3.0833900910676096e-07
PaySim,recomputed_from_saved_paysim_targets_priority6_n24,artifacts/priority6_sota_attackers/targets_paysim_n24/paysim_priority6_n24_targets.pt,13,"820427,3669000,3693644,5221941",network.9.weight,parameter,32,3.097384084327359e-05,1.1408954803655199e-07,1.1408954803655199e-05
PaySim,recomputed_from_saved_paysim_targets_priority6_n24,artifacts/priority6_sota_attackers/targets_paysim_n24/paysim_priority6_n24_targets.pt,13,"820427,3669000,3693644,5221941",network.9.bias,parameter,32,3.097356779130367e-05,1.140885422724946e-07,1.140885422724946e-05
PaySim,recomputed_from_saved_paysim_targets_priority6_n24,artifacts/priority6_sota_attackers/targets_paysim_n24/paysim_priority6_n24_targets.pt,13,"820427,3669000,3693644,5221941",network.12.weight,parameter,32,3.09985940595512e-05,1.1418072443510886e-07,1.1418072443510886e-05
PaySim,recomputed_from_saved_paysim_targets_priority6_n24,artifacts/priority6_sota_attackers/targets_paysim_n24/paysim_priority6_n24_targets.pt,13,"820427,3669000,3693644,5221941",network.12.bias,parameter,1,9.999966025381335e-07,3.683403714733016e-09,3.683403714733016e-07
PaySim,recomputed_from_saved_paysim_targets_priority6_n24,artifacts/priority6_sota_attackers/targets_paysim_n24/paysim_priority6_n24_targets.pt,13,"820427,3669000,3693644,5221941",network.1.running_mean,batchnorm_buffer,128,4.237444660168079,0.015608272430749071,1.560827243074907
PaySim,recomputed_from_saved_paysim_targets_priority6_n24,artifacts/priority6_sota_attackers/targets_paysim_n24/paysim_priority6_n24_targets.pt,13,"820427,3669000,3693644,5221941",network.1.running_var,batchnorm_buffer,128,267.0658967079742,0.9837148581463743,98.37148581463742
PaySim,recomputed_from_saved_paysim_targets_priority6_n24,artifacts/priority6_sota_attackers/targets_paysim_n24/paysim_priority6_n24_targets.pt,13,"820427,3669000,3693644,5221941",network.5.running_mean,batchnorm_buffer,64,0.03681830471143663,0.00013561714109834312,0.013561714109834313
PaySim,recomputed_from_saved_paysim_targets_priority6_n24,artifacts/priority6_sota_attackers/targets_paysim_n24/paysim_priority6_n24_targets.pt,13,"820427,3669000,3693644,5221941",network.5.running_var,batchnorm_buffer,64,0.09744834951147752,0.0003589428320797618,0.035894283207976184
PaySim,recomputed_from_saved_paysim_targets_priority6_n24,artifacts/priority6_sota_attackers/targets_paysim_n24/paysim_priority6_n24_targets.pt,13,"820427,3669000,3693644,5221941",network.9.running_mean,batchnorm_buffer,32,0.006731624729105969,2.4795375774721217e-05,0.0024795375774721217
PaySim,recomputed_from_saved_paysim_targets_priority6_n24,artifacts/priority6_sota_attackers/targets_paysim_n24/paysim_priority6_n24_targets.pt,13,"820427,3669000,3693644,5221941",network.9.running_var,batchnorm_buffer,32,0.0328462681723114,0.00012098647724795145,0.012098647724795145
PaySim,recomputed_from_saved_paysim_targets_priority6_n24,artifacts/priority6_sota_attackers/targets_paysim_n24/paysim_priority6_n24_targets.pt,14,"5013495,4141170,1740528,6287841",network.0.weight,parameter,1664,0.0011764869766797712,5.360726736489562e-07,5.360726736489562e-05
PaySim,recomputed_from_saved_paysim_targets_priority6_n24,artifacts/priority6_sota_attackers/targets_paysim_n24/paysim_priority6_n24_targets.pt,14,"5013495,4141170,1740528,6287841",network.0.bias,parameter,128,4.494992434690703e-09,2.048167689281918e-12,2.048167689281918e-10
PaySim,recomputed_from_saved_paysim_targets_priority6_n24,artifacts/priority6_sota_attackers/targets_paysim_n24/paysim_priority6_n24_targets.pt,14,"5013495,4141170,1740528,6287841",network.1.weight,parameter,128,0.0001069995102866983,4.875490736021303e-08,4.875490736021303e-06
PaySim,recomputed_from_saved_paysim_targets_priority6_n24,artifacts/priority6_sota_attackers/targets_paysim_n24/paysim_priority6_n24_targets.pt,14,"5013495,4141170,1740528,6287841",network.1.bias,parameter,128,0.00010699777341909123,4.8754115947064946e-08,4.875411594706494e-06
PaySim,recomputed_from_saved_paysim_targets_priority6_n24,artifacts/priority6_sota_attackers/targets_paysim_n24/paysim_priority6_n24_targets.pt,14,"5013495,4141170,1740528,6287841",network.4.weight,parameter,8192,0.006419751807829785,2.9251947399352854e-06,0.00029251947399352855
PaySim,recomputed_from_saved_paysim_targets_priority6_n24,artifacts/priority6_sota_attackers/targets_paysim_n24/paysim_priority6_n24_targets.pt,14,"5013495,4141170,1740528,6287841",network.4.bias,parameter,64,5.698608000219478e-07,2.5966016516190424e-10,2.5966016516190425e-08
PaySim,recomputed_from_saved_paysim_targets_priority6_n24,artifacts/priority6_sota_attackers/targets_paysim_n24/paysim_priority6_n24_targets.pt,14,"5013495,4141170,1740528,6287841",network.5.weight,parameter,64,6.0000243347957394e-05,2.7339436397248275e-08,2.7339436397248275e-06
PaySim,recomputed_from_saved_paysim_targets_priority6_n24,artifacts/priority6_sota_attackers/targets_paysim_n24/paysim_priority6_n24_targets.pt,14,"5013495,4141170,1740528,6287841",network.5.bias,parameter,64,5.999889864318789e-05,2.7338823675224706e-08,2.7338823675224705e-06
PaySim,recomputed_from_saved_paysim_targets_priority6_n24,artifacts/priority6_sota_attackers/targets_paysim_n24/paysim_priority6_n24_targets.pt,14,"5013495,4141170,1740528,6287841",network.8.weight,parameter,2048,0.0019120672503124526,8.712438160295945e-07,8.712438160295945e-05
PaySim,recomputed_from_saved_paysim_targets_priority6_n24,artifacts/priority6_sota_attackers/targets_paysim_n24/paysim_priority6_n24_targets.pt,14,"5013495,4141170,1740528,6287841",network.8.bias,parameter,32,8.068708921909421e-07,3.676550994954624e-10,3.676550994954624e-08
PaySim,recomputed_from_saved_paysim_targets_priority6_n24,artifacts/priority6_sota_attackers/targets_paysim_n24/paysim_priority6_n24_targets.pt,14,"5013495,4141170,1740528,6287841",network.9.weight,parameter,32,3.194953736240791e-05,1.4557980033105895e-08,1.4557980033105894e-06
PaySim,recomputed_from_saved_paysim_targets_priority6_n24,artifacts/priority6_sota_attackers/targets_paysim_n24/paysim_priority6_n24_targets.pt,14,"5013495,4141170,1740528,6287841",network.9.bias,parameter,32,3.194834712119069e-05,1.4557437693237924e-08,1.4557437693237925e-06
PaySim,recomputed_from_saved_paysim_targets_priority6_n24,artifacts/priority6_sota_attackers/targets_paysim_n24/paysim_priority6_n24_targets.pt,14,"5013495,4141170,1740528,6287841",network.12.weight,parameter,32,3.199886509160999e-05,1.4580456480531617e-08,1.4580456480531617e-06
PaySim,recomputed_from_saved_paysim_targets_priority6_n24,artifacts/priority6_sota_attackers/targets_paysim_n24/paysim_priority6_n24_targets.pt,14,"5013495,4141170,1740528,6287841",network.12.bias,parameter,1,9.999966025381335e-07,4.5565387716858965e-10,4.5565387716858964e-08
PaySim,recomputed_from_saved_paysim_targets_priority6_n24,artifacts/priority6_sota_attackers/targets_paysim_n24/paysim_priority6_n24_targets.pt,14,"5013495,4141170,1740528,6287841",network.1.running_mean,batchnorm_buffer,128,6.858482282944985,0.0031251046611398777,0.31251046611398775
PaySim,recomputed_from_saved_paysim_targets_priority6_n24,artifacts/priority6_sota_attackers/targets_paysim_n24/paysim_priority6_n24_targets.pt,14,"5013495,4141170,1740528,6287841",network.1.running_var,batchnorm_buffer,128,2187.652765035882,0.9968158509310268,99.68158509310268
PaySim,recomputed_from_saved_paysim_targets_priority6_n24,artifacts/priority6_sota_attackers/targets_paysim_n24/paysim_priority6_n24_targets.pt,14,"5013495,4141170,1740528,6287841",network.5.running_mean,batchnorm_buffer,64,0.02532922301091637,1.1541397882051091e-05,0.001154139788205109
PaySim,recomputed_from_saved_paysim_targets_priority6_n24,artifacts/priority6_sota_attackers/targets_paysim_n24/paysim_priority6_n24_targets.pt,14,"5013495,4141170,1740528,6287841",network.5.running_var,batchnorm_buffer,64,0.06851733081508304,3.122029350889213e-05,0.0031220293508892128
PaySim,recomputed_from_saved_paysim_targets_priority6_n24,artifacts/priority6_sota_attackers/targets_paysim_n24/paysim_priority6_n24_targets.pt,14,"5013495,4141170,1740528,6287841",network.9.running_mean,batchnorm_buffer,32,0.00714406988002185,3.255234199129355e-06,0.0003255234199129355
PaySim,recomputed_from_saved_paysim_targets_priority6_n24,artifacts/priority6_sota_attackers/targets_paysim_n24/paysim_priority6_n24_targets.pt,14,"5013495,4141170,1740528,6287841",network.9.running_var,batchnorm_buffer,32,0.01865006399148128,8.498002838801335e-06,0.0008498002838801334
PaySim,recomputed_from_saved_paysim_targets_priority6_n24,artifacts/priority6_sota_attackers/targets_paysim_n24/paysim_priority6_n24_targets.pt,15,"5310290,3183854,5320523,6145884",network.0.weight,parameter,1664,0.0010299135085687337,1.8448596042573645e-08,1.8448596042573645e-06
PaySim,recomputed_from_saved_paysim_targets_priority6_n24,artifacts/priority6_sota_attackers/targets_paysim_n24/paysim_priority6_n24_targets.pt,15,"5310290,3183854,5320523,6145884",network.0.bias,parameter,128,1.099251475628147e-07,1.9690630576590073e-12,1.9690630576590072e-10
PaySim,recomputed_from_saved_paysim_targets_priority6_n24,artifacts/priority6_sota_attackers/targets_paysim_n24/paysim_priority6_n24_targets.pt,15,"5310290,3183854,5320523,6145884",network.1.weight,parameter,128,0.00010500206488828212,1.8808770470950113e-09,1.8808770470950113e-07
PaySim,recomputed_from_saved_paysim_targets_priority6_n24,artifacts/priority6_sota_attackers/targets_paysim_n24/paysim_priority6_n24_targets.pt,15,"5310290,3183854,5320523,6145884",network.1.bias,parameter,128,0.00010499856089203842,1.8808142808426058e-09,1.8808142808426058e-07
PaySim,recomputed_from_saved_paysim_targets_priority6_n24,artifacts/priority6_sota_attackers/targets_paysim_n24/paysim_priority6_n24_targets.pt,15,"5310290,3183854,5320523,6145884",network.4.weight,parameter,8192,0.006194494659172097,1.1096051144504355e-07,1.1096051144504354e-05
PaySim,recomputed_from_saved_paysim_targets_priority6_n24,artifacts/priority6_sota_attackers/targets_paysim_n24/paysim_priority6_n24_targets.pt,15,"5310290,3183854,5320523,6145884",network.4.bias,parameter,64,1.0640927110852302e-06,1.9060839978630416e-11,1.9060839978630415e-09
PaySim,recomputed_from_saved_paysim_targets_priority6_n24,artifacts/priority6_sota_attackers/targets_paysim_n24/paysim_priority6_n24_targets.pt,15,"5310290,3183854,5320523,6145884",network.5.weight,parameter,64,5.900062664565553e-05,1.0568642106239191e-09,1.0568642106239191e-07
PaySim,recomputed_from_saved_paysim_targets_priority6_n24,artifacts/priority6_sota_attackers/targets_paysim_n24/paysim_priority6_n24_targets.pt,15,"5310290,3183854,5320523,6145884",network.5.bias,parameter,64,5.8991895091490624e-05,1.0567078043681782e-09,1.0567078043681782e-07
PaySim,recomputed_from_saved_paysim_targets_priority6_n24,artifacts/priority6_sota_attackers/targets_paysim_n24/paysim_priority6_n24_targets.pt,15,"5310290,3183854,5320523,6145884",network.8.weight,parameter,2048,0.0017632736273331512,3.158510165421516e-08,3.1585101654215156e-06
PaySim,recomputed_from_saved_paysim_targets_priority6_n24,artifacts/priority6_sota_attackers/targets_paysim_n24/paysim_priority6_n24_targets.pt,15,"5310290,3183854,5320523,6145884",network.8.bias,parameter,32,5.737121565700665e-07,1.0276769586199246e-11,1.0276769586199246e-09
PaySim,recomputed_from_saved_paysim_targets_priority6_n24,artifacts/priority6_sota_attackers/targets_paysim_n24/paysim_priority6_n24_targets.pt,15,"5310290,3183854,5320523,6145884",network.9.weight,parameter,32,2.9988505644951147e-05,5.371769784173299e-10,5.371769784173299e-08
PaySim,recomputed_from_saved_paysim_targets_priority6_n24,artifacts/priority6_sota_attackers/targets_paysim_n24/paysim_priority6_n24_targets.pt,15,"5310290,3183854,5320523,6145884",network.9.bias,parameter,32,2.9987740696908738e-05,5.371632760847451e-10,5.3716327608474506e-08
PaySim,recomputed_from_saved_paysim_targets_priority6_n24,artifacts/priority6_sota_attackers/targets_paysim_n24/paysim_priority6_n24_targets.pt,15,"5310290,3183854,5320523,6145884",network.12.weight,parameter,32,2.9999546506320675e-05,5.373747507444951e-10,5.373747507444951e-08
PaySim,recomputed_from_saved_paysim_targets_priority6_n24,artifacts/priority6_sota_attackers/targets_paysim_n24/paysim_priority6_n24_targets.pt,15,"5310290,3183854,5320523,6145884",network.12.bias,parameter,1,9.999966025381335e-07,1.7912701611041053e-11,1.7912701611041054e-09
PaySim,recomputed_from_saved_paysim_targets_priority6_n24,artifacts/priority6_sota_attackers/targets_paysim_n24/paysim_priority6_n24_targets.pt,15,"5310290,3183854,5320523,6145884",network.1.running_mean,batchnorm_buffer,128,67.5027286030451,0.0012091603434735904,0.12091603434735904
PaySim,recomputed_from_saved_paysim_targets_priority6_n24,artifacts/priority6_sota_attackers/targets_paysim_n24/paysim_priority6_n24_targets.pt,15,"5310290,3183854,5320523,6145884",network.1.running_var,batchnorm_buffer,128,55758.275277835215,0.9987847407312188,99.87847407312188
PaySim,recomputed_from_saved_paysim_targets_priority6_n24,artifacts/priority6_sota_attackers/targets_paysim_n24/paysim_priority6_n24_targets.pt,15,"5310290,3183854,5320523,6145884",network.5.running_mean,batchnorm_buffer,64,0.025433459268644307,4.555835146434099e-07,4.555835146434099e-05
PaySim,recomputed_from_saved_paysim_targets_priority6_n24,artifacts/priority6_sota_attackers/targets_paysim_n24/paysim_priority6_n24_targets.pt,15,"5310290,3183854,5320523,6145884",network.5.running_var,batchnorm_buffer,64,0.26146025729898437,4.683475484072086e-06,0.00046834754840720857
PaySim,recomputed_from_saved_paysim_targets_priority6_n24,artifacts/priority6_sota_attackers/targets_paysim_n24/paysim_priority6_n24_targets.pt,15,"5310290,3183854,5320523,6145884",network.9.running_mean,batchnorm_buffer,32,0.006862927265652109,1.2293398595143347e-07,1.2293398595143348e-05
PaySim,recomputed_from_saved_paysim_targets_priority6_n24,artifacts/priority6_sota_attackers/targets_paysim_n24/paysim_priority6_n24_targets.pt,15,"5310290,3183854,5320523,6145884",network.9.running_var,batchnorm_buffer,32,0.03731428456237351,6.684019160652936e-07,6.684019160652937e-05
PaySim,recomputed_from_saved_paysim_targets_priority6_n24,artifacts/priority6_sota_attackers/targets_paysim_n24/paysim_priority6_n24_targets.pt,16,"3761760,595954,6058629,6282441",network.0.weight,parameter,1664,0.0010689673897156078,1.043990787947021e-07,1.043990787947021e-05
PaySim,recomputed_from_saved_paysim_targets_priority6_n24,artifacts/priority6_sota_attackers/targets_paysim_n24/paysim_priority6_n24_targets.pt,16,"3761760,595954,6058629,6282441",network.0.bias,parameter,128,1.0897518014770999e-06,1.0642895684530084e-10,1.0642895684530084e-08
PaySim,recomputed_from_saved_paysim_targets_priority6_n24,artifacts/priority6_sota_attackers/targets_paysim_n24/paysim_priority6_n24_targets.pt,16,"3761760,595954,6058629,6282441",network.1.weight,parameter,128,0.0001070034438619416,1.0450329050748047e-08,1.0450329050748046e-06
PaySim,recomputed_from_saved_paysim_targets_priority6_n24,artifacts/priority6_sota_attackers/targets_paysim_n24/paysim_priority6_n24_targets.pt,16,"3761760,595954,6058629,6282441",network.1.bias,parameter,128,0.00010699959596142234,1.0449953251380012e-08,1.0449953251380012e-06
PaySim,recomputed_from_saved_paysim_targets_priority6_n24,artifacts/priority6_sota_attackers/targets_paysim_n24/paysim_priority6_n24_targets.pt,16,"3761760,595954,6058629,6282441",network.4.weight,parameter,8192,0.006525724867791012,6.37325021529713e-07,6.37325021529713e-05
PaySim,recomputed_from_saved_paysim_targets_priority6_n24,artifacts/priority6_sota_attackers/targets_paysim_n24/paysim_priority6_n24_targets.pt,16,"3761760,595954,6058629,6282441",network.4.bias,parameter,64,2.830587196454558e-06,2.764450053397355e-10,2.7644500533973547e-08
PaySim,recomputed_from_saved_paysim_targets_priority6_n24,artifacts/priority6_sota_attackers/targets_paysim_n24/paysim_priority6_n24_targets.pt,16,"3761760,595954,6058629,6282441",network.5.weight,parameter,64,6.100105197859307e-05,5.9575752201076446e-09,5.957575220107645e-07
PaySim,recomputed_from_saved_paysim_targets_priority6_n24,artifacts/priority6_sota_attackers/targets_paysim_n24/paysim_priority6_n24_targets.pt,16,"3761760,595954,6058629,6282441",network.5.bias,parameter,64,6.099941255091955e-05,5.957415107890459e-09,5.957415107890459e-07
PaySim,recomputed_from_saved_paysim_targets_priority6_n24,artifacts/priority6_sota_attackers/targets_paysim_n24/paysim_priority6_n24_targets.pt,16,"3761760,595954,6058629,6282441",network.8.weight,parameter,2048,0.0017634765193235674,1.72227259563501e-07,1.72227259563501e-05
PaySim,recomputed_from_saved_paysim_targets_priority6_n24,artifacts/priority6_sota_attackers/targets_paysim_n24/paysim_priority6_n24_targets.pt,16,"3761760,595954,6058629,6282441",network.8.bias,parameter,32,1.1656003254430225e-06,1.138365878976259e-10,1.1383658789762591e-08
PaySim,recomputed_from_saved_paysim_targets_priority6_n24,artifacts/priority6_sota_attackers/targets_paysim_n24/paysim_priority6_n24_targets.pt,16,"3761760,595954,6058629,6282441",network.9.weight,parameter,32,2.8989011806146436e-05,2.8311678698969416e-09,2.8311678698969415e-07
PaySim,recomputed_from_saved_paysim_targets_priority6_n24,artifacts/priority6_sota_attackers/targets_paysim_n24/paysim_priority6_n24_targets.pt,16,"3761760,595954,6058629,6282441",network.9.bias,parameter,32,2.8991080910367728e-05,2.831369945822467e-09,2.8313699458224667e-07
PaySim,recomputed_from_saved_paysim_targets_priority6_n24,artifacts/priority6_sota_attackers/targets_paysim_n24/paysim_priority6_n24_targets.pt,16,"3761760,595954,6058629,6282441",network.12.weight,parameter,32,2.899970543544366e-05,2.832212246983037e-09,2.832212246983037e-07
PaySim,recomputed_from_saved_paysim_targets_priority6_n24,artifacts/priority6_sota_attackers/targets_paysim_n24/paysim_priority6_n24_targets.pt,16,"3761760,595954,6058629,6282441",network.12.bias,parameter,1,9.999966025381335e-07,9.766315147423499e-11,9.7663151474235e-09
PaySim,recomputed_from_saved_paysim_targets_priority6_n24,artifacts/priority6_sota_attackers/targets_paysim_n24/paysim_priority6_n24_targets.pt,16,"3761760,595954,6058629,6282441",network.1.running_mean,batchnorm_buffer,128,24.88981530063088,0.00243082606051009,0.243082606051009
PaySim,recomputed_from_saved_paysim_targets_priority6_n24,artifacts/priority6_sota_attackers/targets_paysim_n24/paysim_priority6_n24_targets.pt,16,"3761760,595954,6058629,6282441",network.1.running_var,batchnorm_buffer,128,10214.120101713106,0.9975465477959918,99.75465477959918
PaySim,recomputed_from_saved_paysim_targets_priority6_n24,artifacts/priority6_sota_attackers/targets_paysim_n24/paysim_priority6_n24_targets.pt,16,"3761760,595954,6058629,6282441",network.5.running_mean,batchnorm_buffer,64,0.033771013666062936,3.2981948285983232e-06,0.0003298194828598323
PaySim,recomputed_from_saved_paysim_targets_priority6_n24,artifacts/priority6_sota_attackers/targets_paysim_n24/paysim_priority6_n24_targets.pt,16,"3761760,595954,6058629,6282441",network.5.running_var,batchnorm_buffer,64,0.1539390836934993,1.5034227126776515e-05,0.0015034227126776516
PaySim,recomputed_from_saved_paysim_targets_priority6_n24,artifacts/priority6_sota_attackers/targets_paysim_n24/paysim_priority6_n24_targets.pt,16,"3761760,595954,6058629,6282441",network.9.running_mean,batchnorm_buffer,32,0.006817475929322251,6.658184464501318e-07,6.658184464501318e-05
PaySim,recomputed_from_saved_paysim_targets_priority6_n24,artifacts/priority6_sota_attackers/targets_paysim_n24/paysim_priority6_n24_targets.pt,16,"3761760,595954,6058629,6282441",network.9.running_var,batchnorm_buffer,32,0.02735973825786253,2.6720473399519938e-06,0.00026720473399519936
PaySim,recomputed_from_saved_paysim_targets_priority6_n24,artifacts/priority6_sota_attackers/targets_paysim_n24/paysim_priority6_n24_targets.pt,17,"5188002,2714271,3471036,116334",network.0.weight,parameter,1664,0.0010569042110618741,5.964326940938893e-11,5.964326940938894e-09
PaySim,recomputed_from_saved_paysim_targets_priority6_n24,artifacts/priority6_sota_attackers/targets_paysim_n24/paysim_priority6_n24_targets.pt,17,"5188002,2714271,3471036,116334",network.0.bias,parameter,128,1.2102965281455408e-09,6.829951204462236e-17,6.829951204462236e-15
PaySim,recomputed_from_saved_paysim_targets_priority6_n24,artifacts/priority6_sota_attackers/targets_paysim_n24/paysim_priority6_n24_targets.pt,17,"5188002,2714271,3471036,116334",network.1.weight,parameter,128,0.00010900267711022593,6.1512443314971665e-12,6.151244331497167e-10
PaySim,recomputed_from_saved_paysim_targets_priority6_n24,artifacts/priority6_sota_attackers/targets_paysim_n24/paysim_priority6_n24_targets.pt,17,"5188002,2714271,3471036,116334",network.1.bias,parameter,128,0.00010899902595267238,6.1510382891980215e-12,6.151038289198022e-10
PaySim,recomputed_from_saved_paysim_targets_priority6_n24,artifacts/priority6_sota_attackers/targets_paysim_n24/paysim_priority6_n24_targets.pt,17,"5188002,2714271,3471036,116334",network.4.weight,parameter,8192,0.0065392539774905105,3.690234958227938e-10,3.690234958227938e-08
PaySim,recomputed_from_saved_paysim_targets_priority6_n24,artifacts/priority6_sota_attackers/targets_paysim_n24/paysim_priority6_n24_targets.pt,17,"5188002,2714271,3471036,116334",network.4.bias,parameter,64,8.383203339266829e-07,4.7308133513369925e-14,4.7308133513369925e-12
PaySim,recomputed_from_saved_paysim_targets_priority6_n24,artifacts/priority6_sota_attackers/targets_paysim_n24/paysim_priority6_n24_targets.pt,17,"5188002,2714271,3471036,116334",network.5.weight,parameter,64,5.9997621459473294e-05,3.385788667673695e-12,3.385788667673695e-10
PaySim,recomputed_from_saved_paysim_targets_priority6_n24,artifacts/priority6_sota_attackers/targets_paysim_n24/paysim_priority6_n24_targets.pt,17,"5188002,2714271,3471036,116334",network.5.bias,parameter,64,5.9999434803729296e-05,3.385890998404201e-12,3.385890998404201e-10
PaySim,recomputed_from_saved_paysim_targets_priority6_n24,artifacts/priority6_sota_attackers/targets_paysim_n24/paysim_priority6_n24_targets.pt,17,"5188002,2714271,3471036,116334",network.8.weight,parameter,2048,0.0017962189046382793,1.0136431185182075e-10,1.0136431185182074e-08
PaySim,recomputed_from_saved_paysim_targets_priority6_n24,artifacts/priority6_sota_attackers/targets_paysim_n24/paysim_priority6_n24_targets.pt,17,"5188002,2714271,3471036,116334",network.8.bias,parameter,32,1.3917509173681092e-07,7.85393548881326e-15,7.85393548881326e-13
PaySim,recomputed_from_saved_paysim_targets_priority6_n24,artifacts/priority6_sota_attackers/targets_paysim_n24/paysim_priority6_n24_targets.pt,17,"5188002,2714271,3471036,116334",network.9.weight,parameter,32,2.9989219392234645e-05,1.6923530750163785e-12,1.6923530750163785e-10
PaySim,recomputed_from_saved_paysim_targets_priority6_n24,artifacts/priority6_sota_attackers/targets_paysim_n24/paysim_priority6_n24_targets.pt,17,"5188002,2714271,3471036,116334",network.9.bias,parameter,32,2.9988916124040234e-05,1.6923359609710058e-12,1.692335960971006e-10
PaySim,recomputed_from_saved_paysim_targets_priority6_n24,artifacts/priority6_sota_attackers/targets_paysim_n24/paysim_priority6_n24_targets.pt,17,"5188002,2714271,3471036,116334",network.12.weight,parameter,32,2.999955465723466e-05,1.6929363151892926e-12,1.6929363151892925e-10
PaySim,recomputed_from_saved_paysim_targets_priority6_n24,artifacts/priority6_sota_attackers/targets_paysim_n24/paysim_priority6_n24_targets.pt,17,"5188002,2714271,3471036,116334",network.12.bias,parameter,1,9.999966025381335e-07,5.6431856500724884e-14,5.643185650072488e-12
PaySim,recomputed_from_saved_paysim_targets_priority6_n24,artifacts/priority6_sota_attackers/targets_paysim_n24/paysim_priority6_n24_targets.pt,17,"5188002,2714271,3471036,116334",network.1.running_mean,batchnorm_buffer,128,912.4237643646549,5.1489941873591444e-05,0.005148994187359144
PaySim,recomputed_from_saved_paysim_targets_priority6_n24,artifacts/priority6_sota_attackers/targets_paysim_n24/paysim_priority6_n24_targets.pt,17,"5188002,2714271,3471036,116334",network.1.running_var,batchnorm_buffer,128,17719514.13744451,0.9999484763536514,99.99484763536513
PaySim,recomputed_from_saved_paysim_targets_priority6_n24,artifacts/priority6_sota_attackers/targets_paysim_n24/paysim_priority6_n24_targets.pt,17,"5188002,2714271,3471036,116334",network.5.running_mean,batchnorm_buffer,64,0.032513362189721715,1.8347956230946322e-09,1.8347956230946322e-07
PaySim,recomputed_from_saved_paysim_targets_priority6_n24,artifacts/priority6_sota_attackers/targets_paysim_n24/paysim_priority6_n24_targets.pt,17,"5188002,2714271,3471036,116334",network.5.running_var,batchnorm_buffer,64,0.5114203722410473,2.8860499110299262e-08,2.8860499110299264e-06
PaySim,recomputed_from_saved_paysim_targets_priority6_n24,artifacts/priority6_sota_attackers/targets_paysim_n24/paysim_priority6_n24_targets.pt,17,"5188002,2714271,3471036,116334",network.9.running_mean,batchnorm_buffer,32,0.008449442588772674,4.768193516562974e-10,4.7681935165629735e-08
PaySim,recomputed_from_saved_paysim_targets_priority6_n24,artifacts/priority6_sota_attackers/targets_paysim_n24/paysim_priority6_n24_targets.pt,17,"5188002,2714271,3471036,116334",network.9.running_var,batchnorm_buffer,32,0.03505218247829589,1.978066452057757e-09,1.978066452057757e-07
PaySim,recomputed_from_saved_paysim_targets_priority6_n24,artifacts/priority6_sota_attackers/targets_paysim_n24/paysim_priority6_n24_targets.pt,18,"810893,6336637,5188046,4821241",network.0.weight,parameter,1664,0.0012753092271571404,7.62326430822594e-07,7.62326430822594e-05
PaySim,recomputed_from_saved_paysim_targets_priority6_n24,artifacts/priority6_sota_attackers/targets_paysim_n24/paysim_priority6_n24_targets.pt,18,"810893,6336637,5188046,4821241",network.0.bias,parameter,128,2.2943320162303882e-07,1.3714555652935822e-10,1.3714555652935822e-08
PaySim,recomputed_from_saved_paysim_targets_priority6_n24,artifacts/priority6_sota_attackers/targets_paysim_n24/paysim_priority6_n24_targets.pt,18,"810893,6336637,5188046,4821241",network.1.weight,parameter,128,0.00011598657867040174,6.933191782688836e-08,6.933191782688837e-06
PaySim,recomputed_from_saved_paysim_targets_priority6_n24,artifacts/priority6_sota_attackers/targets_paysim_n24/paysim_priority6_n24_targets.pt,18,"810893,6336637,5188046,4821241",network.1.bias,parameter,128,0.00011599903268094772,6.933936231267014e-08,6.933936231267014e-06
PaySim,recomputed_from_saved_paysim_targets_priority6_n24,artifacts/priority6_sota_attackers/targets_paysim_n24/paysim_priority6_n24_targets.pt,18,"810893,6336637,5188046,4821241",network.4.weight,parameter,8192,0.006955177886788536,4.157513974858446e-06,0.00041575139748584465
PaySim,recomputed_from_saved_paysim_targets_priority6_n24,artifacts/priority6_sota_attackers/targets_paysim_n24/paysim_priority6_n24_targets.pt,18,"810893,6336637,5188046,4821241",network.4.bias,parameter,64,1.904630956656118e-06,1.1385085972117532e-09,1.1385085972117532e-07
PaySim,recomputed_from_saved_paysim_targets_priority6_n24,artifacts/priority6_sota_attackers/targets_paysim_n24/paysim_priority6_n24_targets.pt,18,"810893,6336637,5188046,4821241",network.5.weight,parameter,64,6.0000958516326364e-05,3.586605944477307e-08,3.586605944477307e-06
PaySim,recomputed_from_saved_paysim_targets_priority6_n24,artifacts/priority6_sota_attackers/targets_paysim_n24/paysim_priority6_n24_targets.pt,18,"810893,6336637,5188046,4821241",network.5.bias,parameter,64,5.999912495893729e-05,3.5864963420977144e-08,3.5864963420977145e-06
PaySim,recomputed_from_saved_paysim_targets_priority6_n24,artifacts/priority6_sota_attackers/targets_paysim_n24/paysim_priority6_n24_targets.pt,18,"810893,6336637,5188046,4821241",network.8.weight,parameter,2048,0.0018480215794055349,1.1046698829677377e-06,0.00011046698829677377
PaySim,recomputed_from_saved_paysim_targets_priority6_n24,artifacts/priority6_sota_attackers/targets_paysim_n24/paysim_priority6_n24_targets.pt,18,"810893,6336637,5188046,4821241",network.8.bias,parameter,32,1.1817402852283554e-06,7.063948371216506e-10,7.063948371216506e-08
PaySim,recomputed_from_saved_paysim_targets_priority6_n24,artifacts/priority6_sota_attackers/targets_paysim_n24/paysim_priority6_n24_targets.pt,18,"810893,6336637,5188046,4821241",network.9.weight,parameter,32,3.0971977459159916e-05,1.8513750649002364e-08,1.8513750649002365e-06
PaySim,recomputed_from_saved_paysim_targets_priority6_n24,artifacts/priority6_sota_attackers/targets_paysim_n24/paysim_priority6_n24_targets.pt,18,"810893,6336637,5188046,4821241",network.9.bias,parameter,32,3.0963265966150316e-05,1.850854328342253e-08,1.8508543283422528e-06
PaySim,recomputed_from_saved_paysim_targets_priority6_n24,artifacts/priority6_sota_attackers/targets_paysim_n24/paysim_priority6_n24_targets.pt,18,"810893,6336637,5188046,4821241",network.12.weight,parameter,32,3.099956289884293e-05,1.8530240069237404e-08,1.8530240069237404e-06
PaySim,recomputed_from_saved_paysim_targets_priority6_n24,artifacts/priority6_sota_attackers/targets_paysim_n24/paysim_priority6_n24_targets.pt,18,"810893,6336637,5188046,4821241",network.12.bias,parameter,1,9.999966025381335e-07,5.97756077204077e-10,5.97756077204077e-08
PaySim,recomputed_from_saved_paysim_targets_priority6_n24,artifacts/priority6_sota_attackers/targets_paysim_n24/paysim_priority6_n24_targets.pt,18,"810893,6336637,5188046,4821241",network.1.running_mean,batchnorm_buffer,128,3.6524203833293885,0.0021832638981950253,0.21832638981950253
PaySim,recomputed_from_saved_paysim_targets_priority6_n24,artifacts/priority6_sota_attackers/targets_paysim_n24/paysim_priority6_n24_targets.pt,18,"810893,6336637,5188046,4821241",network.1.running_var,batchnorm_buffer,128,1669.023059947806,0.9976720666303471,99.76720666303471
PaySim,recomputed_from_saved_paysim_targets_priority6_n24,artifacts/priority6_sota_attackers/targets_paysim_n24/paysim_priority6_n24_targets.pt,18,"810893,6336637,5188046,4821241",network.5.running_mean,batchnorm_buffer,64,0.021614653417675878,1.292033433341883e-05,0.001292033433341883
PaySim,recomputed_from_saved_paysim_targets_priority6_n24,artifacts/priority6_sota_attackers/targets_paysim_n24/paysim_priority6_n24_targets.pt,18,"810893,6336637,5188046,4821241",network.5.running_var,batchnorm_buffer,64,0.16483367108543034,9.853066337334543e-05,0.009853066337334543
PaySim,recomputed_from_saved_paysim_targets_priority6_n24,artifacts/priority6_sota_attackers/targets_paysim_n24/paysim_priority6_n24_targets.pt,18,"810893,6336637,5188046,4821241",network.9.running_mean,batchnorm_buffer,32,0.007517213447648931,4.493475288383301e-06,0.00044934752883833007
PaySim,recomputed_from_saved_paysim_targets_priority6_n24,artifacts/priority6_sota_attackers/targets_paysim_n24/paysim_priority6_n24_targets.pt,18,"810893,6336637,5188046,4821241",network.9.running_var,batchnorm_buffer,32,0.037526807632198844,2.2431953531921915e-05,0.0022431953531921916
PaySim,recomputed_from_saved_paysim_targets_priority6_n24,artifacts/priority6_sota_attackers/targets_paysim_n24/paysim_priority6_n24_targets.pt,19,"1610470,4118616,2224601,6168506",network.0.weight,parameter,1664,0.0011962212043562807,1.196098974443437e-07,1.1960989744434372e-05
PaySim,recomputed_from_saved_paysim_targets_priority6_n24,artifacts/priority6_sota_attackers/targets_paysim_n24/paysim_priority6_n24_targets.pt,19,"1610470,4118616,2224601,6168506",network.0.bias,parameter,128,1.6027875103519218e-08,1.6026237374836733e-12,1.6026237374836733e-10
PaySim,recomputed_from_saved_paysim_targets_priority6_n24,artifacts/priority6_sota_attackers/targets_paysim_n24/paysim_priority6_n24_targets.pt,19,"1610470,4118616,2224601,6168506",network.1.weight,parameter,128,0.00010899993580437695,1.0898879818818622e-08,1.0898879818818622e-06
PaySim,recomputed_from_saved_paysim_targets_priority6_n24,artifacts/priority6_sota_attackers/targets_paysim_n24/paysim_priority6_n24_targets.pt,19,"1610470,4118616,2224601,6168506",network.1.bias,parameter,128,0.00010899723977948408,1.0898610243877324e-08,1.0898610243877325e-06
PaySim,recomputed_from_saved_paysim_targets_priority6_n24,artifacts/priority6_sota_attackers/targets_paysim_n24/paysim_priority6_n24_targets.pt,19,"1610470,4118616,2224601,6168506",network.4.weight,parameter,8192,0.006648027186546692,6.64734789096103e-07,6.64734789096103e-05
PaySim,recomputed_from_saved_paysim_targets_priority6_n24,artifacts/priority6_sota_attackers/targets_paysim_n24/paysim_priority6_n24_targets.pt,19,"1610470,4118616,2224601,6168506",network.4.bias,parameter,64,7.700365152168293e-07,7.699578328662751e-11,7.699578328662752e-09
PaySim,recomputed_from_saved_paysim_targets_priority6_n24,artifacts/priority6_sota_attackers/targets_paysim_n24/paysim_priority6_n24_targets.pt,19,"1610470,4118616,2224601,6168506",network.5.weight,parameter,64,6.0999502302649944e-05,6.099326937196555e-09,6.099326937196555e-07
PaySim,recomputed_from_saved_paysim_targets_priority6_n24,artifacts/priority6_sota_attackers/targets_paysim_n24/paysim_priority6_n24_targets.pt,19,"1610470,4118616,2224601,6168506",network.5.bias,parameter,64,6.099905562301618e-05,6.099282273797352e-09,6.099282273797352e-07
PaySim,recomputed_from_saved_paysim_targets_priority6_n24,artifacts/priority6_sota_attackers/targets_paysim_n24/paysim_priority6_n24_targets.pt,19,"1610470,4118616,2224601,6168506",network.8.weight,parameter,2048,0.0019435405183009678,1.9433419272817692e-07,1.9433419272817692e-05
PaySim,recomputed_from_saved_paysim_targets_priority6_n24,artifacts/priority6_sota_attackers/targets_paysim_n24/paysim_priority6_n24_targets.pt,19,"1610470,4118616,2224601,6168506",network.8.bias,parameter,32,2.2127974508290293e-07,2.2125713471296713e-11,2.2125713471296712e-09
PaySim,recomputed_from_saved_paysim_targets_priority6_n24,artifacts/priority6_sota_attackers/targets_paysim_n24/paysim_priority6_n24_targets.pt,19,"1610470,4118616,2224601,6168506",network.9.weight,parameter,32,3.197922168851619e-05,3.197595405083717e-09,3.1975954050837173e-07
PaySim,recomputed_from_saved_paysim_targets_priority6_n24,artifacts/priority6_sota_attackers/targets_paysim_n24/paysim_priority6_n24_targets.pt,19,"1610470,4118616,2224601,6168506",network.9.bias,parameter,32,3.197155320933901e-05,3.196828635522539e-09,3.196828635522539e-07
PaySim,recomputed_from_saved_paysim_targets_priority6_n24,artifacts/priority6_sota_attackers/targets_paysim_n24/paysim_priority6_n24_targets.pt,19,"1610470,4118616,2224601,6168506",network.12.weight,parameter,32,3.199965100466164e-05,3.1996381279514583e-09,3.1996381279514585e-07
PaySim,recomputed_from_saved_paysim_targets_priority6_n24,artifacts/priority6_sota_attackers/targets_paysim_n24/paysim_priority6_n24_targets.pt,19,"1610470,4118616,2224601,6168506",network.12.bias,parameter,1,9.999966025381335e-07,9.998944228600547e-11,9.998944228600547e-09
PaySim,recomputed_from_saved_paysim_targets_priority6_n24,artifacts/priority6_sota_attackers/targets_paysim_n24/paysim_priority6_n24_targets.pt,19,"1610470,4118616,2224601,6168506",network.1.running_mean,batchnorm_buffer,128,21.52373544925893,0.0021521536153427646,0.21521536153427645
PaySim,recomputed_from_saved_paysim_targets_priority6_n24,artifacts/priority6_sota_attackers/targets_paysim_n24/paysim_priority6_n24_targets.pt,19,"1610470,4118616,2224601,6168506",network.1.running_var,batchnorm_buffer,128,9979.304712119818,0.997828502651254,99.7828502651254
PaySim,recomputed_from_saved_paysim_targets_priority6_n24,artifacts/priority6_sota_attackers/targets_paysim_n24/paysim_priority6_n24_targets.pt,19,"1610470,4118616,2224601,6168506",network.5.running_mean,batchnorm_buffer,64,0.027709550540415823,2.7706719177842446e-06,0.00027706719177842445
PaySim,recomputed_from_saved_paysim_targets_priority6_n24,artifacts/priority6_sota_attackers/targets_paysim_n24/paysim_priority6_n24_targets.pt,19,"1610470,4118616,2224601,6168506",network.5.running_var,batchnorm_buffer,64,0.12474846901861159,1.2473572221689966e-05,0.0012473572221689967
PaySim,recomputed_from_saved_paysim_targets_priority6_n24,artifacts/priority6_sota_attackers/targets_paysim_n24/paysim_priority6_n24_targets.pt,19,"1610470,4118616,2224601,6168506",network.9.running_mean,batchnorm_buffer,32,0.006305562045405864,6.304917742916965e-07,6.304917742916965e-05
PaySim,recomputed_from_saved_paysim_targets_priority6_n24,artifacts/priority6_sota_attackers/targets_paysim_n24/paysim_priority6_n24_targets.pt,19,"1610470,4118616,2224601,6168506",network.9.running_var,batchnorm_buffer,32,0.02446777746978812,2.4465277351668898e-06,0.000244652773516689
PaySim,recomputed_from_saved_paysim_targets_priority6_n24,artifacts/priority6_sota_attackers/targets_paysim_n24/paysim_priority6_n24_targets.pt,20,"696506,5468626,4060239,1030503",network.0.weight,parameter,1664,0.0012319669081491515,4.347836858249652e-07,4.347836858249652e-05
PaySim,recomputed_from_saved_paysim_targets_priority6_n24,artifacts/priority6_sota_attackers/targets_paysim_n24/paysim_priority6_n24_targets.pt,20,"696506,5468626,4060239,1030503",network.0.bias,parameter,128,5.451501760106838e-06,1.923934817454998e-09,1.9239348174549981e-07
PaySim,recomputed_from_saved_paysim_targets_priority6_n24,artifacts/priority6_sota_attackers/targets_paysim_n24/paysim_priority6_n24_targets.pt,20,"696506,5468626,4060239,1030503",network.1.weight,parameter,128,0.00011200021588564368,3.952692751229036e-08,3.952692751229036e-06
PaySim,recomputed_from_saved_paysim_targets_priority6_n24,artifacts/priority6_sota_attackers/targets_paysim_n24/paysim_priority6_n24_targets.pt,20,"696506,5468626,4060239,1030503",network.1.bias,parameter,128,0.000111999032534037,3.9526509885834825e-08,3.952650988583483e-06
PaySim,recomputed_from_saved_paysim_targets_priority6_n24,artifacts/priority6_sota_attackers/targets_paysim_n24/paysim_priority6_n24_targets.pt,20,"696506,5468626,4060239,1030503",network.4.weight,parameter,8192,0.006719766302459896,2.371528603195399e-06,0.0002371528603195399
PaySim,recomputed_from_saved_paysim_targets_priority6_n24,artifacts/priority6_sota_attackers/targets_paysim_n24/paysim_priority6_n24_targets.pt,20,"696506,5468626,4060239,1030503",network.4.bias,parameter,64,2.0984272250091328e-06,7.405734011927428e-10,7.405734011927427e-08
PaySim,recomputed_from_saved_paysim_targets_priority6_n24,artifacts/priority6_sota_attackers/targets_paysim_n24/paysim_priority6_n24_targets.pt,20,"696506,5468626,4060239,1030503",network.5.weight,parameter,64,6.0000600917931024e-05,2.1175310997600686e-08,2.1175310997600684e-06
PaySim,recomputed_from_saved_paysim_targets_priority6_n24,artifacts/priority6_sota_attackers/targets_paysim_n24/paysim_priority6_n24_targets.pt,20,"696506,5468626,4060239,1030503",network.5.bias,parameter,64,5.999853749803412e-05,2.1174582778926755e-08,2.1174582778926755e-06
PaySim,recomputed_from_saved_paysim_targets_priority6_n24,artifacts/priority6_sota_attackers/targets_paysim_n24/paysim_priority6_n24_targets.pt,20,"696506,5468626,4060239,1030503",network.8.weight,parameter,2048,0.001916431839798287,6.763438964376313e-07,6.763438964376313e-05
PaySim,recomputed_from_saved_paysim_targets_priority6_n24,artifacts/priority6_sota_attackers/targets_paysim_n24/paysim_priority6_n24_targets.pt,20,"696506,5468626,4060239,1030503",network.8.bias,parameter,32,1.8177126235689733e-06,6.415040769505836e-10,6.415040769505836e-08
PaySim,recomputed_from_saved_paysim_targets_priority6_n24,artifacts/priority6_sota_attackers/targets_paysim_n24/paysim_priority6_n24_targets.pt,20,"696506,5468626,4060239,1030503",network.9.weight,parameter,32,3.198143810934084e-05,1.1286835260901968e-08,1.1286835260901968e-06
PaySim,recomputed_from_saved_paysim_targets_priority6_n24,artifacts/priority6_sota_attackers/targets_paysim_n24/paysim_priority6_n24_targets.pt,20,"696506,5468626,4060239,1030503",network.9.bias,parameter,32,3.1989641036429296e-05,1.128973022411119e-08,1.128973022411119e-06
PaySim,recomputed_from_saved_paysim_targets_priority6_n24,artifacts/priority6_sota_attackers/targets_paysim_n24/paysim_priority6_n24_targets.pt,20,"696506,5468626,4060239,1030503",network.12.weight,parameter,32,3.199944495293676e-05,1.1293190205809107e-08,1.1293190205809108e-06
PaySim,recomputed_from_saved_paysim_targets_priority6_n24,artifacts/priority6_sota_attackers/targets_paysim_n24/paysim_priority6_n24_targets.pt,20,"696506,5468626,4060239,1030503",network.12.bias,parameter,1,9.999966025381335e-07,3.5291711635109466e-10,3.5291711635109466e-08
PaySim,recomputed_from_saved_paysim_targets_priority6_n24,artifacts/priority6_sota_attackers/targets_paysim_n24/paysim_priority6_n24_targets.pt,20,"696506,5468626,4060239,1030503",network.1.running_mean,batchnorm_buffer,128,3.7852532380690356,0.0013358851960569792,0.13358851960569793
PaySim,recomputed_from_saved_paysim_targets_priority6_n24,artifacts/priority6_sota_attackers/targets_paysim_n24/paysim_priority6_n24_targets.pt,20,"696506,5468626,4060239,1030503",network.1.running_var,batchnorm_buffer,128,2829.5750336495335,0.9986088541101464,99.86088541101465
PaySim,recomputed_from_saved_paysim_targets_priority6_n24,artifacts/priority6_sota_attackers/targets_paysim_n24/paysim_priority6_n24_targets.pt,20,"696506,5468626,4060239,1030503",network.5.running_mean,batchnorm_buffer,64,0.024104054211317002,8.506762206028658e-06,0.0008506762206028658
PaySim,recomputed_from_saved_paysim_targets_priority6_n24,artifacts/priority6_sota_attackers/targets_paysim_n24/paysim_priority6_n24_targets.pt,20,"696506,5468626,4060239,1030503",network.5.running_var,batchnorm_buffer,64,0.0844156541461285,2.9791830452750898e-05,0.00297918304527509
PaySim,recomputed_from_saved_paysim_targets_priority6_n24,artifacts/priority6_sota_attackers/targets_paysim_n24/paysim_priority6_n24_targets.pt,20,"696506,5468626,4060239,1030503",network.9.running_mean,batchnorm_buffer,32,0.0069115862904317,2.439225390206162e-06,0.00024392253902061621
PaySim,recomputed_from_saved_paysim_targets_priority6_n24,artifacts/priority6_sota_attackers/targets_paysim_n24/paysim_priority6_n24_targets.pt,20,"696506,5468626,4060239,1030503",network.9.running_var,batchnorm_buffer,32,0.030832311817839075,1.088128754594904e-05,0.001088128754594904
PaySim,recomputed_from_saved_paysim_targets_priority6_n24,artifacts/priority6_sota_attackers/targets_paysim_n24/paysim_priority6_n24_targets.pt,21,"4171350,5978602,6061826,1730923",network.0.weight,parameter,1664,0.0010693156796947171,1.0423545287668263e-11,1.0423545287668263e-09
PaySim,recomputed_from_saved_paysim_targets_priority6_n24,artifacts/priority6_sota_attackers/targets_paysim_n24/paysim_priority6_n24_targets.pt,21,"4171350,5978602,6061826,1730923",network.0.bias,parameter,128,3.538432265942637e-09,3.4492161362423464e-17,3.4492161362423462e-15
PaySim,recomputed_from_saved_paysim_targets_priority6_n24,artifacts/priority6_sota_attackers/targets_paysim_n24/paysim_priority6_n24_targets.pt,21,"4171350,5978602,6061826,1730923",network.1.weight,parameter,128,0.00011297710273083794,1.1012855877327477e-12,1.1012855877327477e-10
PaySim,recomputed_from_saved_paysim_targets_priority6_n24,artifacts/priority6_sota_attackers/targets_paysim_n24/paysim_priority6_n24_targets.pt,21,"4171350,5978602,6061826,1730923",network.1.bias,parameter,128,0.00011299529386627498,1.101462912471983e-12,1.101462912471983e-10
PaySim,recomputed_from_saved_paysim_targets_priority6_n24,artifacts/priority6_sota_attackers/targets_paysim_n24/paysim_priority6_n24_targets.pt,21,"4171350,5978602,6061826,1730923",network.4.weight,parameter,8192,0.006549828656117021,6.384684796073922e-11,6.384684796073922e-09
PaySim,recomputed_from_saved_paysim_targets_priority6_n24,artifacts/priority6_sota_attackers/targets_paysim_n24/paysim_priority6_n24_targets.pt,21,"4171350,5978602,6061826,1730923",network.4.bias,parameter,64,5.32366805557473e-07,5.189439950009758e-15,5.189439950009759e-13
PaySim,recomputed_from_saved_paysim_targets_priority6_n24,artifacts/priority6_sota_attackers/targets_paysim_n24/paysim_priority6_n24_targets.pt,21,"4171350,5978602,6061826,1730923",network.5.weight,parameter,64,5.7993869500450046e-05,5.653164323912708e-13,5.6531643239127074e-11
PaySim,recomputed_from_saved_paysim_targets_priority6_n24,artifacts/priority6_sota_attackers/targets_paysim_n24/paysim_priority6_n24_targets.pt,21,"4171350,5978602,6061826,1730923",network.5.bias,parameter,64,5.7999245093415085e-05,5.653688329477978e-13,5.653688329477978e-11
PaySim,recomputed_from_saved_paysim_targets_priority6_n24,artifacts/priority6_sota_attackers/targets_paysim_n24/paysim_priority6_n24_targets.pt,21,"4171350,5978602,6061826,1730923",network.8.weight,parameter,2048,0.0017347414683471143,1.691002629165096e-11,1.6910026291650962e-09
PaySim,recomputed_from_saved_paysim_targets_priority6_n24,artifacts/priority6_sota_attackers/targets_paysim_n24/paysim_priority6_n24_targets.pt,21,"4171350,5978602,6061826,1730923",network.8.bias,parameter,32,4.808984571289757e-07,4.687733418521234e-15,4.687733418521234e-13
PaySim,recomputed_from_saved_paysim_targets_priority6_n24,artifacts/priority6_sota_attackers/targets_paysim_n24/paysim_priority6_n24_targets.pt,21,"4171350,5978602,6061826,1730923",network.9.weight,parameter,32,2.998219307315253e-05,2.922623816858664e-13,2.922623816858664e-11
PaySim,recomputed_from_saved_paysim_targets_priority6_n24,artifacts/priority6_sota_attackers/targets_paysim_n24/paysim_priority6_n24_targets.pt,21,"4171350,5978602,6061826,1730923",network.9.bias,parameter,32,2.9984486454471583e-05,2.922847372582151e-13,2.922847372582151e-11
PaySim,recomputed_from_saved_paysim_targets_priority6_n24,artifacts/priority6_sota_attackers/targets_paysim_n24/paysim_priority6_n24_targets.pt,21,"4171350,5978602,6061826,1730923",network.12.weight,parameter,32,2.9999271080354963e-05,2.924288558009271e-13,2.924288558009271e-11
PaySim,recomputed_from_saved_paysim_targets_priority6_n24,artifacts/priority6_sota_attackers/targets_paysim_n24/paysim_priority6_n24_targets.pt,21,"4171350,5978602,6061826,1730923",network.12.bias,parameter,1,9.999966025381335e-07,9.747832255715618e-15,9.747832255715617e-13
PaySim,recomputed_from_saved_paysim_targets_priority6_n24,artifacts/priority6_sota_attackers/targets_paysim_n24/paysim_priority6_n24_targets.pt,21,"4171350,5978602,6061826,1730923",network.1.running_mean,batchnorm_buffer,128,2173.314556602213,2.118517771249675e-05,0.002118517771249675
PaySim,recomputed_from_saved_paysim_targets_priority6_n24,artifacts/priority6_sota_attackers/targets_paysim_n24/paysim_priority6_n24_targets.pt,21,"4171350,5978602,6061826,1730923",network.1.running_var,batchnorm_buffer,128,102584388.45113556,0.9999788080667077,99.99788080667076
PaySim,recomputed_from_saved_paysim_targets_priority6_n24,artifacts/priority6_sota_attackers/targets_paysim_n24/paysim_priority6_n24_targets.pt,21,"4171350,5978602,6061826,1730923",network.5.running_mean,batchnorm_buffer,64,0.038677223897079366,3.770203715778205e-10,3.770203715778205e-08
PaySim,recomputed_from_saved_paysim_targets_priority6_n24,artifacts/priority6_sota_attackers/targets_paysim_n24/paysim_priority6_n24_targets.pt,21,"4171350,5978602,6061826,1730923",network.5.running_var,batchnorm_buffer,64,0.6000280363621464,5.848992518913675e-09,5.848992518913675e-07
PaySim,recomputed_from_saved_paysim_targets_priority6_n24,artifacts/priority6_sota_attackers/targets_paysim_n24/paysim_priority6_n24_targets.pt,21,"4171350,5978602,6061826,1730923",network.9.running_mean,batchnorm_buffer,32,0.007460027338611293,7.271934218102751e-11,7.271934218102751e-09
PaySim,recomputed_from_saved_paysim_targets_priority6_n24,artifacts/priority6_sota_attackers/targets_paysim_n24/paysim_priority6_n24_targets.pt,21,"4171350,5978602,6061826,1730923",network.9.running_var,batchnorm_buffer,32,0.03707857186527508,3.6143692679237393e-10,3.614369267923739e-08
PaySim,recomputed_from_saved_paysim_targets_priority6_n24,artifacts/priority6_sota_attackers/targets_paysim_n24/paysim_priority6_n24_targets.pt,22,"4176145,1302472,4965642,356422",network.0.weight,parameter,1664,0.0009984944021863714,3.5683990566827965e-07,3.568399056682796e-05
PaySim,recomputed_from_saved_paysim_targets_priority6_n24,artifacts/priority6_sota_attackers/targets_paysim_n24/paysim_priority6_n24_targets.pt,22,"4176145,1302472,4965642,356422",network.0.bias,parameter,128,4.522354163771086e-07,1.6161897649751815e-10,1.6161897649751817e-08
PaySim,recomputed_from_saved_paysim_targets_priority6_n24,artifacts/priority6_sota_attackers/targets_paysim_n24/paysim_priority6_n24_targets.pt,22,"4176145,1302472,4965642,356422",network.1.weight,parameter,128,0.00011099059026520308,3.9665592189178054e-08,3.9665592189178054e-06
PaySim,recomputed_from_saved_paysim_targets_priority6_n24,artifacts/priority6_sota_attackers/targets_paysim_n24/paysim_priority6_n24_targets.pt,22,"4176145,1302472,4965642,356422",network.1.bias,parameter,128,0.00011099561035595423,3.9667386259035795e-08,3.9667386259035795e-06
PaySim,recomputed_from_saved_paysim_targets_priority6_n24,artifacts/priority6_sota_attackers/targets_paysim_n24/paysim_priority6_n24_targets.pt,22,"4176145,1302472,4965642,356422",network.4.weight,parameter,8192,0.006770239264193529,2.4195343860681653e-06,0.00024195343860681652
PaySim,recomputed_from_saved_paysim_targets_priority6_n24,artifacts/priority6_sota_attackers/targets_paysim_n24/paysim_priority6_n24_targets.pt,22,"4176145,1302472,4965642,356422",network.4.bias,parameter,64,5.874938140795115e-07,2.0995734852172025e-10,2.0995734852172025e-08
PaySim,recomputed_from_saved_paysim_targets_priority6_n24,artifacts/priority6_sota_attackers/targets_paysim_n24/paysim_priority6_n24_targets.pt,22,"4176145,1302472,4965642,356422",network.5.weight,parameter,64,6.099200093601098e-05,2.1797197673686513e-08,2.1797197673686515e-06
PaySim,recomputed_from_saved_paysim_targets_priority6_n24,artifacts/priority6_sota_attackers/targets_paysim_n24/paysim_priority6_n24_targets.pt,22,"4176145,1302472,4965642,356422",network.5.bias,parameter,64,6.0998443766381593e-05,2.17995001993458e-08,2.17995001993458e-06
PaySim,recomputed_from_saved_paysim_targets_priority6_n24,artifacts/priority6_sota_attackers/targets_paysim_n24/paysim_priority6_n24_targets.pt,22,"4176145,1302472,4965642,356422",network.8.weight,parameter,2048,0.0019450703561783725,6.951253015510707e-07,6.951253015510708e-05
PaySim,recomputed_from_saved_paysim_targets_priority6_n24,artifacts/priority6_sota_attackers/targets_paysim_n24/paysim_priority6_n24_targets.pt,22,"4176145,1302472,4965642,356422",network.8.bias,parameter,32,7.95342997997675e-08,2.842380685940423e-11,2.8423806859404228e-09
PaySim,recomputed_from_saved_paysim_targets_priority6_n24,artifacts/priority6_sota_attackers/targets_paysim_n24/paysim_priority6_n24_targets.pt,22,"4176145,1302472,4965642,356422",network.9.weight,parameter,32,3.1976914169007387e-05,1.1427844773737095e-08,1.1427844773737095e-06
PaySim,recomputed_from_saved_paysim_targets_priority6_n24,artifacts/priority6_sota_attackers/targets_paysim_n24/paysim_priority6_n24_targets.pt,22,"4176145,1302472,4965642,356422",network.9.bias,parameter,32,3.1978314578507555e-05,1.1428345249245864e-08,1.1428345249245864e-06
PaySim,recomputed_from_saved_paysim_targets_priority6_n24,artifacts/priority6_sota_attackers/targets_paysim_n24/paysim_priority6_n24_targets.pt,22,"4176145,1302472,4965642,356422",network.12.weight,parameter,32,3.199892087418473e-05,1.1435709485429376e-08,1.1435709485429375e-06
PaySim,recomputed_from_saved_paysim_targets_priority6_n24,artifacts/priority6_sota_attackers/targets_paysim_n24/paysim_priority6_n24_targets.pt,22,"4176145,1302472,4965642,356422",network.12.bias,parameter,1,9.999966025381335e-07,3.573767589852776e-10,3.573767589852776e-08
PaySim,recomputed_from_saved_paysim_targets_priority6_n24,artifacts/priority6_sota_attackers/targets_paysim_n24/paysim_priority6_n24_targets.pt,22,"4176145,1302472,4965642,356422",network.1.running_mean,batchnorm_buffer,128,3.9322005488988268,0.0014052818622371308,0.14052818622371308
PaySim,recomputed_from_saved_paysim_targets_priority6_n24,artifacts/priority6_sota_attackers/targets_paysim_n24/paysim_priority6_n24_targets.pt,22,"4176145,1302472,4965642,356422",network.1.running_var,batchnorm_buffer,128,2794.0222656762226,0.998522014280537,99.8522014280537
PaySim,recomputed_from_saved_paysim_targets_priority6_n24,artifacts/priority6_sota_attackers/targets_paysim_n24/paysim_priority6_n24_targets.pt,22,"4176145,1302472,4965642,356422",network.5.running_mean,batchnorm_buffer,64,0.030992355972775137,1.1075985361106287e-05,0.0011075985361106288
PaySim,recomputed_from_saved_paysim_targets_priority6_n24,artifacts/priority6_sota_attackers/targets_paysim_n24/paysim_priority6_n24_targets.pt,22,"4176145,1302472,4965642,356422",network.5.running_var,batchnorm_buffer,64,0.12535117083062142,4.4797747365095725e-05,0.004479774736509573
PaySim,recomputed_from_saved_paysim_targets_priority6_n24,artifacts/priority6_sota_attackers/targets_paysim_n24/paysim_priority6_n24_targets.pt,22,"4176145,1302472,4965642,356422",network.9.running_mean,batchnorm_buffer,32,0.00904715361237252,3.2332534208868397e-06,0.000323325342088684
PaySim,recomputed_from_saved_paysim_targets_priority6_n24,artifacts/priority6_sota_attackers/targets_paysim_n24/paysim_priority6_n24_targets.pt,22,"4176145,1302472,4965642,356422",network.9.running_var,batchnorm_buffer,32,0.0278903381889275,9.967392532798264e-06,0.0009967392532798263
PaySim,recomputed_from_saved_paysim_targets_priority6_n24,artifacts/priority6_sota_attackers/targets_paysim_n24/paysim_priority6_n24_targets.pt,23,"5987937,4053300,579415,1480812",network.0.weight,parameter,1664,0.0011198078292244257,4.5323470973474123e-07,4.532347097347412e-05
PaySim,recomputed_from_saved_paysim_targets_priority6_n24,artifacts/priority6_sota_attackers/targets_paysim_n24/paysim_priority6_n24_targets.pt,23,"5987937,4053300,579415,1480812",network.0.bias,parameter,128,2.975248046079883e-07,1.2042116954011899e-10,1.2042116954011898e-08
PaySim,recomputed_from_saved_paysim_targets_priority6_n24,artifacts/priority6_sota_attackers/targets_paysim_n24/paysim_priority6_n24_targets.pt,23,"5987937,4053300,579415,1480812",network.1.weight,parameter,128,0.00011199866694155958,4.533070941028609e-08,4.533070941028609e-06
PaySim,recomputed_from_saved_paysim_targets_priority6_n24,artifacts/priority6_sota_attackers/targets_paysim_n24/paysim_priority6_n24_targets.pt,23,"5987937,4053300,579415,1480812",network.1.bias,parameter,128,0.00011199011462651061,4.5327247918119653e-08,4.5327247918119654e-06
PaySim,recomputed_from_saved_paysim_targets_priority6_n24,artifacts/priority6_sota_attackers/targets_paysim_n24/paysim_priority6_n24_targets.pt,23,"5987937,4053300,579415,1480812",network.4.weight,parameter,8192,0.007053690397294568,2.8549338880678737e-06,0.0002854933888067874
PaySim,recomputed_from_saved_paysim_targets_priority6_n24,artifacts/priority6_sota_attackers/targets_paysim_n24/paysim_priority6_n24_targets.pt,23,"5987937,4053300,579415,1480812",network.4.bias,parameter,64,5.089182134931165e-07,2.0598123423643993e-10,2.0598123423643995e-08
PaySim,recomputed_from_saved_paysim_targets_priority6_n24,artifacts/priority6_sota_attackers/targets_paysim_n24/paysim_priority6_n24_targets.pt,23,"5987937,4053300,579415,1480812",network.5.weight,parameter,64,6.299933218301135e-05,2.5498557243724324e-08,2.5498557243724326e-06
PaySim,recomputed_from_saved_paysim_targets_priority6_n24,artifacts/priority6_sota_attackers/targets_paysim_n24/paysim_priority6_n24_targets.pt,23,"5987937,4053300,579415,1480812",network.5.bias,parameter,64,6.299810739176294e-05,2.5498061517679668e-08,2.5498061517679668e-06
PaySim,recomputed_from_saved_paysim_targets_priority6_n24,artifacts/priority6_sota_attackers/targets_paysim_n24/paysim_priority6_n24_targets.pt,23,"5987937,4053300,579415,1480812",network.8.weight,parameter,2048,0.001999467927262852,8.09271235640988e-07,8.09271235640988e-05
PaySim,recomputed_from_saved_paysim_targets_priority6_n24,artifacts/priority6_sota_attackers/targets_paysim_n24/paysim_priority6_n24_targets.pt,23,"5987937,4053300,579415,1480812",network.8.bias,parameter,32,3.105439396833363e-07,1.2569057715888831e-10,1.2569057715888831e-08
PaySim,recomputed_from_saved_paysim_targets_priority6_n24,artifacts/priority6_sota_attackers/targets_paysim_n24/paysim_priority6_n24_targets.pt,23,"5987937,4053300,579415,1480812",network.9.weight,parameter,32,3.194232245462558e-05,1.2928440816495005e-08,1.2928440816495005e-06
PaySim,recomputed_from_saved_paysim_targets_priority6_n24,artifacts/priority6_sota_attackers/targets_paysim_n24/paysim_priority6_n24_targets.pt,23,"5987937,4053300,579415,1480812",network.9.bias,parameter,32,3.194847662303397e-05,1.2930931674890026e-08,1.2930931674890025e-06
PaySim,recomputed_from_saved_paysim_targets_priority6_n24,artifacts/priority6_sota_attackers/targets_paysim_n24/paysim_priority6_n24_targets.pt,23,"5987937,4053300,579415,1480812",network.12.weight,parameter,32,3.1998269822204186e-05,1.295108513835376e-08,1.295108513835376e-06
PaySim,recomputed_from_saved_paysim_targets_priority6_n24,artifacts/priority6_sota_attackers/targets_paysim_n24/paysim_priority6_n24_targets.pt,23,"5987937,4053300,579415,1480812",network.12.bias,parameter,1,9.999966025381335e-07,4.0474191915679474e-10,4.0474191915679475e-08
PaySim,recomputed_from_saved_paysim_targets_priority6_n24,artifacts/priority6_sota_attackers/targets_paysim_n24/paysim_priority6_n24_targets.pt,23,"5987937,4053300,579415,1480812",network.1.running_mean,batchnorm_buffer,128,2.775369215892721,0.0011233120792190619,0.11233120792190619
PaySim,recomputed_from_saved_paysim_targets_priority6_n24,artifacts/priority6_sota_attackers/targets_paysim_n24/paysim_priority6_n24_targets.pt,23,"5987937,4053300,579415,1480812",network.1.running_var,batchnorm_buffer,128,2467.713482003975,0.9987904839879673,99.87904839879673
PaySim,recomputed_from_saved_paysim_targets_priority6_n24,artifacts/priority6_sota_attackers/targets_paysim_n24/paysim_priority6_n24_targets.pt,23,"5987937,4053300,579415,1480812",network.5.running_mean,batchnorm_buffer,64,0.029385886262679007,1.1893740410609488e-05,0.0011893740410609487
PaySim,recomputed_from_saved_paysim_targets_priority6_n24,artifacts/priority6_sota_attackers/targets_paysim_n24/paysim_priority6_n24_targets.pt,23,"5987937,4053300,579415,1480812",network.5.running_var,batchnorm_buffer,64,0.1368266020991462,5.537964967555951e-05,0.005537964967555951
PaySim,recomputed_from_saved_paysim_targets_priority6_n24,artifacts/priority6_sota_attackers/targets_paysim_n24/paysim_priority6_n24_targets.pt,23,"5987937,4053300,579415,1480812",network.9.running_mean,batchnorm_buffer,32,0.006830103046487419,2.764438407148059e-06,0.0002764438407148059
PaySim,recomputed_from_saved_paysim_targets_priority6_n24,artifacts/priority6_sota_attackers/targets_paysim_n24/paysim_priority6_n24_targets.pt,23,"5987937,4053300,579415,1480812",network.9.running_var,batchnorm_buffer,32,0.02932066518847143,1.1867342618179751e-05,0.0011867342618179751
PaySim,recomputed_from_saved_paysim_targets_priority9_stronger_n24,artifacts/priority9_v1_family/stronger_n24_targets_20260917/paysim_priority9_stronger_n24_targets.pt,0,"1148137,2218348,4382680,6271472",network.0.weight,parameter,1664,0.0011452848302788328,4.68906808674262e-09,4.68906808674262e-07
PaySim,recomputed_from_saved_paysim_targets_priority9_stronger_n24,artifacts/priority9_v1_family/stronger_n24_targets_20260917/paysim_priority9_stronger_n24_targets.pt,0,"1148137,2218348,4382680,6271472",network.0.bias,parameter,128,1.7805176542960016e-07,7.289862128540162e-13,7.289862128540162e-11
PaySim,recomputed_from_saved_paysim_targets_priority9_stronger_n24,artifacts/priority9_v1_family/stronger_n24_targets_20260917/paysim_priority9_stronger_n24_targets.pt,0,"1148137,2218348,4382680,6271472",network.1.weight,parameter,128,0.00010899957802834592,4.4627015855670956e-10,4.462701585567096e-08
PaySim,recomputed_from_saved_paysim_targets_priority9_stronger_n24,artifacts/priority9_v1_family/stronger_n24_targets_20260917/paysim_priority9_stronger_n24_targets.pt,0,"1148137,2218348,4382680,6271472",network.1.bias,parameter,128,0.00010899741940560782,4.4626132064257246e-10,4.4626132064257244e-08
PaySim,recomputed_from_saved_paysim_targets_priority9_stronger_n24,artifacts/priority9_v1_family/stronger_n24_targets_20260917/paysim_priority9_stronger_n24_targets.pt,0,"1148137,2218348,4382680,6271472",network.4.weight,parameter,8192,0.006103224369237584,2.498805001115253e-08,2.498805001115253e-06
PaySim,recomputed_from_saved_paysim_targets_priority9_stronger_n24,artifacts/priority9_v1_family/stronger_n24_targets_20260917/paysim_priority9_stronger_n24_targets.pt,0,"1148137,2218348,4382680,6271472",network.4.bias,parameter,64,1.2100061633591266e-06,4.954052594923313e-12,4.954052594923313e-10
PaySim,recomputed_from_saved_paysim_targets_priority9_stronger_n24,artifacts/priority9_v1_family/stronger_n24_targets_20260917/paysim_priority9_stronger_n24_targets.pt,0,"1148137,2218348,4382680,6271472",network.5.weight,parameter,64,5.600058468857583e-05,2.292796931905556e-10,2.2927969319055558e-08
PaySim,recomputed_from_saved_paysim_targets_priority9_stronger_n24,artifacts/priority9_v1_family/stronger_n24_targets_20260917/paysim_priority9_stronger_n24_targets.pt,0,"1148137,2218348,4382680,6271472",network.5.bias,parameter,64,5.599948518018443e-05,2.2927519154208098e-10,2.29275191542081e-08
PaySim,recomputed_from_saved_paysim_targets_priority9_stronger_n24,artifacts/priority9_v1_family/stronger_n24_targets_20260917/paysim_priority9_stronger_n24_targets.pt,0,"1148137,2218348,4382680,6271472",network.8.weight,parameter,2048,0.00167560956442837,6.86034349419339e-09,6.86034349419339e-07
PaySim,recomputed_from_saved_paysim_targets_priority9_stronger_n24,artifacts/priority9_v1_family/stronger_n24_targets_20260917/paysim_priority9_stronger_n24_targets.pt,0,"1148137,2218348,4382680,6271472",network.8.bias,parameter,32,1.2438372127311637e-06,5.092564945525923e-12,5.092564945525923e-10
PaySim,recomputed_from_saved_paysim_targets_priority9_stronger_n24,artifacts/priority9_v1_family/stronger_n24_targets_20260917/paysim_priority9_stronger_n24_targets.pt,0,"1148137,2218348,4382680,6271472",network.9.weight,parameter,32,2.9991724492361982e-05,1.227932427510393e-10,1.2279324275103931e-08
PaySim,recomputed_from_saved_paysim_targets_priority9_stronger_n24,artifacts/priority9_v1_family/stronger_n24_targets_20260917/paysim_priority9_stronger_n24_targets.pt,0,"1148137,2218348,4382680,6271472",network.9.bias,parameter,32,2.9993528293584953e-05,1.2280062794162758e-10,1.2280062794162757e-08
PaySim,recomputed_from_saved_paysim_targets_priority9_stronger_n24,artifacts/priority9_v1_family/stronger_n24_targets_20260917/paysim_priority9_stronger_n24_targets.pt,0,"1148137,2218348,4382680,6271472",network.12.weight,parameter,32,2.9999882942639e-05,1.2282664538400872e-10,1.2282664538400873e-08
PaySim,recomputed_from_saved_paysim_targets_priority9_stronger_n24,artifacts/priority9_v1_family/stronger_n24_targets_20260917/paysim_priority9_stronger_n24_targets.pt,0,"1148137,2218348,4382680,6271472",network.12.bias,parameter,1,9.999966025381335e-07,4.0942235781390744e-12,4.094223578139074e-10
PaySim,recomputed_from_saved_paysim_targets_priority9_stronger_n24,artifacts/priority9_v1_family/stronger_n24_targets_20260917/paysim_priority9_stronger_n24_targets.pt,0,"1148137,2218348,4382680,6271472",network.1.running_mean,batchnorm_buffer,128,143.07288553681718,0.0005857743715033195,0.05857743715033195
PaySim,recomputed_from_saved_paysim_targets_priority9_stronger_n24,artifacts/priority9_v1_family/stronger_n24_targets_20260917/paysim_priority9_stronger_n24_targets.pt,0,"1148137,2218348,4382680,6271472",network.1.running_var,batchnorm_buffer,128,244102.08730908728,0.9994119167977044,99.94119167977044
PaySim,recomputed_from_saved_paysim_targets_priority9_stronger_n24,artifacts/priority9_v1_family/stronger_n24_targets_20260917/paysim_priority9_stronger_n24_targets.pt,0,"1148137,2218348,4382680,6271472",network.5.running_mean,batchnorm_buffer,64,0.03423656083618697,1.401726108410096e-07,1.401726108410096e-05
PaySim,recomputed_from_saved_paysim_targets_priority9_stronger_n24,artifacts/priority9_v1_family/stronger_n24_targets_20260917/paysim_priority9_stronger_n24_targets.pt,0,"1148137,2218348,4382680,6271472",network.5.running_var,batchnorm_buffer,64,0.42322233752424676,1.7327727601162805e-06,0.00017327727601162805
PaySim,recomputed_from_saved_paysim_targets_priority9_stronger_n24,artifacts/priority9_v1_family/stronger_n24_targets_20260917/paysim_priority9_stronger_n24_targets.pt,0,"1148137,2218348,4382680,6271472",network.9.running_mean,batchnorm_buffer,32,0.004860446832889196,1.989982363239828e-08,1.9899823632398277e-06
PaySim,recomputed_from_saved_paysim_targets_priority9_stronger_n24,artifacts/priority9_v1_family/stronger_n24_targets_20260917/paysim_priority9_stronger_n24_targets.pt,0,"1148137,2218348,4382680,6271472",network.9.running_var,batchnorm_buffer,32,0.09225497065066479,3.777137593065738e-07,3.777137593065738e-05
PaySim,recomputed_from_saved_paysim_targets_priority9_stronger_n24,artifacts/priority9_v1_family/stronger_n24_targets_20260917/paysim_priority9_stronger_n24_targets.pt,1,"2701566,6019392,299148,2308149",network.0.weight,parameter,1664,0.0012192327002726662,5.976836799854816e-07,5.9768367998548166e-05
PaySim,recomputed_from_saved_paysim_targets_priority9_stronger_n24,artifacts/priority9_v1_family/stronger_n24_targets_20260917/paysim_priority9_stronger_n24_targets.pt,1,"2701566,6019392,299148,2308149",network.0.bias,parameter,128,9.283085481304881e-08,4.550688880674934e-11,4.550688880674934e-09
PaySim,recomputed_from_saved_paysim_targets_priority9_stronger_n24,artifacts/priority9_v1_family/stronger_n24_targets_20260917/paysim_priority9_stronger_n24_targets.pt,1,"2701566,6019392,299148,2308149",network.1.weight,parameter,128,0.00011097995632525226,5.4403813715192115e-08,5.440381371519212e-06
PaySim,recomputed_from_saved_paysim_targets_priority9_stronger_n24,artifacts/priority9_v1_family/stronger_n24_targets_20260917/paysim_priority9_stronger_n24_targets.pt,1,"2701566,6019392,299148,2308149",network.1.bias,parameter,128,0.00011099692570974597,5.44121323275202e-08,5.44121323275202e-06
PaySim,recomputed_from_saved_paysim_targets_priority9_stronger_n24,artifacts/priority9_v1_family/stronger_n24_targets_20260917/paysim_priority9_stronger_n24_targets.pt,1,"2701566,6019392,299148,2308149",network.4.weight,parameter,8192,0.006658341492969261,3.2640053414150633e-06,0.0003264005341415063
PaySim,recomputed_from_saved_paysim_targets_priority9_stronger_n24,artifacts/priority9_v1_family/stronger_n24_targets_20260917/paysim_priority9_stronger_n24_targets.pt,1,"2701566,6019392,299148,2308149",network.4.bias,parameter,64,4.504187488558461e-07,2.2080111146167055e-10,2.2080111146167055e-08
PaySim,recomputed_from_saved_paysim_targets_priority9_stronger_n24,artifacts/priority9_v1_family/stronger_n24_targets_20260917/paysim_priority9_stronger_n24_targets.pt,1,"2701566,6019392,299148,2308149",network.5.weight,parameter,64,5.9999766452989434e-05,2.941266355788549e-08,2.9412663557885493e-06
PaySim,recomputed_from_saved_paysim_targets_priority9_stronger_n24,artifacts/priority9_v1_family/stronger_n24_targets_20260917/paysim_priority9_stronger_n24_targets.pt,1,"2701566,6019392,299148,2308149",network.5.bias,parameter,64,5.999876985896414e-05,2.941217501457103e-08,2.9412175014571028e-06
PaySim,recomputed_from_saved_paysim_targets_priority9_stronger_n24,artifacts/priority9_v1_family/stronger_n24_targets_20260917/paysim_priority9_stronger_n24_targets.pt,1,"2701566,6019392,299148,2308149",network.8.weight,parameter,2048,0.0019105142401847942,9.365588549937564e-07,9.365588549937564e-05
PaySim,recomputed_from_saved_paysim_targets_priority9_stronger_n24,artifacts/priority9_v1_family/stronger_n24_targets_20260917/paysim_priority9_stronger_n24_targets.pt,1,"2701566,6019392,299148,2308149",network.8.bias,parameter,32,6.055605171239112e-07,2.9685361805633045e-10,2.9685361805633044e-08
PaySim,recomputed_from_saved_paysim_targets_priority9_stronger_n24,artifacts/priority9_v1_family/stronger_n24_targets_20260917/paysim_priority9_stronger_n24_targets.pt,1,"2701566,6019392,299148,2308149",network.9.weight,parameter,32,3.196269534200269e-05,1.5668527730588838e-08,1.5668527730588837e-06
PaySim,recomputed_from_saved_paysim_targets_priority9_stronger_n24,artifacts/priority9_v1_family/stronger_n24_targets_20260917/paysim_priority9_stronger_n24_targets.pt,1,"2701566,6019392,299148,2308149",network.9.bias,parameter,32,3.1950823407984365e-05,1.566270795458461e-08,1.566270795458461e-06
PaySim,recomputed_from_saved_paysim_targets_priority9_stronger_n24,artifacts/priority9_v1_family/stronger_n24_targets_20260917/paysim_priority9_stronger_n24_targets.pt,1,"2701566,6019392,299148,2308149",network.12.weight,parameter,32,3.1999388141073986e-05,1.5686515016504805e-08,1.5686515016504805e-06
PaySim,recomputed_from_saved_paysim_targets_priority9_stronger_n24,artifacts/priority9_v1_family/stronger_n24_targets_20260917/paysim_priority9_stronger_n24_targets.pt,1,"2701566,6019392,299148,2308149",network.12.bias,parameter,1,9.999966025381335e-07,4.902113019477796e-10,4.9021130194777954e-08
PaySim,recomputed_from_saved_paysim_targets_priority9_stronger_n24,artifacts/priority9_v1_family/stronger_n24_targets_20260917/paysim_priority9_stronger_n24_targets.pt,1,"2701566,6019392,299148,2308149",network.1.running_mean,batchnorm_buffer,128,4.011084976239813,0.001966285868806955,0.1966285868806955
PaySim,recomputed_from_saved_paysim_targets_priority9_stronger_n24,artifacts/priority9_v1_family/stronger_n24_targets_20260917/paysim_priority9_stronger_n24_targets.pt,1,"2701566,6019392,299148,2308149",network.1.running_var,batchnorm_buffer,128,2035.6109240363953,0.9978828716000075,99.78828716000075
PaySim,recomputed_from_saved_paysim_targets_priority9_stronger_n24,artifacts/priority9_v1_family/stronger_n24_targets_20260917/paysim_priority9_stronger_n24_targets.pt,1,"2701566,6019392,299148,2308149",network.5.running_mean,batchnorm_buffer,64,0.03006827449520261,1.4739858065722184e-05,0.0014739858065722184
PaySim,recomputed_from_saved_paysim_targets_priority9_stronger_n24,artifacts/priority9_v1_family/stronger_n24_targets_20260917/paysim_priority9_stronger_n24_targets.pt,1,"2701566,6019392,299148,2308149",network.5.running_var,batchnorm_buffer,64,0.2338940017511788,0.00011465787266197167,0.011465787266197167
PaySim,recomputed_from_saved_paysim_targets_priority9_stronger_n24,artifacts/priority9_v1_family/stronger_n24_targets_20260917/paysim_priority9_stronger_n24_targets.pt,1,"2701566,6019392,299148,2308149",network.9.running_mean,batchnorm_buffer,32,0.007459977502571519,3.6569777084790407e-06,0.00036569777084790407
PaySim,recomputed_from_saved_paysim_targets_priority9_stronger_n24,artifacts/priority9_v1_family/stronger_n24_targets_20260917/paysim_priority9_stronger_n24_targets.pt,1,"2701566,6019392,299148,2308149",network.9.running_var,batchnorm_buffer,32,0.026057782664743012,1.2773862964668264e-05,0.0012773862964668263
PaySim,recomputed_from_saved_paysim_targets_priority9_stronger_n24,artifacts/priority9_v1_family/stronger_n24_targets_20260917/paysim_priority9_stronger_n24_targets.pt,2,"4045523,1059502,6007527,3322855",network.0.weight,parameter,1664,0.0010646626230575596,2.4739574619020166e-10,2.4739574619020166e-08
PaySim,recomputed_from_saved_paysim_targets_priority9_stronger_n24,artifacts/priority9_v1_family/stronger_n24_targets_20260917/paysim_priority9_stronger_n24_targets.pt,2,"4045523,1059502,6007527,3322855",network.0.bias,parameter,128,2.0427629192723042e-07,4.7467699697364516e-14,4.7467699697364514e-12
PaySim,recomputed_from_saved_paysim_targets_priority9_stronger_n24,artifacts/priority9_v1_family/stronger_n24_targets_20260917/paysim_priority9_stronger_n24_targets.pt,2,"4045523,1059502,6007527,3322855",network.1.weight,parameter,128,0.00010900327320939596,2.5329100063048797e-11,2.53291000630488e-09
PaySim,recomputed_from_saved_paysim_targets_priority9_stronger_n24,artifacts/priority9_v1_family/stronger_n24_targets_20260917/paysim_priority9_stronger_n24_targets.pt,2,"4045523,1059502,6007527,3322855",network.1.bias,parameter,128,0.00010899942805237998,2.5328206563579024e-11,2.5328206563579022e-09
PaySim,recomputed_from_saved_paysim_targets_priority9_stronger_n24,artifacts/priority9_v1_family/stronger_n24_targets_20260917/paysim_priority9_stronger_n24_targets.pt,2,"4045523,1059502,6007527,3322855",network.4.weight,parameter,8192,0.006866412492388965,1.5955488672325178e-09,1.5955488672325177e-07
PaySim,recomputed_from_saved_paysim_targets_priority9_stronger_n24,artifacts/priority9_v1_family/stronger_n24_targets_20260917/paysim_priority9_stronger_n24_targets.pt,2,"4045523,1059502,6007527,3322855",network.4.bias,parameter,64,4.4268205557401914e-06,1.0286606770248743e-12,1.0286606770248743e-10
PaySim,recomputed_from_saved_paysim_targets_priority9_stronger_n24,artifacts/priority9_v1_family/stronger_n24_targets_20260917/paysim_priority9_stronger_n24_targets.pt,2,"4045523,1059502,6007527,3322855",network.5.weight,parameter,64,6.300064285369444e-05,1.4639464851777266e-11,1.4639464851777266e-09
PaySim,recomputed_from_saved_paysim_targets_priority9_stronger_n24,artifacts/priority9_v1_family/stronger_n24_targets_20260917/paysim_priority9_stronger_n24_targets.pt,2,"4045523,1059502,6007527,3322855",network.5.bias,parameter,64,6.299971890674728e-05,1.4639250154144904e-11,1.4639250154144904e-09
PaySim,recomputed_from_saved_paysim_targets_priority9_stronger_n24,artifacts/priority9_v1_family/stronger_n24_targets_20260917/paysim_priority9_stronger_n24_targets.pt,2,"4045523,1059502,6007527,3322855",network.8.weight,parameter,2048,0.002003964500718455,4.656614050844854e-10,4.656614050844854e-08
PaySim,recomputed_from_saved_paysim_targets_priority9_stronger_n24,artifacts/priority9_v1_family/stronger_n24_targets_20260917/paysim_priority9_stronger_n24_targets.pt,2,"4045523,1059502,6007527,3322855",network.8.bias,parameter,32,1.3356499579018303e-06,3.1036509672432657e-13,3.1036509672432657e-11
PaySim,recomputed_from_saved_paysim_targets_priority9_stronger_n24,artifacts/priority9_v1_family/stronger_n24_targets_20260917/paysim_priority9_stronger_n24_targets.pt,2,"4045523,1059502,6007527,3322855",network.9.weight,parameter,32,3.196496353297107e-05,7.427701352444705e-12,7.427701352444704e-10
PaySim,recomputed_from_saved_paysim_targets_priority9_stronger_n24,artifacts/priority9_v1_family/stronger_n24_targets_20260917/paysim_priority9_stronger_n24_targets.pt,2,"4045523,1059502,6007527,3322855",network.9.bias,parameter,32,3.1988175488642e-05,7.433095116600013e-12,7.433095116600012e-10
PaySim,recomputed_from_saved_paysim_targets_priority9_stronger_n24,artifacts/priority9_v1_family/stronger_n24_targets_20260917/paysim_priority9_stronger_n24_targets.pt,2,"4045523,1059502,6007527,3322855",network.12.weight,parameter,32,3.199115704430985e-05,7.43378794094951e-12,7.43378794094951e-10
PaySim,recomputed_from_saved_paysim_targets_priority9_stronger_n24,artifacts/priority9_v1_family/stronger_n24_targets_20260917/paysim_priority9_stronger_n24_targets.pt,2,"4045523,1059502,6007527,3322855",network.12.bias,parameter,1,9.999966025381335e-07,2.3236929738559344e-13,2.3236929738559344e-11
PaySim,recomputed_from_saved_paysim_targets_priority9_stronger_n24,artifacts/priority9_v1_family/stronger_n24_targets_20260917/paysim_priority9_stronger_n24_targets.pt,2,"4045523,1059502,6007527,3322855",network.1.running_mean,batchnorm_buffer,128,459.1456667777807,0.00010669171846783769,0.010669171846783768
PaySim,recomputed_from_saved_paysim_targets_priority9_stronger_n24,artifacts/priority9_v1_family/stronger_n24_targets_20260917/paysim_priority9_stronger_n24_targets.pt,2,"4045523,1059502,6007527,3322855",network.1.running_var,batchnorm_buffer,128,4303020.3902942985,0.9998932218276599,99.98932218276599
PaySim,recomputed_from_saved_paysim_targets_priority9_stronger_n24,artifacts/priority9_v1_family/stronger_n24_targets_20260917/paysim_priority9_stronger_n24_targets.pt,2,"4045523,1059502,6007527,3322855",network.5.running_mean,batchnorm_buffer,64,0.02897410597321955,6.732715521516995e-09,6.732715521516995e-07
PaySim,recomputed_from_saved_paysim_targets_priority9_stronger_n24,artifacts/priority9_v1_family/stronger_n24_targets_20260917/paysim_priority9_stronger_n24_targets.pt,2,"4045523,1059502,6007527,3322855",network.5.running_var,batchnorm_buffer,64,0.23831666214303304,5.5377663480956375e-08,5.537766348095638e-06
PaySim,recomputed_from_saved_paysim_targets_priority9_stronger_n24,artifacts/priority9_v1_family/stronger_n24_targets_20260917/paysim_priority9_stronger_n24_targets.pt,2,"4045523,1059502,6007527,3322855",network.9.running_mean,batchnorm_buffer,32,0.008517439695470624,1.9791982018110886e-09,1.9791982018110885e-07
PaySim,recomputed_from_saved_paysim_targets_priority9_stronger_n24,artifacts/priority9_v1_family/stronger_n24_targets_20260917/paysim_priority9_stronger_n24_targets.pt,2,"4045523,1059502,6007527,3322855",network.9.running_var,batchnorm_buffer,32,0.08586234104966128,1.9951839647206358e-08,1.995183964720636e-06
PaySim,recomputed_from_saved_paysim_targets_priority9_stronger_n24,artifacts/priority9_v1_family/stronger_n24_targets_20260917/paysim_priority9_stronger_n24_targets.pt,3,"6328876,906683,3978738,3060762",network.0.weight,parameter,1664,0.0012423074352503414,1.3923542919733542e-07,1.3923542919733543e-05
PaySim,recomputed_from_saved_paysim_targets_priority9_stronger_n24,artifacts/priority9_v1_family/stronger_n24_targets_20260917/paysim_priority9_stronger_n24_targets.pt,3,"6328876,906683,3978738,3060762",network.0.bias,parameter,128,4.1580785412921595e-08,4.660294496397164e-12,4.660294496397164e-10
PaySim,recomputed_from_saved_paysim_targets_priority9_stronger_n24,artifacts/priority9_v1_family/stronger_n24_targets_20260917/paysim_priority9_stronger_n24_targets.pt,3,"6328876,906683,3978738,3060762",network.1.weight,parameter,128,0.000113002454931177,1.2665097918796875e-08,1.2665097918796875e-06
PaySim,recomputed_from_saved_paysim_targets_priority9_stronger_n24,artifacts/priority9_v1_family/stronger_n24_targets_20260917/paysim_priority9_stronger_n24_targets.pt,3,"6328876,906683,3978738,3060762",network.1.bias,parameter,128,0.00011299822385555224,1.2664623707974445e-08,1.2664623707974444e-06
PaySim,recomputed_from_saved_paysim_targets_priority9_stronger_n24,artifacts/priority9_v1_family/stronger_n24_targets_20260917/paysim_priority9_stronger_n24_targets.pt,3,"6328876,906683,3978738,3060762",network.4.weight,parameter,8192,0.006892257499364187,7.724709712206985e-07,7.724709712206985e-05
PaySim,recomputed_from_saved_paysim_targets_priority9_stronger_n24,artifacts/priority9_v1_family/stronger_n24_targets_20260917/paysim_priority9_stronger_n24_targets.pt,3,"6328876,906683,3978738,3060762",network.4.bias,parameter,64,9.500492789407466e-07,1.0647969685964056e-10,1.0647969685964056e-08
PaySim,recomputed_from_saved_paysim_targets_priority9_stronger_n24,artifacts/priority9_v1_family/stronger_n24_targets_20260917/paysim_priority9_stronger_n24_targets.pt,3,"6328876,906683,3978738,3060762",network.5.weight,parameter,64,6.099842997642213e-05,6.836586771630539e-09,6.836586771630539e-07
PaySim,recomputed_from_saved_paysim_targets_priority9_stronger_n24,artifacts/priority9_v1_family/stronger_n24_targets_20260917/paysim_priority9_stronger_n24_targets.pt,3,"6328876,906683,3978738,3060762",network.5.bias,parameter,64,6.0998863585247855e-05,6.83663536967418e-09,6.83663536967418e-07
PaySim,recomputed_from_saved_paysim_targets_priority9_stronger_n24,artifacts/priority9_v1_family/stronger_n24_targets_20260917/paysim_priority9_stronger_n24_targets.pt,3,"6328876,906683,3978738,3060762",network.8.weight,parameter,2048,0.001878690073020651,2.1055997189060684e-07,2.1055997189060683e-05
PaySim,recomputed_from_saved_paysim_targets_priority9_stronger_n24,artifacts/priority9_v1_family/stronger_n24_targets_20260917/paysim_priority9_stronger_n24_targets.pt,3,"6328876,906683,3978738,3060762",network.8.bias,parameter,32,1.58923022408608e-07,1.7811786846418786e-11,1.7811786846418786e-09
PaySim,recomputed_from_saved_paysim_targets_priority9_stronger_n24,artifacts/priority9_v1_family/stronger_n24_targets_20260917/paysim_priority9_stronger_n24_targets.pt,3,"6328876,906683,3978738,3060762",network.9.weight,parameter,32,3.0945558396666684e-05,3.468318697008224e-09,3.468318697008224e-07
PaySim,recomputed_from_saved_paysim_targets_priority9_stronger_n24,artifacts/priority9_v1_family/stronger_n24_targets_20260917/paysim_priority9_stronger_n24_targets.pt,3,"6328876,906683,3978738,3060762",network.9.bias,parameter,32,3.095980655752964e-05,3.46991560348784e-09,3.46991560348784e-07
PaySim,recomputed_from_saved_paysim_targets_priority9_stronger_n24,artifacts/priority9_v1_family/stronger_n24_targets_20260917/paysim_priority9_stronger_n24_targets.pt,3,"6328876,906683,3978738,3060762",network.12.weight,parameter,32,3.099909422428585e-05,3.474318889653362e-09,3.474318889653362e-07
PaySim,recomputed_from_saved_paysim_targets_priority9_stronger_n24,artifacts/priority9_v1_family/stronger_n24_targets_20260917/paysim_priority9_stronger_n24_targets.pt,3,"6328876,906683,3978738,3060762",network.12.bias,parameter,1,9.999966025381335e-07,1.1207769687236603e-10,1.1207769687236603e-08
PaySim,recomputed_from_saved_paysim_targets_priority9_stronger_n24,artifacts/priority9_v1_family/stronger_n24_targets_20260917/paysim_priority9_stronger_n24_targets.pt,3,"6328876,906683,3978738,3060762",network.1.running_mean,batchnorm_buffer,128,18.01430263229218,0.002019008409293187,0.2019008409293187
PaySim,recomputed_from_saved_paysim_targets_priority9_stronger_n24,artifacts/priority9_v1_family/stronger_n24_targets_20260917/paysim_priority9_stronger_n24_targets.pt,3,"6328876,906683,3978738,3060762",network.1.running_var,batchnorm_buffer,128,8903.960645821047,0.9979387926848011,99.79387926848011
PaySim,recomputed_from_saved_paysim_targets_priority9_stronger_n24,artifacts/priority9_v1_family/stronger_n24_targets_20260917/paysim_priority9_stronger_n24_targets.pt,3,"6328876,906683,3978738,3060762",network.5.running_mean,batchnorm_buffer,64,0.032728977455349015,3.668200876755706e-06,0.0003668200876755706
PaySim,recomputed_from_saved_paysim_targets_priority9_stronger_n24,artifacts/priority9_v1_family/stronger_n24_targets_20260917/paysim_priority9_stronger_n24_targets.pt,3,"6328876,906683,3978738,3060762",network.5.running_var,batchnorm_buffer,64,0.30287868048985045,3.3946060271488955e-05,0.0033946060271488956
PaySim,recomputed_from_saved_paysim_targets_priority9_stronger_n24,artifacts/priority9_v1_family/stronger_n24_targets_20260917/paysim_priority9_stronger_n24_targets.pt,3,"6328876,906683,3978738,3060762",network.9.running_mean,batchnorm_buffer,32,0.007269676454179936,8.147713621463884e-07,8.147713621463883e-05
PaySim,recomputed_from_saved_paysim_targets_priority9_stronger_n24,artifacts/priority9_v1_family/stronger_n24_targets_20260917/paysim_priority9_stronger_n24_targets.pt,3,"6328876,906683,3978738,3060762",network.9.running_var,batchnorm_buffer,32,0.023179827411601794,2.59795049662901e-06,0.000259795049662901
PaySim,recomputed_from_saved_paysim_targets_priority9_stronger_n24,artifacts/priority9_v1_family/stronger_n24_targets_20260917/paysim_priority9_stronger_n24_targets.pt,4,"1366974,6206495,1051676,6167566",network.0.weight,parameter,1664,0.0011213301397414953,5.833128960627541e-07,5.833128960627541e-05
PaySim,recomputed_from_saved_paysim_targets_priority9_stronger_n24,artifacts/priority9_v1_family/stronger_n24_targets_20260917/paysim_priority9_stronger_n24_targets.pt,4,"1366974,6206495,1051676,6167566",network.0.bias,parameter,128,2.243791949424305e-07,1.167214483758293e-10,1.167214483758293e-08
PaySim,recomputed_from_saved_paysim_targets_priority9_stronger_n24,artifacts/priority9_v1_family/stronger_n24_targets_20260917/paysim_priority9_stronger_n24_targets.pt,4,"1366974,6206495,1051676,6167566",network.1.weight,parameter,128,0.00010200083088918177,5.306055545826338e-08,5.306055545826338e-06
PaySim,recomputed_from_saved_paysim_targets_priority9_stronger_n24,artifacts/priority9_v1_family/stronger_n24_targets_20260917/paysim_priority9_stronger_n24_targets.pt,4,"1366974,6206495,1051676,6167566",network.1.bias,parameter,128,0.00010199793298262591,5.3059047975136235e-08,5.305904797513624e-06
PaySim,recomputed_from_saved_paysim_targets_priority9_stronger_n24,artifacts/priority9_v1_family/stronger_n24_targets_20260917/paysim_priority9_stronger_n24_targets.pt,4,"1366974,6206495,1051676,6167566",network.4.weight,parameter,8192,0.00652751229723794,3.3955941851923113e-06,0.0003395594185192311
PaySim,recomputed_from_saved_paysim_targets_priority9_stronger_n24,artifacts/priority9_v1_family/stronger_n24_targets_20260917/paysim_priority9_stronger_n24_targets.pt,4,"1366974,6206495,1051676,6167566",network.4.bias,parameter,64,5.048038674302296e-07,2.6259760209628227e-10,2.6259760209628228e-08
PaySim,recomputed_from_saved_paysim_targets_priority9_stronger_n24,artifacts/priority9_v1_family/stronger_n24_targets_20260917/paysim_priority9_stronger_n24_targets.pt,4,"1366974,6206495,1051676,6167566",network.5.weight,parameter,64,6.399990195049554e-05,3.3292575336539285e-08,3.3292575336539285e-06
PaySim,recomputed_from_saved_paysim_targets_priority9_stronger_n24,artifacts/priority9_v1_family/stronger_n24_targets_20260917/paysim_priority9_stronger_n24_targets.pt,4,"1366974,6206495,1051676,6167566",network.5.bias,parameter,64,6.399882056191172e-05,3.3292012801132234e-08,3.3292012801132235e-06
PaySim,recomputed_from_saved_paysim_targets_priority9_stronger_n24,artifacts/priority9_v1_family/stronger_n24_targets_20260917/paysim_priority9_stronger_n24_targets.pt,4,"1366974,6206495,1051676,6167566",network.8.weight,parameter,2048,0.0020220542264162205,1.0518671219153086e-06,0.00010518671219153085
PaySim,recomputed_from_saved_paysim_targets_priority9_stronger_n24,artifacts/priority9_v1_family/stronger_n24_targets_20260917/paysim_priority9_stronger_n24_targets.pt,4,"1366974,6206495,1051676,6167566",network.8.bias,parameter,32,2.282273051867293e-07,1.1872322488340463e-10,1.1872322488340463e-08
PaySim,recomputed_from_saved_paysim_targets_priority9_stronger_n24,artifacts/priority9_v1_family/stronger_n24_targets_20260917/paysim_priority9_stronger_n24_targets.pt,4,"1366974,6206495,1051676,6167566",network.9.weight,parameter,32,3.197787330222468e-05,1.6634802922668856e-08,1.6634802922668856e-06
PaySim,recomputed_from_saved_paysim_targets_priority9_stronger_n24,artifacts/priority9_v1_family/stronger_n24_targets_20260917/paysim_priority9_stronger_n24_targets.pt,4,"1366974,6206495,1051676,6167566",network.9.bias,parameter,32,3.197770194995984e-05,1.6634713785685634e-08,1.6634713785685634e-06
PaySim,recomputed_from_saved_paysim_targets_priority9_stronger_n24,artifacts/priority9_v1_family/stronger_n24_targets_20260917/paysim_priority9_stronger_n24_targets.pt,4,"1366974,6206495,1051676,6167566",network.12.weight,parameter,32,3.199927756138772e-05,1.6645937360206894e-08,1.6645937360206895e-06
PaySim,recomputed_from_saved_paysim_targets_priority9_stronger_n24,artifacts/priority9_v1_family/stronger_n24_targets_20260917/paysim_priority9_stronger_n24_targets.pt,4,"1366974,6206495,1051676,6167566",network.12.bias,parameter,1,9.999966025381335e-07,5.201955192374535e-10,5.201955192374536e-08
PaySim,recomputed_from_saved_paysim_targets_priority9_stronger_n24,artifacts/priority9_v1_family/stronger_n24_targets_20260917/paysim_priority9_stronger_n24_targets.pt,4,"1366974,6206495,1051676,6167566",network.1.running_mean,batchnorm_buffer,128,8.252631781198247,0.004292996659788377,0.42929966597883773
PaySim,recomputed_from_saved_paysim_targets_priority9_stronger_n24,artifacts/priority9_v1_family/stronger_n24_targets_20260917/paysim_priority9_stronger_n24_targets.pt,4,"1366974,6206495,1051676,6167566",network.1.running_var,batchnorm_buffer,128,1913.9351054457252,0.9956238485581882,99.56238485581882
PaySim,recomputed_from_saved_paysim_targets_priority9_stronger_n24,artifacts/priority9_v1_family/stronger_n24_targets_20260917/paysim_priority9_stronger_n24_targets.pt,4,"1366974,6206495,1051676,6167566",network.5.running_mean,batchnorm_buffer,64,0.015692968096079462,8.163439422090984e-06,0.0008163439422090984
PaySim,recomputed_from_saved_paysim_targets_priority9_stronger_n24,artifacts/priority9_v1_family/stronger_n24_targets_20260917/paysim_priority9_stronger_n24_targets.pt,4,"1366974,6206495,1051676,6167566",network.5.running_var,batchnorm_buffer,64,0.1034915478018541,5.3836022351306215e-05,0.005383602235130621
PaySim,recomputed_from_saved_paysim_targets_priority9_stronger_n24,artifacts/priority9_v1_family/stronger_n24_targets_20260917/paysim_priority9_stronger_n24_targets.pt,4,"1366974,6206495,1051676,6167566",network.9.running_mean,batchnorm_buffer,32,0.0064439565095280316,3.3521286911469027e-06,0.00033521286911469025
PaySim,recomputed_from_saved_paysim_targets_priority9_stronger_n24,artifacts/priority9_v1_family/stronger_n24_targets_20260917/paysim_priority9_stronger_n24_targets.pt,4,"1366974,6206495,1051676,6167566",network.9.running_var,batchnorm_buffer,32,0.024123115971075526,1.2548779472198669e-05,0.001254877947219867
PaySim,recomputed_from_saved_paysim_targets_priority9_stronger_n24,artifacts/priority9_v1_family/stronger_n24_targets_20260917/paysim_priority9_stronger_n24_targets.pt,5,"4714673,1320963,4945897,1999714",network.0.weight,parameter,1664,0.0012137771403617605,3.741776913606136e-11,3.741776913606136e-09
PaySim,recomputed_from_saved_paysim_targets_priority9_stronger_n24,artifacts/priority9_v1_family/stronger_n24_targets_20260917/paysim_priority9_stronger_n24_targets.pt,5,"4714673,1320963,4945897,1999714",network.0.bias,parameter,128,1.9922852833903666e-07,6.141726376957056e-15,6.141726376957057e-13
PaySim,recomputed_from_saved_paysim_targets_priority9_stronger_n24,artifacts/priority9_v1_family/stronger_n24_targets_20260917/paysim_priority9_stronger_n24_targets.pt,5,"4714673,1320963,4945897,1999714",network.1.weight,parameter,128,0.00011100083938231364,3.4218833456350457e-12,3.4218833456350456e-10
PaySim,recomputed_from_saved_paysim_targets_priority9_stronger_n24,artifacts/priority9_v1_family/stronger_n24_targets_20260917/paysim_priority9_stronger_n24_targets.pt,5,"4714673,1320963,4945897,1999714",network.1.bias,parameter,128,0.0001109994727089573,3.4218412144509662e-12,3.4218412144509663e-10
PaySim,recomputed_from_saved_paysim_targets_priority9_stronger_n24,artifacts/priority9_v1_family/stronger_n24_targets_20260917/paysim_priority9_stronger_n24_targets.pt,5,"4714673,1320963,4945897,1999714",network.4.weight,parameter,8192,0.006769554837867422,2.0868875484154786e-10,2.0868875484154784e-08
PaySim,recomputed_from_saved_paysim_targets_priority9_stronger_n24,artifacts/priority9_v1_family/stronger_n24_targets_20260917/paysim_priority9_stronger_n24_targets.pt,5,"4714673,1320963,4945897,1999714",network.4.bias,parameter,64,4.036273968844857e-06,1.2442841648106645e-13,1.2442841648106645e-11
PaySim,recomputed_from_saved_paysim_targets_priority9_stronger_n24,artifacts/priority9_v1_family/stronger_n24_targets_20260917/paysim_priority9_stronger_n24_targets.pt,5,"4714673,1320963,4945897,1999714",network.5.weight,parameter,64,6.100117118990056e-05,1.880516335917119e-12,1.8805163359171188e-10
PaySim,recomputed_from_saved_paysim_targets_priority9_stronger_n24,artifacts/priority9_v1_family/stronger_n24_targets_20260917/paysim_priority9_stronger_n24_targets.pt,5,"4714673,1320963,4945897,1999714",network.5.bias,parameter,64,6.098940268325406e-05,1.8801535417515907e-12,1.8801535417515907e-10
PaySim,recomputed_from_saved_paysim_targets_priority9_stronger_n24,artifacts/priority9_v1_family/stronger_n24_targets_20260917/paysim_priority9_stronger_n24_targets.pt,5,"4714673,1320963,4945897,1999714",network.8.weight,parameter,2048,0.0019464710467484991,6.000492333836145e-11,6.000492333836145e-09
PaySim,recomputed_from_saved_paysim_targets_priority9_stronger_n24,artifacts/priority9_v1_family/stronger_n24_targets_20260917/paysim_priority9_stronger_n24_targets.pt,5,"4714673,1320963,4945897,1999714",network.8.bias,parameter,32,3.451933665334084e-07,1.0641463961330844e-14,1.0641463961330843e-12
PaySim,recomputed_from_saved_paysim_targets_priority9_stronger_n24,artifacts/priority9_v1_family/stronger_n24_targets_20260917/paysim_priority9_stronger_n24_targets.pt,5,"4714673,1320963,4945897,1999714",network.9.weight,parameter,32,3.1989644476482226e-05,9.861621972950798e-13,9.861621972950798e-11
PaySim,recomputed_from_saved_paysim_targets_priority9_stronger_n24,artifacts/priority9_v1_family/stronger_n24_targets_20260917/paysim_priority9_stronger_n24_targets.pt,5,"4714673,1320963,4945897,1999714",network.9.bias,parameter,32,3.1990680079852646e-05,9.86194122404346e-13,9.86194122404346e-11
PaySim,recomputed_from_saved_paysim_targets_priority9_stronger_n24,artifacts/priority9_v1_family/stronger_n24_targets_20260917/paysim_priority9_stronger_n24_targets.pt,5,"4714673,1320963,4945897,1999714",network.12.weight,parameter,32,3.1999582555186656e-05,9.864685638612746e-13,9.864685638612747e-11
PaySim,recomputed_from_saved_paysim_targets_priority9_stronger_n24,artifacts/priority9_v1_family/stronger_n24_targets_20260917/paysim_priority9_stronger_n24_targets.pt,5,"4714673,1320963,4945897,1999714",network.12.bias,parameter,1,9.999966025381335e-07,3.082744003521556e-14,3.082744003521556e-12
PaySim,recomputed_from_saved_paysim_targets_priority9_stronger_n24,artifacts/priority9_v1_family/stronger_n24_targets_20260917/paysim_priority9_stronger_n24_targets.pt,5,"4714673,1320963,4945897,1999714",network.1.running_mean,batchnorm_buffer,128,1216.6683261872304,3.750689729653622e-05,0.0037506897296536224
PaySim,recomputed_from_saved_paysim_targets_priority9_stronger_n24,artifacts/priority9_v1_family/stronger_n24_targets_20260917/paysim_priority9_stronger_n24_targets.pt,5,"4714673,1320963,4945897,1999714",network.1.running_var,batchnorm_buffer,128,32437305.317205947,0.9999624819045453,99.99624819045452
PaySim,recomputed_from_saved_paysim_targets_priority9_stronger_n24,artifacts/priority9_v1_family/stronger_n24_targets_20260917/paysim_priority9_stronger_n24_targets.pt,5,"4714673,1320963,4945897,1999714",network.5.running_mean,batchnorm_buffer,64,0.03664433169146577,1.1296547758082332e-09,1.1296547758082332e-07
PaySim,recomputed_from_saved_paysim_targets_priority9_stronger_n24,artifacts/priority9_v1_family/stronger_n24_targets_20260917/paysim_priority9_stronger_n24_targets.pt,5,"4714673,1320963,4945897,1999714",network.5.running_var,batchnorm_buffer,64,0.2802741942464766,8.640165271183643e-09,8.640165271183643e-07
PaySim,recomputed_from_saved_paysim_targets_priority9_stronger_n24,artifacts/priority9_v1_family/stronger_n24_targets_20260917/paysim_priority9_stronger_n24_targets.pt,5,"4714673,1320963,4945897,1999714",network.9.running_mean,batchnorm_buffer,32,0.007262625272951215,2.2388890575416424e-10,2.2388890575416425e-08
PaySim,recomputed_from_saved_paysim_targets_priority9_stronger_n24,artifacts/priority9_v1_family/stronger_n24_targets_20260917/paysim_priority9_stronger_n24_targets.pt,5,"4714673,1320963,4945897,1999714",network.9.running_var,batchnorm_buffer,32,0.028695199126784532,8.846025357829023e-10,8.846025357829023e-08
PaySim,recomputed_from_saved_paysim_targets_priority9_stronger_n24,artifacts/priority9_v1_family/stronger_n24_targets_20260917/paysim_priority9_stronger_n24_targets.pt,6,"4411300,6122463,374164,2981287",network.0.weight,parameter,1664,0.0011566977044901057,6.266609305620311e-10,6.26660930562031e-08
PaySim,recomputed_from_saved_paysim_targets_priority9_stronger_n24,artifacts/priority9_v1_family/stronger_n24_targets_20260917/paysim_priority9_stronger_n24_targets.pt,6,"4411300,6122463,374164,2981287",network.0.bias,parameter,128,3.1116118618355892e-09,1.6857693910141445e-15,1.6857693910141445e-13
PaySim,recomputed_from_saved_paysim_targets_priority9_stronger_n24,artifacts/priority9_v1_family/stronger_n24_targets_20260917/paysim_priority9_stronger_n24_targets.pt,6,"4411300,6122463,374164,2981287",network.1.weight,parameter,128,0.00010599655832521648,5.742546355768353e-11,5.742546355768353e-09
PaySim,recomputed_from_saved_paysim_targets_priority9_stronger_n24,artifacts/priority9_v1_family/stronger_n24_targets_20260917/paysim_priority9_stronger_n24_targets.pt,6,"4411300,6122463,374164,2981287",network.1.bias,parameter,128,0.00010599670426360763,5.742554262232388e-11,5.742554262232388e-09
PaySim,recomputed_from_saved_paysim_targets_priority9_stronger_n24,artifacts/priority9_v1_family/stronger_n24_targets_20260917/paysim_priority9_stronger_n24_targets.pt,6,"4411300,6122463,374164,2981287",network.4.weight,parameter,8192,0.006463953029859331,3.5019580354285708e-09,3.501958035428571e-07
PaySim,recomputed_from_saved_paysim_targets_priority9_stronger_n24,artifacts/priority9_v1_family/stronger_n24_targets_20260917/paysim_priority9_stronger_n24_targets.pt,6,"4411300,6122463,374164,2981287",network.4.bias,parameter,64,5.3115599815344e-07,2.8776292265848993e-13,2.8776292265848994e-11
PaySim,recomputed_from_saved_paysim_targets_priority9_stronger_n24,artifacts/priority9_v1_family/stronger_n24_targets_20260917/paysim_priority9_stronger_n24_targets.pt,6,"4411300,6122463,374164,2981287",network.5.weight,parameter,64,6.0999264000827225e-05,3.304740330509091e-11,3.304740330509091e-09
PaySim,recomputed_from_saved_paysim_targets_priority9_stronger_n24,artifacts/priority9_v1_family/stronger_n24_targets_20260917/paysim_priority9_stronger_n24_targets.pt,6,"4411300,6122463,374164,2981287",network.5.bias,parameter,64,6.099822149807569e-05,3.304683851124559e-11,3.304683851124559e-09
PaySim,recomputed_from_saved_paysim_targets_priority9_stronger_n24,artifacts/priority9_v1_family/stronger_n24_targets_20260917/paysim_priority9_stronger_n24_targets.pt,6,"4411300,6122463,374164,2981287",network.8.weight,parameter,2048,0.001880688874227567,1.0188956331858847e-09,1.0188956331858848e-07
PaySim,recomputed_from_saved_paysim_targets_priority9_stronger_n24,artifacts/priority9_v1_family/stronger_n24_targets_20260917/paysim_priority9_stronger_n24_targets.pt,6,"4411300,6122463,374164,2981287",network.8.bias,parameter,32,3.7647438913893105e-07,2.0396149323610314e-13,2.0396149323610315e-11
PaySim,recomputed_from_saved_paysim_targets_priority9_stronger_n24,artifacts/priority9_v1_family/stronger_n24_targets_20260917/paysim_priority9_stronger_n24_targets.pt,6,"4411300,6122463,374164,2981287",network.9.weight,parameter,32,3.0968882953175125e-05,1.6777926449208536e-11,1.6777926449208537e-09
PaySim,recomputed_from_saved_paysim_targets_priority9_stronger_n24,artifacts/priority9_v1_family/stronger_n24_targets_20260917/paysim_priority9_stronger_n24_targets.pt,6,"4411300,6122463,374164,2981287",network.9.bias,parameter,32,3.09727170037322e-05,1.6780003612222338e-11,1.6780003612222337e-09
PaySim,recomputed_from_saved_paysim_targets_priority9_stronger_n24,artifacts/priority9_v1_family/stronger_n24_targets_20260917/paysim_priority9_stronger_n24_targets.pt,6,"4411300,6122463,374164,2981287",network.12.weight,parameter,32,3.099937849962416e-05,1.679444793744316e-11,1.6794447937443162e-09
PaySim,recomputed_from_saved_paysim_targets_priority9_stronger_n24,artifacts/priority9_v1_family/stronger_n24_targets_20260917/paysim_priority9_stronger_n24_targets.pt,6,"4411300,6122463,374164,2981287",network.12.bias,parameter,1,9.999966025381335e-07,5.41765406011296e-13,5.41765406011296e-11
PaySim,recomputed_from_saved_paysim_targets_priority9_stronger_n24,artifacts/priority9_v1_family/stronger_n24_targets_20260917/paysim_priority9_stronger_n24_targets.pt,6,"4411300,6122463,374164,2981287",network.1.running_mean,batchnorm_buffer,128,297.0404517538569,0.00016092678768883154,0.016092678768883154
PaySim,recomputed_from_saved_paysim_targets_priority9_stronger_n24,artifacts/priority9_v1_family/stronger_n24_targets_20260917/paysim_priority9_stronger_n24_targets.pt,6,"4411300,6122463,374164,2981287",network.1.running_var,batchnorm_buffer,128,1845513.7017807518,0.9998388768591157,99.98388768591157
PaySim,recomputed_from_saved_paysim_targets_priority9_stronger_n24,artifacts/priority9_v1_family/stronger_n24_targets_20260917/paysim_priority9_stronger_n24_targets.pt,6,"4411300,6122463,374164,2981287",network.5.running_mean,batchnorm_buffer,64,0.03030216763577911,1.6416721927406945e-08,1.6416721927406945e-06
PaySim,recomputed_from_saved_paysim_targets_priority9_stronger_n24,artifacts/priority9_v1_family/stronger_n24_targets_20260917/paysim_priority9_stronger_n24_targets.pt,6,"4411300,6122463,374164,2981287",network.5.running_var,batchnorm_buffer,64,0.2568404033380629,1.3914771814361688e-07,1.3914771814361687e-05
PaySim,recomputed_from_saved_paysim_targets_priority9_stronger_n24,artifacts/priority9_v1_family/stronger_n24_targets_20260917/paysim_priority9_stronger_n24_targets.pt,6,"4411300,6122463,374164,2981287",network.9.running_mean,batchnorm_buffer,32,0.008521431273681827,4.61663235861598e-09,4.61663235861598e-07
PaySim,recomputed_from_saved_paysim_targets_priority9_stronger_n24,artifacts/priority9_v1_family/stronger_n24_targets_20260917/paysim_priority9_stronger_n24_targets.pt,6,"4411300,6122463,374164,2981287",network.9.running_var,batchnorm_buffer,32,0.056836724320405374,3.07922756433788e-08,3.07922756433788e-06
PaySim,recomputed_from_saved_paysim_targets_priority9_stronger_n24,artifacts/priority9_v1_family/stronger_n24_targets_20260917/paysim_priority9_stronger_n24_targets.pt,7,"6355229,6339620,3456712,4184637",network.0.weight,parameter,1664,0.0006545597715509483,2.3389107474211777e-07,2.3389107474211777e-05
PaySim,recomputed_from_saved_paysim_targets_priority9_stronger_n24,artifacts/priority9_v1_family/stronger_n24_targets_20260917/paysim_priority9_stronger_n24_targets.pt,7,"6355229,6339620,3456712,4184637",network.0.bias,parameter,128,5.835910249459182e-06,2.0853211267632955e-09,2.0853211267632954e-07
PaySim,recomputed_from_saved_paysim_targets_priority9_stronger_n24,artifacts/priority9_v1_family/stronger_n24_targets_20260917/paysim_priority9_stronger_n24_targets.pt,7,"6355229,6339620,3456712,4184637",network.1.weight,parameter,128,0.00010900339237807088,3.8949721174331816e-08,3.8949721174331815e-06
PaySim,recomputed_from_saved_paysim_targets_priority9_stronger_n24,artifacts/priority9_v1_family/stronger_n24_targets_20260917/paysim_priority9_stronger_n24_targets.pt,7,"6355229,6339620,3456712,4184637",network.1.bias,parameter,128,0.00010899861457662255,3.894801394274774e-08,3.894801394274774e-06
PaySim,recomputed_from_saved_paysim_targets_priority9_stronger_n24,artifacts/priority9_v1_family/stronger_n24_targets_20260917/paysim_priority9_stronger_n24_targets.pt,7,"6355229,6339620,3456712,4184637",network.4.weight,parameter,8192,0.006648635228066165,2.375728705991308e-06,0.00023757287059913079
PaySim,recomputed_from_saved_paysim_targets_priority9_stronger_n24,artifacts/priority9_v1_family/stronger_n24_targets_20260917/paysim_priority9_stronger_n24_targets.pt,7,"6355229,6339620,3456712,4184637",network.4.bias,parameter,64,2.12114932088369e-06,7.579413155416987e-10,7.579413155416987e-08
PaySim,recomputed_from_saved_paysim_targets_priority9_stronger_n24,artifacts/priority9_v1_family/stronger_n24_targets_20260917/paysim_priority9_stronger_n24_targets.pt,7,"6355229,6339620,3456712,4184637",network.5.weight,parameter,64,6.100057514046853e-05,2.1797077516214225e-08,2.1797077516214227e-06
PaySim,recomputed_from_saved_paysim_targets_priority9_stronger_n24,artifacts/priority9_v1_family/stronger_n24_targets_20260917/paysim_priority9_stronger_n24_targets.pt,7,"6355229,6339620,3456712,4184637",network.5.bias,parameter,64,6.0999394619730776e-05,2.1796655685731956e-08,2.1796655685731958e-06
PaySim,recomputed_from_saved_paysim_targets_priority9_stronger_n24,artifacts/priority9_v1_family/stronger_n24_targets_20260917/paysim_priority9_stronger_n24_targets.pt,7,"6355229,6339620,3456712,4184637",network.8.weight,parameter,2048,0.0019437498021906056,6.945518958290479e-07,6.945518958290479e-05
PaySim,recomputed_from_saved_paysim_targets_priority9_stronger_n24,artifacts/priority9_v1_family/stronger_n24_targets_20260917/paysim_priority9_stronger_n24_targets.pt,7,"6355229,6339620,3456712,4184637",network.8.bias,parameter,32,8.124692350286455e-07,2.9031619545681943e-10,2.9031619545681944e-08
PaySim,recomputed_from_saved_paysim_targets_priority9_stronger_n24,artifacts/priority9_v1_family/stronger_n24_targets_20260917/paysim_priority9_stronger_n24_targets.pt,7,"6355229,6339620,3456712,4184637",network.9.weight,parameter,32,3.1971946153674935e-05,1.1424400295425267e-08,1.1424400295425266e-06
PaySim,recomputed_from_saved_paysim_targets_priority9_stronger_n24,artifacts/priority9_v1_family/stronger_n24_targets_20260917/paysim_priority9_stronger_n24_targets.pt,7,"6355229,6339620,3456712,4184637",network.9.bias,parameter,32,3.19809968479046e-05,1.1427634341714916e-08,1.1427634341714916e-06
PaySim,recomputed_from_saved_paysim_targets_priority9_stronger_n24,artifacts/priority9_v1_family/stronger_n24_targets_20260917/paysim_priority9_stronger_n24_targets.pt,7,"6355229,6339620,3456712,4184637",network.12.weight,parameter,32,3.199947382140498e-05,1.1434236640508419e-08,1.1434236640508419e-06
PaySim,recomputed_from_saved_paysim_targets_priority9_stronger_n24,artifacts/priority9_v1_family/stronger_n24_targets_20260917/paysim_priority9_stronger_n24_targets.pt,7,"6355229,6339620,3456712,4184637",network.12.bias,parameter,1,9.999966025381335e-07,3.5732455655183104e-10,3.57324556551831e-08
PaySim,recomputed_from_saved_paysim_targets_priority9_stronger_n24,artifacts/priority9_v1_family/stronger_n24_targets_20260917/paysim_priority9_stronger_n24_targets.pt,7,"6355229,6339620,3456712,4184637",network.1.running_mean,batchnorm_buffer,128,4.070349190454769,0.0014544406608970372,0.14544406608970373
PaySim,recomputed_from_saved_paysim_targets_priority9_stronger_n24,artifacts/priority9_v1_family/stronger_n24_targets_20260917/paysim_priority9_stronger_n24_targets.pt,7,"6355229,6339620,3456712,4184637",network.1.running_var,batchnorm_buffer,128,2794.226909466791,0.9984492835237807,99.84492835237808
PaySim,recomputed_from_saved_paysim_targets_priority9_stronger_n24,artifacts/priority9_v1_family/stronger_n24_targets_20260917/paysim_priority9_stronger_n24_targets.pt,7,"6355229,6339620,3456712,4184637",network.5.running_mean,batchnorm_buffer,64,0.029596178849359008,1.0575477412757118e-05,0.0010575477412757119
PaySim,recomputed_from_saved_paysim_targets_priority9_stronger_n24,artifacts/priority9_v1_family/stronger_n24_targets_20260917/paysim_priority9_stronger_n24_targets.pt,7,"6355229,6339620,3456712,4184637",network.5.running_var,batchnorm_buffer,64,0.19222785232388317,6.868796545328573e-05,0.006868796545328573
PaySim,recomputed_from_saved_paysim_targets_priority9_stronger_n24,artifacts/priority9_v1_family/stronger_n24_targets_20260917/paysim_priority9_stronger_n24_targets.pt,7,"6355229,6339620,3456712,4184637",network.9.running_mean,batchnorm_buffer,32,0.007352216177759348,2.627136310986492e-06,0.0002627136310986492
PaySim,recomputed_from_saved_paysim_targets_priority9_stronger_n24,artifacts/priority9_v1_family/stronger_n24_targets_20260917/paysim_priority9_stronger_n24_targets.pt,7,"6355229,6339620,3456712,4184637",network.9.running_var,batchnorm_buffer,32,0.030565374025128378,1.0921795825754684e-05,0.0010921795825754683
PaySim,recomputed_from_saved_paysim_targets_priority9_stronger_n24,artifacts/priority9_v1_family/stronger_n24_targets_20260917/paysim_priority9_stronger_n24_targets.pt,8,"4955046,6344752,5735797,1377510",network.0.weight,parameter,1664,0.0011170420912745387,3.53701411311464e-08,3.5370141131146404e-06
PaySim,recomputed_from_saved_paysim_targets_priority9_stronger_n24,artifacts/priority9_v1_family/stronger_n24_targets_20260917/paysim_priority9_stronger_n24_targets.pt,8,"4955046,6344752,5735797,1377510",network.0.bias,parameter,128,3.615838744825545e-08,1.1449230759605658e-12,1.1449230759605658e-10
PaySim,recomputed_from_saved_paysim_targets_priority9_stronger_n24,artifacts/priority9_v1_family/stronger_n24_targets_20260917/paysim_priority9_stronger_n24_targets.pt,8,"4955046,6344752,5735797,1377510",network.1.weight,parameter,128,0.00010200154611439416,3.2297879460788893e-09,3.2297879460788893e-07
PaySim,recomputed_from_saved_paysim_targets_priority9_stronger_n24,artifacts/priority9_v1_family/stronger_n24_targets_20260917/paysim_priority9_stronger_n24_targets.pt,8,"4955046,6344752,5735797,1377510",network.1.bias,parameter,128,0.00010199811686179754,3.2296793618551932e-09,3.2296793618551934e-07
PaySim,recomputed_from_saved_paysim_targets_priority9_stronger_n24,artifacts/priority9_v1_family/stronger_n24_targets_20260917/paysim_priority9_stronger_n24_targets.pt,8,"4955046,6344752,5735797,1377510",network.4.weight,parameter,8192,0.00611949936613173,1.937684872600233e-07,1.937684872600233e-05
PaySim,recomputed_from_saved_paysim_targets_priority9_stronger_n24,artifacts/priority9_v1_family/stronger_n24_targets_20260917/paysim_priority9_stronger_n24_targets.pt,8,"4955046,6344752,5735797,1377510",network.4.bias,parameter,64,1.6770409888098578e-06,5.310200655844708e-11,5.310200655844708e-09
PaySim,recomputed_from_saved_paysim_targets_priority9_stronger_n24,artifacts/priority9_v1_family/stronger_n24_targets_20260917/paysim_priority9_stronger_n24_targets.pt,8,"4955046,6344752,5735797,1377510",network.5.weight,parameter,64,5.9999766559570844e-05,1.899839072873647e-09,1.899839072873647e-07
PaySim,recomputed_from_saved_paysim_targets_priority9_stronger_n24,artifacts/priority9_v1_family/stronger_n24_targets_20260917/paysim_priority9_stronger_n24_targets.pt,8,"4955046,6344752,5735797,1377510",network.5.bias,parameter,64,5.999875031973182e-05,1.8998068945458917e-09,1.8998068945458916e-07
PaySim,recomputed_from_saved_paysim_targets_priority9_stronger_n24,artifacts/priority9_v1_family/stronger_n24_targets_20260917/paysim_priority9_stronger_n24_targets.pt,8,"4955046,6344752,5735797,1377510",network.8.weight,parameter,2048,0.0019127159302107966,6.05644432951995e-08,6.05644432951995e-06
PaySim,recomputed_from_saved_paysim_targets_priority9_stronger_n24,artifacts/priority9_v1_family/stronger_n24_targets_20260917/paysim_priority9_stronger_n24_targets.pt,8,"4955046,6344752,5735797,1377510",network.8.bias,parameter,32,4.1356610513466376e-07,1.3095201711675205e-11,1.3095201711675205e-09
PaySim,recomputed_from_saved_paysim_targets_priority9_stronger_n24,artifacts/priority9_v1_family/stronger_n24_targets_20260917/paysim_priority9_stronger_n24_targets.pt,8,"4955046,6344752,5735797,1377510",network.9.weight,parameter,32,3.199560102729038e-05,1.0131121582176575e-09,1.0131121582176575e-07
PaySim,recomputed_from_saved_paysim_targets_priority9_stronger_n24,artifacts/priority9_v1_family/stronger_n24_targets_20260917/paysim_priority9_stronger_n24_targets.pt,8,"4955046,6344752,5735797,1377510",network.9.bias,parameter,32,3.199686677538005e-05,1.0131522370015441e-09,1.0131522370015441e-07
PaySim,recomputed_from_saved_paysim_targets_priority9_stronger_n24,artifacts/priority9_v1_family/stronger_n24_targets_20260917/paysim_priority9_stronger_n24_targets.pt,8,"4955046,6344752,5735797,1377510",network.12.weight,parameter,32,3.199984844152364e-05,1.0132466487995671e-09,1.0132466487995671e-07
PaySim,recomputed_from_saved_paysim_targets_priority9_stronger_n24,artifacts/priority9_v1_family/stronger_n24_targets_20260917/paysim_priority9_stronger_n24_targets.pt,8,"4955046,6344752,5735797,1377510",network.12.bias,parameter,1,9.999966025381335e-07,3.166400016501053e-11,3.166400016501053e-09
PaySim,recomputed_from_saved_paysim_targets_priority9_stronger_n24,artifacts/priority9_v1_family/stronger_n24_targets_20260917/paysim_priority9_stronger_n24_targets.pt,8,"4955046,6344752,5735797,1377510",network.1.running_mean,batchnorm_buffer,128,27.465801759331903,0.0008696801061446285,0.08696801061446285
PaySim,recomputed_from_saved_paysim_targets_priority9_stronger_n24,artifacts/priority9_v1_family/stronger_n24_targets_20260917/paysim_priority9_stronger_n24_targets.pt,8,"4955046,6344752,5735797,1377510",network.1.running_var,batchnorm_buffer,128,31553.822539038003,0.9991236365672674,99.91236365672674
PaySim,recomputed_from_saved_paysim_targets_priority9_stronger_n24,artifacts/priority9_v1_family/stronger_n24_targets_20260917/paysim_priority9_stronger_n24_targets.pt,8,"4955046,6344752,5735797,1377510",network.5.running_mean,batchnorm_buffer,64,0.022342347832495044,7.074505089909725e-07,7.074505089909725e-05
PaySim,recomputed_from_saved_paysim_targets_priority9_stronger_n24,artifacts/priority9_v1_family/stronger_n24_targets_20260917/paysim_priority9_stronger_n24_targets.pt,8,"4955046,6344752,5735797,1377510",network.5.running_var,batchnorm_buffer,64,0.083435006750056,2.6418950432390924e-06,0.00026418950432390925
PaySim,recomputed_from_saved_paysim_targets_priority9_stronger_n24,artifacts/priority9_v1_family/stronger_n24_targets_20260917/paysim_priority9_stronger_n24_targets.pt,8,"4955046,6344752,5735797,1377510",network.9.running_mean,batchnorm_buffer,32,0.006685740791746054,2.1169801676900387e-07,2.1169801676900387e-05
PaySim,recomputed_from_saved_paysim_targets_priority9_stronger_n24,artifacts/priority9_v1_family/stronger_n24_targets_20260917/paysim_priority9_stronger_n24_targets.pt,8,"4955046,6344752,5735797,1377510",network.9.running_var,batchnorm_buffer,32,0.08903400468059863,2.8191823169624398e-06,0.000281918231696244
PaySim,recomputed_from_saved_paysim_targets_priority9_stronger_n24,artifacts/priority9_v1_family/stronger_n24_targets_20260917/paysim_priority9_stronger_n24_targets.pt,9,"3530110,1553015,1008419,6064976",network.0.weight,parameter,1664,0.001070917289922205,1.0368318387855605e-11,1.0368318387855605e-09
PaySim,recomputed_from_saved_paysim_targets_priority9_stronger_n24,artifacts/priority9_v1_family/stronger_n24_targets_20260917/paysim_priority9_stronger_n24_targets.pt,9,"3530110,1553015,1008419,6064976",network.0.bias,parameter,128,7.381444365461842e-09,7.146505716506901e-17,7.146505716506901e-15
PaySim,recomputed_from_saved_paysim_targets_priority9_stronger_n24,artifacts/priority9_v1_family/stronger_n24_targets_20260917/paysim_priority9_stronger_n24_targets.pt,9,"3530110,1553015,1008419,6064976",network.1.weight,parameter,128,0.00010700332465773954,1.0359759330163748e-12,1.0359759330163748e-10
PaySim,recomputed_from_saved_paysim_targets_priority9_stronger_n24,artifacts/priority9_v1_family/stronger_n24_targets_20260917/paysim_priority9_stronger_n24_targets.pt,9,"3530110,1553015,1008419,6064976",network.1.bias,parameter,128,0.00010699954310834868,1.0359393211244455e-12,1.0359393211244455e-10
PaySim,recomputed_from_saved_paysim_targets_priority9_stronger_n24,artifacts/priority9_v1_family/stronger_n24_targets_20260917/paysim_priority9_stronger_n24_targets.pt,9,"3530110,1553015,1008419,6064976",network.4.weight,parameter,8192,0.006312786496420012,6.111861385130209e-11,6.111861385130209e-09
PaySim,recomputed_from_saved_paysim_targets_priority9_stronger_n24,artifacts/priority9_v1_family/stronger_n24_targets_20260917/paysim_priority9_stronger_n24_targets.pt,9,"3530110,1553015,1008419,6064976",network.4.bias,parameter,64,3.3594304500331407e-06,3.2525055702790016e-14,3.2525055702790017e-12
PaySim,recomputed_from_saved_paysim_targets_priority9_stronger_n24,artifacts/priority9_v1_family/stronger_n24_targets_20260917/paysim_priority9_stronger_n24_targets.pt,9,"3530110,1553015,1008419,6064976",network.5.weight,parameter,64,5.900134188507877e-05,5.712343088789392e-13,5.712343088789392e-11
PaySim,recomputed_from_saved_paysim_targets_priority9_stronger_n24,artifacts/priority9_v1_family/stronger_n24_targets_20260917/paysim_priority9_stronger_n24_targets.pt,9,"3530110,1553015,1008419,6064976",network.5.bias,parameter,64,5.8999505271226885e-05,5.712165273029471e-13,5.7121652730294714e-11
PaySim,recomputed_from_saved_paysim_targets_priority9_stronger_n24,artifacts/priority9_v1_family/stronger_n24_targets_20260917/paysim_priority9_stronger_n24_targets.pt,9,"3530110,1553015,1008419,6064976",network.8.weight,parameter,2048,0.001881027563186033,1.8211576986362538e-11,1.8211576986362538e-09
PaySim,recomputed_from_saved_paysim_targets_priority9_stronger_n24,artifacts/priority9_v1_family/stronger_n24_targets_20260917/paysim_priority9_stronger_n24_targets.pt,9,"3530110,1553015,1008419,6064976",network.8.bias,parameter,32,1.4180249368030487e-06,1.3728916476603785e-14,1.3728916476603786e-12
PaySim,recomputed_from_saved_paysim_targets_priority9_stronger_n24,artifacts/priority9_v1_family/stronger_n24_targets_20260917/paysim_priority9_stronger_n24_targets.pt,9,"3530110,1553015,1008419,6064976",network.9.weight,parameter,32,3.19745496177859e-05,3.0956854825789e-13,3.0956854825789e-11
PaySim,recomputed_from_saved_paysim_targets_priority9_stronger_n24,artifacts/priority9_v1_family/stronger_n24_targets_20260917/paysim_priority9_stronger_n24_targets.pt,9,"3530110,1553015,1008419,6064976",network.9.bias,parameter,32,3.198048193323727e-05,3.096259832586654e-13,3.096259832586654e-11
PaySim,recomputed_from_saved_paysim_targets_priority9_stronger_n24,artifacts/priority9_v1_family/stronger_n24_targets_20260917/paysim_priority9_stronger_n24_targets.pt,9,"3530110,1553015,1008419,6064976",network.12.weight,parameter,32,3.199926801858282e-05,3.0980786482501704e-13,3.09807864825017e-11
PaySim,recomputed_from_saved_paysim_targets_priority9_stronger_n24,artifacts/priority9_v1_family/stronger_n24_targets_20260917/paysim_priority9_stronger_n24_targets.pt,9,"3530110,1553015,1008419,6064976",network.12.bias,parameter,1,9.999966025381335e-07,9.68168434617621e-15,9.681684346176211e-13
PaySim,recomputed_from_saved_paysim_targets_priority9_stronger_n24,artifacts/priority9_v1_family/stronger_n24_targets_20260917/paysim_priority9_stronger_n24_targets.pt,9,"3530110,1553015,1008419,6064976",network.1.running_mean,batchnorm_buffer,128,2177.3728621294476,2.108070837597039e-05,0.002108070837597039
PaySim,recomputed_from_saved_paysim_targets_priority9_stronger_n24,artifacts/priority9_v1_family/stronger_n24_targets_20260917/paysim_priority9_stronger_n24_targets.pt,9,"3530110,1553015,1008419,6064976",network.1.running_var,batchnorm_buffer,128,103285284.1173323,0.9999789158193723,99.99789158193722
PaySim,recomputed_from_saved_paysim_targets_priority9_stronger_n24,artifacts/priority9_v1_family/stronger_n24_targets_20260917/paysim_priority9_stronger_n24_targets.pt,9,"3530110,1553015,1008419,6064976",network.5.running_mean,batchnorm_buffer,64,0.028276587607064238,2.7376592570788697e-10,2.7376592570788696e-08
PaySim,recomputed_from_saved_paysim_targets_priority9_stronger_n24,artifacts/priority9_v1_family/stronger_n24_targets_20260917/paysim_priority9_stronger_n24_targets.pt,9,"3530110,1553015,1008419,6064976",network.5.running_var,batchnorm_buffer,64,0.25436369261002656,2.4626773478304504e-09,2.4626773478304504e-07
PaySim,recomputed_from_saved_paysim_targets_priority9_stronger_n24,artifacts/priority9_v1_family/stronger_n24_targets_20260917/paysim_priority9_stronger_n24_targets.pt,9,"3530110,1553015,1008419,6064976",network.9.running_mean,batchnorm_buffer,32,0.006756979620512235,6.541916607846707e-11,6.541916607846706e-09
PaySim,recomputed_from_saved_paysim_targets_priority9_stronger_n24,artifacts/priority9_v1_family/stronger_n24_targets_20260917/paysim_priority9_stronger_n24_targets.pt,9,"3530110,1553015,1008419,6064976",network.9.running_var,batchnorm_buffer,32,0.059544338023247434,5.764914439507967e-10,5.7649144395079674e-08
PaySim,recomputed_from_saved_paysim_targets_priority9_stronger_n24,artifacts/priority9_v1_family/stronger_n24_targets_20260917/paysim_priority9_stronger_n24_targets.pt,10,"4733207,5262958,6296643,1483194",network.0.weight,parameter,1664,0.001060112247246025,1.0762136489639298e-07,1.0762136489639298e-05
PaySim,recomputed_from_saved_paysim_targets_priority9_stronger_n24,artifacts/priority9_v1_family/stronger_n24_targets_20260917/paysim_priority9_stronger_n24_targets.pt,10,"4733207,5262958,6296643,1483194",network.0.bias,parameter,128,1.216507480757134e-07,1.2349842747866263e-11,1.2349842747866262e-09
PaySim,recomputed_from_saved_paysim_targets_priority9_stronger_n24,artifacts/priority9_v1_family/stronger_n24_targets_20260917/paysim_priority9_stronger_n24_targets.pt,10,"4733207,5262958,6296643,1483194",network.1.weight,parameter,128,0.00010700284791909098,1.0862804925393163e-08,1.0862804925393163e-06
PaySim,recomputed_from_saved_paysim_targets_priority9_stronger_n24,artifacts/priority9_v1_family/stronger_n24_targets_20260917/paysim_priority9_stronger_n24_targets.pt,10,"4733207,5262958,6296643,1483194",network.1.bias,parameter,128,0.00010699889538155374,1.0862403668369986e-08,1.0862403668369985e-06
PaySim,recomputed_from_saved_paysim_targets_priority9_stronger_n24,artifacts/priority9_v1_family/stronger_n24_targets_20260917/paysim_priority9_stronger_n24_targets.pt,10,"4733207,5262958,6296643,1483194",network.4.weight,parameter,8192,0.006417599370177578,6.515072393239278e-07,6.515072393239278e-05
PaySim,recomputed_from_saved_paysim_targets_priority9_stronger_n24,artifacts/priority9_v1_family/stronger_n24_targets_20260917/paysim_priority9_stronger_n24_targets.pt,10,"4733207,5262958,6296643,1483194",network.4.bias,parameter,64,1.588734964886164e-06,1.6128652963292425e-10,1.6128652963292425e-08
PaySim,recomputed_from_saved_paysim_targets_priority9_stronger_n24,artifacts/priority9_v1_family/stronger_n24_targets_20260917/paysim_priority9_stronger_n24_targets.pt,10,"4733207,5262958,6296643,1483194",network.5.weight,parameter,64,6.000119692473049e-05,6.091251870008961e-09,6.091251870008961e-07
PaySim,recomputed_from_saved_paysim_targets_priority9_stronger_n24,artifacts/priority9_v1_family/stronger_n24_targets_20260917/paysim_priority9_stronger_n24_targets.pt,10,"4733207,5262958,6296643,1483194",network.5.bias,parameter,64,5.9999553312979466e-05,6.091085012451693e-09,6.091085012451693e-07
PaySim,recomputed_from_saved_paysim_targets_priority9_stronger_n24,artifacts/priority9_v1_family/stronger_n24_targets_20260917/paysim_priority9_stronger_n24_targets.pt,10,"4733207,5262958,6296643,1483194",network.8.weight,parameter,2048,0.0018524550045851199,1.8805908197034277e-07,1.8805908197034278e-05
PaySim,recomputed_from_saved_paysim_targets_priority9_stronger_n24,artifacts/priority9_v1_family/stronger_n24_targets_20260917/paysim_priority9_stronger_n24_targets.pt,10,"4733207,5262958,6296643,1483194",network.8.bias,parameter,32,1.789533020744383e-06,1.8167131520270035e-10,1.8167131520270035e-08
PaySim,recomputed_from_saved_paysim_targets_priority9_stronger_n24,artifacts/priority9_v1_family/stronger_n24_targets_20260917/paysim_priority9_stronger_n24_targets.pt,10,"4733207,5262958,6296643,1483194",network.9.weight,parameter,32,3.098490958919342e-05,3.1455520581363933e-09,3.145552058136393e-07
PaySim,recomputed_from_saved_paysim_targets_priority9_stronger_n24,artifacts/priority9_v1_family/stronger_n24_targets_20260917/paysim_priority9_stronger_n24_targets.pt,10,"4733207,5262958,6296643,1483194",network.9.bias,parameter,32,3.099190607256611e-05,3.146262333007757e-09,3.146262333007757e-07
PaySim,recomputed_from_saved_paysim_targets_priority9_stronger_n24,artifacts/priority9_v1_family/stronger_n24_targets_20260917/paysim_priority9_stronger_n24_targets.pt,10,"4733207,5262958,6296643,1483194",network.12.weight,parameter,32,3.099963437731471e-05,3.1470469015357973e-09,3.147046901535797e-07
PaySim,recomputed_from_saved_paysim_targets_priority9_stronger_n24,artifacts/priority9_v1_family/stronger_n24_targets_20260917/paysim_priority9_stronger_n24_targets.pt,10,"4733207,5262958,6296643,1483194",network.12.bias,parameter,1,9.999966025381335e-07,1.0151849442027399e-10,1.01518494420274e-08
PaySim,recomputed_from_saved_paysim_targets_priority9_stronger_n24,artifacts/priority9_v1_family/stronger_n24_targets_20260917/paysim_priority9_stronger_n24_targets.pt,10,"4733207,5262958,6296643,1483194",network.1.running_mean,batchnorm_buffer,128,31.959161158045767,0.00324445694661846,0.324445694661846
PaySim,recomputed_from_saved_paysim_targets_priority9_stronger_n24,artifacts/priority9_v1_family/stronger_n24_targets_20260917/paysim_priority9_stronger_n24_targets.pt,10,"4733207,5262958,6296643,1483194",network.1.running_var,batchnorm_buffer,128,9817.947841104073,0.9967066693985663,99.67066693985663
PaySim,recomputed_from_saved_paysim_targets_priority9_stronger_n24,artifacts/priority9_v1_family/stronger_n24_targets_20260917/paysim_priority9_stronger_n24_targets.pt,10,"4733207,5262958,6296643,1483194",network.5.running_mean,batchnorm_buffer,64,0.03479835372389081,3.532688480527929e-06,0.0003532688480527929
PaySim,recomputed_from_saved_paysim_targets_priority9_stronger_n24,artifacts/priority9_v1_family/stronger_n24_targets_20260917/paysim_priority9_stronger_n24_targets.pt,10,"4733207,5262958,6296643,1483194",network.5.running_var,batchnorm_buffer,64,0.39515572260260856,4.0115750311904185e-05,0.004011575031190418
PaySim,recomputed_from_saved_paysim_targets_priority9_stronger_n24,artifacts/priority9_v1_family/stronger_n24_targets_20260917/paysim_priority9_stronger_n24_targets.pt,10,"4733207,5262958,6296643,1483194",network.9.running_mean,batchnorm_buffer,32,0.005967599866784863,6.058238120419262e-07,6.058238120419262e-05
PaySim,recomputed_from_saved_paysim_targets_priority9_stronger_n24,artifacts/priority9_v1_family/stronger_n24_targets_20260917/paysim_priority9_stronger_n24_targets.pt,10,"4733207,5262958,6296643,1483194",network.9.running_var,batchnorm_buffer,32,0.035741162092074896,3.628401291773439e-06,0.0003628401291773439
PaySim,recomputed_from_saved_paysim_targets_priority9_stronger_n24,artifacts/priority9_v1_family/stronger_n24_targets_20260917/paysim_priority9_stronger_n24_targets.pt,11,"6148834,805348,3706553,576023",network.0.weight,parameter,1664,0.0012220161004245387,5.62687893409366e-07,5.62687893409366e-05
PaySim,recomputed_from_saved_paysim_targets_priority9_stronger_n24,artifacts/priority9_v1_family/stronger_n24_targets_20260917/paysim_priority9_stronger_n24_targets.pt,11,"6148834,805348,3706553,576023",network.0.bias,parameter,128,3.7908399929537095e-08,1.74552509508349e-11,1.74552509508349e-09
PaySim,recomputed_from_saved_paysim_targets_priority9_stronger_n24,artifacts/priority9_v1_family/stronger_n24_targets_20260917/paysim_priority9_stronger_n24_targets.pt,11,"6148834,805348,3706553,576023",network.1.weight,parameter,128,0.0001119719415498821,5.155844991712569e-08,5.155844991712569e-06
PaySim,recomputed_from_saved_paysim_targets_priority9_stronger_n24,artifacts/priority9_v1_family/stronger_n24_targets_20260917/paysim_priority9_stronger_n24_targets.pt,11,"6148834,805348,3706553,576023",network.1.bias,parameter,128,0.00011195896361077074,5.155247411270149e-08,5.155247411270149e-06
PaySim,recomputed_from_saved_paysim_targets_priority9_stronger_n24,artifacts/priority9_v1_family/stronger_n24_targets_20260917/paysim_priority9_stronger_n24_targets.pt,11,"6148834,805348,3706553,576023",network.4.weight,parameter,8192,0.0070531567401907,3.2476870858290715e-06,0.00032476870858290716
PaySim,recomputed_from_saved_paysim_targets_priority9_stronger_n24,artifacts/priority9_v1_family/stronger_n24_targets_20260917/paysim_priority9_stronger_n24_targets.pt,11,"6148834,805348,3706553,576023",network.4.bias,parameter,64,2.722632018463449e-07,1.25365948490029e-10,1.2536594849002899e-08
PaySim,recomputed_from_saved_paysim_targets_priority9_stronger_n24,artifacts/priority9_v1_family/stronger_n24_targets_20260917/paysim_priority9_stronger_n24_targets.pt,11,"6148834,805348,3706553,576023",network.5.weight,parameter,64,6.299885475513634e-05,2.9008368103378597e-08,2.9008368103378596e-06
PaySim,recomputed_from_saved_paysim_targets_priority9_stronger_n24,artifacts/priority9_v1_family/stronger_n24_targets_20260917/paysim_priority9_stronger_n24_targets.pt,11,"6148834,805348,3706553,576023",network.5.bias,parameter,64,6.299775836896645e-05,2.9007863262874382e-08,2.900786326287438e-06
PaySim,recomputed_from_saved_paysim_targets_priority9_stronger_n24,artifacts/priority9_v1_family/stronger_n24_targets_20260917/paysim_priority9_stronger_n24_targets.pt,11,"6148834,805348,3706553,576023",network.8.weight,parameter,2048,0.0019463175632140565,8.96198772806755e-07,8.96198772806755e-05
PaySim,recomputed_from_saved_paysim_targets_priority9_stronger_n24,artifacts/priority9_v1_family/stronger_n24_targets_20260917/paysim_priority9_stronger_n24_targets.pt,11,"6148834,805348,3706553,576023",network.8.bias,parameter,32,1.3934283385474977e-07,6.41616142505662e-11,6.4161614250566204e-09
PaySim,recomputed_from_saved_paysim_targets_priority9_stronger_n24,artifacts/priority9_v1_family/stronger_n24_targets_20260917/paysim_priority9_stronger_n24_targets.pt,11,"6148834,805348,3706553,576023",network.9.weight,parameter,32,3.09586987512489e-05,1.4255200874181224e-08,1.4255200874181224e-06
PaySim,recomputed_from_saved_paysim_targets_priority9_stronger_n24,artifacts/priority9_v1_family/stronger_n24_targets_20260917/paysim_priority9_stronger_n24_targets.pt,11,"6148834,805348,3706553,576023",network.9.bias,parameter,32,3.0984562507532266e-05,1.4267110064685084e-08,1.4267110064685085e-06
PaySim,recomputed_from_saved_paysim_targets_priority9_stronger_n24,artifacts/priority9_v1_family/stronger_n24_targets_20260917/paysim_priority9_stronger_n24_targets.pt,11,"6148834,805348,3706553,576023",network.12.weight,parameter,32,3.0998436913440774e-05,1.4273498655007463e-08,1.4273498655007462e-06
PaySim,recomputed_from_saved_paysim_targets_priority9_stronger_n24,artifacts/priority9_v1_family/stronger_n24_targets_20260917/paysim_priority9_stronger_n24_targets.pt,11,"6148834,805348,3706553,576023",network.12.bias,parameter,1,9.999966025381335e-07,4.6045709340754473e-10,4.604570934075447e-08
PaySim,recomputed_from_saved_paysim_targets_priority9_stronger_n24,artifacts/priority9_v1_family/stronger_n24_targets_20260917/paysim_priority9_stronger_n24_targets.pt,11,"6148834,805348,3706553,576023",network.1.running_mean,batchnorm_buffer,128,0.6727483161010193,0.00030977278666792545,0.030977278666792545
PaySim,recomputed_from_saved_paysim_targets_priority9_stronger_n24,artifacts/priority9_v1_family/stronger_n24_targets_20260917/paysim_priority9_stronger_n24_targets.pt,11,"6148834,805348,3706553,576023",network.1.running_var,batchnorm_buffer,128,2170.8628550990175,0.9995925965230262,99.95925965230262
PaySim,recomputed_from_saved_paysim_targets_priority9_stronger_n24,artifacts/priority9_v1_family/stronger_n24_targets_20260917/paysim_priority9_stronger_n24_targets.pt,11,"6148834,805348,3706553,576023",network.5.running_mean,batchnorm_buffer,64,0.023816807165902197,1.096665506065168e-05,0.001096665506065168
PaySim,recomputed_from_saved_paysim_targets_priority9_stronger_n24,artifacts/priority9_v1_family/stronger_n24_targets_20260917/paysim_priority9_stronger_n24_targets.pt,11,"6148834,805348,3706553,576023",network.5.running_var,batchnorm_buffer,64,0.12658158499903838,5.828558673063556e-05,0.0058285586730635565
PaySim,recomputed_from_saved_paysim_targets_priority9_stronger_n24,artifacts/priority9_v1_family/stronger_n24_targets_20260917/paysim_priority9_stronger_n24_targets.pt,11,"6148834,805348,3706553,576023",network.9.running_mean,batchnorm_buffer,32,0.007809960876437129,3.5961641026212855e-06,0.00035961641026212857
PaySim,recomputed_from_saved_paysim_targets_priority9_stronger_n24,artifacts/priority9_v1_family/stronger_n24_targets_20260917/paysim_priority9_stronger_n24_targets.pt,11,"6148834,805348,3706553,576023",network.9.running_var,batchnorm_buffer,32,0.04315505837113687,1.9871120254779923e-05,0.001987112025477992
PaySim,recomputed_from_saved_paysim_targets_priority9_stronger_n24,artifacts/priority9_v1_family/stronger_n24_targets_20260917/paysim_priority9_stronger_n24_targets.pt,12,"470464,3769242,3746469,3693044",network.0.weight,parameter,1664,0.0008182846504396214,3.187944049848631e-07,3.187944049848631e-05
PaySim,recomputed_from_saved_paysim_targets_priority9_stronger_n24,artifacts/priority9_v1_family/stronger_n24_targets_20260917/paysim_priority9_stronger_n24_targets.pt,12,"470464,3769242,3746469,3693044",network.0.bias,parameter,128,1.1851533447239729e-06,4.6172228104745246e-10,4.6172228104745244e-08
PaySim,recomputed_from_saved_paysim_targets_priority9_stronger_n24,artifacts/priority9_v1_family/stronger_n24_targets_20260917/paysim_priority9_stronger_n24_targets.pt,12,"470464,3769242,3746469,3693044",network.1.weight,parameter,128,0.00011700342485099213,4.5583205289899826e-08,4.5583205289899824e-06
PaySim,recomputed_from_saved_paysim_targets_priority9_stronger_n24,artifacts/priority9_v1_family/stronger_n24_targets_20260917/paysim_priority9_stronger_n24_targets.pt,12,"470464,3769242,3746469,3693044",network.1.bias,parameter,128,0.00011699859250677259,4.5581322663482085e-08,4.558132266348209e-06
PaySim,recomputed_from_saved_paysim_targets_priority9_stronger_n24,artifacts/priority9_v1_family/stronger_n24_targets_20260917/paysim_priority9_stronger_n24_targets.pt,12,"470464,3769242,3746469,3693044",network.4.weight,parameter,8192,0.007136585316362987,2.780332575383585e-06,0.00027803325753835854
PaySim,recomputed_from_saved_paysim_targets_priority9_stronger_n24,artifacts/priority9_v1_family/stronger_n24_targets_20260917/paysim_priority9_stronger_n24_targets.pt,12,"470464,3769242,3746469,3693044",network.4.bias,parameter,64,2.386573956299006e-06,9.297821044815642e-10,9.297821044815642e-08
PaySim,recomputed_from_saved_paysim_targets_priority9_stronger_n24,artifacts/priority9_v1_family/stronger_n24_targets_20260917/paysim_priority9_stronger_n24_targets.pt,12,"470464,3769242,3746469,3693044",network.5.weight,parameter,64,6.100140960541012e-05,2.3765456272394733e-08,2.376545627239473e-06
PaySim,recomputed_from_saved_paysim_targets_priority9_stronger_n24,artifacts/priority9_v1_family/stronger_n24_targets_20260917/paysim_priority9_stronger_n24_targets.pt,12,"470464,3769242,3746469,3693044",network.5.bias,parameter,64,6.099948170664208e-05,2.3764705184933544e-08,2.3764705184933544e-06
PaySim,recomputed_from_saved_paysim_targets_priority9_stronger_n24,artifacts/priority9_v1_family/stronger_n24_targets_20260917/paysim_priority9_stronger_n24_targets.pt,12,"470464,3769242,3746469,3693044",network.8.weight,parameter,2048,0.0018791896833303423,7.321109550681882e-07,7.321109550681883e-05
PaySim,recomputed_from_saved_paysim_targets_priority9_stronger_n24,artifacts/priority9_v1_family/stronger_n24_targets_20260917/paysim_priority9_stronger_n24_targets.pt,12,"470464,3769242,3746469,3693044",network.8.bias,parameter,32,5.782660229512737e-07,2.252858740667737e-10,2.252858740667737e-08
PaySim,recomputed_from_saved_paysim_targets_priority9_stronger_n24,artifacts/priority9_v1_family/stronger_n24_targets_20260917/paysim_priority9_stronger_n24_targets.pt,12,"470464,3769242,3746469,3693044",network.9.weight,parameter,32,3.097599046242294e-05,1.2067894030493681e-08,1.206789403049368e-06
PaySim,recomputed_from_saved_paysim_targets_priority9_stronger_n24,artifacts/priority9_v1_family/stronger_n24_targets_20260917/paysim_priority9_stronger_n24_targets.pt,12,"470464,3769242,3746469,3693044",network.9.bias,parameter,32,3.097535567661569e-05,1.2067646725153655e-08,1.2067646725153655e-06
PaySim,recomputed_from_saved_paysim_targets_priority9_stronger_n24,artifacts/priority9_v1_family/stronger_n24_targets_20260917/paysim_priority9_stronger_n24_targets.pt,12,"470464,3769242,3746469,3693044",network.12.weight,parameter,32,3.099926302389183e-05,1.2076960756090896e-08,1.2076960756090897e-06
PaySim,recomputed_from_saved_paysim_targets_priority9_stronger_n24,artifacts/priority9_v1_family/stronger_n24_targets_20260917/paysim_priority9_stronger_n24_targets.pt,12,"470464,3769242,3746469,3693044",network.12.bias,parameter,1,9.999966025381335e-07,3.8958731747168663e-10,3.8958731747168665e-08
PaySim,recomputed_from_saved_paysim_targets_priority9_stronger_n24,artifacts/priority9_v1_family/stronger_n24_targets_20260917/paysim_priority9_stronger_n24_targets.pt,12,"470464,3769242,3746469,3693044",network.1.running_mean,batchnorm_buffer,128,5.272204685444425,0.002053991058920248,0.20539910589202479
PaySim,recomputed_from_saved_paysim_targets_priority9_stronger_n24,artifacts/priority9_v1_family/stronger_n24_targets_20260917/paysim_priority9_stronger_n24_targets.pt,12,"470464,3769242,3746469,3693044",network.1.running_var,batchnorm_buffer,128,2560.611881286737,0.997585303174655,99.7585303174655
PaySim,recomputed_from_saved_paysim_targets_priority9_stronger_n24,artifacts/priority9_v1_family/stronger_n24_targets_20260917/paysim_priority9_stronger_n24_targets.pt,12,"470464,3769242,3746469,3693044",network.5.running_mean,batchnorm_buffer,64,0.04912357977485929,1.9137988689680605e-05,0.0019137988689680605
PaySim,recomputed_from_saved_paysim_targets_priority9_stronger_n24,artifacts/priority9_v1_family/stronger_n24_targets_20260917/paysim_priority9_stronger_n24_targets.pt,12,"470464,3769242,3746469,3693044",network.5.running_var,batchnorm_buffer,64,0.8325171377504825,0.00032433922037555015,0.03243392203755502
PaySim,recomputed_from_saved_paysim_targets_priority9_stronger_n24,artifacts/priority9_v1_family/stronger_n24_targets_20260917/paysim_priority9_stronger_n24_targets.pt,12,"470464,3769242,3746469,3693044",network.9.running_mean,batchnorm_buffer,32,0.007828739309814585,3.049987909113422e-06,0.0003049987909113422
PaySim,recomputed_from_saved_paysim_targets_priority9_stronger_n24,artifacts/priority9_v1_family/stronger_n24_targets_20260917/paysim_priority9_stronger_n24_targets.pt,12,"470464,3769242,3746469,3693044",network.9.running_var,batchnorm_buffer,32,0.026105529971780284,1.0170417946489736e-05,0.0010170417946489736
PaySim,recomputed_from_saved_paysim_targets_priority9_stronger_n24,artifacts/priority9_v1_family/stronger_n24_targets_20260917/paysim_priority9_stronger_n24_targets.pt,13,"3952278,4870421,6358038,3059749",network.0.weight,parameter,1664,0.0013788005455558337,5.441120373601939e-07,5.441120373601939e-05
PaySim,recomputed_from_saved_paysim_targets_priority9_stronger_n24,artifacts/priority9_v1_family/stronger_n24_targets_20260917/paysim_priority9_stronger_n24_targets.pt,13,"3952278,4870421,6358038,3059749",network.0.bias,parameter,128,3.548441688573656e-08,1.4003111928312434e-11,1.4003111928312434e-09
PaySim,recomputed_from_saved_paysim_targets_priority9_stronger_n24,artifacts/priority9_v1_family/stronger_n24_targets_20260917/paysim_priority9_stronger_n24_targets.pt,13,"3952278,4870421,6358038,3059749",network.1.weight,parameter,128,0.00011499002011561288,4.537817621472806e-08,4.5378176214728064e-06
PaySim,recomputed_from_saved_paysim_targets_priority9_stronger_n24,artifacts/priority9_v1_family/stronger_n24_targets_20260917/paysim_priority9_stronger_n24_targets.pt,13,"3952278,4870421,6358038,3059749",network.1.bias,parameter,128,0.00011499367766664936,4.537961958342459e-08,4.537961958342459e-06
PaySim,recomputed_from_saved_paysim_targets_priority9_stronger_n24,artifacts/priority9_v1_family/stronger_n24_targets_20260917/paysim_priority9_stronger_n24_targets.pt,13,"3952278,4870421,6358038,3059749",network.4.weight,parameter,8192,0.006427560543409032,2.5364894681851297e-06,0.00025364894681851295
PaySim,recomputed_from_saved_paysim_targets_priority9_stronger_n24,artifacts/priority9_v1_family/stronger_n24_targets_20260917/paysim_priority9_stronger_n24_targets.pt,13,"3952278,4870421,6358038,3059749",network.4.bias,parameter,64,2.6824612564797063e-07,1.0585718609609114e-10,1.0585718609609115e-08
PaySim,recomputed_from_saved_paysim_targets_priority9_stronger_n24,artifacts/priority9_v1_family/stronger_n24_targets_20260917/paysim_priority9_stronger_n24_targets.pt,13,"3952278,4870421,6358038,3059749",network.5.weight,parameter,64,5.5996532520197206e-05,2.20977482877251e-08,2.20977482877251e-06
PaySim,recomputed_from_saved_paysim_targets_priority9_stronger_n24,artifacts/priority9_v1_family/stronger_n24_targets_20260917/paysim_priority9_stronger_n24_targets.pt,13,"3952278,4870421,6358038,3059749",network.5.bias,parameter,64,5.599635496461347e-05,2.2097678219483016e-08,2.2097678219483017e-06
PaySim,recomputed_from_saved_paysim_targets_priority9_stronger_n24,artifacts/priority9_v1_family/stronger_n24_targets_20260917/paysim_priority9_stronger_n24_targets.pt,13,"3952278,4870421,6358038,3059749",network.8.weight,parameter,2048,0.0017653162798878597,6.966416141412859e-07,6.96641614141286e-05
PaySim,recomputed_from_saved_paysim_targets_priority9_stronger_n24,artifacts/priority9_v1_family/stronger_n24_targets_20260917/paysim_priority9_stronger_n24_targets.pt,13,"3952278,4870421,6358038,3059749",network.8.bias,parameter,32,3.195458744284854e-07,1.2610145631704581e-10,1.261014563170458e-08
PaySim,recomputed_from_saved_paysim_targets_priority9_stronger_n24,artifacts/priority9_v1_family/stronger_n24_targets_20260917/paysim_priority9_stronger_n24_targets.pt,13,"3952278,4870421,6358038,3059749",network.9.weight,parameter,32,3.195430159053103e-05,1.2610032826638348e-08,1.2610032826638349e-06
PaySim,recomputed_from_saved_paysim_targets_priority9_stronger_n24,artifacts/priority9_v1_family/stronger_n24_targets_20260917/paysim_priority9_stronger_n24_targets.pt,13,"3952278,4870421,6358038,3059749",network.9.bias,parameter,32,3.195628224628155e-05,1.2610814447039644e-08,1.2610814447039643e-06
PaySim,recomputed_from_saved_paysim_targets_priority9_stronger_n24,artifacts/priority9_v1_family/stronger_n24_targets_20260917/paysim_priority9_stronger_n24_targets.pt,13,"3952278,4870421,6358038,3059749",network.12.weight,parameter,32,3.19985975177035e-05,1.2627513199168122e-08,1.2627513199168123e-06
PaySim,recomputed_from_saved_paysim_targets_priority9_stronger_n24,artifacts/priority9_v1_family/stronger_n24_targets_20260917/paysim_priority9_stronger_n24_targets.pt,13,"3952278,4870421,6358038,3059749",network.12.bias,parameter,1,9.999966025381335e-07,3.9462574229033946e-10,3.946257422903395e-08
PaySim,recomputed_from_saved_paysim_targets_priority9_stronger_n24,artifacts/priority9_v1_family/stronger_n24_targets_20260917/paysim_priority9_stronger_n24_targets.pt,13,"3952278,4870421,6358038,3059749",network.1.running_mean,batchnorm_buffer,128,4.425818220117099,0.0017465477341851443,0.17465477341851443
PaySim,recomputed_from_saved_paysim_targets_priority9_stronger_n24,artifacts/priority9_v1_family/stronger_n24_targets_20260917/paysim_priority9_stronger_n24_targets.pt,13,"3952278,4870421,6358038,3059749",network.1.running_var,batchnorm_buffer,128,2529.2566562693382,0.9981131764745251,99.81131764745251
PaySim,recomputed_from_saved_paysim_targets_priority9_stronger_n24,artifacts/priority9_v1_family/stronger_n24_targets_20260917/paysim_priority9_stronger_n24_targets.pt,13,"3952278,4870421,6358038,3059749",network.5.running_mean,batchnorm_buffer,64,0.03412475870296033,1.3466553985738081e-05,0.001346655398573808
PaySim,recomputed_from_saved_paysim_targets_priority9_stronger_n24,artifacts/priority9_v1_family/stronger_n24_targets_20260917/paysim_priority9_stronger_n24_targets.pt,13,"3952278,4870421,6358038,3059749",network.5.running_var,batchnorm_buffer,64,0.2792763692672977,0.00011021001896059503,0.011021001896059503
PaySim,recomputed_from_saved_paysim_targets_priority9_stronger_n24,artifacts/priority9_v1_family/stronger_n24_targets_20260917/paysim_priority9_stronger_n24_targets.pt,13,"3952278,4870421,6358038,3059749",network.9.running_mean,batchnorm_buffer,32,0.005893799293953718,2.325852823283039e-06,0.0002325852823283039
PaySim,recomputed_from_saved_paysim_targets_priority9_stronger_n24,artifacts/priority9_v1_family/stronger_n24_targets_20260917/paysim_priority9_stronger_n24_targets.pt,13,"3952278,4870421,6358038,3059749",network.9.running_var,batchnorm_buffer,32,0.026158063331949366,1.0322680230160672e-05,0.0010322680230160672
PaySim,recomputed_from_saved_paysim_targets_priority9_stronger_n24,artifacts/priority9_v1_family/stronger_n24_targets_20260917/paysim_priority9_stronger_n24_targets.pt,14,"2873419,1949995,6361143,775490",network.0.weight,parameter,1664,0.0010814014923883047,2.448124690366408e-09,2.448124690366408e-07
PaySim,recomputed_from_saved_paysim_targets_priority9_stronger_n24,artifacts/priority9_v1_family/stronger_n24_targets_20260917/paysim_priority9_stronger_n24_targets.pt,14,"2873419,1949995,6361143,775490",network.0.bias,parameter,128,1.9186756721606413e-08,4.3435831362207847e-14,4.343583136220784e-12
PaySim,recomputed_from_saved_paysim_targets_priority9_stronger_n24,artifacts/priority9_v1_family/stronger_n24_targets_20260917/paysim_priority9_stronger_n24_targets.pt,14,"2873419,1949995,6361143,775490",network.1.weight,parameter,128,0.00011100083777648706,2.512886227036921e-10,2.5128862270369213e-08
PaySim,recomputed_from_saved_paysim_targets_priority9_stronger_n24,artifacts/priority9_v1_family/stronger_n24_targets_20260917/paysim_priority9_stronger_n24_targets.pt,14,"2873419,1949995,6361143,775490",network.1.bias,parameter,128,0.00011099872659240856,2.512838433114822e-10,2.512838433114822e-08
PaySim,recomputed_from_saved_paysim_targets_priority9_stronger_n24,artifacts/priority9_v1_family/stronger_n24_targets_20260917/paysim_priority9_stronger_n24_targets.pt,14,"2873419,1949995,6361143,775490",network.4.weight,parameter,8192,0.006215224282401307,1.4070300558127875e-08,1.4070300558127875e-06
PaySim,recomputed_from_saved_paysim_targets_priority9_stronger_n24,artifacts/priority9_v1_family/stronger_n24_targets_20260917/paysim_priority9_stronger_n24_targets.pt,14,"2873419,1949995,6361143,775490",network.4.bias,parameter,64,2.149626245261766e-06,4.866419293043949e-12,4.866419293043949e-10
PaySim,recomputed_from_saved_paysim_targets_priority9_stronger_n24,artifacts/priority9_v1_family/stronger_n24_targets_20260917/paysim_priority9_stronger_n24_targets.pt,14,"2873419,1949995,6361143,775490",network.5.weight,parameter,64,5.599832083902356e-05,1.2677148388458796e-10,1.2677148388458795e-08
PaySim,recomputed_from_saved_paysim_targets_priority9_stronger_n24,artifacts/priority9_v1_family/stronger_n24_targets_20260917/paysim_priority9_stronger_n24_targets.pt,14,"2873419,1949995,6361143,775490",network.5.bias,parameter,64,5.597974999892008e-05,1.2672944239259983e-10,1.2672944239259983e-08
PaySim,recomputed_from_saved_paysim_targets_priority9_stronger_n24,artifacts/priority9_v1_family/stronger_n24_targets_20260917/paysim_priority9_stronger_n24_targets.pt,14,"2873419,1949995,6361143,775490",network.8.weight,parameter,2048,0.001727722578054235,3.911295047408074e-09,3.9112950474080743e-07
PaySim,recomputed_from_saved_paysim_targets_priority9_stronger_n24,artifacts/priority9_v1_family/stronger_n24_targets_20260917/paysim_priority9_stronger_n24_targets.pt,14,"2873419,1949995,6361143,775490",network.8.bias,parameter,32,1.6536029269209607e-06,3.743499691790461e-12,3.7434996917904607e-10
PaySim,recomputed_from_saved_paysim_targets_priority9_stronger_n24,artifacts/priority9_v1_family/stronger_n24_targets_20260917/paysim_priority9_stronger_n24_targets.pt,14,"2873419,1949995,6361143,775490",network.9.weight,parameter,32,3.095648962059272e-05,7.008067503205537e-11,7.008067503205537e-09
PaySim,recomputed_from_saved_paysim_targets_priority9_stronger_n24,artifacts/priority9_v1_family/stronger_n24_targets_20260917/paysim_priority9_stronger_n24_targets.pt,14,"2873419,1949995,6361143,775490",network.9.bias,parameter,32,3.094532746940326e-05,7.005540565882363e-11,7.005540565882363e-09
PaySim,recomputed_from_saved_paysim_targets_priority9_stronger_n24,artifacts/priority9_v1_family/stronger_n24_targets_20260917/paysim_priority9_stronger_n24_targets.pt,14,"2873419,1949995,6361143,775490",network.12.weight,parameter,32,3.099968723008495e-05,7.01784676975058e-11,7.01784676975058e-09
PaySim,recomputed_from_saved_paysim_targets_priority9_stronger_n24,artifacts/priority9_v1_family/stronger_n24_targets_20260917/paysim_priority9_stronger_n24_targets.pt,14,"2873419,1949995,6361143,775490",network.12.bias,parameter,1,9.999966025381335e-07,2.263836688027308e-12,2.263836688027308e-10
PaySim,recomputed_from_saved_paysim_targets_priority9_stronger_n24,artifacts/priority9_v1_family/stronger_n24_targets_20260917/paysim_priority9_stronger_n24_targets.pt,14,"2873419,1949995,6361143,775490",network.1.running_mean,batchnorm_buffer,128,161.97592689374216,0.0003666882916887705,0.03666882916887705
PaySim,recomputed_from_saved_paysim_targets_priority9_stronger_n24,artifacts/priority9_v1_family/stronger_n24_targets_20260917/paysim_priority9_stronger_n24_targets.pt,14,"2873419,1949995,6361143,775490",network.1.running_var,batchnorm_buffer,128,441564.00843517296,0.9996321986202197,99.96321986202197
PaySim,recomputed_from_saved_paysim_targets_priority9_stronger_n24,artifacts/priority9_v1_family/stronger_n24_targets_20260917/paysim_priority9_stronger_n24_targets.pt,14,"2873419,1949995,6361143,775490",network.5.running_mean,batchnorm_buffer,64,0.024953913671095142,5.6491777207150224e-08,5.6491777207150226e-06
PaySim,recomputed_from_saved_paysim_targets_priority9_stronger_n24,artifacts/priority9_v1_family/stronger_n24_targets_20260917/paysim_priority9_stronger_n24_targets.pt,14,"2873419,1949995,6361143,775490",network.5.running_var,batchnorm_buffer,64,0.42124926182417943,9.536427736869566e-07,9.536427736869567e-05
PaySim,recomputed_from_saved_paysim_targets_priority9_stronger_n24,artifacts/priority9_v1_family/stronger_n24_targets_20260917/paysim_priority9_stronger_n24_targets.pt,14,"2873419,1949995,6361143,775490",network.9.running_mean,batchnorm_buffer,32,0.006075900636793093,1.3754893506106852e-08,1.3754893506106853e-06
PaySim,recomputed_from_saved_paysim_targets_priority9_stronger_n24,artifacts/priority9_v1_family/stronger_n24_targets_20260917/paysim_priority9_stronger_n24_targets.pt,14,"2873419,1949995,6361143,775490",network.9.running_var,batchnorm_buffer,32,0.0299453541994828,6.77916217922117e-08,6.779162179221169e-06
PaySim,recomputed_from_saved_paysim_targets_priority9_stronger_n24,artifacts/priority9_v1_family/stronger_n24_targets_20260917/paysim_priority9_stronger_n24_targets.pt,15,"4429802,5044568,6351060,4615700",network.0.weight,parameter,1664,0.0007129581448350341,2.3566494136749518e-07,2.3566494136749518e-05
PaySim,recomputed_from_saved_paysim_targets_priority9_stronger_n24,artifacts/priority9_v1_family/stronger_n24_targets_20260917/paysim_priority9_stronger_n24_targets.pt,15,"4429802,5044568,6351060,4615700",network.0.bias,parameter,128,1.275124176811429e-07,4.214862633122339e-11,4.214862633122339e-09
PaySim,recomputed_from_saved_paysim_targets_priority9_stronger_n24,artifacts/priority9_v1_family/stronger_n24_targets_20260917/paysim_priority9_stronger_n24_targets.pt,15,"4429802,5044568,6351060,4615700",network.1.weight,parameter,128,0.00010200285735351144,3.371656186506479e-08,3.371656186506479e-06
PaySim,recomputed_from_saved_paysim_targets_priority9_stronger_n24,artifacts/priority9_v1_family/stronger_n24_targets_20260917/paysim_priority9_stronger_n24_targets.pt,15,"4429802,5044568,6351060,4615700",network.1.bias,parameter,128,0.00010199908372989087,3.371531451163215e-08,3.371531451163215e-06
PaySim,recomputed_from_saved_paysim_targets_priority9_stronger_n24,artifacts/priority9_v1_family/stronger_n24_targets_20260917/paysim_priority9_stronger_n24_targets.pt,15,"4429802,5044568,6351060,4615700",network.4.weight,parameter,8192,0.005915444939126439,1.955322335316668e-06,0.0001955322335316668
PaySim,recomputed_from_saved_paysim_targets_priority9_stronger_n24,artifacts/priority9_v1_family/stronger_n24_targets_20260917/paysim_priority9_stronger_n24_targets.pt,15,"4429802,5044568,6351060,4615700",network.4.bias,parameter,64,2.6629423109496026e-06,8.802229810000515e-10,8.802229810000514e-08
PaySim,recomputed_from_saved_paysim_targets_priority9_stronger_n24,artifacts/priority9_v1_family/stronger_n24_targets_20260917/paysim_priority9_stronger_n24_targets.pt,15,"4429802,5044568,6351060,4615700",network.5.weight,parameter,64,5.800101001440794e-05,1.917195942472004e-08,1.917195942472004e-06
PaySim,recomputed_from_saved_paysim_targets_priority9_stronger_n24,artifacts/priority9_v1_family/stronger_n24_targets_20260917/paysim_priority9_stronger_n24_targets.pt,15,"4429802,5044568,6351060,4615700",network.5.bias,parameter,64,5.799912732646061e-05,1.917133711112711e-08,1.917133711112711e-06
PaySim,recomputed_from_saved_paysim_targets_priority9_stronger_n24,artifacts/priority9_v1_family/stronger_n24_targets_20260917/paysim_priority9_stronger_n24_targets.pt,15,"4429802,5044568,6351060,4615700",network.8.weight,parameter,2048,0.0017866869133899902,5.905809053959943e-07,5.9058090539599434e-05
PaySim,recomputed_from_saved_paysim_targets_priority9_stronger_n24,artifacts/priority9_v1_family/stronger_n24_targets_20260917/paysim_priority9_stronger_n24_targets.pt,15,"4429802,5044568,6351060,4615700",network.8.bias,parameter,32,8.477713961821745e-07,2.8022682372264577e-10,2.8022682372264578e-08
PaySim,recomputed_from_saved_paysim_targets_priority9_stronger_n24,artifacts/priority9_v1_family/stronger_n24_targets_20260917/paysim_priority9_stronger_n24_targets.pt,15,"4429802,5044568,6351060,4615700",network.9.weight,parameter,32,3.095421060450576e-05,1.0231767853463319e-08,1.0231767853463318e-06
PaySim,recomputed_from_saved_paysim_targets_priority9_stronger_n24,artifacts/priority9_v1_family/stronger_n24_targets_20260917/paysim_priority9_stronger_n24_targets.pt,15,"4429802,5044568,6351060,4615700",network.9.bias,parameter,32,3.093399437163746e-05,1.0225085473343122e-08,1.0225085473343122e-06
PaySim,recomputed_from_saved_paysim_targets_priority9_stronger_n24,artifacts/priority9_v1_family/stronger_n24_targets_20260917/paysim_priority9_stronger_n24_targets.pt,15,"4429802,5044568,6351060,4615700",network.12.weight,parameter,32,3.0996141065664954e-05,1.0245627769002793e-08,1.0245627769002793e-06
PaySim,recomputed_from_saved_paysim_targets_priority9_stronger_n24,artifacts/priority9_v1_family/stronger_n24_targets_20260917/paysim_priority9_stronger_n24_targets.pt,15,"4429802,5044568,6351060,4615700",network.12.bias,parameter,1,9.999966025381335e-07,3.3054414542016643e-10,3.305441454201664e-08
PaySim,recomputed_from_saved_paysim_targets_priority9_stronger_n24,artifacts/priority9_v1_family/stronger_n24_targets_20260917/paysim_priority9_stronger_n24_targets.pt,15,"4429802,5044568,6351060,4615700",network.1.running_mean,batchnorm_buffer,128,22.639960430199146,0.00748353179776047,0.748353179776047
PaySim,recomputed_from_saved_paysim_targets_priority9_stronger_n24,artifacts/priority9_v1_family/stronger_n24_targets_20260917/paysim_priority9_stronger_n24_targets.pt,15,"4429802,5044568,6351060,4615700",network.1.running_var,batchnorm_buffer,128,3002.4191052532956,0.9924354291006566,99.24354291006566
PaySim,recomputed_from_saved_paysim_targets_priority9_stronger_n24,artifacts/priority9_v1_family/stronger_n24_targets_20260917/paysim_priority9_stronger_n24_targets.pt,15,"4429802,5044568,6351060,4615700",network.5.running_mean,batchnorm_buffer,64,0.02513255367430306,8.307446700732343e-06,0.0008307446700732343
PaySim,recomputed_from_saved_paysim_targets_priority9_stronger_n24,artifacts/priority9_v1_family/stronger_n24_targets_20260917/paysim_priority9_stronger_n24_targets.pt,15,"4429802,5044568,6351060,4615700",network.5.running_var,batchnorm_buffer,64,0.18240588101931432,6.0293400905672186e-05,0.006029340090567219
PaySim,recomputed_from_saved_paysim_targets_priority9_stronger_n24,artifacts/priority9_v1_family/stronger_n24_targets_20260917/paysim_priority9_stronger_n24_targets.pt,15,"4429802,5044568,6351060,4615700",network.9.running_mean,batchnorm_buffer,32,0.007545564621952887,2.4941506834578947e-06,0.0002494150683457895
PaySim,recomputed_from_saved_paysim_targets_priority9_stronger_n24,artifacts/priority9_v1_family/stronger_n24_targets_20260917/paysim_priority9_stronger_n24_targets.pt,15,"4429802,5044568,6351060,4615700",network.9.running_var,batchnorm_buffer,32,0.02125132314734418,7.024524314340172e-06,0.0007024524314340172
PaySim,recomputed_from_saved_paysim_targets_priority9_stronger_n24,artifacts/priority9_v1_family/stronger_n24_targets_20260917/paysim_priority9_stronger_n24_targets.pt,16,"813431,5188008,5226743,3714362",network.0.weight,parameter,1664,0.0013346887081585389,3.421617361649209e-11,3.421617361649209e-09
PaySim,recomputed_from_saved_paysim_targets_priority9_stronger_n24,artifacts/priority9_v1_family/stronger_n24_targets_20260917/paysim_priority9_stronger_n24_targets.pt,16,"813431,5188008,5226743,3714362",network.0.bias,parameter,128,5.8355523335643436e-08,1.4960063014906816e-15,1.4960063014906814e-13
PaySim,recomputed_from_saved_paysim_targets_priority9_stronger_n24,artifacts/priority9_v1_family/stronger_n24_targets_20260917/paysim_priority9_stronger_n24_targets.pt,16,"813431,5188008,5226743,3714362",network.1.weight,parameter,128,0.00011200248095022403,2.871303480912869e-12,2.8713034809128687e-10
PaySim,recomputed_from_saved_paysim_targets_priority9_stronger_n24,artifacts/priority9_v1_family/stronger_n24_targets_20260917/paysim_priority9_stronger_n24_targets.pt,16,"813431,5188008,5226743,3714362",network.1.bias,parameter,128,0.00011199939528916125,2.8712243766887903e-12,2.8712243766887904e-10
PaySim,recomputed_from_saved_paysim_targets_priority9_stronger_n24,artifacts/priority9_v1_family/stronger_n24_targets_20260917/paysim_priority9_stronger_n24_targets.pt,16,"813431,5188008,5226743,3714362",network.4.weight,parameter,8192,0.006719800399264952,1.722692757674182e-10,1.722692757674182e-08
PaySim,recomputed_from_saved_paysim_targets_priority9_stronger_n24,artifacts/priority9_v1_family/stronger_n24_targets_20260917/paysim_priority9_stronger_n24_targets.pt,16,"813431,5188008,5226743,3714362",network.4.bias,parameter,64,5.145384309994343e-06,1.3190743414413328e-13,1.3190743414413328e-11
PaySim,recomputed_from_saved_paysim_targets_priority9_stronger_n24,artifacts/priority9_v1_family/stronger_n24_targets_20260917/paysim_priority9_stronger_n24_targets.pt,16,"813431,5188008,5226743,3714362",network.5.weight,parameter,64,6.000131614314341e-05,1.5381979616837818e-12,1.5381979616837817e-10
PaySim,recomputed_from_saved_paysim_targets_priority9_stronger_n24,artifacts/priority9_v1_family/stronger_n24_targets_20260917/paysim_priority9_stronger_n24_targets.pt,16,"813431,5188008,5226743,3714362",network.5.bias,parameter,64,5.9999742834887886e-05,1.5381576282426623e-12,1.5381576282426624e-10
PaySim,recomputed_from_saved_paysim_targets_priority9_stronger_n24,artifacts/priority9_v1_family/stronger_n24_targets_20260917/paysim_priority9_stronger_n24_targets.pt,16,"813431,5188008,5226743,3714362",network.8.weight,parameter,2048,0.0018933309179823272,4.8537564607507385e-11,4.853756460750738e-09
PaySim,recomputed_from_saved_paysim_targets_priority9_stronger_n24,artifacts/priority9_v1_family/stronger_n24_targets_20260917/paysim_priority9_stronger_n24_targets.pt,16,"813431,5188008,5226743,3714362",network.8.bias,parameter,32,2.2900355248316184e-06,5.870751181650501e-14,5.870751181650501e-12
PaySim,recomputed_from_saved_paysim_targets_priority9_stronger_n24,artifacts/priority9_v1_family/stronger_n24_targets_20260917/paysim_priority9_stronger_n24_targets.pt,16,"813431,5188008,5226743,3714362",network.9.weight,parameter,32,3.199298092937397e-05,8.201743097826154e-13,8.201743097826154e-11
PaySim,recomputed_from_saved_paysim_targets_priority9_stronger_n24,artifacts/priority9_v1_family/stronger_n24_targets_20260917/paysim_priority9_stronger_n24_targets.pt,16,"813431,5188008,5226743,3714362",network.9.bias,parameter,32,3.199547073149192e-05,8.202381385248665e-13,8.202381385248664e-11
PaySim,recomputed_from_saved_paysim_targets_priority9_stronger_n24,artifacts/priority9_v1_family/stronger_n24_targets_20260917/paysim_priority9_stronger_n24_targets.pt,16,"813431,5188008,5226743,3714362",network.12.weight,parameter,32,3.199983074607415e-05,8.203499121654196e-13,8.203499121654196e-11
PaySim,recomputed_from_saved_paysim_targets_priority9_stronger_n24,artifacts/priority9_v1_family/stronger_n24_targets_20260917/paysim_priority9_stronger_n24_targets.pt,16,"813431,5188008,5226743,3714362",network.12.bias,parameter,1,9.999966025381335e-07,2.563598325152138e-14,2.5635983251521378e-12
PaySim,recomputed_from_saved_paysim_targets_priority9_stronger_n24,artifacts/priority9_v1_family/stronger_n24_targets_20260917/paysim_priority9_stronger_n24_targets.pt,16,"813431,5188008,5226743,3714362",network.1.running_mean,batchnorm_buffer,128,1080.950400650647,2.771132051496003e-05,0.002771132051496003
PaySim,recomputed_from_saved_paysim_targets_priority9_stronger_n24,artifacts/priority9_v1_family/stronger_n24_targets_20260917/paysim_priority9_stronger_n24_targets.pt,16,"813431,5188008,5226743,3714362",network.1.running_var,batchnorm_buffer,128,39006457.07674009,0.9999722776881776,99.99722776881777
PaySim,recomputed_from_saved_paysim_targets_priority9_stronger_n24,artifacts/priority9_v1_family/stronger_n24_targets_20260917/paysim_priority9_stronger_n24_targets.pt,16,"813431,5188008,5226743,3714362",network.5.running_mean,batchnorm_buffer,64,0.02596321478547004,6.655948007289163e-10,6.655948007289162e-08
PaySim,recomputed_from_saved_paysim_targets_priority9_stronger_n24,artifacts/priority9_v1_family/stronger_n24_targets_20260917/paysim_priority9_stronger_n24_targets.pt,16,"813431,5188008,5226743,3714362",network.5.running_var,batchnorm_buffer,64,0.34712405818183134,8.89889677541201e-09,8.89889677541201e-07
PaySim,recomputed_from_saved_paysim_targets_priority9_stronger_n24,artifacts/priority9_v1_family/stronger_n24_targets_20260917/paysim_priority9_stronger_n24_targets.pt,16,"813431,5188008,5226743,3714362",network.9.running_mean,batchnorm_buffer,32,0.005296836838983636,1.3579008183185081e-10,1.3579008183185082e-08
PaySim,recomputed_from_saved_paysim_targets_priority9_stronger_n24,artifacts/priority9_v1_family/stronger_n24_targets_20260917/paysim_priority9_stronger_n24_targets.pt,16,"813431,5188008,5226743,3714362",network.9.running_var,batchnorm_buffer,32,0.03996343934070867,1.0245055423301103e-09,1.0245055423301103e-07
PaySim,recomputed_from_saved_paysim_targets_priority9_stronger_n24,artifacts/priority9_v1_family/stronger_n24_targets_20260917/paysim_priority9_stronger_n24_targets.pt,17,"1238369,3213682,3647846,5987632",network.0.weight,parameter,1664,0.0012753196124141296,4.961454892605119e-07,4.961454892605119e-05
PaySim,recomputed_from_saved_paysim_targets_priority9_stronger_n24,artifacts/priority9_v1_family/stronger_n24_targets_20260917/paysim_priority9_stronger_n24_targets.pt,17,"1238369,3213682,3647846,5987632",network.0.bias,parameter,128,2.7942193822844477e-08,1.0870524761243476e-11,1.0870524761243476e-09
PaySim,recomputed_from_saved_paysim_targets_priority9_stronger_n24,artifacts/priority9_v1_family/stronger_n24_targets_20260917/paysim_priority9_stronger_n24_targets.pt,17,"1238369,3213682,3647846,5987632",network.1.weight,parameter,128,0.00011599238537840506,4.51252362418582e-08,4.51252362418582e-06
PaySim,recomputed_from_saved_paysim_targets_priority9_stronger_n24,artifacts/priority9_v1_family/stronger_n24_targets_20260917/paysim_priority9_stronger_n24_targets.pt,17,"1238369,3213682,3647846,5987632",network.1.bias,parameter,128,0.00011599843548068242,4.5127589950626774e-08,4.512758995062678e-06
PaySim,recomputed_from_saved_paysim_targets_priority9_stronger_n24,artifacts/priority9_v1_family/stronger_n24_targets_20260917/paysim_priority9_stronger_n24_targets.pt,17,"1238369,3213682,3647846,5987632",network.4.weight,parameter,8192,0.006959625339416499,2.707546159788359e-06,0.0002707546159788359
PaySim,recomputed_from_saved_paysim_targets_priority9_stronger_n24,artifacts/priority9_v1_family/stronger_n24_targets_20260917/paysim_priority9_stronger_n24_targets.pt,17,"1238369,3213682,3647846,5987632",network.4.bias,parameter,64,7.314289704981919e-07,2.84552343502498e-10,2.84552343502498e-08
PaySim,recomputed_from_saved_paysim_targets_priority9_stronger_n24,artifacts/priority9_v1_family/stronger_n24_targets_20260917/paysim_priority9_stronger_n24_targets.pt,17,"1238369,3213682,3647846,5987632",network.5.weight,parameter,64,6.000036248821061e-05,2.3342312713414603e-08,2.3342312713414602e-06
PaySim,recomputed_from_saved_paysim_targets_priority9_stronger_n24,artifacts/priority9_v1_family/stronger_n24_targets_20260917/paysim_priority9_stronger_n24_targets.pt,17,"1238369,3213682,3647846,5987632",network.5.bias,parameter,64,5.999947950497623e-05,2.3341969200976965e-08,2.3341969200976966e-06
PaySim,recomputed_from_saved_paysim_targets_priority9_stronger_n24,artifacts/priority9_v1_family/stronger_n24_targets_20260917/paysim_priority9_stronger_n24_targets.pt,17,"1238369,3213682,3647846,5987632",network.8.weight,parameter,2048,0.0018515385078825082,7.203154957674574e-07,7.203154957674574e-05
PaySim,recomputed_from_saved_paysim_targets_priority9_stronger_n24,artifacts/priority9_v1_family/stronger_n24_targets_20260917/paysim_priority9_stronger_n24_targets.pt,17,"1238369,3213682,3647846,5987632",network.8.bias,parameter,32,3.5772177068085775e-07,1.3916671648891553e-10,1.3916671648891553e-08
PaySim,recomputed_from_saved_paysim_targets_priority9_stronger_n24,artifacts/priority9_v1_family/stronger_n24_targets_20260917/paysim_priority9_stronger_n24_targets.pt,17,"1238369,3213682,3647846,5987632",network.9.weight,parameter,32,3.098610583052164e-05,1.2054716706238456e-08,1.2054716706238456e-06
PaySim,recomputed_from_saved_paysim_targets_priority9_stronger_n24,artifacts/priority9_v1_family/stronger_n24_targets_20260917/paysim_priority9_stronger_n24_targets.pt,17,"1238369,3213682,3647846,5987632",network.9.bias,parameter,32,3.098151838690916e-05,1.2052932024631262e-08,1.205293202463126e-06
PaySim,recomputed_from_saved_paysim_targets_priority9_stronger_n24,artifacts/priority9_v1_family/stronger_n24_targets_20260917/paysim_priority9_stronger_n24_targets.pt,17,"1238369,3213682,3647846,5987632",network.12.weight,parameter,32,3.099970725268393e-05,1.2060008151761334e-08,1.2060008151761334e-06
PaySim,recomputed_from_saved_paysim_targets_priority9_stronger_n24,artifacts/priority9_v1_family/stronger_n24_targets_20260917/paysim_priority9_stronger_n24_targets.pt,17,"1238369,3213682,3647846,5987632",network.12.bias,parameter,1,9.999966025381335e-07,3.8903487313737093e-10,3.8903487313737093e-08
PaySim,recomputed_from_saved_paysim_targets_priority9_stronger_n24,artifacts/priority9_v1_family/stronger_n24_targets_20260917/paysim_priority9_stronger_n24_targets.pt,17,"1238369,3213682,3647846,5987632",network.1.running_mean,batchnorm_buffer,128,4.320509503083983,0.001680834576992462,0.1680834576992462
PaySim,recomputed_from_saved_paysim_targets_priority9_stronger_n24,artifacts/priority9_v1_family/stronger_n24_targets_20260917/paysim_priority9_stronger_n24_targets.pt,17,"1238369,3213682,3647846,5987632",network.1.running_var,batchnorm_buffer,128,2565.9562094714806,0.9982498399435511,99.82498399435511
PaySim,recomputed_from_saved_paysim_targets_priority9_stronger_n24,artifacts/priority9_v1_family/stronger_n24_targets_20260917/paysim_priority9_stronger_n24_targets.pt,17,"1238369,3213682,3647846,5987632",network.5.running_mean,batchnorm_buffer,64,0.02198868321603549,8.554393648634415e-06,0.0008554393648634416
PaySim,recomputed_from_saved_paysim_targets_priority9_stronger_n24,artifacts/priority9_v1_family/stronger_n24_targets_20260917/paysim_priority9_stronger_n24_targets.pt,17,"1238369,3213682,3647846,5987632",network.5.running_var,batchnorm_buffer,64,0.11056809854585636,4.301499233262369e-05,0.004301499233262369
PaySim,recomputed_from_saved_paysim_targets_priority9_stronger_n24,artifacts/priority9_v1_family/stronger_n24_targets_20260917/paysim_priority9_stronger_n24_targets.pt,17,"1238369,3213682,3647846,5987632",network.9.running_mean,batchnorm_buffer,32,0.007029703551613066,2.734809120804815e-06,0.0002734809120804815
PaySim,recomputed_from_saved_paysim_targets_priority9_stronger_n24,artifacts/priority9_v1_family/stronger_n24_targets_20260917/paysim_priority9_stronger_n24_targets.pt,17,"1238369,3213682,3647846,5987632",network.9.running_var,batchnorm_buffer,32,0.02807797568430659,1.092334881995947e-05,0.001092334881995947
PaySim,recomputed_from_saved_paysim_targets_priority9_stronger_n24,artifacts/priority9_v1_family/stronger_n24_targets_20260917/paysim_priority9_stronger_n24_targets.pt,18,"6168721,2873750,555066,2413296",network.0.weight,parameter,1664,0.0012608262638850486,5.130426778549022e-07,5.130426778549022e-05
PaySim,recomputed_from_saved_paysim_targets_priority9_stronger_n24,artifacts/priority9_v1_family/stronger_n24_targets_20260917/paysim_priority9_stronger_n24_targets.pt,18,"6168721,2873750,555066,2413296",network.0.bias,parameter,128,1.8278871409278113e-07,7.437853576340511e-11,7.437853576340511e-09
PaySim,recomputed_from_saved_paysim_targets_priority9_stronger_n24,artifacts/priority9_v1_family/stronger_n24_targets_20260917/paysim_priority9_stronger_n24_targets.pt,18,"6168721,2873750,555066,2413296",network.1.weight,parameter,128,0.00011499501457024053,4.6792608866893476e-08,4.679260886689348e-06
PaySim,recomputed_from_saved_paysim_targets_priority9_stronger_n24,artifacts/priority9_v1_family/stronger_n24_targets_20260917/paysim_priority9_stronger_n24_targets.pt,18,"6168721,2873750,555066,2413296",network.1.bias,parameter,128,0.00011499723296804763,4.67935115549038e-08,4.67935115549038e-06
PaySim,recomputed_from_saved_paysim_targets_priority9_stronger_n24,artifacts/priority9_v1_family/stronger_n24_targets_20260917/paysim_priority9_stronger_n24_targets.pt,18,"6168721,2873750,555066,2413296",network.4.weight,parameter,8192,0.006780479386436913,2.7590441293937975e-06,0.00027590441293937973
PaySim,recomputed_from_saved_paysim_targets_priority9_stronger_n24,artifacts/priority9_v1_family/stronger_n24_targets_20260917/paysim_priority9_stronger_n24_targets.pt,18,"6168721,2873750,555066,2413296",network.4.bias,parameter,64,4.492626109796425e-07,1.8280940015229186e-10,1.8280940015229187e-08
PaySim,recomputed_from_saved_paysim_targets_priority9_stronger_n24,artifacts/priority9_v1_family/stronger_n24_targets_20260917/paysim_priority9_stronger_n24_targets.pt,18,"6168721,2873750,555066,2413296",network.5.weight,parameter,64,5.899991142044314e-05,2.4007647536683843e-08,2.4007647536683843e-06
PaySim,recomputed_from_saved_paysim_targets_priority9_stronger_n24,artifacts/priority9_v1_family/stronger_n24_targets_20260917/paysim_priority9_stronger_n24_targets.pt,18,"6168721,2873750,555066,2413296",network.5.bias,parameter,64,5.899926148435584e-05,2.4007383071261273e-08,2.4007383071261273e-06
PaySim,recomputed_from_saved_paysim_targets_priority9_stronger_n24,artifacts/priority9_v1_family/stronger_n24_targets_20260917/paysim_priority9_stronger_n24_targets.pt,18,"6168721,2873750,555066,2413296",network.8.weight,parameter,2048,0.0018770390966766335,7.637857745998898e-07,7.637857745998897e-05
PaySim,recomputed_from_saved_paysim_targets_priority9_stronger_n24,artifacts/priority9_v1_family/stronger_n24_targets_20260917/paysim_priority9_stronger_n24_targets.pt,18,"6168721,2873750,555066,2413296",network.8.bias,parameter,32,2.1985478383516367e-07,8.946108616935245e-11,8.946108616935245e-09
PaySim,recomputed_from_saved_paysim_targets_priority9_stronger_n24,artifacts/priority9_v1_family/stronger_n24_targets_20260917/paysim_priority9_stronger_n24_targets.pt,18,"6168721,2873750,555066,2413296",network.9.weight,parameter,32,3.1964965074848806e-05,1.300686046070025e-08,1.300686046070025e-06
PaySim,recomputed_from_saved_paysim_targets_priority9_stronger_n24,artifacts/priority9_v1_family/stronger_n24_targets_20260917/paysim_priority9_stronger_n24_targets.pt,18,"6168721,2873750,555066,2413296",network.9.bias,parameter,32,3.196366797015085e-05,1.3006332655968734e-08,1.3006332655968734e-06
PaySim,recomputed_from_saved_paysim_targets_priority9_stronger_n24,artifacts/priority9_v1_family/stronger_n24_targets_20260917/paysim_priority9_stronger_n24_targets.pt,18,"6168721,2873750,555066,2413296",network.12.weight,parameter,32,3.199927942175288e-05,1.302082330786546e-08,1.302082330786546e-06
PaySim,recomputed_from_saved_paysim_targets_priority9_stronger_n24,artifacts/priority9_v1_family/stronger_n24_targets_20260917/paysim_priority9_stronger_n24_targets.pt,18,"6168721,2873750,555066,2413296",network.12.bias,parameter,1,9.999966025381335e-07,4.069085087354613e-10,4.069085087354613e-08
PaySim,recomputed_from_saved_paysim_targets_priority9_stronger_n24,artifacts/priority9_v1_family/stronger_n24_targets_20260917/paysim_priority9_stronger_n24_targets.pt,18,"6168721,2873750,555066,2413296",network.1.running_mean,batchnorm_buffer,128,8.037708394937919,0.0032706230484517737,0.32706230484517734
PaySim,recomputed_from_saved_paysim_targets_priority9_stronger_n24,artifacts/priority9_v1_family/stronger_n24_targets_20260917/paysim_priority9_stronger_n24_targets.pt,18,"6168721,2873750,555066,2413296",network.1.running_var,batchnorm_buffer,128,2449.295774589018,0.9966426771455741,99.66426771455741
PaySim,recomputed_from_saved_paysim_targets_priority9_stronger_n24,artifacts/priority9_v1_family/stronger_n24_targets_20260917/paysim_priority9_stronger_n24_targets.pt,18,"6168721,2873750,555066,2413296",network.5.running_mean,batchnorm_buffer,64,0.03179667333824003,1.2938380888467536e-05,0.0012938380888467536
PaySim,recomputed_from_saved_paysim_targets_priority9_stronger_n24,artifacts/priority9_v1_family/stronger_n24_targets_20260917/paysim_priority9_stronger_n24_targets.pt,18,"6168721,2873750,555066,2413296",network.5.running_var,batchnorm_buffer,64,0.13473718584479122,5.4825893632199615e-05,0.0054825893632199614
PaySim,recomputed_from_saved_paysim_targets_priority9_stronger_n24,artifacts/priority9_v1_family/stronger_n24_targets_20260917/paysim_priority9_stronger_n24_targets.pt,18,"6168721,2873750,555066,2413296",network.9.running_mean,batchnorm_buffer,32,0.006243481777081429,2.5405344905982844e-06,0.00025405344905982845
PaySim,recomputed_from_saved_paysim_targets_priority9_stronger_n24,artifacts/priority9_v1_family/stronger_n24_targets_20260917/paysim_priority9_stronger_n24_targets.pt,18,"6168721,2873750,555066,2413296",network.9.running_var,batchnorm_buffer,32,0.029927352270716023,1.2177735656270392e-05,0.0012177735656270392
PaySim,recomputed_from_saved_paysim_targets_priority9_stronger_n24,artifacts/priority9_v1_family/stronger_n24_targets_20260917/paysim_priority9_stronger_n24_targets.pt,19,"5996399,5202932,2137197,763930",network.0.weight,parameter,1664,0.001095981060260156,4.632411876375177e-12,4.632411876375177e-10
PaySim,recomputed_from_saved_paysim_targets_priority9_stronger_n24,artifacts/priority9_v1_family/stronger_n24_targets_20260917/paysim_priority9_stronger_n24_targets.pt,19,"5996399,5202932,2137197,763930",network.0.bias,parameter,128,3.0426817588906363e-09,1.2860582748181194e-17,1.2860582748181194e-15
PaySim,recomputed_from_saved_paysim_targets_priority9_stronger_n24,artifacts/priority9_v1_family/stronger_n24_targets_20260917/paysim_priority9_stronger_n24_targets.pt,19,"5996399,5202932,2137197,763930",network.1.weight,parameter,128,0.00011400314442155945,4.818600788933229e-13,4.8186007889332294e-11
PaySim,recomputed_from_saved_paysim_targets_priority9_stronger_n24,artifacts/priority9_v1_family/stronger_n24_targets_20260917/paysim_priority9_stronger_n24_targets.pt,19,"5996399,5202932,2137197,763930",network.1.bias,parameter,128,0.00011399923783850707,4.818435668363321e-13,4.818435668363321e-11
PaySim,recomputed_from_saved_paysim_targets_priority9_stronger_n24,artifacts/priority9_v1_family/stronger_n24_targets_20260917/paysim_priority9_stronger_n24_targets.pt,19,"5996399,5202932,2137197,763930",network.4.weight,parameter,8192,0.006265163402843208,2.6481130383651675e-11,2.6481130383651674e-09
PaySim,recomputed_from_saved_paysim_targets_priority9_stronger_n24,artifacts/priority9_v1_family/stronger_n24_targets_20260917/paysim_priority9_stronger_n24_targets.pt,19,"5996399,5202932,2137197,763930",network.4.bias,parameter,64,2.180124552327717e-06,9.214789592972299e-15,9.214789592972298e-13
PaySim,recomputed_from_saved_paysim_targets_priority9_stronger_n24,artifacts/priority9_v1_family/stronger_n24_targets_20260917/paysim_priority9_stronger_n24_targets.pt,19,"5996399,5202932,2137197,763930",network.5.weight,parameter,64,5.499918120932534e-05,2.3246648091209864e-13,2.3246648091209866e-11
PaySim,recomputed_from_saved_paysim_targets_priority9_stronger_n24,artifacts/priority9_v1_family/stronger_n24_targets_20260917/paysim_priority9_stronger_n24_targets.pt,19,"5996399,5202932,2137197,763930",network.5.bias,parameter,64,5.4995801292737035e-05,2.32452194930057e-13,2.32452194930057e-11
PaySim,recomputed_from_saved_paysim_targets_priority9_stronger_n24,artifacts/priority9_v1_family/stronger_n24_targets_20260917/paysim_priority9_stronger_n24_targets.pt,19,"5996399,5202932,2137197,763930",network.8.weight,parameter,2048,0.0016478944912987402,6.9651988426638284e-12,6.965198842663828e-10
PaySim,recomputed_from_saved_paysim_targets_priority9_stronger_n24,artifacts/priority9_v1_family/stronger_n24_targets_20260917/paysim_priority9_stronger_n24_targets.pt,19,"5996399,5202932,2137197,763930",network.8.bias,parameter,32,1.5965706127267498e-06,6.7482668597497355e-15,6.748266859749736e-13
PaySim,recomputed_from_saved_paysim_targets_priority9_stronger_n24,artifacts/priority9_v1_family/stronger_n24_targets_20260917/paysim_priority9_stronger_n24_targets.pt,19,"5996399,5202932,2137197,763930",network.9.weight,parameter,32,2.9991721195443688e-05,1.2676679415037272e-13,1.2676679415037272e-11
PaySim,recomputed_from_saved_paysim_targets_priority9_stronger_n24,artifacts/priority9_v1_family/stronger_n24_targets_20260917/paysim_priority9_stronger_n24_targets.pt,19,"5996399,5202932,2137197,763930",network.9.bias,parameter,32,2.9991435044431948e-05,1.2676558466839052e-13,1.2676558466839052e-11
PaySim,recomputed_from_saved_paysim_targets_priority9_stronger_n24,artifacts/priority9_v1_family/stronger_n24_targets_20260917/paysim_priority9_stronger_n24_targets.pt,19,"5996399,5202932,2137197,763930",network.12.weight,parameter,32,2.9999221093058312e-05,1.2679849416421543e-13,1.2679849416421542e-11
PaySim,recomputed_from_saved_paysim_targets_priority9_stronger_n24,artifacts/priority9_v1_family/stronger_n24_targets_20260917/paysim_priority9_stronger_n24_targets.pt,19,"5996399,5202932,2137197,763930",network.12.bias,parameter,1,9.999966025381335e-07,4.2267118528789834e-15,4.2267118528789835e-13
PaySim,recomputed_from_saved_paysim_targets_priority9_stronger_n24,artifacts/priority9_v1_family/stronger_n24_targets_20260917/paysim_priority9_stronger_n24_targets.pt,19,"5996399,5202932,2137197,763930",network.1.running_mean,batchnorm_buffer,128,2799.63627945444,1.1833296049292181e-05,0.0011833296049292182
PaySim,recomputed_from_saved_paysim_targets_priority9_stronger_n24,artifacts/priority9_v1_family/stronger_n24_targets_20260917/paysim_priority9_stronger_n24_targets.pt,19,"5996399,5202932,2137197,763930",network.1.running_var,batchnorm_buffer,128,236586926.89215225,0.9999881655529329,99.99881655529329
PaySim,recomputed_from_saved_paysim_targets_priority9_stronger_n24,artifacts/priority9_v1_family/stronger_n24_targets_20260917/paysim_priority9_stronger_n24_targets.pt,19,"5996399,5202932,2137197,763930",network.5.running_mean,batchnorm_buffer,64,0.04500659826775056,1.9023056865716686e-10,1.9023056865716687e-08
PaySim,recomputed_from_saved_paysim_targets_priority9_stronger_n24,artifacts/priority9_v1_family/stronger_n24_targets_20260917/paysim_priority9_stronger_n24_targets.pt,19,"5996399,5202932,2137197,763930",network.5.running_var,batchnorm_buffer,64,0.1761679493677566,7.446136894866968e-10,7.446136894866968e-08
PaySim,recomputed_from_saved_paysim_targets_priority9_stronger_n24,artifacts/priority9_v1_family/stronger_n24_targets_20260917/paysim_priority9_stronger_n24_targets.pt,19,"5996399,5202932,2137197,763930",network.9.running_mean,batchnorm_buffer,32,0.004955847023587916,2.0947008522316746e-11,2.0947008522316746e-09
PaySim,recomputed_from_saved_paysim_targets_priority9_stronger_n24,artifacts/priority9_v1_family/stronger_n24_targets_20260917/paysim_priority9_stronger_n24_targets.pt,19,"5996399,5202932,2137197,763930",network.9.running_var,batchnorm_buffer,32,0.036746800950027136,1.5531866682011208e-10,1.553186668201121e-08
PaySim,recomputed_from_saved_paysim_targets_priority9_stronger_n24,artifacts/priority9_v1_family/stronger_n24_targets_20260917/paysim_priority9_stronger_n24_targets.pt,20,"6118813,4255970,494761,3448250",network.0.weight,parameter,1664,0.0013316973325937424,3.6170896940090516e-06,0.00036170896940090517
PaySim,recomputed_from_saved_paysim_targets_priority9_stronger_n24,artifacts/priority9_v1_family/stronger_n24_targets_20260917/paysim_priority9_stronger_n24_targets.pt,20,"6118813,4255970,494761,3448250",network.0.bias,parameter,128,8.697757177878775e-08,2.36244130547464e-10,2.36244130547464e-08
PaySim,recomputed_from_saved_paysim_targets_priority9_stronger_n24,artifacts/priority9_v1_family/stronger_n24_targets_20260917/paysim_priority9_stronger_n24_targets.pt,20,"6118813,4255970,494761,3448250",network.1.weight,parameter,128,0.00011100334087998931,3.0150172300455476e-07,3.0150172300455476e-05
PaySim,recomputed_from_saved_paysim_targets_priority9_stronger_n24,artifacts/priority9_v1_family/stronger_n24_targets_20260917/paysim_priority9_stronger_n24_targets.pt,20,"6118813,4255970,494761,3448250",network.1.bias,parameter,128,0.00011099911764734087,3.0149025207124717e-07,3.0149025207124716e-05
PaySim,recomputed_from_saved_paysim_targets_priority9_stronger_n24,artifacts/priority9_v1_family/stronger_n24_targets_20260917/paysim_priority9_stronger_n24_targets.pt,20,"6118813,4255970,494761,3448250",network.4.weight,parameter,8192,0.0067699855129028895,1.8388296069961422e-05,0.0018388296069961423
PaySim,recomputed_from_saved_paysim_targets_priority9_stronger_n24,artifacts/priority9_v1_family/stronger_n24_targets_20260917/paysim_priority9_stronger_n24_targets.pt,20,"6118813,4255970,494761,3448250",network.4.bias,parameter,64,1.5037780330324525e-06,4.084486686449075e-09,4.084486686449075e-07
PaySim,recomputed_from_saved_paysim_targets_priority9_stronger_n24,artifacts/priority9_v1_family/stronger_n24_targets_20260917/paysim_priority9_stronger_n24_targets.pt,20,"6118813,4255970,494761,3448250",network.5.weight,parameter,64,6.0992716232277644e-05,1.65665365465362e-07,1.6566536546536198e-05
PaySim,recomputed_from_saved_paysim_targets_priority9_stronger_n24,artifacts/priority9_v1_family/stronger_n24_targets_20260917/paysim_priority9_stronger_n24_targets.pt,20,"6118813,4255970,494761,3448250",network.5.bias,parameter,64,6.09968312849375e-05,1.6567654256559488e-07,1.6567654256559488e-05
PaySim,recomputed_from_saved_paysim_targets_priority9_stronger_n24,artifacts/priority9_v1_family/stronger_n24_targets_20260917/paysim_priority9_stronger_n24_targets.pt,20,"6118813,4255970,494761,3448250",network.8.weight,parameter,2048,0.0019464686247358367,5.286900731813518e-06,0.0005286900731813518
PaySim,recomputed_from_saved_paysim_targets_priority9_stronger_n24,artifacts/priority9_v1_family/stronger_n24_targets_20260917/paysim_priority9_stronger_n24_targets.pt,20,"6118813,4255970,494761,3448250",network.8.bias,parameter,32,7.933960173359123e-07,2.1549825830048674e-09,2.1549825830048674e-07
PaySim,recomputed_from_saved_paysim_targets_priority9_stronger_n24,artifacts/priority9_v1_family/stronger_n24_targets_20260917/paysim_priority9_stronger_n24_targets.pt,20,"6118813,4255970,494761,3448250",network.9.weight,parameter,32,3.199178726021046e-05,8.689449258447892e-08,8.689449258447891e-06
PaySim,recomputed_from_saved_paysim_targets_priority9_stronger_n24,artifacts/priority9_v1_family/stronger_n24_targets_20260917/paysim_priority9_stronger_n24_targets.pt,20,"6118813,4255970,494761,3448250",network.9.bias,parameter,32,3.199381106584135e-05,8.689998954411908e-08,8.689998954411908e-06
PaySim,recomputed_from_saved_paysim_targets_priority9_stronger_n24,artifacts/priority9_v1_family/stronger_n24_targets_20260917/paysim_priority9_stronger_n24_targets.pt,20,"6118813,4255970,494761,3448250",network.12.weight,parameter,32,3.199961980424813e-05,8.691576694887323e-08,8.691576694887323e-06
PaySim,recomputed_from_saved_paysim_targets_priority9_stronger_n24,artifacts/priority9_v1_family/stronger_n24_targets_20260917/paysim_priority9_stronger_n24_targets.pt,20,"6118813,4255970,494761,3448250",network.12.bias,parameter,1,9.999966025381335e-07,2.716140760032746e-09,2.7161407600327463e-07
PaySim,recomputed_from_saved_paysim_targets_priority9_stronger_n24,artifacts/priority9_v1_family/stronger_n24_targets_20260917/paysim_priority9_stronger_n24_targets.pt,20,"6118813,4255970,494761,3448250",network.1.running_mean,batchnorm_buffer,128,2.9313094313741677,0.007961876076994147,0.7961876076994147
PaySim,recomputed_from_saved_paysim_targets_priority9_stronger_n24,artifacts/priority9_v1_family/stronger_n24_targets_20260917/paysim_priority9_stronger_n24_targets.pt,20,"6118813,4255970,494761,3448250",network.1.running_var,batchnorm_buffer,128,365.10822606764344,0.9916887038701316,99.16887038701316
PaySim,recomputed_from_saved_paysim_targets_priority9_stronger_n24,artifacts/priority9_v1_family/stronger_n24_targets_20260917/paysim_priority9_stronger_n24_targets.pt,20,"6118813,4255970,494761,3448250",network.5.running_mean,batchnorm_buffer,64,0.026257393836086995,7.131901995407912e-05,0.007131901995407912
PaySim,recomputed_from_saved_paysim_targets_priority9_stronger_n24,artifacts/priority9_v1_family/stronger_n24_targets_20260917/paysim_priority9_stronger_n24_targets.pt,20,"6118813,4255970,494761,3448250",network.5.running_var,batchnorm_buffer,64,0.05896569390586648,0.00016015966879770574,0.016015966879770575
PaySim,recomputed_from_saved_paysim_targets_priority9_stronger_n24,artifacts/priority9_v1_family/stronger_n24_targets_20260917/paysim_priority9_stronger_n24_targets.pt,20,"6118813,4255970,494761,3448250",network.9.running_mean,batchnorm_buffer,32,0.008325133170534935,2.2612310361652752e-05,0.0022612310361652755
PaySim,recomputed_from_saved_paysim_targets_priority9_stronger_n24,artifacts/priority9_v1_family/stronger_n24_targets_20260917/paysim_priority9_stronger_n24_targets.pt,20,"6118813,4255970,494761,3448250",network.9.running_var,batchnorm_buffer,32,0.024605611462037213,6.683253127854466e-05,0.006683253127854467
PaySim,recomputed_from_saved_paysim_targets_priority9_stronger_n24,artifacts/priority9_v1_family/stronger_n24_targets_20260917/paysim_priority9_stronger_n24_targets.pt,21,"4213136,149961,4990318,6362504",network.0.weight,parameter,1664,0.0012309165130533653,4.3748296629531437e-07,4.374829662953144e-05
PaySim,recomputed_from_saved_paysim_targets_priority9_stronger_n24,artifacts/priority9_v1_family/stronger_n24_targets_20260917/paysim_priority9_stronger_n24_targets.pt,21,"4213136,149961,4990318,6362504",network.0.bias,parameter,128,1.455770967873993e-06,5.173990230192843e-10,5.173990230192843e-08
PaySim,recomputed_from_saved_paysim_targets_priority9_stronger_n24,artifacts/priority9_v1_family/stronger_n24_targets_20260917/paysim_priority9_stronger_n24_targets.pt,21,"4213136,149961,4990318,6362504",network.1.weight,parameter,128,0.00011199890476021324,3.980579718991896e-08,3.980579718991896e-06
PaySim,recomputed_from_saved_paysim_targets_priority9_stronger_n24,artifacts/priority9_v1_family/stronger_n24_targets_20260917/paysim_priority9_stronger_n24_targets.pt,21,"4213136,149961,4990318,6362504",network.1.bias,parameter,128,0.00011199851869282828,3.98056599767912e-08,3.98056599767912e-06
PaySim,recomputed_from_saved_paysim_targets_priority9_stronger_n24,artifacts/priority9_v1_family/stronger_n24_targets_20260917/paysim_priority9_stronger_n24_targets.pt,21,"4213136,149961,4990318,6362504",network.4.weight,parameter,8192,0.00649548426330222,2.3085755149917237e-06,0.00023085755149917237
PaySim,recomputed_from_saved_paysim_targets_priority9_stronger_n24,artifacts/priority9_v1_family/stronger_n24_targets_20260917/paysim_priority9_stronger_n24_targets.pt,21,"4213136,149961,4990318,6362504",network.4.bias,parameter,64,8.239728088680221e-07,2.9285013625829583e-10,2.9285013625829583e-08
PaySim,recomputed_from_saved_paysim_targets_priority9_stronger_n24,artifacts/priority9_v1_family/stronger_n24_targets_20260917/paysim_priority9_stronger_n24_targets.pt,21,"4213136,149961,4990318,6362504",network.5.weight,parameter,64,5.7996481604760675e-05,2.0612667502692227e-08,2.0612667502692226e-06
PaySim,recomputed_from_saved_paysim_targets_priority9_stronger_n24,artifacts/priority9_v1_family/stronger_n24_targets_20260917/paysim_priority9_stronger_n24_targets.pt,21,"4213136,149961,4990318,6362504",network.5.bias,parameter,64,5.79991885556804e-05,2.061362958655853e-08,2.061362958655853e-06
PaySim,recomputed_from_saved_paysim_targets_priority9_stronger_n24,artifacts/priority9_v1_family/stronger_n24_targets_20260917/paysim_priority9_stronger_n24_targets.pt,21,"4213136,149961,4990318,6362504",network.8.weight,parameter,2048,0.001847249512262872,6.565353438209157e-07,6.565353438209157e-05
PaySim,recomputed_from_saved_paysim_targets_priority9_stronger_n24,artifacts/priority9_v1_family/stronger_n24_targets_20260917/paysim_priority9_stronger_n24_targets.pt,21,"4213136,149961,4990318,6362504",network.8.bias,parameter,32,4.296503316738535e-07,1.5270304653252633e-10,1.5270304653252632e-08
PaySim,recomputed_from_saved_paysim_targets_priority9_stronger_n24,artifacts/priority9_v1_family/stronger_n24_targets_20260917/paysim_priority9_stronger_n24_targets.pt,21,"4213136,149961,4990318,6362504",network.9.weight,parameter,32,3.197121133879932e-05,1.136296428248983e-08,1.136296428248983e-06
PaySim,recomputed_from_saved_paysim_targets_priority9_stronger_n24,artifacts/priority9_v1_family/stronger_n24_targets_20260917/paysim_priority9_stronger_n24_targets.pt,21,"4213136,149961,4990318,6362504",network.9.bias,parameter,32,3.197817376814852e-05,1.1365438816068679e-08,1.1365438816068679e-06
PaySim,recomputed_from_saved_paysim_targets_priority9_stronger_n24,artifacts/priority9_v1_family/stronger_n24_targets_20260917/paysim_priority9_stronger_n24_targets.pt,21,"4213136,149961,4990318,6362504",network.12.weight,parameter,32,3.19986691225301e-05,1.137272311872856e-08,1.137272311872856e-06
PaySim,recomputed_from_saved_paysim_targets_priority9_stronger_n24,artifacts/priority9_v1_family/stronger_n24_targets_20260917/paysim_priority9_stronger_n24_targets.pt,21,"4213136,149961,4990318,6362504",network.12.bias,parameter,1,9.999966025381335e-07,3.5541117153300593e-10,3.554111715330059e-08
PaySim,recomputed_from_saved_paysim_targets_priority9_stronger_n24,artifacts/priority9_v1_family/stronger_n24_targets_20260917/paysim_priority9_stronger_n24_targets.pt,21,"4213136,149961,4990318,6362504",network.1.running_mean,batchnorm_buffer,128,3.9417556750811737,0.0014009487620474706,0.14009487620474706
PaySim,recomputed_from_saved_paysim_targets_priority9_stronger_n24,artifacts/priority9_v1_family/stronger_n24_targets_20260917/paysim_priority9_stronger_n24_targets.pt,21,"4213136,149961,4990318,6362504",network.1.running_var,batchnorm_buffer,128,2809.537549692915,0.9985444245189341,99.8544424518934
PaySim,recomputed_from_saved_paysim_targets_priority9_stronger_n24,artifacts/priority9_v1_family/stronger_n24_targets_20260917/paysim_priority9_stronger_n24_targets.pt,21,"4213136,149961,4990318,6362504",network.5.running_mean,batchnorm_buffer,64,0.022719809452412604,8.074901528658645e-06,0.0008074901528658645
PaySim,recomputed_from_saved_paysim_targets_priority9_stronger_n24,artifacts/priority9_v1_family/stronger_n24_targets_20260917/paysim_priority9_stronger_n24_targets.pt,21,"4213136,149961,4990318,6362504",network.5.running_var,batchnorm_buffer,64,0.09679662179199999,3.440271763345327e-05,0.0034402717633453274
PaySim,recomputed_from_saved_paysim_targets_priority9_stronger_n24,artifacts/priority9_v1_family/stronger_n24_targets_20260917/paysim_priority9_stronger_n24_targets.pt,21,"4213136,149961,4990318,6362504",network.9.running_mean,batchnorm_buffer,32,0.009084470451768203,3.2287332555180256e-06,0.0003228733255518026
PaySim,recomputed_from_saved_paysim_targets_priority9_stronger_n24,artifacts/priority9_v1_family/stronger_n24_targets_20260917/paysim_priority9_stronger_n24_targets.pt,21,"4213136,149961,4990318,6362504",network.9.running_var,batchnorm_buffer,32,0.01508533705676296,5.3615155318589566e-06,0.0005361515531858956
PaySim,recomputed_from_saved_paysim_targets_priority9_stronger_n24,artifacts/priority9_v1_family/stronger_n24_targets_20260917/paysim_priority9_stronger_n24_targets.pt,22,"45473,4256187,6135684,4772560",network.0.weight,parameter,1664,0.0011870177520152624,1.6821449588788214e-07,1.6821449588788213e-05
PaySim,recomputed_from_saved_paysim_targets_priority9_stronger_n24,artifacts/priority9_v1_family/stronger_n24_targets_20260917/paysim_priority9_stronger_n24_targets.pt,22,"45473,4256187,6135684,4772560",network.0.bias,parameter,128,3.6251010476859996e-08,5.137198194751962e-12,5.137198194751962e-10
PaySim,recomputed_from_saved_paysim_targets_priority9_stronger_n24,artifacts/priority9_v1_family/stronger_n24_targets_20260917/paysim_priority9_stronger_n24_targets.pt,22,"45473,4256187,6135684,4772560",network.1.weight,parameter,128,0.00010800234526087138,1.5305213449354445e-08,1.5305213449354445e-06
PaySim,recomputed_from_saved_paysim_targets_priority9_stronger_n24,artifacts/priority9_v1_family/stronger_n24_targets_20260917/paysim_priority9_stronger_n24_targets.pt,22,"45473,4256187,6135684,4772560",network.1.bias,parameter,128,0.00010799860677573037,1.5304683661663984e-08,1.5304683661663984e-06
PaySim,recomputed_from_saved_paysim_targets_priority9_stronger_n24,artifacts/priority9_v1_family/stronger_n24_targets_20260917/paysim_priority9_stronger_n24_targets.pt,22,"45473,4256187,6135684,4772560",network.4.weight,parameter,8192,0.0065873850350889,9.335105991596075e-07,9.335105991596075e-05
PaySim,recomputed_from_saved_paysim_targets_priority9_stronger_n24,artifacts/priority9_v1_family/stronger_n24_targets_20260917/paysim_priority9_stronger_n24_targets.pt,22,"45473,4256187,6135684,4772560",network.4.bias,parameter,64,8.51668442125933e-07,1.2069152075662443e-10,1.2069152075662443e-08
PaySim,recomputed_from_saved_paysim_targets_priority9_stronger_n24,artifacts/priority9_v1_family/stronger_n24_targets_20260917/paysim_priority9_stronger_n24_targets.pt,22,"45473,4256187,6135684,4772560",network.5.weight,parameter,64,6.10003367320644e-05,8.644471302096699e-09,8.644471302096699e-07
PaySim,recomputed_from_saved_paysim_targets_priority9_stronger_n24,artifacts/priority9_v1_family/stronger_n24_targets_20260917/paysim_priority9_stronger_n24_targets.pt,22,"45473,4256187,6135684,4772560",network.5.bias,parameter,64,6.0999387867185056e-05,8.644336836687843e-09,8.644336836687843e-07
PaySim,recomputed_from_saved_paysim_targets_priority9_stronger_n24,artifacts/priority9_v1_family/stronger_n24_targets_20260917/paysim_priority9_stronger_n24_targets.pt,22,"45473,4256187,6135684,4772560",network.8.weight,parameter,2048,0.0019485023999517726,2.761259032459706e-07,2.7612590324597062e-05
PaySim,recomputed_from_saved_paysim_targets_priority9_stronger_n24,artifacts/priority9_v1_family/stronger_n24_targets_20260917/paysim_priority9_stronger_n24_targets.pt,22,"45473,4256187,6135684,4772560",network.8.bias,parameter,32,4.158239315940962e-07,5.892718361832781e-11,5.892718361832781e-09
PaySim,recomputed_from_saved_paysim_targets_priority9_stronger_n24,artifacts/priority9_v1_family/stronger_n24_targets_20260917/paysim_priority9_stronger_n24_targets.pt,22,"45473,4256187,6135684,4772560",network.9.weight,parameter,32,3.198833816853153e-05,4.5331269647612174e-09,4.5331269647612173e-07
PaySim,recomputed_from_saved_paysim_targets_priority9_stronger_n24,artifacts/priority9_v1_family/stronger_n24_targets_20260917/paysim_priority9_stronger_n24_targets.pt,22,"45473,4256187,6135684,4772560",network.9.bias,parameter,32,3.198958529045462e-05,4.533303696731104e-09,4.5333036967311036e-07
PaySim,recomputed_from_saved_paysim_targets_priority9_stronger_n24,artifacts/priority9_v1_family/stronger_n24_targets_20260917/paysim_priority9_stronger_n24_targets.pt,22,"45473,4256187,6135684,4772560",network.12.weight,parameter,32,3.199957160983153e-05,4.534718876644724e-09,4.5347188766447237e-07
PaySim,recomputed_from_saved_paysim_targets_priority9_stronger_n24,artifacts/priority9_v1_family/stronger_n24_targets_20260917/paysim_priority9_stronger_n24_targets.pt,22,"45473,4256187,6135684,4772560",network.12.bias,parameter,1,9.999966025381335e-07,1.4171138055851425e-10,1.4171138055851425e-08
PaySim,recomputed_from_saved_paysim_targets_priority9_stronger_n24,artifacts/priority9_v1_family/stronger_n24_targets_20260917/paysim_priority9_stronger_n24_targets.pt,22,"45473,4256187,6135684,4772560",network.1.running_mean,batchnorm_buffer,128,13.942739298413553,0.001975851547625922,0.1975851547625922
PaySim,recomputed_from_saved_paysim_targets_priority9_stronger_n24,artifacts/priority9_v1_family/stronger_n24_targets_20260917/paysim_priority9_stronger_n24_targets.pt,22,"45473,4256187,6135684,4772560",network.1.running_var,batchnorm_buffer,128,7042.472863472752,0.9980019427021398,99.80019427021398
PaySim,recomputed_from_saved_paysim_targets_priority9_stronger_n24,artifacts/priority9_v1_family/stronger_n24_targets_20260917/paysim_priority9_stronger_n24_targets.pt,22,"45473,4256187,6135684,4772560",network.5.running_mean,batchnorm_buffer,64,0.021773256015219466,3.085528652136659e-06,0.0003085528652136659
PaySim,recomputed_from_saved_paysim_targets_priority9_stronger_n24,artifacts/priority9_v1_family/stronger_n24_targets_20260917/paysim_priority9_stronger_n24_targets.pt,22,"45473,4256187,6135684,4772560",network.5.running_var,batchnorm_buffer,64,0.10032450189899667,1.4217171970251722e-05,0.001421717197025172
PaySim,recomputed_from_saved_paysim_targets_priority9_stronger_n24,artifacts/priority9_v1_family/stronger_n24_targets_20260917/paysim_priority9_stronger_n24_targets.pt,22,"45473,4256187,6135684,4772560",network.9.running_mean,batchnorm_buffer,32,0.008232890160024254,1.1666981943762696e-06,0.00011666981943762696
PaySim,recomputed_from_saved_paysim_targets_priority9_stronger_n24,artifacts/priority9_v1_family/stronger_n24_targets_20260917/paysim_priority9_stronger_n24_targets.pt,22,"45473,4256187,6135684,4772560",network.9.running_var,batchnorm_buffer,32,0.01620664681444045,2.2966740971612686e-06,0.00022966740971612685
PaySim,recomputed_from_saved_paysim_targets_priority9_stronger_n24,artifacts/priority9_v1_family/stronger_n24_targets_20260917/paysim_priority9_stronger_n24_targets.pt,23,"640784,1073463,6362518,849547",network.0.weight,parameter,1664,0.0012206546850747047,5.669516380944066e-07,5.669516380944066e-05
PaySim,recomputed_from_saved_paysim_targets_priority9_stronger_n24,artifacts/priority9_v1_family/stronger_n24_targets_20260917/paysim_priority9_stronger_n24_targets.pt,23,"640784,1073463,6362518,849547",network.0.bias,parameter,128,5.017494736263631e-07,2.330451760548998e-10,2.3304517605489982e-08
PaySim,recomputed_from_saved_paysim_targets_priority9_stronger_n24,artifacts/priority9_v1_family/stronger_n24_targets_20260917/paysim_priority9_stronger_n24_targets.pt,23,"640784,1073463,6362518,849547",network.1.weight,parameter,128,0.00011100250642925857,5.155680277326058e-08,5.155680277326058e-06
PaySim,recomputed_from_saved_paysim_targets_priority9_stronger_n24,artifacts/priority9_v1_family/stronger_n24_targets_20260917/paysim_priority9_stronger_n24_targets.pt,23,"640784,1073463,6362518,849547",network.1.bias,parameter,128,0.00011099926898403437,5.155529909257549e-08,5.15552990925755e-06
PaySim,recomputed_from_saved_paysim_targets_priority9_stronger_n24,artifacts/priority9_v1_family/stronger_n24_targets_20260917/paysim_priority9_stronger_n24_targets.pt,23,"640784,1073463,6362518,849547",network.4.weight,parameter,8192,0.0066597677809951215,3.093230459794169e-06,0.0003093230459794169
PaySim,recomputed_from_saved_paysim_targets_priority9_stronger_n24,artifacts/priority9_v1_family/stronger_n24_targets_20260917/paysim_priority9_stronger_n24_targets.pt,23,"640784,1073463,6362518,849547",network.4.bias,parameter,64,7.671159942052226e-07,3.562986935133527e-10,3.5629869351335274e-08
PaySim,recomputed_from_saved_paysim_targets_priority9_stronger_n24,artifacts/priority9_v1_family/stronger_n24_targets_20260917/paysim_priority9_stronger_n24_targets.pt,23,"640784,1073463,6362518,849547",network.5.weight,parameter,64,6.000107773473928e-05,2.7868413340058057e-08,2.7868413340058055e-06
PaySim,recomputed_from_saved_paysim_targets_priority9_stronger_n24,artifacts/priority9_v1_family/stronger_n24_targets_20260917/paysim_priority9_stronger_n24_targets.pt,23,"640784,1073463,6362518,849547",network.5.bias,parameter,64,5.9999456691469885e-05,2.7867660421850928e-08,2.786766042185093e-06
PaySim,recomputed_from_saved_paysim_targets_priority9_stronger_n24,artifacts/priority9_v1_family/stronger_n24_targets_20260917/paysim_priority9_stronger_n24_targets.pt,23,"640784,1073463,6362518,849547",network.8.weight,parameter,2048,0.00191468382023602,8.893040280668998e-07,8.893040280668998e-05
PaySim,recomputed_from_saved_paysim_targets_priority9_stronger_n24,artifacts/priority9_v1_family/stronger_n24_targets_20260917/paysim_priority9_stronger_n24_targets.pt,23,"640784,1073463,6362518,849547",network.8.bias,parameter,32,2.2912077178582901e-07,1.0641862803113764e-10,1.0641862803113764e-08
PaySim,recomputed_from_saved_paysim_targets_priority9_stronger_n24,artifacts/priority9_v1_family/stronger_n24_targets_20260917/paysim_priority9_stronger_n24_targets.pt,23,"640784,1073463,6362518,849547",network.9.weight,parameter,32,3.199071570847423e-05,1.4858574580100778e-08,1.4858574580100779e-06
PaySim,recomputed_from_saved_paysim_targets_priority9_stronger_n24,artifacts/priority9_v1_family/stronger_n24_targets_20260917/paysim_priority9_stronger_n24_targets.pt,23,"640784,1073463,6362518,849547",network.9.bias,parameter,32,3.199205691687551e-05,1.485919752474633e-08,1.485919752474633e-06
PaySim,recomputed_from_saved_paysim_targets_priority9_stronger_n24,artifacts/priority9_v1_family/stronger_n24_targets_20260917/paysim_priority9_stronger_n24_targets.pt,23,"640784,1073463,6362518,849547",network.12.weight,parameter,32,3.199959326297434e-05,1.4862697895341079e-08,1.486269789534108e-06
PaySim,recomputed_from_saved_paysim_targets_priority9_stronger_n24,artifacts/priority9_v1_family/stronger_n24_targets_20260917/paysim_priority9_stronger_n24_targets.pt,23,"640784,1073463,6362518,849547",network.12.bias,parameter,1,9.999966025381335e-07,4.6446363482653446e-10,4.6446363482653446e-08
PaySim,recomputed_from_saved_paysim_targets_priority9_stronger_n24,artifacts/priority9_v1_family/stronger_n24_targets_20260917/paysim_priority9_stronger_n24_targets.pt,23,"640784,1073463,6362518,849547",network.1.running_mean,batchnorm_buffer,128,13.46124300875238,0.006252279099008223,0.6252279099008223
PaySim,recomputed_from_saved_paysim_targets_priority9_stronger_n24,artifacts/priority9_v1_family/stronger_n24_targets_20260917/paysim_priority9_stronger_n24_targets.pt,23,"640784,1073463,6362518,849547",network.1.running_var,batchnorm_buffer,128,2139.211161490143,0.9935891674085116,99.35891674085116
PaySim,recomputed_from_saved_paysim_targets_priority9_stronger_n24,artifacts/priority9_v1_family/stronger_n24_targets_20260917/paysim_priority9_stronger_n24_targets.pt,23,"640784,1073463,6362518,849547",network.5.running_mean,batchnorm_buffer,64,0.02888647223070593,1.3416761472524902e-05,0.0013416761472524901
PaySim,recomputed_from_saved_paysim_targets_priority9_stronger_n24,artifacts/priority9_v1_family/stronger_n24_targets_20260917/paysim_priority9_stronger_n24_targets.pt,23,"640784,1073463,6362518,849547",network.5.running_var,batchnorm_buffer,64,0.2660266275397869,0.0001235601141785502,0.01235601141785502
PaySim,recomputed_from_saved_paysim_targets_priority9_stronger_n24,artifacts/priority9_v1_family/stronger_n24_targets_20260917/paysim_priority9_stronger_n24_targets.pt,23,"640784,1073463,6362518,849547",network.9.running_mean,batchnorm_buffer,32,0.006748415399967445,3.1344041950069678e-06,0.0003134404195006968
PaySim,recomputed_from_saved_paysim_targets_priority9_stronger_n24,artifacts/priority9_v1_family/stronger_n24_targets_20260917/paysim_priority9_stronger_n24_targets.pt,23,"640784,1073463,6362518,849547",network.9.running_var,batchnorm_buffer,32,0.029470748849317774,1.3688137636539685e-05,0.0013688137636539684
