group_id,tensor,tensor_index,block_index,block_size,block_seed,attenuated_elements,rank,condition_number
0,network.0.weight,0,0,256,524186101,0,256,1.1904761904761907
0,network.0.weight,0,1,256,524138741,0,256,1.1904761904761907
0,network.0.weight,0,2,256,524320094,0,256,1.1904634141192276
0,network.0.weight,0,3,256,524444720,0,256,1.1904761904761914
0,network.0.weight,0,4,256,524562006,0,256,1.1904761904761911
0,network.0.weight,0,5,256,524621363,0,256,1.1904570663310594
0,network.0.weight,0,6,128,524706681,0,128,1.190476190476191
0,network.0.bias,1,0,128,525014548,0,128,1.190476190476191
0,network.1.weight,2,0,128,526058524,12,128,1.1904761904761914
0,network.1.bias,3,0,128,527253453,16,128,1.190476190476191
0,network.4.weight,4,0,256,528269940,30,256,1.189772938800885
0,network.4.weight,4,1,256,528375827,28,256,1.1904761904761907
0,network.4.weight,4,2,256,528379274,31,256,1.1899353233422811
0,network.4.weight,4,3,256,528556628,31,256,1.1893853617753563
0,network.4.weight,4,4,256,528642230,31,256,1.1894917063921715
0,network.4.weight,4,5,256,528758367,29,256,1.189733438947057
0,network.4.weight,4,6,256,528867089,31,256,1.1904761904761905
0,network.4.weight,4,7,256,528940915,27,256,1.1897220706798404
0,network.4.weight,4,8,256,529053643,31,256,1.1899327088868956
0,network.4.weight,4,9,256,529165920,29,256,1.1904761904761911
0,network.4.weight,4,10,256,529243842,31,256,1.1904761904761916
0,network.4.weight,4,11,256,528789677,0,256,1.1904761904761916
0,network.4.weight,4,12,256,529430707,30,256,1.1904761904761907
0,network.4.weight,4,13,256,529459400,31,256,1.1904761904761907
0,network.4.weight,4,14,256,529643351,31,256,1.1895424334481624
0,network.4.weight,4,15,256,529718624,30,256,1.1904761904761911
0,network.4.weight,4,16,256,529834615,28,256,1.189930553711911
0,network.4.weight,4,17,256,529898837,31,256,1.1898602839737606
0,network.4.weight,4,18,256,530037172,27,256,1.1904761904761907
0,network.4.weight,4,19,256,530118037,23,256,1.1904761904761905
0,network.4.weight,4,20,256,530189206,31,256,1.1889154956527
0,network.4.weight,4,21,256,530328163,31,256,1.1900506751368942
0,network.4.weight,4,22,256,530403504,28,256,1.189427038350114
0,network.4.weight,4,23,256,530524088,30,256,1.190476190476192
0,network.4.weight,4,24,256,530600292,26,256,1.19047619047619
0,network.4.weight,4,25,256,530685801,31,256,1.1894201249926468
0,network.4.weight,4,26,256,530815691,27,256,1.1904761904761911
0,network.4.weight,4,27,256,530887651,30,256,1.1894717493788296
0,network.4.weight,4,28,256,530961228,31,256,1.190084303159442
0,network.4.weight,4,29,256,531131347,26,256,1.1904761904761905
0,network.4.weight,4,30,256,531144270,31,256,1.1904761904761911
0,network.4.weight,4,31,256,531288070,31,256,1.189864806165894
0,network.4.bias,5,0,64,529080757,0,64,1.1904761904761914
0,network.5.weight,6,0,64,530061436,5,64,1.190476190476191
0,network.5.bias,7,0,64,531227812,8,64,1.1904761904761907
0,network.8.weight,8,0,256,532326297,31,256,1.1904761904761896
0,network.8.weight,8,1,256,532376720,31,256,1.1898300444568872
0,network.8.weight,8,2,256,532462096,30,256,1.1898942721249626
0,network.8.weight,8,3,256,532510173,31,256,1.1904761904761907
0,network.8.weight,8,4,256,532590610,30,256,1.1904761904761907
0,network.8.weight,8,5,256,532755900,31,256,1.1904761904761898
0,network.8.weight,8,6,256,532821584,31,256,1.1904761904761914
0,network.8.weight,8,7,256,532859193,0,256,1.1904761904761911
0,network.8.bias,9,0,32,533073285,4,32,1.19047619047619
0,network.9.weight,10,0,32,534030347,4,32,1.188470002169425
0,network.9.bias,11,0,32,535064094,4,32,1.1886870556348719
0,network.12.weight,12,0,32,536110971,3,32,1.1892073915400043
0,network.12.bias,13,0,1,528089316,0,1,1.0
0,network.1.running_mean,14,0,128,538389512,16,128,1.1904761904761907
0,network.1.running_var,15,0,128,539353515,16,128,1.1896130654803272
0,network.5.running_mean,17,0,64,541326083,8,64,1.1899621666634048
0,network.5.running_var,18,0,64,542307887,8,64,1.190476190476191
0,network.9.running_mean,20,0,32,544301620,4,32,1.190476190476191
0,network.9.running_var,21,0,32,545291696,4,32,1.1877983781831958
1,network.0.weight,0,0,256,81272822,0,256,1.1904761904761905
1,network.0.weight,0,1,256,81361084,0,256,1.190476190476191
1,network.0.weight,0,2,256,81495104,0,256,1.1904314307526696
1,network.0.weight,0,3,256,81612638,0,256,1.1904761904761914
1,network.0.weight,0,4,256,81743381,0,256,1.1904761904761905
1,network.0.weight,0,5,256,81761615,0,256,1.1904761904761905
1,network.0.weight,0,6,128,81868716,0,128,1.190476190476191
1,network.0.bias,1,0,128,82244616,0,128,1.190429860544139
1,network.1.weight,2,0,128,83345370,14,128,1.1904761904761905
1,network.1.bias,3,0,128,84511586,16,128,1.1891657263947963
1,network.4.weight,4,0,256,85513582,31,256,1.1904761904761907
1,network.4.weight,4,1,256,85640751,31,256,1.1904761904761907
1,network.4.weight,4,2,256,85700707,31,256,1.188866740548743
1,network.4.weight,4,3,256,85800760,31,256,1.18972752870554
1,network.4.weight,4,4,256,85882946,31,256,1.190476190476191
1,network.4.weight,4,5,256,85925738,31,256,1.1896418417750243
1,network.4.weight,4,6,256,86155955,31,256,1.1899644714569704
1,network.4.weight,4,7,256,86191704,31,256,1.1904761904761916
1,network.4.weight,4,8,256,86274800,0,256,1.1904761904761916
1,network.4.weight,4,9,256,86418257,31,256,1.1898689261502313
1,network.4.weight,4,10,256,86519655,31,256,1.1893566516238827
1,network.4.weight,4,11,256,86537567,31,256,1.1898181689510081
1,network.4.weight,4,12,256,86684284,30,256,1.1904761904761905
1,network.4.weight,4,13,256,86785941,31,256,1.1904761904761916
1,network.4.weight,4,14,256,86333847,0,256,1.1904761904761907
1,network.4.weight,4,15,256,86983838,31,256,1.1904761904761907
1,network.4.weight,4,16,256,87069862,31,256,1.1904761904761907
1,network.4.weight,4,17,256,87138461,31,256,1.1893870625306946
1,network.4.weight,4,18,256,87282881,30,256,1.1904761904761905
1,network.4.weight,4,19,256,87344002,31,256,1.1897726417091938
1,network.4.weight,4,20,256,87451365,30,256,1.1903029892373764
1,network.4.weight,4,21,256,87552039,31,256,1.1904761904761902
1,network.4.weight,4,22,256,87663697,30,256,1.188728642566925
1,network.4.weight,4,23,256,87713590,0,256,1.190476190476191
1,network.4.weight,4,24,256,87876362,31,256,1.1904761904761911
1,network.4.weight,4,25,256,87969423,31,256,1.1904761904761907
1,network.4.weight,4,26,256,88046926,30,256,1.1892805427225033
1,network.4.weight,4,27,256,87599580,0,256,1.1904761904761911
1,network.4.weight,4,28,256,88212037,31,256,1.1893317441765483
1,network.4.weight,4,29,256,88328036,31,256,1.1904761904761916
1,network.4.weight,4,30,256,88460395,31,256,1.1904761904761896
1,network.4.weight,4,31,256,87988694,0,256,1.1904656402031923
1,network.4.bias,5,0,64,86260670,0,64,1.190476190476191
1,network.5.weight,6,0,64,87301512,5,64,1.1904761904761914
1,network.5.bias,7,0,64,88448991,8,64,1.1904761904761902
1,network.8.weight,8,0,256,89524103,31,256,1.1904761904761911
1,network.8.weight,8,1,256,89474674,31,256,1.1899466624624992
1,network.8.weight,8,2,256,89674942,0,256,1.1904761904761905
1,network.8.weight,8,3,256,89833502,31,256,1.1904761904761911
1,network.8.weight,8,4,256,89910725,31,256,1.1899013468433604
1,network.8.weight,8,5,256,89920814,31,256,1.1904761904761905
1,network.8.weight,8,6,256,89999242,31,256,1.1904761904761916
1,network.8.weight,8,7,256,90038704,0,256,1.190476190476191
1,network.8.bias,9,0,32,90278696,0,32,1.1904761904761916
1,network.9.weight,10,0,32,91241751,4,32,1.1864920529308394
1,network.9.bias,11,0,32,92342185,4,32,1.185832369164652
1,network.12.weight,12,0,32,93366201,4,32,1.1884652966648692
1,network.12.bias,13,0,1,85342097,0,1,1.0
1,network.1.running_mean,14,0,128,95690858,16,128,1.1904761904761905
1,network.1.running_var,15,0,128,96569584,16,128,1.1896692865027447
1,network.5.running_mean,17,0,64,98522790,8,64,1.190476190476191
1,network.5.running_var,18,0,64,99535850,8,64,1.1885011476524976
1,network.9.running_mean,20,0,32,101584159,4,32,1.1904761904761911
1,network.9.running_var,21,0,32,102506630,4,32,1.1904761904761905
2,network.0.weight,0,0,256,1939082325,0,256,1.190476190476191
2,network.0.weight,0,1,256,1939192485,0,256,1.1904761904761914
2,network.0.weight,0,2,256,1939317913,0,256,1.1904761904761914
2,network.0.weight,0,3,256,1939227938,0,256,1.1904761904761905
2,network.0.weight,0,4,256,1939567914,0,256,1.1904761904761905
2,network.0.weight,0,5,256,1939645515,0,256,1.1904761904761898
2,network.0.weight,0,6,128,1939313356,0,128,1.1904761904761911
2,network.0.bias,1,0,128,1940040810,0,128,1.190476190476191
2,network.1.weight,2,0,128,1941131241,0,128,1.1904022055406214
2,network.1.bias,3,0,128,1942308141,0,128,1.19047619047619
2,network.4.weight,4,0,256,1943326135,0,256,1.1904761904761911
2,network.4.weight,4,1,256,1942834662,0,256,1.1904761904761907
2,network.4.weight,4,2,256,1943506153,0,256,1.1904761904761911
2,network.4.weight,4,3,256,1943639935,0,256,1.1904761904761914
2,network.4.weight,4,4,256,1943720071,0,256,1.190476190476192
2,network.4.weight,4,5,256,1943806670,0,256,1.1904761904761916
2,network.4.weight,4,6,256,1943882782,0,256,1.190459036424634
2,network.4.weight,4,7,256,1943420254,0,256,1.1904761904761911
2,network.4.weight,4,8,256,1943986996,0,256,1.1904761904761905
2,network.4.weight,4,9,256,1944222944,0,256,1.1904761904761911
2,network.4.weight,4,10,256,1944358414,0,256,1.1904761904761911
2,network.4.weight,4,11,256,1943807144,0,256,1.190476190476191
2,network.4.weight,4,12,256,1944515179,0,256,1.1904761904761905
2,network.4.weight,4,13,256,1944421147,0,256,1.1904761904761907
2,network.4.weight,4,14,256,1944700722,0,256,1.1904761904761916
2,network.4.weight,4,15,256,1944710236,0,256,1.1904761904761905
2,network.4.weight,4,16,256,1944791684,0,256,1.190476190476191
2,network.4.weight,4,17,256,1944893194,0,256,1.1904761904761902
2,network.4.weight,4,18,256,1944929023,0,256,1.1904761904761916
2,network.4.weight,4,19,256,1945118439,0,256,1.1904761904761914
2,network.4.weight,4,20,256,1945139034,0,256,1.1904761904761916
2,network.4.weight,4,21,256,1945390186,0,256,1.1904761904761905
2,network.4.weight,4,22,256,1945441872,0,256,1.1904761904761914
2,network.4.weight,4,23,256,1945492699,0,256,1.1904761904761916
2,network.4.weight,4,24,256,1945587928,0,256,1.1904761904761911
2,network.4.weight,4,25,256,1945768343,0,256,1.1904761904761907
2,network.4.weight,4,26,256,1945895384,0,256,1.1904761904761916
2,network.4.weight,4,27,256,1945941958,0,256,1.1904761904761916
2,network.4.weight,4,28,256,1946056089,0,256,1.1904761904761905
2,network.4.weight,4,29,256,1946171020,0,256,1.1904761904761911
2,network.4.weight,4,30,256,1946277757,0,256,1.1904761904761911
2,network.4.weight,4,31,256,1945755962,0,256,1.1904761904761911
2,network.4.bias,5,0,64,1944040041,0,64,1.1904761904761907
2,network.5.weight,6,0,64,1945056239,5,64,1.1893065960169809
2,network.5.bias,7,0,64,1946215257,8,64,1.19047619047619
2,network.8.weight,8,0,256,1947290991,31,256,1.190476190476191
2,network.8.weight,8,1,256,1947413394,31,256,1.1904761904761914
2,network.8.weight,8,2,256,1947421241,31,256,1.1898194660113555
2,network.8.weight,8,3,256,1947532070,31,256,1.1898341984796519
2,network.8.weight,8,4,256,1947646819,31,256,1.1897202640926783
2,network.8.weight,8,5,256,1947732035,31,256,1.1904761904761911
2,network.8.weight,8,6,256,1947826589,31,256,1.1899620283850707
2,network.8.weight,8,7,256,1947857861,31,256,1.1900849093221064
2,network.8.bias,9,0,32,1948025857,0,32,1.1904761904761916
2,network.9.weight,10,0,32,1949070801,4,32,1.1837877647656854
2,network.9.bias,11,0,32,1950164384,4,32,1.190476190476191
2,network.12.weight,12,0,32,1951185212,4,32,1.1871020215381183
2,network.12.bias,13,0,1,1943110731,0,1,1.0
2,network.1.running_mean,14,0,128,1953381642,16,128,1.189494890433344
2,network.1.running_var,15,0,128,1954352810,16,128,1.1891781374730777
2,network.5.running_mean,17,0,64,1956312519,8,64,1.1904761904761902
2,network.5.running_var,18,0,64,1957328556,8,64,1.1904761904761911
2,network.9.running_mean,20,0,32,1959248080,4,32,1.1904761904761907
2,network.9.running_var,21,0,32,1960246287,4,32,1.186764882790262
3,network.0.weight,0,0,256,401512295,0,256,1.190476190476191
3,network.0.weight,0,1,256,401336380,0,256,1.1904761904761911
3,network.0.weight,0,2,256,401656246,0,256,1.1904761904761914
3,network.0.weight,0,3,256,401828356,0,256,1.1904761904761916
3,network.0.weight,0,4,256,401906033,0,256,1.1904761904761911
3,network.0.weight,0,5,256,401959054,0,256,1.1904761904761905
3,network.0.weight,0,6,128,401901271,0,128,1.1904761904761916
3,network.0.bias,1,0,128,402379386,0,128,1.1904761904761905
3,network.1.weight,2,0,128,403491177,16,128,1.1904761904761911
3,network.1.bias,3,0,128,404634280,16,128,1.1904761904761907
3,network.4.weight,4,0,256,405704960,31,256,1.1899304825226562
3,network.4.weight,4,1,256,405750876,31,256,1.189819996291152
3,network.4.weight,4,2,256,405812732,31,256,1.1890642075806275
3,network.4.weight,4,3,256,405987692,31,256,1.1897321134818832
3,network.4.weight,4,4,256,405480736,0,256,1.190476190476192
3,network.4.weight,4,5,256,406155193,31,256,1.189954001852012
3,network.4.weight,4,6,256,406269209,31,256,1.1904761904761905
3,network.4.weight,4,7,256,406277516,31,256,1.190083244653191
3,network.4.weight,4,8,256,406439948,31,256,1.189769832826898
3,network.4.weight,4,9,256,406574498,31,256,1.1904761904761914
3,network.4.weight,4,10,256,406691107,31,256,1.1898996422949313
3,network.4.weight,4,11,256,406689483,31,256,1.190476190476191
3,network.4.weight,4,12,256,406852274,31,256,1.1904761904761907
3,network.4.weight,4,13,256,406929439,31,256,1.189722449472947
3,network.4.weight,4,14,256,406455492,0,256,1.1904761904761911
3,network.4.weight,4,15,256,407052292,0,256,1.190476190476191
3,network.4.weight,4,16,256,407161623,31,256,1.189667459161021
3,network.4.weight,4,17,256,407285752,31,256,1.1896470852378944
3,network.4.weight,4,18,256,407384831,31,256,1.18918084838945
3,network.4.weight,4,19,256,407504109,31,256,1.1904761904761916
3,network.4.weight,4,20,256,407584217,31,256,1.1904761904761907
3,network.4.weight,4,21,256,407734993,31,256,1.1904761904761914
3,network.4.weight,4,22,256,407202416,0,256,1.1904761904761911
3,network.4.weight,4,23,256,407923021,31,256,1.1901022979041282
3,network.4.weight,4,24,256,407934822,31,256,1.1897786347005237
3,network.4.weight,4,25,256,407966185,0,256,1.1904761904761907
3,network.4.weight,4,26,256,408208086,31,256,1.1901525669522732
3,network.4.weight,4,27,256,408272540,31,256,1.1904761904761916
3,network.4.weight,4,28,256,408348121,0,256,1.1904761904761911
3,network.4.weight,4,29,256,408479896,31,256,1.189453955939829
3,network.4.weight,4,30,256,408628159,31,256,1.190476190476191
3,network.4.weight,4,31,256,408680479,31,256,1.1904761904761911
3,network.4.bias,5,0,64,406430373,0,64,1.1904761904761905
3,network.5.weight,6,0,64,407395867,8,64,1.1904761904761907
3,network.5.bias,7,0,64,408548556,8,64,1.1895385499069249
3,network.8.weight,8,0,256,409601314,31,256,1.1900413405238548
3,network.8.weight,8,1,256,409585647,31,256,1.19047619047619
3,network.8.weight,8,2,256,409791229,31,256,1.190476190476191
3,network.8.weight,8,3,256,409817520,31,256,1.190476190476191
3,network.8.weight,8,4,256,409984939,31,256,1.1904761904761907
3,network.8.weight,8,5,256,409981474,0,256,1.1904761904761916
3,network.8.weight,8,6,256,410097751,31,256,1.1904761904761916
3,network.8.weight,8,7,256,410267272,31,256,1.1904761904761905
3,network.8.bias,9,0,32,410430778,4,32,1.190476190476191
3,network.9.weight,10,0,32,411330202,4,32,1.1877031512193983
3,network.9.bias,11,0,32,412439491,4,32,1.190476190476191
3,network.12.weight,12,0,32,413475553,4,32,1.1879886157287334
3,network.12.bias,13,0,1,405463356,0,1,1.0
3,network.1.running_mean,14,0,128,415719863,16,128,1.1904761904761918
3,network.1.running_var,15,0,128,416917654,16,128,1.1904761904761907
3,network.5.running_mean,17,0,64,418670995,8,64,1.1904761904761914
3,network.5.running_var,18,0,64,419760284,8,64,1.1904761904761905
3,network.9.running_mean,20,0,32,421713202,4,32,1.1859994931184503
3,network.9.running_var,21,0,32,422636024,4,32,1.1904761904761902
4,network.0.weight,0,0,256,516436452,0,256,1.1904761904761914
4,network.0.weight,0,1,256,516576622,0,256,1.1904761904761916
4,network.0.weight,0,2,256,516566061,0,256,1.1904761904761911
4,network.0.weight,0,3,256,516908219,0,256,1.1904761904761916
4,network.0.weight,0,4,256,517082764,0,256,1.1904761904761914
4,network.0.weight,0,5,256,517108112,0,256,1.1904761904761911
4,network.0.weight,0,6,128,517193651,0,128,1.1904761904761902
4,network.0.bias,1,0,128,517419523,0,128,1.1904761904761911
4,network.1.weight,2,0,128,518495741,0,128,1.1904761904761914
4,network.1.bias,3,0,128,519605016,0,128,1.1904761904761911
4,network.4.weight,4,0,256,520641502,0,256,1.1904761904761914
4,network.4.weight,4,1,256,520762679,0,256,1.1904761904761907
4,network.4.weight,4,2,256,520812573,0,256,1.1904761904761911
4,network.4.weight,4,3,256,520897419,0,256,1.1904761904761911
4,network.4.weight,4,4,256,520996034,0,256,1.190476190476192
4,network.4.weight,4,5,256,521116313,0,256,1.1904761904761911
4,network.4.weight,4,6,256,521253619,0,256,1.1904761904761916
4,network.4.weight,4,7,256,521305432,0,256,1.1904761904761907
4,network.4.weight,4,8,256,521388230,0,256,1.1904761904761918
4,network.4.weight,4,9,256,521508964,0,256,1.1904761904761911
4,network.4.weight,4,10,256,521606989,0,256,1.1904761904761905
4,network.4.weight,4,11,256,521676283,0,256,1.190476190476191
4,network.4.weight,4,12,256,521815402,0,256,1.190476190476193
4,network.4.weight,4,13,256,521897270,0,256,1.1904761904761907
4,network.4.weight,4,14,256,521988344,0,256,1.1904761904761911
4,network.4.weight,4,15,256,522067440,0,256,1.1904761904761918
4,network.4.weight,4,16,256,522200513,0,256,1.190476190476191
4,network.4.weight,4,17,256,522266904,0,256,1.1904761904761905
4,network.4.weight,4,18,256,522388684,0,256,1.1904761904761907
4,network.4.weight,4,19,256,522489718,0,256,1.1904761904761907
4,network.4.weight,4,20,256,522572174,0,256,1.190476190476191
4,network.4.weight,4,21,256,522662906,0,256,1.1904761904761911
4,network.4.weight,4,22,256,522763272,0,256,1.1904761904761905
4,network.4.weight,4,23,256,522852164,0,256,1.1904761904761907
4,network.4.weight,4,24,256,522968554,0,256,1.1904761904761907
4,network.4.weight,4,25,256,523044982,0,256,1.1904761904761911
4,network.4.weight,4,26,256,523154308,0,256,1.1904761904761922
4,network.4.weight,4,27,256,523276433,0,256,1.190476190476191
4,network.4.weight,4,28,256,522924841,0,256,1.1904761904761911
4,network.4.weight,4,29,256,523453455,0,256,1.190476190476191
4,network.4.weight,4,30,256,523592896,0,256,1.1904761904761911
4,network.4.weight,4,31,256,523665526,0,256,1.1904761904761905
4,network.4.bias,5,0,64,521589110,8,64,1.190476190476191
4,network.5.weight,6,0,64,522547705,8,64,1.19047619047619
4,network.5.bias,7,0,64,523715424,7,64,1.1904761904761907
4,network.8.weight,8,0,256,524805384,31,256,1.1904761904761911
4,network.8.weight,8,1,256,524751084,30,256,1.190476190476191
4,network.8.weight,8,2,256,524960581,31,256,1.1904761904761898
4,network.8.weight,8,3,256,524923908,31,256,1.1904761904761911
4,network.8.weight,8,4,256,525110008,31,256,1.1899589670364839
4,network.8.weight,8,5,256,525218608,31,256,1.1904761904761911
4,network.8.weight,8,6,256,525258825,31,256,1.1904761904761907
4,network.8.weight,8,7,256,525435137,31,256,1.1903766832278984
4,network.8.bias,9,0,32,525593042,4,32,1.1891508289236823
4,network.9.weight,10,0,32,526498868,4,32,1.1879386499676872
4,network.9.bias,11,0,32,527594174,4,32,1.1875646598043155
4,network.12.weight,12,0,32,528651058,4,32,1.1904761904761905
4,network.12.bias,13,0,1,520572351,0,1,1.0
4,network.1.running_mean,14,0,128,530869827,16,128,1.1904761904761907
4,network.1.running_var,15,0,128,531787160,16,128,1.1890164021693335
4,network.5.running_mean,17,0,64,533728225,8,64,1.1904761904761916
4,network.5.running_var,18,0,64,534776451,8,64,1.189368696542942
4,network.9.running_mean,20,0,32,536738311,4,32,1.1879150908863976
4,network.9.running_var,21,0,32,537738616,4,32,1.1873215923352787
5,network.0.weight,0,0,256,723353848,0,256,1.1904761904761925
5,network.0.weight,0,1,256,723392707,0,256,1.1904761904761902
5,network.0.weight,0,2,256,723262603,0,256,1.1904761904761914
5,network.0.weight,0,3,256,723613234,0,256,1.1904761904761911
5,network.0.weight,0,4,256,723628877,0,256,1.1904761904761911
5,network.0.weight,0,5,256,723563286,0,256,1.1904761904761907
5,network.0.weight,0,6,128,723850801,0,128,1.1904761904761905
5,network.0.bias,1,0,128,724245032,0,128,1.1904761904761911
5,network.1.weight,2,0,128,725278800,0,128,1.1904761904761918
5,network.1.bias,3,0,128,726392159,0,128,1.1904761904761905
5,network.4.weight,4,0,256,727454477,0,256,1.1904761904761916
5,network.4.weight,4,1,256,727497877,0,256,1.190476190476191
5,network.4.weight,4,2,256,727559509,0,256,1.1904761904761907
5,network.4.weight,4,3,256,727737850,0,256,1.1904761904761916
5,network.4.weight,4,4,256,727781925,0,256,1.1904083036090678
5,network.4.weight,4,5,256,727827839,0,256,1.1904761904761905
5,network.4.weight,4,6,256,727934688,0,256,1.1904761904761907
5,network.4.weight,4,7,256,728129209,0,256,1.1904761904761905
5,network.4.weight,4,8,256,728199930,0,256,1.1904761904761911
5,network.4.weight,4,9,256,728323905,0,256,1.1904761904761907
5,network.4.weight,4,10,256,728431713,0,256,1.190476190476191
5,network.4.weight,4,11,256,728448672,0,256,1.1904761904761914
5,network.4.weight,4,12,256,728622260,0,256,1.1904761904761902
5,network.4.weight,4,13,256,728665427,0,256,1.1904761904761914
5,network.4.weight,4,14,256,728800945,0,256,1.1904761904761914
5,network.4.weight,4,15,256,728897932,0,256,1.1904761904761911
5,network.4.weight,4,16,256,728965301,0,256,1.1904761904761914
5,network.4.weight,4,17,256,729062998,0,256,1.1904761904761905
5,network.4.weight,4,18,256,729117376,0,256,1.1904761904761914
5,network.4.weight,4,19,256,729267789,0,256,1.1904761904761907
5,network.4.weight,4,20,256,729366398,0,256,1.190476190476191
5,network.4.weight,4,21,256,729469556,0,256,1.1904761904761914
5,network.4.weight,4,22,256,729560642,0,256,1.190476190476191
5,network.4.weight,4,23,256,729605487,0,256,1.1904761904761914
5,network.4.weight,4,24,256,729756831,0,256,1.1904761904761918
5,network.4.weight,4,25,256,729814207,0,256,1.1904761904761911
5,network.4.weight,4,26,256,729996450,0,256,1.190466146528357
5,network.4.weight,4,27,256,730067650,0,256,1.190476190476191
5,network.4.weight,4,28,256,729651204,0,256,1.1904761904761911
5,network.4.weight,4,29,256,730281572,0,256,1.1904761904761907
5,network.4.weight,4,30,256,730285077,0,256,1.190476190476191
5,network.4.weight,4,31,256,729943421,0,256,1.1904761904761905
5,network.4.bias,5,0,64,728340567,0,64,1.1904761904761911
5,network.5.weight,6,0,64,729287131,5,64,1.1904761904761916
5,network.5.bias,7,0,64,730432878,8,64,1.1904761904761911
5,network.8.weight,8,0,256,731505123,31,256,1.1892811754859978
5,network.8.weight,8,1,256,731504773,31,256,1.190476190476191
5,network.8.weight,8,2,256,731704560,31,256,1.1895477735144517
5,network.8.weight,8,3,256,731663913,31,256,1.1904761904761916
5,network.8.weight,8,4,256,731886725,31,256,1.1897719611147777
5,network.8.weight,8,5,256,731932478,31,256,1.1897750314310447
5,network.8.weight,8,6,256,731957440,31,256,1.1904761904761905
5,network.8.weight,8,7,256,732182073,31,256,1.1904761904761925
5,network.8.bias,9,0,32,732261584,0,32,1.1904761904761905
5,network.9.weight,10,0,32,733206763,4,32,1.1904761904761907
5,network.9.bias,11,0,32,734295002,4,32,1.183910682359796
5,network.12.weight,12,0,32,735359870,2,32,1.187484183749931
5,network.12.bias,13,0,1,727297766,0,1,1.0
5,network.1.running_mean,14,0,128,737595298,16,128,1.189680558829271
5,network.1.running_var,15,0,128,738740508,16,128,1.1904761904761907
5,network.5.running_mean,17,0,64,740536630,8,64,1.1895411246568115
5,network.5.running_var,18,0,64,741629813,8,64,1.1894536819511312
5,network.9.running_mean,20,0,32,743456614,4,32,1.1871107947000732
5,network.9.running_var,21,0,32,744457641,4,32,1.1904761904761907
6,network.0.weight,0,0,256,503255644,31,256,1.1899309697052594
6,network.0.weight,0,1,256,503232962,0,256,1.190476190476191
6,network.0.weight,0,2,256,503384687,0,256,1.1904761904761916
6,network.0.weight,0,3,256,503501963,0,256,1.1904761904761905
6,network.0.weight,0,4,256,503590163,31,256,1.1896690540498804
6,network.0.weight,0,5,256,503695885,0,256,1.1904761904761911
6,network.0.weight,0,6,128,503581245,0,128,1.1903546682694128
6,network.0.bias,1,0,128,504064435,0,128,1.1904761904761914
6,network.1.weight,2,0,128,505162294,14,128,1.190476190476191
6,network.1.bias,3,0,128,506294239,16,128,1.1904761904761911
6,network.4.weight,4,0,256,506787058,0,256,1.1904761904761907
6,network.4.weight,4,1,256,507478063,31,256,1.1904761904761911
6,network.4.weight,4,2,256,507558461,31,256,1.1899010958438516
6,network.4.weight,4,3,256,507650126,30,256,1.1904761904761914
6,network.4.weight,4,4,256,507175970,0,256,1.1904761904761905
6,network.4.weight,4,5,256,507275355,0,256,1.1904761904761911
6,network.4.weight,4,6,256,507938455,31,256,1.1904761904761922
6,network.4.weight,4,7,256,507973711,31,256,1.19018173918781
6,network.4.weight,4,8,256,507567888,0,256,1.1904761904761911
6,network.4.weight,4,9,256,508232639,31,256,1.1904761904761905
6,network.4.weight,4,10,256,507764072,0,256,1.1904761904761911
6,network.4.weight,4,11,256,508386237,0,256,1.1904761904761911
6,network.4.weight,4,12,256,508370355,31,256,1.1902705424554407
6,network.4.weight,4,13,256,508522732,0,256,1.1904761904761907
6,network.4.weight,4,14,256,508654871,31,256,1.1899945332817545
6,network.4.weight,4,15,256,508787615,30,256,1.1893815467473465
6,network.4.weight,4,16,256,508858457,31,256,1.1904761904761911
6,network.4.weight,4,17,256,508950331,29,256,1.1892776770411067
6,network.4.weight,4,18,256,509073381,31,256,1.1899340303812087
6,network.4.weight,4,19,256,509098542,31,256,1.189930381203417
6,network.4.weight,4,20,256,509288996,31,256,1.190476190476191
6,network.4.weight,4,21,256,509386414,31,256,1.1899590625696785
6,network.4.weight,4,22,256,509496145,31,256,1.1900268809198185
6,network.4.weight,4,23,256,509026603,0,256,1.1904761904761914
6,network.4.weight,4,24,256,509656679,0,256,1.1904761904761907
6,network.4.weight,4,25,256,509715238,31,256,1.1904761904761911
6,network.4.weight,4,26,256,509895176,29,256,1.190476190476191
6,network.4.weight,4,27,256,509991091,31,256,1.1904761904761911
6,network.4.weight,4,28,256,510057631,31,256,1.1896680834680426
6,network.4.weight,4,29,256,510231915,31,256,1.1896593019986064
6,network.4.weight,4,30,256,510187093,31,256,1.1901938668923222
6,network.4.weight,4,31,256,510331370,31,256,1.189824593562766
6,network.4.bias,5,0,64,507920062,0,64,1.1904761904761907
6,network.5.weight,6,0,64,509048885,0,64,1.1893212851847912
6,network.5.bias,7,0,64,510181234,0,64,1.1904761904761907
6,network.8.weight,8,0,256,511249379,0,256,1.1904761904761907
6,network.8.weight,8,1,256,511322331,0,256,1.1904761904761925
6,network.8.weight,8,2,256,511303349,0,256,1.1904761904761907
6,network.8.weight,8,3,256,511563198,0,256,1.1904761904761918
6,network.8.weight,8,4,256,511627240,0,256,1.190476190476191
6,network.8.weight,8,5,256,511723552,0,256,1.1904761904761907
6,network.8.weight,8,6,256,511765998,0,256,1.1904761904761905
6,network.8.weight,8,7,256,511487119,0,256,1.1904761904761907
6,network.8.bias,9,0,32,512174660,4,32,1.1864920529308396
6,network.9.weight,10,0,32,513081059,4,32,1.190476190476191
6,network.9.bias,11,0,32,514153974,4,32,1.1904761904761907
6,network.12.weight,12,0,32,515222949,4,32,1.189071501517843
6,network.12.bias,13,0,1,507160596,0,1,1.0
6,network.1.running_mean,14,0,128,517535980,16,128,1.1891777195376638
6,network.1.running_var,15,0,128,518630557,16,128,1.1904761904761905
6,network.5.running_mean,17,0,64,520399555,8,64,1.19047619047619
6,network.5.running_var,18,0,64,521411691,8,64,1.1883535035361796
6,network.9.running_mean,20,0,32,523395871,4,32,1.1886006659150492
6,network.9.running_var,21,0,32,524387238,4,32,1.18530924563236
7,network.0.weight,0,0,256,1466807865,0,256,1.190476190476191
7,network.0.weight,0,1,256,1466878849,0,256,1.1904761904761911
7,network.0.weight,0,2,256,1467173940,0,256,1.1904761904761911
7,network.0.weight,0,3,256,1467275212,0,256,1.1904761904761907
7,network.0.weight,0,4,256,1467377788,0,256,1.1904621622978038
7,network.0.weight,0,5,256,1467210283,0,256,1.1904761904761918
7,network.0.weight,0,6,128,1467516512,0,128,1.1904761904761905
7,network.0.bias,1,0,128,1467871148,0,128,1.1904761904761905
7,network.1.weight,2,0,128,1468857065,0,128,1.1904761904761907
7,network.1.bias,3,0,128,1469973688,0,128,1.1904761904761905
7,network.4.weight,4,0,256,1471006117,0,256,1.190476190476192
7,network.4.weight,4,1,256,1471062058,0,256,1.190476190476191
7,network.4.weight,4,2,256,1471168757,0,256,1.1904761904761911
7,network.4.weight,4,3,256,1471299909,0,256,1.190476190476192
7,network.4.weight,4,4,256,1471317396,0,256,1.190476190476191
7,network.4.weight,4,5,256,1471407126,0,256,1.1904761904761911
7,network.4.weight,4,6,256,1471599573,0,256,1.1904761904761907
7,network.4.weight,4,7,256,1471628360,0,256,1.1904761904761907
7,network.4.weight,4,8,256,1471753945,0,256,1.1904667668360134
7,network.4.weight,4,9,256,1471886442,0,256,1.1904761904761914
7,network.4.weight,4,10,256,1471939756,0,256,1.1904761904761907
7,network.4.weight,4,11,256,1472068236,0,256,1.190476190476191
7,network.4.weight,4,12,256,1471757054,0,256,1.1904761904761911
7,network.4.weight,4,13,256,1472196679,0,256,1.1904761904761914
7,network.4.weight,4,14,256,1472364616,0,256,1.1904761904761905
7,network.4.weight,4,15,256,1472050773,0,256,1.1904761904761911
7,network.4.weight,4,16,256,1472551017,0,256,1.1904761904761902
7,network.4.weight,4,17,256,1472615813,0,256,1.190476190476191
7,network.4.weight,4,18,256,1472342410,0,256,1.1904761904761905
7,network.4.weight,4,19,256,1472780925,0,256,1.1904761904761911
7,network.4.weight,4,20,256,1472903663,0,256,1.1904761904761918
7,network.4.weight,4,21,256,1473061409,0,256,1.190476190476191
7,network.4.weight,4,22,256,1473138716,0,256,1.1904761904761911
7,network.4.weight,4,23,256,1473240446,0,256,1.1904667668360134
7,network.4.weight,4,24,256,1473318696,0,256,1.1904761904761911
7,network.4.weight,4,25,256,1473455869,0,256,1.1904761904761905
7,network.4.weight,4,26,256,1473542349,0,256,1.1904761904761916
7,network.4.weight,4,27,256,1473219623,0,256,1.1904761904761914
7,network.4.weight,4,28,256,1473316064,0,256,1.1904761904761905
7,network.4.weight,4,29,256,1473825977,0,256,1.1904761904761907
7,network.4.weight,4,30,256,1473876905,0,256,1.1904667668360134
7,network.4.weight,4,31,256,1473609967,0,256,1.190465281080735
7,network.4.bias,5,0,64,1471889904,0,64,1.1898395912083786
7,network.5.weight,6,0,64,1472877739,8,64,1.1889897007158068
7,network.5.bias,7,0,64,1474004568,8,64,1.188502138887118
7,network.8.weight,8,0,256,1475101713,0,256,1.1904761904761902
7,network.8.weight,8,1,256,1475129767,0,256,1.1904282062398859
7,network.8.weight,8,2,256,1475255445,0,256,1.1904761904761905
7,network.8.weight,8,3,256,1475319666,0,256,1.190476190476191
7,network.8.weight,8,4,256,1475464363,0,256,1.1904761904761907
7,network.8.weight,8,5,256,1475471487,0,256,1.1904761904761905
7,network.8.weight,8,6,256,1475524617,0,256,1.1904761904761907
7,network.8.weight,8,7,256,1475694889,0,256,1.1904761904761911
7,network.8.bias,9,0,32,1475933458,0,32,1.1904761904761905
7,network.9.weight,10,0,32,1476902647,3,32,1.1904761904761911
7,network.9.bias,11,0,32,1477985331,4,32,1.1904761904761907
7,network.12.weight,12,0,32,1478996843,4,32,1.1891567547307462
7,network.12.bias,13,0,1,1470967470,0,1,1.0
7,network.1.running_mean,14,0,128,1481241546,16,128,1.1892688262866644
7,network.1.running_var,15,0,128,1482378824,16,128,1.1889798751842626
7,network.5.running_mean,17,0,64,1484144200,8,64,1.1904761904761898
7,network.5.running_var,18,0,64,1485143772,8,64,1.1894584981151866
7,network.9.running_mean,20,0,32,1487202385,4,32,1.1864920529308396
7,network.9.running_var,21,0,32,1488183205,4,32,1.1904761904761907
8,network.0.weight,0,0,256,2143831065,0,256,1.1904761904761911
8,network.0.weight,0,1,256,2143682660,0,256,1.190476190476191
8,network.0.weight,0,2,256,2143907568,0,256,1.1904761904761898
8,network.0.weight,0,3,256,2144129940,0,256,1.1904761904761911
8,network.0.weight,0,4,256,2144202176,0,256,1.1904761904761907
8,network.0.weight,0,5,256,2144039603,0,256,1.1904761904761916
8,network.0.weight,0,6,128,2144365992,0,128,1.190476190476191
8,network.0.bias,1,0,128,2144739382,0,128,1.1904761904761911
8,network.1.weight,2,0,128,2145798455,0,128,1.1904761904761911
8,network.1.bias,3,0,128,2146919874,0,128,1.1903872595112495
8,network.4.weight,4,0,256,469172,0,256,1.1904761904761916
8,network.4.weight,4,1,256,585016,0,256,1.1904667668360138
8,network.4.weight,4,2,256,652072,0,256,1.1904761904761911
8,network.4.weight,4,3,256,718135,0,256,1.1904761904761907
8,network.4.weight,4,4,256,838136,0,256,1.1904761904761914
8,network.4.weight,4,5,256,974017,0,256,1.1904761904761911
8,network.4.weight,4,6,256,1066567,0,256,1.1904761904761907
8,network.4.weight,4,7,256,1125070,0,256,1.1904761904761916
8,network.4.weight,4,8,256,1139739,0,256,1.1904761904761907
8,network.4.weight,4,9,256,1355339,0,256,1.1904761904761914
8,network.4.weight,4,10,256,1466072,0,256,1.190476190476191
8,network.4.weight,4,11,256,1532223,0,256,1.1904761904761905
8,network.4.weight,4,12,256,1549317,0,256,1.190476190476191
8,network.4.weight,4,13,256,1672824,0,256,1.1904761904761905
8,network.4.weight,4,14,256,1782004,0,256,1.1904761904761911
8,network.4.weight,4,15,256,1919526,0,256,1.1904761904761907
8,network.4.weight,4,16,256,2007404,0,256,1.1904761904761916
8,network.4.weight,4,17,256,2090142,0,256,1.1904761904761918
8,network.4.weight,4,18,256,2183272,0,256,1.1904761904761907
8,network.4.weight,4,19,256,2329724,0,256,1.1904761904761914
8,network.4.weight,4,20,256,2382434,0,256,1.190476190476191
8,network.4.weight,4,21,256,2505940,0,256,1.1904761904761914
8,network.4.weight,4,22,256,2606676,0,256,1.1904761904761905
8,network.4.weight,4,23,256,2181667,0,256,1.1904761904761914
8,network.4.weight,4,24,256,2825836,0,256,1.1904761904761914
8,network.4.weight,4,25,256,2888000,0,256,1.1904761904761902
8,network.4.weight,4,26,256,2981982,0,256,1.1904761904761911
8,network.4.weight,4,27,256,3103466,0,256,1.1904761904761905
8,network.4.weight,4,28,256,3129108,0,256,1.1904761904761907
8,network.4.weight,4,29,256,3307274,0,256,1.1904761904761907
8,network.4.weight,4,30,256,3333080,0,256,1.1904761904761905
8,network.4.weight,4,31,256,3434475,0,256,1.1904761904761918
8,network.4.bias,5,0,64,1316195,0,64,1.1904761904761911
8,network.5.weight,6,0,64,2321418,4,64,1.189544838508069
8,network.5.bias,7,0,64,3495546,8,64,1.1895334899895413
8,network.8.weight,8,0,256,4535235,30,256,1.1902367942915062
8,network.8.weight,8,1,256,4528506,0,256,1.1904761904761916
8,network.8.weight,8,2,256,4696190,31,256,1.1904761904761905
8,network.8.weight,8,3,256,4837402,0,256,1.1904761904761911
8,network.8.weight,8,4,256,4926629,31,256,1.1896741699132967
8,network.8.weight,8,5,256,5032506,31,256,1.1895368976139775
8,network.8.weight,8,6,256,4991859,31,256,1.1896054303325163
8,network.8.weight,8,7,256,5200175,31,256,1.1900497394672018
8,network.8.bias,9,0,32,5290966,0,32,1.1904761904761905
8,network.9.weight,10,0,32,6239587,4,32,1.189071501517844
8,network.9.bias,11,0,32,7352806,4,32,1.1904761904761907
8,network.12.weight,12,0,32,8364582,4,32,1.19047619047619
8,network.12.bias,13,0,1,315496,0,1,1.0
8,network.1.running_mean,14,0,128,10654068,16,128,1.18909165891973
8,network.1.running_var,15,0,128,11607171,16,128,1.1893647923155404
8,network.5.running_mean,17,0,64,13508354,8,64,1.1904761904761907
8,network.5.running_var,18,0,64,14571739,8,64,1.1904761904761907
8,network.9.running_mean,20,0,32,16542778,4,32,1.1882029037348167
8,network.9.running_var,21,0,32,17591398,4,32,1.1904761904761907
9,network.0.weight,0,0,256,1032725106,0,256,1.1904761904761911
9,network.0.weight,0,1,256,1032588586,0,256,1.1904761904761907
9,network.0.weight,0,2,256,1032825298,0,256,1.1904761904761911
9,network.0.weight,0,3,256,1032979904,0,256,1.190476190476191
9,network.0.weight,0,4,256,1032990044,0,256,1.190476190476192
9,network.0.weight,0,5,256,1032923066,0,256,1.1904761904761916
9,network.0.weight,0,6,128,1033193531,0,128,1.1904761904761914
9,network.0.bias,1,0,128,1033616227,0,128,1.1904761904761916
9,network.1.weight,2,0,128,1034632238,0,128,1.1904761904761907
9,network.1.bias,3,0,128,1035737321,0,128,1.1904761904761907
9,network.4.weight,4,0,256,1036774039,0,256,1.1904761904761916
9,network.4.weight,4,1,256,1036907352,0,256,1.190476190476191
9,network.4.weight,4,2,256,1036980447,0,256,1.1904761904761916
9,network.4.weight,4,3,256,1037076351,0,256,1.190476190476192
9,network.4.weight,4,4,256,1036704547,0,256,1.1904761904761916
9,network.4.weight,4,5,256,1037180886,0,256,1.190476190476191
9,network.4.weight,4,6,256,1037351547,0,256,1.190476190476191
9,network.4.weight,4,7,256,1037460678,0,256,1.1904761904761907
9,network.4.weight,4,8,256,1037093709,0,256,1.1904761904761911
9,network.4.weight,4,9,256,1037637037,0,256,1.1904761904761907
9,network.4.weight,4,10,256,1037747191,0,256,1.190476190476191
9,network.4.weight,4,11,256,1037840795,0,256,1.1904761904761918
9,network.4.weight,4,12,256,1037980621,0,256,1.1904761904761914
9,network.4.weight,4,13,256,1038000673,0,256,1.190476190476191
9,network.4.weight,4,14,256,1038132313,0,256,1.1904761904761905
9,network.4.weight,4,15,256,1038233905,0,256,1.1904761904761907
9,network.4.weight,4,16,256,1038310945,0,256,1.1904761904761911
9,network.4.weight,4,17,256,1038403940,0,256,1.1904761904761916
9,network.4.weight,4,18,256,1038500936,0,256,1.1904761904761914
9,network.4.weight,4,19,256,1038613825,0,256,1.1904761904761914
9,network.4.weight,4,20,256,1038717204,0,256,1.1904761904761914
9,network.4.weight,4,21,256,1038818042,0,256,1.1904761904761907
9,network.4.weight,4,22,256,1038906479,0,256,1.190476190476191
9,network.4.weight,4,23,256,1038963055,0,256,1.1904761904761916
9,network.4.weight,4,24,256,1039099419,0,256,1.1904761904761911
9,network.4.weight,4,25,256,1039172349,0,256,1.1904761904761907
9,network.4.weight,4,26,256,1039302131,0,256,1.1904761904761911
9,network.4.weight,4,27,256,1038945332,0,256,1.1904761904761907
9,network.4.weight,4,28,256,1039461372,0,256,1.190476190476191
9,network.4.weight,4,29,256,1039598750,0,256,1.1904761904761907
9,network.4.weight,4,30,256,1039703909,0,256,1.1904761904761911
9,network.4.weight,4,31,256,1039789972,0,256,1.1904761904761905
9,network.4.bias,5,0,64,1037689368,0,64,1.1904761904761914
9,network.5.weight,6,0,64,1038626555,7,64,1.1904761904761914
9,network.5.bias,7,0,64,1039773467,8,64,1.189926064805792
9,network.8.weight,8,0,256,1040832417,31,256,1.1896509746807127
9,network.8.weight,8,1,256,1040869674,31,256,1.1904761904761907
9,network.8.weight,8,2,256,1041024380,31,256,1.1886934811486045
9,network.8.weight,8,3,256,1041084486,31,256,1.1904761904761918
9,network.8.weight,8,4,256,1041152689,31,256,1.1904761904761916
9,network.8.weight,8,5,256,1041191674,31,256,1.189533576220356
9,network.8.weight,8,6,256,1041312307,31,256,1.189899126450171
9,network.8.weight,8,7,256,1041525561,31,256,1.1904761904761905
9,network.8.bias,9,0,32,1041668631,4,32,1.187926734944592
9,network.9.weight,10,0,32,1042613648,4,32,1.1904761904761902
9,network.9.bias,11,0,32,1043677310,4,32,1.1877187465829715
9,network.12.weight,12,0,32,1044726954,0,32,1.190476190476191
9,network.12.bias,13,0,1,1036690169,0,1,1.0
9,network.1.running_mean,14,0,128,1046999351,16,128,1.1904761904761907
9,network.1.running_var,15,0,128,1047972404,16,128,1.1904761904761911
9,network.5.running_mean,17,0,64,1049944986,8,64,1.1904761904761905
9,network.5.running_var,18,0,64,1050965261,8,64,1.1904761904761902
9,network.9.running_mean,20,0,32,1052874383,4,32,1.1904761904761902
9,network.9.running_var,21,0,32,1053996235,4,32,1.1904761904761905
10,network.0.weight,0,0,256,1876912361,0,256,1.1904761904761916
10,network.0.weight,0,1,256,1876919156,0,256,1.1904761904761905
10,network.0.weight,0,2,256,1877070966,0,256,1.1904761904761918
10,network.0.weight,0,3,256,1877170068,0,256,1.1904761904761911
10,network.0.weight,0,4,256,1877308338,0,256,1.1904761904761914
10,network.0.weight,0,5,256,1877350771,0,256,1.1904761904761914
10,network.0.weight,0,6,128,1877310420,0,128,1.1904282062398852
10,network.0.bias,1,0,128,1877760591,0,128,1.1904761904761907
10,network.1.weight,2,0,128,1878875182,0,128,1.1904356905985947
10,network.1.bias,3,0,128,1879998820,0,128,1.1904761904761907
10,network.4.weight,4,0,256,1881061757,0,256,1.1904761904761911
10,network.4.weight,4,1,256,1881160438,0,256,1.1904761904761907
10,network.4.weight,4,2,256,1881270764,0,256,1.1904761904761916
10,network.4.weight,4,3,256,1881349018,0,256,1.190476190476191
10,network.4.weight,4,4,256,1881434071,0,256,1.1904761904761911
10,network.4.weight,4,5,256,1881481408,0,256,1.1904761904761907
10,network.4.weight,4,6,256,1881643702,0,256,1.1904761904761907
10,network.4.weight,4,7,256,1881727627,0,256,1.1904761904761907
10,network.4.weight,4,8,256,1881316316,0,256,1.1904761904761916
10,network.4.weight,4,9,256,1881960523,0,256,1.1904761904761911
10,network.4.weight,4,10,256,1881912600,0,256,1.1904761904761911
10,network.4.weight,4,11,256,1882096583,0,256,1.1904761904761905
10,network.4.weight,4,12,256,1882232621,0,256,1.1904761904761907
10,network.4.weight,4,13,256,1882315622,0,256,1.1904761904761911
10,network.4.weight,4,14,256,1882407603,0,256,1.1904761904761907
10,network.4.weight,4,15,256,1882550012,0,256,1.1904761904761914
10,network.4.weight,4,16,256,1882588777,0,256,1.190476190476191
10,network.4.weight,4,17,256,1882695454,0,256,1.1904761904761907
10,network.4.weight,4,18,256,1882812718,0,256,1.1904761904761911
10,network.4.weight,4,19,256,1882922620,0,256,1.190476190476192
10,network.4.weight,4,20,256,1882954648,0,256,1.1904761904761911
10,network.4.weight,4,21,256,1883036362,0,256,1.1904761904761911
10,network.4.weight,4,22,256,1883144721,0,256,1.190476190476191
10,network.4.weight,4,23,256,1883266486,0,256,1.1904761904761911
10,network.4.weight,4,24,256,1883419772,0,256,1.190476190476191
10,network.4.weight,4,25,256,1883372672,0,256,1.1904761904761911
10,network.4.weight,4,26,256,1883612031,0,256,1.1904761904761911
10,network.4.weight,4,27,256,1883703183,0,256,1.1904761904761907
10,network.4.weight,4,28,256,1883737597,0,256,1.1904761904761911
10,network.4.weight,4,29,256,1883884690,0,256,1.1904761904761911
10,network.4.weight,4,30,256,1883917759,0,256,1.1904761904761916
10,network.4.weight,4,31,256,1884032754,0,256,1.1904761904761887
10,network.4.bias,5,0,64,1881766542,0,64,1.1904761904761905
10,network.5.weight,6,0,64,1882881516,5,64,1.1904761904761911
10,network.5.bias,7,0,64,1884029397,8,64,1.19047619047619
10,network.8.weight,8,0,256,1884959384,31,256,1.1895407825707482
10,network.8.weight,8,1,256,1885140442,31,256,1.1890805941899967
10,network.8.weight,8,2,256,1885320236,31,256,1.1891928689358617
10,network.8.weight,8,3,256,1885433210,31,256,1.1898205400175572
10,network.8.weight,8,4,256,1885351507,31,256,1.190476190476191
10,network.8.weight,8,5,256,1885550202,31,256,1.1891057725370935
10,network.8.weight,8,6,256,1885665441,31,256,1.1891583940976818
10,network.8.weight,8,7,256,1885245501,0,256,1.1904761904761911
10,network.8.bias,9,0,32,1885851079,0,32,1.1904761904761911
10,network.9.weight,10,0,32,1886809021,4,32,1.1882717222021724
10,network.9.bias,11,0,32,1887898127,4,32,1.1871005455744699
10,network.12.weight,12,0,32,1888924464,3,32,1.1897089611704958
10,network.12.bias,13,0,1,1880913946,0,1,1.0
10,network.1.running_mean,14,0,128,1891304261,16,128,1.1893460457416987
10,network.1.running_var,15,0,128,1892181166,16,128,1.1899926899073097
10,network.5.running_mean,17,0,64,1894121646,8,64,1.188881870395987
10,network.5.running_var,18,0,64,1895157210,8,64,1.1904761904761902
10,network.9.running_mean,20,0,32,1897145983,4,32,1.1904761904761907
10,network.9.running_var,21,0,32,1898091944,4,32,1.1852855090541985
11,network.0.weight,0,0,256,9860439,0,256,1.190476190476191
11,network.0.weight,0,1,256,9798707,0,256,1.1904761904761905
11,network.0.weight,0,2,256,9982429,0,256,1.1904761904761905
11,network.0.weight,0,3,256,10148440,0,256,1.1904761904761916
11,network.0.weight,0,4,256,10001261,0,256,1.1904761904761905
11,network.0.weight,0,5,256,10335650,0,256,1.1904761904761907
11,network.0.weight,0,6,128,10158575,0,128,1.1904761904761911
11,network.0.bias,1,0,128,10667632,0,128,1.190476190476191
11,network.1.weight,2,0,128,11717203,0,128,1.1904761904761911
11,network.1.bias,3,0,128,12837048,0,128,1.1904761904761907
11,network.4.weight,4,0,256,13862747,0,256,1.1904761904761911
11,network.4.weight,4,1,256,13974734,0,256,1.1904761904761911
11,network.4.weight,4,2,256,14063457,0,256,1.1904761904761911
11,network.4.weight,4,3,256,13692705,0,256,1.1904761904761911
11,network.4.weight,4,4,256,14195412,0,256,1.1904761904761911
11,network.4.weight,4,5,256,14359140,0,256,1.1904761904761907
11,network.4.weight,4,6,256,14479036,0,256,1.1904761904761905
11,network.4.weight,4,7,256,14494679,0,256,1.1904761904761907
11,network.4.weight,4,8,256,14680498,0,256,1.190476190476192
11,network.4.weight,4,9,256,14765266,0,256,1.190476190476191
11,network.4.weight,4,10,256,14870437,0,256,1.1904761904761905
11,network.4.weight,4,11,256,14916347,0,256,1.1904761904761907
11,network.4.weight,4,12,256,14969678,0,256,1.1904761904761916
11,network.4.weight,4,13,256,15108474,0,256,1.1904761904761907
11,network.4.weight,4,14,256,15230516,0,256,1.1904761904761927
11,network.4.weight,4,15,256,15334717,0,256,1.1904761904761902
11,network.4.weight,4,16,256,15426844,0,256,1.1904761904761905
11,network.4.weight,4,17,256,15477579,0,256,1.19047619047619
11,network.4.weight,4,18,256,15582188,0,256,1.1904761904761916
11,network.4.weight,4,19,256,15691385,0,256,1.1904761904761911
11,network.4.weight,4,20,256,15801175,0,256,1.1904761904761914
11,network.4.weight,4,21,256,15900915,0,256,1.1904761904761916
11,network.4.weight,4,22,256,15919292,0,256,1.190476190476191
11,network.4.weight,4,23,256,16096409,0,256,1.1904761904761905
11,network.4.weight,4,24,256,15736902,0,256,1.1904761904761907
11,network.4.weight,4,25,256,16251927,0,256,1.1904761904761914
11,network.4.weight,4,26,256,16383401,0,256,1.1904761904761911
11,network.4.weight,4,27,256,16461731,0,256,1.190476190476191
11,network.4.weight,4,28,256,16595908,0,256,1.1904761904761911
11,network.4.weight,4,29,256,16672929,0,256,1.1904761904761914
11,network.4.weight,4,30,256,16796441,0,256,1.1904761904761914
11,network.4.weight,4,31,256,16898745,0,256,1.190439370061822
11,network.4.bias,5,0,64,14781035,0,64,1.1904761904761905
11,network.5.weight,6,0,64,15770578,4,64,1.190476190476191
11,network.5.bias,7,0,64,16928659,7,64,1.1904761904761907
11,network.8.weight,8,0,256,17848885,31,256,1.1904761904761898
11,network.8.weight,8,1,256,18129147,31,256,1.190476190476191
11,network.8.weight,8,2,256,18168551,31,256,1.1904761904761905
11,network.8.weight,8,3,256,18297694,31,256,1.1904761904761902
11,network.8.weight,8,4,256,18234348,31,256,1.1904761904761911
11,network.8.weight,8,5,256,18470956,30,256,1.1904761904761914
11,network.8.weight,8,6,256,18558612,31,256,1.1902370138450515
11,network.8.weight,8,7,256,18634818,31,256,1.19047619047619
11,network.8.bias,9,0,32,18809330,4,32,1.1904761904761907
11,network.9.weight,10,0,32,19722914,4,32,1.1887574349584968
11,network.9.bias,11,0,32,20810495,4,32,1.187130584507939
11,network.12.weight,12,0,32,21823299,4,32,1.1861485196216686
11,network.12.bias,13,0,1,13775282,0,1,1.0
11,network.1.running_mean,14,0,128,24049024,16,128,1.1904761904761907
11,network.1.running_var,15,0,128,25069529,16,128,1.1904761904761914
11,network.5.running_mean,17,0,64,26957515,8,64,1.1904761904761905
11,network.5.running_var,18,0,64,28076509,8,64,1.1904761904761907
11,network.9.running_mean,20,0,32,29910978,4,32,1.1860801173713882
11,network.9.running_var,21,0,32,30936440,4,32,1.1904761904761905
12,network.0.weight,0,0,256,696503468,0,256,1.1904761904761905
12,network.0.weight,0,1,256,696593892,0,256,1.1904761904761911
12,network.0.weight,0,2,256,696717377,0,256,1.1904761904761905
12,network.0.weight,0,3,256,696845899,0,256,1.1904761904761911
12,network.0.weight,0,4,256,696986113,0,256,1.1904761904761911
12,network.0.weight,0,5,256,696780187,0,256,1.190476190476191
12,network.0.weight,0,6,128,697091084,0,128,1.1904761904761907
12,network.0.bias,1,0,128,697543251,0,128,1.1903913943500726
12,network.1.weight,2,0,128,698529308,15,128,1.18967081944355
12,network.1.bias,3,0,128,699708636,16,128,1.1898980769213696
12,network.4.weight,4,0,256,700729750,31,256,1.190476190476192
12,network.4.weight,4,1,256,700807878,31,256,1.1904761904761902
12,network.4.weight,4,2,256,700921575,31,256,1.1904761904761907
12,network.4.weight,4,3,256,701041892,31,256,1.1896419566889593
12,network.4.weight,4,4,256,701103089,31,256,1.1904761904761911
12,network.4.weight,4,5,256,701202315,31,256,1.190476190476191
12,network.4.weight,4,6,256,701331088,31,256,1.1904761904761911
12,network.4.weight,4,7,256,701397927,31,256,1.1896038802456605
12,network.4.weight,4,8,256,701513180,30,256,1.1894823838818622
12,network.4.weight,4,9,256,701016998,0,256,1.1904761904761905
12,network.4.weight,4,10,256,701742747,31,256,1.1892819326672275
12,network.4.weight,4,11,256,701785502,31,256,1.1887234171790082
12,network.4.weight,4,12,256,701897635,31,256,1.1897422112765748
12,network.4.weight,4,13,256,701993783,31,256,1.1904761904761914
12,network.4.weight,4,14,256,702092308,31,256,1.189927815551699
12,network.4.weight,4,15,256,702172812,31,256,1.1904761904761905
12,network.4.weight,4,16,256,702282666,31,256,1.1897214912673826
12,network.4.weight,4,17,256,701796880,0,256,1.1904761904761914
12,network.4.weight,4,18,256,702405792,31,256,1.1897266644524347
12,network.4.weight,4,19,256,702389961,31,256,1.189177851708514
12,network.4.weight,4,20,256,702604565,31,256,1.1904761904761911
12,network.4.weight,4,21,256,702817154,31,256,1.1904761904761916
12,network.4.weight,4,22,256,702881865,30,256,1.1882360415497384
12,network.4.weight,4,23,256,702964522,31,256,1.1904761904761905
12,network.4.weight,4,24,256,703065987,31,256,1.1904761904761914
12,network.4.weight,4,25,256,703111988,31,256,1.19047619047619
12,network.4.weight,4,26,256,703268500,31,256,1.1901518696912234
12,network.4.weight,4,27,256,703348545,31,256,1.190476190476192
12,network.4.weight,4,28,256,703402710,30,256,1.1901721836853723
12,network.4.weight,4,29,256,703574070,31,256,1.1896915241334312
12,network.4.weight,4,30,256,703626825,31,256,1.189662634875865
12,network.4.weight,4,31,256,703694354,31,256,1.1900424235422258
12,network.4.bias,5,0,64,701544000,0,64,1.190258162871807
12,network.5.weight,6,0,64,702496281,8,64,1.1897765978107133
12,network.5.bias,7,0,64,703643802,8,64,1.1904761904761902
12,network.8.weight,8,0,256,704723841,31,256,1.1896687948108347
12,network.8.weight,8,1,256,704705201,31,256,1.1904761904761905
12,network.8.weight,8,2,256,704888555,31,256,1.1904761904761916
12,network.8.weight,8,3,256,704456794,0,256,1.1904761904761905
12,network.8.weight,8,4,256,705080115,31,256,1.1904761904761916
12,network.8.weight,8,5,256,705086609,31,256,1.1904761904761918
12,network.8.weight,8,6,256,705245414,31,256,1.1904761904761902
12,network.8.weight,8,7,256,704845690,0,256,1.1904761904761916
12,network.8.bias,9,0,32,705352346,0,32,1.1894982268648755
12,network.9.weight,10,0,32,706408947,4,32,1.1904761904761905
12,network.9.bias,11,0,32,707486656,4,32,1.18820715502989
12,network.12.weight,12,0,32,708525455,4,32,1.1904761904761911
12,network.12.bias,13,0,1,700513919,0,1,1.0
12,network.1.running_mean,14,0,128,710734744,16,128,1.1876616001714453
12,network.1.running_var,15,0,128,711709426,16,128,1.1904761904761907
12,network.5.running_mean,17,0,64,713692262,8,64,1.1904761904761905
12,network.5.running_var,18,0,64,714736151,8,64,1.1897730720688386
12,network.9.running_mean,20,0,32,716743316,4,32,1.1856234619644668
12,network.9.running_var,21,0,32,717696704,4,32,1.1904761904761914
13,network.0.weight,0,0,256,974625821,0,256,1.1904761904761907
13,network.0.weight,0,1,256,974651048,0,256,1.1904761904761914
13,network.0.weight,0,2,256,974761819,0,256,1.1904761904761914
13,network.0.weight,0,3,256,974932731,0,256,1.190463177533061
13,network.0.weight,0,4,256,974992775,0,256,1.1904761904761907
13,network.0.weight,0,5,256,975195102,0,256,1.1904761904761911
13,network.0.weight,0,6,128,975207796,0,128,1.1904761904761911
13,network.0.bias,1,0,128,975552045,0,128,1.190476190476191
13,network.1.weight,2,0,128,976584472,0,128,1.1904761904761911
13,network.1.bias,3,0,128,977718094,0,128,1.1904761904761905
13,network.4.weight,4,0,256,978248663,0,256,1.1904761904761911
13,network.4.weight,4,1,256,978855798,0,256,1.1904761904761916
13,network.4.weight,4,2,256,978805307,0,256,1.1904761904761911
13,network.4.weight,4,3,256,979043186,0,256,1.1904761904761914
13,network.4.weight,4,4,256,979125966,0,256,1.190476190476191
13,network.4.weight,4,5,256,979137283,0,256,1.1904761904761907
13,network.4.weight,4,6,256,979291860,0,256,1.1904761904761907
13,network.4.weight,4,7,256,979425504,0,256,1.1904761904761907
13,network.4.weight,4,8,256,979465648,0,256,1.190476190476191
13,network.4.weight,4,9,256,979640174,0,256,1.1904761904761918
13,network.4.weight,4,10,256,979736924,0,256,1.1904761904761907
13,network.4.weight,4,11,256,979790900,0,256,1.1904761904761905
13,network.4.weight,4,12,256,979921050,0,256,1.1904761904761907
13,network.4.weight,4,13,256,979973971,0,256,1.1904761904761907
13,network.4.weight,4,14,256,980089463,0,256,1.1904761904761911
13,network.4.weight,4,15,256,980183111,0,256,1.1904761904761916
13,network.4.weight,4,16,256,980164610,0,256,1.1904761904761905
13,network.4.weight,4,17,256,980326035,0,256,1.1904761904761902
13,network.4.weight,4,18,256,980429942,0,256,1.190476190476191
13,network.4.weight,4,19,256,980597905,0,256,1.1904761904761907
13,network.4.weight,4,20,256,980628592,0,256,1.1904761904761914
13,network.4.weight,4,21,256,980787209,0,256,1.1904761904761916
13,network.4.weight,4,22,256,980886023,0,256,1.1904761904761918
13,network.4.weight,4,23,256,980919682,0,256,1.1904761904761916
13,network.4.weight,4,24,256,981089622,0,256,1.1904761904761911
13,network.4.weight,4,25,256,981050932,0,256,1.1904761904761911
13,network.4.weight,4,26,256,981283102,0,256,1.1904761904761907
13,network.4.weight,4,27,256,981369297,0,256,1.1904761904761911
13,network.4.weight,4,28,256,981490115,0,256,1.190476190476191
13,network.4.weight,4,29,256,981579289,0,256,1.1904761904761907
13,network.4.weight,4,30,256,981660660,0,256,1.1904761904761916
13,network.4.weight,4,31,256,981762628,0,256,1.1904761904761916
13,network.4.bias,5,0,64,979714349,0,64,1.1904761904761902
13,network.5.weight,6,0,64,980627820,2,64,1.1901825578623544
13,network.5.bias,7,0,64,981788289,6,64,1.188744507215996
13,network.8.weight,8,0,256,982855548,28,256,1.189487182139756
13,network.8.weight,8,1,256,982833965,31,256,1.1888723810897
13,network.8.weight,8,2,256,983008022,31,256,1.1904761904761905
13,network.8.weight,8,3,256,983001287,31,256,1.189937408054565
13,network.8.weight,8,4,256,983219559,31,256,1.1899885306339766
13,network.8.weight,8,5,256,983274013,31,256,1.1904761904761898
13,network.8.weight,8,6,256,983415592,31,256,1.1904761904761907
13,network.8.weight,8,7,256,983512330,31,256,1.1897263930273019
13,network.8.bias,9,0,32,983652495,4,32,1.1877031512193987
13,network.9.weight,10,0,32,984544412,4,32,1.1872231312973123
13,network.9.bias,11,0,32,985635331,4,32,1.1882832217866726
13,network.12.weight,12,0,32,986670460,4,32,1.1874444257771593
13,network.12.bias,13,0,1,978623657,0,1,1.0
13,network.1.running_mean,14,0,128,988933529,16,128,1.1904761904761914
13,network.1.running_var,15,0,128,989955011,16,128,1.1890835784577156
13,network.5.running_mean,17,0,64,991833207,8,64,1.1882697057761946
13,network.5.running_var,18,0,64,992893765,8,64,1.1904761904761902
13,network.9.running_mean,20,0,32,994739497,4,32,1.1879199549056318
13,network.9.running_var,21,0,32,995967520,4,32,1.1904761904761911
14,network.0.weight,0,0,256,855804701,0,256,1.190476190476191
14,network.0.weight,0,1,256,855844054,0,256,1.1904761904761916
14,network.0.weight,0,2,256,855934826,0,256,1.190476190476192
14,network.0.weight,0,3,256,856076117,0,256,1.1904761904761911
14,network.0.weight,0,4,256,856073081,0,256,1.1904761904761911
14,network.0.weight,0,5,256,856244516,0,256,1.1904761904761905
14,network.0.weight,0,6,128,856330300,0,128,1.1904761904761916
14,network.0.bias,1,0,128,856747606,0,128,1.1904761904761907
14,network.1.weight,2,0,128,857783619,0,128,1.190476190476191
14,network.1.bias,3,0,128,858910151,0,128,1.1904761904761916
14,network.4.weight,4,0,256,859959381,0,256,1.1904761904761911
14,network.4.weight,4,1,256,860068989,0,256,1.1904761904761902
14,network.4.weight,4,2,256,860130265,0,256,1.1904761904761911
14,network.4.weight,4,3,256,860185196,0,256,1.190476190476191
14,network.4.weight,4,4,256,860320929,0,256,1.1904404856632744
14,network.4.weight,4,5,256,860418716,0,256,1.1904761904761911
14,network.4.weight,4,6,256,860462499,0,256,1.1904761904761916
14,network.4.weight,4,7,256,860612716,0,256,1.1904761904761911
14,network.4.weight,4,8,256,860741007,0,256,1.1904547362897593
14,network.4.weight,4,9,256,860847199,0,256,1.1904761904761911
14,network.4.weight,4,10,256,860943127,0,256,1.190476190476191
14,network.4.weight,4,11,256,861003448,0,256,1.190476190476191
14,network.4.weight,4,12,256,861147559,0,256,1.1904761904761911
14,network.4.weight,4,13,256,861254133,0,256,1.1904761904761911
14,network.4.weight,4,14,256,861316111,0,256,1.1904761904761911
14,network.4.weight,4,15,256,861365775,0,256,1.1904761904761907
14,network.4.weight,4,16,256,861468224,0,256,1.1904761904761905
14,network.4.weight,4,17,256,861583644,0,256,1.1904761904761905
14,network.4.weight,4,18,256,861681344,0,256,1.1904761904761907
14,network.4.weight,4,19,256,861778510,0,256,1.1904761904761907
14,network.4.weight,4,20,256,861876038,0,256,1.1904761904761914
14,network.4.weight,4,21,256,862003255,0,256,1.1904761904761907
14,network.4.weight,4,22,256,862045025,0,256,1.1904761904761914
14,network.4.weight,4,23,256,862190560,0,256,1.1904761904761907
14,network.4.weight,4,24,256,862285501,0,256,1.190476190476191
14,network.4.weight,4,25,256,862346703,0,256,1.1904607170650239
14,network.4.weight,4,26,256,862508237,0,256,1.1904574866086555
14,network.4.weight,4,27,256,862566114,0,256,1.190450014839051
14,network.4.weight,4,28,256,862673311,0,256,1.1904761904761907
14,network.4.weight,4,29,256,862747053,0,256,1.1904761904761907
14,network.4.weight,4,30,256,862872821,0,256,1.1904761904761918
14,network.4.weight,4,31,256,862940461,0,256,1.190476190476191
14,network.4.bias,5,0,64,860812393,0,64,1.1904761904761914
14,network.5.weight,6,0,64,861782766,3,64,1.1904761904761911
14,network.5.bias,7,0,64,862944573,7,64,1.1887574349584964
14,network.8.weight,8,0,256,863865831,31,256,1.1899310963144643
14,network.8.weight,8,1,256,864123267,31,256,1.1904761904761914
14,network.8.weight,8,2,256,864181260,31,256,1.1904761904761907
14,network.8.weight,8,3,256,864324698,31,256,1.1894667749813383
14,network.8.weight,8,4,256,864371390,0,256,1.1904761904761911
14,network.8.weight,8,5,256,864468238,0,256,1.190476190476191
14,network.8.weight,8,6,256,864552122,31,256,1.1904761904761902
14,network.8.weight,8,7,256,864556366,31,256,1.1904761904761905
14,network.8.bias,9,0,32,864677063,0,32,1.190476190476191
14,network.9.weight,10,0,32,865694339,4,32,1.185245326746414
14,network.9.bias,11,0,32,866796673,4,32,1.1859500242877177
14,network.12.weight,12,0,32,867787061,3,32,1.190476190476191
14,network.12.bias,13,0,1,859776808,0,1,1.0
14,network.1.running_mean,14,0,128,870116050,16,128,1.1904761904761911
14,network.1.running_var,15,0,128,871168615,16,128,1.1887342408720292
14,network.5.running_mean,17,0,64,873005786,8,64,1.1885707539309442
14,network.5.running_var,18,0,64,874054408,8,64,1.1904761904761911
14,network.9.running_mean,20,0,32,875973376,4,32,1.1858930097214182
14,network.9.running_var,21,0,32,877002690,4,32,1.1884963524868333
15,network.0.weight,0,0,256,2128392928,0,256,1.190476190476191
15,network.0.weight,0,1,256,2128487739,0,256,1.190476190476191
15,network.0.weight,0,2,256,2128522910,0,256,1.1904761904761902
15,network.0.weight,0,3,256,2128728881,0,256,1.1904761904761905
15,network.0.weight,0,4,256,2128797174,0,256,1.1904761904761907
15,network.0.weight,0,5,256,2128835676,0,256,1.1904761904761905
15,network.0.weight,0,6,128,2128937284,0,128,1.1904761904761914
15,network.0.bias,1,0,128,2129389211,0,128,1.190476190476191
15,network.1.weight,2,0,128,2130388227,14,128,1.1904761904761907
15,network.1.bias,3,0,128,2131534969,16,128,1.189724421804101
15,network.4.weight,4,0,256,2132538234,31,256,1.1893779050600162
15,network.4.weight,4,1,256,2132597471,31,256,1.1904761904761907
15,network.4.weight,4,2,256,2132779915,31,256,1.189960668283896
15,network.4.weight,4,3,256,2132842746,31,256,1.1904761904761907
15,network.4.weight,4,4,256,2132904408,31,256,1.1904761904761896
15,network.4.weight,4,5,256,2132931875,31,256,1.1904761904761911
15,network.4.weight,4,6,256,2133182764,29,256,1.1904761904761902
15,network.4.weight,4,7,256,2133143699,31,256,1.190476190476179
15,network.4.weight,4,8,256,2132792452,0,256,1.1904761904761911
15,network.4.weight,4,9,256,2133438558,31,256,1.1898606767307343
15,network.4.weight,4,10,256,2133495783,0,256,1.1904761904761918
15,network.4.weight,4,11,256,2133615209,31,256,1.1904761904761911
15,network.4.weight,4,12,256,2133707102,31,256,1.1904761904761907
15,network.4.weight,4,13,256,2133824929,31,256,1.189862440231577
15,network.4.weight,4,14,256,2133898531,31,256,1.1895473874501106
15,network.4.weight,4,15,256,2134023572,29,256,1.1889053495307935
15,network.4.weight,4,16,256,2134081132,31,256,1.1889691377357179
15,network.4.weight,4,17,256,2134205393,31,256,1.1904761904761907
15,network.4.weight,4,18,256,2134226335,0,256,1.1904761904761905
15,network.4.weight,4,19,256,2134322412,31,256,1.190476190476191
15,network.4.weight,4,20,256,2134419023,31,256,1.1904761904761905
15,network.4.weight,4,21,256,2134576770,31,256,1.1904761904761905
15,network.4.weight,4,22,256,2134698247,31,256,1.1894607559540022
15,network.4.weight,4,23,256,2134760337,31,256,1.1904761904761911
15,network.4.weight,4,24,256,2134878820,0,256,1.1904761904761916
15,network.4.weight,4,25,256,2134895909,31,256,1.1899281795445527
15,network.4.weight,4,26,256,2135093004,31,256,1.1904761904761907
15,network.4.weight,4,27,256,2135152629,31,256,1.1889914731289484
15,network.4.weight,4,28,256,2135201568,31,256,1.19047619047619
15,network.4.weight,4,29,256,2135397563,31,256,1.1897317381973649
15,network.4.weight,4,30,256,2135392029,31,256,1.1904761904761907
15,network.4.weight,4,31,256,2135559203,31,256,1.189382151686537
15,network.4.bias,5,0,64,2133417371,0,64,1.1904761904761907
15,network.5.weight,6,0,64,2134349602,7,64,1.19047619047619
15,network.5.bias,7,0,64,2135529747,8,64,1.1904761904761902
15,network.8.weight,8,0,256,2136572994,31,256,1.1901032041764605
15,network.8.weight,8,1,256,2136569047,31,256,1.1896921152374
15,network.8.weight,8,2,256,2136229136,0,256,1.1904761904761927
15,network.8.weight,8,3,256,2136888210,31,256,1.1896101937309933
15,network.8.weight,8,4,256,2136926615,31,256,1.1904761904761907
15,network.8.weight,8,5,256,2137013912,31,256,1.1900176007145722
15,network.8.weight,8,6,256,2137019296,31,256,1.1904761904761907
15,network.8.weight,8,7,256,2137120569,31,256,1.1900828192696389
15,network.8.bias,9,0,32,2137360851,0,32,1.189839591208379
15,network.9.weight,10,0,32,2138289131,4,32,1.190476190476191
15,network.9.bias,11,0,32,2139418134,4,32,1.1859568057169592
15,network.12.weight,12,0,32,2140464577,4,32,1.1888554323166598
15,network.12.bias,13,0,1,2132387010,0,1,1.0
15,network.1.running_mean,14,0,128,2142743478,16,128,1.189616237437722
15,network.1.running_var,15,0,128,2143742053,16,128,1.1904761904761907
15,network.5.running_mean,17,0,64,2145569502,8,64,1.1879719358618146
15,network.5.running_var,18,0,64,2146575190,8,64,1.1897720133660945
15,network.9.running_mean,20,0,32,1108543,4,32,1.1866118844099207
15,network.9.running_var,21,0,32,2150984,4,32,1.1864920529308394
16,network.0.weight,0,0,256,790738163,0,256,1.1904761904761918
16,network.0.weight,0,1,256,790761389,0,256,1.190476190476191
16,network.0.weight,0,2,256,790899650,0,256,1.190476190476191
16,network.0.weight,0,3,256,791019809,0,256,1.1904761904761907
16,network.0.weight,0,4,256,791059303,0,256,1.1904761904761905
16,network.0.weight,0,5,256,791137034,0,256,1.1904761904761911
16,network.0.weight,0,6,128,791249645,0,128,1.1903913943500728
16,network.0.bias,1,0,128,791747925,0,128,1.1904761904761905
16,network.1.weight,2,0,128,792748741,13,128,1.1904761904761905
16,network.1.bias,3,0,128,793903720,16,128,1.1899642145828124
16,network.4.weight,4,0,256,794901556,0,256,1.190476190476191
16,network.4.weight,4,1,256,794881635,31,256,1.1890713031181739
16,network.4.weight,4,2,256,795047280,30,256,1.1904761904761902
16,network.4.weight,4,3,256,795197462,31,256,1.1897773391381352
16,network.4.weight,4,4,256,795271944,30,256,1.1882265954773576
16,network.4.weight,4,5,256,795342325,31,256,1.1897685915836946
16,network.4.weight,4,6,256,795419159,0,256,1.1904761904761914
16,network.4.weight,4,7,256,795612562,28,256,1.1904761904761911
16,network.4.weight,4,8,256,795682004,30,256,1.1904761904761905
16,network.4.weight,4,9,256,795796495,31,256,1.1895430221174756
16,network.4.weight,4,10,256,795938779,31,256,1.189292550508045
16,network.4.weight,4,11,256,795992400,31,256,1.1904761904761916
16,network.4.weight,4,12,256,796120941,31,256,1.1877295016223381
16,network.4.weight,4,13,256,796153666,31,256,1.1904761904761907
16,network.4.weight,4,14,256,796280524,31,256,1.1887368335707187
16,network.4.weight,4,15,256,796366530,30,256,1.1904761904761902
16,network.4.weight,4,16,256,796426873,31,256,1.1892843627889291
16,network.4.weight,4,17,256,796560243,30,256,1.189728454988879
16,network.4.weight,4,18,256,796652246,31,256,1.1904761904761905
16,network.4.weight,4,19,256,796773309,31,256,1.189545315659342
16,network.4.weight,4,20,256,796834931,31,256,1.1904761904761905
16,network.4.weight,4,21,256,796955029,31,256,1.1900650961594408
16,network.4.weight,4,22,256,797065408,30,256,1.1904761904761902
16,network.4.weight,4,23,256,797176797,22,256,1.1904761904761905
16,network.4.weight,4,24,256,797272275,30,256,1.1904761904761907
16,network.4.weight,4,25,256,797267563,31,256,1.19047619047619
16,network.4.weight,4,26,256,797460305,31,256,1.1898067472618108
16,network.4.weight,4,27,256,797538963,24,256,1.1897333366751317
16,network.4.weight,4,28,256,797650100,31,256,1.1898619208244745
16,network.4.weight,4,29,256,797754930,31,256,1.190476190476191
16,network.4.weight,4,30,256,797876095,31,256,1.1904761904761914
16,network.4.weight,4,31,256,797955771,30,256,1.1904761904761907
16,network.4.bias,5,0,64,795823199,8,64,1.1904761904761905
16,network.5.weight,6,0,64,796708316,7,64,1.1904761904761914
16,network.5.bias,7,0,64,797874091,7,64,1.1904761904761907
16,network.8.weight,8,0,256,798921579,31,256,1.1904761904761911
16,network.8.weight,8,1,256,798992647,0,256,1.1904761904761914
16,network.8.weight,8,2,256,799004453,0,256,1.1904761904761914
16,network.8.weight,8,3,256,799262975,31,256,1.190476190476191
16,network.8.weight,8,4,256,799301996,31,256,1.1904761904761902
16,network.8.weight,8,5,256,799401582,31,256,1.1891664812127918
16,network.8.weight,8,6,256,799501567,29,256,1.1891862351299147
16,network.8.weight,8,7,256,799604867,31,256,1.1904761904761907
16,network.8.bias,9,0,32,799635449,0,32,1.1904761904761907
16,network.9.weight,10,0,32,800704331,4,32,1.1873215923352782
16,network.9.bias,11,0,32,801749881,4,32,1.1904761904761907
16,network.12.weight,12,0,32,802771259,4,32,1.1904761904761905
16,network.12.bias,13,0,1,794733245,0,1,1.0
16,network.1.running_mean,14,0,128,805059900,16,128,1.189036988117585
16,network.1.running_var,15,0,128,805917300,16,128,1.1893873287239378
16,network.5.running_mean,17,0,64,808059668,8,64,1.1890125851688989
16,network.5.running_var,18,0,64,808971979,8,64,1.190476190476191
16,network.9.running_mean,20,0,32,810944552,4,32,1.1904761904761905
16,network.9.running_var,21,0,32,811955758,4,32,1.1870563244375332
17,network.0.weight,0,0,256,1972505968,0,256,1.1904761904761907
17,network.0.weight,0,1,256,1972624047,0,256,1.1904761904761911
17,network.0.weight,0,2,256,1972657806,0,256,1.1904761904761916
17,network.0.weight,0,3,256,1972866594,0,256,1.1904761904761914
17,network.0.weight,0,4,256,1972981002,0,256,1.1904761904761914
17,network.0.weight,0,5,256,1973026732,0,256,1.190476190476191
17,network.0.weight,0,6,128,1973094863,0,128,1.1904761904761907
17,network.0.bias,1,0,128,1973417466,0,128,1.1904761904761918
17,network.1.weight,2,0,128,1974478063,14,128,1.1904761904761902
17,network.1.bias,3,0,128,1975630019,16,128,1.18887230027646
17,network.4.weight,4,0,256,1976651662,28,256,1.1904761904761907
17,network.4.weight,4,1,256,1976720737,31,256,1.1898627878582513
17,network.4.weight,4,2,256,1976784078,0,256,1.1904506859367554
17,network.4.weight,4,3,256,1976947801,31,256,1.1898191888858998
17,network.4.weight,4,4,256,1977038070,31,256,1.189534392765173
17,network.4.weight,4,5,256,1977103673,31,256,1.1904761904761907
17,network.4.weight,4,6,256,1977263934,31,256,1.1904761904761907
17,network.4.weight,4,7,256,1977317140,0,256,1.1904761904761914
17,network.4.weight,4,8,256,1977442425,31,256,1.1898303820342975
17,network.4.weight,4,9,256,1977530153,31,256,1.1904761904761911
17,network.4.weight,4,10,256,1977640388,31,256,1.1899341203550873
17,network.4.weight,4,11,256,1977723017,31,256,1.188592415715525
17,network.4.weight,4,12,256,1977815566,31,256,1.1904761904761907
17,network.4.weight,4,13,256,1977920803,0,256,1.1904761904761907
17,network.4.weight,4,14,256,1978028837,31,256,1.1904761904761905
17,network.4.weight,4,15,256,1978085136,0,256,1.190476190476191
17,network.4.weight,4,16,256,1978134799,31,256,1.1900426869993832
17,network.4.weight,4,17,256,1978233962,31,256,1.190010747191311
17,network.4.weight,4,18,256,1978384181,31,256,1.189198340598131
17,network.4.weight,4,19,256,1978485090,30,256,1.1904761904761902
17,network.4.weight,4,20,256,1978564784,31,256,1.190476190476191
17,network.4.weight,4,21,256,1978721616,31,256,1.1904761904761907
17,network.4.weight,4,22,256,1978786995,28,256,1.1902269794390603
17,network.4.weight,4,23,256,1978863213,31,256,1.1904761904761916
17,network.4.weight,4,24,256,1978991005,31,256,1.189277030572024
17,network.4.weight,4,25,256,1979035353,31,256,1.1900647561877942
17,network.4.weight,4,26,256,1979160384,0,256,1.1904761904761911
17,network.4.weight,4,27,256,1979260120,31,256,1.189278258721025
17,network.4.weight,4,28,256,1979321763,31,256,1.190476190476191
17,network.4.weight,4,29,256,1979508789,31,256,1.1904761904761914
17,network.4.weight,4,30,256,1979543637,31,256,1.19047619047619
17,network.4.weight,4,31,256,1979646503,30,256,1.1904761904761914
17,network.4.bias,5,0,64,1977373531,0,64,1.190287675053945
17,network.5.weight,6,0,64,1978410363,8,64,1.1904761904761907
17,network.5.bias,7,0,64,1979536007,8,64,1.1904761904761902
17,network.8.weight,8,0,256,1980605827,31,256,1.1896717644531314
17,network.8.weight,8,1,256,1980630553,31,256,1.1901030371287635
17,network.8.weight,8,2,256,1980789822,31,256,1.1897422112765756
17,network.8.weight,8,3,256,1980892535,31,256,1.1904761904761907
17,network.8.weight,8,4,256,1981008168,31,256,1.1904761904761907
17,network.8.weight,8,5,256,1981095439,31,256,1.1904761904761905
17,network.8.weight,8,6,256,1981050767,31,256,1.189668050314639
17,network.8.weight,8,7,256,1981284276,31,256,1.1900412282540838
17,network.8.bias,9,0,32,1981392674,0,32,1.1904761904761907
17,network.9.weight,10,0,32,1982408671,4,32,1.187484183749931
17,network.9.bias,11,0,32,1983498008,4,32,1.188727816721805
17,network.12.weight,12,0,32,1984526774,4,32,1.1859500242877181
17,network.12.bias,13,0,1,1976476415,0,1,1.0
17,network.1.running_mean,14,0,128,1986810466,16,128,1.1904761904761907
17,network.1.running_var,15,0,128,1987764507,16,128,1.1904761904761902
17,network.5.running_mean,17,0,64,1989714031,8,64,1.1898656852059344
17,network.5.running_var,18,0,64,1990710233,8,64,1.1904761904761907
17,network.9.running_mean,20,0,32,1992698442,4,32,1.1884854866870174
17,network.9.running_var,21,0,32,1993666730,4,32,1.1875918240304169
18,network.0.weight,0,0,256,1771301522,0,256,1.1904761904761911
18,network.0.weight,0,1,256,1771402483,0,256,1.1904761904761907
18,network.0.weight,0,2,256,1771568546,0,256,1.1904761904761911
18,network.0.weight,0,3,256,1771676651,0,256,1.1904761904761911
18,network.0.weight,0,4,256,1771778114,0,256,1.1904761904761905
18,network.0.weight,0,5,256,1771858245,0,256,1.190476190476191
18,network.0.weight,0,6,128,1771907961,0,128,1.1904761904761916
18,network.0.bias,1,0,128,1772222213,0,128,1.1903115775425805
18,network.1.weight,2,0,128,1773313844,13,128,1.189668826665781
18,network.1.bias,3,0,128,1774452066,16,128,1.1904761904761907
18,network.4.weight,4,0,256,1775476237,28,256,1.189898448326115
18,network.4.weight,4,1,256,1775543614,31,256,1.1900851072694953
18,network.4.weight,4,2,256,1775610162,31,256,1.1894180890189718
18,network.4.weight,4,3,256,1775699668,31,256,1.1904761904761911
18,network.4.weight,4,4,256,1775865642,31,256,1.1904761904761916
18,network.4.weight,4,5,256,1775971636,31,256,1.1892622909770256
18,network.4.weight,4,6,256,1776010581,31,256,1.1899343225632528
18,network.4.weight,4,7,256,1776186443,31,256,1.1891131060094473
18,network.4.weight,4,8,256,1776275835,30,256,1.1904761904761907
18,network.4.weight,4,9,256,1776358568,31,256,1.1904761904761911
18,network.4.weight,4,10,256,1776481131,29,256,1.1899333360519868
18,network.4.weight,4,11,256,1776565102,30,256,1.1904761904761902
18,network.4.weight,4,12,256,1776669985,31,256,1.1904761904761914
18,network.4.weight,4,13,256,1776727904,31,256,1.1904761904761911
18,network.4.weight,4,14,256,1776846142,31,256,1.1904761904761916
18,network.4.weight,4,15,256,1776935295,29,256,1.1904761904761905
18,network.4.weight,4,16,256,1777043728,30,256,1.1896668099969663
18,network.4.weight,4,17,256,1777119281,31,256,1.1898243592801379
18,network.4.weight,4,18,256,1776696722,0,256,1.1904761904761902
18,network.4.weight,4,19,256,1777329687,31,256,1.1904761904761907
18,network.4.weight,4,20,256,1777411165,29,256,1.19047619047619
18,network.4.weight,4,21,256,1777560966,31,256,1.1904761904761905
18,network.4.weight,4,22,256,1777615368,31,256,1.1894622875861822
18,network.4.weight,4,23,256,1777615453,31,256,1.190476190476191
18,network.4.weight,4,24,256,1777819143,31,256,1.1904761904761911
18,network.4.weight,4,25,256,1777859587,31,256,1.1898277064971654
18,network.4.weight,4,26,256,1777999022,31,256,1.1904761904761905
18,network.4.weight,4,27,256,1778105331,31,256,1.1904761904761916
18,network.4.weight,4,28,256,1778177126,31,256,1.1897292544009206
18,network.4.weight,4,29,256,1778306846,30,256,1.1904761904761907
18,network.4.weight,4,30,256,1778408966,0,256,1.1904761904761914
18,network.4.weight,4,31,256,1778489520,31,256,1.1896400283395012
18,network.4.bias,5,0,64,1776316788,0,64,1.1904761904761922
18,network.5.weight,6,0,64,1777317441,4,64,1.1904761904761911
18,network.5.bias,7,0,64,1778489341,8,64,1.1904761904761905
18,network.8.weight,8,0,256,1779594931,31,256,1.1904761904761907
18,network.8.weight,8,1,256,1779611798,31,256,1.1904761904761911
18,network.8.weight,8,2,256,1779716626,30,256,1.1899731854313103
18,network.8.weight,8,3,256,1779851676,31,256,1.1892702148187233
18,network.8.weight,8,4,256,1779921499,31,256,1.1904761904761907
18,network.8.weight,8,5,256,1779935930,30,256,1.1894602216722927
18,network.8.weight,8,6,256,1779991888,30,256,1.189345078773413
18,network.8.weight,8,7,256,1780211636,31,256,1.1904761904761916
18,network.8.bias,9,0,32,1780394109,4,32,1.1904761904761905
18,network.9.weight,10,0,32,1781237040,3,32,1.1883674630968806
18,network.9.bias,11,0,32,1782312489,4,32,1.1904761904761911
18,network.12.weight,12,0,32,1783368306,4,32,1.1904761904761907
18,network.12.bias,13,0,1,1775315190,0,1,1.0
18,network.1.running_mean,14,0,128,1785703328,16,128,1.19047619047619
18,network.1.running_var,15,0,128,1786876283,16,128,1.189463976205635
18,network.5.running_mean,17,0,64,1788491752,8,64,1.1898160064778793
18,network.5.running_var,18,0,64,1789653692,8,64,1.1887185836344425
18,network.9.running_mean,20,0,32,1791494520,4,32,1.1904761904761905
18,network.9.running_var,21,0,32,1792565029,4,32,1.1904761904761905
19,network.0.weight,0,0,256,1747619538,0,256,1.1904761904761907
19,network.0.weight,0,1,256,1747692024,0,256,1.1904761904761902
19,network.0.weight,0,2,256,1747809083,0,256,1.1904761904761907
19,network.0.weight,0,3,256,1747841975,0,256,1.1904761904761914
19,network.0.weight,0,4,256,1748016367,0,256,1.1904761904761907
19,network.0.weight,0,5,256,1748096840,0,256,1.1904761904761907
19,network.0.weight,0,6,128,1748181651,0,128,1.1904382013477977
19,network.0.bias,1,0,128,1748464005,0,128,1.1904761904761911
19,network.1.weight,2,0,128,1749566018,0,128,1.1904761904761905
19,network.1.bias,3,0,128,1750668196,0,128,1.1904761904761907
19,network.4.weight,4,0,256,1751688115,0,256,1.1904761904761911
19,network.4.weight,4,1,256,1751811710,0,256,1.1904761904761918
19,network.4.weight,4,2,256,1751918355,0,256,1.1904761904761914
19,network.4.weight,4,3,256,1751958942,0,256,1.1904761904761905
19,network.4.weight,4,4,256,1752107885,0,256,1.1904667668360136
19,network.4.weight,4,5,256,1752193249,0,256,1.1904761904761911
19,network.4.weight,4,6,256,1752331778,0,256,1.1904761904761922
19,network.4.weight,4,7,256,1752407064,0,256,1.1904761904761907
19,network.4.weight,4,8,256,1752004121,0,256,1.1904761904761911
19,network.4.weight,4,9,256,1752621712,0,256,1.1904761904761918
19,network.4.weight,4,10,256,1752684696,0,256,1.1904761904761905
19,network.4.weight,4,11,256,1752755707,0,256,1.1904761904761916
19,network.4.weight,4,12,256,1752876491,0,256,1.1904761904761907
19,network.4.weight,4,13,256,1752975637,0,256,1.1904761904761914
19,network.4.weight,4,14,256,1753032215,0,256,1.1904761904761916
19,network.4.weight,4,15,256,1753186223,0,256,1.1904761904761907
19,network.4.weight,4,16,256,1753267931,0,256,1.1904761904761905
19,network.4.weight,4,17,256,1753333393,0,256,1.1904761904761916
19,network.4.weight,4,18,256,1752977281,0,256,1.1904761904761905
19,network.4.weight,4,19,256,1753076022,0,256,1.1904761904761911
19,network.4.weight,4,20,256,1753639480,0,256,1.1904761904761911
19,network.4.weight,4,21,256,1753755954,0,256,1.190476190476191
19,network.4.weight,4,22,256,1753869217,0,256,1.1904761904761925
19,network.4.weight,4,23,256,1753906007,0,256,1.1904761904761911
19,network.4.weight,4,24,256,1753949837,0,256,1.1904761904761907
19,network.4.weight,4,25,256,1754122275,0,256,1.1904636443116294
19,network.4.weight,4,26,256,1754240554,0,256,1.1904761904761907
19,network.4.weight,4,27,256,1754322548,0,256,1.1904761904761918
19,network.4.weight,4,28,256,1754444916,0,256,1.190476190476191
19,network.4.weight,4,29,256,1754549800,0,256,1.190476190476191
19,network.4.weight,4,30,256,1754697728,0,256,1.1904761904761907
19,network.4.weight,4,31,256,1754714074,0,256,1.190476190476192
19,network.4.bias,5,0,64,1752567071,0,64,1.1903218591275937
19,network.5.weight,6,0,64,1753539407,7,64,1.190476190476191
19,network.5.bias,7,0,64,1754700281,8,64,1.1896117091464407
19,network.8.weight,8,0,256,1755718242,0,256,1.1904761904761905
19,network.8.weight,8,1,256,1755847760,31,256,1.1904761904761914
19,network.8.weight,8,2,256,1755934034,31,256,1.1904761904761905
19,network.8.weight,8,3,256,1756054722,31,256,1.1904761904761907
19,network.8.weight,8,4,256,1756138570,31,256,1.1902360083981216
19,network.8.weight,8,5,256,1756113201,31,256,1.1898675927661535
19,network.8.weight,8,6,256,1756378003,31,256,1.1900418363352812
19,network.8.weight,8,7,256,1756365536,31,256,1.1900299476894045
19,network.8.bias,9,0,32,1756591000,4,32,1.1904761904761902
19,network.9.weight,10,0,32,1757522341,4,32,1.1904761904761902
19,network.9.bias,11,0,32,1758581322,4,32,1.1866498471368419
19,network.12.weight,12,0,32,1759638035,4,32,1.1881770282442052
19,network.12.bias,13,0,1,1751600349,0,1,1.0
19,network.1.running_mean,14,0,128,1761893041,16,128,1.1904761904761905
19,network.1.running_var,15,0,128,1763000670,16,128,1.1904761904761902
19,network.5.running_mean,17,0,64,1764833048,8,64,1.1904761904761907
19,network.5.running_var,18,0,64,1765877953,8,64,1.1904761904761905
19,network.9.running_mean,20,0,32,1767791345,4,32,1.1888703466238901
19,network.9.running_var,21,0,32,1768732067,4,32,1.189071501517843
20,network.0.weight,0,0,256,1989775020,0,256,1.1904761904761911
20,network.0.weight,0,1,256,1989882267,0,256,1.1904761904761907
20,network.0.weight,0,2,256,1989977829,0,256,1.190476190476191
20,network.0.weight,0,3,256,1990128989,0,256,1.190476190476191
20,network.0.weight,0,4,256,1990203988,0,256,1.1904761904761905
20,network.0.weight,0,5,256,1990286993,0,256,1.1904761904761907
20,network.0.weight,0,6,128,1990218609,0,128,1.1904761904761905
20,network.0.bias,1,0,128,1990654051,0,128,1.1904761904761916
20,network.1.weight,2,0,128,1991772426,16,128,1.1894673615085656
20,network.1.bias,3,0,128,1992919514,16,128,1.1904761904761914
20,network.4.weight,4,0,256,1993836078,31,256,1.1899317795453954
20,network.4.weight,4,1,256,1993997789,31,256,1.1904761904761907
20,network.4.weight,4,2,256,1994132641,31,256,1.1901356066932982
20,network.4.weight,4,3,256,1994209230,31,256,1.19047619047619
20,network.4.weight,4,4,256,1994315300,31,256,1.1904761904761918
20,network.4.weight,4,5,256,1994392041,31,256,1.1904761904761911
20,network.4.weight,4,6,256,1994540035,31,256,1.1904761904761914
20,network.4.weight,4,7,256,1994595007,31,256,1.1904761904761902
20,network.4.weight,4,8,256,1994686239,31,256,1.1902375497903415
20,network.4.weight,4,9,256,1994783582,31,256,1.1893538923314289
20,network.4.weight,4,10,256,1994908762,31,256,1.1898200403809416
20,network.4.weight,4,11,256,1994984343,31,256,1.1904761904761907
20,network.4.weight,4,12,256,1995052151,31,256,1.1904761904761916
20,network.4.weight,4,13,256,1995206064,31,256,1.1904761904761914
20,network.4.weight,4,14,256,1995271356,0,256,1.1904761904761914
20,network.4.weight,4,15,256,1995403356,31,256,1.1898219047351046
20,network.4.weight,4,16,256,1995458456,31,256,1.1898153099707767
20,network.4.weight,4,17,256,1995574117,31,256,1.1899626783554884
20,network.4.weight,4,18,256,1995637090,31,256,1.1899729715209508
20,network.4.weight,4,19,256,1995782038,31,256,1.1901705141748167
20,network.4.weight,4,20,256,1995874612,31,256,1.1904761904761905
20,network.4.weight,4,21,256,1995937627,31,256,1.1904761904761902
20,network.4.weight,4,22,256,1996074610,31,256,1.190018640757019
20,network.4.weight,4,23,256,1996166604,31,256,1.1904761904761902
20,network.4.weight,4,24,256,1996261480,31,256,1.1904761904761907
20,network.4.weight,4,25,256,1996355581,31,256,1.1897291609239473
20,network.4.weight,4,26,256,1996479018,31,256,1.190476190476186
20,network.4.weight,4,27,256,1996560566,31,256,1.1896744625524187
20,network.4.weight,4,28,256,1996629355,31,256,1.1897733953270395
20,network.4.weight,4,29,256,1996728708,31,256,1.1904761904761905
20,network.4.weight,4,30,256,1996840441,31,256,1.1904761904761911
20,network.4.weight,4,31,256,1996974815,31,256,1.1898623413861245
20,network.4.bias,5,0,64,1994695005,0,64,1.190476190476191
20,network.5.weight,6,0,64,1995741535,7,64,1.1904761904761911
20,network.5.bias,7,0,64,1996926526,7,64,1.1892806392920718
20,network.8.weight,8,0,256,1998008631,31,256,1.19047619047619
20,network.8.weight,8,1,256,1997941817,31,256,1.1896714491345575
20,network.8.weight,8,2,256,1998171851,31,256,1.1904761904761902
20,network.8.weight,8,3,256,1998266576,0,256,1.190476190476191
20,network.8.weight,8,4,256,1998360626,31,256,1.1899878683548801
20,network.8.weight,8,5,256,1998466026,31,256,1.1896060772482562
20,network.8.weight,8,6,256,1998548359,31,256,1.1879650224408342
20,network.8.weight,8,7,256,1998587585,31,256,1.1904761904761911
20,network.8.bias,9,0,32,1998725264,0,32,1.190476190476191
20,network.9.weight,10,0,32,1999718573,3,32,1.1904761904761905
20,network.9.bias,11,0,32,2000834430,4,32,1.1855559096641417
20,network.12.weight,12,0,32,2001829652,4,32,1.1874749606604578
20,network.12.bias,13,0,1,1993792001,0,1,1.0
20,network.1.running_mean,14,0,128,2004140127,16,128,1.1895336602508522
20,network.1.running_var,15,0,128,2005004516,16,128,1.1879629524794852
20,network.5.running_mean,17,0,64,2007062772,8,64,1.1894520239681967
20,network.5.running_var,18,0,64,2008029774,8,64,1.189041196163941
20,network.9.running_mean,20,0,32,2010043588,4,32,1.1904761904761905
20,network.9.running_var,21,0,32,2011066226,4,32,1.1872857727167794
21,network.0.weight,0,0,256,293185877,0,256,1.1904761904761905
21,network.0.weight,0,1,256,293162667,0,256,1.1904761904761911
21,network.0.weight,0,2,256,293328668,0,256,1.1904761904761916
21,network.0.weight,0,3,256,293279039,0,256,1.1904761904761907
21,network.0.weight,0,4,256,293569115,0,256,1.1904761904761902
21,network.0.weight,0,5,256,293536411,0,256,1.1904761904761907
21,network.0.weight,0,6,128,293735432,0,128,1.1904356905985949
21,network.0.bias,1,0,128,294024849,0,128,1.1904761904761907
21,network.1.weight,2,0,128,295071483,0,128,1.1904226747200006
21,network.1.bias,3,0,128,296217071,0,128,1.1904761904761911
21,network.4.weight,4,0,256,297316285,0,256,1.1904761904761907
21,network.4.weight,4,1,256,297387129,0,256,1.1904761904761907
21,network.4.weight,4,2,256,297454252,0,256,1.190476190476191
21,network.4.weight,4,3,256,297506092,0,256,1.1904761904761911
21,network.4.weight,4,4,256,297570929,0,256,1.1904761904761914
21,network.4.weight,4,5,256,297257362,0,256,1.1904761904761905
21,network.4.weight,4,6,256,297353323,0,256,1.1904761904761907
21,network.4.weight,4,7,256,297889451,0,256,1.1904761904761914
21,network.4.weight,4,8,256,297933308,0,256,1.1904761904761916
21,network.4.weight,4,9,256,298167883,0,256,1.1904761904761907
21,network.4.weight,4,10,256,298265970,0,256,1.1904761904761911
21,network.4.weight,4,11,256,298319280,0,256,1.1904761904761911
21,network.4.weight,4,12,256,298325838,0,256,1.190476190476191
21,network.4.weight,4,13,256,298502198,0,256,1.1904761904761911
21,network.4.weight,4,14,256,298641847,0,256,1.1904761904761914
21,network.4.weight,4,15,256,298638154,0,256,1.190476190476192
21,network.4.weight,4,16,256,298813677,0,256,1.1904761904761911
21,network.4.weight,4,17,256,298914207,0,256,1.190476190476191
21,network.4.weight,4,18,256,299050396,0,256,1.1904761904761907
21,network.4.weight,4,19,256,299056450,0,256,1.190476190476191
21,network.4.weight,4,20,256,299204015,0,256,1.1904666172604865
21,network.4.weight,4,21,256,299353720,0,256,1.1904761904761914
21,network.4.weight,4,22,256,298910971,0,256,1.1904761904761914
21,network.4.weight,4,23,256,299525708,0,256,1.1904761904761911
21,network.4.weight,4,24,256,299583974,0,256,1.1904761904761905
21,network.4.weight,4,25,256,299681330,0,256,1.190476190476191
21,network.4.weight,4,26,256,299812039,0,256,1.1904761904761911
21,network.4.weight,4,27,256,299879562,0,256,1.1904761904761905
21,network.4.weight,4,28,256,299495187,0,256,1.1904761904761907
21,network.4.weight,4,29,256,300145345,0,256,1.1904761904761905
21,network.4.weight,4,30,256,300197416,0,256,1.1904536835399209
21,network.4.weight,4,31,256,299786502,0,256,1.1904761904761907
21,network.4.bias,5,0,64,298138997,0,64,1.1904761904761907
21,network.5.weight,6,0,64,299078570,8,64,1.1904761904761907
21,network.5.bias,7,0,64,300245343,8,64,1.1887077168251226
21,network.8.weight,8,0,256,301324056,0,256,1.1904761904761907
21,network.8.weight,8,1,256,301454603,31,256,1.189541240629238
21,network.8.weight,8,2,256,301497670,31,256,1.190018405237178
21,network.8.weight,8,3,256,301635282,31,256,1.189829356577389
21,network.8.weight,8,4,256,301671696,31,256,1.19047619047619
21,network.8.weight,8,5,256,301800353,31,256,1.1904761904761905
21,network.8.weight,8,6,256,301864519,31,256,1.1904761904761905
21,network.8.weight,8,7,256,301852030,31,256,1.1904761904761905
21,network.8.bias,9,0,32,302006090,0,32,1.1904761904761907
21,network.9.weight,10,0,32,303059186,4,32,1.1904761904761907
21,network.9.bias,11,0,32,304126336,4,32,1.1871665425250304
21,network.12.weight,12,0,32,305199601,4,32,1.1904761904761907
21,network.12.bias,13,0,1,297141687,0,1,1.0
21,network.1.running_mean,14,0,128,307489320,16,128,1.1904761904761905
21,network.1.running_var,15,0,128,308600105,16,128,1.1904761904761905
21,network.5.running_mean,17,0,64,310305227,8,64,1.1904761904761911
21,network.5.running_var,18,0,64,311353971,8,64,1.1884665549531332
21,network.9.running_mean,20,0,32,313360388,4,32,1.187181259072134
21,network.9.running_var,21,0,32,314415578,4,32,1.1904761904761905
22,network.0.weight,0,0,256,342165158,0,256,1.190476190476191
22,network.0.weight,0,1,256,342199384,0,256,1.1904761904761911
22,network.0.weight,0,2,256,342302521,0,256,1.1904478346053409
22,network.0.weight,0,3,256,342524981,0,256,1.190476190476191
22,network.0.weight,0,4,256,342549010,0,256,1.1904761904761914
22,network.0.weight,0,5,256,342468304,0,256,1.1904566317273917
22,network.0.weight,0,6,128,342715446,0,128,1.190476190476191
22,network.0.bias,1,0,128,343005785,0,128,1.1904761904761911
22,network.1.weight,2,0,128,344049605,0,128,1.1904356905985949
22,network.1.bias,3,0,128,345167095,0,128,1.1904761904761907
22,network.4.weight,4,0,256,346187340,0,256,1.1904761904761905
22,network.4.weight,4,1,256,346285129,0,256,1.1904761904761918
22,network.4.weight,4,2,256,346349005,0,256,1.1904761904761918
22,network.4.weight,4,3,256,346534085,0,256,1.1904761904761914
22,network.4.weight,4,4,256,346576040,0,256,1.190476190476192
22,network.4.weight,4,5,256,346589695,0,256,1.1904761904761916
22,network.4.weight,4,6,256,346803493,0,256,1.1904761904761918
22,network.4.weight,4,7,256,346786670,0,256,1.1904761904761927
22,network.4.weight,4,8,256,346979470,0,256,1.1904761904761911
22,network.4.weight,4,9,256,347080770,0,256,1.1904761904761905
22,network.4.weight,4,10,256,347114755,0,256,1.1904761904761905
22,network.4.weight,4,11,256,347250336,0,256,1.190476190476191
22,network.4.weight,4,12,256,347310097,0,256,1.190476190476191
22,network.4.weight,4,13,256,347473870,0,256,1.1904761904761911
22,network.4.weight,4,14,256,347562354,0,256,1.190476190476191
22,network.4.weight,4,15,256,347640308,0,256,1.1904761904761907
22,network.4.weight,4,16,256,347709759,0,256,1.1904761904761905
22,network.4.weight,4,17,256,347831515,0,256,1.1904761904761911
22,network.4.weight,4,18,256,347932365,0,256,1.1904761904761911
22,network.4.weight,4,19,256,348011511,0,256,1.1904761904761914
22,network.4.weight,4,20,256,348125016,0,256,1.1904761904761911
22,network.4.weight,4,21,256,348219066,0,256,1.190476190476191
22,network.4.weight,4,22,256,348343625,0,256,1.1904761904761905
22,network.4.weight,4,23,256,348349904,0,256,1.1904761904761907
22,network.4.weight,4,24,256,348543488,0,256,1.1904761904761907
22,network.4.weight,4,25,256,348606330,0,256,1.190476190476191
22,network.4.weight,4,26,256,348715184,0,256,1.1904761904761911
22,network.4.weight,4,27,256,348836315,0,256,1.1904761904761911
22,network.4.weight,4,28,256,348947721,0,256,1.1904761904761911
22,network.4.weight,4,29,256,349024162,0,256,1.1904761904761911
22,network.4.weight,4,30,256,349086388,0,256,1.1904761904761907
22,network.4.weight,4,31,256,348763460,0,256,1.1904761904761907
22,network.4.bias,5,0,64,347177013,8,64,1.1904761904761905
22,network.5.weight,6,0,64,348113985,6,64,1.1904761904761905
22,network.5.bias,7,0,64,349261434,8,64,1.1904761904761902
22,network.8.weight,8,0,256,350138921,0,256,1.1904761904761916
22,network.8.weight,8,1,256,350485543,30,256,1.1904761904761916
22,network.8.weight,8,2,256,350517346,31,256,1.1899662608352175
22,network.8.weight,8,3,256,350649502,31,256,1.1898985477246564
22,network.8.weight,8,4,256,350621224,31,256,1.1898650163767837
22,network.8.weight,8,5,256,350724224,31,256,1.1899934253251556
22,network.8.weight,8,6,256,350868624,31,256,1.1904761904761914
22,network.8.weight,8,7,256,350990730,31,256,1.1904761904761905
22,network.8.bias,9,0,32,351087895,4,32,1.1870932386397042
22,network.9.weight,10,0,32,352012100,4,32,1.1888676574609909
22,network.9.bias,11,0,32,353116562,4,32,1.1862424649708085
22,network.12.weight,12,0,32,354164900,2,32,1.1904761904761907
22,network.12.bias,13,0,1,346117897,0,1,1.0
22,network.1.running_mean,14,0,128,356456525,16,128,1.1904761904761905
22,network.1.running_var,15,0,128,357546017,16,128,1.189991467806017
22,network.5.running_mean,17,0,64,359380614,8,64,1.1904761904761905
22,network.5.running_var,18,0,64,360380419,8,64,1.187514012070997
22,network.9.running_mean,20,0,32,362402053,4,32,1.183983235275843
22,network.9.running_var,21,0,32,363332557,4,32,1.1904761904761907
23,network.0.weight,0,0,256,1122631012,0,256,1.1904761904761907
23,network.0.weight,0,1,256,1122702544,0,256,1.1904761904761907
23,network.0.weight,0,2,256,1122823381,0,256,1.1904761904761916
23,network.0.weight,0,3,256,1122893436,0,256,1.1904761904761907
23,network.0.weight,0,4,256,1122907260,0,256,1.1904761904761907
23,network.0.weight,0,5,256,1123080432,0,256,1.1904761904761911
23,network.0.weight,0,6,128,1123126966,0,128,1.1904761904761905
23,network.0.bias,1,0,128,1123468427,0,128,1.190476190476191
23,network.1.weight,2,0,128,1124571319,16,128,1.1904761904761905
23,network.1.bias,3,0,128,1125723173,16,128,1.189487182139755
23,network.4.weight,4,0,256,1126768967,0,256,1.190476190476191
23,network.4.weight,4,1,256,1126852971,0,256,1.1904761904761916
23,network.4.weight,4,2,256,1126926231,0,256,1.1904566317273915
23,network.4.weight,4,3,256,1127047945,0,256,1.1904578931829715
23,network.4.weight,4,4,256,1127078817,0,256,1.1904761904761911
23,network.4.weight,4,5,256,1127211401,0,256,1.1904761904761914
23,network.4.weight,4,6,256,1126784990,0,256,1.1904761904761907
23,network.4.weight,4,7,256,1127440943,0,256,1.1904761904761907
23,network.4.weight,4,8,256,1127489785,0,256,1.1904761904761914
23,network.4.weight,4,9,256,1127424945,0,256,1.1904761904761907
23,network.4.weight,4,10,256,1127717234,0,256,1.1904761904761907
23,network.4.weight,4,11,256,1127779250,0,256,1.190476190476192
23,network.4.weight,4,12,256,1127852262,0,256,1.1904761904761914
23,network.4.weight,4,13,256,1127951100,0,256,1.1904647070160244
23,network.4.weight,4,14,256,1128082258,0,256,1.1904761904761905
23,network.4.weight,4,15,256,1128218888,0,256,1.1904761904761907
23,network.4.weight,4,16,256,1128260254,0,256,1.1904761904761911
23,network.4.weight,4,17,256,1128333973,0,256,1.1904761904761907
23,network.4.weight,4,18,256,1128474762,0,256,1.1904761904761911
23,network.4.weight,4,19,256,1128590607,0,256,1.1904761904761914
23,network.4.weight,4,20,256,1128684671,0,256,1.1904761904761918
23,network.4.weight,4,21,256,1128244937,0,256,1.1904652810807355
23,network.4.weight,4,22,256,1128859454,0,256,1.1904761904761905
23,network.4.weight,4,23,256,1128948064,0,256,1.1904110737376237
23,network.4.weight,4,24,256,1129071630,0,256,1.1904761904761918
23,network.4.weight,4,25,256,1129165766,0,256,1.190476190476192
23,network.4.weight,4,26,256,1129229557,0,256,1.1904761904761914
23,network.4.weight,4,27,256,1129426771,0,256,1.1904761904761911
23,network.4.weight,4,28,256,1129494609,0,256,1.1904761904761911
23,network.4.weight,4,29,256,1129589042,0,256,1.1904761904761911
23,network.4.weight,4,30,256,1129636173,0,256,1.1904761904761914
23,network.4.weight,4,31,256,1129705699,0,256,1.190476190476191
23,network.4.bias,5,0,64,1127538406,0,64,1.1904761904761907
23,network.5.weight,6,0,64,1128525237,7,64,1.1881492874336221
23,network.5.bias,7,0,64,1129690153,8,64,1.1904761904761902
23,network.8.weight,8,0,256,1130600249,0,256,1.190476190476191
23,network.8.weight,8,1,256,1130754585,31,256,1.1899909933856962
23,network.8.weight,8,2,256,1130960947,31,256,1.1904761904761905
23,network.8.weight,8,3,256,1131042395,31,256,1.1890229958886918
23,network.8.weight,8,4,256,1130607316,0,256,1.1904761904761911
23,network.8.weight,8,5,256,1131195169,31,256,1.190476190476191
23,network.8.weight,8,6,256,1131281896,31,256,1.1904761904761898
23,network.8.weight,8,7,256,1131434172,31,256,1.1904761904761902
23,network.8.bias,9,0,32,1131527328,0,32,1.1904761904761907
23,network.9.weight,10,0,32,1132503001,4,32,1.1843247767476697
23,network.9.bias,11,0,32,1133581056,4,32,1.1887278167218052
23,network.12.weight,12,0,32,1134619608,2,32,1.1904761904761911
23,network.12.bias,13,0,1,1126573312,0,1,1.0
23,network.1.running_mean,14,0,128,1136811384,16,128,1.1904761904761905
23,network.1.running_var,15,0,128,1137769366,16,128,1.1904761904761905
23,network.5.running_mean,17,0,64,1139780757,8,64,1.1904761904761905
23,network.5.running_var,18,0,64,1140794582,8,64,1.189370534570049
23,network.9.running_mean,20,0,32,1142744709,4,32,1.1904761904761905
23,network.9.running_var,21,0,32,1143848573,4,32,1.1834326921924538
24,network.0.weight,0,0,256,591621037,0,256,1.1904761904761905
24,network.0.weight,0,1,256,591596557,0,256,1.1904761904761911
24,network.0.weight,0,2,256,591780359,0,256,1.1904761904761911
24,network.0.weight,0,3,256,591531540,0,256,1.1904761904761911
24,network.0.weight,0,4,256,592058406,0,256,1.1904761904761914
24,network.0.weight,0,5,256,592073752,0,256,1.1904600757744686
24,network.0.weight,0,6,128,592179548,0,128,1.1904761904761907
24,network.0.bias,1,0,128,592451636,0,128,1.190476190476191
24,network.1.weight,2,0,128,593572142,11,128,1.189723357291326
24,network.1.bias,3,0,128,594711820,16,128,1.190476190476191
24,network.4.weight,4,0,256,595730776,31,256,1.189664445230033
24,network.4.weight,4,1,256,595860270,31,256,1.1899627538708843
24,network.4.weight,4,2,256,595915031,31,256,1.189357932386667
24,network.4.weight,4,3,256,596066724,31,256,1.1904761904761905
24,network.4.weight,4,4,256,596099665,31,256,1.1904761904761918
24,network.4.weight,4,5,256,596168062,31,256,1.19047619047619
24,network.4.weight,4,6,256,596320875,30,256,1.1904761904761905
24,network.4.weight,4,7,256,596391726,31,256,1.1904761904761907
24,network.4.weight,4,8,256,596519699,31,256,1.1902268493064159
24,network.4.weight,4,9,256,596626403,31,256,1.1904761904761914
24,network.4.weight,4,10,256,596740901,31,256,1.1893065960169804
24,network.4.weight,4,11,256,596737773,31,256,1.1898994880548814
24,network.4.weight,4,12,256,596926968,30,256,1.1904761904761914
24,network.4.weight,4,13,256,596877606,31,256,1.190476190476191
24,network.4.weight,4,14,256,597110999,31,256,1.1894886503590234
24,network.4.weight,4,15,256,597203767,28,256,1.1897278938080755
24,network.4.weight,4,16,256,597299124,31,256,1.1895425238466917
24,network.4.weight,4,17,256,597294992,31,256,1.1904761904761905
24,network.4.weight,4,18,256,597464357,31,256,1.1899900695863403
24,network.4.weight,4,19,256,597591044,31,256,1.1904761904761916
24,network.4.weight,4,20,256,597667158,31,256,1.190476190476191
24,network.4.weight,4,21,256,597745650,31,256,1.190476190476191
24,network.4.weight,4,22,256,597849762,31,256,1.1890547323392382
24,network.4.weight,4,23,256,597986888,31,256,1.1904761904761902
24,network.4.weight,4,24,256,598098624,31,256,1.1904761904761905
24,network.4.weight,4,25,256,598135032,31,256,1.1904761904761902
24,network.4.weight,4,26,256,598293962,31,256,1.1904761904761907
24,network.4.weight,4,27,256,598341214,31,256,1.1897739719981733
24,network.4.weight,4,28,256,598463205,30,256,1.19047619047619
24,network.4.weight,4,29,256,598559255,31,256,1.1904761904761911
24,network.4.weight,4,30,256,598602052,31,256,1.1895406126354509
24,network.4.weight,4,31,256,598769787,31,256,1.1893698941139714
24,network.4.bias,5,0,64,596512280,0,64,1.1904761904761902
24,network.5.weight,6,0,64,597543948,4,64,1.1904761904761911
24,network.5.bias,7,0,64,598718045,8,64,1.1904761904761905
24,network.8.weight,8,0,256,599789947,31,256,1.1895404537392853
24,network.8.weight,8,1,256,599853643,31,256,1.1894649385970542
24,network.8.weight,8,2,256,599951915,0,256,1.190476190476191
24,network.8.weight,8,3,256,599998928,31,256,1.1904761904761916
24,network.8.weight,8,4,256,600141351,31,256,1.1896083038667655
24,network.8.weight,8,5,256,600169748,31,256,1.1896900524495393
24,network.8.weight,8,6,256,600222400,31,256,1.1904761904761905
24,network.8.weight,8,7,256,599878733,0,256,1.190476190476191
24,network.8.bias,9,0,32,600448907,0,32,1.1883674630968808
24,network.9.weight,10,0,32,601430855,4,32,1.1885365756540494
24,network.9.bias,11,0,32,602542781,4,32,1.1904761904761905
24,network.12.weight,12,0,32,603549925,3,32,1.1904761904761905
24,network.12.bias,13,0,1,595547230,0,1,1.0
24,network.1.running_mean,14,0,128,605835609,16,128,1.189819488717289
24,network.1.running_var,15,0,128,606776085,16,128,1.189465042688659
24,network.5.running_mean,17,0,64,608780901,8,64,1.1904761904761914
24,network.5.running_var,18,0,64,609773361,8,64,1.1897840628216363
24,network.9.running_mean,20,0,32,611746039,4,32,1.1904761904761907
24,network.9.running_var,21,0,32,612654704,4,32,1.1875896307796447
25,network.0.weight,0,0,256,911745768,0,256,1.1904761904761907
25,network.0.weight,0,1,256,911871957,0,256,1.1904761904761905
25,network.0.weight,0,2,256,911921255,0,256,1.1904761904761905
25,network.0.weight,0,3,256,911877722,0,256,1.1904761904761907
25,network.0.weight,0,4,256,912165864,0,256,1.190476190476191
25,network.0.weight,0,5,256,912264619,0,256,1.1904761904761905
25,network.0.weight,0,6,128,912346838,0,128,1.1904761904761916
25,network.0.bias,1,0,128,912629181,0,128,1.1904761904761907
25,network.1.weight,2,0,128,913721715,0,128,1.1904761904761907
25,network.1.bias,3,0,128,914867139,0,128,1.1904761904761907
25,network.4.weight,4,0,256,915901831,0,256,1.190476190476191
25,network.4.weight,4,1,256,915870667,0,256,1.1904761904761905
25,network.4.weight,4,2,256,916087077,0,256,1.190476190476191
25,network.4.weight,4,3,256,916218799,0,256,1.1904761904761911
25,network.4.weight,4,4,256,916284757,0,256,1.1904761904761911
25,network.4.weight,4,5,256,916360381,0,256,1.1904761904761914
25,network.4.weight,4,6,256,916442474,0,256,1.1904761904761905
25,network.4.weight,4,7,256,916556304,0,256,1.1904761904761911
25,network.4.weight,4,8,256,916106037,0,256,1.1904761904761911
25,network.4.weight,4,9,256,916788595,0,256,1.1904659818805912
25,network.4.weight,4,10,256,916894672,0,256,1.1904761904761905
25,network.4.weight,4,11,256,916937695,0,256,1.1904761904761905
25,network.4.weight,4,12,256,917071920,0,256,1.1904761904761911
25,network.4.weight,4,13,256,917095411,0,256,1.1904761904761907
25,network.4.weight,4,14,256,917253417,0,256,1.1904761904761907
25,network.4.weight,4,15,256,917253679,0,256,1.1904761904761914
25,network.4.weight,4,16,256,917469770,0,256,1.190476190476191
25,network.4.weight,4,17,256,917515979,0,256,1.1904761904761905
25,network.4.weight,4,18,256,917649660,0,256,1.1904761904761916
25,network.4.weight,4,19,256,917754102,0,256,1.1904761904761907
25,network.4.weight,4,20,256,917748210,0,256,1.1904761904761916
25,network.4.weight,4,21,256,917944586,0,256,1.1904761904761916
25,network.4.weight,4,22,256,917988157,0,256,1.1904761904761914
25,network.4.weight,4,23,256,918112943,0,256,1.1904761904761905
25,network.4.weight,4,24,256,918103177,0,256,1.190476190476191
25,network.4.weight,4,25,256,918284475,0,256,1.1904761904761907
25,network.4.weight,4,26,256,918374119,0,256,1.1904761904761914
25,network.4.weight,4,27,256,918512884,0,256,1.1904761904761905
25,network.4.weight,4,28,256,918628338,0,256,1.1904761904761907
25,network.4.weight,4,29,256,918681256,0,256,1.1904761904761916
25,network.4.weight,4,30,256,918810203,0,256,1.190476190476191
25,network.4.weight,4,31,256,918888785,0,256,1.1904761904761916
25,network.4.bias,5,0,64,916694727,0,64,1.1890916589197293
25,network.5.weight,6,0,64,917663093,4,64,1.1896159562449822
25,network.5.bias,7,0,64,918839104,7,64,1.1896054021387086
25,network.8.weight,8,0,256,919940182,31,256,1.1904761904761916
25,network.8.weight,8,1,256,919988826,31,256,1.1904761904761911
25,network.8.weight,8,2,256,919938894,31,256,1.1904761904761911
25,network.8.weight,8,3,256,920204916,31,256,1.1904761904761902
25,network.8.weight,8,4,256,920282117,31,256,1.1904761904761918
25,network.8.weight,8,5,256,920373059,31,256,1.1894689770166071
25,network.8.weight,8,6,256,920469512,26,256,1.1901045949425533
25,network.8.weight,8,7,256,920509155,31,256,1.1904761904761905
25,network.8.bias,9,0,32,920657492,0,32,1.1897489285750706
25,network.9.weight,10,0,32,921676779,3,32,1.1904761904761898
25,network.9.bias,11,0,32,922739768,4,32,1.1839352436477426
25,network.12.weight,12,0,32,923761920,4,32,1.1904761904761905
25,network.12.bias,13,0,1,915701295,0,1,1.0
25,network.1.running_mean,14,0,128,926001017,16,128,1.1898606808694032
25,network.1.running_var,15,0,128,927029557,16,128,1.190476190476191
25,network.5.running_mean,17,0,64,928907284,8,64,1.1904761904761902
25,network.5.running_var,18,0,64,929954085,8,64,1.1904761904761905
25,network.9.running_mean,20,0,32,931902754,4,32,1.1904761904761907
25,network.9.running_var,21,0,32,932803757,4,32,1.1904761904761911
26,network.0.weight,0,0,256,369365940,0,256,1.190476190476191
26,network.0.weight,0,1,256,369502700,0,256,1.1904761904761916
26,network.0.weight,0,2,256,369665537,0,256,1.1904761904761905
26,network.0.weight,0,3,256,369719574,0,256,1.1904761904761905
26,network.0.weight,0,4,256,369717391,0,256,1.1904761904761911
26,network.0.weight,0,5,256,369907695,0,256,1.190476190476192
26,network.0.weight,0,6,128,369899371,0,128,1.1903828147210522
26,network.0.bias,1,0,128,370309212,0,128,1.1904761904761911
26,network.1.weight,2,0,128,371312639,16,128,1.1892827384220321
26,network.1.bias,3,0,128,372436790,16,128,1.18915610010614
26,network.4.weight,4,0,256,373480125,31,256,1.1904761904761905
26,network.4.weight,4,1,256,373500847,31,256,1.1904761904761905
26,network.4.weight,4,2,256,373557943,31,256,1.1904761904761914
26,network.4.weight,4,3,256,373618630,31,256,1.19047619047619
26,network.4.weight,4,4,256,373855268,31,256,1.1900406471121447
26,network.4.weight,4,5,256,373860261,31,256,1.1896076474000978
26,network.4.weight,4,6,256,374081756,31,256,1.1897422112765768
26,network.4.weight,4,7,256,374119250,31,256,1.1900173235728047
26,network.4.weight,4,8,256,374233448,31,256,1.1895691616509019
26,network.4.weight,4,9,256,374349744,31,256,1.189901040822194
26,network.4.weight,4,10,256,374414369,31,256,1.1904761904761902
26,network.4.weight,4,11,256,374539421,31,256,1.1900471713598464
26,network.4.weight,4,12,256,374627920,31,256,1.190476190476191
26,network.4.weight,4,13,256,374714723,31,256,1.1897782539262673
26,network.4.weight,4,14,256,374822212,31,256,1.1904761904761905
26,network.4.weight,4,15,256,374886803,31,256,1.190476190476191
26,network.4.weight,4,16,256,375001053,31,256,1.1904761904761905
26,network.4.weight,4,17,256,375120413,31,256,1.1898697392418474
26,network.4.weight,4,18,256,375190555,31,256,1.1904761904761907
26,network.4.weight,4,19,256,375321691,31,256,1.1904761904761902
26,network.4.weight,4,20,256,375425278,31,256,1.1901385871674262
26,network.4.weight,4,21,256,375475331,31,256,1.190476190476191
26,network.4.weight,4,22,256,375579709,0,256,1.190476190476191
26,network.4.weight,4,23,256,375670825,31,256,1.1904761904761907
26,network.4.weight,4,24,256,375758566,0,256,1.1904761904761914
26,network.4.weight,4,25,256,375817036,31,256,1.1897489285750706
26,network.4.weight,4,26,256,375983522,0,256,1.1904761904761914
26,network.4.weight,4,27,256,376120024,31,256,1.1904761904761916
26,network.4.weight,4,28,256,375712607,0,256,1.1904761904761916
26,network.4.weight,4,29,256,376290643,31,256,1.1895440281743908
26,network.4.weight,4,30,256,376413255,31,256,1.1890355357970317
26,network.4.weight,4,31,256,376476693,31,256,1.1902396334923147
26,network.4.bias,5,0,64,374376801,0,64,1.1902211382095331
26,network.5.weight,6,0,64,375329950,7,64,1.1904761904761907
26,network.5.bias,7,0,64,376492442,8,64,1.1904761904761907
26,network.8.weight,8,0,256,377592055,30,256,1.1904761904761916
26,network.8.weight,8,1,256,377681633,31,256,1.1899656090174064
26,network.8.weight,8,2,256,377775616,31,256,1.1904761904761907
26,network.8.weight,8,3,256,377766316,31,256,1.1904761904761902
26,network.8.weight,8,4,256,377823860,31,256,1.190476190476191
26,network.8.weight,8,5,256,377993966,31,256,1.19047619047619
26,network.8.weight,8,6,256,378092858,31,256,1.1904761904761902
26,network.8.weight,8,7,256,378296347,31,256,1.1904761904761907
26,network.8.bias,9,0,32,378318204,4,32,1.1904761904761907
26,network.9.weight,10,0,32,379253707,3,32,1.1879150908863982
26,network.9.bias,11,0,32,380361867,4,32,1.1882801006753536
26,network.12.weight,12,0,32,381408470,4,32,1.1879545256751582
26,network.12.bias,13,0,1,373356493,0,1,1.0
26,network.1.running_mean,14,0,128,383618726,16,128,1.1893719011140282
26,network.1.running_var,15,0,128,384821521,16,128,1.1893785124868084
26,network.5.running_mean,17,0,64,386529650,8,64,1.190476190476191
26,network.5.running_var,18,0,64,387645463,8,64,1.1888204350586562
26,network.9.running_mean,20,0,32,389595706,4,32,1.1904761904761911
26,network.9.running_var,21,0,32,390649793,4,32,1.1858857188822978
27,network.0.weight,0,0,256,1146142700,0,256,1.190476190476191
27,network.0.weight,0,1,256,1145868812,0,256,1.1904761904761911
27,network.0.weight,0,2,256,1146340927,0,256,1.1904761904761914
27,network.0.weight,0,3,256,1146303424,0,256,1.1904761904761911
27,network.0.weight,0,4,256,1146565730,0,256,1.1904761904761911
27,network.0.weight,0,5,256,1146592370,0,256,1.1904761904761916
27,network.0.weight,0,6,128,1146492289,0,128,1.1904761904761911
27,network.0.bias,1,0,128,1146973123,0,128,1.190391394350072
27,network.1.weight,2,0,128,1148084089,16,128,1.189784871424772
27,network.1.bias,3,0,128,1149203299,16,128,1.1896289184196587
27,network.4.weight,4,0,256,1150247232,0,256,1.1904761904761911
27,network.4.weight,4,1,256,1150324795,0,256,1.1904761904761911
27,network.4.weight,4,2,256,1150422822,0,256,1.1904761904761907
27,network.4.weight,4,3,256,1150497907,0,256,1.190476190476191
27,network.4.weight,4,4,256,1150646440,0,256,1.190476190476191
27,network.4.weight,4,5,256,1150702372,0,256,1.1904761904761911
27,network.4.weight,4,6,256,1150346831,0,256,1.1904761904761911
27,network.4.weight,4,7,256,1150922775,0,256,1.1904761904761907
27,network.4.weight,4,8,256,1151024508,0,256,1.1904761904761907
27,network.4.weight,4,9,256,1151125605,0,256,1.1904761904761905
27,network.4.weight,4,10,256,1151243383,0,256,1.1904761904761911
27,network.4.weight,4,11,256,1151311120,0,256,1.1904761904761911
27,network.4.weight,4,12,256,1151429857,0,256,1.190476190476191
27,network.4.weight,4,13,256,1151485798,0,256,1.190476190476191
27,network.4.weight,4,14,256,1151613825,0,256,1.1904761904761916
27,network.4.weight,4,15,256,1151665783,0,256,1.1904761904761905
27,network.4.weight,4,16,256,1151777225,0,256,1.190476190476191
27,network.4.weight,4,17,256,1151849396,0,256,1.1904761904761905
27,network.4.weight,4,18,256,1151964262,0,256,1.1904761904761914
27,network.4.weight,4,19,256,1152091384,0,256,1.1904761904761916
27,network.4.weight,4,20,256,1152177822,0,256,1.1904761904761905
27,network.4.weight,4,21,256,1152259607,0,256,1.1904761904761905
27,network.4.weight,4,22,256,1152359008,0,256,1.1904761904761914
27,network.4.weight,4,23,256,1152488533,0,256,1.1904761904761907
27,network.4.weight,4,24,256,1152617582,0,256,1.190476190476191
27,network.4.weight,4,25,256,1152651487,0,256,1.1904761904761911
27,network.4.weight,4,26,256,1152769490,0,256,1.190476190476191
27,network.4.weight,4,27,256,1152882439,0,256,1.1904761904761907
27,network.4.weight,4,28,256,1152923304,0,256,1.1904761904761907
27,network.4.weight,4,29,256,1153087447,0,256,1.1904761904761916
27,network.4.weight,4,30,256,1153163600,0,256,1.1904761904761911
27,network.4.weight,4,31,256,1153242826,0,256,1.190476190476191
27,network.4.bias,5,0,64,1151154957,0,64,1.190476190476191
27,network.5.weight,6,0,64,1152088334,7,64,1.1895400763668216
27,network.5.bias,7,0,64,1153250197,8,64,1.1877031512193987
27,network.8.weight,8,0,256,1154213361,31,256,1.189835365154411
27,network.8.weight,8,1,256,1154284494,31,256,1.1897737296267934
27,network.8.weight,8,2,256,1154450600,31,256,1.1897729934180705
27,network.8.weight,8,3,256,1154514938,0,256,1.1904761904761914
27,network.8.weight,8,4,256,1154670477,31,256,1.1904761904761907
27,network.8.weight,8,5,256,1154785030,31,256,1.190476190476191
27,network.8.weight,8,6,256,1154868067,31,256,1.1887321221257494
27,network.8.weight,8,7,256,1155046033,31,256,1.1901386485913383
27,network.8.bias,9,0,32,1155061317,0,32,1.1904761904761907
27,network.9.weight,10,0,32,1156036251,4,32,1.1852453267464145
27,network.9.bias,11,0,32,1157143354,4,32,1.1904761904761905
27,network.12.weight,12,0,32,1158192448,1,32,1.1904761904761907
27,network.12.bias,13,0,1,1150134397,0,1,1.0
27,network.1.running_mean,14,0,128,1160452495,16,128,1.189672364432215
27,network.1.running_var,15,0,128,1161323323,16,128,1.190476190476191
27,network.5.running_mean,17,0,64,1163278620,8,64,1.1876544872158579
27,network.5.running_var,18,0,64,1164313747,8,64,1.1904761904761911
27,network.9.running_mean,20,0,32,1166273526,4,32,1.1876235091923562
27,network.9.running_var,21,0,32,1167308184,4,32,1.190476190476191
28,network.0.weight,0,0,256,2106218362,0,256,1.1904761904761905
28,network.0.weight,0,1,256,2106436594,0,256,1.1904761904761907
28,network.0.weight,0,2,256,2106321416,0,256,1.1904761904761907
28,network.0.weight,0,3,256,2106487201,0,256,1.1904761904761914
28,network.0.weight,0,4,256,2106700862,0,256,1.1904761904761914
28,network.0.weight,0,5,256,2106611140,0,256,1.190476190476192
28,network.0.weight,0,6,128,2106899743,0,128,1.1904761904761911
28,network.0.bias,1,0,128,2107254897,0,128,1.1904761904761905
28,network.1.weight,2,0,128,2108333094,0,128,1.190476190476191
28,network.1.bias,3,0,128,2109459389,0,128,1.1904761904761907
28,network.4.weight,4,0,256,2110489691,0,256,1.1904647070160246
28,network.4.weight,4,1,256,2110615327,0,256,1.1904761904761911
28,network.4.weight,4,2,256,2110690424,0,256,1.1904761904761914
28,network.4.weight,4,3,256,2110798924,0,256,1.190476190476191
28,network.4.weight,4,4,256,2110865001,0,256,1.1904761904761907
28,network.4.weight,4,5,256,2110967223,0,256,1.1904761904761907
28,network.4.weight,4,6,256,2110998921,0,256,1.1904761904761914
28,network.4.weight,4,7,256,2111153957,0,256,1.1904761904761918
28,network.4.weight,4,8,256,2111284867,0,256,1.190476190476191
28,network.4.weight,4,9,256,2111334500,0,256,1.1904761904761907
28,network.4.weight,4,10,256,2111427420,0,256,1.1904761904761907
28,network.4.weight,4,11,256,2111540184,0,256,1.190476190476192
28,network.4.weight,4,12,256,2111634021,0,256,1.190476190476191
28,network.4.weight,4,13,256,2111761205,0,256,1.1904761904761907
28,network.4.weight,4,14,256,2111889058,0,256,1.1904761904761905
28,network.4.weight,4,15,256,2111385779,0,256,1.190476190476191
28,network.4.weight,4,16,256,2112028252,0,256,1.1904761904761911
28,network.4.weight,4,17,256,2112114788,0,256,1.1904761904761902
28,network.4.weight,4,18,256,2112236810,0,256,1.1904761904761907
28,network.4.weight,4,19,256,2112329457,0,256,1.1904761904761905
28,network.4.weight,4,20,256,2112401252,0,256,1.1904761904761905
28,network.4.weight,4,21,256,2112523027,0,256,1.1904761904761911
28,network.4.weight,4,22,256,2112652557,0,256,1.1904761904761911
28,network.4.weight,4,23,256,2112720584,0,256,1.1904761904761905
28,network.4.weight,4,24,256,2112811037,0,256,1.1904761904761914
28,network.4.weight,4,25,256,2112907378,0,256,1.1904761904761916
28,network.4.weight,4,26,256,2113055128,0,256,1.1904761904761911
28,network.4.weight,4,27,256,2113084693,0,256,1.1904761904761911
28,network.4.weight,4,28,256,2113198113,0,256,1.1904761904761911
28,network.4.weight,4,29,256,2113158998,0,256,1.1904761904761905
28,network.4.weight,4,30,256,2113411810,0,256,1.1904761904761914
28,network.4.weight,4,31,256,2113494817,0,256,1.1904761904761911
28,network.4.bias,5,0,64,2111225227,0,64,1.1904761904761905
28,network.5.weight,6,0,64,2112245061,8,64,1.1904761904761907
28,network.5.bias,7,0,64,2113405053,8,64,1.1891332960589545
28,network.8.weight,8,0,256,2114493684,31,256,1.1904761904761902
28,network.8.weight,8,1,256,2114493371,31,256,1.1904761904761907
28,network.8.weight,8,2,256,2114635504,31,256,1.1891664117471177
28,network.8.weight,8,3,256,2114770810,31,256,1.1898598441234083
28,network.8.weight,8,4,256,2114853608,31,256,1.1898612620329683
28,network.8.weight,8,5,256,2114931640,31,256,1.19047619047619
28,network.8.weight,8,6,256,2114977618,31,256,1.1904761904761907
28,network.8.weight,8,7,256,2114986995,31,256,1.190476190476191
28,network.8.bias,9,0,32,2115209976,0,32,1.1898395912083788
28,network.9.weight,10,0,32,2116217225,4,32,1.1887574349584968
28,network.9.bias,11,0,32,2117287115,4,32,1.189024843999071
28,network.12.weight,12,0,32,2118371479,2,32,1.190476190476191
28,network.12.bias,13,0,1,2110299950,0,1,1.0
28,network.1.running_mean,14,0,128,2120650469,16,128,1.19047619047619
28,network.1.running_var,15,0,128,2121686851,16,128,1.1893602865468795
28,network.5.running_mean,17,0,64,2123519858,8,64,1.1904761904761905
28,network.5.running_var,18,0,64,2124558212,8,64,1.188147803755785
28,network.9.running_mean,20,0,32,2126475297,4,32,1.19047619047619
28,network.9.running_var,21,0,32,2127516715,4,32,1.1904761904761907
29,network.0.weight,0,0,256,557477749,0,256,1.1904761904761911
29,network.0.weight,0,1,256,557293496,0,256,1.1904761904761907
29,network.0.weight,0,2,256,557499399,0,256,1.1904761904761907
29,network.0.weight,0,3,256,557775211,0,256,1.1904761904761911
29,network.0.weight,0,4,256,557853915,0,256,1.190476190476191
29,network.0.weight,0,5,256,557961239,0,256,1.1904761904761907
29,network.0.weight,0,6,128,557989524,0,128,1.1904761904761916
29,network.0.bias,1,0,128,558213031,0,128,1.1904761904761905
29,network.1.weight,2,0,128,559349755,0,128,1.1904761904761907
29,network.1.bias,3,0,128,560473221,0,128,1.1904761904761907
29,network.4.weight,4,0,256,561517894,0,256,1.1904761904761907
29,network.4.weight,4,1,256,561606170,0,256,1.1904761904761922
29,network.4.weight,4,2,256,561721899,0,256,1.1904761904761898
29,network.4.weight,4,3,256,561772286,0,256,1.1904761904761907
29,network.4.weight,4,4,256,561913435,0,256,1.1904761904761907
29,network.4.weight,4,5,256,562014022,0,256,1.1904761904761907
29,network.4.weight,4,6,256,562055505,0,256,1.1904761904761905
29,network.4.weight,4,7,256,562200244,0,256,1.190476190476191
29,network.4.weight,4,8,256,562285117,0,256,1.1904761904761914
29,network.4.weight,4,9,256,562426754,0,256,1.1904531278673662
29,network.4.weight,4,10,256,562503923,0,256,1.1904761904761907
29,network.4.weight,4,11,256,562455232,0,256,1.1904761904761911
29,network.4.weight,4,12,256,562753879,0,256,1.190476190476191
29,network.4.weight,4,13,256,562764401,0,256,1.1904761904761905
29,network.4.weight,4,14,256,562895010,0,256,1.1904761904761916
29,network.4.weight,4,15,256,563009453,0,256,1.1904761904761911
29,network.4.weight,4,16,256,562979967,0,256,1.1904600757744679
29,network.4.weight,4,17,256,563183656,0,256,1.1904761904761916
29,network.4.weight,4,18,256,562785801,0,256,1.1904761904761911
29,network.4.weight,4,19,256,563378992,0,256,1.1904761904761907
29,network.4.weight,4,20,256,563453086,0,256,1.1904761904761914
29,network.4.weight,4,21,256,563562761,0,256,1.1904761904761911
29,network.4.weight,4,22,256,563658988,0,256,1.19047619047619
29,network.4.weight,4,23,256,563658300,0,256,1.1904206169060187
29,network.4.weight,4,24,256,563762765,0,256,1.1904761904761911
29,network.4.weight,4,25,256,563899933,0,256,1.1904761904761907
29,network.4.weight,4,26,256,564063406,0,256,1.1904761904761914
29,network.4.weight,4,27,256,564100459,0,256,1.1904761904761914
29,network.4.weight,4,28,256,564204859,0,256,1.1904761904761907
29,network.4.weight,4,29,256,564298916,0,256,1.1904761904761911
29,network.4.weight,4,30,256,564400552,0,256,1.1904761904761914
29,network.4.weight,4,31,256,564051444,0,256,1.1904761904761905
29,network.4.bias,5,0,64,562364537,0,64,1.190476190476191
29,network.5.weight,6,0,64,563384156,5,64,1.1904761904761905
29,network.5.bias,7,0,64,564553558,7,64,1.190476190476191
29,network.8.weight,8,0,256,565649417,31,256,1.1898401191405736
29,network.8.weight,8,1,256,565699721,31,256,1.1904761904761905
29,network.8.weight,8,2,256,565812695,31,256,1.190476190476191
29,network.8.weight,8,3,256,565802454,31,256,1.18996581476527
29,network.8.weight,8,4,256,565837683,31,256,1.18962676681135
29,network.8.weight,8,5,256,565988869,31,256,1.1904761904761907
29,network.8.weight,8,6,256,566186661,31,256,1.190476190476191
29,network.8.weight,8,7,256,566303876,31,256,1.189543555191224
29,network.8.bias,9,0,32,566342777,0,32,1.190476190476191
29,network.9.weight,10,0,32,567314178,3,32,1.188357424932337
29,network.9.bias,11,0,32,568441016,4,32,1.190476190476192
29,network.12.weight,12,0,32,569461949,4,32,1.189025100750558
29,network.12.bias,13,0,1,561406265,0,1,1.0
29,network.1.running_mean,14,0,128,571676004,16,128,1.190476190476191
29,network.1.running_var,15,0,128,572679655,16,128,1.1904761904761907
29,network.5.running_mean,17,0,64,574598697,8,64,1.1904761904761902
29,network.5.running_var,18,0,64,575628579,8,64,1.1904761904761907
29,network.9.running_mean,20,0,32,577577713,4,32,1.1904761904761907
29,network.9.running_var,21,0,32,578705519,4,32,1.186424643013712
30,network.0.weight,0,0,256,361528876,0,256,1.190476190476191
30,network.0.weight,0,1,256,361596013,0,256,1.1904761904761907
30,network.0.weight,0,2,256,361549552,0,256,1.190476190476191
30,network.0.weight,0,3,256,361805373,0,256,1.1904761904761911
30,network.0.weight,0,4,256,361890128,0,256,1.1904761904761907
30,network.0.weight,0,5,256,361743245,0,256,1.1904761904761905
30,network.0.weight,0,6,128,361895080,0,128,1.1904761904761907
30,network.0.bias,1,0,128,362393913,0,128,1.1904761904761902
30,network.1.weight,2,0,128,363495903,14,128,1.1892766414663951
30,network.1.bias,3,0,128,364627931,16,128,1.1904761904761905
30,network.4.weight,4,0,256,365641426,31,256,1.1889842447185184
30,network.4.weight,4,1,256,365750587,30,256,1.1904761904761911
30,network.4.weight,4,2,256,365775147,31,256,1.1894654514551846
30,network.4.weight,4,3,256,365914219,31,256,1.1897796920571777
30,network.4.weight,4,4,256,366057148,31,256,1.1902779382711275
30,network.4.weight,4,5,256,365995370,31,256,1.1904761904761907
30,network.4.weight,4,6,256,366213424,31,256,1.1896619628552458
30,network.4.weight,4,7,256,366335714,31,256,1.1904761904761905
30,network.4.weight,4,8,256,366368841,30,256,1.1897687748807888
30,network.4.weight,4,9,256,366480290,30,256,1.189770320566554
30,network.4.weight,4,10,256,366620040,30,256,1.1896714433997921
30,network.4.weight,4,11,256,366667516,31,256,1.1904761904761914
30,network.4.weight,4,12,256,366838324,31,256,1.1904761904761907
30,network.4.weight,4,13,256,366896504,31,256,1.1904761904761907
30,network.4.weight,4,14,256,366993647,31,256,1.1904761904761907
30,network.4.weight,4,15,256,367076791,31,256,1.1895358695562466
30,network.4.weight,4,16,256,367195945,31,256,1.1897304585859942
30,network.4.weight,4,17,256,367251529,30,256,1.1900842414241055
30,network.4.weight,4,18,256,367372995,30,256,1.189729965295226
30,network.4.weight,4,19,256,367513768,30,256,1.1904761904761907
30,network.4.weight,4,20,256,367057966,0,256,1.1904761904761914
30,network.4.weight,4,21,256,367684064,31,256,1.1904761904761911
30,network.4.weight,4,22,256,367782373,27,256,1.1904761904761905
30,network.4.weight,4,23,256,367886902,31,256,1.1897827362956808
30,network.4.weight,4,24,256,367988861,31,256,1.1896661825118697
30,network.4.weight,4,25,256,368059173,31,256,1.1901044632465012
30,network.4.weight,4,26,256,368171452,31,256,1.1904761904761907
30,network.4.weight,4,27,256,368268477,30,256,1.1897778087602808
30,network.4.weight,4,28,256,368331865,31,256,1.1904761904761905
30,network.4.weight,4,29,256,368483538,31,256,1.18996327770905
30,network.4.weight,4,30,256,368480835,31,256,1.1904761904761914
30,network.4.weight,4,31,256,368688064,29,256,1.190476190476191
30,network.4.bias,5,0,64,366418248,0,64,1.1904761904761907
30,network.5.weight,6,0,64,367477743,6,64,1.1904761904761902
30,network.5.bias,7,0,64,368648671,8,64,1.1899729715209497
30,network.8.weight,8,0,256,369687447,28,256,1.1899099094682015
30,network.8.weight,8,1,256,369895510,31,256,1.190476190476191
30,network.8.weight,8,2,256,369833536,31,256,1.1896024255076207
30,network.8.weight,8,3,256,370010305,31,256,1.1904761904761916
30,network.8.weight,8,4,256,370093344,31,256,1.189370885681549
30,network.8.weight,8,5,256,370122475,31,256,1.1898224838423954
30,network.8.weight,8,6,256,370225956,31,256,1.190476190476191
30,network.8.weight,8,7,256,370347061,31,256,1.1896697016859465
30,network.8.bias,9,0,32,370434880,4,32,1.1904761904761907
30,network.9.weight,10,0,32,371438543,4,32,1.1904761904761902
30,network.9.bias,11,0,32,372519524,4,32,1.1883243933878744
30,network.12.weight,12,0,32,373521599,2,32,1.1880236439946243
30,network.12.bias,13,0,1,365482544,0,1,1.0
30,network.1.running_mean,14,0,128,375843579,16,128,1.190476190476191
30,network.1.running_var,15,0,128,376662119,16,128,1.1884087961943504
30,network.5.running_mean,17,0,64,378767142,8,64,1.1885820130912206
30,network.5.running_var,18,0,64,379695658,8,64,1.1904761904761907
30,network.9.running_mean,20,0,32,381694828,4,32,1.190476190476191
30,network.9.running_var,21,0,32,382719361,4,32,1.1879150908863987
31,network.0.weight,0,0,256,933287159,0,256,1.190476190476191
31,network.0.weight,0,1,256,933194265,0,256,1.1904761904761914
31,network.0.weight,0,2,256,933470734,0,256,1.1904761904761905
31,network.0.weight,0,3,256,933556053,0,256,1.1904761904761916
31,network.0.weight,0,4,256,933695614,0,256,1.1904761904761911
31,network.0.weight,0,5,256,933776088,0,256,1.1904761904761905
31,network.0.weight,0,6,128,933850326,0,128,1.190476190476191
31,network.0.bias,1,0,128,934249849,0,128,1.1904761904761905
31,network.1.weight,2,0,128,935250485,0,128,1.1904761904761907
31,network.1.bias,3,0,128,936374172,0,128,1.190476190476191
31,network.4.weight,4,0,256,937376695,0,256,1.190476190476191
31,network.4.weight,4,1,256,937507522,0,256,1.1904761904761911
31,network.4.weight,4,2,256,937592708,0,256,1.1904761904761916
31,network.4.weight,4,3,256,937678352,0,256,1.1904618899224826
31,network.4.weight,4,4,256,937802077,0,256,1.190476190476191
31,network.4.weight,4,5,256,937848845,0,256,1.1904761904761925
31,network.4.weight,4,6,256,938015769,0,256,1.1904761904761916
31,network.4.weight,4,7,256,938082963,0,256,1.1904761904761916
31,network.4.weight,4,8,256,938093864,0,256,1.1904761904761914
31,network.4.weight,4,9,256,937800428,0,256,1.1904761904761914
31,network.4.weight,4,10,256,938465147,0,256,1.1904761904761907
31,network.4.weight,4,11,256,938443748,0,256,1.1904761904761905
31,network.4.weight,4,12,256,938606384,0,256,1.190476190476191
31,network.4.weight,4,13,256,938647004,0,256,1.1904761904761916
31,network.4.weight,4,14,256,938776946,0,256,1.1904761904761916
31,network.4.weight,4,15,256,938916515,0,256,1.1904761904761918
31,network.4.weight,4,16,256,938876806,0,256,1.1904761904761916
31,network.4.weight,4,17,256,939098583,0,256,1.1904761904761907
31,network.4.weight,4,18,256,939164127,0,256,1.1904761904761911
31,network.4.weight,4,19,256,939258978,0,256,1.1904761904761907
31,network.4.weight,4,20,256,939418078,0,256,1.1904761904761911
31,network.4.weight,4,21,256,938970134,0,256,1.1904761904761905
31,network.4.weight,4,22,256,939578375,0,256,1.1904761904761911
31,network.4.weight,4,23,256,939651147,0,256,1.1904761904761907
31,network.4.weight,4,24,256,939857324,0,256,1.1904761904761907
31,network.4.weight,4,25,256,939825714,0,256,1.190476190476191
31,network.4.weight,4,26,256,939931846,0,256,1.1904761904761914
31,network.4.weight,4,27,256,940037103,0,256,1.1904761904761911
31,network.4.weight,4,28,256,940158059,0,256,1.1904761904761914
31,network.4.weight,4,29,256,940232428,0,256,1.1904761904761905
31,network.4.weight,4,30,256,940308789,0,256,1.190476190476191
31,network.4.weight,4,31,256,940460949,0,256,1.1904761904761916
31,network.4.bias,5,0,64,938158412,0,64,1.189748928575071
31,network.5.weight,6,0,64,939193964,8,64,1.1894871821397557
31,network.5.bias,7,0,64,940319622,8,64,1.1904761904761907
31,network.8.weight,8,0,256,941336134,31,256,1.1904761904761907
31,network.8.weight,8,1,256,941393861,31,256,1.1904761904761905
31,network.8.weight,8,2,256,941628122,31,256,1.1904761904761911
31,network.8.weight,8,3,256,941734418,31,256,1.1902052781375763
31,network.8.weight,8,4,256,941779883,0,256,1.1904761904761905
31,network.8.weight,8,5,256,941836003,31,256,1.1901807921546965
31,network.8.weight,8,6,256,942017740,31,256,1.1901901730750135
31,network.8.weight,8,7,256,942058466,31,256,1.1899099094682024
31,network.8.bias,9,0,32,942249892,4,32,1.1885187647547772
31,network.9.weight,10,0,32,943164376,4,32,1.1862081492083585
31,network.9.bias,11,0,32,944265687,4,32,1.1876198329622303
31,network.12.weight,12,0,32,945390555,2,32,1.190476190476191
31,network.12.bias,13,0,1,937298949,0,1,1.0
31,network.1.running_mean,14,0,128,947619226,16,128,1.1894583918958899
31,network.1.running_var,15,0,128,948554813,16,128,1.190476190476191
31,network.5.running_mean,17,0,64,950564186,8,64,1.1904761904761907
31,network.5.running_var,18,0,64,951522162,8,64,1.186750770489338
31,network.9.running_mean,20,0,32,953459712,4,32,1.1904761904761902
31,network.9.running_var,21,0,32,954489225,4,32,1.1904761904761902
32,network.0.weight,0,0,256,1709296166,0,256,1.1904761904761911
32,network.0.weight,0,1,256,1709328228,0,256,1.190476190476191
32,network.0.weight,0,2,256,1709475848,0,256,1.1904761904761911
32,network.0.weight,0,3,256,1709614278,0,256,1.1904761904761918
32,network.0.weight,0,4,256,1709716937,0,256,1.1904761904761907
32,network.0.weight,0,5,256,1709837361,0,256,1.1904761904761911
32,network.0.weight,0,6,128,1709867157,0,128,1.1904761904761911
32,network.0.bias,1,0,128,1710204120,0,128,1.1904761904761907
32,network.1.weight,2,0,128,1711239193,16,128,1.1904761904761902
32,network.1.bias,3,0,128,1712369412,16,128,1.1904761904761911
32,network.4.weight,4,0,256,1713389540,0,256,1.1904761904761914
32,network.4.weight,4,1,256,1713532631,0,256,1.1904593937752916
32,network.4.weight,4,2,256,1713581283,0,256,1.1904761904761916
32,network.4.weight,4,3,256,1713668691,0,256,1.1904761904761907
32,network.4.weight,4,4,256,1713797282,0,256,1.190460717065025
32,network.4.weight,4,5,256,1713760630,0,256,1.1904761904761911
32,network.4.weight,4,6,256,1713951496,0,256,1.1904761904761911
32,network.4.weight,4,7,256,1714095408,0,256,1.190476190476191
32,network.4.weight,4,8,256,1714210483,0,256,1.1904761904761914
32,network.4.weight,4,9,256,1714260233,0,256,1.1904761904761918
32,network.4.weight,4,10,256,1713902400,0,256,1.1904761904761914
32,network.4.weight,4,11,256,1714384556,0,256,1.1904761904761907
32,network.4.weight,4,12,256,1714558225,0,256,1.1904761904761907
32,network.4.weight,4,13,256,1714636552,0,256,1.1904761904761907
32,network.4.weight,4,14,256,1714779886,0,256,1.1904761904761911
32,network.4.weight,4,15,256,1714752189,0,256,1.1904761904761905
32,network.4.weight,4,16,256,1714995213,0,256,1.1904761904761914
32,network.4.weight,4,17,256,1715045690,0,256,1.1904761904761907
32,network.4.weight,4,18,256,1715123088,0,256,1.1904761904761902
32,network.4.weight,4,19,256,1715234238,0,256,1.1904415513222664
32,network.4.weight,4,20,256,1715344074,0,256,1.1904761904761905
32,network.4.weight,4,21,256,1715470552,0,256,1.1904761904761911
32,network.4.weight,4,22,256,1715072700,0,256,1.1904761904761907
32,network.4.weight,4,23,256,1715169057,0,256,1.1904761904761905
32,network.4.weight,4,24,256,1715765022,0,256,1.1904761904761914
32,network.4.weight,4,25,256,1715847673,0,256,1.1904761904761911
32,network.4.weight,4,26,256,1715959117,0,256,1.1904761904761907
32,network.4.weight,4,27,256,1716016488,0,256,1.190476190476191
32,network.4.weight,4,28,256,1716079612,0,256,1.1904761904761911
32,network.4.weight,4,29,256,1716250721,0,256,1.190476190476191
32,network.4.weight,4,30,256,1716363516,0,256,1.1904761904761907
32,network.4.weight,4,31,256,1716450953,0,256,1.1904761904761914
32,network.4.bias,5,0,64,1714308381,0,64,1.1904761904761911
32,network.5.weight,6,0,64,1715277803,4,64,1.1904761904761907
32,network.5.bias,7,0,64,1716420958,8,64,1.1904761904761907
32,network.8.weight,8,0,256,1717470568,0,256,1.1904761904761907
32,network.8.weight,8,1,256,1717495516,31,256,1.1901378410949888
32,network.8.weight,8,2,256,1717670457,31,256,1.1904761904761905
32,network.8.weight,8,3,256,1717780881,31,256,1.1904761904761914
32,network.8.weight,8,4,256,1717848082,31,256,1.1904761904761902
32,network.8.weight,8,5,256,1717837992,31,256,1.1904761904761907
32,network.8.weight,8,6,256,1717961414,31,256,1.1904761904761907
32,network.8.weight,8,7,256,1718047370,31,256,1.1904761904761905
32,network.8.bias,9,0,32,1718255450,0,32,1.1904761904761907
32,network.9.weight,10,0,32,1719215828,4,32,1.1885232266607761
32,network.9.bias,11,0,32,1720300665,4,32,1.1850612698997847
32,network.12.weight,12,0,32,1721363058,2,32,1.1904761904761905
32,network.12.bias,13,0,1,1713303042,0,1,1.0
32,network.1.running_mean,14,0,128,1723642342,16,128,1.1888916443070745
32,network.1.running_var,15,0,128,1724692972,16,128,1.1904761904761905
32,network.5.running_mean,17,0,64,1726524328,8,64,1.1891447440876353
32,network.5.running_var,18,0,64,1727519090,8,64,1.1883122336991663
32,network.9.running_mean,20,0,32,1729479249,4,32,1.189028641151022
32,network.9.running_var,21,0,32,1730579549,4,32,1.1904761904761902
33,network.0.weight,0,0,256,1525979184,0,256,1.190476190476191
33,network.0.weight,0,1,256,1525983918,0,256,1.1904264617259668
33,network.0.weight,0,2,256,1525886365,0,256,1.1904761904761905
33,network.0.weight,0,3,256,1526275023,0,256,1.190476190476191
33,network.0.weight,0,4,256,1526238775,0,256,1.1904761904761907
33,network.0.weight,0,5,256,1526403795,0,256,1.190476190476191
33,network.0.weight,0,6,128,1526489589,0,128,1.1904761904761907
33,network.0.bias,1,0,128,1526778029,0,128,1.1904761904761911
33,network.1.weight,2,0,128,1527883979,0,128,1.19047619047619
33,network.1.bias,3,0,128,1529009139,0,128,1.1904761904761911
33,network.4.weight,4,0,256,1530028902,0,256,1.1904761904761918
33,network.4.weight,4,1,256,1530145615,0,256,1.1904761904761907
33,network.4.weight,4,2,256,1530238113,0,256,1.1904761904761916
33,network.4.weight,4,3,256,1529817599,0,256,1.1904761904761911
33,network.4.weight,4,4,256,1530415037,0,256,1.1904761904761907
33,network.4.weight,4,5,256,1530509676,0,256,1.190476190476191
33,network.4.weight,4,6,256,1530658994,0,256,1.190476190476191
33,network.4.weight,4,7,256,1530728697,0,256,1.1904761904761911
33,network.4.weight,4,8,256,1530668404,0,256,1.1904761904761907
33,network.4.weight,4,9,256,1530928223,0,256,1.1904761904761911
33,network.4.weight,4,10,256,1530499294,0,256,1.1904761904761911
33,network.4.weight,4,11,256,1531080561,0,256,1.1904761904761907
33,network.4.weight,4,12,256,1531217379,0,256,1.1904761904761905
33,network.4.weight,4,13,256,1531292497,0,256,1.1904761904761907
33,network.4.weight,4,14,256,1531376118,0,256,1.1904761904761918
33,network.4.weight,4,15,256,1531493182,0,256,1.1904761904761905
33,network.4.weight,4,16,256,1531585971,0,256,1.1904761904761905
33,network.4.weight,4,17,256,1531664942,0,256,1.1904761904761916
33,network.4.weight,4,18,256,1531781028,0,256,1.1904761904761907
33,network.4.weight,4,19,256,1531887413,0,256,1.1904761904761907
33,network.4.weight,4,20,256,1531972596,0,256,1.1904761904761905
33,network.4.weight,4,21,256,1531572261,0,256,1.1904761904761905
33,network.4.weight,4,22,256,1532133747,0,256,1.1904761904761914
33,network.4.weight,4,23,256,1532240366,0,256,1.190476190476191
33,network.4.weight,4,24,256,1532419650,0,256,1.190476190476191
33,network.4.weight,4,25,256,1532478597,0,256,1.1904761904761914
33,network.4.weight,4,26,256,1532540803,0,256,1.1904761904761905
33,network.4.weight,4,27,256,1532157217,0,256,1.1904761904761911
33,network.4.weight,4,28,256,1532713923,0,256,1.1904761904761916
33,network.4.weight,4,29,256,1532832747,0,256,1.190476190476191
33,network.4.weight,4,30,256,1532906284,0,256,1.1904761904761907
33,network.4.weight,4,31,256,1533068839,0,256,1.1904761904761907
33,network.4.bias,5,0,64,1530967119,0,64,1.1904761904761907
33,network.5.weight,6,0,64,1531851491,8,64,1.1904761904761905
33,network.5.bias,7,0,64,1532985145,8,64,1.19047619047619
33,network.8.weight,8,0,256,1534080255,0,256,1.1904761904761914
33,network.8.weight,8,1,256,1534029716,0,256,1.1904761904761907
33,network.8.weight,8,2,256,1534221070,0,256,1.1904667668360138
33,network.8.weight,8,3,256,1534232369,0,256,1.1904761904761916
33,network.8.weight,8,4,256,1534445304,0,256,1.1904761904761916
33,network.8.weight,8,5,256,1534408118,0,256,1.1904761904761918
33,network.8.weight,8,6,256,1534578493,0,256,1.1904761904761902
33,network.8.weight,8,7,256,1534688798,0,256,1.190476190476191
33,network.8.bias,9,0,32,1534858416,4,32,1.1866804635852042
33,network.9.weight,10,0,32,1535823242,4,32,1.1879150908863978
33,network.9.bias,11,0,32,1536943565,4,32,1.1860169089857102
33,network.12.weight,12,0,32,1537950019,2,32,1.1904761904761905
33,network.12.bias,13,0,1,1529899320,0,1,1.0
33,network.1.running_mean,14,0,128,1540254846,16,128,1.1904761904761905
33,network.1.running_var,15,0,128,1541312717,16,128,1.1901661646054056
33,network.5.running_mean,17,0,64,1543173043,8,64,1.1893530581245013
33,network.5.running_var,18,0,64,1544116620,8,64,1.1904761904761914
33,network.9.running_mean,20,0,32,1546135775,4,32,1.190476190476191
33,network.9.running_var,21,0,32,1547123700,4,32,1.1864920529308398
34,network.0.weight,0,0,256,1628863592,0,256,1.190476190476191
34,network.0.weight,0,1,256,1628901499,0,256,1.1904761904761907
34,network.0.weight,0,2,256,1629026377,0,256,1.190476190476191
34,network.0.weight,0,3,256,1629177323,0,256,1.190476190476191
34,network.0.weight,0,4,256,1629268435,0,256,1.1904666172604867
34,network.0.weight,0,5,256,1629321490,0,256,1.1904761904761907
34,network.0.weight,0,6,128,1629249384,0,128,1.190476190476191
34,network.0.bias,1,0,128,1629783684,0,128,1.190476190476191
34,network.1.weight,2,0,128,1630812925,16,128,1.1898173130384284
34,network.1.bias,3,0,128,1631970942,16,128,1.1904761904761907
34,network.4.weight,4,0,256,1632990540,31,256,1.1896692212251347
34,network.4.weight,4,1,256,1633091805,31,256,1.1899473495536093
34,network.4.weight,4,2,256,1633149826,0,256,1.1904761904761911
34,network.4.weight,4,3,256,1633300182,30,256,1.1902451750692498
34,network.4.weight,4,4,256,1633359331,31,256,1.1901015672868238
34,network.4.weight,4,5,256,1633445654,31,256,1.1896854349071815
34,network.4.weight,4,6,256,1633567594,30,256,1.1904761904761907
34,network.4.weight,4,7,256,1633624477,31,256,1.1904761904761902
34,network.4.weight,4,8,256,1633736363,0,256,1.1904656402031928
34,network.4.weight,4,9,256,1633862629,31,256,1.1904761904761905
34,network.4.weight,4,10,256,1633982763,31,256,1.1899320382617935
34,network.4.weight,4,11,256,1634027850,30,256,1.1895354064083918
34,network.4.weight,4,12,256,1634168551,31,256,1.189816652520711
34,network.4.weight,4,13,256,1634211169,31,256,1.1904761904761902
34,network.4.weight,4,14,256,1633801683,0,256,1.1904761904761905
34,network.4.weight,4,15,256,1634410641,31,256,1.1900649896567823
34,network.4.weight,4,16,256,1634514311,28,256,1.1904761904761907
34,network.4.weight,4,17,256,1634619607,31,256,1.1904761904761905
34,network.4.weight,4,18,256,1634722482,31,256,1.1900179768147459
34,network.4.weight,4,19,256,1634833701,30,256,1.1904761904761896
34,network.4.weight,4,20,256,1634869363,31,256,1.1894676339808778
34,network.4.weight,4,21,256,1635007527,31,256,1.1904761904761902
34,network.4.weight,4,22,256,1635125544,31,256,1.1904761904761911
34,network.4.weight,4,23,256,1635219331,31,256,1.1904761904761907
34,network.4.weight,4,24,256,1635330951,31,256,1.1904761904761916
34,network.4.weight,4,25,256,1635336085,29,256,1.1904761904761911
34,network.4.weight,4,26,256,1635487358,0,256,1.1904761904761905
34,network.4.weight,4,27,256,1635598499,31,256,1.1899907564844163
34,network.4.weight,4,28,256,1635710202,29,256,1.1898588202470124
34,network.4.weight,4,29,256,1635822632,31,256,1.1887293803598789
34,network.4.weight,4,30,256,1635903416,31,256,1.1896487443494475
34,network.4.weight,4,31,256,1636009661,31,256,1.1904761904761911
34,network.4.bias,5,0,64,1633739397,0,64,1.1904761904761914
34,network.5.weight,6,0,64,1634750072,6,64,1.1904761904761905
34,network.5.bias,7,0,64,1635896796,8,64,1.1904761904761902
34,network.8.weight,8,0,256,1636960687,31,256,1.19047619047619
34,network.8.weight,8,1,256,1637014664,31,256,1.1904761904761911
34,network.8.weight,8,2,256,1637159979,31,256,1.1897314733252917
34,network.8.weight,8,3,256,1637292778,31,256,1.1899931018020762
34,network.8.weight,8,4,256,1637337415,31,256,1.190204808198321
34,network.8.weight,8,5,256,1637374294,31,256,1.1896033290540737
34,network.8.weight,8,6,256,1637419597,31,256,1.190476190476191
34,network.8.weight,8,7,256,1637527709,31,256,1.1904761904761902
34,network.8.bias,9,0,32,1637817314,0,32,1.1904761904761916
34,network.9.weight,10,0,32,1638727972,4,32,1.1904761904761902
34,network.9.bias,11,0,32,1639830104,4,32,1.1866159842444493
34,network.12.weight,12,0,32,1640861090,4,32,1.187321592335279
34,network.12.bias,13,0,1,1632809739,0,1,1.0
34,network.1.running_mean,14,0,128,1643078573,16,128,1.190476190476191
34,network.1.running_var,15,0,128,1644095591,16,128,1.1904761904761911
34,network.5.running_mean,17,0,64,1646040670,8,64,1.1887129224821051
34,network.5.running_var,18,0,64,1647015508,8,64,1.187588920021303
34,network.9.running_mean,20,0,32,1648966672,4,32,1.1904761904761905
34,network.9.running_var,21,0,32,1649993189,4,32,1.185922130426198
35,network.0.weight,0,0,256,2811854,0,256,1.190476190476191
35,network.0.weight,0,1,256,2919038,0,256,1.1904761904761905
35,network.0.weight,0,2,256,3053658,0,256,1.1904761904761905
35,network.0.weight,0,3,256,2895787,0,256,1.1904761904761911
35,network.0.weight,0,4,256,3194714,0,256,1.1904761904761911
35,network.0.weight,0,5,256,3317089,0,256,1.1904761904761907
35,network.0.weight,0,6,128,3413331,0,128,1.1904761904761905
35,network.0.bias,1,0,128,3798953,0,128,1.1904761904761911
35,network.1.weight,2,0,128,4824167,15,128,1.1904761904761914
35,network.1.bias,3,0,128,5971221,16,128,1.1904761904761907
35,network.4.weight,4,0,256,6982792,31,256,1.1899000390212426
35,network.4.weight,4,1,256,7118298,31,256,1.190476190476191
35,network.4.weight,4,2,256,7171896,31,256,1.189932347266064
35,network.4.weight,4,3,256,7275066,31,256,1.190476190476191
35,network.4.weight,4,4,256,7345688,0,256,1.1904761904761916
35,network.4.weight,4,5,256,7394621,31,256,1.1897677629081493
35,network.4.weight,4,6,256,7599267,31,256,1.1897724740101696
35,network.4.weight,4,7,256,7662178,31,256,1.19047619047619
35,network.4.weight,4,8,256,7720873,31,256,1.1904761904761902
35,network.4.weight,4,9,256,7892930,31,256,1.190476190476191
35,network.4.weight,4,10,256,7442847,0,256,1.1904761904761911
35,network.4.weight,4,11,256,8056423,31,256,1.1904761904761911
35,network.4.weight,4,12,256,8166543,30,256,1.190476190476191
35,network.4.weight,4,13,256,8252803,31,256,1.1904761904761911
35,network.4.weight,4,14,256,8307006,0,256,1.1904761904761914
35,network.4.weight,4,15,256,8426011,0,256,1.1904761904761907
35,network.4.weight,4,16,256,8413035,0,256,1.1904761904761911
35,network.4.weight,4,17,256,8637887,31,256,1.1896718447374537
35,network.4.weight,4,18,256,8765333,28,256,1.1887350390327538
35,network.4.weight,4,19,256,8776863,31,256,1.1896011066211687
35,network.4.weight,4,20,256,8412063,0,256,1.1904761904761907
35,network.4.weight,4,21,256,9066081,30,256,1.1904761904761905
35,network.4.weight,4,22,256,9094546,0,256,1.1904761904761916
35,network.4.weight,4,23,256,9130361,31,256,1.189351544365507
35,network.4.weight,4,24,256,9322059,31,256,1.1904761904761911
35,network.4.weight,4,25,256,9362750,31,256,1.189991662329328
35,network.4.weight,4,26,256,9502107,28,256,1.1904761904761916
35,network.4.weight,4,27,256,9601769,31,256,1.1904761904761902
35,network.4.weight,4,28,256,9704328,31,256,1.1899230654038218
35,network.4.weight,4,29,256,9696314,31,256,1.1904761904761911
35,network.4.weight,4,30,256,9871216,29,256,1.1894222590229033
35,network.4.weight,4,31,256,9995935,31,256,1.1896894551717678
35,network.4.bias,5,0,64,7855409,0,64,1.1904761904761916
35,network.5.weight,6,0,64,8756805,8,64,1.1882727409808012
35,network.5.bias,7,0,64,9899772,8,64,1.1885819090440568
35,network.8.weight,8,0,256,10981891,0,256,1.1904761904761914
35,network.8.weight,8,1,256,10958507,31,256,1.1891479388449733
35,network.8.weight,8,2,256,10999666,31,256,1.1904761904761905
35,network.8.weight,8,3,256,11106495,31,256,1.1899867414665881
35,network.8.weight,8,4,256,11314346,0,256,1.1904761904761905
35,network.8.weight,8,5,256,11355897,31,256,1.190272849298127
35,network.8.weight,8,6,256,11504105,31,256,1.1904761904761907
35,network.8.weight,8,7,256,11606783,31,256,1.1904761904761905
35,network.8.bias,9,0,32,11759626,0,32,1.1904761904761907
35,network.9.weight,10,0,32,12753341,4,32,1.1847954507770617
35,network.9.bias,11,0,32,13817413,4,32,1.190476190476191
35,network.12.weight,12,0,32,14864859,4,32,1.1877457414025263
35,network.12.bias,13,0,1,6837247,0,1,1.0
35,network.1.running_mean,14,0,128,17129608,16,128,1.1904761904761907
35,network.1.running_var,15,0,128,18338357,16,128,1.19047619047619
35,network.5.running_mean,17,0,64,20095332,8,64,1.190476190476191
35,network.5.running_var,18,0,64,21063789,8,64,1.190476190476191
35,network.9.running_mean,20,0,32,22991403,4,32,1.1858323691646522
35,network.9.running_var,21,0,32,24086674,4,32,1.1904761904761907
36,network.0.weight,0,0,256,1920641996,0,256,1.1904761904761911
36,network.0.weight,0,1,256,1920740933,0,256,1.190476190476191
36,network.0.weight,0,2,256,1920836905,0,256,1.1904761904761907
36,network.0.weight,0,3,256,1920961482,0,256,1.1904761904761907
36,network.0.weight,0,4,256,1921019749,0,256,1.1904761904761907
36,network.0.weight,0,5,256,1921123257,0,256,1.1904761904761916
36,network.0.weight,0,6,128,1921189567,0,128,1.19024073805363
36,network.0.bias,1,0,128,1921635948,0,128,1.1904761904761907
36,network.1.weight,2,0,128,1922663820,16,128,1.1893841004937769
36,network.1.bias,3,0,128,1923820226,16,128,1.1897349490523088
36,network.4.weight,4,0,256,1924866653,31,256,1.190041611747053
36,network.4.weight,4,1,256,1924896711,31,256,1.1904761904761914
36,network.4.weight,4,2,256,1924408745,0,256,1.190476190476191
36,network.4.weight,4,3,256,1924537554,0,256,1.1904761904761914
36,network.4.weight,4,4,256,1925185423,31,256,1.1893868443232094
36,network.4.weight,4,5,256,1925122338,31,256,1.1904761904761907
36,network.4.weight,4,6,256,1925436985,31,256,1.1904761904761902
36,network.4.weight,4,7,256,1925495325,31,256,1.1904761904761907
36,network.4.weight,4,8,256,1925494911,31,256,1.1904761904761911
36,network.4.weight,4,9,256,1925730161,31,256,1.1897317001338579
36,network.4.weight,4,10,256,1925843892,31,256,1.1895425767407704
36,network.4.weight,4,11,256,1925852792,0,256,1.1904761904761907
36,network.4.weight,4,12,256,1925933827,0,256,1.190476190476191
36,network.4.weight,4,13,256,1926097607,31,256,1.1904761904761907
36,network.4.weight,4,14,256,1926211042,31,256,1.1904761904761907
36,network.4.weight,4,15,256,1925675062,0,256,1.1904761904761907
36,network.4.weight,4,16,256,1926300114,31,256,1.1898617051711038
36,network.4.weight,4,17,256,1926459304,31,256,1.190476190476191
36,network.4.weight,4,18,256,1926553489,31,256,1.1904761904761911
36,network.4.weight,4,19,256,1926596154,30,256,1.1904761904761898
36,network.4.weight,4,20,256,1926758922,31,256,1.1884162480622478
36,network.4.weight,4,21,256,1926901361,31,256,1.1904761904761916
36,network.4.weight,4,22,256,1926387121,0,256,1.1904761904761907
36,network.4.weight,4,23,256,1926485406,0,256,1.1904761904761911
36,network.4.weight,4,24,256,1927100798,31,256,1.1904761904761907
36,network.4.weight,4,25,256,1927276809,31,256,1.1904761904761902
36,network.4.weight,4,26,256,1927401788,31,256,1.1904761904761905
36,network.4.weight,4,27,256,1927446369,29,256,1.1892904553795889
36,network.4.weight,4,28,256,1927579359,31,256,1.1897279831039655
36,network.4.weight,4,29,256,1927674763,31,256,1.190476190476191
36,network.4.weight,4,30,256,1927732733,31,256,1.1904761904761907
36,network.4.weight,4,31,256,1927864226,31,256,1.1904761904761907
36,network.4.bias,5,0,64,1925587465,0,64,1.1904761904761907
36,network.5.weight,6,0,64,1926511932,0,64,1.190476190476191
36,network.5.bias,7,0,64,1927631040,0,64,1.1904761904761914
36,network.8.weight,8,0,256,1928693581,0,256,1.1904761904761902
36,network.8.weight,8,1,256,1928777303,0,256,1.1904761904761911
36,network.8.weight,8,2,256,1928869214,0,256,1.1904761904761907
36,network.8.weight,8,3,256,1928554760,0,256,1.190460717065024
36,network.8.weight,8,4,256,1928971464,0,256,1.1904761904761902
36,network.8.weight,8,5,256,1929062545,0,256,1.1904761904761911
36,network.8.weight,8,6,256,1929245106,0,256,1.1904761904761914
36,network.8.weight,8,7,256,1929360440,0,256,1.1904761904761911
36,network.8.bias,9,0,32,1929617487,4,32,1.1904761904761907
36,network.9.weight,10,0,32,1930513564,4,32,1.1871020215381187
36,network.9.bias,11,0,32,1931627829,4,32,1.1876078009115059
36,network.12.weight,12,0,32,1932650639,4,32,1.1866258388825928
36,network.12.bias,13,0,1,1924617865,0,1,1.0
36,network.1.running_mean,14,0,128,1934992289,16,128,1.188728952931849
36,network.1.running_var,15,0,128,1936100322,16,128,1.1904761904761905
36,network.5.running_mean,17,0,64,1937885101,8,64,1.19047619047619
36,network.5.running_var,18,0,64,1938909079,8,64,1.190476190476191
36,network.9.running_mean,20,0,32,1940778273,4,32,1.1904761904761905
36,network.9.running_var,21,0,32,1941879095,4,32,1.1904761904761907
37,network.0.weight,0,0,256,2107648116,0,256,1.1904761904761916
37,network.0.weight,0,1,256,2107646704,0,256,1.1904761904761914
37,network.0.weight,0,2,256,2107765775,0,256,1.1904761904761914
37,network.0.weight,0,3,256,2107932830,0,256,1.1904631775330607
37,network.0.weight,0,4,256,2107707604,0,256,1.1904645055617786
37,network.0.weight,0,5,256,2108107821,0,256,1.1904761904761907
37,network.0.weight,0,6,128,2108202618,0,128,1.190476190476191
37,network.0.bias,1,0,128,2108494000,0,128,1.1904761904761911
37,network.1.weight,2,0,128,2109561613,16,128,1.1895388778256306
37,network.1.bias,3,0,128,2110690288,16,128,1.1904761904761902
37,network.4.weight,4,0,256,2111712922,31,256,1.1892843920844334
37,network.4.weight,4,1,256,2111820659,31,256,1.1899345670198143
37,network.4.weight,4,2,256,2111896203,31,256,1.1897270942775213
37,network.4.weight,4,3,256,2111493399,0,256,1.1904761904761905
37,network.4.weight,4,4,256,2112115245,31,256,1.1899636115956467
37,network.4.weight,4,5,256,2112193523,31,256,1.190476190476191
37,network.4.weight,4,6,256,2112294578,31,256,1.1894495608843567
37,network.4.weight,4,7,256,2112427257,31,256,1.1898601956854302
37,network.4.weight,4,8,256,2112509697,31,256,1.1904761904761905
37,network.4.weight,4,9,256,2112614000,31,256,1.1894657844255574
37,network.4.weight,4,10,256,2112667313,31,256,1.189863088652128
37,network.4.weight,4,11,256,2112735028,31,256,1.189548489734857
37,network.4.weight,4,12,256,2112877177,31,256,1.1896750440062687
37,network.4.weight,4,13,256,2112470625,0,256,1.1904761904761916
37,network.4.weight,4,14,256,2113100701,31,256,1.1904761904761907
37,network.4.weight,4,15,256,2113185397,31,256,1.1904761904761914
37,network.4.weight,4,16,256,2113166329,31,256,1.1904761904761916
37,network.4.weight,4,17,256,2113286409,31,256,1.1898249310807203
37,network.4.weight,4,18,256,2113461904,31,256,1.189719083664892
37,network.4.weight,4,19,256,2113550970,31,256,1.1897718357129137
37,network.4.weight,4,20,256,2113653090,31,256,1.1904761904761905
37,network.4.weight,4,21,256,2113780007,31,256,1.189858838505909
37,network.4.weight,4,22,256,2113880589,31,256,1.189770015272831
37,network.4.weight,4,23,256,2113811004,31,256,1.1898249450092924
37,network.4.weight,4,24,256,2113973126,0,256,1.190476190476191
37,network.4.weight,4,25,256,2114025261,31,256,1.1904761904761916
37,network.4.weight,4,26,256,2114248745,31,256,1.1904761904761927
37,network.4.weight,4,27,256,2114335867,31,256,1.190476190476191
37,network.4.weight,4,28,256,2114390758,31,256,1.1904761904761905
37,network.4.weight,4,29,256,2114563545,31,256,1.189901935352256
37,network.4.weight,4,30,256,2114514003,31,256,1.19047619047619
37,network.4.weight,4,31,256,2114741473,31,256,1.1904761904761902
37,network.4.bias,5,0,64,2112611257,8,64,1.1904761904761911
37,network.5.weight,6,0,64,2113542787,8,64,1.1862012014335677
37,network.5.bias,7,0,64,2114704231,8,64,1.1904761904761907
37,network.8.weight,8,0,256,2115790494,0,256,1.1904761904761907
37,network.8.weight,8,1,256,2115772959,31,256,1.1904761904761905
37,network.8.weight,8,2,256,2115800437,31,256,1.190386153943881
37,network.8.weight,8,3,256,2116074300,31,256,1.1904761904761911
37,network.8.weight,8,4,256,2116140746,31,256,1.190205557243881
37,network.8.weight,8,5,256,2116113926,31,256,1.1898233998393117
37,network.8.weight,8,6,256,2116341518,31,256,1.1904761904761914
37,network.8.weight,8,7,256,2116413661,31,256,1.1904761904761907
37,network.8.bias,9,0,32,2116519626,4,32,1.1904761904761902
37,network.9.weight,10,0,32,2117470214,4,32,1.188206541914753
37,network.9.bias,11,0,32,2118580811,4,32,1.1904761904761911
37,network.12.weight,12,0,32,2119606746,3,32,1.1869502474520246
37,network.12.bias,13,0,1,2111575704,0,1,1.0
37,network.1.running_mean,14,0,128,2121889876,16,128,1.1904761904761902
37,network.1.running_var,15,0,128,2122953836,16,128,1.1904761904761902
37,network.5.running_mean,17,0,64,2124791651,8,64,1.1887131274658895
37,network.5.running_var,18,0,64,2125860114,8,64,1.1904761904761911
37,network.9.running_mean,20,0,32,2127774306,4,32,1.1904761904761905
37,network.9.running_var,21,0,32,2128833277,4,32,1.1904761904761907
38,network.0.weight,0,0,256,86154127,0,256,1.1904761904761922
38,network.0.weight,0,1,256,86437717,0,256,1.1904761904761911
38,network.0.weight,0,2,256,86478050,0,256,1.1904761904761905
38,network.0.weight,0,3,256,86601669,0,256,1.1904761904761914
38,network.0.weight,0,4,256,86743654,0,256,1.1904761904761907
38,network.0.weight,0,5,256,86812069,0,256,1.190476190476191
38,network.0.weight,0,6,128,86872061,0,128,1.1904761904761911
38,network.0.bias,1,0,128,87285322,0,128,1.190435690598595
38,network.1.weight,2,0,128,88322036,16,128,1.1904761904761898
38,network.1.bias,3,0,128,89480404,16,128,1.1904761904761916
38,network.4.weight,4,0,256,90510452,31,256,1.1904761904761911
38,network.4.weight,4,1,256,90577083,0,256,1.190476190476191
38,network.4.weight,4,2,256,90655015,31,256,1.1904761904761911
38,network.4.weight,4,3,256,90221790,0,256,1.190476190476191
38,network.4.weight,4,4,256,90882055,30,256,1.190476190476191
38,network.4.weight,4,5,256,90971538,31,256,1.1901034623600197
38,network.4.weight,4,6,256,90514939,0,256,1.1904761904761905
38,network.4.weight,4,7,256,91194810,31,256,1.1899345451616588
38,network.4.weight,4,8,256,91231565,31,256,1.190476190476191
38,network.4.weight,4,9,256,91411176,31,256,1.1904761904761907
38,network.4.weight,4,10,256,91509654,30,256,1.1904761904761902
38,network.4.weight,4,11,256,91568467,31,256,1.1904761904761914
38,network.4.weight,4,12,256,91682382,31,256,1.1904761904761905
38,network.4.weight,4,13,256,91740074,31,256,1.189819693150973
38,network.4.weight,4,14,256,91862214,31,256,1.190476190476191
38,network.4.weight,4,15,256,91967731,31,256,1.190215531872148
38,network.4.weight,4,16,256,92069712,31,256,1.1901666659177972
38,network.4.weight,4,17,256,92118817,31,256,1.1904761904761907
38,network.4.weight,4,18,256,92200345,31,256,1.1904761904761914
38,network.4.weight,4,19,256,92348420,31,256,1.1901504881955356
38,network.4.weight,4,20,256,92427509,29,256,1.1904761904761911
38,network.4.weight,4,21,256,92556069,31,256,1.190476190476191
38,network.4.weight,4,22,256,92660780,28,256,1.1897201844914913
38,network.4.weight,4,23,256,92735382,31,256,1.1904761904761907
38,network.4.weight,4,24,256,92267037,0,256,1.190476190476191
38,network.4.weight,4,25,256,92363930,0,256,1.1904761904761905
38,network.4.weight,4,26,256,93044242,31,256,1.1891591939951038
38,network.4.weight,4,27,256,93129310,31,256,1.1904761904761902
38,network.4.weight,4,28,256,93235712,31,256,1.1900492755210283
38,network.4.weight,4,29,256,93374325,31,256,1.1904761904761907
38,network.4.weight,4,30,256,92853075,0,256,1.190476190476191
38,network.4.weight,4,31,256,93522264,31,256,1.1904761904761905
38,network.4.bias,5,0,64,91330574,0,64,1.1904761904761911
38,network.5.weight,6,0,64,92269369,8,64,1.1904761904761907
38,network.5.bias,7,0,64,93433469,8,64,1.1883243933878753
38,network.8.weight,8,0,256,94518513,31,256,1.1904761904761907
38,network.8.weight,8,1,256,94538845,31,256,1.1898953047311691
38,network.8.weight,8,2,256,94523793,31,256,1.189049202976676
38,network.8.weight,8,3,256,94671891,31,256,1.1904761904761905
38,network.8.weight,8,4,256,94738809,31,256,1.190476190476191
38,network.8.weight,8,5,256,94916704,31,256,1.1896211120951288
38,network.8.weight,8,6,256,94947705,31,256,1.1904761904761918
38,network.8.weight,8,7,256,95075329,31,256,1.1890891260583076
38,network.8.bias,9,0,32,95330205,4,32,1.187751615007901
38,network.9.weight,10,0,32,96186215,4,32,1.1904761904761911
38,network.9.bias,11,0,32,97295824,4,32,1.1904761904761907
38,network.12.weight,12,0,32,98365318,4,32,1.190476190476191
38,network.12.bias,13,0,1,90301749,0,1,1.0
38,network.1.running_mean,14,0,128,100646740,16,128,1.1904761904761907
38,network.1.running_var,15,0,128,101548707,16,128,1.1904761904761902
38,network.5.running_mean,17,0,64,103529418,8,64,1.190476190476191
38,network.5.running_var,18,0,64,104587680,8,64,1.190476190476191
38,network.9.running_mean,20,0,32,106533681,4,32,1.1904761904761902
38,network.9.running_var,21,0,32,107616955,4,32,1.1856234619644668
