group_id,tensor,transformed_elements,blocks,mean_abs_delta,max_abs_delta,relative_l2_delta,cosine_similarity,max_abs_recovery_error,mean_abs_recovery_error,relative_l2_recovery_error
0,network.0.weight,1664,7,7.596079376526177e-05,0.0001600002869963646,0.11330971040343515,0.9962385383543565,1.1641532182693481e-10,6.133360746368721e-12,2.7992722806402526e-08
0,network.0.bias,128,1,1.9902707208530046e-05,8.045433787629008e-05,0.1066863900847201,0.9963566191515559,5.820766091346741e-11,3.5231832642285132e-12,4.046457036110951e-08
0,network.1.weight,128,1,8.340767089975998e-05,0.00016000744653865695,0.11586281146508594,0.9962908919534966,6.2830808264524585e-12,2.389787044469738e-13,1.0962377672285584e-09
0,network.1.bias,128,1,8.215433626901358e-05,0.00015999999595806003,0.1139708867456832,0.9963973929255664,1.1641532182693481e-10,1.3105239116129042e-11,3.996265718342329e-08
0,network.4.weight,8192,32,7.670104969292879e-05,0.0001600002869963646,0.11044666148356805,0.9964016530455867,1.1641532182693481e-10,1.3713677762816623e-11,4.12322442855384e-08
0,network.4.bias,64,1,1.5001118299551308e-05,6.125419167801738e-05,0.11357067114210333,0.9962358462327936,5.820766091346741e-11,4.102553800150455e-12,5.947504178038798e-08
0,network.5.weight,64,1,6.862732698209584e-05,0.00016000744653865695,0.1030882782076342,0.9965936150558584,1.1641532182693481e-10,1.8781163690223535e-12,1.4674609083442647e-08
0,network.5.bias,64,1,7.293739326996729e-05,0.00016000005416572094,0.10528516727362627,0.9966541472903808,1.1641532182693481e-10,2.1902275132434923e-11,5.081152210095752e-08
0,network.8.weight,2048,8,7.851849659346044e-05,0.0001600002869963646,0.1104296302753873,0.9965233314510747,1.1641532182693481e-10,1.5069638245601702e-11,4.2561502766602644e-08
0,network.8.bias,32,1,1.23357203847263e-05,4.790961975231767e-05,0.1177063672052601,0.9962121451889931,1.4551915228366852e-11,1.0824782910312525e-12,2.3085268807676584e-08
0,network.9.weight,32,1,7.857812306610867e-05,0.00016000744653865695,0.10990550920178438,0.9965376960102907,1.1641532182693481e-10,7.389241128696877e-12,2.9600046858035967e-08
0,network.9.bias,32,1,6.640749052166939e-05,0.00015999999595806003,0.10031147517114597,0.9967421778110226,1.1641532182693481e-10,3.7685275906806925e-12,2.0933141442469605e-08
0,network.12.weight,32,1,6.775108340661973e-05,0.0001600002869963646,0.10221414372943537,0.9966194742685985,1.1641532182693481e-10,1.8328259049349427e-11,4.676097020706038e-08
0,network.12.bias,1,1,0.0,0.0,0.0,0.9999999843319244,0.0,0.0,0.0
0,network.1.running_mean,128,1,0.01608550176024437,0.047885388135910034,0.11246712034156661,0.9962527039854151,2.9802322387695312e-08,4.315324986237101e-09,4.9212143693466714e-08
0,network.1.running_var,128,1,0.27596336603164673,0.9487285614013672,0.07627666722510189,0.9975892775812705,9.5367431640625e-07,1.0675285011529922e-07,4.8401343377690864e-08
0,network.5.running_mean,64,1,0.0019187135621905327,0.007712997496128082,0.10547968887128227,0.9963909629610613,3.725290298461914e-09,3.019522409886122e-10,3.73053978819371e-08
0,network.5.running_var,64,1,0.003532224567607045,0.011329837143421173,0.10250174123416884,0.9964729479523659,7.450580596923828e-09,9.595169103704393e-10,4.313324453164569e-08
0,network.9.running_mean,32,1,0.001428326708264649,0.0032080402597784996,0.11474803284296956,0.996226954489037,1.862645149230957e-09,1.127773430198431e-10,2.318539138457254e-08
0,network.9.running_var,32,1,0.002336080651730299,0.006355985999107361,0.08963335503896179,0.9969590954338164,3.725290298461914e-09,2.546585164964199e-10,2.5783471357954113e-08
1,network.0.weight,1664,7,6.913223478477448e-05,0.0001600002869963646,0.11406181098660234,0.9962309819840466,1.1641532182693481e-10,5.306578527292105e-12,2.7997424822956418e-08
1,network.0.bias,128,1,5.627208793157479e-06,4.831790647585876e-05,0.10750678460187534,0.9963374185406977,2.9103830456733704e-11,1.383117578801496e-12,4.868003600222437e-08
1,network.1.weight,128,1,7.715834362898022e-05,0.00016000744653865695,0.1116779259846468,0.9962826218194611,5.861500087384064e-12,3.2816956617442994e-13,1.2946881344788608e-09
1,network.1.bias,128,1,7.853104762034491e-05,0.00015999999595806003,0.11187762613571603,0.9963263900055898,1.1641532182693481e-10,7.72566472601044e-12,3.075746235481347e-08
1,network.4.weight,8192,32,7.292618101928383e-05,0.0001600002869963646,0.11067879605631041,0.9963246541273089,1.1641532182693481e-10,1.1595953364196276e-11,3.940161619198079e-08
1,network.4.bias,64,1,9.649495041230693e-06,5.7091634516837075e-05,0.10920886483491483,0.9963018107171563,2.9103830456733704e-11,1.7136134091572108e-12,3.768894174527304e-08
1,network.5.weight,64,1,7.500126957893372e-05,0.00016000744653865695,0.1102230020649636,0.9962829668134255,5.8618990737835386e-12,2.846090875995022e-13,1.1959983003961838e-09
1,network.5.bias,64,1,8.318742766277865e-05,0.0001599999377503991,0.11537216637187993,0.9963680716857449,1.1641532182693481e-10,1.1114768827535926e-11,3.713594765031303e-08
1,network.8.weight,2048,8,7.856336742406711e-05,0.0001600002869963646,0.11291448484092606,0.9963417019208431,1.1641532182693481e-10,1.1701251079188069e-11,3.88261121031519e-08
1,network.8.bias,32,1,8.369624993065372e-06,3.233611641917378e-05,0.10734222067771333,0.9963412915470341,1.4551915228366852e-11,6.852777351649963e-13,2.1797397664613527e-08
1,network.9.weight,32,1,8.274885476566851e-05,0.00016000273171812296,0.11371704768183176,0.9964208510113192,1.1641532182693481e-10,3.853849964846612e-12,2.1279264572626744e-08
1,network.9.bias,32,1,5.725955270463601e-05,0.00015999999595806003,0.09612839069608284,0.9968154466238669,1.1641532182693481e-10,1.82197937292905e-11,4.7537376701711764e-08
1,network.12.weight,32,1,6.774981738999486e-05,0.0001600002869963646,0.10182868125261006,0.996634945467399,1.1641532182693481e-10,2.5902464201310593e-11,5.6263292691483e-08
1,network.12.bias,1,1,0.0,0.0,0.0,0.9999999843319244,0.0,0.0,0.0
1,network.1.running_mean,128,1,0.017685849219560623,0.05484509468078613,0.1146214127249446,0.9962334124520245,2.9802322387695312e-08,3.561581252142787e-09,4.3670347338320425e-08
1,network.1.running_var,128,1,0.2726750373840332,0.8013715744018555,0.0761233019739563,0.9975964655705858,9.5367431640625e-07,8.975621312856674e-08,4.8354809933925935e-08
1,network.5.running_mean,64,1,0.0019673043861985207,0.006452944129705429,0.11720407115790883,0.9962147222555179,3.725290298461914e-09,3.935838321922347e-10,4.54015030015853e-08
1,network.5.running_var,64,1,0.0032257731072604656,0.01419270783662796,0.11709879885323399,0.9962158524085686,7.450580596923828e-09,5.834408511873335e-10,3.6923175628089666e-08
1,network.9.running_mean,32,1,0.0015431579668074846,0.005437549203634262,0.12053312461810003,0.9962289828160373,1.862645149230957e-09,2.5693225325085223e-10,3.323840047642079e-08
1,network.9.running_var,32,1,0.0021979920566082,0.006597183644771576,0.10925851405417697,0.9963030239220525,3.725290298461914e-09,6.184563972055912e-10,4.7349356435688605e-08
2,network.0.weight,1664,7,7.194957288447767e-05,0.0001600002869963646,0.11257919345247505,0.996247403222321,1.1641532182693481e-10,8.119830328945365e-12,3.4149099548130835e-08
2,network.0.bias,128,1,2.3516906821896555e-06,1.30385160446167e-05,0.10857451195760894,0.9963143827070904,7.275957614183426e-12,4.794828813506347e-13,3.8494071930017526e-08
2,network.1.weight,128,1,7.37512091291137e-05,0.00016000744653865695,0.10886576170713319,0.9963084085043874,5.8876336965496545e-12,4.721260275092343e-13,1.5791024043920743e-09
2,network.1.bias,128,1,7.749997894279659e-05,0.00015999970491975546,0.11261240320150845,0.9962468857743861,1.1641532182693481e-10,1.0643730688486563e-11,3.721341457207927e-08
2,network.4.weight,8192,32,7.083720265654847e-05,0.0001600002869963646,0.11004998429458412,0.9962859390446446,1.1641532182693481e-10,1.005320826585887e-11,3.741163112636059e-08
2,network.4.bias,64,1,6.774519533792045e-06,2.8872775146737695e-05,0.10079730303404429,0.9965247558403487,1.4551915228366852e-11,1.1719769035453687e-12,2.995139425365778e-08
2,network.5.weight,64,1,7.250189810292795e-05,0.00016000744653865695,0.10723016723239728,0.9963438058853638,3.808862947263236e-12,1.2494990936015582e-13,6.732280288801462e-10
2,network.5.bias,64,1,8.18127446109429e-05,0.00015999999595806003,0.11338078878104776,0.9963790725903616,1.1641532182693481e-10,9.334294621965444e-12,3.390967151517543e-08
2,network.8.weight,2048,8,7.510492287110537e-05,0.0001600002869963646,0.10875665342078296,0.9964228677533504,1.1641532182693481e-10,1.2625976653080073e-11,3.9344623559145475e-08
2,network.8.bias,32,1,8.638217877887655e-06,3.995060978922993e-05,0.11619701078918304,0.9962160984544091,2.9103830456733704e-11,1.795887115234318e-12,4.611488790828844e-08
2,network.9.weight,32,1,7.45035067666322e-05,0.00016000744653865695,0.10622155862208872,0.9966703837943616,0.0,0.0,0.0
2,network.9.bias,32,1,9.000155841931701e-05,0.00015999999595806003,0.1173221761507782,0.9965981470191836,1.1641532182693481e-10,1.4551915228366852e-11,4.1167073305814483e-08
2,network.12.weight,32,1,7.999988156370819e-05,0.00016000011237338185,0.11028185514976245,0.9966135120553783,1.1641532182693481e-10,1.0913936421275139e-11,3.5645147278273726e-08
2,network.12.bias,1,1,0.0,0.0,0.0,0.9999999843319244,0.0,0.0,0.0
2,network.1.running_mean,128,1,0.004806407727301121,0.016195490956306458,0.10793134667800573,0.9963328483357315,7.450580596923828e-09,1.324110598943662e-09,4.884165250018668e-08
2,network.1.running_var,128,1,0.239103764295578,0.8210611343383789,0.07832546483145848,0.9974887268789638,9.5367431640625e-07,6.32135197520256e-08,4.53638122621669e-08
2,network.5.running_mean,64,1,0.0019206150900572538,0.005610518157482147,0.11525800166126428,0.9962238504835014,3.725290298461914e-09,4.904450179310516e-10,4.575748491220111e-08
2,network.5.running_var,64,1,0.0021060616709291935,0.008184760808944702,0.11032457281863248,0.996284591477788,7.450580596923828e-09,7.312337402254343e-10,6.054923318288274e-08
2,network.9.running_mean,32,1,0.0013278010301291943,0.0036445502191781998,0.11656243102618857,0.9962163413350017,1.862645149230957e-09,1.4523493518936448e-10,2.815525235178029e-08
2,network.9.running_var,32,1,0.0019046736415475607,0.0054570771753787994,0.11696175213414702,0.9962152518979808,3.725290298461914e-09,5.846914064022712e-10,5.5740763116318703e-08
3,network.0.weight,1664,7,7.706374890403822e-05,0.0001600002869963646,0.11496921078541418,0.9962234539822697,1.1641532182693481e-10,6.8764282462607795e-12,3.0789966132260815e-08
3,network.0.bias,128,1,4.0184409044741187e-07,2.2935873857932165e-06,0.11346441623844641,0.996236950530639,9.094947017729282e-13,8.55270173259759e-14,3.832281336713095e-08
3,network.1.weight,128,1,7.409589306917042e-05,0.00016000744653865695,0.10913738860288835,0.9963252393444547,6.172637921630919e-12,3.966129453938233e-13,1.4920725766032206e-09
3,network.1.bias,128,1,7.784372428432107e-05,0.00016000011237338185,0.11321285263711232,0.9962638362559162,1.1641532182693481e-10,1.0432561932394169e-11,3.636027301467948e-08
3,network.4.weight,8192,32,7.159638334996998e-05,0.0001600002869963646,0.11197060624583158,0.9962660533548753,1.1641532182693481e-10,9.85132548453338e-12,3.7046277157060103e-08
3,network.4.bias,64,1,1.1500078471726738e-05,5.664482887368649e-05,0.11146826207883569,0.9962626550639493,5.820766091346741e-11,2.8173787088026092e-12,5.807093828025245e-08
3,network.5.weight,64,1,8.068977331276983e-05,0.00016000744653865695,0.11427467521509645,0.9962781734025595,4.813458225755296e-12,3.172576676195582e-13,1.1835804558657514e-09
3,network.5.bias,64,1,5.81582571612671e-05,0.0001599998795427382,0.09493733410603153,0.9967658629471821,1.1641532182693481e-10,6.870536691655493e-12,2.787308517326892e-08
3,network.8.weight,2048,8,7.790813106112182e-05,0.0001600002869963646,0.11292703842457638,0.9962719335742982,1.1641532182693481e-10,1.218758340776338e-11,3.970763273741795e-08
3,network.8.bias,32,1,7.194644695118768e-06,2.1771498722955585e-05,0.11011865118445718,0.996284744071305,1.4551915228366852e-11,1.2900178971916865e-12,3.9289115960627896e-08
3,network.9.weight,32,1,5.912096457905136e-05,0.00016000273171812296,0.09411739806327821,0.9969444590539767,3.777312230363039e-12,1.1804100719884497e-13,6.785826345279133e-10
3,network.9.bias,32,1,7.586064748466015e-05,0.00015999999595806003,0.10781376560890639,0.9965709273849308,1.1641532182693481e-10,1.1020746815137983e-11,3.622701783001503e-08
3,network.12.weight,32,1,4.637498204829171e-05,0.00015999970491975546,0.0821738860436437,0.9974309013862994,6.576016640946758e-12,2.0550052002958619e-13,1.1810961098035477e-09
3,network.12.bias,1,1,0.0,0.0,0.0,0.9999999843319244,0.0,0.0,0.0
3,network.1.running_mean,128,1,0.12449347972869873,0.38520967960357666,0.10435805858988498,0.9964189270276403,2.384185791015625e-07,3.1812305678613484e-08,4.565546518620067e-08
3,network.1.running_var,128,1,6.2427592277526855,19.824752807617188,0.07666923998756413,0.9975690388716719,1.52587890625e-05,2.3209722712635994e-06,4.97767729257248e-08
3,network.5.running_mean,64,1,0.001325870049186051,0.004003440961241722,0.09558396878949789,0.9967152182075523,3.725290298461914e-09,3.383320290595293e-10,4.3359857926361656e-08
3,network.5.running_var,64,1,0.004920816980302334,0.017731264233589172,0.1024712619966082,0.9964731671707078,1.4901161193847656e-08,9.149516699835658e-10,4.126581032437571e-08
3,network.9.running_mean,32,1,0.0014905448770150542,0.004147365689277649,0.11714667329833947,0.9962142336970524,1.862645149230957e-09,2.8467184165492654e-10,4.225708849503462e-08
3,network.9.running_var,32,1,0.0018391403136774898,0.004744887351989746,0.07918307435477462,0.9974471729071012,3.725290298461914e-09,6.148184183984995e-10,4.313660539878583e-08
4,network.0.weight,1664,7,7.115402695490047e-05,0.0001600002869963646,0.1110435584156151,0.9962692892783488,1.1641532182693481e-10,6.709062125298537e-12,3.061780518009982e-08
4,network.0.bias,128,1,2.406178737146547e-06,1.1211333912797272e-05,0.10691447213621383,0.9963512463307053,7.275957614183426e-12,4.168481965854953e-13,3.437513385051716e-08
4,network.1.weight,128,1,8.625238842796534e-05,0.00016000744653865695,0.119693801427894,0.9962161950486469,5.862093362812848e-12,4.133423204405462e-13,1.4689945926349424e-09
4,network.1.bias,128,1,7.374994311248884e-05,0.00015999999595806003,0.10890616157568604,0.9963076539825723,1.1641532182693481e-10,1.347530940998265e-11,4.179324264441675e-08
4,network.4.weight,8192,32,7.373002881649882e-05,0.0001600002869963646,0.11053760729650687,0.9962774270750233,1.1641532182693481e-10,1.1417489349796472e-11,3.888482069669408e-08
4,network.4.bias,64,1,1.5105892998690251e-05,7.209001341834664e-05,0.11979774302691365,0.9962165290241867,2.9103830456733704e-11,4.740743388131907e-12,5.569383176862175e-08
4,network.5.weight,64,1,9.00017621461302e-05,0.00016000744653865695,0.11814399385610821,0.9965139239879166,1.1641532182693481e-10,1.8348931315331773e-12,1.4785197954836349e-08
4,network.5.bias,64,1,7.593737973365933e-05,0.00015999982133507729,0.10824708712617936,0.9965229731970365,1.1641532182693481e-10,7.413500369146675e-12,2.958042522038795e-08
4,network.8.weight,2048,8,7.976031338330358e-05,0.0001600002869963646,0.1110635347842366,0.99650801413177,1.1641532182693481e-10,1.443202155004819e-11,4.1354908830726345e-08
4,network.8.bias,32,1,1.2100791536795441e-05,5.550414425670169e-05,0.11473934182861838,0.996224939198335,3.637978807091713e-12,3.1990024778466575e-13,4.807785725091662e-09
4,network.9.weight,32,1,6.725593993905932e-05,0.00016000273171812296,0.1006243403912584,0.9967955184120583,1.1641532182693481e-10,3.637978807091713e-12,2.0588645455177357e-08
4,network.9.bias,32,1,7.450462726410478e-05,0.00015999999595806003,0.1062417409015964,0.9966676970525682,1.1641532182693481e-10,1.4551915228366852e-11,4.1184812005212734e-08
4,network.12.weight,32,1,8.999977580970153e-05,0.0001600002869963646,0.11731177214409409,0.9965985900671704,1.1641532182693481e-10,1.0913936421275139e-11,3.5644998064299216e-08
4,network.12.bias,1,1,0.0,0.0,0.0,0.9999999843319244,0.0,0.0,0.0
4,network.1.running_mean,128,1,0.025249451398849487,0.07350054383277893,0.11794522342208917,0.9962163394433602,5.960464477539063e-08,6.617653980356408e-09,5.06737869443441e-08
4,network.1.running_var,128,1,0.3133835792541504,1.4447965621948242,0.10813290614614869,0.9963246812805604,9.5367431640625e-07,7.185735739767551e-08,4.680886078745061e-08
4,network.5.running_mean,64,1,0.0019826185889542103,0.0057825129479169846,0.1042694203715683,0.99642018146401,3.725290298461914e-09,4.476987669477239e-10,4.1213070289813913e-08
4,network.5.running_var,64,1,0.0051222145557403564,0.022540584206581116,0.11636597269338952,0.9962215794441954,1.4901161193847656e-08,1.5315890777856112e-09,5.939075009564476e-08
4,network.9.running_mean,32,1,0.0010895761661231518,0.004220658913254738,0.11026386012021469,0.9962885255888119,1.862645149230957e-09,2.255546860396862e-10,3.8539717195362755e-08
4,network.9.running_var,32,1,0.0020950252655893564,0.00498502142727375,0.09467977724109143,0.9967492095572186,1.862645149230957e-09,2.4374458007514477e-10,2.2069778893296643e-08
5,network.0.weight,1664,7,7.227651803987101e-05,0.0001600002869963646,0.11284445463012727,0.9962440874828787,1.1641532182693481e-10,7.351268899169483e-12,3.2369300129175826e-08
5,network.0.bias,128,1,5.911603579988878e-07,9.903160389512777e-06,0.1169745641454236,0.9962131986960407,7.275957614183426e-12,2.2188842560208477e-13,7.345415298232183e-08
5,network.1.weight,128,1,7.625088619533926e-05,0.00016000744653865695,0.11207391544425319,0.996253941236256,6.130933000864092e-12,4.740005046452445e-13,1.59040725034032e-09
5,network.1.bias,128,1,7.999840454431251e-05,0.00016000005416572094,0.11418837321072159,0.9962296838542968,1.1641532182693481e-10,6.263912132042915e-12,2.767647089285674e-08
5,network.4.weight,8192,32,7.204603753052652e-05,0.0001600002869963646,0.11106414457286305,0.9962687959604721,1.1641532182693481e-10,1.004605079679699e-11,3.7247406936558036e-08
5,network.4.bias,64,1,1.0521507647354156e-05,4.8568395868642256e-05,0.11426950635253709,0.9962289158488494,2.9103830456733704e-11,2.5043279082426206e-12,4.986600998790891e-08
5,network.5.weight,64,1,9.318907541455701e-05,0.00016000744653865695,0.12233452722915694,0.9962940125141518,3.4540248265713114e-12,1.0608269091719885e-13,5.242536404992393e-10
5,network.5.bias,64,1,7.999998342711478e-05,0.00015999976312741637,0.11309539948196792,0.9964258595394996,1.1641532182693481e-10,1.3021717384931186e-11,3.978788498670838e-08
5,network.8.weight,2048,8,7.810113311279565e-05,0.0001600002869963646,0.11089863093169519,0.9964325044204517,1.1641532182693481e-10,1.3580226353171465e-11,4.07296241178301e-08
5,network.8.bias,32,1,8.54805239214329e-06,3.427479532547295e-05,0.10981980104960594,0.9962902361996272,1.4551915228366852e-11,1.660380600371214e-12,3.8775155530856864e-08
5,network.9.weight,32,1,7.000982441240922e-05,0.00016000273171812296,0.10278416321515492,0.9967420578867471,1.1641532182693481e-10,3.637978807091713e-12,2.0582692883408527e-08
5,network.9.bias,32,1,7.999518129508942e-05,0.00015999999595806003,0.11028155907785345,0.9966131267962822,1.1641532182693481e-10,2.9103830456733704e-11,5.8214300935333085e-08
5,network.12.weight,32,1,7.275001553352922e-05,0.0001600002869963646,0.10640031091678469,0.9965125287615683,1.1641532182693481e-10,1.0913936421275139e-11,3.5644934115453e-08
5,network.12.bias,1,1,0.0,0.0,0.0,0.9999999843319244,0.0,0.0,0.0
5,network.1.running_mean,128,1,0.1416386067867279,0.4131925106048584,0.11573724295759812,0.9962269023200699,2.384185791015625e-07,3.225432010367513e-08,4.402210151965846e-08
5,network.1.running_var,128,1,9.233452796936035,23.877656936645508,0.08488863462564321,0.9971733251651703,3.0517578125e-05,2.6017369236797094e-06,4.61660079054127e-08
5,network.5.running_mean,64,1,0.001554141053929925,0.008010536432266235,0.10002224461519738,0.9965523373520552,3.725290298461914e-09,4.818048182642087e-10,4.634072325870875e-08
5,network.5.running_var,64,1,0.005558141972869635,0.020497247576713562,0.1118641410499333,0.9962594795907492,1.4901161193847656e-08,2.178239810746163e-09,6.740779667779861e-08
5,network.9.running_mean,32,1,0.001319630304351449,0.003960784524679184,0.12018856114264102,0.9962190987690802,1.862645149230957e-09,2.0691004465334117e-10,3.8503557675539923e-08
5,network.9.running_var,32,1,0.0028859979938715696,0.007887817919254303,0.11417750370982101,0.9962384032230879,3.725290298461914e-09,5.820766091346741e-10,3.8683605652067854e-08
6,network.0.weight,1664,7,7.760569860693067e-05,0.0001600002869963646,0.11314591562850469,0.9962623728057375,1.1641532182693481e-10,1.0877571413048237e-11,3.808144199979324e-08
6,network.0.bias,128,1,2.440252501401119e-06,3.4156440960941836e-05,0.11262713902960497,0.9962467693436053,2.9103830456733704e-11,7.731154041609734e-13,6.805993280067923e-08
6,network.1.weight,128,1,8.125230669975281e-05,0.00016000744653865695,0.1155915142668936,0.9962190400006555,5.862102903791966e-12,2.72032830289648e-13,1.096067014927371e-09
6,network.1.bias,128,1,7.124970579752699e-05,0.00015999999595806003,0.1065976666848389,0.9964001153438526,1.1641532182693481e-10,1.865170344561573e-11,4.87956981487514e-08
6,network.4.weight,8192,32,6.881236913613975e-05,0.0001600002869963646,0.10953572981346002,0.9963209162101515,1.1641532182693481e-10,1.030869573731552e-11,3.8276763092426336e-08
6,network.4.bias,64,1,1.0154859410249628e-05,5.340192001312971e-05,0.10415912305404441,0.9964222276857779,2.9103830456733704e-11,1.4018328598625063e-12,3.0158862074358694e-08
6,network.5.weight,64,1,8.250027894973755e-05,0.00016000744653865695,0.11618105442445756,0.9962161099263966,5.8617602959054604e-12,4.0853336880954105e-13,1.5480535742184998e-09
6,network.5.bias,64,1,7.499985804315656e-05,0.00015999999595806003,0.11000829267003191,0.9962867833574068,1.1641532182693481e-10,8.045845240056693e-12,3.149557059600738e-08
6,network.8.weight,2048,8,7.67523015383631e-05,0.0001600002869963646,0.11333421309312067,0.9962383689740435,1.1641532182693481e-10,1.1380737498234428e-11,3.9370213755773875e-08
6,network.8.bias,32,1,1.4371922588907182e-05,8.352694567292929e-05,0.1223659494776256,0.9962387525692371,5.820766091346741e-11,6.567761525605453e-12,7.275515656601783e-08
6,network.9.weight,32,1,5.224772394285537e-05,0.00015999795868992805,0.08920832334585456,0.9970824685421802,1.1641532182693481e-10,4.022845858514534e-12,2.1319896958971185e-08
6,network.9.bias,32,1,5.776073157903738e-05,0.00015999999595806003,0.09308135196896423,0.9969279987500174,1.1641532182693481e-10,1.1313117109779114e-11,3.685646987605651e-08
6,network.12.weight,32,1,8.999979763757437e-05,0.0001600002869963646,0.11902279326221514,0.996423933701003,1.1641532182693481e-10,4.0972537862504765e-12,2.134002130560475e-08
6,network.12.bias,1,1,0.0,0.0,0.0,0.9999999843319244,0.0,0.0,0.0
6,network.1.running_mean,128,1,0.06548275053501129,0.1768665313720703,0.11203983929711467,0.9962607802601074,1.1920928955078125e-07,1.7440470401197672e-08,4.9084313502589794e-08
6,network.1.running_var,128,1,1.3354555368423462,4.095813751220703,0.09222426671400227,0.9968478330741398,3.814697265625e-06,3.5943230614066124e-07,4.965293598502285e-08
6,network.5.running_mean,64,1,0.0020476351492106915,0.006821189075708389,0.10291560880574645,0.9964629566486218,3.725290298461914e-09,5.966285243630409e-10,4.7173923434229437e-08
6,network.5.running_var,64,1,0.007155325263738632,0.027290720492601395,0.11927122712784187,0.996215898886886,1.4901161193847656e-08,1.5643308870494366e-09,4.8697756938054226e-08
6,network.9.running_mean,32,1,0.0014230310916900635,0.003513488918542862,0.11877067596389607,0.9962149709427541,1.862645149230957e-09,3.001332515850663e-10,4.8762657911538554e-08
6,network.9.running_var,32,1,0.0026028971187770367,0.006690114736557007,0.11429173469786234,0.996230174812362,3.725290298461914e-09,3.8562575355172157e-10,2.8971610888106625e-08
7,network.0.weight,1664,7,6.677616329398006e-05,0.00015999883180484176,0.11380651757353381,0.9962334251947405,1.1641532182693481e-10,6.754976352579822e-12,3.376876378524685e-08
7,network.0.bias,128,1,5.053186669101706e-07,5.74409932596609e-06,0.1132030734202243,0.9962397922758097,9.094947017729282e-13,7.159903095757536e-14,1.822231077142078e-08
7,network.1.weight,128,1,6.875171675346792e-05,0.00016000744653865695,0.10421401917122981,0.9964208366915166,6.217543840891793e-12,8.91789246615371e-13,2.389981546002673e-09
7,network.1.bias,128,1,7.999980152817443e-05,0.00015999982133507729,0.11651525033736909,0.9962148580547421,1.1641532182693481e-10,9.094562776479354e-12,3.5203036929942755e-08
7,network.4.weight,8192,32,6.483655306510627e-05,0.0001600002869963646,0.10846400360674473,0.9963163392711784,1.1641532182693481e-10,8.304039747497605e-12,3.5727691027886976e-08
7,network.4.bias,64,1,6.376783858286217e-06,3.4156430047005415e-05,0.11178649959486688,0.9962580529842605,1.4551915228366852e-11,9.159992642865378e-13,3.3840624524827945e-08
7,network.5.weight,64,1,7.250159978866577e-05,0.00016000744653865695,0.10796820586151633,0.9963272798541338,5.769065780647509e-12,5.09887108663537e-13,1.6722929707668754e-09
7,network.5.bias,64,1,7.999959052540362e-05,0.00015999976312741637,0.11313694360162993,0.9962405770997382,1.1641532182693481e-10,1.1590041426590147e-11,3.817007510065196e-08
7,network.8.weight,2048,8,7.905454549472779e-05,0.0001600002869963646,0.11332753546724136,0.9962384343021792,1.1641532182693481e-10,1.4049765691137583e-11,4.2095752661452934e-08
7,network.8.bias,32,1,4.957131750416011e-06,2.512306673452258e-05,0.1129024340238912,0.9962433305446196,1.4551915228366852e-11,1.2197137830988192e-12,4.6025423472428884e-08
7,network.9.weight,32,1,0.00010135086631635204,0.00016000273171812296,0.1254730105044361,0.9966318322750137,1.1641532182693481e-10,7.275957614183426e-12,2.9115902577814268e-08
7,network.9.bias,32,1,7.273483788594604e-05,0.00015999999595806003,0.10489764098583017,0.9966952823470443,1.1641532182693481e-10,7.275957614183426e-12,2.9111966171058157e-08
7,network.12.weight,32,1,8.549988706363365e-05,0.00015999970491975546,0.1142023029599077,0.99659059537406,1.1641532182693481e-10,1.8189894035458565e-11,4.60177957961605e-08
7,network.12.bias,1,1,0.0,0.0,0.0,0.9999999843319244,0.0,0.0,0.0
7,network.1.running_mean,128,1,0.05076020956039429,0.1421051025390625,0.10442737262134553,0.9964198285503134,5.960464477539063e-08,1.2216332834213972e-08,4.0081317820295226e-08
7,network.1.running_var,128,1,1.435976505279541,4.455474376678467,0.08762025124364506,0.9970480946444749,3.814697265625e-06,3.634486347436905e-07,3.9331208512294324e-08
7,network.5.running_mean,64,1,0.0014261800097301602,0.0043577756732702255,0.11153157603221654,0.9962664434876629,3.725290298461914e-09,5.184119800105691e-10,6.788858541995069e-08
7,network.5.running_var,64,1,0.00440871249884367,0.01918051950633526,0.10640722903261847,0.9963655251985858,1.4901161193847656e-08,1.3145609045750462e-09,4.824983790285842e-08
7,network.9.running_mean,32,1,0.0009310162859037519,0.003005816601216793,0.11435010464064675,0.9962482045874463,1.862645149230957e-09,2.1100277081131935e-10,4.860102009729417e-08
7,network.9.running_var,32,1,0.002415828872472048,0.004886016249656677,0.10097621661679695,0.9965299101384216,3.725290298461914e-09,5.566107574850321e-10,4.519200658137379e-08
8,network.0.weight,1664,7,6.817049870733172e-05,0.0001600002869963646,0.11319036614470024,0.9962400570855112,1.1641532182693481e-10,5.7989325147334014e-12,2.9446310279013233e-08
8,network.0.bias,128,1,9.089715604204684e-06,4.7872959839878604e-05,0.1100672834201725,0.9962858083501891,5.820766091346741e-11,1.3265441262816369e-12,4.296488498312101e-08
8,network.1.weight,128,1,7.875248411437497e-05,0.00016000744653865695,0.1141995671115888,0.9962295330313112,5.888919126645353e-12,4.988549720877367e-13,1.6823064052928771e-09
8,network.1.bias,128,1,8.499990508425981e-05,0.00016000017058104277,0.11835346133225169,0.9962123606253567,1.1641532182693481e-10,1.066585188225222e-11,3.755812372219225e-08
8,network.4.weight,8192,32,7.117161294445395e-05,0.0001600002869963646,0.1100989623414216,0.9962848011968495,1.1641532182693481e-10,1.092427971000065e-11,3.8985263017821126e-08
8,network.4.bias,64,1,1.1032035217795055e-05,4.097208147868514e-05,0.09934996185468369,0.996573391711058,1.4551915228366852e-11,1.6015086392456857e-12,2.5870692255125505e-08
8,network.5.weight,64,1,7.250204362208024e-05,0.00016000744653865695,0.10733146589882069,0.9963414079165481,3.7661332386029756e-12,1.2306858819793182e-13,6.625205939414514e-10
8,network.5.bias,64,1,7.974988693604246e-05,0.00016000005416572094,0.11143189481015288,0.9964415657448558,1.1641532182693481e-10,1.4901290271152057e-11,4.2535141631105944e-08
8,network.8.weight,2048,8,7.715616084169596e-05,0.0001600002869963646,0.11155360220228526,0.9963888527831912,1.1641532182693481e-10,1.2971471119449518e-11,4.059556601987424e-08
8,network.8.bias,32,1,1.385819268762134e-05,5.521374987438321e-05,0.10771161271998471,0.9963330287980691,5.820766091346741e-11,1.978686095180371e-12,4.8648917783111756e-08
8,network.9.weight,32,1,9.221774234902114e-05,0.00016000273171812296,0.12159484448579659,0.996450485136338,4.66612642621711e-12,2.2129140967580563e-13,9.596087258145758e-10
8,network.9.bias,32,1,8.002556569408625e-05,0.00015999999595806003,0.11166382007257114,0.9964370190470633,1.1641532182693481e-10,1.0964395190382614e-11,3.683164706558273e-08
8,network.12.weight,32,1,8.774985326454043e-05,0.0001600002869963646,0.11920198814847563,0.9964252807864178,1.1641532182693481e-10,7.522635292467328e-12,3.0090468783328106e-08
8,network.12.bias,1,1,0.0,0.0,0.0,0.9999999843319244,0.0,0.0,0.0
8,network.1.running_mean,128,1,0.023183559998869896,0.0628466010093689,0.1218888284045361,0.9962378910165834,2.9802322387695312e-08,3.80168785341084e-09,3.8117331513376485e-08
8,network.1.running_var,128,1,0.26360127329826355,1.1019163131713867,0.08111559509877482,0.9973521136136472,9.5367431640625e-07,9.834911907091737e-08,5.244529788228647e-08
8,network.5.running_mean,64,1,0.0013801457826048136,0.005430739372968674,0.10287139399935688,0.9964624647537601,3.725290298461914e-09,4.1745806811377406e-10,5.9198345780941963e-08
8,network.5.running_var,64,1,0.004522448405623436,0.02962760627269745,0.1261421877722697,0.9963104828003447,7.450580596923828e-09,8.471943147014827e-10,3.326950448467869e-08
8,network.9.running_mean,32,1,0.00113803765270859,0.0027827024459838867,0.11117847938023633,0.9962751391425039,1.862645149230957e-09,2.921751729445532e-10,5.0384372229927976e-08
8,network.9.running_var,32,1,0.0029389760456979275,0.011826381087303162,0.11268980003544554,0.99625439718217,7.450580596923828e-09,6.548361852765083e-10,4.665971431450089e-08
9,network.0.weight,1664,7,6.621706415899098e-05,0.0001600002869963646,0.11108066121973587,0.9962687111434191,1.1641532182693481e-10,6.39620040959743e-12,3.199754772253982e-08
9,network.0.bias,128,1,4.990004981664242e-06,6.104826752562076e-05,0.11638806497726853,0.9962151418531595,2.9103830456733704e-11,6.00672452315959e-13,2.89815194065568e-08
9,network.1.weight,128,1,8.250228711403906e-05,0.00016000744653865695,0.11855349281505999,0.9962126184179008,5.885606672167976e-12,5.800334171301991e-13,1.7615682246230335e-09
9,network.1.bias,128,1,7.999992521945387e-05,0.00015999999595806003,0.11587689555717096,0.9962176093627976,1.1641532182693481e-10,8.005387151788224e-12,3.268040771331471e-08
9,network.4.weight,8192,32,6.966746150283143e-05,0.0001600002869963646,0.11099415802886461,0.9962695949153357,1.1641532182693481e-10,1.0041349696177093e-11,3.8343586084010894e-08
9,network.4.bias,64,1,2.320014755241573e-05,8.645057096146047e-05,0.11233706907848197,0.9962505282836895,5.820766091346741e-11,5.451607047735063e-12,4.7866848262856365e-08
9,network.5.weight,64,1,7.931435538921505e-05,0.00016000744653865695,0.11318697879560069,0.9962872154347032,1.1641532182693481e-10,2.1461478427742264e-12,1.5351032445209967e-08
9,network.5.bias,64,1,6.74998082104139e-05,0.00016000017058104277,0.10525758650418535,0.996471909169765,1.1641532182693481e-10,1.481583258855501e-11,4.3254452464225324e-08
9,network.8.weight,2048,8,8.01767164375633e-05,0.0001600002869963646,0.11324551710011958,0.9963171519907337,1.1641532182693481e-10,1.2107589236753924e-11,3.8775745281327545e-08
9,network.8.bias,32,1,1.2857234651164617e-05,6.681797094643116e-05,0.0989494267434669,0.9965874223471561,5.820766091346741e-11,4.364326608441438e-12,6.095142168760503e-08
9,network.9.weight,32,1,8.272959530586377e-05,0.00016000273171812296,0.11226537887570592,0.9965963123054323,0.0,0.0,0.0
9,network.9.bias,32,1,0.00010725270840339363,0.00015999999595806003,0.1285564556927005,0.9968651627369579,1.1641532182693481e-10,1.0913936421275139e-11,3.56541178803127e-08
9,network.12.weight,32,1,4.999995508114807e-05,0.00015999970491975546,0.08944293398962111,0.9969667110395353,1.1641532182693481e-10,1.4551915228366852e-11,4.1159303520998947e-08
9,network.12.bias,1,1,0.0,0.0,0.0,0.9999999843319244,0.0,0.0,0.0
9,network.1.running_mean,128,1,0.050105638802051544,0.13389068841934204,0.1194207212479653,0.9962213456420602,5.960464477539063e-08,1.2956661521457136e-08,4.91779417188809e-08
9,network.1.running_var,128,1,0.5944370031356812,1.8204350471496582,0.0959154770017735,0.9966995308448791,9.5367431640625e-07,1.2334203347563744e-07,3.7683268061528e-08
9,network.5.running_mean,64,1,0.001533267553895712,0.006995178759098053,0.11398011064628444,0.9962332644187614,3.725290298461914e-09,3.7471181713044643e-10,4.7097216793190455e-08
9,network.5.running_var,64,1,0.0038058608770370483,0.016452796757221222,0.0958346263469635,0.9967070313121478,1.4901161193847656e-08,1.2614691513590515e-09,6.104086480718252e-08
9,network.9.running_mean,32,1,0.000936354510486126,0.00395679846405983,0.10050713309593942,0.9965483400000252,1.862645149230957e-09,2.6921043172478676e-10,4.489404048513279e-08
9,network.9.running_var,32,1,0.0023165284655988216,0.007277689874172211,0.09485342332822347,0.9967438681106853,7.450580596923828e-09,8.803908713161945e-10,5.96897322679979e-08
10,network.0.weight,1664,7,6.496398418676108e-05,0.0001600002869963646,0.11379949534376385,0.9962334823718785,1.1641532182693481e-10,3.6001544627406457e-12,2.2458602089159285e-08
10,network.0.bias,128,1,4.420566256158054e-06,3.755389479920268e-05,0.11184566913008506,0.9962572688594863,1.4551915228366852e-11,6.463907100545674e-13,2.6701155064756676e-08
10,network.1.weight,128,1,7.750168151687831e-05,0.00016000744653865695,0.11641771879341277,0.9962150973900478,1.1641532182693481e-10,1.3311725853559775e-12,1.1618991102579912e-08
10,network.1.bias,128,1,7.374949927907437e-05,0.00015999976312741637,0.1114607193223463,0.996262894173126,1.1641532182693481e-10,1.1589940812628541e-11,3.998386688408573e-08
10,network.4.weight,8192,32,7.435231964336708e-05,0.0001600002869963646,0.11247356846170158,0.9962484547644238,1.1641532182693481e-10,9.2918598162961e-12,3.5861514646740034e-08
10,network.4.bias,64,1,5.067914571554866e-06,3.7759913539048284e-05,0.11184110641380356,0.9962573641677065,7.275957614183426e-12,6.873242209756714e-13,2.0287380664285593e-08
10,network.5.weight,64,1,7.456910680048168e-05,0.00016000744653865695,0.10891669566608006,0.9964289186749763,1.1641532182693481e-10,1.904078023723388e-12,1.4800557224248223e-08
10,network.5.bias,64,1,7.249978079926223e-05,0.00015999970491975546,0.10520219087550568,0.9966210431841568,1.1641532182693481e-10,1.2922952638549923e-11,3.914319535169852e-08
10,network.8.weight,2048,8,7.925658428575844e-05,0.0001600002869963646,0.11150350315704119,0.9964820517589649,1.1641532182693481e-10,1.2921559655598713e-11,3.953043403726042e-08
10,network.8.bias,32,1,6.251045306271408e-06,3.4156430047005415e-05,0.11287572035438832,0.9962436557380187,1.4551915228366852e-11,8.596242207642435e-13,2.8762833892415074e-08
10,network.9.weight,32,1,8.861259266268462e-05,0.00016000273171812296,0.11718837065473739,0.9965071459385791,1.3955169485269092e-12,4.360990464146591e-14,2.5073598752811677e-10
10,network.9.bias,32,1,5.860304008820094e-05,0.00015999760944396257,0.0948856035964821,0.9969166144009446,1.1641532182693481e-10,1.83154220956272e-11,4.677691833876452e-08
10,network.12.weight,32,1,8.275030268123373e-05,0.0001600002869963646,0.11549041611571251,0.9964081843873938,1.1641532182693481e-10,3.637978807091713e-12,2.090907713636625e-08
10,network.12.bias,1,1,0.0,0.0,0.0,0.9999999843319244,0.0,0.0,0.0
10,network.1.running_mean,128,1,0.015576542355120182,0.04542312026023865,0.10718697311523939,0.9963493494056441,2.9802322387695312e-08,3.2819116313476115e-09,4.556519783704971e-08
10,network.1.running_var,128,1,0.27691322565078735,1.0149641036987305,0.07829786295754464,0.9974893196020359,9.5367431640625e-07,1.2016971595585346e-07,5.682815640284389e-08
10,network.5.running_mean,64,1,0.0016224025748670101,0.005541713908314705,0.12202772561452449,0.9962362549716451,3.725290298461914e-09,4.1448178222935894e-10,5.4773330759871897e-08
10,network.5.running_var,64,1,0.0029697478748857975,0.007425688207149506,0.08586343974433558,0.9971306758965875,7.450580596923828e-09,1.380612957291305e-09,6.005539887610212e-08
10,network.9.running_mean,32,1,0.0014214857947081327,0.004154624417424202,0.10941075983769086,0.99630021928691,3.725290298461914e-09,4.665707820095122e-10,6.680827624450103e-08
10,network.9.running_var,32,1,0.0018971567042171955,0.009004112333059311,0.1188978660405751,0.9962149216179055,3.725290298461914e-09,3.39014150085859e-10,3.512642265945942e-08
11,network.0.weight,1664,7,6.99975571478717e-05,0.0001600002869963646,0.11094196038915577,0.996270896139182,1.1641532182693481e-10,5.823330099380408e-12,2.8546018882025237e-08
11,network.0.bias,128,1,4.158254341746215e-06,3.0497460102196783e-05,0.1151837262767132,0.996221668649616,1.4551915228366852e-11,7.745125612905468e-13,3.544179705272654e-08
11,network.1.weight,128,1,6.125270738266408e-05,0.00016000744653865695,0.09798015383859514,0.9966218956362235,1.1641532182693481e-10,1.49758786101295e-12,1.1558386248111674e-08
11,network.1.bias,128,1,7.624966383446008e-05,0.00015999982133507729,0.11259181532004198,0.9962471685899212,1.1641532182693481e-10,6.096650961850969e-12,2.8046267530612567e-08
11,network.4.weight,8192,32,7.124924741219729e-05,0.0001600002869963646,0.11042118581256531,0.9962792354955589,1.1641532182693481e-10,1.0225155791521168e-11,3.8004721147899545e-08
11,network.4.bias,64,1,1.2391041309456341e-05,7.215142250061035e-05,0.11626856368420865,0.9962158232811271,5.820766091346741e-11,2.412816908076154e-12,5.082804221956394e-08
11,network.5.weight,64,1,7.500186620745808e-05,0.00016000744653865695,0.10930127752829125,0.9963000241849503,5.769631300500677e-12,2.655819899936851e-13,1.1213884265615093e-09
11,network.5.bias,64,1,8.681241160957143e-05,0.0001599999377503991,0.11757914386554523,0.9963644623009875,1.1641532182693481e-10,1.1164545850317342e-11,3.683328131387498e-08
11,network.8.weight,2048,8,8.217359572881833e-05,0.0001600002869963646,0.1138737578433738,0.9964026293087804,1.1641532182693481e-10,1.3631536004143907e-11,4.058905744841468e-08
11,network.8.bias,32,1,1.0456544259795919e-05,4.93591942358762e-05,0.10213456158234101,0.9964821771138528,2.9103830456733704e-11,2.3540774364561035e-12,4.6409539322667115e-08
11,network.9.weight,32,1,7.275365351233631e-05,0.00016000273171812296,0.10489596429368532,0.9966957810952304,1.1641532182693481e-10,7.275957614183426e-12,2.9107075860679288e-08
11,network.9.bias,32,1,6.999593460932374e-05,0.00015999999595806003,0.10277687399930317,0.9967422574132827,1.1641532182693481e-10,2.546585164964199e-11,5.4454851294849504e-08
11,network.12.weight,32,1,5.724989387090318e-05,0.00015999970491975546,0.09231454911681784,0.997062690061268,1.1641532182693481e-10,1.0913936421275139e-11,3.564492701002564e-08
11,network.12.bias,1,1,0.0,0.0,0.0,0.9999999843319244,0.0,0.0,0.0
11,network.1.running_mean,128,1,0.012988780625164509,0.04314199090003967,0.10774336021690308,0.9963354350432035,2.9802322387695312e-08,3.511559043545276e-09,4.8160423204990366e-08
11,network.1.running_var,128,1,0.26653850078582764,0.8797575235366821,0.07574451178913495,0.9976150550357636,9.5367431640625e-07,1.1059455573558807e-07,5.381939871540453e-08
11,network.5.running_mean,64,1,0.0018962183967232704,0.007308069616556168,0.11950315998299822,0.9962158420708491,3.725290298461914e-09,4.459650426724693e-10,5.249913215266133e-08
11,network.5.running_var,64,1,0.003534653689712286,0.01017577201128006,0.11001413664934726,0.9962886259015817,7.450580596923828e-09,5.654783308273181e-10,3.368476342302529e-08
11,network.9.running_mean,32,1,0.001185181550681591,0.003939621150493622,0.1121063636877351,0.9962651388101457,1.862645149230957e-09,3.41970007866621e-10,4.523393926092467e-08
11,network.9.running_var,32,1,0.0027213357388973236,0.008726391941308975,0.11006691577022905,0.9962882195841719,7.450580596923828e-09,1.0113581083714962e-09,6.69648727580352e-08
12,network.0.weight,1664,7,7.267695036716759e-05,0.0001600002869963646,0.11313624887975453,0.9962406363902659,1.1641532182693481e-10,6.470018965032409e-12,3.05044380866093e-08
12,network.0.bias,128,1,4.9504114940646105e-06,4.3812382500618696e-05,0.11379527617431558,0.9962334818380989,1.4551915228366852e-11,9.851112980907573e-13,3.9369918880538535e-08
12,network.1.weight,128,1,9.818920079851523e-05,0.00016000744653865695,0.1262942496984068,0.9963748781955484,1.1641532182693481e-10,1.2953928294617834e-12,1.0933706384719244e-08
12,network.1.bias,128,1,7.215618097689003e-05,0.00016000005416572094,0.10772156590114047,0.9963960903142549,1.1641532182693481e-10,1.496667720313205e-11,4.3457362153276335e-08
12,network.4.weight,8192,32,7.295522664207965e-05,0.0001600002869963646,0.1088207414185543,0.9963604187124986,1.1641532182693481e-10,1.1806181032802954e-11,3.896644074075084e-08
12,network.4.bias,64,1,1.0665784429875202e-05,4.726074621430598e-05,0.11022477271991976,0.9962829580969546,5.820766091346741e-11,3.117554825404767e-12,6.388823692304868e-08
12,network.5.weight,64,1,9.025195322465152e-05,0.00016000744653865695,0.11831795671383787,0.9965152917921929,6.172436260026837e-12,1.548858697547617e-13,9.165886938333756e-10
12,network.5.bias,64,1,7.862471102271229e-05,0.00015999999595806003,0.10990450590094362,0.9965408651619042,1.1641532182693481e-10,2.380361532883235e-11,5.3315282855237456e-08
12,network.8.weight,2048,8,7.84742078394629e-05,0.0001600002869963646,0.11145945144430815,0.9964545915287565,1.1641532182693481e-10,1.2023645967751406e-11,3.8398766832870024e-08
12,network.8.bias,32,1,3.911915882781614e-06,2.171337473555468e-05,0.09235423704953089,0.9968419435361782,3.637978807091713e-12,1.9419131558860714e-13,8.751356084246709e-09
12,network.9.weight,32,1,6.775776273570955e-05,0.00016000273171812296,0.10391957383460407,0.996578437023946,1.1641532182693481e-10,3.7305401823228834e-12,2.1268386163342257e-08
12,network.9.bias,32,1,6.221251533133909e-05,0.00015999999595806003,0.0992586372183305,0.996710187092585,1.1641532182693481e-10,1.461305729200113e-11,4.252925478454017e-08
12,network.12.weight,32,1,6.499997107312083e-05,0.00015999970491975546,0.09949763321794365,0.9967041604167384,1.1641532182693481e-10,1.4900337907963745e-11,4.25335571208052e-08
12,network.12.bias,1,1,0.0,0.0,0.0,0.9999999843319244,0.0,0.0,0.0
12,network.1.running_mean,128,1,0.021139726042747498,0.06217734515666962,0.10784253379793879,0.996331996185553,2.9802322387695312e-08,4.765752237290144e-09,4.290277644258822e-08
12,network.1.running_var,128,1,0.27127307653427124,0.9965130090713501,0.07758492218614294,0.9975241355047081,9.5367431640625e-07,5.972106009721756e-08,3.6882777720848026e-08
12,network.5.running_mean,64,1,0.0021334586199373007,0.0071701779961586,0.11216327816733587,0.9962604199624883,3.725290298461914e-09,5.125002644490451e-10,4.875096237810794e-08
12,network.5.running_var,64,1,0.004412627778947353,0.0195491760969162,0.10419308656822948,0.9964229672440181,1.4901161193847656e-08,1.0732037480920553e-09,4.2320138504692295e-08
12,network.9.running_mean,32,1,0.0012666606344282627,0.00364467641338706,0.10404271093563915,0.996437221165576,3.725290298461914e-09,4.6202330850064754e-10,6.430479260188804e-08
12,network.9.running_var,32,1,0.00173497898504138,0.006266679614782333,0.1107993499556991,0.9962781362627122,3.725290298461914e-09,5.456968210637569e-10,5.683691384206213e-08
13,network.0.weight,1664,7,7.116541382856667e-05,0.0001600002869963646,0.11418378052855395,0.9962297587654387,1.1641532182693481e-10,6.5275059663028046e-12,3.1434552738573984e-08
13,network.0.bias,128,1,3.401578169359709e-06,3.433390520513058e-05,0.1162579303068522,0.9962157303849739,2.9103830456733704e-11,8.068689488251179e-13,4.782063811603621e-08
13,network.1.weight,128,1,7.750235090497881e-05,0.00016000744653865695,0.11365990391638975,0.9962347226627687,5.773259474650683e-12,3.9741923944444646e-13,1.4117491620169176e-09
13,network.1.bias,128,1,6.749991734977812e-05,0.00015999999595806003,0.10385173851987206,0.9964311835698275,1.1641532182693481e-10,1.704642156596936e-11,4.7579341355685756e-08
13,network.4.weight,8192,32,7.507878763135523e-05,0.0001600002869963646,0.11176113849317156,0.996258317410332,1.1641532182693481e-10,1.0815173409617351e-11,3.795690872721025e-08
13,network.4.bias,64,1,2.1394318537204526e-05,0.00012312812032178044,0.12020037027014001,0.9962188832001003,5.820766091346741e-11,4.351076790531927e-12,4.764766714515645e-08
13,network.5.weight,64,1,0.0001000019910861738,0.00016000744653865695,0.12689833847481455,0.9963274843619893,3.7661436469438314e-12,6.910201171038757e-14,4.855043034268647e-10
13,network.5.bias,64,1,7.612493936903775e-05,0.00016000011237338185,0.10876909145553687,0.9964729308016803,1.1641532182693481e-10,2.3808236632172353e-11,5.331550312348554e-08
13,network.8.weight,2048,8,8.179737778846174e-05,0.0001600002869963646,0.11265313816089215,0.9964861327751753,1.1641532182693481e-10,1.3851365367190116e-11,4.057184099792721e-08
13,network.8.bias,32,1,1.394376431562705e-05,5.838334254804067e-05,0.10561346806732397,0.9963832651162944,2.9103830456733704e-11,1.5078258737075134e-12,2.4545119714503016e-08
13,network.9.weight,32,1,7.275187090272084e-05,0.00016000273171812296,0.104897899299525,0.9966955528172916,0.0,0.0,0.0
13,network.9.bias,32,1,7.99980916781351e-05,0.00015999999595806003,0.11028482022197643,0.9966129894879928,1.1641532182693481e-10,1.4551915228366852e-11,4.1163158215340445e-08
13,network.12.weight,32,1,9.274961485061795e-05,0.0001599998795427382,0.11917228326697628,0.9966158485642643,1.1641532182693481e-10,1.0913936421275139e-11,3.564501227515393e-08
13,network.12.bias,1,1,0.0,0.0,0.0,0.9999999843319244,0.0,0.0,0.0
13,network.1.running_mean,128,1,0.04468696191906929,0.1436031460762024,0.11144816175337406,0.9962674072757559,5.960464477539063e-08,1.0735675459727645e-08,4.47481234289171e-08
13,network.1.running_var,128,1,0.709923505783081,2.2559146881103516,0.10466121783552883,0.9964094367832343,1.9073486328125e-06,1.7551792552694678e-07,5.3175991610032725e-08
13,network.5.running_mean,64,1,0.0019441017648205161,0.004816381260752678,0.1025720473999927,0.9964694187774455,3.725290298461914e-09,4.961293598171324e-10,4.313349677431688e-08
13,network.5.running_var,64,1,0.00627274252474308,0.03092026710510254,0.11848544959150754,0.9962167246729121,2.9802322387695312e-08,1.5133991837501526e-09,5.570572625401837e-08
13,network.9.running_mean,32,1,0.0014956616796553135,0.003824833780527115,0.10519022460792908,0.9963946938609105,3.725290298461914e-09,3.055902197957039e-10,4.7048704487906434e-08
13,network.9.running_var,32,1,0.0029337520245462656,0.008478254079818726,0.10397669832519141,0.996436889396298,3.725290298461914e-09,1.0368239600211382e-09,4.846110002176829e-08
14,network.0.weight,1664,7,7.114779145922512e-05,0.0001600002869963646,0.11427355727068496,0.996229088522125,1.1641532182693481e-10,6.7015520736901646e-12,3.188310060409094e-08
14,network.0.bias,128,1,7.335643203987274e-07,5.580186552833766e-06,0.1155158560049157,0.9962196056690903,3.637978807091713e-12,1.6033286081174741e-13,4.898400618458254e-08
14,network.1.weight,128,1,8.750215056352317e-05,0.00016000744653865695,0.12115704718641074,0.9962259460562081,6.131641201723159e-12,4.661689870927299e-13,1.6199395158622565e-09
14,network.1.bias,128,1,6.874978862470016e-05,0.00015999982133507729,0.10506442966059633,0.9963977392530834,1.1641532182693481e-10,9.678658048628552e-12,3.531669889866862e-08
14,network.4.weight,8192,32,7.478534826077521e-05,0.0001600002869963646,0.11159758918700098,0.9962605489746407,1.1641532182693481e-10,1.0478419347481616e-11,3.718460561685788e-08
14,network.4.bias,64,1,1.117202737077605e-05,6.78664437145926e-05,0.11017042505256426,0.9962838960293536,2.9103830456733704e-11,1.8304233996568886e-12,3.560787575906943e-08
14,network.5.weight,64,1,7.93144281487912e-05,0.00016000744653865695,0.11226808839548987,0.9962945836525459,5.77219131867035e-12,1.6510173761995206e-13,9.5294672153301e-10
14,network.5.bias,64,1,7.456291496055201e-05,0.0001599999377503991,0.10772179415787579,0.996531928534976,1.1641532182693481e-10,1.289982096835951e-11,3.912991175525349e-08
14,network.8.weight,2048,8,7.360002200584859e-05,0.0001600002869963646,0.10769749930216078,0.9965143295248655,1.1641532182693481e-10,1.5066975445066078e-11,4.3418445727638755e-08
14,network.8.bias,32,1,8.078468454186805e-06,5.8243866078555584e-05,0.10949777866034713,0.9962963120780567,1.4551915228366852e-11,1.6871999674109017e-12,3.567010153915362e-08
14,network.9.weight,32,1,0.00010224530706182122,0.00016000273171812296,0.12842980555641298,0.9966290883340199,1.1641532182693481e-10,7.607609854576314e-12,3.0097346837010264e-08
14,network.9.bias,32,1,7.22454278729856e-05,0.00015999999595806003,0.10553228567349518,0.9965410647484173,1.1641532182693481e-10,1.1470800004298454e-11,3.689279992613592e-08
14,network.12.weight,32,1,6.862462032586336e-05,0.00016000017058104277,0.10451402344228893,0.9964878860918535,1.1641532182693481e-10,3.2977575531445424e-11,6.377272399049616e-08
14,network.12.bias,1,1,0.0,0.0,0.0,0.9999999843319244,0.0,0.0,0.0
14,network.1.running_mean,128,1,0.042732834815979004,0.11990189552307129,0.1118988203216089,0.9962589476124539,5.960464477539063e-08,1.0200892575085163e-08,4.619890248136471e-08
14,network.1.running_var,128,1,0.6328918933868408,1.8526668548583984,0.08135895524227513,0.997340608565073,1.9073486328125e-06,2.2923632059246302e-07,5.36304689546796e-08
14,network.5.running_mean,64,1,0.0016318107955157757,0.0053330883383750916,0.11264779230391328,0.9962514471918965,3.725290298461914e-09,5.175024853087962e-10,5.4034448027096005e-08
14,network.5.running_var,64,1,0.0032074470072984695,0.010784952901303768,0.11118121062815342,0.9962700107924285,7.450580596923828e-09,1.0803660188685171e-09,5.3928292942373446e-08
14,network.9.running_mean,32,1,0.0015226376708596945,0.004534360021352768,0.12870676471832496,0.9963903903507358,1.862645149230957e-09,2.9103830456733704e-10,4.014408716557227e-08
14,network.9.running_var,32,1,0.001995626837015152,0.0064813531935215,0.09623245201434552,0.9966913586456077,3.725290298461914e-09,6.239133654162288e-10,4.467907643856961e-08
15,network.0.weight,1664,7,7.186747825471684e-05,0.0001600002869963646,0.11266467385446292,0.9962463419398172,1.1641532182693481e-10,6.636077538174634e-12,3.11349417358997e-08
15,network.0.bias,128,1,1.4368260963237844e-06,1.4500619727186859e-05,0.09474802501093464,0.996744613244263,7.275957614183426e-12,3.487157394441165e-13,3.970206918779695e-08
15,network.1.weight,128,1,6.625227979384363e-05,0.00016000744653865695,0.10327989176749462,0.9964475321854902,5.383695659416654e-12,2.1884141092158582e-13,9.738142514592596e-10
15,network.1.bias,128,1,7.068736886139959e-05,0.0001599998795427382,0.10505939873273631,0.9964376724642768,1.1641532182693481e-10,1.0563004464170245e-11,3.6214913734511356e-08
15,network.4.weight,8192,32,7.416445441776887e-05,0.0001600002869963646,0.11114388760590822,0.9962980670614074,1.1641532182693481e-10,1.1272224473279913e-11,3.861146424810613e-08
15,network.4.bias,64,1,1.2085242815373931e-05,7.858045864850283e-05,0.12341779592469562,0.9962534430941861,2.9103830456733704e-11,1.870154421948489e-12,3.454816877024314e-08
15,network.5.weight,64,1,8.293807331938297e-05,0.00016000744653865695,0.11473189525185794,0.9963680373026812,3.496997396518209e-12,1.3046405318919985e-13,6.50327902640413e-10
15,network.5.bias,64,1,7.999967783689499e-05,0.0001599998795427382,0.11214751844072939,0.9964341219632452,1.1641532182693481e-10,1.113718839373945e-11,3.682720262077055e-08
15,network.8.weight,2048,8,8.054783393163234e-05,0.0001600002869963646,0.11338499831257222,0.9963893451466553,1.1641532182693481e-10,1.355499566757512e-11,4.1025586483556253e-08
15,network.8.bias,32,1,8.112107025226578e-06,4.336863639764488e-05,0.11388136521370235,0.9962326569362551,1.4551915228366852e-11,9.218652317205533e-13,1.9262513362150457e-08
15,network.9.weight,32,1,7.367109355982393e-05,0.00016000273171812296,0.10615599983455569,0.9965979712379215,1.1641532182693481e-10,7.320294544144179e-12,2.9603020479385123e-08
15,network.9.bias,32,1,7.863076461944729e-05,0.00015999999595806003,0.10992510666206011,0.9965391672768675,1.1641532182693481e-10,1.4803443193489585e-11,4.186227542390952e-08
15,network.12.weight,32,1,5.3606436267727986e-05,0.0001600002869963646,0.09041122392105883,0.9970840547763471,1.1641532182693481e-10,2.5476603465746095e-11,5.532954716613858e-08
15,network.12.bias,1,1,0.0,0.0,0.0,0.9999999843319244,0.0,0.0,0.0
15,network.1.running_mean,128,1,0.058299724012613297,0.1699390411376953,0.11288965748799117,0.9962500507539003,1.1920928955078125e-07,1.5657860785722733e-08,5.0021021991142334e-08
15,network.1.running_var,128,1,0.9766364097595215,2.771362781524658,0.09705568846140629,0.996656716738004,1.9073486328125e-06,1.626904122531414e-07,3.396721837134464e-08
15,network.5.running_mean,64,1,0.0022892954293638468,0.006854075938463211,0.11476915254678353,0.9962303042407552,3.725290298461914e-09,4.5929482439532876e-10,4.4624854922403756e-08
15,network.5.running_var,64,1,0.005192703567445278,0.02344617247581482,0.10593161928308771,0.9963769332119013,1.4901161193847656e-08,1.2526015780167654e-09,4.407676357232049e-08
15,network.9.running_mean,32,1,0.0014838255010545254,0.004761917516589165,0.12301958799960296,0.9962484254480457,1.862645149230957e-09,2.519300323911011e-10,3.905170586904205e-08
15,network.9.running_var,32,1,0.0024505683686584234,0.007170163094997406,0.10176902092752976,0.9965029141530646,3.725290298461914e-09,8.149072527885437e-10,4.900991967815571e-08
16,network.0.weight,1664,7,6.561254122061655e-05,0.0001600002869963646,0.11343295337597335,0.9962371621834648,1.1641532182693481e-10,4.272666422056037e-12,2.5795795721705872e-08
16,network.0.bias,128,1,1.1296551747363992e-06,8.590519428253174e-06,0.10815272039329232,0.9963233270960699,1.8189894035458565e-12,2.0601763025575315e-13,2.7092298182651575e-08
16,network.1.weight,128,1,7.749669748591259e-05,0.00016000744653865695,0.11071437384367531,0.9963615511388196,5.88745024954207e-12,2.839351475290852e-13,1.2004937044451935e-09
16,network.1.bias,128,1,6.828078767284751e-05,0.00015999982133507729,0.10348351112271074,0.9965727169656652,1.1641532182693481e-10,1.5759926350056297e-11,4.402246744916738e-08
16,network.4.weight,8192,32,7.509309216402471e-05,0.0001600002869963646,0.10965596366087298,0.9964187684756406,1.1641532182693481e-10,1.191786253018634e-11,3.863899067368948e-08
16,network.4.bias,64,1,6.882955403852975e-06,2.6865900508710183e-05,0.10642921234209525,0.9963628850561226,1.4551915228366852e-11,1.116777243598266e-12,3.389330771597088e-08
16,network.5.weight,64,1,7.431430276483297e-05,0.00016000744653865695,0.107000439342003,0.9965451767048263,1.1641532182693481e-10,1.9135754179139264e-12,1.4795241476406318e-08
16,network.5.bias,64,1,7.706180622335523e-05,0.00015999999595806003,0.10910222451581525,0.996509340941837,1.1641532182693481e-10,1.8390167860760087e-11,4.6769670802859764e-08
16,network.8.weight,2048,8,7.349846418946981e-05,0.0001600002869963646,0.10902882277735419,0.9964856422715402,1.1641532182693481e-10,1.2142540445347905e-11,3.9297976428542825e-08
16,network.8.bias,32,1,7.989769073901698e-06,2.527296237531118e-05,0.12457842434491308,0.9962736950865998,1.4551915228366852e-11,1.1854078916379018e-12,3.822115957063943e-08
16,network.9.weight,32,1,8.13767546787858e-05,0.00016000273171812296,0.11536717986816734,0.9963198790519,4.473429873058654e-12,2.602892131432083e-13,1.0968929098353897e-09
16,network.9.bias,32,1,5.862659963895567e-05,0.00015999999595806003,0.09407448723794526,0.9968321803472284,1.1641532182693481e-10,1.4866399777879735e-11,4.3259781534743524e-08
16,network.12.weight,32,1,8.362450171262026e-05,0.0001600002869963646,0.11621850917637455,0.9963173535964898,1.1641532182693481e-10,1.1570692320939102e-11,3.752024468894888e-08
16,network.12.bias,1,1,0.0,0.0,0.0,0.9999999843319244,0.0,0.0,0.0
16,network.1.running_mean,128,1,0.035819027572870255,0.09964510798454285,0.1210759698268885,0.9962337638299162,5.960464477539063e-08,8.094502845779061e-09,4.819033350145219e-08
16,network.1.running_var,128,1,0.29938822984695435,1.037247657775879,0.09295666989595149,0.9968174198649511,9.5367431640625e-07,6.679420039290562e-08,4.475519688185159e-08
16,network.5.running_mean,64,1,0.0022104252129793167,0.008266117423772812,0.10890826041841278,0.9963099267947572,3.725290298461914e-09,5.520632839761674e-10,4.299127809304082e-08
16,network.5.running_var,64,1,0.004082799423485994,0.01295299082994461,0.11029736620200337,0.9962832721879583,7.450580596923828e-09,7.88475063018268e-10,4.016338195356184e-08
16,network.9.running_mean,32,1,0.0014222749741747975,0.005071546882390976,0.11560112229588324,0.9962220655431714,1.862645149230957e-09,2.764863893389702e-10,3.635079082187076e-08
16,network.9.running_var,32,1,0.0027395589277148247,0.007051706314086914,0.09920092505140929,0.9965810379756449,3.725290298461914e-09,7.8580342233181e-10,4.4659753228870613e-08
17,network.0.weight,1664,7,7.528324204031378e-05,0.0001600002869963646,0.11349346416320046,0.9962367319728063,1.1641532182693481e-10,6.841680433994357e-12,3.0298508590931306e-08
17,network.0.bias,128,1,4.023946530651301e-06,1.866814272943884e-05,0.10512044643818842,0.9963961932537123,1.4551915228366852e-11,9.957823411330113e-13,4.874567238744021e-08
17,network.1.weight,128,1,7.090778672136366e-05,0.00016000744653865695,0.10552781613695397,0.9964054505016097,6.1581724962456175e-12,3.3477523054062375e-13,1.29729671449752e-09
17,network.1.bias,128,1,8.409354632021859e-05,0.00015999999595806003,0.11574075400899958,0.9962940029556594,1.1641532182693481e-10,1.239177337131192e-11,3.9194134160425165e-08
17,network.4.weight,8192,32,7.325640763156116e-05,0.0001600002869963646,0.11067649101777016,0.9963233321456363,1.1641532182693481e-10,1.1547326463079433e-11,3.921182312183191e-08
17,network.4.bias,64,1,1.1676112990244292e-05,5.023360427003354e-05,0.09994854971493375,0.9965530492808524,2.9103830456733704e-11,2.7699897497263093e-12,4.5404149773276004e-08
17,network.5.weight,64,1,7.20654206816107e-05,0.00016000744653865695,0.10667724831607309,0.9964783407378255,6.157858944977335e-12,2.54658165214916e-13,1.120910919638618e-09
17,network.5.bias,64,1,7.181237742770463e-05,0.00016000005416572094,0.10544895757035062,0.9965056957726784,1.1641532182693481e-10,1.6770520736009153e-11,4.5497831280272294e-08
17,network.8.weight,2048,8,7.896518218331039e-05,0.0001600002869963646,0.11197858989111652,0.9963757455273424,1.1641532182693481e-10,1.4155635864876448e-11,4.156301969260312e-08
17,network.8.bias,32,1,1.0524050594540313e-05,2.8695620130747557e-05,0.10326656851541786,0.9964479150717479,2.9103830456733704e-11,2.164648668645519e-12,5.1818407342807404e-08
17,network.9.weight,32,1,6.550852413056418e-05,0.00016000273171812296,0.09921704321747048,0.9968355780026982,1.1641532182693481e-10,1.4551915228366852e-11,4.1169140985175545e-08
17,network.9.bias,32,1,6.0001319070579484e-05,0.00015999999595806003,0.09467445560357016,0.9969788465852022,1.1641532182693481e-10,1.0913936421275139e-11,3.565381945236368e-08
17,network.12.weight,32,1,8.99996593943797e-05,0.0001600002869963646,0.11731198951914164,0.9965987599243559,1.1641532182693481e-10,1.8189894035458565e-11,4.601773184731428e-08
17,network.12.bias,1,1,0.0,0.0,0.0,0.9999999843319244,0.0,0.0,0.0
17,network.1.running_mean,128,1,0.019169557839632034,0.05311575531959534,0.11878966808012228,0.9962167540539479,2.9802322387695312e-08,5.284164217300713e-09,5.492173471566275e-08
17,network.1.running_var,128,1,0.2832838296890259,0.9417119026184082,0.08272373334542711,0.9972759068931424,9.5367431640625e-07,8.096685633063316e-08,4.643088402644935e-08
17,network.5.running_mean,64,1,0.0016446530353277922,0.005652636289596558,0.09472628746567545,0.996748198319405,1.862645149230957e-09,2.15550244320184e-10,2.4048523172837122e-08
17,network.5.running_var,64,1,0.003601795993745327,0.014556832611560822,0.10734189986771742,0.9963427377779585,7.450580596923828e-09,8.840288501232862e-10,4.031745604038406e-08
17,network.9.running_mean,32,1,0.0008362556109204888,0.0035584205761551857,0.09758360137914293,0.9966368508340556,1.862645149230957e-09,1.482476363889873e-10,3.6065223696368776e-08
17,network.9.running_var,32,1,0.0016656159423291683,0.005532201379537582,0.08389835320309373,0.9972212936222291,3.725290298461914e-09,4.874891601502895e-10,4.1346996937363656e-08
18,network.0.weight,1664,7,7.499340426875278e-05,0.0001600002869963646,0.11278021459872019,0.9962447581207536,1.1641532182693481e-10,9.015539183254706e-12,3.473963516853473e-08
18,network.0.bias,128,1,4.748324897718703e-07,9.777548257261515e-06,0.11349689753915178,0.9962364762698894,3.637978807091713e-12,8.250762269582101e-14,2.6638955930025077e-08
18,network.1.weight,128,1,8.090832125162706e-05,0.00016000744653865695,0.11364859326103856,0.9962586514823228,6.157821214741732e-12,2.967268358106123e-13,1.1785511455641995e-09
18,network.1.bias,128,1,7.874982838984579e-05,0.00016000011237338185,0.11186443763088522,0.9963490863766863,1.1641532182693481e-10,1.0305228892448781e-11,3.587218344591747e-08
18,network.4.weight,8192,32,7.38692469894886e-05,0.0001600002869963646,0.10946162642608534,0.9963662866759119,1.1641532182693481e-10,1.2098900874224494e-11,3.930519554273815e-08
18,network.4.bias,64,1,1.8593244021758437e-05,8.753061410970986e-05,0.12035812694709801,0.9962198709558662,5.820766091346741e-11,3.1231232877626525e-12,4.368496320239501e-08
18,network.5.weight,64,1,9.000226418720558e-05,0.00016000744653865695,0.11952846292157052,0.9963173293483962,5.861912951571346e-12,9.69917166872801e-14,7.457470752036954e-10
18,network.5.bias,64,1,8.49998468765989e-05,0.00015999999595806003,0.11508877032659158,0.9965051181697546,1.1641532182693481e-10,1.1021121515408794e-11,3.622148270210346e-08
18,network.8.weight,2048,8,7.669993647141382e-05,0.0001600002869963646,0.10868303110584668,0.9965403196798838,1.1641532182693481e-10,1.563738721843677e-11,4.314029311558443e-08
18,network.8.bias,32,1,1.585061545483768e-05,5.99974300712347e-05,0.10656320155396691,0.996359522545514,2.9103830456733704e-11,3.5773675688410833e-12,4.120054342138246e-08
18,network.9.weight,32,1,4.862778587266803e-05,0.00016000273171812296,0.08545130045373205,0.9972833911605218,1.1641532182693481e-10,3.637978807091713e-12,2.058227011048075e-08
18,network.9.bias,32,1,5.450229946291074e-05,0.00015999999595806003,0.08990237814350528,0.9971529243500616,1.1641532182693481e-10,1.0913936421275139e-11,3.564808892519977e-08
18,network.12.weight,32,1,4.2750092688947916e-05,0.0001600002869963646,0.07875284296541142,0.9976215626603289,1.1641532182693481e-10,1.4551915228366852e-11,4.115915075431076e-08
18,network.12.bias,1,1,0.0,0.0,0.0,0.9999999843319244,0.0,0.0,0.0
18,network.1.running_mean,128,1,0.3785417079925537,1.075545310974121,0.11417319159996914,0.9962337652080352,4.76837158203125e-07,1.3903991202823818e-07,5.741864228525628e-08
18,network.1.running_var,128,1,61.62774658203125,180.89187622070312,0.08370406929588757,0.9972288221679271,0.000244140625,2.2055814042687416e-05,5.750663945036649e-08
18,network.5.running_mean,64,1,0.002173215849325061,0.00902632623910904,0.11343387015020899,0.9962423574973317,3.725290298461914e-09,4.6202330850064754e-10,4.199861791676085e-08
18,network.5.running_var,64,1,0.006236650049686432,0.03389441967010498,0.10452129596935969,0.99641316027843,1.4901161193847656e-08,9.786162991076708e-10,2.688848432796931e-08
18,network.9.running_mean,32,1,0.0014541038544848561,0.005429482087492943,0.12143786547080923,0.9962317705106397,3.725290298461914e-09,4.029061528854072e-10,5.983026341027653e-08
18,network.9.running_var,32,1,0.0036285235546529293,0.009890038520097733,0.1105019341508853,0.9962827554556997,7.450580596923828e-09,5.529727786779404e-10,3.831809891607918e-08
19,network.0.weight,1664,7,6.745028804289177e-05,0.00015999999595806003,0.11297779340079316,0.9962424616269344,1.1641532182693481e-10,6.943239819895419e-12,3.224780087407453e-08
19,network.0.bias,128,1,9.054781457962235e-07,1.4019309674040414e-05,0.11180442435693778,0.9962579103671512,1.4551915228366852e-11,2.0487681917733674e-13,5.272359260288795e-08
19,network.1.weight,128,1,7.625222497154027e-05,0.00016000744653865695,0.11205439703520907,0.9962541851237168,6.215697227751615e-12,6.219096418402792e-13,1.919668868310964e-09
19,network.1.bias,128,1,6.625024252571166e-05,0.00015999999595806003,0.10298431832122838,0.9964562753304714,1.1641532182693481e-10,1.5396328309491558e-11,4.5515481161828575e-08
19,network.4.weight,8192,32,7.109317084541544e-05,0.0001600002869963646,0.11165973790858279,0.9962594358255836,1.1641532182693481e-10,8.930099715254158e-12,3.5595181913095075e-08
19,network.4.bias,64,1,1.5155954315559939e-05,5.0108879804611206e-05,0.09661627241033881,0.9966724075443413,5.820766091346741e-11,2.304298678951211e-12,3.8585827866199907e-08
19,network.5.weight,64,1,7.318949792534113e-05,0.00016000744653865695,0.10830541768338392,0.9963624436317328,6.155814573360896e-12,3.9632568602822327e-13,1.5111855100613525e-09
19,network.5.bias,64,1,8.387494017370045e-05,0.00015999999595806003,0.11631356183517598,0.9963172145008938,1.1641532182693481e-10,1.5028152333673717e-11,4.327552005634061e-08
19,network.8.weight,2048,8,7.772802200634032e-05,0.0001600002869963646,0.11231191309362397,0.9963132424654502,1.1641532182693481e-10,1.2168267261858379e-11,3.916775526136007e-08
19,network.8.bias,32,1,1.7356571333948523e-05,7.149903103709221e-05,0.12291796647687635,0.9962460596535648,1.4551915228366852e-11,9.223381607081915e-13,1.1558451973314732e-08
19,network.9.weight,32,1,8.861071546562016e-05,0.00016000273171812296,0.1171784412913385,0.9965078980139248,1.1641532182693481e-10,7.364730353343063e-12,2.9580215610280902e-08
19,network.9.bias,32,1,9.86074228421785e-05,0.0001599985407665372,0.12402756383963816,0.9966045649369626,1.1641532182693481e-10,1.8300439288965187e-11,4.6769343953201314e-08
19,network.12.weight,32,1,7.637495582457632e-05,0.0001600002869963646,0.10924502000895234,0.9965497634346102,1.1641532182693481e-10,1.4679445159426763e-11,4.182416191156335e-08
19,network.12.bias,1,1,0.0,0.0,0.0,0.9999999843319244,0.0,0.0,0.0
19,network.1.running_mean,128,1,0.1832304298877716,0.5094640254974365,0.11715587431509358,0.9962219047698355,2.384185791015625e-07,4.0403392631560564e-08,4.528850539031737e-08
19,network.1.running_var,128,1,11.142189025878906,31.333038330078125,0.07823860703980413,0.9974917279597743,3.0517578125e-05,4.650093615055084e-06,5.605103226002939e-08
19,network.5.running_mean,64,1,0.0017433608882129192,0.005960812792181969,0.10190357613047842,0.996494175870107,3.725290298461914e-09,6.657501216977835e-10,5.978420603014456e-08
19,network.5.running_var,64,1,0.005942110903561115,0.03122788667678833,0.12474468005551183,0.9962799130235779,7.450580596923828e-09,8.913048077374697e-10,3.0523612082333784e-08
19,network.9.running_mean,32,1,0.0010202405974268913,0.0032307133078575134,0.11799047647508683,0.9962248779297573,1.862645149230957e-09,2.2919266484677792e-10,4.6561094535491065e-08
19,network.9.running_var,32,1,0.0022707770112901926,0.011738009750843048,0.10001599607098123,0.9965508317529068,3.725290298461914e-09,4.3519321479834616e-10,2.9148203850581922e-08
20,network.0.weight,1664,7,7.172593177529052e-05,0.0001600002869963646,0.11348555985361228,0.9962368250257286,1.1641532182693481e-10,5.945640247501105e-12,2.8815168917617484e-08
20,network.0.bias,128,1,7.571500646008644e-06,4.474729212233797e-05,0.11032610190848662,0.9962811102419172,2.9103830456733704e-11,1.760947073922714e-12,5.384267609542803e-08
20,network.1.weight,128,1,7.875263690948486e-05,0.00016000744653865695,0.11274231573937757,0.9962928387870423,6.21775200770891e-12,3.7136149732587553e-13,1.3618618455168985e-09
20,network.1.bias,128,1,7.999983063200489e-05,0.00015999982133507729,0.11301452026810138,0.9962898705704611,1.1641532182693481e-10,9.564779523962841e-12,3.4523441883038686e-08
20,network.4.weight,8192,32,7.324949547182769e-05,0.0001600002869963646,0.10892533441158121,0.9963392465440745,1.1641532182693481e-10,1.1870384016010593e-11,3.890260913408383e-08
20,network.4.bias,64,1,7.526326044171583e-06,4.130051820538938e-05,0.10351830080825197,0.9964407096279152,1.4551915228366852e-11,1.4691913050729477e-12,3.4664253689697944e-08
20,network.5.weight,64,1,7.13758054189384e-05,0.00016000744653865695,0.10446123390429524,0.9966334589989996,3.781736208907649e-12,5.908962826418201e-14,4.764596495121509e-10
20,network.5.bias,64,1,7.162442489061505e-05,0.00015999976312741637,0.10465487085671428,0.9966292500112413,1.1641532182693481e-10,1.8210051522249415e-11,4.638195250095123e-08
20,network.8.weight,2048,8,7.749271026114002e-05,0.0001600002869963646,0.10965429334672203,0.9965395014601889,1.1641532182693481e-10,1.3957574679368534e-11,4.0881960927663386e-08
20,network.8.bias,32,1,9.217425940732937e-06,5.6047720136120915e-05,0.11531436518670299,0.9962209615715645,2.9103830456733704e-11,1.9317522841760804e-12,4.664413921773303e-08
20,network.9.weight,32,1,7.724714669166133e-05,0.00016000273171812296,0.10962549101655945,0.9964587637785542,1.1641532182693481e-10,1.1117518364245349e-11,3.6242841616740407e-08
20,network.9.bias,32,1,5.862334364792332e-05,0.00015999999595806003,0.09367712368656378,0.9969604849180205,1.1641532182693481e-10,1.464198554068652e-11,4.182905399829906e-08
20,network.12.weight,32,1,8.362450171262026e-05,0.00015999970491975546,0.11359906016776339,0.9965092485170423,1.1641532182693481e-10,1.1052855679316576e-11,3.622416500093095e-08
20,network.12.bias,1,1,0.0,0.0,0.0,0.9999999843319244,0.0,0.0,0.0
20,network.1.running_mean,128,1,0.015937307849526405,0.045956745743751526,0.11497433566503205,0.9962260706024453,2.9802322387695312e-08,4.229605110595003e-09,4.7229793409542253e-08
20,network.1.running_var,128,1,0.24950344860553741,1.0121662616729736,0.07256007167082983,0.9977729176246405,9.5367431640625e-07,1.0349322110414505e-07,5.3328943039332444e-08
20,network.5.running_mean,64,1,0.001778368721716106,0.005994100123643875,0.09856132447968453,0.9966032916957345,3.725290298461914e-09,4.747562343254685e-10,4.7763183630422645e-08
20,network.5.running_var,64,1,0.003352621104568243,0.010364575311541557,0.10032435735209998,0.9965434937207956,7.450580596923828e-09,7.685230229981244e-10,3.867322817541208e-08
20,network.9.running_mean,32,1,0.0012761037796735764,0.0037163440138101578,0.11112879459124214,0.996268662252575,9.313225746154785e-10,1.496118784416467e-10,2.2468176652523653e-08
20,network.9.running_var,32,1,0.003637508023530245,0.010983169078826904,0.11275614543760003,0.9962547043410773,7.450580596923828e-09,1.2223608791828156e-09,6.245524275527714e-08
21,network.0.weight,1664,7,7.236745295813307e-05,0.0001600002869963646,0.11247252090083432,0.9962486648956925,1.1641532182693481e-10,7.777081062476654e-12,3.34932117596054e-08
21,network.0.bias,128,1,1.7317125866611605e-07,1.0061263537863852e-06,0.11234740971707911,0.9962503978014361,4.547473508864641e-13,3.570374993377111e-14,3.750777111122261e-08
21,network.1.weight,128,1,7.999881927389652e-05,0.00016000744653865695,0.11415877110250601,0.9962300117083777,5.887655814273973e-12,4.4526437658481965e-13,1.4676728721241261e-09
21,network.1.bias,128,1,7.500006904592738e-05,0.00015999970491975546,0.11000883155636612,0.99628684854501,1.1641532182693481e-10,1.0588453724924562e-11,3.68710004750028e-08
21,network.4.weight,8192,32,7.05186030245386e-05,0.0001600002869963646,0.11031469063399377,0.9962812277398795,1.1641532182693481e-10,9.907382206297832e-12,3.724202812804833e-08
21,network.4.bias,64,1,2.812923867168138e-06,1.0394752280262765e-05,0.09328322385236487,0.996803594028514,7.275957614183426e-12,6.677236888408267e-13,3.8833526616599556e-08
21,network.5.weight,64,1,6.63834362057969e-05,0.00016000744653865695,0.10109837536124673,0.9965865013636651,5.891278350572682e-12,4.686299091838375e-13,1.6329245733359699e-09
21,network.5.bias,64,1,8.499767864122987e-05,0.00015999970491975546,0.11621981465418799,0.9963170582113914,1.1641532182693481e-10,1.1396520879780603e-11,3.748537480419145e-08
21,network.8.weight,2048,8,7.646040467079729e-05,0.0001600002869963646,0.11087314954449445,0.9963375498062086,1.1641532182693481e-10,1.2659343191778749e-11,4.013702081806514e-08
21,network.8.bias,32,1,3.2232137527898885e-06,1.3743638191954233e-05,0.10178775476062021,0.9964930540538015,1.4551915228366852e-11,1.0241693560938958e-12,6.38827870602654e-08
21,network.9.weight,32,1,7.863318751333281e-05,0.00015999795868992805,0.11096781956578367,0.9965270099189217,1.1641532182693481e-10,3.762952623109772e-12,2.0931491206965802e-08
21,network.9.bias,32,1,8.587461343267933e-05,0.00015999999595806003,0.11523448774052357,0.9965041931020341,1.1641532182693481e-10,2.1958556500889514e-11,5.123458635125644e-08
21,network.12.weight,32,1,7.36260408302769e-05,0.00015999970491975546,0.10608319668202883,0.9966029150446886,1.1641532182693481e-10,1.1045511727481028e-11,3.622440658546111e-08
21,network.12.bias,1,1,0.0,0.0,0.0,0.9999999843319244,0.0,0.0,0.0
21,network.1.running_mean,128,1,0.05355657637119293,0.16219687461853027,0.11688739560894147,0.9962185170398896,1.1920928955078125e-07,1.4162651496008039e-08,5.0927930317357095e-08
21,network.1.running_var,128,1,0.8194841146469116,3.957874298095703,0.07190499618113134,0.9978045605374491,3.814697265625e-06,3.490349627099931e-07,5.289905047334287e-08
21,network.5.running_mean,64,1,0.0021453802473843098,0.006195403635501862,0.11790984914898849,0.9962158075449499,3.725290298461914e-09,3.510649548843503e-10,3.6693847960123094e-08
21,network.5.running_var,64,1,0.003857576521113515,0.01291782408952713,0.11448172048000999,0.9962288565714195,7.450580596923828e-09,7.130438461899757e-10,3.6166696304462675e-08
21,network.9.running_mean,32,1,0.0015191258862614632,0.004187615588307381,0.1280256742692073,0.9963611667369321,1.862645149230957e-09,2.2646418074145913e-10,3.2886028122902644e-08
21,network.9.running_var,32,1,0.0035594594664871693,0.007983489893376827,0.09610156902841524,0.9966923050227694,7.450580596923828e-09,1.2878444977104664e-09,6.017501164023997e-08
22,network.0.weight,1664,7,7.230333721963689e-05,0.0001600002869963646,0.11323570250873764,0.9962395011893461,1.1641532182693481e-10,6.065222542955828e-12,2.945176547086703e-08
22,network.0.bias,128,1,2.025396952376468e-06,2.8448092052713037e-05,0.0921838913485572,0.9968489663629089,7.275957614183426e-12,2.426795201425358e-13,1.9062389000623625e-08
22,network.1.weight,128,1,8.500240073772147e-05,0.00016000744653865695,0.11886271195716329,0.9962131679725474,6.173916846513583e-12,4.5029499334998946e-13,1.517399539352482e-09
22,network.1.bias,128,1,7.874991570133716e-05,0.00015999999595806003,0.11366946001455472,0.9962347551909522,1.1641532182693481e-10,1.0593202530440049e-11,3.755797450821774e-08
22,network.4.weight,8192,32,7.124818512238562e-05,0.0001600002869963646,0.10880113150761404,0.9963094866007496,1.1641532182693481e-10,1.0903482977608903e-11,3.84502527595032e-08
22,network.4.bias,64,1,2.108328408212401e-05,8.489628089591861e-05,0.12092279087881629,0.9962239694367763,5.820766091346741e-11,4.808005989870301e-12,4.643720785679761e-08
22,network.5.weight,64,1,7.50017206883058e-05,0.00016000744653865695,0.10791168079879547,0.9964877378139727,1.1641532182693481e-10,1.9864561384697055e-12,1.4816222915214894e-08
22,network.5.bias,64,1,7.499974162783474e-05,0.00016000011237338185,0.10714600314195227,0.9965830552788277,1.1641532182693481e-10,2.2052446674303283e-11,5.1232408537771335e-08
22,network.8.weight,2048,8,8.017936488613486e-05,0.0001600002869963646,0.11212692065751531,0.9964721634855748,1.1641532182693481e-10,1.2818730452113236e-11,3.951085147946287e-08
22,network.8.bias,32,1,6.5338781496393494e-06,4.787428770214319e-05,0.11372206994984978,0.9962341622721272,1.4551915228366852e-11,8.621986046127017e-13,2.497407258772455e-08
22,network.9.weight,32,1,6.636531907133758e-05,0.00016000273171812296,0.10027910432263742,0.9967435592035447,1.1641532182693481e-10,3.73377544160558e-12,2.0924439070313383e-08
22,network.9.bias,32,1,5.911850166739896e-05,0.00015999999595806003,0.0941177350347793,0.9969436656456042,1.1641532182693481e-10,1.1118201845294884e-11,3.624896294240898e-08
22,network.12.weight,32,1,9.637426410336047e-05,0.00015999970491975546,0.12385440541279251,0.9963723767757893,1.1641532182693481e-10,1.4734420281103944e-11,4.183118562650634e-08
22,network.12.bias,1,1,0.0,0.0,0.0,0.9999999843319244,0.0,0.0,0.0
22,network.1.running_mean,128,1,0.08306170254945755,0.24083638191223145,0.10846750180426691,0.9963236812160866,1.1920928955078125e-07,1.949956640601158e-08,4.402495434874254e-08
22,network.1.running_var,128,1,2.9288971424102783,8.414505004882812,0.08396407588893573,0.9972165382938424,7.62939453125e-06,9.879004210233688e-07,5.364592681189606e-08
22,network.5.running_mean,64,1,0.001994452904909849,0.007452785968780518,0.10837158490956032,0.9963237808520038,3.725290298461914e-09,3.0377123039215803e-10,3.669501325020974e-08
22,network.5.running_var,64,1,0.005314367823302746,0.01867714524269104,0.11268973257950511,0.9962509224204568,1.4901161193847656e-08,8.74933903105557e-10,3.659428315927471e-08
22,network.9.running_mean,32,1,0.0013984140241518617,0.004436016082763672,0.1074948929486003,0.9963407563161881,3.725290298461914e-09,3.7471181713044643e-10,5.136297787089461e-08
22,network.9.running_var,32,1,0.0024821916595101357,0.007148668169975281,0.10081324996016469,0.9965321632597973,7.450580596923828e-09,1.1059455573558807e-09,6.251399042866979e-08
23,network.0.weight,1664,7,7.604657730553299e-05,0.0001600002869963646,0.11469507368738457,0.9962253438172685,1.1641532182693481e-10,7.65993952295263e-12,3.2778988412474064e-08
23,network.0.bias,128,1,5.977973160042893e-06,6.533264968311414e-05,0.11535979670677562,0.9962205389104941,5.820766091346741e-11,9.945151256338103e-13,5.12054327828082e-08
23,network.1.weight,128,1,7.625206490047276e-05,0.00016000744653865695,0.11161163403018068,0.9962605469667388,5.8641464080466665e-12,2.849357306090178e-13,1.2321588194197375e-09
23,network.1.bias,128,1,7.874974107835442e-05,0.00015999982133507729,0.11313705607655519,0.9962406510673372,1.1641532182693481e-10,1.4177627821743144e-11,4.264254727104344e-08
23,network.4.weight,8192,32,7.253584772115573e-05,0.0001600002869963646,0.11199788327476447,0.9962551361638716,1.1641532182693481e-10,9.507425229038358e-12,3.612800369978686e-08
23,network.4.bias,64,1,6.840171408839524e-06,3.5017699701711535e-05,0.09494014985332488,0.9967369576894352,2.9103830456733704e-11,1.262362827117447e-12,4.1005385753578594e-08
23,network.5.weight,64,1,8.31930956337601e-05,0.00016000744653865695,0.11522147471013694,0.9962706094519231,6.158428367958324e-12,3.9603243644562025e-13,1.5052075141852583e-09
23,network.5.bias,64,1,8.862462709657848e-05,0.00015999999595806003,0.11894016848549788,0.9963209647434013,1.1641532182693481e-10,6.11302675146419e-12,2.6577318124054727e-08
23,network.8.weight,2048,8,7.711897342232987e-05,0.0001600002869963646,0.11223807168759502,0.9963159004117293,1.1641532182693481e-10,1.1862094639880638e-11,3.9367694881775606e-08
23,network.8.bias,32,1,1.0425463187857531e-05,4.624939174391329e-05,0.1183951961615716,0.9962123695174661,5.820766091346741e-11,2.3542580645380395e-12,7.23156716730955e-08
23,network.9.weight,32,1,7.775272388244048e-05,0.00016000744653865695,0.11181875669563147,0.9964371137621639,1.1641532182693481e-10,3.6822146894099905e-12,2.1257543281194557e-08
23,network.9.bias,32,1,6.275330088101327e-05,0.00015999999595806003,0.09755463624457672,0.9967668296357812,1.1641532182693481e-10,3.9757181921618034e-12,2.1325224253132546e-08
23,network.12.weight,32,1,5.000004603061825e-05,0.00015999970491975546,0.09237599834453047,0.9968410417917533,1.1641532182693481e-10,1.4551915228366852e-11,4.250897589486158e-08
23,network.12.bias,1,1,0.0,0.0,0.0,0.9999999843319244,0.0,0.0,0.0
23,network.1.running_mean,128,1,0.01409563235938549,0.0413212776184082,0.11079318060265464,0.9962790202592682,2.9802322387695312e-08,2.724846126511693e-09,3.952883176339128e-08
23,network.1.running_var,128,1,0.2718486189842224,1.0488929748535156,0.07679616495426529,0.9975628823048246,9.5367431640625e-07,6.933987606316805e-08,3.5740455928134907e-08
23,network.5.running_mean,64,1,0.0017717620357871056,0.009549237787723541,0.10563170436423781,0.9963884087915308,3.725290298461914e-09,4.440607881406322e-10,3.947718951735624e-08
23,network.5.running_var,64,1,0.0033536050468683243,0.0131356967613101,0.11052743759542917,0.9962821559100853,3.725290298461914e-09,4.501998773775995e-10,2.503010776422343e-08
23,network.9.running_mean,32,1,0.0012969053350389004,0.005123209208250046,0.10715178714996863,0.9963464944487088,1.862645149230957e-09,2.1464074961841106e-10,3.3753991601770394e-08
23,network.9.running_var,32,1,0.0038489983417093754,0.010943539440631866,0.10842550014259744,0.9963278207097074,3.725290298461914e-09,7.421476766467094e-10,3.1655293497578896e-08
24,network.0.weight,1664,7,7.53835411160253e-05,0.0001600002869963646,0.11256968887117601,0.9962475880146915,1.1641532182693481e-10,6.670756828863755e-12,2.9551516789183552e-08
24,network.0.bias,128,1,4.67181143903872e-06,2.2146690753288567e-05,0.11724990869038188,0.9962126387031712,1.4551915228366852e-11,1.219259610808765e-12,5.3170332137142395e-08
24,network.1.weight,128,1,5.840831727255136e-05,0.00016000744653865695,0.09491552658984678,0.9967531502971905,5.8618856296766e-12,3.044514239238655e-13,1.2518550640550075e-09
24,network.1.bias,128,1,7.612472109030932e-05,0.00015999999595806003,0.10970901844055932,0.9964224268664573,1.1641532182693481e-10,1.138957157753584e-11,3.717440932859972e-08
24,network.4.weight,8192,32,7.880754128564149e-05,0.0001600002869963646,0.11171255437105186,0.996380974621798,1.1641532182693481e-10,1.126334355644465e-11,3.716087704219717e-08
24,network.4.bias,64,1,7.280839326995192e-06,3.257871139794588e-05,0.1173504563840705,0.996212575649876,1.4551915228366852e-11,9.782310595243815e-13,3.15568868813898e-08
24,network.5.weight,64,1,7.000236655585468e-05,0.00016000744653865695,0.10431265145630887,0.9965601971006695,0.0,0.0,0.0
24,network.5.bias,64,1,8.637461723992601e-05,0.00015999999595806003,0.1148133736672271,0.9965902575487559,1.1641532182693481e-10,3.637978807091713e-12,2.057984360703813e-08
24,network.8.weight,2048,8,7.663237920496613e-05,0.0001600002869963646,0.10941110349304702,0.9965420969510855,1.1641532182693481e-10,1.4075656439016537e-11,4.1392318905764114e-08
24,network.8.bias,32,1,4.2682136154326145e-06,2.0587442122632638e-05,0.1134507045588297,0.9962370858203335,1.4551915228366852e-11,6.854226929954577e-13,4.0384136923421465e-08
24,network.9.weight,32,1,7.775433914503083e-05,0.00015999790048226714,0.10990382588931774,0.9964598243506594,1.1641532182693481e-10,3.799173215607299e-12,2.1280595063899455e-08
24,network.9.bias,32,1,7.775493577355519e-05,0.00015999970491975546,0.10990969900063759,0.9964599730069097,1.1641532182693481e-10,1.8444272151252328e-11,4.7553928794741296e-08
24,network.12.weight,32,1,8.137473196256906e-05,0.00016000005416572094,0.11342222367509786,0.9963295369654274,1.1641532182693481e-10,1.1069751018610852e-11,3.6825028359999123e-08
24,network.12.bias,1,1,0.0,0.0,0.0,0.9999999843319244,0.0,0.0,0.0
24,network.1.running_mean,128,1,0.015086871571838856,0.046797722578048706,0.1111084649985126,0.9962720572308876,2.9802322387695312e-08,3.994500730186701e-09,5.047391837820214e-08
24,network.1.running_var,128,1,0.23782485723495483,0.7663021087646484,0.06622167174169419,0.9980854204455553,9.5367431640625e-07,1.0803341865539551e-07,5.641462763605887e-08
24,network.5.running_mean,64,1,0.0017960763070732355,0.007432587444782257,0.09983010655672683,0.996562689437856,3.725290298461914e-09,6.061782187316567e-10,4.961922783763839e-08
24,network.5.running_var,64,1,0.0038095121271908283,0.013488523662090302,0.10851992034807205,0.9963178825095339,3.725290298461914e-09,6.83940015733242e-10,3.152008076767743e-08
24,network.9.running_mean,32,1,0.001091701677069068,0.004076989367604256,0.11437462629868124,0.996228702741868,1.862645149230957e-09,3.1013769330456853e-10,4.411107923374402e-08
24,network.9.running_var,32,1,0.0018128270749002695,0.008659612387418747,0.08385262335893208,0.9972229019677784,7.450580596923828e-09,7.712515071034431e-10,5.8571529848450155e-08
25,network.0.weight,1664,7,7.439972250722349e-05,0.0001600002869963646,0.11374550313285907,0.9962340928347285,1.1641532182693481e-10,7.032797521427936e-12,3.072121401714867e-08
25,network.0.bias,128,1,4.021223503514193e-06,3.720700624398887e-05,0.10761065155718484,0.9963351862409663,1.4551915228366852e-11,6.625358898657008e-13,2.9905709908462086e-08
25,network.1.weight,128,1,8.500248077325523e-05,0.00016000744653865695,0.11861050898739262,0.9962126445041843,5.8617607295863294e-12,4.146768648946586e-13,1.4919366853050064e-09
25,network.1.bias,128,1,7.250037742778659e-05,0.00015999999595806003,0.10951202092414195,0.9962959143708914,1.1641532182693481e-10,7.735234328065665e-12,3.129817471858587e-08
25,network.4.weight,8192,32,7.333759276662022e-05,0.0001600002869963646,0.1104136347403162,0.9962795296129117,1.1641532182693481e-10,1.0910821725274022e-11,3.808711213082461e-08
25,network.4.bias,64,1,8.73388307809364e-06,4.2137202399317175e-05,0.10944842843264317,0.9962971279410239,2.9103830456733704e-11,2.0934655918514178e-12,4.705598044552062e-08
25,network.5.weight,64,1,7.319084397749975e-05,0.00016000744653865695,0.10757911092402704,0.9963753925645312,5.889018439564353e-12,1.506791788780451e-13,8.724344024990671e-10
25,network.5.bias,64,1,7.862491474952549e-05,0.00015999999595806003,0.1106098279641811,0.9964484015916073,1.1641532182693481e-10,1.486761755375987e-11,4.218723148596837e-08
25,network.8.weight,2048,8,7.615874346811324e-05,0.0001600002869963646,0.10869365249469132,0.9964970175091749,1.1641532182693481e-10,1.474948288504585e-11,4.196479252982499e-08
25,network.8.bias,32,1,1.2345741197350435e-05,4.9040623707696795e-05,0.1225789281256623,0.9962415037069564,2.9103830456733704e-11,2.3559086539254315e-12,4.4641478069706864e-08
25,network.9.weight,32,1,7.861603808123618e-05,0.00016000273171812296,0.11000485331783345,0.9965312611960472,0.0,0.0,0.0
25,network.9.bias,32,1,6.999854667810723e-05,0.00015999999595806003,0.10277527345156626,0.9967423567398424,1.1641532182693481e-10,1.0913936421275139e-11,3.564841577485822e-08
25,network.12.weight,32,1,8.274945139419287e-05,0.0001600002869963646,0.11225878946589425,0.9965976142102981,1.1641532182693481e-10,1.8189894035458565e-11,4.601760750233552e-08
25,network.12.bias,1,1,0.0,0.0,0.0,0.9999999843319244,0.0,0.0,0.0
25,network.1.running_mean,128,1,0.00859158020466566,0.02619566023349762,0.11707963736699759,0.9962205162530312,1.4901161193847656e-08,2.3001121007837355e-09,5.5019494737962304e-08
25,network.1.running_var,128,1,0.24270391464233398,0.8405418395996094,0.07827157282566624,0.9974909416080842,9.5367431640625e-07,8.253846317529678e-08,5.2743210687822284e-08
25,network.5.running_mean,64,1,0.002155222464352846,0.006504479795694351,0.11288606256494378,0.9962547784342524,3.725290298461914e-09,3.838067641481757e-10,3.7030488897471514e-08
25,network.5.running_var,64,1,0.0028806268237531185,0.010821867734193802,0.11168642567514088,0.9962630837853483,3.725290298461914e-09,5.063611752120778e-10,3.4586651764811904e-08
25,network.9.running_mean,32,1,0.0011320740450173616,0.004329962655901909,0.10654429320244893,0.9963612722143474,1.862645149230957e-09,2.6290081223123707e-10,4.495807104376581e-08
25,network.9.running_var,32,1,0.0025409390218555927,0.007225408218801022,0.09698936404815053,0.996664239215311,3.725290298461914e-09,6.612026481889188e-10,4.204246195627093e-08
26,network.0.weight,1664,7,7.584361446788535e-05,0.00016000005416572094,0.11425893492200588,0.9962291847569003,1.1641532182693481e-10,8.842544751974657e-12,3.420773708739944e-08
26,network.0.bias,128,1,5.241133180788893e-07,6.815791039116448e-06,0.1101626873558737,0.9962840835702835,7.275957614183426e-12,1.128358948702772e-13,6.991215428797659e-08
26,network.1.weight,128,1,7.001844642218202e-05,0.00016000744653865695,0.10448923846353222,0.9964519860765098,5.966901452103546e-12,2.61809264589033e-13,1.0328267130432778e-09
26,network.1.bias,128,1,8.499941031914204e-05,0.00015999970491975546,0.117138288590686,0.9962652892351219,1.1641532182693481e-10,1.0597672045475903e-11,3.622422539706349e-08
26,network.4.weight,8192,32,7.289472705451772e-05,0.0001600002869963646,0.11009540705348736,0.9963160196945812,1.1641532182693481e-10,1.0901692742981695e-11,3.8034869476177846e-08
26,network.4.bias,64,1,8.886147043085657e-06,4.0483475459041074e-05,0.11487247691187227,0.9962240662719047,2.9103830456733704e-11,1.5503705090569309e-12,4.5572821960604415e-08
26,network.5.weight,64,1,8.681527833687142e-05,0.00016000744653865695,0.11758195280440922,0.9963642488463267,5.847369029948757e-12,2.30770209799086e-13,1.0905176761610846e-09
26,network.5.bias,64,1,8.274974243249744e-05,0.00015999999595806003,0.1137061622685531,0.9964217330371536,1.1641532182693481e-10,1.1208819462871222e-11,3.684158755845601e-08
26,network.8.weight,2048,8,7.932247535791248e-05,0.0001600002869963646,0.11179777597191745,0.9964042387036358,1.1641532182693481e-10,1.3608551785448952e-11,4.04730009506693e-08
26,network.8.bias,32,1,2.231662620033603e-06,1.264840284420643e-05,0.10662945667397604,0.9963579782523158,1.4551915228366852e-11,7.823592576734761e-13,6.568058807943089e-08
26,network.9.weight,32,1,6.860389839857817e-05,0.00015999790048226714,0.10247663402878526,0.9966773037739697,0.0,0.0,0.0
26,network.9.bias,32,1,5.999852146487683e-05,0.00015999999595806003,0.09468139020745248,0.9969784623839085,1.1641532182693481e-10,1.0913936421275139e-11,3.565372352909435e-08
26,network.12.weight,32,1,7.275045209098607e-05,0.00015999970491975546,0.10489176395318657,0.9966960469753676,1.1641532182693481e-10,3.637978807091713e-12,2.058001236093787e-08
26,network.12.bias,1,1,0.0,0.0,0.0,0.9999999843319244,0.0,0.0,0.0
26,network.1.running_mean,128,1,0.06832697242498398,0.1990540623664856,0.10969772417562815,0.996297962747893,1.1920928955078125e-07,2.144042809959501e-08,5.438670314106275e-08
26,network.1.running_var,128,1,1.576364517211914,5.120891571044922,0.0819671644486291,0.9973113565288736,3.814697265625e-06,3.841123543679714e-07,4.143504739317905e-08
26,network.5.running_mean,64,1,0.0017256038263440132,0.005102816969156265,0.10591387941779884,0.9963772773438018,3.725290298461914e-09,3.547597771103028e-10,4.211791093666761e-08
26,network.5.running_var,64,1,0.005436100997030735,0.02778582274913788,0.11451756371584126,0.9962278416244309,7.450580596923828e-09,7.4078343459405e-10,2.642234520067177e-08
26,network.9.running_mean,32,1,0.0010979275684803724,0.0042344992980360985,0.09843028852802439,0.996607108006078,1.862645149230957e-09,2.9831426218152046e-10,4.025913824534655e-08
26,network.9.running_var,32,1,0.0030565718188881874,0.010559096932411194,0.11315638154054253,0.9962466671331988,3.725290298461914e-09,8.440110832452774e-10,4.167080902561793e-08
27,network.0.weight,1664,7,7.288174674613401e-05,0.0001600002869963646,0.11474310907660464,0.9962249875589777,1.1641532182693481e-10,5.426700321747857e-12,2.756467054609857e-08
27,network.0.bias,128,1,1.330130544374697e-06,9.445548130315728e-06,0.10931163320502445,0.9962997006770857,3.637978807091713e-12,2.419499605006703e-13,3.133101245111902e-08
27,network.1.weight,128,1,7.000230107223615e-05,0.00016000744653865695,0.10636882333384431,0.9963643128713411,5.853871640898456e-12,3.2140826458637584e-13,1.2819627581706072e-09
27,network.1.bias,128,1,7.874985749367625e-05,0.00015999999595806003,0.1136410347413327,0.9962350999449692,1.1641532182693481e-10,1.2329410062350554e-11,3.9708751842226775e-08
27,network.4.weight,8192,32,7.322237070184201e-05,0.0001600002869963646,0.11161160208132263,0.9962603197266254,1.1641532182693481e-10,1.067250888359128e-11,3.796697356506229e-08
27,network.4.bias,64,1,1.6374533515772782e-05,5.4113865189719945e-05,0.11277244890271579,0.9962448569618939,2.9103830456733704e-11,2.441235148059606e-12,3.117196456514648e-08
27,network.5.weight,64,1,8.362699009012431e-05,0.00016000744653865695,0.11565220284093217,0.9963172081159947,4.8210506767287775e-12,2.309182033956303e-13,9.746680129651963e-10
27,network.5.bias,64,1,7.068746344884858e-05,0.00015999999595806003,0.10451895314595888,0.9965280292533721,1.1641532182693481e-10,1.3140162569147407e-11,4.013988075257657e-08
27,network.8.weight,2048,8,7.826047658454627e-05,0.0001600002869963646,0.11183235423845636,0.9963637010556101,1.1641532182693481e-10,1.3385860128667382e-11,4.10325000643752e-08
27,network.8.bias,32,1,1.9412433175602928e-05,7.224321598187089e-05,0.11055170771549083,0.9962773087214813,2.9103830456733704e-11,2.2421626187651977e-12,2.9100535314796616e-08
27,network.9.weight,32,1,9.860840509645641e-05,0.00016000273171812296,0.124024847805196,0.9966047673036917,1.1641532182693481e-10,7.396458445718679e-12,2.958324252233524e-08
27,network.9.bias,32,1,8.412633906118572e-05,0.00015999970491975546,0.11397318709022425,0.9965066740736543,1.1641532182693481e-10,2.198292416155656e-11,5.1236046516578426e-08
27,network.12.weight,32,1,6.499991286545992e-05,0.00015999999595806003,0.10160019099068598,0.9964988841679897,1.1641532182693481e-10,1.4754787669435387e-11,4.183414503700078e-08
27,network.12.bias,1,1,0.0,0.0,0.0,0.9999999843319244,0.0,0.0,0.0
27,network.1.running_mean,128,1,0.0236879400908947,0.07724553346633911,0.11257910118657577,0.9962486824727438,5.960464477539063e-08,5.464244168251753e-09,4.920616802905897e-08
27,network.1.running_var,128,1,0.28025156259536743,1.2576913833618164,0.09054067932613705,0.9969190279620845,9.5367431640625e-07,6.55854819342494e-08,4.025410760277737e-08
27,network.5.running_mean,64,1,0.0018420913256704807,0.0071902088820934296,0.11854724794152445,0.996217082816401,3.725290298461914e-09,2.3919710656628013e-10,3.923985403275765e-08
27,network.5.running_var,64,1,0.0021937922574579716,0.01081998273730278,0.08947945658211619,0.9969667170566225,7.450580596923828e-09,6.675691111013293e-10,4.3430855356518805e-08
27,network.9.running_mean,32,1,0.001431346987374127,0.0034688320010900497,0.10915829570105372,0.9963057042096036,1.862645149230957e-09,4.2382453102618456e-10,5.077599851688319e-08
27,network.9.running_var,32,1,0.0023660273291170597,0.0073844268918037415,0.10997242163737407,0.9963010762779908,3.725290298461914e-09,1.0622898116707802e-09,5.8561308691196245e-08
28,network.0.weight,1664,7,7.50756953493692e-05,0.0001600002869963646,0.11250632863998637,0.9962482098177153,1.1641532182693481e-10,8.925948521976146e-12,3.491661360044418e-08
28,network.0.bias,128,1,8.118756795738591e-07,7.2789193836797494e-06,0.1112116783303901,0.9962665872040644,3.637978807091713e-12,1.4729686112317786e-13,3.5343013848887495e-08
28,network.1.weight,128,1,8.37517436593771e-05,0.00016000744653865695,0.11732845740109887,0.9962125768860521,1.1641532182693481e-10,1.6107654489741496e-12,1.1511581909928736e-08
28,network.1.bias,128,1,8.250006067100912e-05,0.00015999999595806003,0.11681324359835456,0.9962138437871526,1.1641532182693481e-10,1.0763931412860472e-11,3.757612176968905e-08
28,network.4.weight,8192,32,7.423722126986831e-05,0.0001600002869963646,0.11199390866866897,0.9962546885534297,1.1641532182693481e-10,1.090507545375985e-11,3.8612871122722936e-08
28,network.4.bias,64,1,1.5145168617891613e-05,6.415306415874511e-05,0.10665706213959973,0.9963573141525516,2.9103830456733704e-11,1.862991098194877e-12,2.6950909060019512e-08
28,network.5.weight,64,1,7.956488843774423e-05,0.00016000744653865695,0.11094329139375654,0.996488596376652,1.1641532182693481e-10,1.9719948330526593e-12,1.493091161819393e-08
28,network.5.bias,64,1,8.181275916285813e-05,0.0001599999377503991,0.1131438868128866,0.9964690200009386,1.1641532182693481e-10,1.4755266453114757e-11,4.217339366618944e-08
28,network.8.weight,2048,8,7.977200584718958e-05,0.0001600002869963646,0.1113999930989752,0.9964707286112531,1.1641532182693481e-10,1.463180965277644e-11,4.197263692162778e-08
28,network.8.bias,32,1,1.0164251762034837e-05,6.724476406816393e-05,0.09818578136803564,0.996614569990691,1.4551915228366852e-11,1.183469880254584e-12,1.9234466464013167e-08
28,network.9.weight,32,1,7.999959052540362e-05,0.00016000273171812296,0.11028557907858293,0.996613054326066,1.1641532182693481e-10,3.637978807091713e-12,2.0582156423643028e-08
28,network.9.bias,32,1,5.000467353966087e-05,0.00015999673632904887,0.08580594149189935,0.9973169304633968,1.1641532182693481e-10,1.4551915228366852e-11,4.116288465638718e-08
28,network.12.weight,32,1,7.724982424406335e-05,0.0001600002869963646,0.10973154055793644,0.9964525035168648,1.1641532182693481e-10,1.0913936421275139e-11,3.5644941220880355e-08
28,network.12.bias,1,1,0.0,0.0,0.0,0.9999999843319244,0.0,0.0,0.0
28,network.1.running_mean,128,1,0.06633473932743073,0.20293128490447998,0.11691127558813932,0.9962202253357388,1.1920928955078125e-07,1.7153070075437427e-08,5.155452242888714e-08
28,network.1.running_var,128,1,1.2823340892791748,3.8472328186035156,0.067464420023564,0.9980243293752001,3.814697265625e-06,5.453766789287329e-07,5.095427724199908e-08
28,network.5.running_mean,64,1,0.001601462485268712,0.004864970222115517,0.11655105155396636,0.9962160776746657,3.725290298461914e-09,4.170033207628876e-10,4.999079195044942e-08
28,network.5.running_var,64,1,0.003429151838645339,0.014170467853546143,0.10825212490568861,0.9963235784857497,3.725290298461914e-09,4.3792169890366495e-10,2.6946345599299093e-08
28,network.9.running_mean,32,1,0.001445958623662591,0.0031997114419937134,0.11084579155752532,0.9962882669615488,1.862645149230957e-09,2.0372681319713593e-10,3.470240983460826e-08
28,network.9.running_var,32,1,0.0034923097118735313,0.012106407433748245,0.1176154832799279,0.9962142149513327,3.725290298461914e-09,5.161382432561368e-10,3.000959480914389e-08
29,network.0.weight,1664,7,7.17212533345446e-05,0.0001600002869963646,0.11152352340599371,0.9962619019502789,1.1641532182693481e-10,7.0723223284663295e-12,3.09465768566497e-08
29,network.0.bias,128,1,1.0401777217339259e-06,6.173401743581053e-06,0.11669773533781848,0.9962141435934275,3.637978807091713e-12,1.6094159967401656e-13,3.6189536700703684e-08
29,network.1.weight,128,1,9.375169611303136e-05,0.00016000744653865695,0.1243069462719274,0.9962685771450518,6.3402985119032085e-12,4.584921851902291e-13,1.6084351628364857e-09
29,network.1.bias,128,1,7.874947914388031e-05,0.00015999976312741637,0.11364551789821024,0.996235043791857,1.1641532182693481e-10,1.2255644415981592e-11,3.987248931025533e-08
29,network.4.weight,8192,32,7.702665607212111e-05,0.0001600002869963646,0.11313740773253629,0.9962401561575615,1.1641532182693481e-10,9.738466109909805e-12,3.564472095263227e-08
29,network.4.bias,64,1,5.432135367300361e-06,1.696182880550623e-05,0.10986076582695325,0.9962893550176566,1.4551915228366852e-11,1.3687296738715271e-12,5.139141734389341e-08
29,network.5.weight,64,1,8.318860636791214e-05,0.00016000744653865695,0.11436564057144911,0.9963652391795192,5.72262289638692e-12,1.5536779762043151e-13,9.030901582107731e-10
29,network.5.bias,64,1,7.04379053786397e-05,0.00015999999595806003,0.1045118575642189,0.9965977972735925,1.1641532182693481e-10,3.746496168854918e-12,2.0919165066857204e-08
29,network.8.weight,2048,8,7.911730790510774e-05,0.0001600002869963646,0.1106774120546154,0.9965137644281712,1.1641532182693481e-10,1.462379869976438e-11,4.1548585016926154e-08
29,network.8.bias,32,1,5.1148699640179984e-06,3.3432093914598227e-05,0.12247564263960047,0.9962400105377923,6.821210263296962e-13,7.175903209317991e-14,2.130542853251427e-09
29,network.9.weight,32,1,0.00010134452895727009,0.00016000273171812296,0.12546648984952508,0.9966320183143089,1.1641532182693481e-10,3.637978807091713e-12,2.058694548168205e-08
29,network.9.bias,32,1,8.449899905826896e-05,0.00015999999595806003,0.11350900523226551,0.9965914132624271,1.1641532182693481e-10,3.637978807091713e-12,2.0584234761145126e-08
29,network.12.weight,32,1,7.274975359905511e-05,0.0001600002869963646,0.10489072717689325,0.9966962153279602,1.1641532182693481e-10,7.275957614183426e-12,2.910408092304806e-08
29,network.12.bias,1,1,0.0,0.0,0.0,0.9999999843319244,0.0,0.0,0.0
29,network.1.running_mean,128,1,0.0289215799421072,0.08807024359703064,0.10851393588749679,0.9963199198416389,5.960464477539063e-08,8.496499503962696e-09,5.122383583966439e-08
29,network.1.running_var,128,1,0.36977696418762207,1.3726019859313965,0.11722322042058131,0.9962139868442553,9.5367431640625e-07,6.463960744440556e-08,3.9190474865336e-08
29,network.5.running_mean,64,1,0.0018849573098123074,0.006204262375831604,0.09779593686511345,0.996630358307928,3.725290298461914e-09,6.662048690486699e-10,5.503979849663665e-08
29,network.5.running_var,64,1,0.005109310150146484,0.021814316511154175,0.10302003730080986,0.9964567942872049,1.4901161193847656e-08,1.381522451993078e-09,4.7826834048692035e-08
29,network.9.running_mean,32,1,0.0010876404121518135,0.0032251335214823484,0.09409394899552102,0.9967708678844981,3.725290298461914e-09,4.454818736121524e-10,6.647353956168445e-08
29,network.9.running_var,32,1,0.0036446908488869667,0.00969420000910759,0.12012072425376592,0.9962327514521598,7.450580596923828e-09,9.63154889177531e-10,5.4567308893638256e-08
30,network.0.weight,1664,7,7.239972183015198e-05,0.0001600002869963646,0.11304013992893329,0.9962415770694462,1.1641532182693481e-10,6.043108288084076e-12,2.865485626557529e-08
30,network.0.bias,128,1,1.6879301256267354e-05,7.03811674611643e-05,0.12107528641253205,0.9962253055887471,5.820766091346741e-11,1.928156419250815e-12,3.577329721338174e-08
30,network.1.weight,128,1,7.090810686349869e-05,0.00016000744653865695,0.10576759237431164,0.9964387659305162,5.215771391176016e-12,2.4016802002008175e-13,1.0427889662878442e-09
30,network.1.bias,128,1,6.215659232111648e-05,0.0001599999377503991,0.0978159045300788,0.9967107529403596,1.1641532182693481e-10,1.2230632305543221e-11,3.884381882812704e-08
30,network.4.weight,8192,32,7.61133196647279e-05,0.0001600002869963646,0.11038590327799239,0.996372693002958,1.1641532182693481e-10,1.2123103736161323e-11,3.894064093401539e-08
30,network.4.bias,64,1,9.463625247008167e-06,4.097208147868514e-05,0.10663284044451321,0.9963577958522575,2.9103830456733704e-11,1.8688973979497092e-12,4.412564891254078e-08
30,network.5.weight,64,1,8.568832708988339e-05,0.00016000744653865695,0.11540958092657144,0.9964525196769852,3.765817085249479e-12,5.88408919570231e-14,4.744508119713942e-10
30,network.5.bias,64,1,8.568713383283466e-05,0.0001599999377503991,0.11470559323887419,0.9965484641026348,1.1641532182693481e-10,1.647308504881817e-11,4.400896003176058e-08
30,network.8.weight,2048,8,8.088653703453019e-05,0.0001600002869963646,0.11197155891698798,0.9965055994726698,1.1641532182693481e-10,1.4909039280919245e-11,4.139208797937499e-08
30,network.8.bias,32,1,8.23185564513551e-06,2.8590875444933772e-05,0.10503605373103284,0.996398378125578,2.9103830456733704e-11,1.9951427662756593e-12,5.3774812158735585e-08
30,network.9.weight,32,1,6.545106589328498e-05,0.00016000273171812296,0.09930344407531641,0.9968286745398152,1.1641532182693481e-10,1.8189894035458565e-11,4.608629922131513e-08
30,network.9.bias,32,1,7.974158506840467e-05,0.00015999999595806003,0.11018803213235785,0.9966039473696278,1.1641532182693481e-10,3.637978807091713e-12,2.062728476914799e-08
30,network.12.weight,32,1,9.999884059652686e-05,0.0001600002869963646,0.12522406381353873,0.996511550813654,1.1641532182693481e-10,3.637978807091713e-12,2.0579914661311705e-08
30,network.12.bias,1,1,0.0,0.0,0.0,0.9999999843319244,0.0,0.0,0.0
30,network.1.running_mean,128,1,0.015540007501840591,0.04553380608558655,0.1141745836644918,0.9962325417741191,2.9802322387695312e-08,4.036223799630534e-09,5.04299180192902e-08
30,network.1.running_var,128,1,0.27296972274780273,0.9847087860107422,0.07523832458139547,0.9976404927785786,9.5367431640625e-07,9.220093488693237e-08,4.507210249471427e-08
30,network.5.running_mean,64,1,0.0019830556120723486,0.007548529654741287,0.12046422025474587,0.9962250373025924,3.725290298461914e-09,5.379661160986871e-10,5.420106674591807e-08
30,network.5.running_var,64,1,0.003437866922467947,0.018313661217689514,0.10318038221503349,0.9964515051023498,7.450580596923828e-09,1.0638814273988828e-09,4.4199715887316415e-08
30,network.9.running_mean,32,1,0.0014811237342655659,0.0038697216659784317,0.1208148948623131,0.996251208685091,1.862645149230957e-09,3.2014213502407074e-10,4.0198937512059274e-08
30,network.9.running_var,32,1,0.002249697456136346,0.006810571998357773,0.0995939822188773,0.9965678966702254,3.725290298461914e-09,6.111804395914078e-10,4.572240897005031e-08
31,network.0.weight,1664,7,7.13343033567071e-05,0.0001600002869963646,0.11412365487957594,0.9962303906857279,1.1641532182693481e-10,6.279947915854844e-12,3.0876954326686246e-08
31,network.0.bias,128,1,1.0742119229689706e-06,1.0153651601285674e-05,0.11777344039758272,0.9962120487736064,3.637978807091713e-12,1.1982060309223552e-13,2.8888301528695592e-08
31,network.1.weight,128,1,8.124858140945435e-05,0.00016000744653865695,0.1151760926096029,0.9962216934590334,1.1641532182693481e-10,1.3680187625070284e-12,1.120854697944651e-08
31,network.1.bias,128,1,7.249847112689167e-05,0.0001599994138814509,0.10787171497105785,0.9963294679305043,1.1641532182693481e-10,1.242118474048537e-11,4.007402054639897e-08
31,network.4.weight,8192,32,6.995430157985538e-05,0.0001600002869963646,0.11016264953947136,0.9962839026965261,1.1641532182693481e-10,9.671955944479116e-12,3.711645035764377e-08
31,network.4.bias,64,1,2.879392695831484e-06,1.3024349755141884e-05,0.10710645589902609,0.9963468232732475,1.4551915228366852e-11,6.94995710287527e-13,5.1586290794602974e-08
31,network.5.weight,64,1,9.06862405827269e-05,0.00016000744653865695,0.12188296456725771,0.9962908870472791,1.1641532182693481e-10,2.168580202563386e-12,1.5479406201279744e-08
31,network.5.bias,64,1,7.680998533032835e-05,0.00015999935567378998,0.11017103159344438,0.9963288427200875,1.1641532182693481e-10,9.645110231326637e-12,3.453326158364689e-08
31,network.8.weight,2048,8,7.717148400843143e-05,0.0001600002869963646,0.1119456685745428,0.9962809772803214,1.1641532182693481e-10,1.1703719590694384e-11,3.867927134137972e-08
31,network.8.bias,32,1,2.682675813048263e-06,1.2793242603947874e-05,0.1105127080011976,0.9962779616606964,1.4551915228366852e-11,1.1917223935106747e-12,7.876209906498843e-08
31,network.9.weight,32,1,7.083950913511217e-05,0.00015999318566173315,0.1039020303087959,0.9966489098094345,4.298622005224906e-13,1.343319376632783e-14,7.723721662244998e-11
31,network.9.bias,32,1,6.862376176286489e-05,0.00015999999595806003,0.10212285266281942,0.9966926988060092,1.1641532182693481e-10,1.459629812849972e-11,4.183677759783677e-08
31,network.12.weight,32,1,7.362463657045737e-05,0.0001600002869963646,0.10762199698993313,0.9964132645212196,1.1641532182693481e-10,1.4607698731183838e-11,4.1819326668246504e-08
31,network.12.bias,1,1,0.0,0.0,0.0,0.9999999843319244,0.0,0.0,0.0
31,network.1.running_mean,128,1,0.016120506450533867,0.05514666438102722,0.110238140087396,0.9962859453927626,2.9802322387695312e-08,5.098627298139036e-09,5.3343981676334806e-08
31,network.1.running_var,128,1,0.27904167771339417,1.044650673866272,0.08125264549337091,0.9973463482444587,9.5367431640625e-07,6.949994713068008e-08,3.516975155548607e-08
31,network.5.running_mean,64,1,0.0022246348671615124,0.0064689964056015015,0.1083636597609313,0.9963254918154979,3.725290298461914e-09,4.874891601502895e-10,4.4703615031949084e-08
31,network.5.running_var,64,1,0.004336591809988022,0.017987841740250587,0.10630969945043982,0.9963664130234127,1.4901161193847656e-08,1.2476562005758751e-09,5.321119544987596e-08
31,network.9.running_mean,32,1,0.0012061679735779762,0.0037490688264369965,0.1212694849409372,0.9962307100874809,1.862645149230957e-09,3.128661774098873e-10,5.126538127342428e-08
31,network.9.running_var,32,1,0.0020365689415484667,0.005965203046798706,0.09485522493040077,0.9967412815364705,3.725290298461914e-09,5.566107574850321e-10,4.5349672461725277e-08
32,network.0.weight,1664,7,6.967255467316136e-05,0.00016000017058104277,0.11199489849130588,0.9962551610205044,1.1641532182693481e-10,7.99207401647184e-12,3.461684272565435e-08
32,network.0.bias,128,1,5.840329322381876e-07,6.027817562426208e-06,0.10970850562625739,0.9962923512675415,3.637978807091713e-12,1.3647051967224239e-13,4.4380243480190984e-08
32,network.1.weight,128,1,7.875248411437497e-05,0.00016000744653865695,0.1136415408278783,0.996235106346267,1.1641532182693481e-10,1.2367794505543928e-12,1.1070063088425286e-08
32,network.1.bias,128,1,8.249920938396826e-05,0.00016000017058104277,0.11710747224650352,0.9962130585150517,1.1641532182693481e-10,1.3152916256142788e-11,4.119558028037318e-08
32,network.4.weight,8192,32,7.477848703274503e-05,0.0001600002869963646,0.1122300758911955,0.996251708833208,1.1641532182693481e-10,1.0652981968783948e-11,3.782214363923231e-08
32,network.4.bias,64,1,1.7141916032414883e-05,8.621008601039648e-05,0.12137328819085204,0.9962279549910906,5.820766091346741e-11,4.054835460454154e-12,5.0242856985960316e-08
32,network.5.weight,64,1,7.500260835513473e-05,0.00016000744653865695,0.10930142024574582,0.9962999991830944,5.8606392308591104e-12,3.308189226031155e-13,1.3854203340102345e-09
32,network.5.bias,64,1,8.249990059994161e-05,0.00015999999595806003,0.11351830047281229,0.9964229093826156,1.1641532182693481e-10,1.4899014313951575e-11,4.253480057059278e-08
32,network.8.weight,2048,8,7.795952842570841e-05,0.0001600002869963646,0.11118777169362895,0.9964144600710027,1.1641532182693481e-10,1.3107764873510064e-11,4.0436411552491336e-08
32,network.8.bias,32,1,1.4935314538888633e-05,6.624996603932232e-05,0.10701641433626137,0.9963488412086756,1.4551915228366852e-11,1.2545167812558211e-12,1.5961568067268672e-08
32,network.9.weight,32,1,7.86174859968014e-05,0.00016000744653865695,0.1099066805005147,0.996540360887007,1.1641532182693481e-10,3.829093292440078e-12,2.094189355261733e-08
32,network.9.bias,32,1,5.3623589337803423e-05,0.00015999999595806003,0.08916145664991698,0.9971338819038384,1.1641532182693481e-10,1.833826493435886e-11,4.67684415639269e-08
32,network.12.weight,32,1,6.362493149936199e-05,0.0001600002869963646,0.099653700412332,0.9966281136794097,1.1641532182693481e-10,1.4763799557893087e-11,4.183554125347655e-08
32,network.12.bias,1,1,0.0,0.0,0.0,0.9999999843319244,0.0,0.0,0.0
32,network.1.running_mean,128,1,0.20049352943897247,0.5829873085021973,0.10905079530429726,0.9963109360869584,4.76837158203125e-07,4.6988134272396564e-08,4.451066715205343e-08
32,network.1.running_var,128,1,16.872161865234375,49.4573974609375,0.08009112941777755,0.9974015833860593,6.103515625e-05,5.33123966306448e-06,4.569605493998097e-08
32,network.5.running_mean,64,1,0.00198843190446496,0.005926862359046936,0.10575828969774738,0.9963805560911432,3.725290298461914e-09,6.943992048036307e-10,5.7537342001978686e-08
32,network.5.running_var,64,1,0.0042891185730695724,0.016790568828582764,0.10972892435775784,0.9962943475254554,7.450580596923828e-09,1.0165877029066905e-09,4.385367446957389e-08
32,network.9.running_mean,32,1,0.0014082008274272084,0.0049106888473033905,0.12389654915851814,0.996261707886985,3.725290298461914e-09,3.5925040720030665e-10,6.297975829738789e-08
32,network.9.running_var,32,1,0.003477080026641488,0.013745308853685856,0.11103621600285564,0.9962770206596752,3.725290298461914e-09,5.70253178011626e-10,2.656801356692995e-08
33,network.0.weight,1664,7,7.373726111836731e-05,0.0001600002869963646,0.1129924599444639,0.9962423739065418,1.1641532182693481e-10,6.119841612639565e-12,2.8959490805391397e-08
33,network.0.bias,128,1,5.374739885155577e-06,4.7873258154140785e-05,0.11036778620006431,0.9962805548311222,5.820766091346741e-11,1.1373979015572022e-12,6.091003967867437e-08
33,network.1.weight,128,1,7.500201172661036e-05,0.00016000744653865695,0.11156898978204363,0.9962612091299127,1.1641532182693481e-10,1.3151443909592553e-12,1.1248964426613384e-08
33,network.1.bias,128,1,8.249988604802638e-05,0.00016000017058104277,0.1162091740534787,0.996215886745007,1.1641532182693481e-10,1.6067820685083944e-11,4.602163627964728e-08
33,network.4.weight,8192,32,6.853489321656525e-05,0.0001600002869963646,0.10978828454372698,0.9962904665388829,1.1641532182693481e-10,1.1250205628199339e-11,4.032758482708232e-08
33,network.4.bias,64,1,2.599221443233546e-05,8.435215568169951e-05,0.1018672587618319,0.9964903846575331,5.820766091346741e-11,5.2823847726535256e-12,4.465430691880101e-08
33,network.5.weight,64,1,8.250162500189617e-05,0.00016000744653865695,0.11710739398276344,0.9962129466117168,6.165986991824024e-12,3.1916242110123505e-13,1.3303648183082828e-09
33,network.5.bias,64,1,7.749996439088136e-05,0.00016000011237338185,0.11212237128135026,0.9962533827380796,1.1641532182693481e-10,1.1308245138896833e-11,3.8140047564638735e-08
33,network.8.weight,2048,8,7.875953451730311e-05,0.0001600002869963646,0.11313797352265591,0.9962405327772089,1.1641532182693481e-10,1.2876212249213204e-11,4.0337933882028665e-08
33,network.8.bias,32,1,1.4515816474158783e-05,0.00010991928866133094,0.1382924029871965,0.9968944706239158,7.275957614183426e-12,4.105231779516494e-13,6.537208996348909e-09
33,network.9.weight,32,1,6.274897896219045e-05,0.00016000273171812296,0.09696782981759172,0.9969031479638183,1.1641532182693481e-10,7.275957614183426e-12,2.9112056765256966e-08
33,network.9.bias,32,1,8.723675273358822e-05,0.00015999999595806003,0.11543207835922004,0.9965898972919203,1.1641532182693481e-10,1.0913936421275139e-11,3.5652703900268534e-08
33,network.12.weight,32,1,8.724968938622624e-05,0.0001600002869963646,0.11679481539610578,0.996401497068237,1.1641532182693481e-10,1.0913936421275139e-11,3.564498030073082e-08
33,network.12.bias,1,1,0.0,0.0,0.0,0.9999999843319244,0.0,0.0,0.0
33,network.1.running_mean,128,1,0.05435590445995331,0.16112929582595825,0.11066496554182843,0.9962813401673442,5.960464477539063e-08,1.1386873666197062e-08,3.783529578527123e-08
33,network.1.running_var,128,1,1.0593571662902832,3.2597155570983887,0.08849419466339392,0.9970091690388876,3.814697265625e-06,3.3224932849407196e-07,4.9125361556434655e-08
33,network.5.running_mean,64,1,0.001823575235903263,0.005569811910390854,0.10093924816436418,0.9965231266645654,1.862645149230957e-09,3.3651303965598345e-10,3.086076461045195e-08
33,network.5.running_var,64,1,0.004879319109022617,0.022192545235157013,0.11302183369851969,0.9962486191598952,1.4901161193847656e-08,1.1823431123048067e-09,4.782916818157901e-08
33,network.9.running_mean,32,1,0.0012366522569209337,0.0042036147788167,0.11172977683365361,0.9962670147309173,3.725290298461914e-09,4.43833414465189e-10,5.853606310779469e-08
33,network.9.running_var,32,1,0.002818931359797716,0.007591910660266876,0.11348802848584598,0.9962381056791059,3.725290298461914e-09,6.384652806445956e-10,4.3385334436152334e-08
34,network.0.weight,1664,7,7.440809713443741e-05,0.0001600002869963646,0.11203189924186883,0.9962546076288507,1.1641532182693481e-10,8.175806386068185e-12,3.3357576256776156e-08
34,network.0.bias,128,1,7.291334895853652e-07,4.995465133106336e-06,0.10324154740230068,0.996448712595917,7.275957614183426e-12,1.7610255430549476e-13,5.997335961183126e-08
34,network.1.weight,128,1,8.59123538248241e-05,0.00016000744653865695,0.11669281896504663,0.9963411380044406,1.1641532182693481e-10,1.207391174887218e-12,1.0830747854129186e-08
34,network.1.bias,128,1,7.965594704728574e-05,0.0001599998795427382,0.11238822435418636,0.9963656030052717,1.1641532182693481e-10,1.2234136446964694e-11,3.883977228724689e-08
34,network.4.weight,8192,32,7.11653265170753e-05,0.0001600002869963646,0.10801318650534264,0.9964102144256036,1.1641532182693481e-10,1.1989140583090752e-11,3.954592742161367e-08
34,network.4.bias,64,1,6.881251465529203e-06,2.8678245143964887e-05,0.09766774176160924,0.9966333630928005,1.4551915228366852e-11,1.5202769598765542e-12,3.822258420882463e-08
34,network.5.weight,64,1,7.7501215855591e-05,0.00016000744653865695,0.11142944307735796,0.9963515315823476,4.856480669002128e-12,2.1273297522422102e-13,1.0077565448796122e-09
34,network.5.bias,64,1,8.750025881454349e-05,0.00015999999595806003,0.11812374760944147,0.9964183420082162,1.1641532182693481e-10,9.432689004884587e-12,3.3648138497710534e-08
34,network.8.weight,2048,8,7.772047683829442e-05,0.0001600002869963646,0.11033800406801808,0.9964418910541573,1.1641532182693481e-10,1.3636615274481567e-11,4.0706265025391986e-08
34,network.8.bias,32,1,1.3073427908238955e-05,4.74440457765013e-05,0.11341186395785209,0.996237494650541,2.9103830456733704e-11,2.0185582805948288e-12,3.3231373208764126e-08
34,network.9.weight,32,1,7.448314863722771e-05,0.00016000267351046205,0.10620955035443908,0.9966704352512638,1.1641532182693481e-10,3.637978807091713e-12,2.0583227566817186e-08
34,network.9.bias,32,1,6.549698446178809e-05,0.000159997318405658,0.09920659814883467,0.9968362003987569,1.1641532182693481e-10,1.0913936421275139e-11,3.5648824336931284e-08
34,network.12.weight,32,1,8.72497184900567e-05,0.00015999970491975546,0.11542106508334093,0.9965909528716793,1.1641532182693481e-10,1.0913936421275139e-11,3.5644973195303464e-08
34,network.12.bias,1,1,0.0,0.0,0.0,0.9999999843319244,0.0,0.0,0.0
34,network.1.running_mean,128,1,0.03578568249940872,0.09222385287284851,0.11177385293637403,0.9962659880214517,5.960464477539063e-08,9.171344572678208e-09,5.1605240969365695e-08
34,network.1.running_var,128,1,0.4802282750606537,2.33870792388916,0.10056827580876444,0.9965326474374556,1.9073486328125e-06,1.0864459909498692e-07,4.558429722578694e-08
34,network.5.running_mean,64,1,0.0017998665571212769,0.004699442535638809,0.09473608696073986,0.9967467750831028,3.725290298461914e-09,3.526565706124529e-10,3.731447506538643e-08
34,network.5.running_var,64,1,0.0062026651576161385,0.03307825326919556,0.10614389029407645,0.9963707658253256,1.4901161193847656e-08,1.902662916108966e-09,4.8855060441610476e-08
34,network.9.running_mean,32,1,0.001278513576835394,0.002898263745009899,0.11049070518463709,0.9962787941954718,1.862645149230957e-09,1.3369572116062045e-10,2.60618655545386e-08
34,network.9.running_var,32,1,0.0018270250875502825,0.005712095182389021,0.10380037271163374,0.9964406218046462,3.725290298461914e-09,4.665707820095122e-10,4.4695791956428366e-08
35,network.0.weight,1664,7,6.75972260069102e-05,0.00015999894822016358,0.11315311424385172,0.9962404148870097,1.1641532182693481e-10,7.022312852739132e-12,3.3413886768585144e-08
35,network.0.bias,128,1,5.499477424564247e-07,6.24597305431962e-06,0.10955440410991896,0.9962950529481223,9.094947017729282e-13,5.860039558637509e-14,1.5810188713771822e-08
35,network.1.weight,128,1,7.909572013886645e-05,0.00016000744653865695,0.11271533109792148,0.9962692542822622,5.885296156665776e-12,4.067812980988045e-13,1.4807335357858165e-09
35,network.1.bias,128,1,9.068740473594517e-05,0.00016000005416572094,0.1218812865899543,0.9962911520662289,1.1641532182693481e-10,1.0448935119922176e-11,3.6202028041998346e-08
35,network.4.weight,8192,32,7.316784467548132e-05,0.0001600002869963646,0.1120739615710522,0.9962803212244464,1.1641532182693481e-10,9.872158646118123e-12,3.675227233657097e-08
35,network.4.bias,64,1,1.5082794561749324e-05,5.672946645063348e-05,0.10700049180213791,0.996349223251272,5.820766091346741e-11,3.8742971504579504e-12,6.18207067759613e-08
35,network.5.weight,64,1,6.681484228465706e-05,0.00016000744653865695,0.10169302504563586,0.9965327651074162,3.89150560733964e-12,2.9444686706209255e-13,1.0617626777786882e-09
35,network.5.bias,64,1,8.318708569277078e-05,0.00016000005416572094,0.11525242669702258,0.9962714746829966,1.1641532182693481e-10,9.57775005139272e-12,3.4521960401434626e-08
35,network.8.weight,2048,8,7.636850205017254e-05,0.0001600002869963646,0.11242746691432133,0.9962742809631348,1.1641532182693481e-10,1.120684534755556e-11,3.84322547120064e-08
35,network.8.bias,32,1,9.718554792925715e-06,4.78747533634305e-05,0.09719464212486144,0.996650899489203,2.9103830456733704e-11,2.0530480527441997e-12,3.9343493796195617e-08
35,network.9.weight,32,1,8.495837391819805e-05,0.00015999795868992805,0.11545859102492735,0.9964089651889785,5.820766091346741e-11,2.0035865327949764e-12,1.0673659289750503e-08
35,network.9.bias,32,1,8.274702850030735e-05,0.00015999999595806003,0.11371634952694802,0.9964204234134955,1.1641532182693481e-10,4.0502106876671995e-12,2.1334830790920023e-08
35,network.12.weight,32,1,7.499891216866672e-05,0.0001600002869963646,0.1077332970073858,0.9964963581098943,1.1641532182693481e-10,1.1322187111473259e-11,3.685560301391888e-08
35,network.12.bias,1,1,0.0,0.0,0.0,0.9999999843319244,0.0,0.0,0.0
35,network.1.running_mean,128,1,0.12389583885669708,0.3716921806335449,0.11453403084816789,0.9962340102168054,2.384185791015625e-07,3.818058758042753e-08,5.662768742809021e-08
35,network.1.running_var,128,1,5.149481296539307,15.537847518920898,0.07736751653124634,0.9975343411691606,1.52587890625e-05,1.7150305211544037e-06,5.1516892085601285e-08
35,network.5.running_mean,64,1,0.0019643912091851234,0.006337113678455353,0.10564490006468767,0.9963872122725052,3.725290298461914e-09,6.677964847767726e-10,5.509512490675661e-08
35,network.5.running_var,64,1,0.005363604985177517,0.029096756130456924,0.10424229110551159,0.9964208844685929,7.450580596923828e-09,5.838955985382199e-10,1.9886108759692434e-08
35,network.9.running_mean,32,1,0.0012127937516197562,0.003529297187924385,0.1135414463893332,0.996238443988846,1.862645149230957e-09,2.3737811716273427e-10,4.2154272961170136e-08
35,network.9.running_var,32,1,0.0028076530434191227,0.007977385073900223,0.10914822338634894,0.9963200379102979,3.725290298461914e-09,5.3887561080046e-10,3.87203833440708e-08
36,network.0.weight,1664,7,7.607493171235546e-05,0.0001600002869963646,0.11437601151809858,0.9962281026092029,1.1641532182693481e-10,8.068102609615213e-12,3.3569051538506756e-08
36,network.0.bias,128,1,1.2175919437140692e-06,2.875091740861535e-05,0.11236610532318214,0.9962500465391768,2.9103830456733704e-11,3.2082612933491406e-13,7.158388370953617e-08
36,network.1.weight,128,1,6.93149704602547e-05,0.00016000744653865695,0.10495279706768923,0.9964404781582369,5.861860909867067e-12,3.8652211314417484e-13,1.4182688357067263e-09
36,network.1.bias,128,1,7.874969742260873e-05,0.00016000011237338185,0.11373252941446874,0.9962827448403492,1.1641532182693481e-10,1.0353135883323095e-11,3.618856325715569e-08
36,network.4.weight,8192,32,6.649915303569287e-05,0.0001600002869963646,0.1092066671183302,0.9963304797872495,1.1641532182693481e-10,1.0597481225893546e-11,3.920042246363664e-08
36,network.4.bias,64,1,1.0866937373066321e-05,6.850657518953085e-05,0.1137172137788594,0.9962342603019406,2.9103830456733704e-11,2.117575862922716e-12,3.572447226929398e-08
36,network.5.weight,64,1,7.749691576464102e-05,0.00016000744653865695,0.11209977798007961,0.9962537580599633,1.1641532182693481e-10,2.3746282717951317e-12,1.5792963381500158e-08
36,network.5.bias,64,1,8.749965491006151e-05,0.00015999982133507729,0.11914839490624152,0.9962139007319926,1.1641532182693481e-10,1.7305105265430498e-11,4.7183434048747586e-08
36,network.8.weight,2048,8,7.440778426826e-05,0.0001600002869963646,0.11094542586054043,0.9962708847777763,1.1641532182693481e-10,1.1844576534858486e-11,3.928558811594485e-08
36,network.8.bias,32,1,1.0315716281183995e-05,4.219919355819002e-05,0.10027665367172404,0.9965418819336043,5.820766091346741e-11,4.773293739435136e-12,7.620185016321557e-08
36,network.9.weight,32,1,7.861027552280575e-05,0.00016000273171812296,0.10990794201340745,0.9965398111234074,1.1641532182693481e-10,7.378361810417289e-12,2.9584736438437176e-08
36,network.9.bias,32,1,8.861588867148384e-05,0.00015999999595806003,0.11718423744132414,0.9965077496352829,1.1641532182693481e-10,1.4718982976891226e-11,4.1838699615937e-08
36,network.12.weight,32,1,5.8624376833904535e-05,0.0001599994138814509,0.0936787419031733,0.9969607261337544,1.1641532182693481e-10,1.1036527594598944e-11,3.622241706580098e-08
36,network.12.bias,1,1,0.0,0.0,0.0,0.9999999843319244,0.0,0.0,0.0
36,network.1.running_mean,128,1,0.06744594871997833,0.19217735528945923,0.10747269555109171,0.9963453216202551,1.1920928955078125e-07,1.3373210094869137e-08,4.007072362810504e-08
36,network.1.running_var,128,1,2.1167497634887695,7.223221302032471,0.07875420631560182,0.9974665633427388,7.62939453125e-06,6.463378667831421e-07,5.0274550744688895e-08
36,network.5.running_mean,64,1,0.002165535232052207,0.0069298408925533295,0.11454811419243958,0.9962321378021564,3.725290298461914e-09,5.175024853087962e-10,5.023222016120599e-08
36,network.5.running_var,64,1,0.006943735294044018,0.025266893208026886,0.12042627925163997,0.996221756434541,1.4901161193847656e-08,1.0841176845133305e-09,3.4170390961207886e-08
36,network.9.running_mean,32,1,0.0013170985039323568,0.003898482769727707,0.09945744834086342,0.9965793161703117,1.862645149230957e-09,2.473825588822365e-10,3.460505126895441e-08
36,network.9.running_var,32,1,0.002757564652711153,0.008326523005962372,0.09733544888071662,0.9966586626116819,3.725290298461914e-09,7.712515071034431e-10,4.494655669873282e-08
37,network.0.weight,1664,7,7.844580250093713e-05,0.00015999999595806003,0.11427512255194727,0.9962289965455324,1.1641532182693481e-10,1.0501193664635977e-11,3.7089659343791936e-08
37,network.0.bias,128,1,2.1749114864633157e-07,3.3473952498752624e-06,0.11301908063060356,0.9962419284142688,9.094947017729282e-13,2.932420270691273e-14,2.2089595930196992e-08
37,network.1.weight,128,1,6.80627636029385e-05,0.00016000744653865695,0.1038765900558969,0.9964690564230548,1.1641532182693481e-10,1.2801893876576709e-12,1.0988595811056712e-08
37,network.1.bias,128,1,8.37496918393299e-05,0.00015999982133507729,0.11665861324480632,0.9962660048776049,1.1641532182693481e-10,1.2315503651605386e-11,3.935512182806633e-08
37,network.4.weight,8192,32,7.323370664380491e-05,0.0001600002869963646,0.10988665637328811,0.9963204078883473,1.1641532182693481e-10,1.0929906285594981e-11,3.779405943760139e-08
37,network.4.bias,64,1,8.412300303461961e-06,7.577298674732447e-05,0.1255890316300868,0.9962949617689423,2.9103830456733704e-11,1.1554064996421864e-12,3.413848759237226e-08
37,network.5.weight,64,1,6.93143520038575e-05,0.00016000273171812296,0.10289595287633879,0.9966404940002167,1.1641532182693481e-10,2.0236069764312248e-12,1.4938727588287293e-08
37,network.5.bias,64,1,8.068704482866451e-05,0.00016000005416572094,0.11179031379211063,0.9964798429507651,1.1641532182693481e-10,1.485684665569753e-11,4.218432181346543e-08
37,network.8.weight,2048,8,7.700804417254403e-05,0.0001600002869963646,0.11022439754862438,0.9964615786324573,1.1641532182693481e-10,1.3397449816210383e-11,4.0507377008225376e-08
37,network.8.bias,32,1,6.1728615037282e-06,3.41585255227983e-05,0.1156619514339626,0.9962186966918605,7.275957614183426e-12,4.713603097249164e-13,1.439535601832631e-08
37,network.9.weight,32,1,8.584446914028376e-05,0.00016000267351046205,0.11521499381857163,0.9965039579883387,1.1641532182693481e-10,3.739744625086416e-12,2.092388839969317e-08
37,network.9.bias,32,1,8.911508484743536e-05,0.00015999999595806003,0.11753315056080293,0.9965094070834444,1.1641532182693481e-10,1.1199333127542843e-11,3.6260320968040105e-08
37,network.12.weight,32,1,5.774998862762004e-05,0.00015999912284314632,0.09378672150411281,0.9968974231132333,1.1641532182693481e-10,1.1079504501354531e-11,3.622802324798613e-08
37,network.12.bias,1,1,0.0,0.0,0.0,0.9999999843319244,0.0,0.0,0.0
37,network.1.running_mean,128,1,0.17236819863319397,0.48603272438049316,0.1129258817098424,0.9962507418813729,2.384185791015625e-07,4.6456989366561174e-08,5.075917641761407e-08
37,network.1.running_var,128,1,11.216431617736816,33.41644287109375,0.07830452100213191,0.9974886557807141,3.0517578125e-05,4.540430381894112e-06,5.3162334978651415e-08
37,network.5.running_mean,64,1,0.0017534225480630994,0.006236063316464424,0.09577592472987054,0.9967052563198721,3.725290298461914e-09,3.6288838600739837e-10,3.701669371025673e-08
37,network.5.running_var,64,1,0.005957331042736769,0.020879380404949188,0.1157304614455316,0.9962204260313943,7.450580596923828e-09,6.775735528208315e-10,2.5538547276937607e-08
37,network.9.running_mean,32,1,0.0012811929918825626,0.0034963786602020264,0.10214285583394186,0.9964841721836568,1.862645149230957e-09,3.3310243452433497e-10,4.239811701722829e-08
37,network.9.running_var,32,1,0.0027796481736004353,0.006900392472743988,0.10408497846859147,0.9964338460921922,1.862645149230957e-09,2.6193447411060333e-10,1.959112339022795e-08
38,network.0.weight,1664,7,7.134412589948624e-05,0.0001600002869963646,0.1113666290721718,0.9962643249241137,1.1641532182693481e-10,4.89573008868871e-12,2.509310270681908e-08
38,network.0.bias,128,1,1.2364706890366506e-05,4.671693022828549e-05,0.11562952701585658,0.996218999821053,2.9103830456733704e-11,1.990864721343466e-12,4.004035147886498e-08
38,network.1.weight,128,1,7.681445276830345e-05,0.00016000744653865695,0.1110970465649154,0.9963591192376815,1.1641532182693481e-10,1.1978886849464687e-12,1.0880498280130269e-08
38,network.1.bias,128,1,7.76248489273712e-05,0.00016000005416572094,0.11047489334171069,0.9963680717645377,1.1641532182693481e-10,1.030391830886268e-11,3.5867348202600624e-08
38,network.4.weight,8192,32,7.261666178237647e-05,0.0001600002869963646,0.11048794209801671,0.9963449613214586,1.1641532182693481e-10,1.1817857456519754e-11,3.986635732644572e-08
38,network.4.bias,64,1,1.6463942301925272e-05,4.7872959839878604e-05,0.10912765120041656,0.9963033726796384,2.9103830456733704e-11,2.602194067863328e-12,3.518522007084357e-08
38,network.5.weight,64,1,8.250027894973755e-05,0.00016000744653865695,0.11579109530346464,0.9963184217501986,5.8889087183044975e-12,2.9882297808078717e-13,1.1890696205441031e-09
38,network.5.bias,64,1,5.499904727912508e-05,0.00015999982133507729,0.09181907267336617,0.9969218983310985,1.1641532182693481e-10,9.452024232747824e-12,3.421060057462455e-08
38,network.8.weight,2048,8,7.820065366104245e-05,0.0001600002869963646,0.11161287038420965,0.9963350754358958,1.1641532182693481e-10,1.305238989807167e-11,4.021032751211351e-08
38,network.8.bias,32,1,8.035218343138695e-06,4.787294892594218e-05,0.11289898270269418,0.9962433365842244,3.637978807091713e-12,2.899816075197653e-13,4.953769838778044e-09
38,network.9.weight,32,1,9.272372699342668e-05,0.00016000273171812296,0.11918046254874785,0.99661406701748,1.1641532182693481e-10,7.275957614183426e-12,2.9117419586555116e-08
38,network.9.bias,32,1,8.274676656583324e-05,0.00015999999595806003,0.11226857169534757,0.9965969158252933,1.1641532182693481e-10,7.275957614183426e-12,2.9110990951153326e-08
38,network.12.weight,32,1,3.275361086707562e-05,0.0001600002869963646,0.06784011000938725,0.9981189364677882,1.1641532182693481e-10,1.0913936421275139e-11,3.5646745999429186e-08
38,network.12.bias,1,1,0.0,0.0,0.0,0.9999999843319244,0.0,0.0,0.0
38,network.1.running_mean,128,1,0.01646602153778076,0.050203099846839905,0.11124151382186137,0.9962697245384096,2.9802322387695312e-08,3.3378455555066466e-09,4.174520285005201e-08
38,network.1.running_var,128,1,0.26048460602760315,1.0111103057861328,0.07417950196820419,0.9976926631730058,9.5367431640625e-07,9.406358003616333e-08,4.96285110784811e-08
38,network.5.running_mean,64,1,0.0017561452696099877,0.0062185414135456085,0.09853730244651017,0.9966028880506127,3.725290298461914e-09,4.956746124662459e-10,4.4545274135998625e-08
38,network.5.running_var,64,1,0.0033102461602538824,0.011123321950435638,0.11135340125153945,0.9962659351290714,7.450580596923828e-09,7.112248567864299e-10,4.350318860701918e-08
38,network.9.running_mean,32,1,0.0014769388362765312,0.005231797695159912,0.12090186873912649,0.9962244351322257,1.862645149230957e-09,2.0372681319713593e-10,3.411966531530197e-08
38,network.9.running_var,32,1,0.002626819768920541,0.005110280588269234,0.10143454333476218,0.9965059342373818,3.725290298461914e-09,5.238689482212067e-10,4.310065193635637e-08
