group_id,branch,selected_artifact,selection_objective,mse,feature_mse,feature_mae,psnr,ssim,cosine_similarity,pearson_correlation,sign_match_ratio
0,raw,artifacts/rq1_v2/confirmatory_run_20260916/raw/group_0_run/harddiff_reparam_rq1_v2_confirmatory_standard_nonneg_0p001/group_0/restart_3/baseline.pt,0.48992249369621277,684.546875,684.546875,8.414679527282715,22.85533043208272,0.6412733564943179,0.799447462097121,0.7978082460452203,0.6923076923076923
0,dna_v2,artifacts/rq1_v2/confirmatory_run_20260916/dna_v2/group_0_run/dna_v2_iht_attack_rq1_v2_confirmatory_ratio0p95_eta0p01_s0p2_iht80_step1_r4_i600_lr0p1_nonneg0p001/group_0/restart_3/baseline.pt,0.6679962873458862,590.4911499023438,590.4911499023438,5.99075984954834,22.712971742883923,0.6667744200354974,0.9595644621065795,0.9608685326886492,0.75
0,dp_v2,artifacts/rq1_v2/confirmatory_run_20260916/dp_v2/group_0_run/simple_defense_attack_clipping_noise_mc_rq1_v2_confirmatory_r4_i600_lr0p1_nonneg0p001_clip100_mult0p00105_mc100/group_0/restart_2/baseline.pt,1.0770728588104248,1473.99462890625,1473.99462890625,14.25479507446289,20.75995806792823,0.4532292435072102,0.4375977759723007,0.41879899712201807,0.6153846153846154
1,raw,artifacts/rq1_v2/confirmatory_run_20260916/raw/group_1_run/harddiff_reparam_rq1_v2_confirmatory_standard_nonneg_0p001/group_1/restart_1/baseline.pt,0.6422844529151917,54.71586608886719,54.71586608886719,3.0080037117004395,18.87320884703609,0.11803859305300367,0.509616127924889,0.5260547363105451,0.7115384615384616
1,dna_v2,artifacts/rq1_v2/confirmatory_run_20260916/dna_v2/group_1_run/dna_v2_iht_attack_rq1_v2_confirmatory_ratio0p95_eta0p01_s0p2_iht80_step1_r4_i600_lr0p1_nonneg0p001/group_1/restart_2/baseline.pt,0.844354510307312,56.9393310546875,56.9393310546875,2.9651644229888916,19.981253872250516,0.1315063306255941,0.5062473123860846,0.512427653014591,0.7884615384615384
1,dp_v2,artifacts/rq1_v2/confirmatory_run_20260916/dp_v2/group_1_run/simple_defense_attack_clipping_noise_mc_rq1_v2_confirmatory_r4_i600_lr0p1_nonneg0p001_clip100_mult0p00105_mc100/group_1/restart_1/baseline.pt,0.9851832389831543,6.809517860412598,6.809517860412598,1.317665934562683,19.05257115737019,0.16042172208278682,0.34116314222448973,0.3336863769620017,0.7692307692307693
2,raw,artifacts/rq1_v2/confirmatory_run_20260916/raw/group_2_run/harddiff_reparam_rq1_v2_confirmatory_standard_nonneg_0p001/group_2/restart_3/baseline.pt,0.5306902527809143,23.539653778076172,23.539653778076172,2.346508264541626,23.01050148357888,0.7849767156443781,0.8739601044691342,0.8680314485395922,0.7115384615384616
2,dna_v2,artifacts/rq1_v2/confirmatory_run_20260916/dna_v2/group_2_run/dna_v2_iht_attack_rq1_v2_confirmatory_ratio0p95_eta0p01_s0p2_iht80_step1_r4_i600_lr0p1_nonneg0p001/group_2/restart_2/baseline.pt,0.7612634301185608,17.2298641204834,17.2298641204834,2.1766905784606934,24.89096485536099,0.8095798132594471,0.8390808992200642,0.8418861910087144,0.7884615384615384
2,dp_v2,artifacts/rq1_v2/confirmatory_run_20260916/dp_v2/group_2_run/simple_defense_attack_clipping_noise_mc_rq1_v2_confirmatory_r4_i600_lr0p1_nonneg0p001_clip100_mult0p00105_mc100/group_2/restart_2/baseline.pt,1.0017387866973877,25.53414535522461,25.53414535522461,2.7026212215423584,20.03312016054462,0.5872744042984912,0.600271076218235,0.5641673311054524,0.8076923076923077
3,raw,artifacts/rq1_v2/confirmatory_run_20260916/raw/group_3_run/harddiff_reparam_rq1_v2_confirmatory_standard_nonneg_0p001/group_3/restart_3/baseline.pt,0.7936693429946899,411.53778076171875,411.53778076171875,7.729381084442139,17.287986194686404,0.22939721434907318,0.21023575532671188,0.19728362548209166,0.6730769230769231
3,dna_v2,artifacts/rq1_v2/confirmatory_run_20260916/dna_v2/group_3_run/dna_v2_iht_attack_rq1_v2_confirmatory_ratio0p95_eta0p01_s0p2_iht80_step1_r4_i600_lr0p1_nonneg0p001/group_3/restart_1/baseline.pt,0.9011150598526001,409.96075439453125,409.96075439453125,8.209535598754883,18.36213842216324,0.22117946517570855,0.1989051996319715,0.17766325052836127,0.7692307692307693
3,dp_v2,artifacts/rq1_v2/confirmatory_run_20260916/dp_v2/group_3_run/simple_defense_attack_clipping_noise_mc_rq1_v2_confirmatory_r4_i600_lr0p1_nonneg0p001_clip100_mult0p00105_mc100/group_3/restart_3/baseline.pt,1.1211130619049072,402.3494873046875,402.3494873046875,9.57910442352295,18.082017851609745,0.250646080481845,0.22653412619428118,0.2143353172649024,0.7307692307692307
4,raw,artifacts/rq1_v2/confirmatory_run_20260916/raw/group_4_run/harddiff_reparam_rq1_v2_confirmatory_standard_nonneg_0p001/group_4/restart_3/baseline.pt,0.6341671943664551,62.75851058959961,62.75851058959961,3.561161994934082,21.227293726618456,0.6080177149719632,0.6623915699946957,0.6507821479782225,0.7115384615384616
4,dna_v2,artifacts/rq1_v2/confirmatory_run_20260916/dna_v2/group_4_run/dna_v2_iht_attack_rq1_v2_confirmatory_ratio0p95_eta0p01_s0p2_iht80_step1_r4_i600_lr0p1_nonneg0p001/group_4/restart_2/baseline.pt,0.8313933610916138,84.61851501464844,84.61851501464844,4.625353813171387,20.99954911872836,0.5193632772972236,0.5515157964003596,0.5587705717236294,0.6923076923076923
4,dp_v2,artifacts/rq1_v2/confirmatory_run_20260916/dp_v2/group_4_run/simple_defense_attack_clipping_noise_mc_rq1_v2_confirmatory_r4_i600_lr0p1_nonneg0p001_clip100_mult0p00105_mc100/group_4/restart_3/baseline.pt,1.0139718055725098,36.22797775268555,36.22797775268555,2.880760431289673,18.172866052020098,0.5203329467496198,0.5405964834851351,0.5103789263791412,0.6923076923076923
5,raw,artifacts/rq1_v2/confirmatory_run_20260916/raw/group_5_run/harddiff_reparam_rq1_v2_confirmatory_standard_nonneg_0p001/group_5/restart_0/baseline.pt,0.5580745935440063,24.817228317260742,24.817228317260742,2.333709955215454,23.426665319937,0.7395048296031648,0.8559889142877851,0.8634612545604452,0.6923076923076923
5,dna_v2,artifacts/rq1_v2/confirmatory_run_20260916/dna_v2/group_5_run/dna_v2_iht_attack_rq1_v2_confirmatory_ratio0p95_eta0p01_s0p2_iht80_step1_r4_i600_lr0p1_nonneg0p001/group_5/restart_0/baseline.pt,0.7163100242614746,25.646812438964844,25.646812438964844,2.463773488998413,23.2853142306568,0.7164747448915326,0.8078621376040805,0.8166183682082871,0.6923076923076923
5,dp_v2,artifacts/rq1_v2/confirmatory_run_20260916/dp_v2/group_5_run/simple_defense_attack_clipping_noise_mc_rq1_v2_confirmatory_r4_i600_lr0p1_nonneg0p001_clip100_mult0p00105_mc100/group_5/restart_1/baseline.pt,0.881662905216217,11.13817310333252,11.13817310333252,1.761366605758667,21.509350665146144,0.7662374194170669,0.7723584831908306,0.7611387155857182,0.7115384615384616
6,raw,artifacts/rq1_v2/confirmatory_run_20260916/raw/group_6_run/harddiff_reparam_rq1_v2_confirmatory_standard_nonneg_0p001/group_6/restart_2/baseline.pt,0.5927785038948059,9844.25390625,9844.25390625,20.61180877685547,19.335060792032177,0.2456346490952191,0.8647121869616194,0.8680340658346184,0.75
6,dna_v2,artifacts/rq1_v2/confirmatory_run_20260916/dna_v2/group_6_run/dna_v2_iht_attack_rq1_v2_confirmatory_ratio0p95_eta0p01_s0p2_iht80_step1_r4_i600_lr0p1_nonneg0p001/group_6/restart_0/baseline.pt,0.7194929122924805,7663.8193359375,7663.8193359375,20.481487274169922,20.82490327646866,0.44765196649766426,0.8672356253172766,0.8694452961022037,0.7307692307692307
6,dp_v2,artifacts/rq1_v2/confirmatory_run_20260916/dp_v2/group_6_run/simple_defense_attack_clipping_noise_mc_rq1_v2_confirmatory_r4_i600_lr0p1_nonneg0p001_clip100_mult0p00105_mc100/group_6/restart_1/baseline.pt,1.0785361528396606,16236.89453125,16236.89453125,36.688480377197266,17.422103561374264,-0.10348956659298976,-0.20279515425503303,-0.2560704783868479,0.7115384615384616
7,raw,artifacts/rq1_v2/confirmatory_run_20260916/raw/group_7_run/harddiff_reparam_rq1_v2_confirmatory_standard_nonneg_0p001/group_7/restart_1/baseline.pt,0.5111773014068604,44.58787155151367,44.58787155151367,3.0640792846679688,20.670859856866652,0.4606825882475606,0.7456770851400886,0.7785257202405717,0.7115384615384616
7,dna_v2,artifacts/rq1_v2/confirmatory_run_20260916/dna_v2/group_7_run/dna_v2_iht_attack_rq1_v2_confirmatory_ratio0p95_eta0p01_s0p2_iht80_step1_r4_i600_lr0p1_nonneg0p001/group_7/restart_1/baseline.pt,0.6972777843475342,28.68915557861328,28.68915557861328,2.2780003547668457,21.602009260766295,0.5539329582271947,0.8387497769290796,0.853896413464844,0.7115384615384616
7,dp_v2,artifacts/rq1_v2/confirmatory_run_20260916/dp_v2/group_7_run/simple_defense_attack_clipping_noise_mc_rq1_v2_confirmatory_r4_i600_lr0p1_nonneg0p001_clip100_mult0p00105_mc100/group_7/restart_0/baseline.pt,0.8565912246704102,6.975009441375732,6.975009441375732,1.6542432308197021,22.23657243448845,0.6718602892968586,0.7085487159554784,0.6986431996254647,0.6923076923076923
8,raw,artifacts/rq1_v2/confirmatory_run_20260916/raw/group_8_run/harddiff_reparam_rq1_v2_confirmatory_standard_nonneg_0p001/group_8/restart_0/baseline.pt,0.6144728660583496,14.326492309570312,14.326492309570312,1.9339808225631714,23.83214026350547,0.7319179659462741,0.8848245744023249,0.8876168641177151,0.6538461538461539
8,dna_v2,artifacts/rq1_v2/confirmatory_run_20260916/dna_v2/group_8_run/dna_v2_iht_attack_rq1_v2_confirmatory_ratio0p95_eta0p01_s0p2_iht80_step1_r4_i600_lr0p1_nonneg0p001/group_8/restart_0/baseline.pt,0.7911853790283203,40.72431945800781,40.72431945800781,2.4168283939361572,23.614088879773405,0.6115289451353245,0.9297841616486716,0.9370384416534511,0.7692307692307693
8,dp_v2,artifacts/rq1_v2/confirmatory_run_20260916/dp_v2/group_8_run/simple_defense_attack_clipping_noise_mc_rq1_v2_confirmatory_r4_i600_lr0p1_nonneg0p001_clip100_mult0p00105_mc100/group_8/restart_1/baseline.pt,0.8616348505020142,12.144492149353027,12.144492149353027,1.901504635810852,20.505910988997783,0.4821365632622083,0.46976608586693164,0.45120049102559834,0.7692307692307693
9,raw,artifacts/rq1_v2/confirmatory_run_20260916/raw/group_9_run/harddiff_reparam_rq1_v2_confirmatory_standard_nonneg_0p001/group_9/restart_2/baseline.pt,0.8147823810577393,2331.996337890625,2331.996337890625,15.014728546142578,17.46327387442485,0.07303212373914916,0.05640068532457579,0.02721550652501959,0.6730769230769231
9,dna_v2,artifacts/rq1_v2/confirmatory_run_20260916/dna_v2/group_9_run/dna_v2_iht_attack_rq1_v2_confirmatory_ratio0p95_eta0p01_s0p2_iht80_step1_r4_i600_lr0p1_nonneg0p001/group_9/restart_3/baseline.pt,0.9245268702507019,2054.73876953125,2054.73876953125,12.75628662109375,17.025215306261003,0.06797560748740941,0.058697000069166436,0.038887034032064186,0.6730769230769231
9,dp_v2,artifacts/rq1_v2/confirmatory_run_20260916/dp_v2/group_9_run/simple_defense_attack_clipping_noise_mc_rq1_v2_confirmatory_r4_i600_lr0p1_nonneg0p001_clip100_mult0p00105_mc100/group_9/restart_3/baseline.pt,0.9497224688529968,2745.231689453125,2745.231689453125,21.81674575805664,17.225859895429487,0.08418288774098077,0.058461643185770996,0.04074047808553065,0.8461538461538461
10,raw,artifacts/rq1_v2/confirmatory_run_20260916/raw/group_10_run/harddiff_reparam_rq1_v2_confirmatory_standard_nonneg_0p001/group_10/restart_0/baseline.pt,0.5846700668334961,101.73676300048828,101.73676300048828,5.2872314453125,24.999459041363007,0.8334194023727569,0.8587268468321919,0.863462721460096,0.7884615384615384
10,dna_v2,artifacts/rq1_v2/confirmatory_run_20260916/dna_v2/group_10_run/dna_v2_iht_attack_rq1_v2_confirmatory_ratio0p95_eta0p01_s0p2_iht80_step1_r4_i600_lr0p1_nonneg0p001/group_10/restart_3/baseline.pt,0.8773273229598999,126.20474243164062,126.20474243164062,5.583159446716309,22.060065277420456,0.702635797358238,0.687470828515192,0.6917283604173078,0.7692307692307693
10,dp_v2,artifacts/rq1_v2/confirmatory_run_20260916/dp_v2/group_10_run/simple_defense_attack_clipping_noise_mc_rq1_v2_confirmatory_r4_i600_lr0p1_nonneg0p001_clip100_mult0p00105_mc100/group_10/restart_0/baseline.pt,0.9585723876953125,112.28005981445312,112.28005981445312,5.262488842010498,22.929973464731876,0.7508571288192871,0.7459355200599322,0.7388674347042367,0.7115384615384616
11,raw,artifacts/rq1_v2/confirmatory_run_20260916/raw/group_11_run/harddiff_reparam_rq1_v2_confirmatory_standard_nonneg_0p001/group_11/restart_1/baseline.pt,0.8116360306739807,2985.82861328125,2985.82861328125,19.073179244995117,16.38046669087601,0.08680330123838889,0.10251825425293062,0.08068785163253392,0.7307692307692307
11,dna_v2,artifacts/rq1_v2/confirmatory_run_20260916/dna_v2/group_11_run/dna_v2_iht_attack_rq1_v2_confirmatory_ratio0p95_eta0p01_s0p2_iht80_step1_r4_i600_lr0p1_nonneg0p001/group_11/restart_3/baseline.pt,0.8550683856010437,2387.299072265625,2387.299072265625,16.262422561645508,17.35159262744941,0.3770463928945682,0.4296054997190549,0.4093878665992916,0.7307692307692307
11,dp_v2,artifacts/rq1_v2/confirmatory_run_20260916/dp_v2/group_11_run/simple_defense_attack_clipping_noise_mc_rq1_v2_confirmatory_r4_i600_lr0p1_nonneg0p001_clip100_mult0p00105_mc100/group_11/restart_2/baseline.pt,1.108343243598938,5159.54638671875,5159.54638671875,30.229646682739258,16.030399999957016,-0.1520128015183836,-0.18267837067081866,-0.21832841243926424,0.75
12,raw,artifacts/rq1_v2/confirmatory_run_20260916/raw/group_12_run/harddiff_reparam_rq1_v2_confirmatory_standard_nonneg_0p001/group_12/restart_3/baseline.pt,0.5056502223014832,36.756168365478516,36.756168365478516,2.7245333194732666,23.341309663292805,0.7289348943440365,0.798326552212658,0.8098463184095093,0.7307692307692307
12,dna_v2,artifacts/rq1_v2/confirmatory_run_20260916/dna_v2/group_12_run/dna_v2_iht_attack_rq1_v2_confirmatory_ratio0p95_eta0p01_s0p2_iht80_step1_r4_i600_lr0p1_nonneg0p001/group_12/restart_3/baseline.pt,0.7177194356918335,30.92169189453125,30.92169189453125,2.57733416557312,22.472552659302963,0.7194808948326948,0.767810664478218,0.754945476392801,0.7884615384615384
12,dp_v2,artifacts/rq1_v2/confirmatory_run_20260916/dp_v2/group_12_run/simple_defense_attack_clipping_noise_mc_rq1_v2_confirmatory_r4_i600_lr0p1_nonneg0p001_clip100_mult0p00105_mc100/group_12/restart_3/baseline.pt,0.9789112210273743,19.66165542602539,19.66165542602539,2.0043227672576904,20.653494617641105,0.7518148602853196,0.7635579463429186,0.7497487848311973,0.6923076923076923
13,raw,artifacts/rq1_v2/confirmatory_run_20260916/raw/group_13_run/harddiff_reparam_rq1_v2_confirmatory_standard_nonneg_0p001/group_13/restart_2/baseline.pt,0.8395291566848755,90.47854614257812,90.47854614257812,4.2215166091918945,18.525655208843006,0.21001499072383165,0.17943251937280644,0.18125072177980361,0.7115384615384616
13,dna_v2,artifacts/rq1_v2/confirmatory_run_20260916/dna_v2/group_13_run/dna_v2_iht_attack_rq1_v2_confirmatory_ratio0p95_eta0p01_s0p2_iht80_step1_r4_i600_lr0p1_nonneg0p001/group_13/restart_2/baseline.pt,0.9607495069503784,50.92313003540039,50.92313003540039,3.323376178741455,19.274913999605758,0.3784304631064681,0.35154517178275124,0.35007066396542913,0.8076923076923077
13,dp_v2,artifacts/rq1_v2/confirmatory_run_20260916/dp_v2/group_13_run/simple_defense_attack_clipping_noise_mc_rq1_v2_confirmatory_r4_i600_lr0p1_nonneg0p001_clip100_mult0p00105_mc100/group_13/restart_3/baseline.pt,0.9048514366149902,42.53364562988281,42.53364562988281,3.0434420108795166,17.554401663693035,0.114925420682687,0.08339668917397006,0.08293690915601379,0.75
14,raw,artifacts/rq1_v2/confirmatory_run_20260916/raw/group_14_run/harddiff_reparam_rq1_v2_confirmatory_standard_nonneg_0p001/group_14/restart_1/baseline.pt,0.5283671617507935,104.37720489501953,104.37720489501953,4.721894264221191,24.01851874621339,0.8068363945237129,0.8178028655378409,0.8211788570803346,0.6730769230769231
14,dna_v2,artifacts/rq1_v2/confirmatory_run_20260916/dna_v2/group_14_run/dna_v2_iht_attack_rq1_v2_confirmatory_ratio0p95_eta0p01_s0p2_iht80_step1_r4_i600_lr0p1_nonneg0p001/group_14/restart_2/baseline.pt,0.6850044131278992,84.13085174560547,84.13085174560547,3.9926211833953857,23.016696979009588,0.803095090567971,0.7960128938724047,0.7978103253816958,0.6923076923076923
14,dp_v2,artifacts/rq1_v2/confirmatory_run_20260916/dp_v2/group_14_run/simple_defense_attack_clipping_noise_mc_rq1_v2_confirmatory_r4_i600_lr0p1_nonneg0p001_clip100_mult0p00105_mc100/group_14/restart_2/baseline.pt,0.8569750785827637,303.84832763671875,303.84832763671875,7.197753429412842,18.123695111492687,0.3181375321209129,0.3096350713441569,0.28634157832744406,0.7884615384615384
15,raw,artifacts/rq1_v2/confirmatory_run_20260916/raw/group_15_run/harddiff_reparam_rq1_v2_confirmatory_standard_nonneg_0p001/group_15/restart_1/baseline.pt,0.5829472541809082,24.09498405456543,24.09498405456543,2.1685359477996826,21.040966158878863,0.4487369075722012,0.5298602960529909,0.5406090716971321,0.6923076923076923
15,dna_v2,artifacts/rq1_v2/confirmatory_run_20260916/dna_v2/group_15_run/dna_v2_iht_attack_rq1_v2_confirmatory_ratio0p95_eta0p01_s0p2_iht80_step1_r4_i600_lr0p1_nonneg0p001/group_15/restart_3/baseline.pt,0.8205593824386597,35.39512252807617,35.39512252807617,2.7277963161468506,20.01980589170256,0.28769388720870237,0.33787002930379306,0.327102913810567,0.8076923076923077
15,dp_v2,artifacts/rq1_v2/confirmatory_run_20260916/dp_v2/group_15_run/simple_defense_attack_clipping_noise_mc_rq1_v2_confirmatory_r4_i600_lr0p1_nonneg0p001_clip100_mult0p00105_mc100/group_15/restart_0/baseline.pt,0.9924206137657166,5.309323787689209,5.309323787689209,1.4625420570373535,20.181266556617054,0.7175795317770521,0.7388029155407612,0.7236651012326079,0.7692307692307693
16,raw,artifacts/rq1_v2/confirmatory_run_20260916/raw/group_16_run/harddiff_reparam_rq1_v2_confirmatory_standard_nonneg_0p001/group_16/restart_2/baseline.pt,0.40145811438560486,556.954833984375,556.954833984375,6.032617568969727,23.40239431766762,0.7286685731648248,0.9668099390499613,0.9665135445212305,0.7307692307692307
16,dna_v2,artifacts/rq1_v2/confirmatory_run_20260916/dna_v2/group_16_run/dna_v2_iht_attack_rq1_v2_confirmatory_ratio0p95_eta0p01_s0p2_iht80_step1_r4_i600_lr0p1_nonneg0p001/group_16/restart_2/baseline.pt,0.6898233890533447,560.7217407226562,560.7217407226562,5.474581241607666,23.373121549140965,0.7259282083784796,0.9751466465294059,0.9768225250801593,0.7692307692307693
16,dp_v2,artifacts/rq1_v2/confirmatory_run_20260916/dp_v2/group_16_run/simple_defense_attack_clipping_noise_mc_rq1_v2_confirmatory_r4_i600_lr0p1_nonneg0p001_clip100_mult0p00105_mc100/group_16/restart_3/baseline.pt,0.9286148548126221,3281.55419921875,3281.55419921875,16.260831832885742,16.46242824666632,-0.16165908974493687,-0.20247731107927566,-0.22726630566316902,0.7115384615384616
17,raw,artifacts/rq1_v2/confirmatory_run_20260916/raw/group_17_run/harddiff_reparam_rq1_v2_confirmatory_standard_nonneg_0p001/group_17/restart_1/baseline.pt,0.3491476774215698,16.019699096679688,16.019699096679688,2.019268274307251,31.89979296137504,0.9621596456805683,0.9713240278829113,0.9717827301426013,0.7692307692307693
17,dna_v2,artifacts/rq1_v2/confirmatory_run_20260916/dna_v2/group_17_run/dna_v2_iht_attack_rq1_v2_confirmatory_ratio0p95_eta0p01_s0p2_iht80_step1_r4_i600_lr0p1_nonneg0p001/group_17/restart_1/baseline.pt,0.7408762574195862,21.225780487060547,21.225780487060547,2.0762059688568115,30.301069752780492,0.9466648831722362,0.9494430888011206,0.9491172820112732,0.7692307692307693
17,dp_v2,artifacts/rq1_v2/confirmatory_run_20260916/dp_v2/group_17_run/simple_defense_attack_clipping_noise_mc_rq1_v2_confirmatory_r4_i600_lr0p1_nonneg0p001_clip100_mult0p00105_mc100/group_17/restart_0/baseline.pt,0.8972582817077637,551.44482421875,551.44482421875,6.986886978149414,16.765419176504462,-0.5549255213670667,-0.6575560602471373,-0.6676175342542939,0.7692307692307693
18,raw,artifacts/rq1_v2/confirmatory_run_20260916/raw/group_18_run/harddiff_reparam_rq1_v2_confirmatory_standard_nonneg_0p001/group_18/restart_1/baseline.pt,0.5396597981452942,17.88460922241211,17.88460922241211,1.9472593069076538,24.985564183254905,0.8314023942963498,0.8501102687468934,0.8509658586703257,0.7307692307692307
18,dna_v2,artifacts/rq1_v2/confirmatory_run_20260916/dna_v2/group_18_run/dna_v2_iht_attack_rq1_v2_confirmatory_ratio0p95_eta0p01_s0p2_iht80_step1_r4_i600_lr0p1_nonneg0p001/group_18/restart_3/baseline.pt,0.7922248840332031,24.327402114868164,24.327402114868164,2.2840042114257812,22.812392147301995,0.7536958658626439,0.757081633033715,0.758665518294453,0.7692307692307693
18,dp_v2,artifacts/rq1_v2/confirmatory_run_20260916/dp_v2/group_18_run/simple_defense_attack_clipping_noise_mc_rq1_v2_confirmatory_r4_i600_lr0p1_nonneg0p001_clip100_mult0p00105_mc100/group_18/restart_0/baseline.pt,0.9715213775634766,89.11780548095703,89.11780548095703,3.2869505882263184,16.887350786480972,-0.29269201852574656,-0.37499282046275534,-0.3750419143891111,0.7115384615384616
19,raw,artifacts/rq1_v2/confirmatory_run_20260916/raw/group_19_run/harddiff_reparam_rq1_v2_confirmatory_standard_nonneg_0p001/group_19/restart_2/baseline.pt,0.5558905601501465,31.84250259399414,31.84250259399414,2.35661244392395,19.680885785904504,0.28098201104142767,0.7325716440254756,0.7270965414094125,0.75
19,dna_v2,artifacts/rq1_v2/confirmatory_run_20260916/dna_v2/group_19_run/dna_v2_iht_attack_rq1_v2_confirmatory_ratio0p95_eta0p01_s0p2_iht80_step1_r4_i600_lr0p1_nonneg0p001/group_19/restart_3/baseline.pt,0.738121747970581,48.29597854614258,48.29597854614258,2.7030797004699707,20.89160616673246,0.26520048604172625,0.7381817087739481,0.7521456427029846,0.7115384615384616
19,dp_v2,artifacts/rq1_v2/confirmatory_run_20260916/dp_v2/group_19_run/simple_defense_attack_clipping_noise_mc_rq1_v2_confirmatory_r4_i600_lr0p1_nonneg0p001_clip100_mult0p00105_mc100/group_19/restart_2/baseline.pt,0.8684470653533936,2.1602530479431152,2.1602530479431152,1.048153042793274,21.60398668993215,0.6418328598098931,0.7972864579070793,0.7927679942935928,0.6153846153846154
20,raw,artifacts/rq1_v2/confirmatory_run_20260916/raw/group_20_run/harddiff_reparam_rq1_v2_confirmatory_standard_nonneg_0p001/group_20/restart_3/baseline.pt,0.44291871786117554,11.066226959228516,11.066226959228516,1.9248394966125488,29.283069349692305,0.9534855267055798,0.9525526687110066,0.9523516504694615,0.7692307692307693
20,dna_v2,artifacts/rq1_v2/confirmatory_run_20260916/dna_v2/group_20_run/dna_v2_iht_attack_rq1_v2_confirmatory_ratio0p95_eta0p01_s0p2_iht80_step1_r4_i600_lr0p1_nonneg0p001/group_20/restart_0/baseline.pt,0.6777600049972534,7.207918643951416,7.207918643951416,1.60430908203125,30.84453868814255,0.9692518178315963,0.9686273270351624,0.9704381660037515,0.6923076923076923
20,dp_v2,artifacts/rq1_v2/confirmatory_run_20260916/dp_v2/group_20_run/simple_defense_attack_clipping_noise_mc_rq1_v2_confirmatory_r4_i600_lr0p1_nonneg0p001_clip100_mult0p00105_mc100/group_20/restart_3/baseline.pt,0.8713140487670898,19.801719665527344,19.801719665527344,2.1083998680114746,27.18220492018561,0.9167584704973774,0.9162662847253304,0.9129395194575386,0.7307692307692307
21,raw,artifacts/rq1_v2/confirmatory_run_20260916/raw/group_21_run/harddiff_reparam_rq1_v2_confirmatory_standard_nonneg_0p001/group_21/restart_3/baseline.pt,0.35130929946899414,609.4337158203125,609.4337158203125,6.435776233673096,25.56824665153124,0.8506856273271501,0.9862702841104594,0.9881489233374741,0.7115384615384616
21,dna_v2,artifacts/rq1_v2/confirmatory_run_20260916/dna_v2/group_21_run/dna_v2_iht_attack_rq1_v2_confirmatory_ratio0p95_eta0p01_s0p2_iht80_step1_r4_i600_lr0p1_nonneg0p001/group_21/restart_2/baseline.pt,0.7801156640052795,1569.025146484375,1569.025146484375,10.652402877807617,22.1487185756863,0.5844145092744901,0.849947999817151,0.8570873618117546,0.6730769230769231
21,dp_v2,artifacts/rq1_v2/confirmatory_run_20260916/dp_v2/group_21_run/simple_defense_attack_clipping_noise_mc_rq1_v2_confirmatory_r4_i600_lr0p1_nonneg0p001_clip100_mult0p00105_mc100/group_21/restart_1/baseline.pt,0.9247874617576599,5071.53564453125,5071.53564453125,19.243671417236328,16.646639330748844,-0.10107634075442731,-0.13463442524160982,-0.17323522594428617,0.75
22,raw,artifacts/rq1_v2/confirmatory_run_20260916/raw/group_22_run/harddiff_reparam_rq1_v2_confirmatory_standard_nonneg_0p001/group_22/restart_0/baseline.pt,0.7432023882865906,298.8367919921875,298.8367919921875,6.85758113861084,18.883342186119734,0.38801183795373034,0.36222276961561733,0.3603811437200555,0.7692307692307693
22,dna_v2,artifacts/rq1_v2/confirmatory_run_20260916/dna_v2/group_22_run/dna_v2_iht_attack_rq1_v2_confirmatory_ratio0p95_eta0p01_s0p2_iht80_step1_r4_i600_lr0p1_nonneg0p001/group_22/restart_1/baseline.pt,0.8475839495658875,353.01104736328125,353.01104736328125,7.914515018463135,19.333225985728546,0.3467841549410553,0.31943736807363937,0.31084009440138627,0.7307692307692307
22,dp_v2,artifacts/rq1_v2/confirmatory_run_20260916/dp_v2/group_22_run/simple_defense_attack_clipping_noise_mc_rq1_v2_confirmatory_r4_i600_lr0p1_nonneg0p001_clip100_mult0p00105_mc100/group_22/restart_3/baseline.pt,0.9629988074302673,281.8992614746094,281.8992614746094,8.516704559326172,19.612899664482317,0.411639235503903,0.39392205560152355,0.3791017000289145,0.7692307692307693
23,raw,artifacts/rq1_v2/confirmatory_run_20260916/raw/group_23_run/harddiff_reparam_rq1_v2_confirmatory_standard_nonneg_0p001/group_23/restart_0/baseline.pt,0.6655027270317078,445.40325927734375,445.40325927734375,9.544190406799316,16.98244357410899,0.30719753386171006,0.27954692768311346,0.2878134585514997,0.6538461538461539
23,dna_v2,artifacts/rq1_v2/confirmatory_run_20260916/dna_v2/group_23_run/dna_v2_iht_attack_rq1_v2_confirmatory_ratio0p95_eta0p01_s0p2_iht80_step1_r4_i600_lr0p1_nonneg0p001/group_23/restart_1/baseline.pt,0.9065646529197693,506.2752380371094,506.2752380371094,11.074941635131836,15.352854958944786,0.14742240053792893,0.14277295056024117,0.12181396675140803,0.7115384615384616
23,dp_v2,artifacts/rq1_v2/confirmatory_run_20260916/dp_v2/group_23_run/simple_defense_attack_clipping_noise_mc_rq1_v2_confirmatory_r4_i600_lr0p1_nonneg0p001_clip100_mult0p00105_mc100/group_23/restart_2/baseline.pt,0.9299874305725098,668.0513916015625,668.0513916015625,13.061094284057617,15.933214105711242,0.0561673566723614,-0.004888412363087209,0.02813292704311792,0.75
24,raw,artifacts/rq1_v2/confirmatory_run_20260916/raw/group_24_run/harddiff_reparam_rq1_v2_confirmatory_standard_nonneg_0p001/group_24/restart_1/baseline.pt,0.5414775013923645,61.07155990600586,61.07155990600586,3.2032015323638916,26.40645514218076,0.8723561639315067,0.9483098325849756,0.9488379929669947,0.7692307692307693
24,dna_v2,artifacts/rq1_v2/confirmatory_run_20260916/dna_v2/group_24_run/dna_v2_iht_attack_rq1_v2_confirmatory_ratio0p95_eta0p01_s0p2_iht80_step1_r4_i600_lr0p1_nonneg0p001/group_24/restart_0/baseline.pt,0.62969970703125,17.725341796875,17.725341796875,2.1241064071655273,29.08759590048558,0.9461824729956083,0.9461419093228652,0.9513812594453291,0.7884615384615384
24,dp_v2,artifacts/rq1_v2/confirmatory_run_20260916/dp_v2/group_24_run/simple_defense_attack_clipping_noise_mc_rq1_v2_confirmatory_r4_i600_lr0p1_nonneg0p001_clip100_mult0p00105_mc100/group_24/restart_0/baseline.pt,0.8835175633430481,23.228912353515625,23.228912353515625,2.1820003986358643,26.874176689465713,0.9170584231459378,0.9160490233461606,0.9134434584429254,0.7692307692307693
25,raw,artifacts/rq1_v2/confirmatory_run_20260916/raw/group_25_run/harddiff_reparam_rq1_v2_confirmatory_standard_nonneg_0p001/group_25/restart_2/baseline.pt,0.45363742113113403,21.268901824951172,21.268901824951172,1.8422293663024902,24.146111901034644,0.6837652840054012,0.8734545422957657,0.8764052462728779,0.7115384615384616
25,dna_v2,artifacts/rq1_v2/confirmatory_run_20260916/dna_v2/group_25_run/dna_v2_iht_attack_rq1_v2_confirmatory_ratio0p95_eta0p01_s0p2_iht80_step1_r4_i600_lr0p1_nonneg0p001/group_25/restart_2/baseline.pt,0.71334308385849,30.257551193237305,30.257551193237305,2.323289632797241,21.799234147341817,0.5237659272702755,0.6392756812683362,0.6406067914852959,0.75
25,dp_v2,artifacts/rq1_v2/confirmatory_run_20260916/dp_v2/group_25_run/simple_defense_attack_clipping_noise_mc_rq1_v2_confirmatory_r4_i600_lr0p1_nonneg0p001_clip100_mult0p00105_mc100/group_25/restart_0/baseline.pt,0.8775808215141296,3.6657967567443848,3.6657967567443848,1.021109700202942,26.221139868387347,0.8710366425717457,0.8876624323120883,0.884038588341553,0.7692307692307693
26,raw,artifacts/rq1_v2/confirmatory_run_20260916/raw/group_26_run/harddiff_reparam_rq1_v2_confirmatory_standard_nonneg_0p001/group_26/restart_2/baseline.pt,0.6797299385070801,51.88712692260742,51.88712692260742,3.3827340602874756,22.825934362570763,0.6594331570886178,0.8072300978560862,0.8122426910929262,0.75
26,dna_v2,artifacts/rq1_v2/confirmatory_run_20260916/dna_v2/group_26_run/dna_v2_iht_attack_rq1_v2_confirmatory_ratio0p95_eta0p01_s0p2_iht80_step1_r4_i600_lr0p1_nonneg0p001/group_26/restart_2/baseline.pt,0.7070526480674744,8.160795211791992,8.160795211791992,1.5067239999771118,27.648954962393532,0.9010716948973918,0.9377329170287984,0.9386368378235382,0.7307692307692307
26,dp_v2,artifacts/rq1_v2/confirmatory_run_20260916/dp_v2/group_26_run/simple_defense_attack_clipping_noise_mc_rq1_v2_confirmatory_r4_i600_lr0p1_nonneg0p001_clip100_mult0p00105_mc100/group_26/restart_0/baseline.pt,0.863956868648529,37.219364166259766,37.219364166259766,2.4017114639282227,18.427159184326925,0.3959597556585636,0.3900201551301485,0.3693138986075582,0.7692307692307693
27,raw,artifacts/rq1_v2/confirmatory_run_20260916/raw/group_27_run/harddiff_reparam_rq1_v2_confirmatory_standard_nonneg_0p001/group_27/restart_3/baseline.pt,0.7749647498130798,142.46934509277344,142.46934509277344,5.320399761199951,19.158344152381854,0.4995731850884008,0.49915834353375754,0.48199365560273566,0.6730769230769231
27,dna_v2,artifacts/rq1_v2/confirmatory_run_20260916/dna_v2/group_27_run/dna_v2_iht_attack_rq1_v2_confirmatory_ratio0p95_eta0p01_s0p2_iht80_step1_r4_i600_lr0p1_nonneg0p001/group_27/restart_0/baseline.pt,0.8187376856803894,100.52217864990234,100.52217864990234,4.069718837738037,19.64687360551148,0.5765329309062175,0.5736724314399637,0.5593680594332665,0.7692307692307693
27,dp_v2,artifacts/rq1_v2/confirmatory_run_20260916/dp_v2/group_27_run/simple_defense_attack_clipping_noise_mc_rq1_v2_confirmatory_r4_i600_lr0p1_nonneg0p001_clip100_mult0p00105_mc100/group_27/restart_2/baseline.pt,1.0356943607330322,194.83953857421875,194.83953857421875,5.673393249511719,17.25657474759281,0.21101091503760921,0.20926349799789148,0.17292906267136052,0.7692307692307693
28,raw,artifacts/rq1_v2/confirmatory_run_20260916/raw/group_28_run/harddiff_reparam_rq1_v2_confirmatory_standard_nonneg_0p001/group_28/restart_2/baseline.pt,0.502797544002533,89.38725280761719,89.38725280761719,3.607401132583618,21.75064890479106,0.49074259719002844,0.7862123200763185,0.7825020510962877,0.7115384615384616
28,dna_v2,artifacts/rq1_v2/confirmatory_run_20260916/dna_v2/group_28_run/dna_v2_iht_attack_rq1_v2_confirmatory_ratio0p95_eta0p01_s0p2_iht80_step1_r4_i600_lr0p1_nonneg0p001/group_28/restart_3/baseline.pt,0.6917059421539307,33.02096939086914,33.02096939086914,2.277184009552002,24.284373927376393,0.6974596780440409,0.9425777800315152,0.9497988063968306,0.7115384615384616
28,dp_v2,artifacts/rq1_v2/confirmatory_run_20260916/dp_v2/group_28_run/simple_defense_attack_clipping_noise_mc_rq1_v2_confirmatory_r4_i600_lr0p1_nonneg0p001_clip100_mult0p00105_mc100/group_28/restart_1/baseline.pt,0.9628450274467468,3.2254996299743652,3.2254996299743652,1.1132315397262573,26.597546731545446,0.8988536576221988,0.8960960983215734,0.8943204122215491,0.7115384615384616
29,raw,artifacts/rq1_v2/confirmatory_run_20260916/raw/group_29_run/harddiff_reparam_rq1_v2_confirmatory_standard_nonneg_0p001/group_29/restart_2/baseline.pt,0.44729599356651306,42.98396682739258,42.98396682739258,3.1796836853027344,29.895413374428543,0.9503998811937828,0.9478105069867307,0.9490233226079341,0.75
29,dna_v2,artifacts/rq1_v2/confirmatory_run_20260916/dna_v2/group_29_run/dna_v2_iht_attack_rq1_v2_confirmatory_ratio0p95_eta0p01_s0p2_iht80_step1_r4_i600_lr0p1_nonneg0p001/group_29/restart_1/baseline.pt,0.8411198854446411,117.5775146484375,117.5775146484375,4.567877769470215,26.172115107244444,0.8351684393633234,0.8525925248826648,0.85027448235659,0.75
29,dp_v2,artifacts/rq1_v2/confirmatory_run_20260916/dp_v2/group_29_run/simple_defense_attack_clipping_noise_mc_rq1_v2_confirmatory_r4_i600_lr0p1_nonneg0p001_clip100_mult0p00105_mc100/group_29/restart_3/baseline.pt,0.9042813181877136,1236.122802734375,1236.122802734375,11.148319244384766,16.636973024208125,-0.4842316648404792,-0.5566838935585505,-0.588927268028444,0.7115384615384616
30,raw,artifacts/rq1_v2/confirmatory_run_20260916/raw/group_30_run/harddiff_reparam_rq1_v2_confirmatory_standard_nonneg_0p001/group_30/restart_2/baseline.pt,0.5012944936752319,23.045076370239258,23.045076370239258,2.27671480178833,23.16917516992637,0.7927322470540837,0.7991457251710353,0.7937074067781043,0.7884615384615384
30,dna_v2,artifacts/rq1_v2/confirmatory_run_20260916/dna_v2/group_30_run/dna_v2_iht_attack_rq1_v2_confirmatory_ratio0p95_eta0p01_s0p2_iht80_step1_r4_i600_lr0p1_nonneg0p001/group_30/restart_1/baseline.pt,0.7474177479743958,14.444602012634277,14.444602012634277,1.7987829446792603,26.533865403650122,0.8876918582368173,0.9053306604745938,0.9123165403907323,0.6538461538461539
30,dp_v2,artifacts/rq1_v2/confirmatory_run_20260916/dp_v2/group_30_run/simple_defense_attack_clipping_noise_mc_rq1_v2_confirmatory_r4_i600_lr0p1_nonneg0p001_clip100_mult0p00105_mc100/group_30/restart_0/baseline.pt,0.8508518934249878,77.45028686523438,77.45028686523438,3.0112226009368896,17.35864319728767,0.10396495392143897,0.08891547901827647,0.05687530855515818,0.7692307692307693
31,raw,artifacts/rq1_v2/confirmatory_run_20260916/raw/group_31_run/harddiff_reparam_rq1_v2_confirmatory_standard_nonneg_0p001/group_31/restart_0/baseline.pt,0.5070950984954834,246.24874877929688,246.24874877929688,6.18612003326416,24.473910489523657,0.8032252462100103,0.8655596249992902,0.8658376084104616,0.6730769230769231
31,dna_v2,artifacts/rq1_v2/confirmatory_run_20260916/dna_v2/group_31_run/dna_v2_iht_attack_rq1_v2_confirmatory_ratio0p95_eta0p01_s0p2_iht80_step1_r4_i600_lr0p1_nonneg0p001/group_31/restart_1/baseline.pt,0.799318790435791,923.9896240234375,923.9896240234375,10.696404457092285,19.409264419167908,0.31880359202299374,0.30030809669950914,0.28936716653519995,0.6730769230769231
31,dp_v2,artifacts/rq1_v2/confirmatory_run_20260916/dp_v2/group_31_run/simple_defense_attack_clipping_noise_mc_rq1_v2_confirmatory_r4_i600_lr0p1_nonneg0p001_clip100_mult0p00105_mc100/group_31/restart_0/baseline.pt,0.910405158996582,1516.27734375,1516.27734375,11.230860710144043,16.823511693231357,0.0650643242821325,0.05010338792370832,0.019804964482550792,0.7884615384615384
32,raw,artifacts/rq1_v2/confirmatory_run_20260916/raw/group_32_run/harddiff_reparam_rq1_v2_confirmatory_standard_nonneg_0p001/group_32/restart_2/baseline.pt,0.554128110408783,27.2203369140625,27.2203369140625,2.249661922454834,24.444744151015936,0.7621817687889904,0.8874813931452619,0.885127696064812,0.7884615384615384
32,dna_v2,artifacts/rq1_v2/confirmatory_run_20260916/dna_v2/group_32_run/dna_v2_iht_attack_rq1_v2_confirmatory_ratio0p95_eta0p01_s0p2_iht80_step1_r4_i600_lr0p1_nonneg0p001/group_32/restart_1/baseline.pt,0.7602401375770569,24.502910614013672,24.502910614013672,2.1314268112182617,25.994535574420983,0.7994548842086656,0.9434054053300885,0.9487711698491257,0.8076923076923077
32,dp_v2,artifacts/rq1_v2/confirmatory_run_20260916/dp_v2/group_32_run/simple_defense_attack_clipping_noise_mc_rq1_v2_confirmatory_r4_i600_lr0p1_nonneg0p001_clip100_mult0p00105_mc100/group_32/restart_3/baseline.pt,0.8626560568809509,21.330476760864258,21.330476760864258,2.292275905609131,20.91340434440521,0.6039198623519954,0.5897259633095948,0.5852751124826725,0.7115384615384616
33,raw,artifacts/rq1_v2/confirmatory_run_20260916/raw/group_33_run/harddiff_reparam_rq1_v2_confirmatory_standard_nonneg_0p001/group_33/restart_1/baseline.pt,0.513990044593811,105.72933197021484,105.72933197021484,4.245362758636475,23.394114284985726,0.7757794402620958,0.7718982638335368,0.7683756627761803,0.6923076923076923
33,dna_v2,artifacts/rq1_v2/confirmatory_run_20260916/dna_v2/group_33_run/dna_v2_iht_attack_rq1_v2_confirmatory_ratio0p95_eta0p01_s0p2_iht80_step1_r4_i600_lr0p1_nonneg0p001/group_33/restart_1/baseline.pt,0.7512190341949463,119.78047943115234,119.78047943115234,5.011784076690674,23.5001100637853,0.7715294853057147,0.7713597751298236,0.7733381905218122,0.6730769230769231
33,dp_v2,artifacts/rq1_v2/confirmatory_run_20260916/dp_v2/group_33_run/simple_defense_attack_clipping_noise_mc_rq1_v2_confirmatory_r4_i600_lr0p1_nonneg0p001_clip100_mult0p00105_mc100/group_33/restart_0/baseline.pt,0.9593173265457153,219.69972229003906,219.69972229003906,5.5505523681640625,19.042951545274036,0.502359556047247,0.49855200975567704,0.48114465698263337,0.7884615384615384
34,raw,artifacts/rq1_v2/confirmatory_run_20260916/raw/group_34_run/harddiff_reparam_rq1_v2_confirmatory_standard_nonneg_0p001/group_34/restart_2/baseline.pt,0.844694972038269,110.92976379394531,110.92976379394531,4.5468268394470215,17.77914096132886,0.3050780623341758,0.26420385755060527,0.2808184284693079,0.7115384615384616
34,dna_v2,artifacts/rq1_v2/confirmatory_run_20260916/dna_v2/group_34_run/dna_v2_iht_attack_rq1_v2_confirmatory_ratio0p95_eta0p01_s0p2_iht80_step1_r4_i600_lr0p1_nonneg0p001/group_34/restart_2/baseline.pt,1.0123330354690552,80.65215301513672,80.65215301513672,3.4728472232818604,18.691723308643084,0.3111323574520781,0.2941861204049835,0.30293192876342884,0.75
34,dp_v2,artifacts/rq1_v2/confirmatory_run_20260916/dp_v2/group_34_run/simple_defense_attack_clipping_noise_mc_rq1_v2_confirmatory_r4_i600_lr0p1_nonneg0p001_clip100_mult0p00105_mc100/group_34/restart_2/baseline.pt,1.0048339366912842,78.27465057373047,78.27465057373047,4.20811653137207,19.076423450885315,0.4157524935326604,0.3904634682197424,0.4004614615266598,0.8653846153846154
35,raw,artifacts/rq1_v2/confirmatory_run_20260916/raw/group_35_run/harddiff_reparam_rq1_v2_confirmatory_standard_nonneg_0p001/group_35/restart_2/baseline.pt,0.7400022745132446,40.85787582397461,40.85787582397461,2.885789632797241,18.52291452700743,0.16898062176939085,0.14056902145186176,0.15010474096261942,0.7692307692307693
35,dna_v2,artifacts/rq1_v2/confirmatory_run_20260916/dna_v2/group_35_run/dna_v2_iht_attack_rq1_v2_confirmatory_ratio0p95_eta0p01_s0p2_iht80_step1_r4_i600_lr0p1_nonneg0p001/group_35/restart_2/baseline.pt,0.8612505793571472,45.75166320800781,45.75166320800781,3.4638938903808594,17.48341648566059,0.14372255373251383,0.14090672689156983,0.13155363637126444,0.7307692307692307
35,dp_v2,artifacts/rq1_v2/confirmatory_run_20260916/dp_v2/group_35_run/simple_defense_attack_clipping_noise_mc_rq1_v2_confirmatory_r4_i600_lr0p1_nonneg0p001_clip100_mult0p00105_mc100/group_35/restart_0/baseline.pt,0.9343454241752625,24.89652442932129,24.89652442932129,2.4032678604125977,17.758143447082336,0.1658017018028035,0.1372892477560832,0.13132665844259772,0.7692307692307693
36,raw,artifacts/rq1_v2/confirmatory_run_20260916/raw/group_36_run/harddiff_reparam_rq1_v2_confirmatory_standard_nonneg_0p001/group_36/restart_0/baseline.pt,0.6062618494033813,38.48752212524414,38.48752212524414,2.864466428756714,19.547615030402532,0.26215645338731397,0.47351488281347953,0.47581238237374895,0.8076923076923077
36,dna_v2,artifacts/rq1_v2/confirmatory_run_20260916/dna_v2/group_36_run/dna_v2_iht_attack_rq1_v2_confirmatory_ratio0p95_eta0p01_s0p2_iht80_step1_r4_i600_lr0p1_nonneg0p001/group_36/restart_3/baseline.pt,0.8034664392471313,34.336997985839844,34.336997985839844,2.585116386413574,20.30916286561128,0.2917235894591663,0.4867725131146371,0.5129905043406687,0.7115384615384616
36,dp_v2,artifacts/rq1_v2/confirmatory_run_20260916/dp_v2/group_36_run/simple_defense_attack_clipping_noise_mc_rq1_v2_confirmatory_r4_i600_lr0p1_nonneg0p001_clip100_mult0p00105_mc100/group_36/restart_3/baseline.pt,0.8746050596237183,19.61233901977539,19.61233901977539,2.2746200561523438,18.019883098084048,0.2928173866245306,0.4541193499849246,0.4348969893100454,0.75
37,raw,artifacts/rq1_v2/confirmatory_run_20260916/raw/group_37_run/harddiff_reparam_rq1_v2_confirmatory_standard_nonneg_0p001/group_37/restart_3/baseline.pt,0.6170225739479065,33.373905181884766,33.373905181884766,2.3785340785980225,20.678594357925157,0.234273152316558,0.650430175831133,0.6501386709799041,0.6730769230769231
37,dna_v2,artifacts/rq1_v2/confirmatory_run_20260916/dna_v2/group_37_run/dna_v2_iht_attack_rq1_v2_confirmatory_ratio0p95_eta0p01_s0p2_iht80_step1_r4_i600_lr0p1_nonneg0p001/group_37/restart_2/baseline.pt,0.8169540166854858,29.11086082458496,29.11086082458496,2.297203779220581,19.609687604714587,0.21003856244917402,0.5469657021804041,0.5639175109389254,0.7307692307692307
37,dp_v2,artifacts/rq1_v2/confirmatory_run_20260916/dp_v2/group_37_run/simple_defense_attack_clipping_noise_mc_rq1_v2_confirmatory_r4_i600_lr0p1_nonneg0p001_clip100_mult0p00105_mc100/group_37/restart_3/baseline.pt,0.9360349774360657,5.689943790435791,5.689943790435791,1.1729639768600464,18.762527505172685,0.28055305784505163,0.43901750936683126,0.42400036070998276,0.75
38,raw,artifacts/rq1_v2/confirmatory_run_20260916/raw/group_38_run/harddiff_reparam_rq1_v2_confirmatory_standard_nonneg_0p001/group_38/restart_0/baseline.pt,0.7887808680534363,130.87832641601562,130.87832641601562,5.279439926147461,18.329862824867615,0.3450846143070575,0.32628716707523,0.346221058467517,0.7884615384615384
38,dna_v2,artifacts/rq1_v2/confirmatory_run_20260916/dna_v2/group_38_run/dna_v2_iht_attack_rq1_v2_confirmatory_ratio0p95_eta0p01_s0p2_iht80_step1_r4_i600_lr0p1_nonneg0p001/group_38/restart_1/baseline.pt,0.9521561861038208,204.67080688476562,204.67080688476562,6.6909003257751465,16.889309479455385,0.2619779970802703,0.25077363222428384,0.23447601000032903,0.7307692307692307
38,dp_v2,artifacts/rq1_v2/confirmatory_run_20260916/dp_v2/group_38_run/simple_defense_attack_clipping_noise_mc_rq1_v2_confirmatory_r4_i600_lr0p1_nonneg0p001_clip100_mult0p00105_mc100/group_38/restart_2/baseline.pt,1.0206518173217773,226.84542846679688,226.84542846679688,7.351351261138916,17.16760394317059,0.1640612294692161,0.15569395347503787,0.12365216736447227,0.7692307692307693
39,raw,artifacts/rq1_v2/confirmatory_run_20260916/raw/group_39_run/harddiff_reparam_rq1_v2_confirmatory_standard_nonneg_0p001/group_39/restart_2/baseline.pt,0.5812160968780518,304.5509033203125,304.5509033203125,4.994763374328613,21.871583556498994,0.5418119227601609,0.8880687371794659,0.8866601815357478,0.6730769230769231
39,dna_v2,artifacts/rq1_v2/confirmatory_run_20260916/dna_v2/group_39_run/dna_v2_iht_attack_rq1_v2_confirmatory_ratio0p95_eta0p01_s0p2_iht80_step1_r4_i600_lr0p1_nonneg0p001/group_39/restart_0/baseline.pt,0.8405210971832275,507.07843017578125,507.07843017578125,6.332235336303711,19.71981064237355,0.38982047103290085,0.4006819534686022,0.3937535897082667,0.75
39,dp_v2,artifacts/rq1_v2/confirmatory_run_20260916/dp_v2/group_39_run/simple_defense_attack_clipping_noise_mc_rq1_v2_confirmatory_r4_i600_lr0p1_nonneg0p001_clip100_mult0p00105_mc100/group_39/restart_0/baseline.pt,1.0547212362289429,1587.307861328125,1587.307861328125,11.70833683013916,16.520888044404998,-0.4524930271364117,-0.5271378731317594,-0.5496622847551637,0.6153846153846154
40,raw,artifacts/rq1_v2/confirmatory_run_20260916/raw/group_40_run/harddiff_reparam_rq1_v2_confirmatory_standard_nonneg_0p001/group_40/restart_3/baseline.pt,0.7061977982521057,42.501670837402344,42.501670837402344,2.62953782081604,18.555549063895384,0.08582396914083304,0.18165500871045948,0.14150400432414076,0.6346153846153846
40,dna_v2,artifacts/rq1_v2/confirmatory_run_20260916/dna_v2/group_40_run/dna_v2_iht_attack_rq1_v2_confirmatory_ratio0p95_eta0p01_s0p2_iht80_step1_r4_i600_lr0p1_nonneg0p001/group_40/restart_2/baseline.pt,0.7950140833854675,21.186279296875,21.186279296875,2.3853049278259277,18.282425269564968,0.12477258836632214,0.2756443685059851,0.296834607252124,0.6923076923076923
40,dp_v2,artifacts/rq1_v2/confirmatory_run_20260916/dp_v2/group_40_run/simple_defense_attack_clipping_noise_mc_rq1_v2_confirmatory_r4_i600_lr0p1_nonneg0p001_clip100_mult0p00105_mc100/group_40/restart_1/baseline.pt,0.9937897324562073,2.586744546890259,2.586744546890259,0.9932283163070679,17.037968052331202,0.26737011645702596,0.3920576775758908,0.3771129725792234,0.7884615384615384
41,raw,artifacts/rq1_v2/confirmatory_run_20260916/raw/group_41_run/harddiff_reparam_rq1_v2_confirmatory_standard_nonneg_0p001/group_41/restart_0/baseline.pt,0.46351924538612366,59.03337097167969,59.03337097167969,3.289128303527832,21.745160454640732,0.6719599570255885,0.6650147240201127,0.6591602011178519,0.6730769230769231
41,dna_v2,artifacts/rq1_v2/confirmatory_run_20260916/dna_v2/group_41_run/dna_v2_iht_attack_rq1_v2_confirmatory_ratio0p95_eta0p01_s0p2_iht80_step1_r4_i600_lr0p1_nonneg0p001/group_41/restart_2/baseline.pt,0.6664557456970215,22.589841842651367,22.589841842651367,2.103945255279541,24.35813389836229,0.8572376762060917,0.8530460825355005,0.8539515072196606,0.8461538461538461
41,dp_v2,artifacts/rq1_v2/confirmatory_run_20260916/dp_v2/group_41_run/simple_defense_attack_clipping_noise_mc_rq1_v2_confirmatory_r4_i600_lr0p1_nonneg0p001_clip100_mult0p00105_mc100/group_41/restart_3/baseline.pt,0.8920064568519592,38.042808532714844,38.042808532714844,2.903688669204712,23.645082181679648,0.7938318820779209,0.7961508370983923,0.7902199010367787,0.7307692307692307
42,raw,artifacts/rq1_v2/confirmatory_run_20260916/raw/group_42_run/harddiff_reparam_rq1_v2_confirmatory_standard_nonneg_0p001/group_42/restart_2/baseline.pt,0.6526145339012146,303.5114440917969,303.5114440917969,7.333374977111816,18.26525410980478,0.5555680411276797,0.547563927925602,0.5463742191645088,0.7307692307692307
42,dna_v2,artifacts/rq1_v2/confirmatory_run_20260916/dna_v2/group_42_run/dna_v2_iht_attack_rq1_v2_confirmatory_ratio0p95_eta0p01_s0p2_iht80_step1_r4_i600_lr0p1_nonneg0p001/group_42/restart_1/baseline.pt,0.7745332717895508,221.83639526367188,221.83639526367188,5.084408283233643,20.907953632166443,0.6793306298623719,0.6709834572501636,0.6717084284931822,0.75
42,dp_v2,artifacts/rq1_v2/confirmatory_run_20260916/dp_v2/group_42_run/simple_defense_attack_clipping_noise_mc_rq1_v2_confirmatory_r4_i600_lr0p1_nonneg0p001_clip100_mult0p00105_mc100/group_42/restart_1/baseline.pt,0.9164074063301086,838.0005493164062,838.0005493164062,11.839141845703125,13.90739233653312,-0.1236505607642848,-0.11190057441083531,-0.16266396806624725,0.7692307692307693
43,raw,artifacts/rq1_v2/confirmatory_run_20260916/raw/group_43_run/harddiff_reparam_rq1_v2_confirmatory_standard_nonneg_0p001/group_43/restart_1/baseline.pt,0.4837501347064972,8107.6865234375,8107.6865234375,17.683137893676758,19.603801853259384,0.2868273829930933,0.9021804610464772,0.9066329011083437,0.7307692307692307
43,dna_v2,artifacts/rq1_v2/confirmatory_run_20260916/dna_v2/group_43_run/dna_v2_iht_attack_rq1_v2_confirmatory_ratio0p95_eta0p01_s0p2_iht80_step1_r4_i600_lr0p1_nonneg0p001/group_43/restart_2/baseline.pt,0.8122970461845398,8702.5458984375,8702.5458984375,20.50974464416504,19.601836294835703,0.2510206119928466,0.6129330904772926,0.6099971926398442,0.7692307692307693
43,dp_v2,artifacts/rq1_v2/confirmatory_run_20260916/dp_v2/group_43_run/simple_defense_attack_clipping_noise_mc_rq1_v2_confirmatory_r4_i600_lr0p1_nonneg0p001_clip100_mult0p00105_mc100/group_43/restart_2/baseline.pt,0.9625645279884338,11975.4951171875,11975.4951171875,30.270977020263672,17.919001699407723,0.06001814020112155,0.04487235363780069,0.0041970565387013485,0.6923076923076923
44,raw,artifacts/rq1_v2/confirmatory_run_20260916/raw/group_44_run/harddiff_reparam_rq1_v2_confirmatory_standard_nonneg_0p001/group_44/restart_1/baseline.pt,0.9438205361366272,2376.9853515625,2376.9853515625,13.906367301940918,18.952939841264044,0.1993404217189415,0.2646246975753145,0.24714168741180925,0.7307692307692307
44,dna_v2,artifacts/rq1_v2/confirmatory_run_20260916/dna_v2/group_44_run/dna_v2_iht_attack_rq1_v2_confirmatory_ratio0p95_eta0p01_s0p2_iht80_step1_r4_i600_lr0p1_nonneg0p001/group_44/restart_2/baseline.pt,0.9500501751899719,3075.8623046875,3075.8623046875,17.58683967590332,18.915471651809646,0.10229039648151991,0.06252534709417819,0.046816172073820266,0.7884615384615384
44,dp_v2,artifacts/rq1_v2/confirmatory_run_20260916/dp_v2/group_44_run/simple_defense_attack_clipping_noise_mc_rq1_v2_confirmatory_r4_i600_lr0p1_nonneg0p001_clip100_mult0p00105_mc100/group_44/restart_1/baseline.pt,1.053649663925171,784.9010620117188,784.9010620117188,12.313495635986328,25.045908714072233,0.8120781245766858,0.8344903409198065,0.8294746629921931,0.6730769230769231
45,raw,artifacts/rq1_v2/confirmatory_run_20260916/raw/group_45_run/harddiff_reparam_rq1_v2_confirmatory_standard_nonneg_0p001/group_45/restart_0/baseline.pt,0.6923336386680603,37.71211624145508,37.71211624145508,2.9311776161193848,22.45997420032781,0.7100503621608316,0.687475613455306,0.7035804162799951,0.6346153846153846
45,dna_v2,artifacts/rq1_v2/confirmatory_run_20260916/dna_v2/group_45_run/dna_v2_iht_attack_rq1_v2_confirmatory_ratio0p95_eta0p01_s0p2_iht80_step1_r4_i600_lr0p1_nonneg0p001/group_45/restart_0/baseline.pt,0.7828955054283142,28.267559051513672,28.267559051513672,2.297999143600464,22.875022993574294,0.7442410507791362,0.7212703624688819,0.7347235790550746,0.7115384615384616
45,dp_v2,artifacts/rq1_v2/confirmatory_run_20260916/dp_v2/group_45_run/simple_defense_attack_clipping_noise_mc_rq1_v2_confirmatory_r4_i600_lr0p1_nonneg0p001_clip100_mult0p00105_mc100/group_45/restart_2/baseline.pt,1.106946587562561,23.596317291259766,23.596317291259766,2.584868907928467,23.209162847243775,0.7768388384682424,0.7585051729444352,0.7711521356599221,0.8461538461538461
46,raw,artifacts/rq1_v2/confirmatory_run_20260916/raw/group_46_run/harddiff_reparam_rq1_v2_confirmatory_standard_nonneg_0p001/group_46/restart_2/baseline.pt,0.8312088251113892,313.6058654785156,313.6058654785156,7.70089054107666,18.84422925754479,0.27686709673703075,0.21178929081059739,0.248406494410161,0.6730769230769231
46,dna_v2,artifacts/rq1_v2/confirmatory_run_20260916/dna_v2/group_46_run/dna_v2_iht_attack_rq1_v2_confirmatory_ratio0p95_eta0p01_s0p2_iht80_step1_r4_i600_lr0p1_nonneg0p001/group_46/restart_0/baseline.pt,0.9664025902748108,241.95188903808594,241.95188903808594,6.975024223327637,19.254722259754253,0.3332109601178531,0.2750902437208426,0.30168416549608607,0.6923076923076923
46,dp_v2,artifacts/rq1_v2/confirmatory_run_20260916/dp_v2/group_46_run/simple_defense_attack_clipping_noise_mc_rq1_v2_confirmatory_r4_i600_lr0p1_nonneg0p001_clip100_mult0p00105_mc100/group_46/restart_3/baseline.pt,1.0650440454483032,213.44302368164062,213.44302368164062,6.8595499992370605,18.908103904886204,0.40592199741200363,0.37182265816646304,0.38274833679520415,0.8461538461538461
47,raw,artifacts/rq1_v2/confirmatory_run_20260916/raw/group_47_run/harddiff_reparam_rq1_v2_confirmatory_standard_nonneg_0p001/group_47/restart_0/baseline.pt,0.664490282535553,6887.0263671875,6887.0263671875,16.973033905029297,19.272198892227138,0.21000096661690051,0.5818463264187904,0.5809659476739587,0.6923076923076923
47,dna_v2,artifacts/rq1_v2/confirmatory_run_20260916/dna_v2/group_47_run/dna_v2_iht_attack_rq1_v2_confirmatory_ratio0p95_eta0p01_s0p2_iht80_step1_r4_i600_lr0p1_nonneg0p001/group_47/restart_0/baseline.pt,0.8005321025848389,6722.9599609375,6722.9599609375,14.811990737915039,19.089373657514308,0.208201483996191,0.8502642750988304,0.8461618352751321,0.7307692307692307
47,dp_v2,artifacts/rq1_v2/confirmatory_run_20260916/dp_v2/group_47_run/simple_defense_attack_clipping_noise_mc_rq1_v2_confirmatory_r4_i600_lr0p1_nonneg0p001_clip100_mult0p00105_mc100/group_47/restart_1/baseline.pt,1.095873475074768,11048.56640625,11048.56640625,27.09307861328125,17.47230687321072,-0.13350607790954996,-0.24648460397635366,-0.3032736318141916,0.6538461538461539
48,raw,artifacts/rq1_v2/confirmatory_run_20260916/raw/group_48_run/harddiff_reparam_rq1_v2_confirmatory_standard_nonneg_0p001/group_48/restart_3/baseline.pt,0.5291664004325867,56.89595413208008,56.89595413208008,3.283200979232788,29.872067894515983,0.9528792163795572,0.9505766168232089,0.9514609575503702,0.7115384615384616
48,dna_v2,artifacts/rq1_v2/confirmatory_run_20260916/dna_v2/group_48_run/dna_v2_iht_attack_rq1_v2_confirmatory_ratio0p95_eta0p01_s0p2_iht80_step1_r4_i600_lr0p1_nonneg0p001/group_48/restart_0/baseline.pt,0.7090761065483093,220.6832733154297,220.6832733154297,5.482387065887451,25.352622315206577,0.8141891470961292,0.8015134506090932,0.8042397641729454,0.6923076923076923
48,dp_v2,artifacts/rq1_v2/confirmatory_run_20260916/dp_v2/group_48_run/simple_defense_attack_clipping_noise_mc_rq1_v2_confirmatory_r4_i600_lr0p1_nonneg0p001_clip100_mult0p00105_mc100/group_48/restart_1/baseline.pt,1.037596344947815,1544.5201416015625,1544.5201416015625,11.661909103393555,16.83335184288155,-0.3498172336246152,-0.3944589850348087,-0.4440136267196415,0.75
49,raw,artifacts/rq1_v2/confirmatory_run_20260916/raw/group_49_run/harddiff_reparam_rq1_v2_confirmatory_standard_nonneg_0p001/group_49/restart_2/baseline.pt,0.48669102787971497,51.30633544921875,51.30633544921875,3.3960702419281006,21.484512405235492,0.6281887814841548,0.6248114700646945,0.6154028886530523,0.6923076923076923
49,dna_v2,artifacts/rq1_v2/confirmatory_run_20260916/dna_v2/group_49_run/dna_v2_iht_attack_rq1_v2_confirmatory_ratio0p95_eta0p01_s0p2_iht80_step1_r4_i600_lr0p1_nonneg0p001/group_49/restart_2/baseline.pt,0.7098764181137085,50.99603271484375,50.99603271484375,3.016127347946167,20.4112734364765,0.5810485630168859,0.5700672634644702,0.561805798357646,0.75
49,dp_v2,artifacts/rq1_v2/confirmatory_run_20260916/dp_v2/group_49_run/simple_defense_attack_clipping_noise_mc_rq1_v2_confirmatory_r4_i600_lr0p1_nonneg0p001_clip100_mult0p00105_mc100/group_49/restart_1/baseline.pt,0.9964014291763306,37.16363525390625,37.16363525390625,2.542011260986328,19.653592546571467,0.6653222041923866,0.6742285283204484,0.6534649082937306,0.7692307692307693
50,raw,artifacts/rq1_v2/confirmatory_run_20260916/raw/group_50_run/harddiff_reparam_rq1_v2_confirmatory_standard_nonneg_0p001/group_50/restart_2/baseline.pt,0.5470829010009766,4113.33349609375,4113.33349609375,12.851536750793457,20.83450805845952,0.4818987261543433,0.968791884316817,0.9699445973489994,0.5961538461538461
50,dna_v2,artifacts/rq1_v2/confirmatory_run_20260916/dna_v2/group_50_run/dna_v2_iht_attack_rq1_v2_confirmatory_ratio0p95_eta0p01_s0p2_iht80_step1_r4_i600_lr0p1_nonneg0p001/group_50/restart_3/baseline.pt,0.723158061504364,4713.44091796875,4713.44091796875,13.308287620544434,20.2232988693102,0.3978325900202431,0.9598182954048009,0.9592757113408563,0.6538461538461539
50,dp_v2,artifacts/rq1_v2/confirmatory_run_20260916/dp_v2/group_50_run/simple_defense_attack_clipping_noise_mc_rq1_v2_confirmatory_r4_i600_lr0p1_nonneg0p001_clip100_mult0p00105_mc100/group_50/restart_2/baseline.pt,1.0727931261062622,5392.55517578125,5392.55517578125,21.810081481933594,20.47443906528639,0.4221088219109738,0.5222084431276685,0.5075352841258559,0.6730769230769231
51,raw,artifacts/rq1_v2/confirmatory_run_20260916/raw/group_51_run/harddiff_reparam_rq1_v2_confirmatory_standard_nonneg_0p001/group_51/restart_2/baseline.pt,0.667121171951294,363.7622375488281,363.7622375488281,8.362565040588379,20.677352772750485,0.49116969718544773,0.4339001050611218,0.47070215613984306,0.8076923076923077
51,dna_v2,artifacts/rq1_v2/confirmatory_run_20260916/dna_v2/group_51_run/dna_v2_iht_attack_rq1_v2_confirmatory_ratio0p95_eta0p01_s0p2_iht80_step1_r4_i600_lr0p1_nonneg0p001/group_51/restart_3/baseline.pt,0.7665258646011353,225.59307861328125,225.59307861328125,6.419800281524658,20.529809217675094,0.6106663387054306,0.582363421915807,0.5988622305799624,0.8076923076923077
51,dp_v2,artifacts/rq1_v2/confirmatory_run_20260916/dp_v2/group_51_run/simple_defense_attack_clipping_noise_mc_rq1_v2_confirmatory_r4_i600_lr0p1_nonneg0p001_clip100_mult0p00105_mc100/group_51/restart_2/baseline.pt,0.9401055574417114,287.8976745605469,287.8976745605469,7.840735912322998,18.494107766249886,0.494170555213644,0.4845258229758593,0.47578313886901874,0.8653846153846154
52,raw,artifacts/rq1_v2/confirmatory_run_20260916/raw/group_52_run/harddiff_reparam_rq1_v2_confirmatory_standard_nonneg_0p001/group_52/restart_1/baseline.pt,0.5944148302078247,163.29232788085938,163.29232788085938,4.156879901885986,21.489654454124235,0.5230807907164825,0.9509177462331047,0.9501701937555037,0.7307692307692307
52,dna_v2,artifacts/rq1_v2/confirmatory_run_20260916/dna_v2/group_52_run/dna_v2_iht_attack_rq1_v2_confirmatory_ratio0p95_eta0p01_s0p2_iht80_step1_r4_i600_lr0p1_nonneg0p001/group_52/restart_1/baseline.pt,0.7135076522827148,11.669142723083496,11.669142723083496,1.5071146488189697,25.675863639861,0.8382954627154754,0.8708891888538882,0.8753925871566574,0.8461538461538461
52,dp_v2,artifacts/rq1_v2/confirmatory_run_20260916/dp_v2/group_52_run/simple_defense_attack_clipping_noise_mc_rq1_v2_confirmatory_r4_i600_lr0p1_nonneg0p001_clip100_mult0p00105_mc100/group_52/restart_3/baseline.pt,0.8643916845321655,3.351550579071045,3.351550579071045,1.1222797632217407,28.20451121414063,0.9381764137999757,0.9442010204243676,0.9422589070454552,0.7115384615384616
53,raw,artifacts/rq1_v2/confirmatory_run_20260916/raw/group_53_run/harddiff_reparam_rq1_v2_confirmatory_standard_nonneg_0p001/group_53/restart_1/baseline.pt,0.3971537947654724,1102.3289794921875,1102.3289794921875,8.49697208404541,24.30531515840692,0.7689196838450343,0.9449147544438573,0.9453556201750671,0.7307692307692307
53,dna_v2,artifacts/rq1_v2/confirmatory_run_20260916/dna_v2/group_53_run/dna_v2_iht_attack_rq1_v2_confirmatory_ratio0p95_eta0p01_s0p2_iht80_step1_r4_i600_lr0p1_nonneg0p001/group_53/restart_3/baseline.pt,0.7583276033401489,1020.826171875,1020.826171875,10.393326759338379,24.90348486050021,0.8021450790048884,0.901055588975964,0.9007783311838718,0.75
53,dp_v2,artifacts/rq1_v2/confirmatory_run_20260916/dp_v2/group_53_run/simple_defense_attack_clipping_noise_mc_rq1_v2_confirmatory_r4_i600_lr0p1_nonneg0p001_clip100_mult0p00105_mc100/group_53/restart_1/baseline.pt,1.0687031745910645,3509.906494140625,3509.906494140625,20.159122467041016,20.54385422135756,0.36325783094077635,0.35862498906719736,0.33935329280544196,0.6923076923076923
54,raw,artifacts/rq1_v2/confirmatory_run_20260916/raw/group_54_run/harddiff_reparam_rq1_v2_confirmatory_standard_nonneg_0p001/group_54/restart_2/baseline.pt,0.42886412143707275,77.12140655517578,77.12140655517578,3.0783777236938477,26.9912654113045,0.8896819315237128,0.957445600109526,0.9570510806675266,0.7692307692307693
54,dna_v2,artifacts/rq1_v2/confirmatory_run_20260916/dna_v2/group_54_run/dna_v2_iht_attack_rq1_v2_confirmatory_ratio0p95_eta0p01_s0p2_iht80_step1_r4_i600_lr0p1_nonneg0p001/group_54/restart_3/baseline.pt,0.6576262712478638,27.729856491088867,27.729856491088867,2.447643280029297,31.145820216306618,0.9666403816987367,0.9761712180238998,0.9775277123190804,0.7115384615384616
54,dp_v2,artifacts/rq1_v2/confirmatory_run_20260916/dp_v2/group_54_run/simple_defense_attack_clipping_noise_mc_rq1_v2_confirmatory_r4_i600_lr0p1_nonneg0p001_clip100_mult0p00105_mc100/group_54/restart_1/baseline.pt,0.9620621800422668,236.22982788085938,236.22982788085938,5.999960899353027,23.812338175743072,0.7346957710731266,0.7268523952913925,0.7187577911448725,0.7307692307692307
55,raw,artifacts/rq1_v2/confirmatory_run_20260916/raw/group_55_run/harddiff_reparam_rq1_v2_confirmatory_standard_nonneg_0p001/group_55/restart_1/baseline.pt,0.3333548903465271,105.50560760498047,105.50560760498047,3.392136812210083,26.82502948146294,0.8875932354657501,0.9576758159186557,0.9585738461641633,0.7307692307692307
55,dna_v2,artifacts/rq1_v2/confirmatory_run_20260916/dna_v2/group_55_run/dna_v2_iht_attack_rq1_v2_confirmatory_ratio0p95_eta0p01_s0p2_iht80_step1_r4_i600_lr0p1_nonneg0p001/group_55/restart_3/baseline.pt,0.6727221608161926,163.4747772216797,163.4747772216797,4.440425395965576,25.46011213333786,0.8253358359507568,0.9081198589635185,0.9164307336413738,0.7115384615384616
55,dp_v2,artifacts/rq1_v2/confirmatory_run_20260916/dp_v2/group_55_run/simple_defense_attack_clipping_noise_mc_rq1_v2_confirmatory_r4_i600_lr0p1_nonneg0p001_clip100_mult0p00105_mc100/group_55/restart_1/baseline.pt,0.9719915986061096,120.83960723876953,120.83960723876953,5.0669331550598145,26.3892956085229,0.8941396105133604,0.8966415284096255,0.8935123719513243,0.6730769230769231
56,raw,artifacts/rq1_v2/confirmatory_run_20260916/raw/group_56_run/harddiff_reparam_rq1_v2_confirmatory_standard_nonneg_0p001/group_56/restart_0/baseline.pt,0.7396337389945984,55.5198974609375,55.5198974609375,3.5134546756744385,18.855489856578224,0.17102134807351427,0.3874482471722032,0.3763796615923727,0.6538461538461539
56,dna_v2,artifacts/rq1_v2/confirmatory_run_20260916/dna_v2/group_56_run/dna_v2_iht_attack_rq1_v2_confirmatory_ratio0p95_eta0p01_s0p2_iht80_step1_r4_i600_lr0p1_nonneg0p001/group_56/restart_1/baseline.pt,0.7960720658302307,44.59029769897461,44.59029769897461,2.901883363723755,18.79555275074828,0.16666033023645246,0.3381540628395274,0.3256548069739562,0.7692307692307693
56,dp_v2,artifacts/rq1_v2/confirmatory_run_20260916/dp_v2/group_56_run/simple_defense_attack_clipping_noise_mc_rq1_v2_confirmatory_r4_i600_lr0p1_nonneg0p001_clip100_mult0p00105_mc100/group_56/restart_0/baseline.pt,0.9788283109664917,9.486313819885254,9.486313819885254,1.6666384935379028,19.501033777225967,0.38011276749152667,0.5536970309559293,0.5489311134811874,0.7115384615384616
57,raw,artifacts/rq1_v2/confirmatory_run_20260916/raw/group_57_run/harddiff_reparam_rq1_v2_confirmatory_standard_nonneg_0p001/group_57/restart_0/baseline.pt,0.865592896938324,2473.472900390625,2473.472900390625,16.723020553588867,18.39878611529636,0.11055244324215095,0.04333864064447486,0.06706984655852342,0.75
57,dna_v2,artifacts/rq1_v2/confirmatory_run_20260916/dna_v2/group_57_run/dna_v2_iht_attack_rq1_v2_confirmatory_ratio0p95_eta0p01_s0p2_iht80_step1_r4_i600_lr0p1_nonneg0p001/group_57/restart_2/baseline.pt,0.9790394306182861,1969.2681884765625,1969.2681884765625,12.136127471923828,16.828075320828063,0.057445400378097713,0.05501580339158745,0.02559842563877664,0.6730769230769231
57,dp_v2,artifacts/rq1_v2/confirmatory_run_20260916/dp_v2/group_57_run/simple_defense_attack_clipping_noise_mc_rq1_v2_confirmatory_r4_i600_lr0p1_nonneg0p001_clip100_mult0p00105_mc100/group_57/restart_0/baseline.pt,0.934964656829834,2434.273681640625,2434.273681640625,20.01294708251953,17.96278378357758,0.17940177014860087,0.15566020919814003,0.1432389443031714,0.7115384615384616
58,raw,artifacts/rq1_v2/confirmatory_run_20260916/raw/group_58_run/harddiff_reparam_rq1_v2_confirmatory_standard_nonneg_0p001/group_58/restart_0/baseline.pt,0.5128872394561768,844.9832763671875,844.9832763671875,7.582146644592285,21.712998921658475,0.5614147588184805,0.8694242091985178,0.8828855136105388,0.6923076923076923
58,dna_v2,artifacts/rq1_v2/confirmatory_run_20260916/dna_v2/group_58_run/dna_v2_iht_attack_rq1_v2_confirmatory_ratio0p95_eta0p01_s0p2_iht80_step1_r4_i600_lr0p1_nonneg0p001/group_58/restart_0/baseline.pt,0.8024299740791321,1043.9066162109375,1043.9066162109375,9.539589881896973,22.98150536346576,0.5547657071937474,0.5932960372860426,0.5982424368102117,0.7307692307692307
58,dp_v2,artifacts/rq1_v2/confirmatory_run_20260916/dp_v2/group_58_run/simple_defense_attack_clipping_noise_mc_rq1_v2_confirmatory_r4_i600_lr0p1_nonneg0p001_clip100_mult0p00105_mc100/group_58/restart_2/baseline.pt,1.0623645782470703,997.8304443359375,997.8304443359375,10.508724212646484,23.586068081490673,0.6593598342695232,0.6479825567945269,0.6402363793190607,0.75
59,raw,artifacts/rq1_v2/confirmatory_run_20260916/raw/group_59_run/harddiff_reparam_rq1_v2_confirmatory_standard_nonneg_0p001/group_59/restart_3/baseline.pt,0.7123759984970093,51.33597183227539,51.33597183227539,3.1980860233306885,19.865132370831628,0.5574780342550947,0.5882390281468585,0.5810127867846566,0.6538461538461539
59,dna_v2,artifacts/rq1_v2/confirmatory_run_20260916/dna_v2/group_59_run/dna_v2_iht_attack_rq1_v2_confirmatory_ratio0p95_eta0p01_s0p2_iht80_step1_r4_i600_lr0p1_nonneg0p001/group_59/restart_3/baseline.pt,0.6693547368049622,15.90514087677002,15.90514087677002,1.828384280204773,25.840137454925134,0.8529942244560346,0.8918106035469427,0.892961928838023,0.75
59,dp_v2,artifacts/rq1_v2/confirmatory_run_20260916/dp_v2/group_59_run/simple_defense_attack_clipping_noise_mc_rq1_v2_confirmatory_r4_i600_lr0p1_nonneg0p001_clip100_mult0p00105_mc100/group_59/restart_1/baseline.pt,0.8716115355491638,4.8055338859558105,4.8055338859558105,1.367238998413086,26.980598732901832,0.9265847747299788,0.9324926349069483,0.927546384638307,0.7692307692307693
60,raw,artifacts/rq1_v2/confirmatory_run_20260916/raw/group_60_run/harddiff_reparam_rq1_v2_confirmatory_standard_nonneg_0p001/group_60/restart_1/baseline.pt,0.6675389409065247,147.68753051757812,147.68753051757812,5.1988325119018555,18.82729781725502,0.548568994116569,0.5381405611463504,0.5340995516990746,0.7884615384615384
60,dna_v2,artifacts/rq1_v2/confirmatory_run_20260916/dna_v2/group_60_run/dna_v2_iht_attack_rq1_v2_confirmatory_ratio0p95_eta0p01_s0p2_iht80_step1_r4_i600_lr0p1_nonneg0p001/group_60/restart_2/baseline.pt,0.9074663519859314,155.28440856933594,155.28440856933594,6.032020568847656,18.081005266484215,0.5270817126220012,0.5277472025367931,0.511214308134422,0.7884615384615384
60,dp_v2,artifacts/rq1_v2/confirmatory_run_20260916/dp_v2/group_60_run/simple_defense_attack_clipping_noise_mc_rq1_v2_confirmatory_r4_i600_lr0p1_nonneg0p001_clip100_mult0p00105_mc100/group_60/restart_3/baseline.pt,0.9519743919372559,118.85980987548828,118.85980987548828,5.226166248321533,20.090538353381792,0.6429806265386085,0.647749092321586,0.6283705856410091,0.8076923076923077
61,raw,artifacts/rq1_v2/confirmatory_run_20260916/raw/group_61_run/harddiff_reparam_rq1_v2_confirmatory_standard_nonneg_0p001/group_61/restart_2/baseline.pt,0.477944016456604,274.1235046386719,274.1235046386719,5.758423328399658,23.977113719985383,0.7840336945288454,0.907337395388462,0.9090964300972872,0.8269230769230769
61,dna_v2,artifacts/rq1_v2/confirmatory_run_20260916/dna_v2/group_61_run/dna_v2_iht_attack_rq1_v2_confirmatory_ratio0p95_eta0p01_s0p2_iht80_step1_r4_i600_lr0p1_nonneg0p001/group_61/restart_3/baseline.pt,0.7826802730560303,311.5329284667969,311.5329284667969,6.366537094116211,25.5647605393969,0.8134302759516336,0.8127627867837339,0.8217013990967311,0.7884615384615384
61,dp_v2,artifacts/rq1_v2/confirmatory_run_20260916/dp_v2/group_61_run/simple_defense_attack_clipping_noise_mc_rq1_v2_confirmatory_r4_i600_lr0p1_nonneg0p001_clip100_mult0p00105_mc100/group_61/restart_0/baseline.pt,0.9166156053543091,684.7196655273438,684.7196655273438,9.74642276763916,21.57888413224047,0.584552893420599,0.5796279334766455,0.5629317943662964,0.6923076923076923
62,raw,artifacts/rq1_v2/confirmatory_run_20260916/raw/group_62_run/harddiff_reparam_rq1_v2_confirmatory_standard_nonneg_0p001/group_62/restart_0/baseline.pt,0.8583424091339111,5191.9814453125,5191.9814453125,27.08109474182129,16.143252938206334,-0.16089967968019175,-0.300325330834008,-0.32958771290443845,0.6730769230769231
62,dna_v2,artifacts/rq1_v2/confirmatory_run_20260916/dna_v2/group_62_run/dna_v2_iht_attack_rq1_v2_confirmatory_ratio0p95_eta0p01_s0p2_iht80_step1_r4_i600_lr0p1_nonneg0p001/group_62/restart_2/baseline.pt,0.9684640169143677,2998.1708984375,2998.1708984375,20.520906448364258,18.683409294480214,0.30675588831365025,0.500165041094571,0.49000502638419885,0.6730769230769231
62,dp_v2,artifacts/rq1_v2/confirmatory_run_20260916/dp_v2/group_62_run/simple_defense_attack_clipping_noise_mc_rq1_v2_confirmatory_r4_i600_lr0p1_nonneg0p001_clip100_mult0p00105_mc100/group_62/restart_3/baseline.pt,1.0745844841003418,4073.62744140625,4073.62744140625,27.187360763549805,18.856220839605346,0.296656477168368,0.3077402304793779,0.26585076254216894,0.8653846153846154
63,raw,artifacts/rq1_v2/confirmatory_run_20260916/raw/group_63_run/harddiff_reparam_rq1_v2_confirmatory_standard_nonneg_0p001/group_63/restart_0/baseline.pt,0.6139333844184875,48.563148498535156,48.563148498535156,3.2742133140563965,20.369234222133798,0.5728286979422664,0.7375091024244047,0.7598760947616687,0.6923076923076923
63,dna_v2,artifacts/rq1_v2/confirmatory_run_20260916/dna_v2/group_63_run/dna_v2_iht_attack_rq1_v2_confirmatory_ratio0p95_eta0p01_s0p2_iht80_step1_r4_i600_lr0p1_nonneg0p001/group_63/restart_0/baseline.pt,0.8152187466621399,25.11506462097168,25.11506462097168,2.5996038913726807,22.052787853645523,0.6738959524808602,0.7682558987174696,0.77587793946218,0.7115384615384616
63,dp_v2,artifacts/rq1_v2/confirmatory_run_20260916/dp_v2/group_63_run/simple_defense_attack_clipping_noise_mc_rq1_v2_confirmatory_r4_i600_lr0p1_nonneg0p001_clip100_mult0p00105_mc100/group_63/restart_0/baseline.pt,0.9746811985969543,13.741155624389648,13.741155624389648,2.352522134780884,20.409501005236386,0.6071962187707054,0.6205910413101748,0.5841253010423331,0.7115384615384616
64,raw,artifacts/rq1_v2/confirmatory_run_20260916/raw/group_64_run/harddiff_reparam_rq1_v2_confirmatory_standard_nonneg_0p001/group_64/restart_0/baseline.pt,0.5463137626647949,12713.1923828125,12713.1923828125,23.26918601989746,19.57334300823555,0.2693580399236509,0.7771550197971757,0.7778307551470561,0.7307692307692307
64,dna_v2,artifacts/rq1_v2/confirmatory_run_20260916/dna_v2/group_64_run/dna_v2_iht_attack_rq1_v2_confirmatory_ratio0p95_eta0p01_s0p2_iht80_step1_r4_i600_lr0p1_nonneg0p001/group_64/restart_3/baseline.pt,0.7875068783760071,13831.3291015625,13831.3291015625,25.00739860534668,19.345356388380953,0.21245870078484197,0.5036761728270999,0.4965894417186439,0.7307692307692307
64,dp_v2,artifacts/rq1_v2/confirmatory_run_20260916/dp_v2/group_64_run/simple_defense_attack_clipping_noise_mc_rq1_v2_confirmatory_r4_i600_lr0p1_nonneg0p001_clip100_mult0p00105_mc100/group_64/restart_2/baseline.pt,1.1050904989242554,16951.619140625,16951.619140625,33.44520568847656,17.929567042707546,0.10681644790387189,0.1267203714997815,0.08594166018389769,0.7115384615384616
65,raw,artifacts/rq1_v2/confirmatory_run_20260916/raw/group_65_run/harddiff_reparam_rq1_v2_confirmatory_standard_nonneg_0p001/group_65/restart_1/baseline.pt,0.6144274473190308,7528.42919921875,7528.42919921875,16.85908317565918,19.880476469014226,0.33729950373935186,0.9064346433757783,0.9053967787504259,0.6730769230769231
65,dna_v2,artifacts/rq1_v2/confirmatory_run_20260916/dna_v2/group_65_run/dna_v2_iht_attack_rq1_v2_confirmatory_ratio0p95_eta0p01_s0p2_iht80_step1_r4_i600_lr0p1_nonneg0p001/group_65/restart_2/baseline.pt,0.8266701102256775,8273.82421875,8273.82421875,19.08596420288086,19.90385979837424,0.2897241229048098,0.6646121726501157,0.6595227622608313,0.6730769230769231
65,dp_v2,artifacts/rq1_v2/confirmatory_run_20260916/dp_v2/group_65_run/simple_defense_attack_clipping_noise_mc_rq1_v2_confirmatory_r4_i600_lr0p1_nonneg0p001_clip100_mult0p00105_mc100/group_65/restart_3/baseline.pt,0.9475457668304443,7329.18408203125,7329.18408203125,23.597938537597656,20.34699977233853,0.4180159668147419,0.5881768869115098,0.5733095274227652,0.7692307692307693
66,raw,artifacts/rq1_v2/confirmatory_run_20260916/raw/group_66_run/harddiff_reparam_rq1_v2_confirmatory_standard_nonneg_0p001/group_66/restart_1/baseline.pt,0.4860740602016449,121.91289520263672,121.91289520263672,4.953066349029541,23.614304086125024,0.7834569960867643,0.7954096372261024,0.7950928059525706,0.6730769230769231
66,dna_v2,artifacts/rq1_v2/confirmatory_run_20260916/dna_v2/group_66_run/dna_v2_iht_attack_rq1_v2_confirmatory_ratio0p95_eta0p01_s0p2_iht80_step1_r4_i600_lr0p1_nonneg0p001/group_66/restart_2/baseline.pt,0.7168225049972534,45.075706481933594,45.075706481933594,2.8619587421417236,25.68658395993679,0.8978119113380683,0.8944965819635531,0.8992306559502656,0.8076923076923077
66,dp_v2,artifacts/rq1_v2/confirmatory_run_20260916/dp_v2/group_66_run/simple_defense_attack_clipping_noise_mc_rq1_v2_confirmatory_r4_i600_lr0p1_nonneg0p001_clip100_mult0p00105_mc100/group_66/restart_1/baseline.pt,0.8773695230484009,176.43910217285156,176.43910217285156,6.235589981079102,20.941239208921022,0.5930428670513745,0.5874706827336746,0.5703708380765113,0.7307692307692307
67,raw,artifacts/rq1_v2/confirmatory_run_20260916/raw/group_67_run/harddiff_reparam_rq1_v2_confirmatory_standard_nonneg_0p001/group_67/restart_0/baseline.pt,0.48526954650878906,913.8225708007812,913.8225708007812,6.090774059295654,22.047851074826852,0.5739231034106324,0.9344069077948068,0.937275801010642,0.8076923076923077
67,dna_v2,artifacts/rq1_v2/confirmatory_run_20260916/dna_v2/group_67_run/dna_v2_iht_attack_rq1_v2_confirmatory_ratio0p95_eta0p01_s0p2_iht80_step1_r4_i600_lr0p1_nonneg0p001/group_67/restart_0/baseline.pt,0.7039725184440613,651.2935791015625,651.2935791015625,6.579012870788574,23.31181006171629,0.7168453026034177,0.938124647792613,0.9382260505136252,0.7692307692307693
67,dp_v2,artifacts/rq1_v2/confirmatory_run_20260916/dp_v2/group_67_run/simple_defense_attack_clipping_noise_mc_rq1_v2_confirmatory_r4_i600_lr0p1_nonneg0p001_clip100_mult0p00105_mc100/group_67/restart_2/baseline.pt,2.493607759475708,1574.8203125,1574.8203125,12.309683799743652,19.844413470691773,0.43491317347245084,0.4454494405479099,0.42921839297966596,0.7115384615384616
68,raw,artifacts/rq1_v2/confirmatory_run_20260916/raw/group_68_run/harddiff_reparam_rq1_v2_confirmatory_standard_nonneg_0p001/group_68/restart_3/baseline.pt,0.691974401473999,11690.0380859375,11690.0380859375,20.867971420288086,19.12275090007736,0.20971788501351396,0.7108634910464889,0.703861215086008,0.7115384615384616
68,dna_v2,artifacts/rq1_v2/confirmatory_run_20260916/dna_v2/group_68_run/dna_v2_iht_attack_rq1_v2_confirmatory_ratio0p95_eta0p01_s0p2_iht80_step1_r4_i600_lr0p1_nonneg0p001/group_68/restart_1/baseline.pt,0.8057782053947449,10835.1298828125,10835.1298828125,21.005706787109375,19.644467316828433,0.2805252349929867,0.7866427811546105,0.7869639603438178,0.7115384615384616
68,dp_v2,artifacts/rq1_v2/confirmatory_run_20260916/dp_v2/group_68_run/simple_defense_attack_clipping_noise_mc_rq1_v2_confirmatory_r4_i600_lr0p1_nonneg0p001_clip100_mult0p00105_mc100/group_68/restart_0/baseline.pt,1.0601085424423218,16530.11328125,16530.11328125,32.853755950927734,17.62080155029817,-0.038478602617208174,-0.13418276619085065,-0.18120947335586032,0.7115384615384616
69,raw,artifacts/rq1_v2/confirmatory_run_20260916/raw/group_69_run/harddiff_reparam_rq1_v2_confirmatory_standard_nonneg_0p001/group_69/restart_2/baseline.pt,0.8154141902923584,111.63182067871094,111.63182067871094,4.760750770568848,17.836769860341207,0.2856009772029754,0.25694185450474955,0.2720299085919857,0.75
69,dna_v2,artifacts/rq1_v2/confirmatory_run_20260916/dna_v2/group_69_run/dna_v2_iht_attack_rq1_v2_confirmatory_ratio0p95_eta0p01_s0p2_iht80_step1_r4_i600_lr0p1_nonneg0p001/group_69/restart_2/baseline.pt,0.9762891530990601,110.07625579833984,110.07625579833984,5.119880199432373,17.351977748326366,0.2537416979012361,0.22599093660985425,0.23604212551572099,0.7307692307692307
69,dp_v2,artifacts/rq1_v2/confirmatory_run_20260916/dp_v2/group_69_run/simple_defense_attack_clipping_noise_mc_rq1_v2_confirmatory_r4_i600_lr0p1_nonneg0p001_clip100_mult0p00105_mc100/group_69/restart_2/baseline.pt,0.951154351234436,47.1475830078125,47.1475830078125,3.2604777812957764,19.492930712766878,0.4489200910112136,0.42542651255771513,0.44701858127015787,0.7884615384615384
70,raw,artifacts/rq1_v2/confirmatory_run_20260916/raw/group_70_run/harddiff_reparam_rq1_v2_confirmatory_standard_nonneg_0p001/group_70/restart_1/baseline.pt,0.8332855105400085,282.2444152832031,282.2444152832031,6.982659339904785,17.52300813866102,0.10293721780648986,0.0806297105099835,0.05511180699608037,0.6923076923076923
70,dna_v2,artifacts/rq1_v2/confirmatory_run_20260916/dna_v2/group_70_run/dna_v2_iht_attack_rq1_v2_confirmatory_ratio0p95_eta0p01_s0p2_iht80_step1_r4_i600_lr0p1_nonneg0p001/group_70/restart_1/baseline.pt,0.9742487072944641,255.42489624023438,255.42489624023438,6.413010120391846,18.17049520267572,0.10191390181034227,0.06713714368003948,0.04757656894770211,0.8653846153846154
70,dp_v2,artifacts/rq1_v2/confirmatory_run_20260916/dp_v2/group_70_run/simple_defense_attack_clipping_noise_mc_rq1_v2_confirmatory_r4_i600_lr0p1_nonneg0p001_clip100_mult0p00105_mc100/group_70/restart_1/baseline.pt,1.162052869796753,247.64271545410156,247.64271545410156,7.531260013580322,19.069417255764055,0.19226055410376905,0.1604889107136684,0.1373027132207979,0.7884615384615384
71,raw,artifacts/rq1_v2/confirmatory_run_20260916/raw/group_71_run/harddiff_reparam_rq1_v2_confirmatory_standard_nonneg_0p001/group_71/restart_0/baseline.pt,0.3325600326061249,90.32267761230469,90.32267761230469,4.268635272979736,30.213208187913594,0.9570051471211845,0.9605047677457845,0.9625758787078262,0.6153846153846154
71,dna_v2,artifacts/rq1_v2/confirmatory_run_20260916/dna_v2/group_71_run/dna_v2_iht_attack_rq1_v2_confirmatory_ratio0p95_eta0p01_s0p2_iht80_step1_r4_i600_lr0p1_nonneg0p001/group_71/restart_3/baseline.pt,0.7038606405258179,191.633544921875,191.633544921875,4.728777885437012,26.04383728868995,0.8794991939497733,0.9494027748608524,0.947942829112605,0.75
71,dp_v2,artifacts/rq1_v2/confirmatory_run_20260916/dp_v2/group_71_run/simple_defense_attack_clipping_noise_mc_rq1_v2_confirmatory_r4_i600_lr0p1_nonneg0p001_clip100_mult0p00105_mc100/group_71/restart_0/baseline.pt,1.0598483085632324,392.9226989746094,392.9226989746094,6.4753594398498535,23.325765770452314,0.7838208083960125,0.8004160868725395,0.7939621895757893,0.7307692307692307
72,raw,artifacts/rq1_v2/confirmatory_run_20260916/raw/group_72_run/harddiff_reparam_rq1_v2_confirmatory_standard_nonneg_0p001/group_72/restart_2/baseline.pt,0.5711838006973267,58.286720275878906,58.286720275878906,3.248667001724243,20.352708169034393,0.4193554346843678,0.7692986026976194,0.7727718840238768,0.7884615384615384
72,dna_v2,artifacts/rq1_v2/confirmatory_run_20260916/dna_v2/group_72_run/dna_v2_iht_attack_rq1_v2_confirmatory_ratio0p95_eta0p01_s0p2_iht80_step1_r4_i600_lr0p1_nonneg0p001/group_72/restart_1/baseline.pt,0.7400596141815186,26.493602752685547,26.493602752685547,2.0588977336883545,22.934212517741734,0.5585912696680558,0.8179286938461928,0.8223515637079886,0.6730769230769231
72,dp_v2,artifacts/rq1_v2/confirmatory_run_20260916/dp_v2/group_72_run/simple_defense_attack_clipping_noise_mc_rq1_v2_confirmatory_r4_i600_lr0p1_nonneg0p001_clip100_mult0p00105_mc100/group_72/restart_0/baseline.pt,0.9808294773101807,26.72992706298828,26.72992706298828,2.367556571960449,16.654720165134183,0.01298258948437226,-0.004962075354539513,-0.041308364493050746,0.6923076923076923
73,raw,artifacts/rq1_v2/confirmatory_run_20260916/raw/group_73_run/harddiff_reparam_rq1_v2_confirmatory_standard_nonneg_0p001/group_73/restart_1/baseline.pt,0.6877050399780273,48.44306182861328,48.44306182861328,3.400294065475464,19.52423766429208,0.5858380769522646,0.6040873114617105,0.6113468239616419,0.7307692307692307
73,dna_v2,artifacts/rq1_v2/confirmatory_run_20260916/dna_v2/group_73_run/dna_v2_iht_attack_rq1_v2_confirmatory_ratio0p95_eta0p01_s0p2_iht80_step1_r4_i600_lr0p1_nonneg0p001/group_73/restart_0/baseline.pt,0.7700782418251038,22.915721893310547,22.915721893310547,2.6375224590301514,24.188285755799413,0.7982062030815379,0.8259678876750808,0.8317972141261072,0.75
73,dp_v2,artifacts/rq1_v2/confirmatory_run_20260916/dp_v2/group_73_run/simple_defense_attack_clipping_noise_mc_rq1_v2_confirmatory_r4_i600_lr0p1_nonneg0p001_clip100_mult0p00105_mc100/group_73/restart_2/baseline.pt,0.9001145362854004,19.734180450439453,19.734180450439453,2.57582950592041,23.509838027679585,0.7309415349706869,0.7149694248032152,0.7167871049940685,0.7692307692307693
74,raw,artifacts/rq1_v2/confirmatory_run_20260916/raw/group_74_run/harddiff_reparam_rq1_v2_confirmatory_standard_nonneg_0p001/group_74/restart_3/baseline.pt,0.5093086957931519,66.26579284667969,66.26579284667969,3.72273588180542,25.762941662889975,0.8386572596626987,0.8798429335119391,0.8800865957746468,0.6730769230769231
74,dna_v2,artifacts/rq1_v2/confirmatory_run_20260916/dna_v2/group_74_run/dna_v2_iht_attack_rq1_v2_confirmatory_ratio0p95_eta0p01_s0p2_iht80_step1_r4_i600_lr0p1_nonneg0p001/group_74/restart_0/baseline.pt,0.7750149369239807,85.82313537597656,85.82313537597656,3.9960103034973145,22.336873293525468,0.7452182642066161,0.7479607916385583,0.749798005313295,0.7115384615384616
74,dp_v2,artifacts/rq1_v2/confirmatory_run_20260916/dp_v2/group_74_run/simple_defense_attack_clipping_noise_mc_rq1_v2_confirmatory_r4_i600_lr0p1_nonneg0p001_clip100_mult0p00105_mc100/group_74/restart_2/baseline.pt,0.97198885679245,165.50245666503906,165.50245666503906,4.723083019256592,19.58582865938733,0.41897191503329917,0.3963542115207849,0.38904996783901974,0.6923076923076923
75,raw,artifacts/rq1_v2/confirmatory_run_20260916/raw/group_75_run/harddiff_reparam_rq1_v2_confirmatory_standard_nonneg_0p001/group_75/restart_1/baseline.pt,0.3511348068714142,7.816695213317871,7.816695213317871,1.4262614250183105,27.54198924955555,0.8960349203271303,0.9287379443858875,0.9320415237428734,0.7115384615384616
75,dna_v2,artifacts/rq1_v2/confirmatory_run_20260916/dna_v2/group_75_run/dna_v2_iht_attack_rq1_v2_confirmatory_ratio0p95_eta0p01_s0p2_iht80_step1_r4_i600_lr0p1_nonneg0p001/group_75/restart_3/baseline.pt,0.6691765189170837,16.18096160888672,16.18096160888672,1.8925541639328003,25.21804623506098,0.8165384968145872,0.8808253756056852,0.8804678450931903,0.7307692307692307
75,dp_v2,artifacts/rq1_v2/confirmatory_run_20260916/dp_v2/group_75_run/simple_defense_attack_clipping_noise_mc_rq1_v2_confirmatory_r4_i600_lr0p1_nonneg0p001_clip100_mult0p00105_mc100/group_75/restart_0/baseline.pt,0.8810622096061707,3.715512752532959,3.715512752532959,1.2152680158615112,27.970476976091913,0.9341810253794155,0.9369271087576043,0.9345252491643261,0.8461538461538461
76,raw,artifacts/rq1_v2/confirmatory_run_20260916/raw/group_76_run/harddiff_reparam_rq1_v2_confirmatory_standard_nonneg_0p001/group_76/restart_3/baseline.pt,0.45263829827308655,2446.35009765625,2446.35009765625,10.21505069732666,21.5670287230466,0.5357760577440668,0.9364230320898467,0.9374417551972504,0.8076923076923077
76,dna_v2,artifacts/rq1_v2/confirmatory_run_20260916/dna_v2/group_76_run/dna_v2_iht_attack_rq1_v2_confirmatory_ratio0p95_eta0p01_s0p2_iht80_step1_r4_i600_lr0p1_nonneg0p001/group_76/restart_3/baseline.pt,0.8412631154060364,4967.34619140625,4967.34619140625,15.897369384765625,18.167869133138627,0.02256323348681023,-0.06372723104782672,-0.0875918580604622,0.7884615384615384
76,dp_v2,artifacts/rq1_v2/confirmatory_run_20260916/dp_v2/group_76_run/simple_defense_attack_clipping_noise_mc_rq1_v2_confirmatory_r4_i600_lr0p1_nonneg0p001_clip100_mult0p00105_mc100/group_76/restart_0/baseline.pt,0.9827930927276611,3669.12158203125,3669.12158203125,19.474531173706055,20.591833616783617,0.4073646301275228,0.45364671717076277,0.4356512292796215,0.7307692307692307
77,raw,artifacts/rq1_v2/confirmatory_run_20260916/raw/group_77_run/harddiff_reparam_rq1_v2_confirmatory_standard_nonneg_0p001/group_77/restart_0/baseline.pt,0.4272712767124176,47.16762161254883,47.16762161254883,3.845719337463379,28.04055243653806,0.9323871847953379,0.9274376433345342,0.9359864315694386,0.7307692307692307
77,dna_v2,artifacts/rq1_v2/confirmatory_run_20260916/dna_v2/group_77_run/dna_v2_iht_attack_rq1_v2_confirmatory_ratio0p95_eta0p01_s0p2_iht80_step1_r4_i600_lr0p1_nonneg0p001/group_77/restart_3/baseline.pt,0.7629227042198181,145.04449462890625,145.04449462890625,5.709699630737305,25.090700171077337,0.8280542590066371,0.8477033483147741,0.8537981126033035,0.75
77,dp_v2,artifacts/rq1_v2/confirmatory_run_20260916/dp_v2/group_77_run/simple_defense_attack_clipping_noise_mc_rq1_v2_confirmatory_r4_i600_lr0p1_nonneg0p001_clip100_mult0p00105_mc100/group_77/restart_0/baseline.pt,0.9131805896759033,61.03550720214844,61.03550720214844,3.7645297050476074,26.0493898216208,0.8915445052449296,0.8933740424253773,0.8874781402762875,0.7692307692307693
78,raw,artifacts/rq1_v2/confirmatory_run_20260916/raw/group_78_run/harddiff_reparam_rq1_v2_confirmatory_standard_nonneg_0p001/group_78/restart_1/baseline.pt,0.43879011273384094,13460.345703125,13460.345703125,25.41944694519043,19.737176158800604,0.34749624251101413,0.9452892249524564,0.9466587822880935,0.6730769230769231
78,dna_v2,artifacts/rq1_v2/confirmatory_run_20260916/dna_v2/group_78_run/dna_v2_iht_attack_rq1_v2_confirmatory_ratio0p95_eta0p01_s0p2_iht80_step1_r4_i600_lr0p1_nonneg0p001/group_78/restart_2/baseline.pt,0.7186098694801331,17858.373046875,17858.373046875,27.760997772216797,18.579354106516,0.15386533015668283,0.7868990574608006,0.7845888378264495,0.6730769230769231
78,dp_v2,artifacts/rq1_v2/confirmatory_run_20260916/dp_v2/group_78_run/simple_defense_attack_clipping_noise_mc_rq1_v2_confirmatory_r4_i600_lr0p1_nonneg0p001_clip100_mult0p00105_mc100/group_78/restart_0/baseline.pt,0.9680913686752319,22296.875,22296.875,45.264339447021484,17.720328118810254,0.06503896309640435,0.06397411618417657,0.015377865938440302,0.6730769230769231
79,raw,artifacts/rq1_v2/confirmatory_run_20260916/raw/group_79_run/harddiff_reparam_rq1_v2_confirmatory_standard_nonneg_0p001/group_79/restart_0/baseline.pt,0.5169516801834106,37.54914474487305,37.54914474487305,2.8443374633789062,23.278512915746916,0.7560698093451566,0.7893565537305467,0.7934728771471743,0.75
79,dna_v2,artifacts/rq1_v2/confirmatory_run_20260916/dna_v2/group_79_run/dna_v2_iht_attack_rq1_v2_confirmatory_ratio0p95_eta0p01_s0p2_iht80_step1_r4_i600_lr0p1_nonneg0p001/group_79/restart_0/baseline.pt,0.6591377258300781,8.52587604522705,8.52587604522705,1.5435746908187866,28.930465040940653,0.9350824128026721,0.9548433537839796,0.9583308471743511,0.7884615384615384
79,dp_v2,artifacts/rq1_v2/confirmatory_run_20260916/dp_v2/group_79_run/simple_defense_attack_clipping_noise_mc_rq1_v2_confirmatory_r4_i600_lr0p1_nonneg0p001_clip100_mult0p00105_mc100/group_79/restart_2/baseline.pt,0.8701332807540894,104.29524230957031,104.29524230957031,3.368126392364502,15.848633930352145,-0.0446992685742222,-0.047530044246544,-0.09266771825461072,0.7307692307692307
80,raw,artifacts/rq1_v2/confirmatory_run_20260916/raw/group_80_run/harddiff_reparam_rq1_v2_confirmatory_standard_nonneg_0p001/group_80/restart_2/baseline.pt,0.527990460395813,1188.073486328125,1188.073486328125,8.670942306518555,22.31777211713437,0.638624815582722,0.9243192560173966,0.9233276903035631,0.7692307692307693
80,dna_v2,artifacts/rq1_v2/confirmatory_run_20260916/dna_v2/group_80_run/dna_v2_iht_attack_rq1_v2_confirmatory_ratio0p95_eta0p01_s0p2_iht80_step1_r4_i600_lr0p1_nonneg0p001/group_80/restart_3/baseline.pt,0.6726316213607788,848.7291259765625,848.7291259765625,8.349251747131348,24.59930491837959,0.7756991885020222,0.911191762251801,0.9128284361791456,0.6923076923076923
80,dp_v2,artifacts/rq1_v2/confirmatory_run_20260916/dp_v2/group_80_run/simple_defense_attack_clipping_noise_mc_rq1_v2_confirmatory_r4_i600_lr0p1_nonneg0p001_clip100_mult0p00105_mc100/group_80/restart_2/baseline.pt,1.0500601530075073,1575.282958984375,1575.282958984375,15.158361434936523,22.017787965542183,0.6528824104987232,0.6609957910569633,0.6536775678863167,0.6346153846153846
81,raw,artifacts/rq1_v2/confirmatory_run_20260916/raw/group_81_run/harddiff_reparam_rq1_v2_confirmatory_standard_nonneg_0p001/group_81/restart_0/baseline.pt,0.5758310556411743,23.539838790893555,23.539838790893555,2.3324899673461914,20.298988898395752,0.4158129430463001,0.45891438083711966,0.5004928599723206,0.7115384615384616
81,dna_v2,artifacts/rq1_v2/confirmatory_run_20260916/dna_v2/group_81_run/dna_v2_iht_attack_rq1_v2_confirmatory_ratio0p95_eta0p01_s0p2_iht80_step1_r4_i600_lr0p1_nonneg0p001/group_81/restart_2/baseline.pt,0.8224136233329773,87.11341094970703,87.11341094970703,4.221738815307617,18.420298582190785,0.20726240725832215,0.3574128862730619,0.33570889755900124,0.7115384615384616
81,dp_v2,artifacts/rq1_v2/confirmatory_run_20260916/dp_v2/group_81_run/simple_defense_attack_clipping_noise_mc_rq1_v2_confirmatory_r4_i600_lr0p1_nonneg0p001_clip100_mult0p00105_mc100/group_81/restart_1/baseline.pt,0.9591997861862183,8.80411148071289,8.80411148071289,1.6876559257507324,16.777745863593413,0.4796070975715135,0.5343281033954185,0.46183732161753177,0.6923076923076923
82,raw,artifacts/rq1_v2/confirmatory_run_20260916/raw/group_82_run/harddiff_reparam_rq1_v2_confirmatory_standard_nonneg_0p001/group_82/restart_1/baseline.pt,0.5030530095100403,11.212032318115234,11.212032318115234,1.605080485343933,26.59744141206592,0.8857472895589092,0.9247613032694313,0.923844858025693,0.8076923076923077
82,dna_v2,artifacts/rq1_v2/confirmatory_run_20260916/dna_v2/group_82_run/dna_v2_iht_attack_rq1_v2_confirmatory_ratio0p95_eta0p01_s0p2_iht80_step1_r4_i600_lr0p1_nonneg0p001/group_82/restart_3/baseline.pt,0.700741171836853,19.334827423095703,19.334827423095703,1.7416462898254395,24.987969115188715,0.7921159122016435,0.804867165371678,0.8051589616899472,0.8269230769230769
82,dp_v2,artifacts/rq1_v2/confirmatory_run_20260916/dp_v2/group_82_run/simple_defense_attack_clipping_noise_mc_rq1_v2_confirmatory_r4_i600_lr0p1_nonneg0p001_clip100_mult0p00105_mc100/group_82/restart_1/baseline.pt,0.8534737825393677,42.549495697021484,42.549495697021484,2.760711193084717,19.421413251310028,0.3563588521849049,0.3427266764509127,0.31727461018701214,0.75
83,raw,artifacts/rq1_v2/confirmatory_run_20260916/raw/group_83_run/harddiff_reparam_rq1_v2_confirmatory_standard_nonneg_0p001/group_83/restart_3/baseline.pt,0.7960385084152222,1009.0580444335938,1009.0580444335938,12.792317390441895,18.032028057981986,0.18189474538670863,0.13607130937896186,0.1723644183710534,0.75
83,dna_v2,artifacts/rq1_v2/confirmatory_run_20260916/dna_v2/group_83_run/dna_v2_iht_attack_rq1_v2_confirmatory_ratio0p95_eta0p01_s0p2_iht80_step1_r4_i600_lr0p1_nonneg0p001/group_83/restart_3/baseline.pt,0.9183982014656067,1180.213134765625,1180.213134765625,14.624156951904297,18.18731342919086,0.17936888192840433,0.11995710460432286,0.14738654472663068,0.6153846153846154
83,dp_v2,artifacts/rq1_v2/confirmatory_run_20260916/dp_v2/group_83_run/simple_defense_attack_clipping_noise_mc_rq1_v2_confirmatory_r4_i600_lr0p1_nonneg0p001_clip100_mult0p00105_mc100/group_83/restart_1/baseline.pt,1.1310241222381592,1400.41943359375,1400.41943359375,16.83690071105957,18.062716717636253,0.13747847280521053,0.06014920736794814,0.09813727402369918,0.7307692307692307
84,raw,artifacts/rq1_v2/confirmatory_run_20260916/raw/group_84_run/harddiff_reparam_rq1_v2_confirmatory_standard_nonneg_0p001/group_84/restart_3/baseline.pt,0.6825313568115234,50.453372955322266,50.453372955322266,2.6306087970733643,20.149869510807477,0.16670468671292174,0.4597538359798218,0.488982141728271,0.7115384615384616
84,dna_v2,artifacts/rq1_v2/confirmatory_run_20260916/dna_v2/group_84_run/dna_v2_iht_attack_rq1_v2_confirmatory_ratio0p95_eta0p01_s0p2_iht80_step1_r4_i600_lr0p1_nonneg0p001/group_84/restart_0/baseline.pt,0.8238954544067383,53.62227249145508,53.62227249145508,2.9211807250976562,20.1324464045189,0.1493172720951212,0.3671829532720783,0.39490303523402004,0.7884615384615384
84,dp_v2,artifacts/rq1_v2/confirmatory_run_20260916/dp_v2/group_84_run/simple_defense_attack_clipping_noise_mc_rq1_v2_confirmatory_r4_i600_lr0p1_nonneg0p001_clip100_mult0p00105_mc100/group_84/restart_2/baseline.pt,1.0173265933990479,7.873258590698242,7.873258590698242,1.431309461593628,18.583490104706414,0.0977578757712845,0.10408888728034976,0.0766446253924717,0.6538461538461539
85,raw,artifacts/rq1_v2/confirmatory_run_20260916/raw/group_85_run/harddiff_reparam_rq1_v2_confirmatory_standard_nonneg_0p001/group_85/restart_1/baseline.pt,0.45027101039886475,49.13624572753906,49.13624572753906,2.8630757331848145,21.257265826813835,0.4520876269448547,0.7743526270572066,0.7870794398807891,0.75
85,dna_v2,artifacts/rq1_v2/confirmatory_run_20260916/dna_v2/group_85_run/dna_v2_iht_attack_rq1_v2_confirmatory_ratio0p95_eta0p01_s0p2_iht80_step1_r4_i600_lr0p1_nonneg0p001/group_85/restart_3/baseline.pt,0.7555935382843018,56.60770797729492,56.60770797729492,3.2251977920532227,19.74424153476339,0.36303285754567927,0.6108374539113078,0.6229972358784354,0.75
85,dp_v2,artifacts/rq1_v2/confirmatory_run_20260916/dp_v2/group_85_run/simple_defense_attack_clipping_noise_mc_rq1_v2_confirmatory_r4_i600_lr0p1_nonneg0p001_clip100_mult0p00105_mc100/group_85/restart_3/baseline.pt,0.887550413608551,4.569319725036621,4.569319725036621,1.1481482982635498,22.672029217105802,0.7388056255434636,0.7614093057512955,0.7473535472302217,0.7692307692307693
86,raw,artifacts/rq1_v2/confirmatory_run_20260916/raw/group_86_run/harddiff_reparam_rq1_v2_confirmatory_standard_nonneg_0p001/group_86/restart_0/baseline.pt,0.42451012134552,7163.775390625,7163.775390625,19.17843246459961,21.11947505679625,0.5183042560401073,0.9723212893454672,0.9734298870713333,0.7884615384615384
86,dna_v2,artifacts/rq1_v2/confirmatory_run_20260916/dna_v2/group_86_run/dna_v2_iht_attack_rq1_v2_confirmatory_ratio0p95_eta0p01_s0p2_iht80_step1_r4_i600_lr0p1_nonneg0p001/group_86/restart_1/baseline.pt,0.6587769389152527,9255.0224609375,9255.0224609375,20.40188980102539,19.994112604817172,0.36347224717018706,0.9630968300288767,0.9634036345351471,0.7884615384615384
86,dp_v2,artifacts/rq1_v2/confirmatory_run_20260916/dp_v2/group_86_run/simple_defense_attack_clipping_noise_mc_rq1_v2_confirmatory_r4_i600_lr0p1_nonneg0p001_clip100_mult0p00105_mc100/group_86/restart_0/baseline.pt,0.9716001749038696,10490.955078125,10490.955078125,24.15201187133789,19.387348319452414,0.3084995374474472,0.582436178094753,0.5625442062523193,0.7692307692307693
87,raw,artifacts/rq1_v2/confirmatory_run_20260916/raw/group_87_run/harddiff_reparam_rq1_v2_confirmatory_standard_nonneg_0p001/group_87/restart_3/baseline.pt,0.49690452218055725,9.337961196899414,9.337961196899414,1.6990950107574463,26.307970405065802,0.8948017482985142,0.9442807761958115,0.9472584856706605,0.7692307692307693
87,dna_v2,artifacts/rq1_v2/confirmatory_run_20260916/dna_v2/group_87_run/dna_v2_iht_attack_rq1_v2_confirmatory_ratio0p95_eta0p01_s0p2_iht80_step1_r4_i600_lr0p1_nonneg0p001/group_87/restart_0/baseline.pt,0.7317718267440796,12.347494125366211,12.347494125366211,2.012251615524292,25.520480024454496,0.8617249933724923,0.9003618239800593,0.9081249446913451,0.75
87,dp_v2,artifacts/rq1_v2/confirmatory_run_20260916/dp_v2/group_87_run/simple_defense_attack_clipping_noise_mc_rq1_v2_confirmatory_r4_i600_lr0p1_nonneg0p001_clip100_mult0p00105_mc100/group_87/restart_1/baseline.pt,0.8659527897834778,2.8406565189361572,2.8406565189361572,1.137132167816162,29.60293080733033,0.9584964126079922,0.9683573972574252,0.9688573174597402,0.7115384615384616
88,raw,artifacts/rq1_v2/confirmatory_run_20260916/raw/group_88_run/harddiff_reparam_rq1_v2_confirmatory_standard_nonneg_0p001/group_88/restart_1/baseline.pt,0.656322717666626,5853.53662109375,5853.53662109375,19.470130920410156,19.506594778798963,0.23507323498911104,0.455240244505957,0.4479756027216124,0.7307692307692307
88,dna_v2,artifacts/rq1_v2/confirmatory_run_20260916/dna_v2/group_88_run/dna_v2_iht_attack_rq1_v2_confirmatory_ratio0p95_eta0p01_s0p2_iht80_step1_r4_i600_lr0p1_nonneg0p001/group_88/restart_2/baseline.pt,0.6621775031089783,4494.38916015625,4494.38916015625,16.207225799560547,20.176178687795662,0.3976590829398426,0.9221937234466362,0.9245034612786589,0.6923076923076923
88,dp_v2,artifacts/rq1_v2/confirmatory_run_20260916/dp_v2/group_88_run/simple_defense_attack_clipping_noise_mc_rq1_v2_confirmatory_r4_i600_lr0p1_nonneg0p001_clip100_mult0p00105_mc100/group_88/restart_1/baseline.pt,0.9719502925872803,3523.019775390625,3523.019775390625,20.141700744628906,21.472285568075865,0.5827826476057609,0.7769656651104351,0.7675037677151889,0.75
89,raw,artifacts/rq1_v2/confirmatory_run_20260916/raw/group_89_run/harddiff_reparam_rq1_v2_confirmatory_standard_nonneg_0p001/group_89/restart_0/baseline.pt,0.5490304231643677,31.807838439941406,31.807838439941406,2.495758295059204,21.127852525167864,0.39742667569862694,0.7861507204630082,0.7870974279933588,0.7115384615384616
89,dna_v2,artifacts/rq1_v2/confirmatory_run_20260916/dna_v2/group_89_run/dna_v2_iht_attack_rq1_v2_confirmatory_ratio0p95_eta0p01_s0p2_iht80_step1_r4_i600_lr0p1_nonneg0p001/group_89/restart_0/baseline.pt,0.7161813974380493,30.192747116088867,30.192747116088867,2.610564947128296,21.16970203463175,0.4126449896769581,0.813762232740606,0.8152199606668388,0.7307692307692307
89,dp_v2,artifacts/rq1_v2/confirmatory_run_20260916/dp_v2/group_89_run/simple_defense_attack_clipping_noise_mc_rq1_v2_confirmatory_r4_i600_lr0p1_nonneg0p001_clip100_mult0p00105_mc100/group_89/restart_2/baseline.pt,0.932266354560852,6.7833147048950195,6.7833147048950195,1.3807836771011353,21.998849422885407,0.6174162581233336,0.8241111215981893,0.8240472326858127,0.8076923076923077
90,raw,artifacts/rq1_v2/confirmatory_run_20260916/raw/group_90_run/harddiff_reparam_rq1_v2_confirmatory_standard_nonneg_0p001/group_90/restart_1/baseline.pt,0.36791738867759705,185.1486053466797,185.1486053466797,4.489856243133545,27.14899366170648,0.9032572031439496,0.9852422111694562,0.9858252286312611,0.7115384615384616
90,dna_v2,artifacts/rq1_v2/confirmatory_run_20260916/dna_v2/group_90_run/dna_v2_iht_attack_rq1_v2_confirmatory_ratio0p95_eta0p01_s0p2_iht80_step1_r4_i600_lr0p1_nonneg0p001/group_90/restart_2/baseline.pt,0.6625150442123413,140.9710235595703,140.9710235595703,5.77553653717041,28.98285899319406,0.9404487594954547,0.9518237927059009,0.953216308071028,0.6923076923076923
90,dp_v2,artifacts/rq1_v2/confirmatory_run_20260916/dp_v2/group_90_run/simple_defense_attack_clipping_noise_mc_rq1_v2_confirmatory_r4_i600_lr0p1_nonneg0p001_clip100_mult0p00105_mc100/group_90/restart_0/baseline.pt,0.9346194863319397,866.6389770507812,866.6389770507812,9.667530059814453,21.90493701335177,0.632275878864372,0.6271759621239091,0.6168407743773446,0.7692307692307693
91,raw,artifacts/rq1_v2/confirmatory_run_20260916/raw/group_91_run/harddiff_reparam_rq1_v2_confirmatory_standard_nonneg_0p001/group_91/restart_2/baseline.pt,0.5057929754257202,19.707273483276367,19.707273483276367,1.9471348524093628,23.288896995277856,0.7265531103623402,0.8992881507586946,0.8970589218627649,0.7307692307692307
91,dna_v2,artifacts/rq1_v2/confirmatory_run_20260916/dna_v2/group_91_run/dna_v2_iht_attack_rq1_v2_confirmatory_ratio0p95_eta0p01_s0p2_iht80_step1_r4_i600_lr0p1_nonneg0p001/group_91/restart_2/baseline.pt,0.7308859825134277,20.58812141418457,20.58812141418457,2.2736129760742188,22.177265489252864,0.689398557899441,0.8294733640123059,0.8283180451791669,0.7884615384615384
91,dp_v2,artifacts/rq1_v2/confirmatory_run_20260916/dp_v2/group_91_run/simple_defense_attack_clipping_noise_mc_rq1_v2_confirmatory_r4_i600_lr0p1_nonneg0p001_clip100_mult0p00105_mc100/group_91/restart_0/baseline.pt,0.9620381593704224,8.635747909545898,8.635747909545898,1.759324312210083,20.65938532462762,0.5712374974329354,0.6161730399606568,0.5902387894170877,0.7115384615384616
92,raw,artifacts/rq1_v2/confirmatory_run_20260916/raw/group_92_run/harddiff_reparam_rq1_v2_confirmatory_standard_nonneg_0p001/group_92/restart_2/baseline.pt,0.7321357131004333,310.6999206542969,310.6999206542969,7.482858657836914,21.440558461043615,0.6084706171695395,0.602550115498778,0.6036668628861528,0.7692307692307693
92,dna_v2,artifacts/rq1_v2/confirmatory_run_20260916/dna_v2/group_92_run/dna_v2_iht_attack_rq1_v2_confirmatory_ratio0p95_eta0p01_s0p2_iht80_step1_r4_i600_lr0p1_nonneg0p001/group_92/restart_1/baseline.pt,0.7369551062583923,35.819557189941406,35.819557189941406,2.931083917617798,29.643438574011686,0.9501138520717836,0.9550009749742566,0.9578031796544678,0.7884615384615384
92,dp_v2,artifacts/rq1_v2/confirmatory_run_20260916/dp_v2/group_92_run/simple_defense_attack_clipping_noise_mc_rq1_v2_confirmatory_r4_i600_lr0p1_nonneg0p001_clip100_mult0p00105_mc100/group_92/restart_0/baseline.pt,0.9760845303535461,499.5244140625,499.5244140625,7.272204399108887,17.51117068638639,0.17633746382019147,0.16549848837766004,0.13440812500048818,0.7115384615384616
93,raw,artifacts/rq1_v2/confirmatory_run_20260916/raw/group_93_run/harddiff_reparam_rq1_v2_confirmatory_standard_nonneg_0p001/group_93/restart_1/baseline.pt,0.4082828164100647,33.99190902709961,33.99190902709961,2.7252399921417236,30.65629271868851,0.9615401973445425,0.96042818338202,0.9604418208322177,0.7884615384615384
93,dna_v2,artifacts/rq1_v2/confirmatory_run_20260916/dna_v2/group_93_run/dna_v2_iht_attack_rq1_v2_confirmatory_ratio0p95_eta0p01_s0p2_iht80_step1_r4_i600_lr0p1_nonneg0p001/group_93/restart_2/baseline.pt,0.8074156641960144,415.9626770019531,415.9626770019531,7.363307476043701,20.74455673152717,0.4347245252048766,0.41884150842101164,0.4086971005513011,0.6730769230769231
93,dp_v2,artifacts/rq1_v2/confirmatory_run_20260916/dp_v2/group_93_run/simple_defense_attack_clipping_noise_mc_rq1_v2_confirmatory_r4_i600_lr0p1_nonneg0p001_clip100_mult0p00105_mc100/group_93/restart_2/baseline.pt,0.9262962937355042,924.2047729492188,924.2047729492188,9.339193344116211,16.01179267123318,-0.08375323946394699,-0.10274689878926335,-0.1337282187412978,0.7115384615384616
94,raw,artifacts/rq1_v2/confirmatory_run_20260916/raw/group_94_run/harddiff_reparam_rq1_v2_confirmatory_standard_nonneg_0p001/group_94/restart_3/baseline.pt,0.48298871517181396,7121.64306640625,7121.64306640625,18.506959915161133,20.503692984561685,0.43183558990061444,0.9392617061902551,0.9458943468968891,0.75
94,dna_v2,artifacts/rq1_v2/confirmatory_run_20260916/dna_v2/group_94_run/dna_v2_iht_attack_rq1_v2_confirmatory_ratio0p95_eta0p01_s0p2_iht80_step1_r4_i600_lr0p1_nonneg0p001/group_94/restart_2/baseline.pt,0.841681718826294,8842.08203125,8842.08203125,19.71738624572754,19.33487338973496,0.25381626783214667,0.8962818000204883,0.9009708187151653,0.7307692307692307
94,dp_v2,artifacts/rq1_v2/confirmatory_run_20260916/dp_v2/group_94_run/simple_defense_attack_clipping_noise_mc_rq1_v2_confirmatory_r4_i600_lr0p1_nonneg0p001_clip100_mult0p00105_mc100/group_94/restart_1/baseline.pt,0.9803353548049927,5468.630859375,5468.630859375,22.72838592529297,21.66458774054525,0.6171780462237831,0.7929528182977685,0.7855715131171234,0.6538461538461539
95,raw,artifacts/rq1_v2/confirmatory_run_20260916/raw/group_95_run/harddiff_reparam_rq1_v2_confirmatory_standard_nonneg_0p001/group_95/restart_0/baseline.pt,0.5153622627258301,1092.407470703125,1092.407470703125,10.596101760864258,21.660036419991002,0.614706515479768,0.900051248782179,0.9113435989976424,0.6730769230769231
95,dna_v2,artifacts/rq1_v2/confirmatory_run_20260916/dna_v2/group_95_run/dna_v2_iht_attack_rq1_v2_confirmatory_ratio0p95_eta0p01_s0p2_iht80_step1_r4_i600_lr0p1_nonneg0p001/group_95/restart_0/baseline.pt,0.7375633120536804,1488.7486572265625,1488.7486572265625,11.21943473815918,20.53275432239284,0.44478619935401975,0.8160142634238228,0.813609217610301,0.7115384615384616
95,dp_v2,artifacts/rq1_v2/confirmatory_run_20260916/dp_v2/group_95_run/simple_defense_attack_clipping_noise_mc_rq1_v2_confirmatory_r4_i600_lr0p1_nonneg0p001_clip100_mult0p00105_mc100/group_95/restart_0/baseline.pt,0.9422259330749512,539.5201416015625,539.5201416015625,11.199651718139648,25.506222962809908,0.8683148767544517,0.8805122640404512,0.8786733863055323,0.75
96,raw,artifacts/rq1_v2/confirmatory_run_20260916/raw/group_96_run/harddiff_reparam_rq1_v2_confirmatory_standard_nonneg_0p001/group_96/restart_3/baseline.pt,0.5429120659828186,33.378726959228516,33.378726959228516,2.4505465030670166,20.65927751611217,0.3873793690923556,0.732273580882004,0.7560826839873874,0.7884615384615384
96,dna_v2,artifacts/rq1_v2/confirmatory_run_20260916/dna_v2/group_96_run/dna_v2_iht_attack_rq1_v2_confirmatory_ratio0p95_eta0p01_s0p2_iht80_step1_r4_i600_lr0p1_nonneg0p001/group_96/restart_1/baseline.pt,0.7800378203392029,49.202964782714844,49.202964782714844,3.084200143814087,20.051956198176505,0.33489960004237035,0.7241865911870728,0.7383597427972893,0.7884615384615384
96,dp_v2,artifacts/rq1_v2/confirmatory_run_20260916/dp_v2/group_96_run/simple_defense_attack_clipping_noise_mc_rq1_v2_confirmatory_r4_i600_lr0p1_nonneg0p001_clip100_mult0p00105_mc100/group_96/restart_0/baseline.pt,0.997675895690918,14.032828330993652,14.032828330993652,1.9705309867858887,17.80788814526766,0.23974307540136294,0.3132107316676941,0.2734722646704518,0.8461538461538461
97,raw,artifacts/rq1_v2/confirmatory_run_20260916/raw/group_97_run/harddiff_reparam_rq1_v2_confirmatory_standard_nonneg_0p001/group_97/restart_2/baseline.pt,0.5874506235122681,63.524105072021484,63.524105072021484,3.2093071937561035,21.989513669126964,0.4816515922675085,0.8778410330280808,0.8847368784513149,0.7115384615384616
97,dna_v2,artifacts/rq1_v2/confirmatory_run_20260916/dna_v2/group_97_run/dna_v2_iht_attack_rq1_v2_confirmatory_ratio0p95_eta0p01_s0p2_iht80_step1_r4_i600_lr0p1_nonneg0p001/group_97/restart_3/baseline.pt,0.7110106348991394,43.617069244384766,43.617069244384766,3.0940349102020264,21.39565892586195,0.5122211602037273,0.8368377389657478,0.8412787574786781,0.7884615384615384
97,dp_v2,artifacts/rq1_v2/confirmatory_run_20260916/dp_v2/group_97_run/simple_defense_attack_clipping_noise_mc_rq1_v2_confirmatory_r4_i600_lr0p1_nonneg0p001_clip100_mult0p00105_mc100/group_97/restart_0/baseline.pt,0.9780054092407227,7.058192253112793,7.058192253112793,1.4327608346939087,19.885182780138578,0.6427310686173401,0.6512336992415775,0.6443867629465754,0.7307692307692307
98,raw,artifacts/rq1_v2/confirmatory_run_20260916/raw/group_98_run/harddiff_reparam_rq1_v2_confirmatory_standard_nonneg_0p001/group_98/restart_3/baseline.pt,0.6040230989456177,829.0611572265625,829.0611572265625,10.376764297485352,23.26411490134212,0.7247147227916525,0.9170120501404574,0.9171903842960597,0.6730769230769231
98,dna_v2,artifacts/rq1_v2/confirmatory_run_20260916/dna_v2/group_98_run/dna_v2_iht_attack_rq1_v2_confirmatory_ratio0p95_eta0p01_s0p2_iht80_step1_r4_i600_lr0p1_nonneg0p001/group_98/restart_2/baseline.pt,0.7793446183204651,917.5237426757812,917.5237426757812,11.413959503173828,22.989089441471855,0.705278829496118,0.8444168849214283,0.8424100475998426,0.75
98,dp_v2,artifacts/rq1_v2/confirmatory_run_20260916/dp_v2/group_98_run/simple_defense_attack_clipping_noise_mc_rq1_v2_confirmatory_r4_i600_lr0p1_nonneg0p001_clip100_mult0p00105_mc100/group_98/restart_3/baseline.pt,1.0513321161270142,2622.22119140625,2622.22119140625,20.06151580810547,20.521591047175267,0.3617411018524351,0.34298954790325914,0.3173694465967077,0.6923076923076923
99,raw,artifacts/rq1_v2/confirmatory_run_20260916/raw/group_99_run/harddiff_reparam_rq1_v2_confirmatory_standard_nonneg_0p001/group_99/restart_1/baseline.pt,0.6093767285346985,105.98657989501953,105.98657989501953,4.329190254211426,25.57248993745393,0.8283502638014998,0.8241936102188969,0.8285066574483978,0.6923076923076923
99,dna_v2,artifacts/rq1_v2/confirmatory_run_20260916/dna_v2/group_99_run/dna_v2_iht_attack_rq1_v2_confirmatory_ratio0p95_eta0p01_s0p2_iht80_step1_r4_i600_lr0p1_nonneg0p001/group_99/restart_0/baseline.pt,0.6572194695472717,39.70200729370117,39.70200729370117,2.6924707889556885,28.875381632205517,0.9449897161498113,0.9451488657178561,0.9450429533547213,0.7884615384615384
99,dp_v2,artifacts/rq1_v2/confirmatory_run_20260916/dp_v2/group_99_run/simple_defense_attack_clipping_noise_mc_rq1_v2_confirmatory_r4_i600_lr0p1_nonneg0p001_clip100_mult0p00105_mc100/group_99/restart_0/baseline.pt,0.9726896286010742,520.2818603515625,520.2818603515625,6.0445075035095215,17.15602089458923,0.18974779516011414,0.17900468890944055,0.15297198506010248,0.7884615384615384
100,raw,artifacts/rq1_v2/confirmatory_run_20260916/raw/group_100_run/harddiff_reparam_rq1_v2_confirmatory_standard_nonneg_0p001/group_100/restart_1/baseline.pt,0.676993727684021,15449.9052734375,15449.9052734375,26.185651779174805,19.501540766170308,0.25593212314056274,0.6826944122241628,0.6791645764641925,0.6730769230769231
100,dna_v2,artifacts/rq1_v2/confirmatory_run_20260916/dna_v2/group_100_run/dna_v2_iht_attack_rq1_v2_confirmatory_ratio0p95_eta0p01_s0p2_iht80_step1_r4_i600_lr0p1_nonneg0p001/group_100/restart_3/baseline.pt,0.7584055066108704,14993.107421875,14993.107421875,23.84402084350586,19.366677563500957,0.25718965384070896,0.9031311637900675,0.9091621442268505,0.7115384615384616
100,dp_v2,artifacts/rq1_v2/confirmatory_run_20260916/dp_v2/group_100_run/simple_defense_attack_clipping_noise_mc_rq1_v2_confirmatory_r4_i600_lr0p1_nonneg0p001_clip100_mult0p00105_mc100/group_100/restart_3/baseline.pt,0.9889975786209106,12874.3173828125,12874.3173828125,32.304222106933594,20.283691107543635,0.4307591474637781,0.625919637542771,0.6126592328943553,0.6538461538461539
101,raw,artifacts/rq1_v2/confirmatory_run_20260916/raw/group_101_run/harddiff_reparam_rq1_v2_confirmatory_standard_nonneg_0p001/group_101/restart_3/baseline.pt,0.5437895655632019,16064.375,16064.375,24.19937515258789,19.006028410745756,0.19853906428343449,0.8826274223445844,0.8827047810389288,0.7307692307692307
101,dna_v2,artifacts/rq1_v2/confirmatory_run_20260916/dna_v2/group_101_run/dna_v2_iht_attack_rq1_v2_confirmatory_ratio0p95_eta0p01_s0p2_iht80_step1_r4_i600_lr0p1_nonneg0p001/group_101/restart_2/baseline.pt,0.7273290157318115,14589.099609375,14589.099609375,24.135000228881836,19.459791882915372,0.27682740284553875,0.9220158076669812,0.9225013281658002,0.8269230769230769
101,dp_v2,artifacts/rq1_v2/confirmatory_run_20260916/dp_v2/group_101_run/simple_defense_attack_clipping_noise_mc_rq1_v2_confirmatory_r4_i600_lr0p1_nonneg0p001_clip100_mult0p00105_mc100/group_101/restart_3/baseline.pt,1.0231853723526,14960.0419921875,14960.0419921875,34.413291931152344,19.54021921564957,0.3294213444342123,0.49041193065585825,0.4687604159544894,0.7115384615384616
102,raw,artifacts/rq1_v2/confirmatory_run_20260916/raw/group_102_run/harddiff_reparam_rq1_v2_confirmatory_standard_nonneg_0p001/group_102/restart_2/baseline.pt,0.5459475517272949,180.00135803222656,180.00135803222656,5.961355209350586,25.68615851838392,0.8570094449054891,0.8788082568103637,0.8781180270117313,0.7307692307692307
102,dna_v2,artifacts/rq1_v2/confirmatory_run_20260916/dna_v2/group_102_run/dna_v2_iht_attack_rq1_v2_confirmatory_ratio0p95_eta0p01_s0p2_iht80_step1_r4_i600_lr0p1_nonneg0p001/group_102/restart_0/baseline.pt,0.7356131672859192,72.45943450927734,72.45943450927734,3.7387619018554688,27.909669644829766,0.9285083585841587,0.9231762042778342,0.9279285161086034,0.6538461538461539
102,dp_v2,artifacts/rq1_v2/confirmatory_run_20260916/dp_v2/group_102_run/simple_defense_attack_clipping_noise_mc_rq1_v2_confirmatory_r4_i600_lr0p1_nonneg0p001_clip100_mult0p00105_mc100/group_102/restart_2/baseline.pt,0.8756360411643982,42.12398147583008,42.12398147583008,3.2352640628814697,29.168748445229046,0.9519700474502809,0.953240071477159,0.9514298307236682,0.7115384615384616
103,raw,artifacts/rq1_v2/confirmatory_run_20260916/raw/group_103_run/harddiff_reparam_rq1_v2_confirmatory_standard_nonneg_0p001/group_103/restart_1/baseline.pt,0.7146820425987244,77.6618423461914,77.6618423461914,3.7364678382873535,20.172774510942048,0.4950214673230244,0.448994768489189,0.4738094171222833,0.7692307692307693
103,dna_v2,artifacts/rq1_v2/confirmatory_run_20260916/dna_v2/group_103_run/dna_v2_iht_attack_rq1_v2_confirmatory_ratio0p95_eta0p01_s0p2_iht80_step1_r4_i600_lr0p1_nonneg0p001/group_103/restart_1/baseline.pt,0.8610318303108215,58.76036834716797,58.76036834716797,2.9902749061584473,20.969454859182175,0.548968676105222,0.5150065132990158,0.5354407659700865,0.8076923076923077
103,dp_v2,artifacts/rq1_v2/confirmatory_run_20260916/dp_v2/group_103_run/simple_defense_attack_clipping_noise_mc_rq1_v2_confirmatory_r4_i600_lr0p1_nonneg0p001_clip100_mult0p00105_mc100/group_103/restart_0/baseline.pt,0.9967174530029297,54.60567092895508,54.60567092895508,3.1665117740631104,20.712709549947125,0.5641127310717304,0.5356892192918679,0.5606559770025995,0.8269230769230769
104,raw,artifacts/rq1_v2/confirmatory_run_20260916/raw/group_104_run/harddiff_reparam_rq1_v2_confirmatory_standard_nonneg_0p001/group_104/restart_2/baseline.pt,0.4271121919155121,27.791330337524414,27.791330337524414,2.3587493896484375,28.86767692315377,0.937131869249684,0.941851194476413,0.9434763535327015,0.7115384615384616
104,dna_v2,artifacts/rq1_v2/confirmatory_run_20260916/dna_v2/group_104_run/dna_v2_iht_attack_rq1_v2_confirmatory_ratio0p95_eta0p01_s0p2_iht80_step1_r4_i600_lr0p1_nonneg0p001/group_104/restart_1/baseline.pt,0.8174624443054199,217.80833435058594,217.80833435058594,5.363164901733398,19.05963880232421,0.4194390138612999,0.40695719695993393,0.3910111754071653,0.6730769230769231
104,dp_v2,artifacts/rq1_v2/confirmatory_run_20260916/dp_v2/group_104_run/simple_defense_attack_clipping_noise_mc_rq1_v2_confirmatory_r4_i600_lr0p1_nonneg0p001_clip100_mult0p00105_mc100/group_104/restart_2/baseline.pt,0.8557430505752563,8.626653671264648,8.626653671264648,1.9784730672836304,31.786273899114477,0.9763101315544673,0.9765457182062157,0.9757429221517507,0.7692307692307693
105,raw,artifacts/rq1_v2/confirmatory_run_20260916/raw/group_105_run/harddiff_reparam_rq1_v2_confirmatory_standard_nonneg_0p001/group_105/restart_0/baseline.pt,0.4042193293571472,978.5621337890625,978.5621337890625,7.849275588989258,24.27020067001529,0.7894510161969769,0.9730864679405492,0.9738617033626519,0.75
105,dna_v2,artifacts/rq1_v2/confirmatory_run_20260916/dna_v2/group_105_run/dna_v2_iht_attack_rq1_v2_confirmatory_ratio0p95_eta0p01_s0p2_iht80_step1_r4_i600_lr0p1_nonneg0p001/group_105/restart_1/baseline.pt,0.6758775115013123,1479.6217041015625,1479.6217041015625,8.28197193145752,22.403475597042988,0.6511342445013668,0.9746155793571774,0.9762658489021525,0.7115384615384616
105,dp_v2,artifacts/rq1_v2/confirmatory_run_20260916/dp_v2/group_105_run/simple_defense_attack_clipping_noise_mc_rq1_v2_confirmatory_r4_i600_lr0p1_nonneg0p001_clip100_mult0p00105_mc100/group_105/restart_1/baseline.pt,1.0534021854400635,7153.66357421875,7153.66357421875,22.721805572509766,17.057065578860065,-0.30855561158579803,-0.3854256161238429,-0.4305682853228843,0.7115384615384616
106,raw,artifacts/rq1_v2/confirmatory_run_20260916/raw/group_106_run/harddiff_reparam_rq1_v2_confirmatory_standard_nonneg_0p001/group_106/restart_3/baseline.pt,0.5118104815483093,12088.2412109375,12088.2412109375,23.292741775512695,20.427012058307533,0.4277253275975001,0.9307875722284369,0.9311043774804815,0.6923076923076923
106,dna_v2,artifacts/rq1_v2/confirmatory_run_20260916/dna_v2/group_106_run/dna_v2_iht_attack_rq1_v2_confirmatory_ratio0p95_eta0p01_s0p2_iht80_step1_r4_i600_lr0p1_nonneg0p001/group_106/restart_1/baseline.pt,0.8927810788154602,17834.416015625,17834.416015625,30.28635597229004,19.181042696819915,0.16091770023249222,0.3093077789248664,0.30713506907665505,0.6538461538461539
106,dp_v2,artifacts/rq1_v2/confirmatory_run_20260916/dp_v2/group_106_run/simple_defense_attack_clipping_noise_mc_rq1_v2_confirmatory_r4_i600_lr0p1_nonneg0p001_clip100_mult0p00105_mc100/group_106/restart_0/baseline.pt,1.1113722324371338,22418.0703125,22418.0703125,42.91236114501953,17.941533208655084,0.011082213284358926,-0.040813111915357546,-0.08263250520268335,0.5769230769230769
107,raw,artifacts/rq1_v2/confirmatory_run_20260916/raw/group_107_run/harddiff_reparam_rq1_v2_confirmatory_standard_nonneg_0p001/group_107/restart_0/baseline.pt,0.43039873242378235,11.054993629455566,11.054993629455566,1.6982135772705078,26.70634667674182,0.8991935693102664,0.9631083459904471,0.9651312532781314,0.6538461538461539
107,dna_v2,artifacts/rq1_v2/confirmatory_run_20260916/dna_v2/group_107_run/dna_v2_iht_attack_rq1_v2_confirmatory_ratio0p95_eta0p01_s0p2_iht80_step1_r4_i600_lr0p1_nonneg0p001/group_107/restart_1/baseline.pt,0.6261450052261353,3.7566845417022705,3.7566845417022705,1.2028759717941284,29.42526313660931,0.9517829257319702,0.9581494559964633,0.9568421949773699,0.7884615384615384
107,dp_v2,artifacts/rq1_v2/confirmatory_run_20260916/dp_v2/group_107_run/simple_defense_attack_clipping_noise_mc_rq1_v2_confirmatory_r4_i600_lr0p1_nonneg0p001_clip100_mult0p00105_mc100/group_107/restart_0/baseline.pt,0.9082884192466736,20.501291275024414,20.501291275024414,2.229198694229126,21.704727372958136,0.6443371176832348,0.6510491120855323,0.6379074730061489,0.6538461538461539
108,raw,artifacts/rq1_v2/confirmatory_run_20260916/raw/group_108_run/harddiff_reparam_rq1_v2_confirmatory_standard_nonneg_0p001/group_108/restart_0/baseline.pt,0.4904986023902893,14090.1337890625,14090.1337890625,24.270124435424805,19.635504774390768,0.3041027442057936,0.9220698507369227,0.9236026177339681,0.6730769230769231
108,dna_v2,artifacts/rq1_v2/confirmatory_run_20260916/dna_v2/group_108_run/dna_v2_iht_attack_rq1_v2_confirmatory_ratio0p95_eta0p01_s0p2_iht80_step1_r4_i600_lr0p1_nonneg0p001/group_108/restart_1/baseline.pt,0.693908154964447,13523.03515625,13523.03515625,23.225934982299805,19.817331513151352,0.3332352083488463,0.950108945327548,0.9514612978474992,0.8269230769230769
108,dp_v2,artifacts/rq1_v2/confirmatory_run_20260916/dp_v2/group_108_run/simple_defense_attack_clipping_noise_mc_rq1_v2_confirmatory_r4_i600_lr0p1_nonneg0p001_clip100_mult0p00105_mc100/group_108/restart_0/baseline.pt,0.9303480386734009,13084.763671875,13084.763671875,33.69565963745117,20.49784492186471,0.42568705451415323,0.6235278248280377,0.6175013745606387,0.7884615384615384
109,raw,artifacts/rq1_v2/confirmatory_run_20260916/raw/group_109_run/harddiff_reparam_rq1_v2_confirmatory_standard_nonneg_0p001/group_109/restart_3/baseline.pt,0.4753749668598175,5912.8583984375,5912.8583984375,14.124608039855957,19.7786839427272,0.3267541605247146,0.9587988116345498,0.9595437586515956,0.7307692307692307
109,dna_v2,artifacts/rq1_v2/confirmatory_run_20260916/dna_v2/group_109_run/dna_v2_iht_attack_rq1_v2_confirmatory_ratio0p95_eta0p01_s0p2_iht80_step1_r4_i600_lr0p1_nonneg0p001/group_109/restart_0/baseline.pt,0.7001047134399414,3706.347412109375,3706.347412109375,12.988977432250977,22.057465539750353,0.6210352178317421,0.9658107794119345,0.9659799350336966,0.7307692307692307
109,dp_v2,artifacts/rq1_v2/confirmatory_run_20260916/dp_v2/group_109_run/simple_defense_attack_clipping_noise_mc_rq1_v2_confirmatory_r4_i600_lr0p1_nonneg0p001_clip100_mult0p00105_mc100/group_109/restart_3/baseline.pt,0.9698594212532043,7900.5830078125,7900.5830078125,22.62657356262207,19.073198622215514,0.2344664436210974,0.2850339662535368,0.26142855135585935,0.7115384615384616
110,raw,artifacts/rq1_v2/confirmatory_run_20260916/raw/group_110_run/harddiff_reparam_rq1_v2_confirmatory_standard_nonneg_0p001/group_110/restart_3/baseline.pt,0.43797966837882996,3772.566650390625,3772.566650390625,12.301958084106445,20.913016028609526,0.49258030194693003,0.9599632012607967,0.9592249062905001,0.75
110,dna_v2,artifacts/rq1_v2/confirmatory_run_20260916/dna_v2/group_110_run/dna_v2_iht_attack_rq1_v2_confirmatory_ratio0p95_eta0p01_s0p2_iht80_step1_r4_i600_lr0p1_nonneg0p001/group_110/restart_2/baseline.pt,0.7148017287254333,4822.251953125,4822.251953125,14.704816818237305,19.772964781021752,0.3336234800944906,0.812761692428771,0.808955411311487,0.7115384615384616
110,dp_v2,artifacts/rq1_v2/confirmatory_run_20260916/dp_v2/group_110_run/simple_defense_attack_clipping_noise_mc_rq1_v2_confirmatory_r4_i600_lr0p1_nonneg0p001_clip100_mult0p00105_mc100/group_110/restart_3/baseline.pt,0.9465128779411316,6375.1025390625,6375.1025390625,21.25590705871582,19.245932215662165,0.26804237917591595,0.3040614251389571,0.28066816859545646,0.7307692307692307
111,raw,artifacts/rq1_v2/confirmatory_run_20260916/raw/group_111_run/harddiff_reparam_rq1_v2_confirmatory_standard_nonneg_0p001/group_111/restart_1/baseline.pt,0.7613370418548584,918.885009765625,918.885009765625,10.868748664855957,17.50197829728524,0.24987439763800207,0.2363796666394844,0.2197809997127646,0.7307692307692307
111,dna_v2,artifacts/rq1_v2/confirmatory_run_20260916/dna_v2/group_111_run/dna_v2_iht_attack_rq1_v2_confirmatory_ratio0p95_eta0p01_s0p2_iht80_step1_r4_i600_lr0p1_nonneg0p001/group_111/restart_2/baseline.pt,0.7906415462493896,714.9408569335938,714.9408569335938,10.002429962158203,18.99281430094842,0.32207591468707936,0.32228410075410174,0.30420920566011994,0.7115384615384616
111,dp_v2,artifacts/rq1_v2/confirmatory_run_20260916/dp_v2/group_111_run/simple_defense_attack_clipping_noise_mc_rq1_v2_confirmatory_r4_i600_lr0p1_nonneg0p001_clip100_mult0p00105_mc100/group_111/restart_1/baseline.pt,0.9520626664161682,1545.4718017578125,1545.4718017578125,15.919564247131348,15.181058468566375,-0.17274452507972182,-0.1785052354365553,-0.22436669085990338,0.7307692307692307
112,raw,artifacts/rq1_v2/confirmatory_run_20260916/raw/group_112_run/harddiff_reparam_rq1_v2_confirmatory_standard_nonneg_0p001/group_112/restart_0/baseline.pt,0.4612721800804138,3903.89111328125,3903.89111328125,12.16291332244873,21.469331450784107,0.5545776870822068,0.9754039101115444,0.9750373355144569,0.8076923076923077
112,dna_v2,artifacts/rq1_v2/confirmatory_run_20260916/dna_v2/group_112_run/dna_v2_iht_attack_rq1_v2_confirmatory_ratio0p95_eta0p01_s0p2_iht80_step1_r4_i600_lr0p1_nonneg0p001/group_112/restart_1/baseline.pt,0.7133192420005798,3962.053466796875,3962.053466796875,12.915610313415527,21.31038237267444,0.5422287744058506,0.9663146140543548,0.9667593148641348,0.6346153846153846
112,dp_v2,artifacts/rq1_v2/confirmatory_run_20260916/dp_v2/group_112_run/simple_defense_attack_clipping_noise_mc_rq1_v2_confirmatory_r4_i600_lr0p1_nonneg0p001_clip100_mult0p00105_mc100/group_112/restart_3/baseline.pt,0.9596057534217834,10970.8125,10970.8125,29.630380630493164,17.2576600316553,-0.11811690744175828,-0.1954067449177848,-0.24496658549676986,0.6346153846153846
113,raw,artifacts/rq1_v2/confirmatory_run_20260916/raw/group_113_run/harddiff_reparam_rq1_v2_confirmatory_standard_nonneg_0p001/group_113/restart_2/baseline.pt,0.6039986610412598,16.391016006469727,16.391016006469727,1.8515722751617432,23.34729953260643,0.6995370459803695,0.6943685875890517,0.7112643754935778,0.6538461538461539
113,dna_v2,artifacts/rq1_v2/confirmatory_run_20260916/dna_v2/group_113_run/dna_v2_iht_attack_rq1_v2_confirmatory_ratio0p95_eta0p01_s0p2_iht80_step1_r4_i600_lr0p1_nonneg0p001/group_113/restart_3/baseline.pt,0.8039048314094543,32.21660614013672,32.21660614013672,2.906299114227295,19.892583263741873,0.5612646409119022,0.630248525134894,0.6260567608340877,0.7307692307692307
113,dp_v2,artifacts/rq1_v2/confirmatory_run_20260916/dp_v2/group_113_run/simple_defense_attack_clipping_noise_mc_rq1_v2_confirmatory_r4_i600_lr0p1_nonneg0p001_clip100_mult0p00105_mc100/group_113/restart_0/baseline.pt,0.9028075337409973,8.652173042297363,8.652173042297363,1.6971714496612549,21.768130958787964,0.742031964388012,0.7555332476343337,0.7308637355385847,0.6923076923076923
114,raw,artifacts/rq1_v2/confirmatory_run_20260916/raw/group_114_run/harddiff_reparam_rq1_v2_confirmatory_standard_nonneg_0p001/group_114/restart_1/baseline.pt,0.5810102820396423,262.2988586425781,262.2988586425781,4.4678521156311035,24.300152298790657,0.7599115617543318,0.9248008472981657,0.9231373744761877,0.7307692307692307
114,dna_v2,artifacts/rq1_v2/confirmatory_run_20260916/dna_v2/group_114_run/dna_v2_iht_attack_rq1_v2_confirmatory_ratio0p95_eta0p01_s0p2_iht80_step1_r4_i600_lr0p1_nonneg0p001/group_114/restart_1/baseline.pt,0.7675736546516418,221.22787475585938,221.22787475585938,5.046097278594971,24.58191013487309,0.8101428919990291,0.9088142879937234,0.9072590857103183,0.7307692307692307
114,dp_v2,artifacts/rq1_v2/confirmatory_run_20260916/dp_v2/group_114_run/simple_defense_attack_clipping_noise_mc_rq1_v2_confirmatory_r4_i600_lr0p1_nonneg0p001_clip100_mult0p00105_mc100/group_114/restart_3/baseline.pt,1.0276180505752563,1799.709228515625,1799.709228515625,14.010741233825684,16.121211834568864,-0.21498023562218618,-0.2432452819063319,-0.28206056699279464,0.5769230769230769
115,raw,artifacts/rq1_v2/confirmatory_run_20260916/raw/group_115_run/harddiff_reparam_rq1_v2_confirmatory_standard_nonneg_0p001/group_115/restart_2/baseline.pt,0.4892134666442871,9459.232421875,9459.232421875,19.279359817504883,19.765386566153026,0.32324141455496613,0.9317887140744117,0.9330151240079149,0.75
115,dna_v2,artifacts/rq1_v2/confirmatory_run_20260916/dna_v2/group_115_run/dna_v2_iht_attack_rq1_v2_confirmatory_ratio0p95_eta0p01_s0p2_iht80_step1_r4_i600_lr0p1_nonneg0p001/group_115/restart_3/baseline.pt,0.7261875867843628,9213.208984375,9213.208984375,19.72028923034668,19.977124671031152,0.3506756245878364,0.9133000769861488,0.9134407570379021,0.6730769230769231
115,dp_v2,artifacts/rq1_v2/confirmatory_run_20260916/dp_v2/group_115_run/simple_defense_attack_clipping_noise_mc_rq1_v2_confirmatory_r4_i600_lr0p1_nonneg0p001_clip100_mult0p00105_mc100/group_115/restart_2/baseline.pt,1.116788387298584,10952.859375,10952.859375,28.200538635253906,19.369555947360166,0.2974393485081228,0.4101452611134702,0.38287854736846555,0.6923076923076923
116,raw,artifacts/rq1_v2/confirmatory_run_20260916/raw/group_116_run/harddiff_reparam_rq1_v2_confirmatory_standard_nonneg_0p001/group_116/restart_1/baseline.pt,1.0018064975738525,168.12399291992188,168.12399291992188,5.648875713348389,18.450655074242185,0.13055720251912042,0.0934729967252043,0.07715367948960765,0.7307692307692307
116,dna_v2,artifacts/rq1_v2/confirmatory_run_20260916/dna_v2/group_116_run/dna_v2_iht_attack_rq1_v2_confirmatory_ratio0p95_eta0p01_s0p2_iht80_step1_r4_i600_lr0p1_nonneg0p001/group_116/restart_0/baseline.pt,1.139014482498169,162.67642211914062,162.67642211914062,5.3649067878723145,17.853949997353034,0.12668070365362624,0.09833207903791447,0.08003519671956602,0.6730769230769231
116,dp_v2,artifacts/rq1_v2/confirmatory_run_20260916/dp_v2/group_116_run/simple_defense_attack_clipping_noise_mc_rq1_v2_confirmatory_r4_i600_lr0p1_nonneg0p001_clip100_mult0p00105_mc100/group_116/restart_2/baseline.pt,1.2242680788040161,132.45640563964844,132.45640563964844,5.478231430053711,17.54169851106255,0.26094249908411965,0.2663745768293146,0.23018411325297225,0.8846153846153846
117,raw,artifacts/rq1_v2/confirmatory_run_20260916/raw/group_117_run/harddiff_reparam_rq1_v2_confirmatory_standard_nonneg_0p001/group_117/restart_0/baseline.pt,0.5282975435256958,493.90130615234375,493.90130615234375,7.213468551635742,24.612144569756946,0.7640020256642118,0.8551129602063974,0.8557224776721093,0.7307692307692307
117,dna_v2,artifacts/rq1_v2/confirmatory_run_20260916/dna_v2/group_117_run/dna_v2_iht_attack_rq1_v2_confirmatory_ratio0p95_eta0p01_s0p2_iht80_step1_r4_i600_lr0p1_nonneg0p001/group_117/restart_2/baseline.pt,0.6662858724594116,518.114990234375,518.114990234375,7.036770820617676,23.53040260514217,0.7274392373847762,0.9031525777536993,0.9048184079523283,0.7307692307692307
117,dp_v2,artifacts/rq1_v2/confirmatory_run_20260916/dp_v2/group_117_run/simple_defense_attack_clipping_noise_mc_rq1_v2_confirmatory_r4_i600_lr0p1_nonneg0p001_clip100_mult0p00105_mc100/group_117/restart_3/baseline.pt,1.0845837593078613,3428.64404296875,3428.64404296875,19.993288040161133,16.722424858875765,-0.3387966562264765,-0.3853971274289807,-0.43466989505064024,0.6923076923076923
118,raw,artifacts/rq1_v2/confirmatory_run_20260916/raw/group_118_run/harddiff_reparam_rq1_v2_confirmatory_standard_nonneg_0p001/group_118/restart_1/baseline.pt,0.5471681952476501,24.190324783325195,24.190324783325195,2.5573995113372803,22.701016882845035,0.7129634556438609,0.7543058349196554,0.7453441418265743,0.6923076923076923
118,dna_v2,artifacts/rq1_v2/confirmatory_run_20260916/dna_v2/group_118_run/dna_v2_iht_attack_rq1_v2_confirmatory_ratio0p95_eta0p01_s0p2_iht80_step1_r4_i600_lr0p1_nonneg0p001/group_118/restart_2/baseline.pt,0.7673872113227844,11.352400779724121,11.352400779724121,1.8824506998062134,25.392569564059457,0.8451610995423038,0.8621908853633603,0.8646997842154307,0.75
118,dp_v2,artifacts/rq1_v2/confirmatory_run_20260916/dp_v2/group_118_run/simple_defense_attack_clipping_noise_mc_rq1_v2_confirmatory_r4_i600_lr0p1_nonneg0p001_clip100_mult0p00105_mc100/group_118/restart_3/baseline.pt,0.9802869558334351,26.22127342224121,26.22127342224121,2.2426702976226807,19.620999714494193,0.5376015099489814,0.5456536072915581,0.513608299465151,0.7307692307692307
119,raw,artifacts/rq1_v2/confirmatory_run_20260916/raw/group_119_run/harddiff_reparam_rq1_v2_confirmatory_standard_nonneg_0p001/group_119/restart_2/baseline.pt,0.4638407826423645,157.85122680664062,157.85122680664062,4.845193386077881,25.03207600075898,0.7960063096891937,0.8157266322717129,0.8160124115080574,0.6923076923076923
119,dna_v2,artifacts/rq1_v2/confirmatory_run_20260916/dna_v2/group_119_run/dna_v2_iht_attack_rq1_v2_confirmatory_ratio0p95_eta0p01_s0p2_iht80_step1_r4_i600_lr0p1_nonneg0p001/group_119/restart_0/baseline.pt,0.6535505652427673,29.223207473754883,29.223207473754883,2.5830154418945312,29.137037534983765,0.9415400421504132,0.9502770417169857,0.9538261989453303,0.7692307692307693
119,dp_v2,artifacts/rq1_v2/confirmatory_run_20260916/dp_v2/group_119_run/simple_defense_attack_clipping_noise_mc_rq1_v2_confirmatory_r4_i600_lr0p1_nonneg0p001_clip100_mult0p00105_mc100/group_119/restart_0/baseline.pt,0.9256191849708557,643.5869750976562,643.5869750976562,7.247359275817871,15.691125898007739,-0.16390278093433075,-0.18197616467411146,-0.2178612814884035,0.7307692307692307
120,raw,artifacts/rq1_v2/confirmatory_run_20260916/raw/group_120_run/harddiff_reparam_rq1_v2_confirmatory_standard_nonneg_0p001/group_120/restart_2/baseline.pt,0.6562773585319519,193.0796661376953,193.0796661376953,5.628718852996826,16.818044150955217,0.36704597378588116,0.4356591035422773,0.4207885761405773,0.7307692307692307
120,dna_v2,artifacts/rq1_v2/confirmatory_run_20260916/dna_v2/group_120_run/dna_v2_iht_attack_rq1_v2_confirmatory_ratio0p95_eta0p01_s0p2_iht80_step1_r4_i600_lr0p1_nonneg0p001/group_120/restart_1/baseline.pt,0.8271206021308899,209.14047241210938,209.14047241210938,5.844118595123291,17.51734661481795,0.47877255360346216,0.46905092334755255,0.47513573672836523,0.7115384615384616
120,dp_v2,artifacts/rq1_v2/confirmatory_run_20260916/dp_v2/group_120_run/simple_defense_attack_clipping_noise_mc_rq1_v2_confirmatory_r4_i600_lr0p1_nonneg0p001_clip100_mult0p00105_mc100/group_120/restart_1/baseline.pt,1.0241965055465698,284.0749816894531,284.0749816894531,7.598740100860596,15.645661817870941,0.23515436044486016,0.2720034583211064,0.20648420050490865,0.8846153846153846
121,raw,artifacts/rq1_v2/confirmatory_run_20260916/raw/group_121_run/harddiff_reparam_rq1_v2_confirmatory_standard_nonneg_0p001/group_121/restart_0/baseline.pt,0.8035851716995239,1718.084716796875,1718.084716796875,13.394658088684082,18.553952755296034,0.23957914459105106,0.2075021560183049,0.23744513239887194,0.7307692307692307
121,dna_v2,artifacts/rq1_v2/confirmatory_run_20260916/dna_v2/group_121_run/dna_v2_iht_attack_rq1_v2_confirmatory_ratio0p95_eta0p01_s0p2_iht80_step1_r4_i600_lr0p1_nonneg0p001/group_121/restart_2/baseline.pt,0.950829267501831,1908.64501953125,1908.64501953125,15.55897331237793,17.793824414951942,0.1907152813909757,0.17976298249490896,0.16229596810112684,0.7115384615384616
121,dp_v2,artifacts/rq1_v2/confirmatory_run_20260916/dp_v2/group_121_run/simple_defense_attack_clipping_noise_mc_rq1_v2_confirmatory_r4_i600_lr0p1_nonneg0p001_clip100_mult0p00105_mc100/group_121/restart_1/baseline.pt,0.9719709157943726,1892.9317626953125,1892.9317626953125,18.647188186645508,19.501976405653416,0.25986734726951183,0.23115554227279217,0.22041697649049563,0.8269230769230769
122,raw,artifacts/rq1_v2/confirmatory_run_20260916/raw/group_122_run/harddiff_reparam_rq1_v2_confirmatory_standard_nonneg_0p001/group_122/restart_1/baseline.pt,0.4523999094963074,1700.671142578125,1700.671142578125,11.72211742401123,21.41636919417376,0.58213346666877,0.9381463900686731,0.9428883495444191,0.7692307692307693
122,dna_v2,artifacts/rq1_v2/confirmatory_run_20260916/dna_v2/group_122_run/dna_v2_iht_attack_rq1_v2_confirmatory_ratio0p95_eta0p01_s0p2_iht80_step1_r4_i600_lr0p1_nonneg0p001/group_122/restart_2/baseline.pt,0.6955051422119141,1425.0662841796875,1425.0662841796875,12.158864974975586,22.39839369760697,0.6749989675148934,0.9086918190632539,0.9111932359603376,0.75
122,dp_v2,artifacts/rq1_v2/confirmatory_run_20260916/dp_v2/group_122_run/simple_defense_attack_clipping_noise_mc_rq1_v2_confirmatory_r4_i600_lr0p1_nonneg0p001_clip100_mult0p00105_mc100/group_122/restart_1/baseline.pt,1.04684579372406,1985.06689453125,1985.06689453125,17.048736572265625,22.395244618853532,0.6342100402701983,0.6623552659219146,0.6532131114126377,0.7115384615384616
123,raw,artifacts/rq1_v2/confirmatory_run_20260916/raw/group_123_run/harddiff_reparam_rq1_v2_confirmatory_standard_nonneg_0p001/group_123/restart_1/baseline.pt,0.5072405934333801,28.426618576049805,28.426618576049805,2.026369094848633,25.596030603318958,0.8278169875171189,0.9427532951044016,0.9433176818687835,0.7692307692307693
123,dna_v2,artifacts/rq1_v2/confirmatory_run_20260916/dna_v2/group_123_run/dna_v2_iht_attack_rq1_v2_confirmatory_ratio0p95_eta0p01_s0p2_iht80_step1_r4_i600_lr0p1_nonneg0p001/group_123/restart_1/baseline.pt,0.6893483996391296,14.872685432434082,14.872685432434082,1.85837721824646,26.25405297675338,0.8746857287613818,0.914146320263882,0.9129812432928988,0.7115384615384616
123,dp_v2,artifacts/rq1_v2/confirmatory_run_20260916/dp_v2/group_123_run/simple_defense_attack_clipping_noise_mc_rq1_v2_confirmatory_r4_i600_lr0p1_nonneg0p001_clip100_mult0p00105_mc100/group_123/restart_3/baseline.pt,0.943603515625,5.977569103240967,5.977569103240967,1.2199897766113281,27.775444156120024,0.9281236004650909,0.9268290744886888,0.9252098857642962,0.75
124,raw,artifacts/rq1_v2/confirmatory_run_20260916/raw/group_124_run/harddiff_reparam_rq1_v2_confirmatory_standard_nonneg_0p001/group_124/restart_1/baseline.pt,0.6004283428192139,41.66678237915039,41.66678237915039,2.576824188232422,19.37761268886064,0.3254596720643188,0.321594919468519,0.31652727303531264,0.7307692307692307
124,dna_v2,artifacts/rq1_v2/confirmatory_run_20260916/dna_v2/group_124_run/dna_v2_iht_attack_rq1_v2_confirmatory_ratio0p95_eta0p01_s0p2_iht80_step1_r4_i600_lr0p1_nonneg0p001/group_124/restart_0/baseline.pt,0.7461378574371338,24.00973129272461,24.00973129272461,2.1271743774414062,23.85491651501466,0.7392248350046444,0.9074667252842407,0.9168318028357959,0.6923076923076923
124,dp_v2,artifacts/rq1_v2/confirmatory_run_20260916/dp_v2/group_124_run/simple_defense_attack_clipping_noise_mc_rq1_v2_confirmatory_r4_i600_lr0p1_nonneg0p001_clip100_mult0p00105_mc100/group_124/restart_1/baseline.pt,0.8717994689941406,31.511873245239258,31.511873245239258,2.2466230392456055,16.624033095345343,0.1637216368186911,0.1690853657173556,0.12566504998549582,0.7307692307692307
125,raw,artifacts/rq1_v2/confirmatory_run_20260916/raw/group_125_run/harddiff_reparam_rq1_v2_confirmatory_standard_nonneg_0p001/group_125/restart_0/baseline.pt,0.3963938057422638,33.3143196105957,33.3143196105957,2.726133108139038,29.35673052397537,0.9479608349039929,0.9579508904103924,0.9591833482785821,0.6923076923076923
125,dna_v2,artifacts/rq1_v2/confirmatory_run_20260916/dna_v2/group_125_run/dna_v2_iht_attack_rq1_v2_confirmatory_ratio0p95_eta0p01_s0p2_iht80_step1_r4_i600_lr0p1_nonneg0p001/group_125/restart_2/baseline.pt,0.8691396117210388,293.5712890625,293.5712890625,5.196406364440918,20.90560824549474,0.3309302003650011,0.2946053384679378,0.2858825153446627,0.75
125,dp_v2,artifacts/rq1_v2/confirmatory_run_20260916/dp_v2/group_125_run/simple_defense_attack_clipping_noise_mc_rq1_v2_confirmatory_r4_i600_lr0p1_nonneg0p001_clip100_mult0p00105_mc100/group_125/restart_0/baseline.pt,0.9288903474807739,33.73942565917969,33.73942565917969,2.998537540435791,28.14366161156122,0.9344921569308293,0.9340816101611664,0.9318991630629234,0.75
126,raw,artifacts/rq1_v2/confirmatory_run_20260916/raw/group_126_run/harddiff_reparam_rq1_v2_confirmatory_standard_nonneg_0p001/group_126/restart_2/baseline.pt,0.5157784223556519,4880.64501953125,4880.64501953125,17.30829620361328,20.305345647934985,0.41210882130918947,0.8782419655359186,0.8817444230034017,0.6923076923076923
126,dna_v2,artifacts/rq1_v2/confirmatory_run_20260916/dna_v2/group_126_run/dna_v2_iht_attack_rq1_v2_confirmatory_ratio0p95_eta0p01_s0p2_iht80_step1_r4_i600_lr0p1_nonneg0p001/group_126/restart_3/baseline.pt,0.8173450231552124,6058.37939453125,6058.37939453125,19.684785842895508,19.729533525205646,0.28105187056954833,0.5621144135188599,0.5566067146161539,0.6923076923076923
126,dp_v2,artifacts/rq1_v2/confirmatory_run_20260916/dp_v2/group_126_run/simple_defense_attack_clipping_noise_mc_rq1_v2_confirmatory_r4_i600_lr0p1_nonneg0p001_clip100_mult0p00105_mc100/group_126/restart_0/baseline.pt,0.9649288058280945,5245.84619140625,5245.84619140625,22.692241668701172,20.446760503662485,0.45254125779971915,0.5581329355636577,0.5336538060104465,0.75
127,raw,artifacts/rq1_v2/confirmatory_run_20260916/raw/group_127_run/harddiff_reparam_rq1_v2_confirmatory_standard_nonneg_0p001/group_127/restart_1/baseline.pt,0.7729365825653076,459.943359375,459.943359375,8.815729141235352,16.567745693162202,0.28622419040481034,0.27222801253328616,0.2642936197563201,0.7115384615384616
127,dna_v2,artifacts/rq1_v2/confirmatory_run_20260916/dna_v2/group_127_run/dna_v2_iht_attack_rq1_v2_confirmatory_ratio0p95_eta0p01_s0p2_iht80_step1_r4_i600_lr0p1_nonneg0p001/group_127/restart_3/baseline.pt,0.9184619188308716,416.9549560546875,416.9549560546875,8.091111183166504,18.725380413301515,0.2648849273504805,0.23375088859575804,0.22520619887638915,0.6730769230769231
127,dp_v2,artifacts/rq1_v2/confirmatory_run_20260916/dp_v2/group_127_run/simple_defense_attack_clipping_noise_mc_rq1_v2_confirmatory_r4_i600_lr0p1_nonneg0p001_clip100_mult0p00105_mc100/group_127/restart_0/baseline.pt,0.9500574469566345,619.1803588867188,619.1803588867188,9.695731163024902,17.86872509316076,0.05282091023501124,0.007663194542169115,-0.001877650435192667,0.8461538461538461
128,raw,artifacts/rq1_v2/confirmatory_run_20260916/raw/group_128_run/harddiff_reparam_rq1_v2_confirmatory_standard_nonneg_0p001/group_128/restart_1/baseline.pt,0.6046959161758423,125.93630981445312,125.93630981445312,4.232456684112549,23.76992317610471,0.7456660241377306,0.7520667811436237,0.7512008179011421,0.7884615384615384
128,dna_v2,artifacts/rq1_v2/confirmatory_run_20260916/dna_v2/group_128_run/dna_v2_iht_attack_rq1_v2_confirmatory_ratio0p95_eta0p01_s0p2_iht80_step1_r4_i600_lr0p1_nonneg0p001/group_128/restart_0/baseline.pt,0.7061299085617065,21.77785301208496,21.77785301208496,2.1099965572357178,29.37186447381741,0.9416531505516302,0.9389992508860094,0.9400264041577306,0.7884615384615384
128,dp_v2,artifacts/rq1_v2/confirmatory_run_20260916/dp_v2/group_128_run/simple_defense_attack_clipping_noise_mc_rq1_v2_confirmatory_r4_i600_lr0p1_nonneg0p001_clip100_mult0p00105_mc100/group_128/restart_3/baseline.pt,0.9105378985404968,62.561378479003906,62.561378479003906,3.2589612007141113,24.894441616340828,0.8317121599039128,0.827407598251781,0.8226110332087928,0.6923076923076923
129,raw,artifacts/rq1_v2/confirmatory_run_20260916/raw/group_129_run/harddiff_reparam_rq1_v2_confirmatory_standard_nonneg_0p001/group_129/restart_0/baseline.pt,0.9190729260444641,104.28289031982422,104.28289031982422,4.020040035247803,17.659656527050377,0.09983932331391948,0.08046047609575485,0.05343620217710836,0.75
129,dna_v2,artifacts/rq1_v2/confirmatory_run_20260916/dna_v2/group_129_run/dna_v2_iht_attack_rq1_v2_confirmatory_ratio0p95_eta0p01_s0p2_iht80_step1_r4_i600_lr0p1_nonneg0p001/group_129/restart_1/baseline.pt,1.041688323020935,97.28273010253906,97.28273010253906,3.721116542816162,18.490437104742476,0.11449171956889966,0.07763941914070574,0.0661363948289423,0.7115384615384616
129,dp_v2,artifacts/rq1_v2/confirmatory_run_20260916/dp_v2/group_129_run/simple_defense_attack_clipping_noise_mc_rq1_v2_confirmatory_r4_i600_lr0p1_nonneg0p001_clip100_mult0p00105_mc100/group_129/restart_0/baseline.pt,0.9960612058639526,102.32669067382812,102.32669067382812,4.742075443267822,18.29361663781443,0.15116628867309925,0.11494681655778474,0.10908711213969972,0.8076923076923077
130,raw,artifacts/rq1_v2/confirmatory_run_20260916/raw/group_130_run/harddiff_reparam_rq1_v2_confirmatory_standard_nonneg_0p001/group_130/restart_2/baseline.pt,0.6922857165336609,129.73501586914062,129.73501586914062,4.884212970733643,22.01035479295779,0.7038279773392012,0.7306373515759772,0.7290439847826262,0.7115384615384616
130,dna_v2,artifacts/rq1_v2/confirmatory_run_20260916/dna_v2/group_130_run/dna_v2_iht_attack_rq1_v2_confirmatory_ratio0p95_eta0p01_s0p2_iht80_step1_r4_i600_lr0p1_nonneg0p001/group_130/restart_3/baseline.pt,0.8055016994476318,68.55211639404297,68.55211639404297,3.1547186374664307,24.79873668266178,0.7822633192530212,0.7707143825195172,0.7686109406041991,0.6923076923076923
130,dp_v2,artifacts/rq1_v2/confirmatory_run_20260916/dp_v2/group_130_run/simple_defense_attack_clipping_noise_mc_rq1_v2_confirmatory_r4_i600_lr0p1_nonneg0p001_clip100_mult0p00105_mc100/group_130/restart_3/baseline.pt,0.8566663861274719,216.10763549804688,216.10763549804688,5.319464683532715,18.01463164772408,0.2618389727849968,0.24549573460971208,0.2256527755512492,0.7115384615384616
131,raw,artifacts/rq1_v2/confirmatory_run_20260916/raw/group_131_run/harddiff_reparam_rq1_v2_confirmatory_standard_nonneg_0p001/group_131/restart_0/baseline.pt,0.4846174418926239,44.02196502685547,44.02196502685547,3.349809169769287,29.24819005595312,0.9286503089206732,0.9373552796799858,0.9367536516031941,0.7692307692307693
131,dna_v2,artifacts/rq1_v2/confirmatory_run_20260916/dna_v2/group_131_run/dna_v2_iht_attack_rq1_v2_confirmatory_ratio0p95_eta0p01_s0p2_iht80_step1_r4_i600_lr0p1_nonneg0p001/group_131/restart_1/baseline.pt,0.7187796235084534,47.92540740966797,47.92540740966797,3.0690340995788574,28.302914394854316,0.8991284978602776,0.8980494731816211,0.8975266390683856,0.75
131,dp_v2,artifacts/rq1_v2/confirmatory_run_20260916/dp_v2/group_131_run/simple_defense_attack_clipping_noise_mc_rq1_v2_confirmatory_r4_i600_lr0p1_nonneg0p001_clip100_mult0p00105_mc100/group_131/restart_1/baseline.pt,0.8809807300567627,14.377375602722168,14.377375602722168,2.227893114089966,32.929171088627804,0.9711041410343172,0.970563018229989,0.9701246079527984,0.7115384615384616
132,raw,artifacts/rq1_v2/confirmatory_run_20260916/raw/group_132_run/harddiff_reparam_rq1_v2_confirmatory_standard_nonneg_0p001/group_132/restart_2/baseline.pt,0.8244401216506958,1548.8345947265625,1548.8345947265625,12.105758666992188,19.14477969352266,0.2576290345630869,0.2677185939200592,0.2862548001794212,0.7307692307692307
132,dna_v2,artifacts/rq1_v2/confirmatory_run_20260916/dna_v2/group_132_run/dna_v2_iht_attack_rq1_v2_confirmatory_ratio0p95_eta0p01_s0p2_iht80_step1_r4_i600_lr0p1_nonneg0p001/group_132/restart_3/baseline.pt,0.9977958798408508,1881.10693359375,1881.10693359375,15.549985885620117,18.131945445954855,0.1433139083769289,0.09461099545375859,0.12381983099044629,0.7115384615384616
132,dp_v2,artifacts/rq1_v2/confirmatory_run_20260916/dp_v2/group_132_run/simple_defense_attack_clipping_noise_mc_rq1_v2_confirmatory_r4_i600_lr0p1_nonneg0p001_clip100_mult0p00105_mc100/group_132/restart_1/baseline.pt,1.0831084251403809,2203.258056640625,2203.258056640625,21.20854377746582,18.006710638813953,0.24461951972313353,0.19569721695822911,0.2172124114429486,0.8461538461538461
133,raw,artifacts/rq1_v2/confirmatory_run_20260916/raw/group_133_run/harddiff_reparam_rq1_v2_confirmatory_standard_nonneg_0p001/group_133/restart_1/baseline.pt,0.5669580698013306,16211.7861328125,16211.7861328125,29.246585845947266,19.200652731211967,0.27041049781378534,0.8145538108889806,0.8129205450984083,0.6730769230769231
133,dna_v2,artifacts/rq1_v2/confirmatory_run_20260916/dna_v2/group_133_run/dna_v2_iht_attack_rq1_v2_confirmatory_ratio0p95_eta0p01_s0p2_iht80_step1_r4_i600_lr0p1_nonneg0p001/group_133/restart_1/baseline.pt,0.7251342535018921,13958.107421875,13958.107421875,27.70189094543457,19.699424745717664,0.3661010218144419,0.9064615923007655,0.906449654962693,0.7884615384615384
133,dp_v2,artifacts/rq1_v2/confirmatory_run_20260916/dp_v2/group_133_run/simple_defense_attack_clipping_noise_mc_rq1_v2_confirmatory_r4_i600_lr0p1_nonneg0p001_clip100_mult0p00105_mc100/group_133/restart_0/baseline.pt,1.0029579401016235,23695.486328125,23695.486328125,44.50756072998047,17.428225623758987,-0.0013082841087052879,-0.05134312905133269,-0.10391051546438185,0.6538461538461539
134,raw,artifacts/rq1_v2/confirmatory_run_20260916/raw/group_134_run/harddiff_reparam_rq1_v2_confirmatory_standard_nonneg_0p001/group_134/restart_1/baseline.pt,0.8453088402748108,345.5200500488281,345.5200500488281,7.9474029541015625,18.22927675846565,0.1904301053015972,0.1592924265320794,0.14721455064712982,0.7115384615384616
134,dna_v2,artifacts/rq1_v2/confirmatory_run_20260916/dna_v2/group_134_run/dna_v2_iht_attack_rq1_v2_confirmatory_ratio0p95_eta0p01_s0p2_iht80_step1_r4_i600_lr0p1_nonneg0p001/group_134/restart_3/baseline.pt,0.9597312211990356,321.7746276855469,321.7746276855469,7.3360066413879395,18.999491982153355,0.1906146318645439,0.13201147377220784,0.14130470142206497,0.6346153846153846
134,dp_v2,artifacts/rq1_v2/confirmatory_run_20260916/dp_v2/group_134_run/simple_defense_attack_clipping_noise_mc_rq1_v2_confirmatory_r4_i600_lr0p1_nonneg0p001_clip100_mult0p00105_mc100/group_134/restart_0/baseline.pt,1.1143085956573486,340.98272705078125,340.98272705078125,8.132856369018555,17.517321495344472,0.1717483948809522,0.14018228771141825,0.13406579397781854,0.7692307692307693
135,raw,artifacts/rq1_v2/confirmatory_run_20260916/raw/group_135_run/harddiff_reparam_rq1_v2_confirmatory_standard_nonneg_0p001/group_135/restart_2/baseline.pt,0.5150579214096069,1141.0703125,1141.0703125,9.939238548278809,22.618980976218452,0.6539937747833651,0.895813719534757,0.8962849126102473,0.6346153846153846
135,dna_v2,artifacts/rq1_v2/confirmatory_run_20260916/dna_v2/group_135_run/dna_v2_iht_attack_rq1_v2_confirmatory_ratio0p95_eta0p01_s0p2_iht80_step1_r4_i600_lr0p1_nonneg0p001/group_135/restart_3/baseline.pt,0.676125705242157,1051.6278076171875,1051.6278076171875,8.741984367370605,22.672647373431566,0.6739574701559342,0.9575811140717583,0.9604752583870255,0.75
135,dp_v2,artifacts/rq1_v2/confirmatory_run_20260916/dp_v2/group_135_run/simple_defense_attack_clipping_noise_mc_rq1_v2_confirmatory_r4_i600_lr0p1_nonneg0p001_clip100_mult0p00105_mc100/group_135/restart_2/baseline.pt,0.9859720468521118,2685.466552734375,2685.466552734375,19.02420997619629,20.519751599390336,0.379795541124413,0.3673920015287658,0.34758974713988355,0.6923076923076923
136,raw,artifacts/rq1_v2/confirmatory_run_20260916/raw/group_136_run/harddiff_reparam_rq1_v2_confirmatory_standard_nonneg_0p001/group_136/restart_0/baseline.pt,0.5178781151771545,26.24352264404297,26.24352264404297,2.4771182537078857,22.066498208041132,0.6158522438168705,0.7638156308318488,0.7702241990956911,0.6923076923076923
136,dna_v2,artifacts/rq1_v2/confirmatory_run_20260916/dna_v2/group_136_run/dna_v2_iht_attack_rq1_v2_confirmatory_ratio0p95_eta0p01_s0p2_iht80_step1_r4_i600_lr0p1_nonneg0p001/group_136/restart_3/baseline.pt,0.7719007134437561,31.05161476135254,31.05161476135254,2.343144655227661,21.42434330275257,0.5689908369530581,0.7209966923608394,0.7217988790498764,0.8076923076923077
136,dp_v2,artifacts/rq1_v2/confirmatory_run_20260916/dp_v2/group_136_run/simple_defense_attack_clipping_noise_mc_rq1_v2_confirmatory_r4_i600_lr0p1_nonneg0p001_clip100_mult0p00105_mc100/group_136/restart_0/baseline.pt,0.9646631479263306,4.759257793426514,4.759257793426514,1.3127105236053467,22.755680312065046,0.8087738814867818,0.8153593304886176,0.7995134697596521,0.7692307692307693
137,raw,artifacts/rq1_v2/confirmatory_run_20260916/raw/group_137_run/harddiff_reparam_rq1_v2_confirmatory_standard_nonneg_0p001/group_137/restart_1/baseline.pt,0.4818587303161621,15.032135009765625,15.032135009765625,1.667399525642395,20.686178755314202,0.5034707390954714,0.7810576353361014,0.784378422575082,0.75
137,dna_v2,artifacts/rq1_v2/confirmatory_run_20260916/dna_v2/group_137_run/dna_v2_iht_attack_rq1_v2_confirmatory_ratio0p95_eta0p01_s0p2_iht80_step1_r4_i600_lr0p1_nonneg0p001/group_137/restart_2/baseline.pt,0.7408316135406494,83.15418243408203,83.15418243408203,3.5862631797790527,20.35888796764221,0.2571959745336812,0.5838782882510622,0.6034736829509518,0.7115384615384616
137,dp_v2,artifacts/rq1_v2/confirmatory_run_20260916/dp_v2/group_137_run/simple_defense_attack_clipping_noise_mc_rq1_v2_confirmatory_r4_i600_lr0p1_nonneg0p001_clip100_mult0p00105_mc100/group_137/restart_1/baseline.pt,0.9180964231491089,4.436525821685791,4.436525821685791,1.3409594297409058,19.951294742943546,0.647161752449896,0.7567415751197601,0.73809103330007,0.8076923076923077
138,raw,artifacts/rq1_v2/confirmatory_run_20260916/raw/group_138_run/harddiff_reparam_rq1_v2_confirmatory_standard_nonneg_0p001/group_138/restart_1/baseline.pt,0.5277104377746582,510.65350341796875,510.65350341796875,6.227797508239746,21.73298676596998,0.5885978741631559,0.8989978427813494,0.9009140918117274,0.7307692307692307
138,dna_v2,artifacts/rq1_v2/confirmatory_run_20260916/dna_v2/group_138_run/dna_v2_iht_attack_rq1_v2_confirmatory_ratio0p95_eta0p01_s0p2_iht80_step1_r4_i600_lr0p1_nonneg0p001/group_138/restart_1/baseline.pt,0.7927206158638,382.5990905761719,382.5990905761719,6.695109844207764,23.69306563225429,0.7318340180544292,0.87838027723133,0.8799551002706048,0.6730769230769231
138,dp_v2,artifacts/rq1_v2/confirmatory_run_20260916/dp_v2/group_138_run/simple_defense_attack_clipping_noise_mc_rq1_v2_confirmatory_r4_i600_lr0p1_nonneg0p001_clip100_mult0p00105_mc100/group_138/restart_3/baseline.pt,1.015547275543213,2672.654052734375,2672.654052734375,16.593048095703125,16.75296842506841,-0.3768296508110789,-0.42322720605604214,-0.4766228097628556,0.7307692307692307
139,raw,artifacts/rq1_v2/confirmatory_run_20260916/raw/group_139_run/harddiff_reparam_rq1_v2_confirmatory_standard_nonneg_0p001/group_139/restart_2/baseline.pt,0.7098178267478943,67.73086547851562,67.73086547851562,3.4407503604888916,18.567726979603634,0.16136659619768812,0.4503344843951511,0.4798870915056166,0.6346153846153846
139,dna_v2,artifacts/rq1_v2/confirmatory_run_20260916/dna_v2/group_139_run/dna_v2_iht_attack_rq1_v2_confirmatory_ratio0p95_eta0p01_s0p2_iht80_step1_r4_i600_lr0p1_nonneg0p001/group_139/restart_0/baseline.pt,0.8045800924301147,36.36841583251953,36.36841583251953,2.6339077949523926,20.33034540268148,0.24592676573665054,0.5864342981859794,0.602554410371016,0.7307692307692307
139,dp_v2,artifacts/rq1_v2/confirmatory_run_20260916/dp_v2/group_139_run/simple_defense_attack_clipping_noise_mc_rq1_v2_confirmatory_r4_i600_lr0p1_nonneg0p001_clip100_mult0p00105_mc100/group_139/restart_0/baseline.pt,0.9963345527648926,13.589653968811035,13.589653968811035,1.6136882305145264,19.77700186803823,0.14465873115355826,0.15997186603951496,0.14227330947364744,0.7115384615384616
140,raw,artifacts/rq1_v2/confirmatory_run_20260916/raw/group_140_run/harddiff_reparam_rq1_v2_confirmatory_standard_nonneg_0p001/group_140/restart_3/baseline.pt,0.713408350944519,120.73875427246094,120.73875427246094,4.504211902618408,19.872291754918066,0.216219308492339,0.6183120413147264,0.6491102359793562,0.7115384615384616
140,dna_v2,artifacts/rq1_v2/confirmatory_run_20260916/dna_v2/group_140_run/dna_v2_iht_attack_rq1_v2_confirmatory_ratio0p95_eta0p01_s0p2_iht80_step1_r4_i600_lr0p1_nonneg0p001/group_140/restart_2/baseline.pt,0.822998583316803,19.216405868530273,19.216405868530273,2.0228123664855957,20.385891477033002,0.3644429059999468,0.5879010516859511,0.6022606494231246,0.6923076923076923
140,dp_v2,artifacts/rq1_v2/confirmatory_run_20260916/dp_v2/group_140_run/simple_defense_attack_clipping_noise_mc_rq1_v2_confirmatory_r4_i600_lr0p1_nonneg0p001_clip100_mult0p00105_mc100/group_140/restart_0/baseline.pt,0.8670846819877625,9.602570533752441,9.602570533752441,1.7104427814483643,16.331098403399906,-0.015127767748709919,-0.013215005681257747,-0.07925555116430649,0.6346153846153846
141,raw,artifacts/rq1_v2/confirmatory_run_20260916/raw/group_141_run/harddiff_reparam_rq1_v2_confirmatory_standard_nonneg_0p001/group_141/restart_3/baseline.pt,0.5548284649848938,26.815696716308594,26.815696716308594,2.2971606254577637,21.88760371568504,0.4919989279504282,0.8169034901031023,0.8325335433268101,0.7307692307692307
141,dna_v2,artifacts/rq1_v2/confirmatory_run_20260916/dna_v2/group_141_run/dna_v2_iht_attack_rq1_v2_confirmatory_ratio0p95_eta0p01_s0p2_iht80_step1_r4_i600_lr0p1_nonneg0p001/group_141/restart_2/baseline.pt,0.8300376534461975,83.25728607177734,83.25728607177734,3.5398406982421875,21.665781813588634,0.35717650985905874,0.82519053749337,0.8307173723850076,0.7115384615384616
141,dp_v2,artifacts/rq1_v2/confirmatory_run_20260916/dp_v2/group_141_run/simple_defense_attack_clipping_noise_mc_rq1_v2_confirmatory_r4_i600_lr0p1_nonneg0p001_clip100_mult0p00105_mc100/group_141/restart_1/baseline.pt,0.905501663684845,18.808427810668945,18.808427810668945,1.9256880283355713,17.379939069200084,-0.07779574588160841,-0.15251616212622043,-0.16437205689789236,0.7692307692307693
142,raw,artifacts/rq1_v2/confirmatory_run_20260916/raw/group_142_run/harddiff_reparam_rq1_v2_confirmatory_standard_nonneg_0p001/group_142/restart_3/baseline.pt,0.39088234305381775,165.00917053222656,165.00917053222656,5.00363826751709,25.900544418369222,0.86363341435693,0.9463549145790554,0.9473426775586338,0.6923076923076923
142,dna_v2,artifacts/rq1_v2/confirmatory_run_20260916/dna_v2/group_142_run/dna_v2_iht_attack_rq1_v2_confirmatory_ratio0p95_eta0p01_s0p2_iht80_step1_r4_i600_lr0p1_nonneg0p001/group_142/restart_3/baseline.pt,0.6405957937240601,81.49327087402344,81.49327087402344,4.254106521606445,26.750337936095722,0.9042523115391535,0.9117169310762304,0.9153686929044484,0.5961538461538461
142,dp_v2,artifacts/rq1_v2/confirmatory_run_20260916/dp_v2/group_142_run/simple_defense_attack_clipping_noise_mc_rq1_v2_confirmatory_r4_i600_lr0p1_nonneg0p001_clip100_mult0p00105_mc100/group_142/restart_0/baseline.pt,1.0001670122146606,626.4906616210938,626.4906616210938,8.433597564697266,16.546451401958937,0.04724625681458488,0.03472622038212073,0.0027217658659725867,0.7307692307692307
143,raw,artifacts/rq1_v2/confirmatory_run_20260916/raw/group_143_run/harddiff_reparam_rq1_v2_confirmatory_standard_nonneg_0p001/group_143/restart_3/baseline.pt,0.42785724997520447,139.49522399902344,139.49522399902344,4.342493057250977,27.873942138201883,0.9039208104896521,0.9054097279776471,0.909317441783251,0.6346153846153846
143,dna_v2,artifacts/rq1_v2/confirmatory_run_20260916/dna_v2/group_143_run/dna_v2_iht_attack_rq1_v2_confirmatory_ratio0p95_eta0p01_s0p2_iht80_step1_r4_i600_lr0p1_nonneg0p001/group_143/restart_1/baseline.pt,0.6452125310897827,85.56417083740234,85.56417083740234,3.518246650695801,27.918879401015314,0.9225007726750973,0.9795648535900572,0.9795092746415655,0.5769230769230769
143,dp_v2,artifacts/rq1_v2/confirmatory_run_20260916/dp_v2/group_143_run/simple_defense_attack_clipping_noise_mc_rq1_v2_confirmatory_r4_i600_lr0p1_nonneg0p001_clip100_mult0p00105_mc100/group_143/restart_3/baseline.pt,0.9398061037063599,218.8028106689453,218.8028106689453,6.1480488777160645,24.92575430603765,0.8427305437618079,0.8456577838355167,0.8402804591155283,0.6730769230769231
144,raw,artifacts/rq1_v2/confirmatory_run_20260916/raw/group_144_run/harddiff_reparam_rq1_v2_confirmatory_standard_nonneg_0p001/group_144/restart_0/baseline.pt,0.633544385433197,53.03736114501953,53.03736114501953,3.131680965423584,20.20052470614948,0.24825781170731073,0.5567086704148875,0.5722659329825625,0.7115384615384616
144,dna_v2,artifacts/rq1_v2/confirmatory_run_20260916/dna_v2/group_144_run/dna_v2_iht_attack_rq1_v2_confirmatory_ratio0p95_eta0p01_s0p2_iht80_step1_r4_i600_lr0p1_nonneg0p001/group_144/restart_1/baseline.pt,0.8133357167243958,54.98130798339844,54.98130798339844,3.136115550994873,19.03719595139806,0.036136892578026956,-0.07882341859204173,-0.1009085113309444,0.7307692307692307
144,dp_v2,artifacts/rq1_v2/confirmatory_run_20260916/dp_v2/group_144_run/simple_defense_attack_clipping_noise_mc_rq1_v2_confirmatory_r4_i600_lr0p1_nonneg0p001_clip100_mult0p00105_mc100/group_144/restart_3/baseline.pt,0.8339927792549133,12.397632598876953,12.397632598876953,1.999708652496338,14.16840258013028,-0.05905844956431481,-0.06587884389413666,-0.1279066298494894,0.7115384615384616
145,raw,artifacts/rq1_v2/confirmatory_run_20260916/raw/group_145_run/harddiff_reparam_rq1_v2_confirmatory_standard_nonneg_0p001/group_145/restart_0/baseline.pt,0.7072190642356873,90.39888763427734,90.39888763427734,4.077103614807129,16.99998175054564,0.32860151102662566,0.32647053198302106,0.30335886045425364,0.75
145,dna_v2,artifacts/rq1_v2/confirmatory_run_20260916/dna_v2/group_145_run/dna_v2_iht_attack_rq1_v2_confirmatory_ratio0p95_eta0p01_s0p2_iht80_step1_r4_i600_lr0p1_nonneg0p001/group_145/restart_1/baseline.pt,0.8925791382789612,97.97493743896484,97.97493743896484,4.316556453704834,18.661816763157567,0.4025424754504209,0.39017756914514545,0.3801860231722067,0.6538461538461539
145,dp_v2,artifacts/rq1_v2/confirmatory_run_20260916/dp_v2/group_145_run/simple_defense_attack_clipping_noise_mc_rq1_v2_confirmatory_r4_i600_lr0p1_nonneg0p001_clip100_mult0p00105_mc100/group_145/restart_1/baseline.pt,0.9327220916748047,82.80516815185547,82.80516815185547,3.9421310424804688,15.905480807315298,0.2291372033571423,0.24942883561983695,0.20874589637840074,0.8461538461538461
146,raw,artifacts/rq1_v2/confirmatory_run_20260916/raw/group_146_run/harddiff_reparam_rq1_v2_confirmatory_standard_nonneg_0p001/group_146/restart_0/baseline.pt,0.5278075933456421,32.11653137207031,32.11653137207031,2.3548989295959473,21.391411401152574,0.3443992834842454,0.7930003771682689,0.7969608381380309,0.7115384615384616
146,dna_v2,artifacts/rq1_v2/confirmatory_run_20260916/dna_v2/group_146_run/dna_v2_iht_attack_rq1_v2_confirmatory_ratio0p95_eta0p01_s0p2_iht80_step1_r4_i600_lr0p1_nonneg0p001/group_146/restart_1/baseline.pt,0.6972962617874146,43.41799545288086,43.41799545288086,2.273205280303955,21.849170192780406,0.3294538139768928,0.8227406016935964,0.8272996117488622,0.6730769230769231
146,dp_v2,artifacts/rq1_v2/confirmatory_run_20260916/dp_v2/group_146_run/simple_defense_attack_clipping_noise_mc_rq1_v2_confirmatory_r4_i600_lr0p1_nonneg0p001_clip100_mult0p00105_mc100/group_146/restart_3/baseline.pt,1.0231691598892212,7.814060688018799,7.814060688018799,1.3604488372802734,22.08625094103653,0.4848336954361517,0.7158528261834771,0.71562074717124,0.75
147,raw,artifacts/rq1_v2/confirmatory_run_20260916/raw/group_147_run/harddiff_reparam_rq1_v2_confirmatory_standard_nonneg_0p001/group_147/restart_2/baseline.pt,0.5852850079536438,46.59199905395508,46.59199905395508,3.0603318214416504,19.35891882757302,0.37248617163591013,0.6641594208672107,0.6868456975431168,0.6153846153846154
147,dna_v2,artifacts/rq1_v2/confirmatory_run_20260916/dna_v2/group_147_run/dna_v2_iht_attack_rq1_v2_confirmatory_ratio0p95_eta0p01_s0p2_iht80_step1_r4_i600_lr0p1_nonneg0p001/group_147/restart_3/baseline.pt,0.7770137190818787,52.44919204711914,52.44919204711914,3.160442352294922,20.341349623485808,0.37948550768347566,0.6959783895855154,0.7242629530979237,0.7692307692307693
147,dp_v2,artifacts/rq1_v2/confirmatory_run_20260916/dp_v2/group_147_run/simple_defense_attack_clipping_noise_mc_rq1_v2_confirmatory_r4_i600_lr0p1_nonneg0p001_clip100_mult0p00105_mc100/group_147/restart_3/baseline.pt,0.8559858798980713,5.657106399536133,5.657106399536133,1.3828814029693604,21.84339512338816,0.6767941548893115,0.746176316474569,0.7340570278778684,0.7692307692307693
148,raw,artifacts/rq1_v2/confirmatory_run_20260916/raw/group_148_run/harddiff_reparam_rq1_v2_confirmatory_standard_nonneg_0p001/group_148/restart_1/baseline.pt,0.5887689590454102,1851.06884765625,1851.06884765625,13.130242347717285,21.596131435008566,0.5578680016525778,0.8325427045635437,0.8280166390318828,0.7692307692307693
148,dna_v2,artifacts/rq1_v2/confirmatory_run_20260916/dna_v2/group_148_run/dna_v2_iht_attack_rq1_v2_confirmatory_ratio0p95_eta0p01_s0p2_iht80_step1_r4_i600_lr0p1_nonneg0p001/group_148/restart_1/baseline.pt,0.7772314548492432,1906.090087890625,1906.090087890625,11.002954483032227,21.087504025375413,0.5174604580514104,0.9332556982072645,0.9348879634780533,0.8269230769230769
148,dp_v2,artifacts/rq1_v2/confirmatory_run_20260916/dp_v2/group_148_run/simple_defense_attack_clipping_noise_mc_rq1_v2_confirmatory_r4_i600_lr0p1_nonneg0p001_clip100_mult0p00105_mc100/group_148/restart_2/baseline.pt,0.9655985236167908,3577.998291015625,3577.998291015625,22.328235626220703,20.568532086645035,0.34892295240581034,0.33656295934040914,0.3179920539491057,0.6923076923076923
149,raw,artifacts/rq1_v2/confirmatory_run_20260916/raw/group_149_run/harddiff_reparam_rq1_v2_confirmatory_standard_nonneg_0p001/group_149/restart_0/baseline.pt,0.48652949929237366,16232.447265625,16232.447265625,23.0906982421875,18.93803214468733,0.18604502817610571,0.8471303658061239,0.8450837847399234,0.6923076923076923
149,dna_v2,artifacts/rq1_v2/confirmatory_run_20260916/dna_v2/group_149_run/dna_v2_iht_attack_rq1_v2_confirmatory_ratio0p95_eta0p01_s0p2_iht80_step1_r4_i600_lr0p1_nonneg0p001/group_149/restart_2/baseline.pt,0.688144326210022,15414.5576171875,15414.5576171875,22.651803970336914,19.236606203103392,0.23477885114689911,0.892482768771751,0.8935772360466395,0.8076923076923077
149,dp_v2,artifacts/rq1_v2/confirmatory_run_20260916/dp_v2/group_149_run/simple_defense_attack_clipping_noise_mc_rq1_v2_confirmatory_r4_i600_lr0p1_nonneg0p001_clip100_mult0p00105_mc100/group_149/restart_0/baseline.pt,1.0601216554641724,11903.921875,11903.921875,25.84502410888672,20.346842493242917,0.4323184385125835,0.8353280858034642,0.8305324997435263,0.7692307692307693
150,raw,artifacts/rq1_v2/confirmatory_run_20260916/raw/group_150_run/harddiff_reparam_rq1_v2_confirmatory_standard_nonneg_0p001/group_150/restart_1/baseline.pt,0.6376258730888367,1026.8087158203125,1026.8087158203125,10.629659652709961,18.68926733205062,0.5120922209511317,0.5213653531554522,0.5090631443418075,0.7307692307692307
150,dna_v2,artifacts/rq1_v2/confirmatory_run_20260916/dna_v2/group_150_run/dna_v2_iht_attack_rq1_v2_confirmatory_ratio0p95_eta0p01_s0p2_iht80_step1_r4_i600_lr0p1_nonneg0p001/group_150/restart_1/baseline.pt,0.8416315317153931,1124.6658935546875,1124.6658935546875,12.122212409973145,18.172505429548746,0.31503253791827845,0.37352312786500097,0.38428648403464283,0.6923076923076923
150,dp_v2,artifacts/rq1_v2/confirmatory_run_20260916/dp_v2/group_150_run/simple_defense_attack_clipping_noise_mc_rq1_v2_confirmatory_r4_i600_lr0p1_nonneg0p001_clip100_mult0p00105_mc100/group_150/restart_1/baseline.pt,1.116786241531372,1287.5264892578125,1287.5264892578125,15.871683120727539,19.11767026173128,0.45392919344177873,0.43736660364524976,0.4338546403860207,0.8269230769230769
151,raw,artifacts/rq1_v2/confirmatory_run_20260916/raw/group_151_run/harddiff_reparam_rq1_v2_confirmatory_standard_nonneg_0p001/group_151/restart_2/baseline.pt,0.6398552656173706,56.22461700439453,56.22461700439453,3.83406400680542,24.121115398849152,0.8135099343945347,0.8320010157125424,0.843825887848474,0.8076923076923077
151,dna_v2,artifacts/rq1_v2/confirmatory_run_20260916/dna_v2/group_151_run/dna_v2_iht_attack_rq1_v2_confirmatory_ratio0p95_eta0p01_s0p2_iht80_step1_r4_i600_lr0p1_nonneg0p001/group_151/restart_3/baseline.pt,0.8280494809150696,71.63367462158203,71.63367462158203,3.925623655319214,21.331084924649165,0.6545212564466085,0.6357813750261402,0.6402037243385615,0.7692307692307693
151,dp_v2,artifacts/rq1_v2/confirmatory_run_20260916/dp_v2/group_151_run/simple_defense_attack_clipping_noise_mc_rq1_v2_confirmatory_r4_i600_lr0p1_nonneg0p001_clip100_mult0p00105_mc100/group_151/restart_3/baseline.pt,0.9693095684051514,37.79812240600586,37.79812240600586,2.6594138145446777,24.107556915277467,0.8187365047205226,0.8094823523045881,0.8115897537180662,0.8269230769230769
152,raw,artifacts/rq1_v2/confirmatory_run_20260916/raw/group_152_run/harddiff_reparam_rq1_v2_confirmatory_standard_nonneg_0p001/group_152/restart_1/baseline.pt,0.7581002116203308,52.372371673583984,52.372371673583984,2.675980567932129,18.877853808420085,0.08345413933174106,0.14904411858951622,0.12737005633009316,0.7307692307692307
152,dna_v2,artifacts/rq1_v2/confirmatory_run_20260916/dna_v2/group_152_run/dna_v2_iht_attack_rq1_v2_confirmatory_ratio0p95_eta0p01_s0p2_iht80_step1_r4_i600_lr0p1_nonneg0p001/group_152/restart_1/baseline.pt,0.8520840406417847,53.19887161254883,53.19887161254883,3.0873334407806396,18.522078096851963,0.06447736918434126,0.028774906332459986,0.03134622573732668,0.6730769230769231
152,dp_v2,artifacts/rq1_v2/confirmatory_run_20260916/dp_v2/group_152_run/simple_defense_attack_clipping_noise_mc_rq1_v2_confirmatory_r4_i600_lr0p1_nonneg0p001_clip100_mult0p00105_mc100/group_152/restart_2/baseline.pt,0.8758922219276428,11.084891319274902,11.084891319274902,1.6999608278274536,17.902189056199116,0.10902083686734501,0.19080145202057466,0.1904557055725562,0.7307692307692307
153,raw,artifacts/rq1_v2/confirmatory_run_20260916/raw/group_153_run/harddiff_reparam_rq1_v2_confirmatory_standard_nonneg_0p001/group_153/restart_3/baseline.pt,0.4419260621070862,87.45700073242188,87.45700073242188,3.9160196781158447,26.552069077862637,0.8725977976720394,0.8680281345589599,0.8664040231145187,0.7115384615384616
153,dna_v2,artifacts/rq1_v2/confirmatory_run_20260916/dna_v2/group_153_run/dna_v2_iht_attack_rq1_v2_confirmatory_ratio0p95_eta0p01_s0p2_iht80_step1_r4_i600_lr0p1_nonneg0p001/group_153/restart_0/baseline.pt,0.6835423707962036,117.47602844238281,117.47602844238281,3.661843776702881,24.92928295018459,0.7771528000709998,0.8362321909236732,0.8361486756474091,0.8076923076923077
153,dp_v2,artifacts/rq1_v2/confirmatory_run_20260916/dp_v2/group_153_run/simple_defense_attack_clipping_noise_mc_rq1_v2_confirmatory_r4_i600_lr0p1_nonneg0p001_clip100_mult0p00105_mc100/group_153/restart_0/baseline.pt,0.8997576832771301,726.6441040039062,726.6441040039062,7.209544658660889,15.774456964626562,-0.1082157947554586,-0.11421831150216773,-0.16101951662078257,0.75
154,raw,artifacts/rq1_v2/confirmatory_run_20260916/raw/group_154_run/harddiff_reparam_rq1_v2_confirmatory_standard_nonneg_0p001/group_154/restart_1/baseline.pt,0.7010331749916077,34.36137390136719,34.36137390136719,2.758359670639038,20.23487370365948,0.4864103000310741,0.5038914276549172,0.5226345370854454,0.75
154,dna_v2,artifacts/rq1_v2/confirmatory_run_20260916/dna_v2/group_154_run/dna_v2_iht_attack_rq1_v2_confirmatory_ratio0p95_eta0p01_s0p2_iht80_step1_r4_i600_lr0p1_nonneg0p001/group_154/restart_2/baseline.pt,0.8496407270431519,45.47822952270508,45.47822952270508,3.0082461833953857,19.172045705876318,0.38397960363534994,0.4133047085525078,0.41860772129687845,0.7884615384615384
154,dp_v2,artifacts/rq1_v2/confirmatory_run_20260916/dp_v2/group_154_run/simple_defense_attack_clipping_noise_mc_rq1_v2_confirmatory_r4_i600_lr0p1_nonneg0p001_clip100_mult0p00105_mc100/group_154/restart_0/baseline.pt,0.8649771213531494,14.47755241394043,14.47755241394043,1.8989092111587524,20.211034183234354,0.5167158831776422,0.4823480916721421,0.5107059375930075,0.75
155,raw,artifacts/rq1_v2/confirmatory_run_20260916/raw/group_155_run/harddiff_reparam_rq1_v2_confirmatory_standard_nonneg_0p001/group_155/restart_0/baseline.pt,0.6046645045280457,5.767910957336426,5.767910957336426,1.4495056867599487,26.65010628849331,0.8985590657351553,0.8976032123279795,0.898944242739891,0.7307692307692307
155,dna_v2,artifacts/rq1_v2/confirmatory_run_20260916/dna_v2/group_155_run/dna_v2_iht_attack_rq1_v2_confirmatory_ratio0p95_eta0p01_s0p2_iht80_step1_r4_i600_lr0p1_nonneg0p001/group_155/restart_0/baseline.pt,0.7387532591819763,10.955479621887207,10.955479621887207,1.5682246685028076,25.63108430146282,0.8775311727069675,0.9159947611317303,0.9159066438788437,0.8076923076923077
155,dp_v2,artifacts/rq1_v2/confirmatory_run_20260916/dp_v2/group_155_run/simple_defense_attack_clipping_noise_mc_rq1_v2_confirmatory_r4_i600_lr0p1_nonneg0p001_clip100_mult0p00105_mc100/group_155/restart_0/baseline.pt,0.8809038400650024,7.749712944030762,7.749712944030762,1.4593645334243774,25.318073254126162,0.8774380282080912,0.8727717508359556,0.8728457256291865,0.7307692307692307
156,raw,artifacts/rq1_v2/confirmatory_run_20260916/raw/group_156_run/harddiff_reparam_rq1_v2_confirmatory_standard_nonneg_0p001/group_156/restart_0/baseline.pt,0.47977569699287415,14.338948249816895,14.338948249816895,2.113285541534424,25.127640624139453,0.8666723346205448,0.8935408905802675,0.8916950621856651,0.6538461538461539
156,dna_v2,artifacts/rq1_v2/confirmatory_run_20260916/dna_v2/group_156_run/dna_v2_iht_attack_rq1_v2_confirmatory_ratio0p95_eta0p01_s0p2_iht80_step1_r4_i600_lr0p1_nonneg0p001/group_156/restart_0/baseline.pt,0.7039435505867004,16.244762420654297,16.244762420654297,1.9078890085220337,25.30790860835046,0.839458977395701,0.846714343264822,0.8477794883064164,0.7115384615384616
156,dp_v2,artifacts/rq1_v2/confirmatory_run_20260916/dp_v2/group_156_run/simple_defense_attack_clipping_noise_mc_rq1_v2_confirmatory_r4_i600_lr0p1_nonneg0p001_clip100_mult0p00105_mc100/group_156/restart_3/baseline.pt,0.9531287550926208,33.62031936645508,33.62031936645508,2.582404136657715,20.03083065863865,0.5651442637932786,0.5654264397019227,0.5431901134811342,0.75
157,raw,artifacts/rq1_v2/confirmatory_run_20260916/raw/group_157_run/harddiff_reparam_rq1_v2_confirmatory_standard_nonneg_0p001/group_157/restart_0/baseline.pt,0.44924473762512207,57.53438949584961,57.53438949584961,3.5748491287231445,26.989296904293816,0.9183532469003056,0.9175123768334388,0.9174196954418207,0.75
157,dna_v2,artifacts/rq1_v2/confirmatory_run_20260916/dna_v2/group_157_run/dna_v2_iht_attack_rq1_v2_confirmatory_ratio0p95_eta0p01_s0p2_iht80_step1_r4_i600_lr0p1_nonneg0p001/group_157/restart_1/baseline.pt,0.7025421261787415,41.24922180175781,41.24922180175781,3.2499654293060303,27.94106175824712,0.9330606879696792,0.9373272244135917,0.9420584228862637,0.7692307692307693
157,dp_v2,artifacts/rq1_v2/confirmatory_run_20260916/dp_v2/group_157_run/simple_defense_attack_clipping_noise_mc_rq1_v2_confirmatory_r4_i600_lr0p1_nonneg0p001_clip100_mult0p00105_mc100/group_157/restart_1/baseline.pt,1.0064690113067627,335.7646789550781,335.7646789550781,5.928330421447754,19.06176987872702,0.4864786062108447,0.48091935230795374,0.4633122599421808,0.8076923076923077
158,raw,artifacts/rq1_v2/confirmatory_run_20260916/raw/group_158_run/harddiff_reparam_rq1_v2_confirmatory_standard_nonneg_0p001/group_158/restart_2/baseline.pt,0.7224218249320984,75.10411834716797,75.10411834716797,3.861907720565796,20.172713904142036,0.5751508316384966,0.5704496691150517,0.5629683089454025,0.7307692307692307
158,dna_v2,artifacts/rq1_v2/confirmatory_run_20260916/dna_v2/group_158_run/dna_v2_iht_attack_rq1_v2_confirmatory_ratio0p95_eta0p01_s0p2_iht80_step1_r4_i600_lr0p1_nonneg0p001/group_158/restart_1/baseline.pt,0.8590835332870483,67.36393737792969,67.36393737792969,3.556753635406494,18.581990000035077,0.5066803443845349,0.49404465156372523,0.4932600104616102,0.8076923076923077
158,dp_v2,artifacts/rq1_v2/confirmatory_run_20260916/dp_v2/group_158_run/simple_defense_attack_clipping_noise_mc_rq1_v2_confirmatory_r4_i600_lr0p1_nonneg0p001_clip100_mult0p00105_mc100/group_158/restart_1/baseline.pt,1.0113064050674438,68.83136749267578,68.83136749267578,3.623610496520996,17.763315407074977,0.4722170270967775,0.47368073401767374,0.45840088259114864,0.8076923076923077
159,raw,artifacts/rq1_v2/confirmatory_run_20260916/raw/group_159_run/harddiff_reparam_rq1_v2_confirmatory_standard_nonneg_0p001/group_159/restart_1/baseline.pt,0.46649670600891113,30.268709182739258,30.268709182739258,2.259838342666626,20.834786476584117,0.40179237781738275,0.8307768686561056,0.8472365569277714,0.6346153846153846
159,dna_v2,artifacts/rq1_v2/confirmatory_run_20260916/dna_v2/group_159_run/dna_v2_iht_attack_rq1_v2_confirmatory_ratio0p95_eta0p01_s0p2_iht80_step1_r4_i600_lr0p1_nonneg0p001/group_159/restart_2/baseline.pt,0.8118656873703003,41.174537658691406,41.174537658691406,2.7559828758239746,20.460776065355848,0.3308317139055562,0.7223184019475908,0.7282927015157145,0.75
159,dp_v2,artifacts/rq1_v2/confirmatory_run_20260916/dp_v2/group_159_run/simple_defense_attack_clipping_noise_mc_rq1_v2_confirmatory_r4_i600_lr0p1_nonneg0p001_clip100_mult0p00105_mc100/group_159/restart_1/baseline.pt,0.9179558753967285,8.669504165649414,8.669504165649414,1.629868745803833,19.989220654591506,0.4560076795012783,0.6090804260465579,0.5985582834130369,0.6730769230769231
160,raw,artifacts/rq1_v2/confirmatory_run_20260916/raw/group_160_run/harddiff_reparam_rq1_v2_confirmatory_standard_nonneg_0p001/group_160/restart_3/baseline.pt,0.44581547379493713,25.492694854736328,25.492694854736328,2.1692159175872803,24.2577984245866,0.7648334084922195,0.912442647854753,0.9151712697786707,0.6730769230769231
160,dna_v2,artifacts/rq1_v2/confirmatory_run_20260916/dna_v2/group_160_run/dna_v2_iht_attack_rq1_v2_confirmatory_ratio0p95_eta0p01_s0p2_iht80_step1_r4_i600_lr0p1_nonneg0p001/group_160/restart_0/baseline.pt,0.6675528883934021,16.204069137573242,16.204069137573242,1.6526020765304565,25.444888745334392,0.823672673508658,0.9321809756171023,0.9360446518678115,0.7884615384615384
160,dp_v2,artifacts/rq1_v2/confirmatory_run_20260916/dp_v2/group_160_run/simple_defense_attack_clipping_noise_mc_rq1_v2_confirmatory_r4_i600_lr0p1_nonneg0p001_clip100_mult0p00105_mc100/group_160/restart_0/baseline.pt,0.9826726913452148,9.110486030578613,9.110486030578613,1.5067975521087646,23.73263560185768,0.794337268393697,0.791841481861264,0.7838910882308064,0.7307692307692307
161,raw,artifacts/rq1_v2/confirmatory_run_20260916/raw/group_161_run/harddiff_reparam_rq1_v2_confirmatory_standard_nonneg_0p001/group_161/restart_3/baseline.pt,0.4377038776874542,11.344549179077148,11.344549179077148,1.5683000087738037,28.564731903626214,0.9230958004239253,0.9478561623487712,0.946754141032448,0.7307692307692307
161,dna_v2,artifacts/rq1_v2/confirmatory_run_20260916/dna_v2/group_161_run/dna_v2_iht_attack_rq1_v2_confirmatory_ratio0p95_eta0p01_s0p2_iht80_step1_r4_i600_lr0p1_nonneg0p001/group_161/restart_0/baseline.pt,0.7124270796775818,14.500431060791016,14.500431060791016,1.7471802234649658,24.96340683571372,0.8853009608522827,0.8926882449135937,0.8886542126485751,0.7692307692307693
161,dp_v2,artifacts/rq1_v2/confirmatory_run_20260916/dp_v2/group_161_run/simple_defense_attack_clipping_noise_mc_rq1_v2_confirmatory_r4_i600_lr0p1_nonneg0p001_clip100_mult0p00105_mc100/group_161/restart_0/baseline.pt,0.8561556339263916,41.642555236816406,41.642555236816406,2.7971136569976807,21.9102221669171,0.623152405195358,0.6123731171821527,0.5998888928420947,0.7307692307692307
162,raw,artifacts/rq1_v2/confirmatory_run_20260916/raw/group_162_run/harddiff_reparam_rq1_v2_confirmatory_standard_nonneg_0p001/group_162/restart_0/baseline.pt,0.49760618805885315,27.341047286987305,27.341047286987305,2.072342872619629,22.211239371975886,0.46745757331314014,0.7710992836458935,0.7904720717093581,0.75
162,dna_v2,artifacts/rq1_v2/confirmatory_run_20260916/dna_v2/group_162_run/dna_v2_iht_attack_rq1_v2_confirmatory_ratio0p95_eta0p01_s0p2_iht80_step1_r4_i600_lr0p1_nonneg0p001/group_162/restart_2/baseline.pt,0.7525912523269653,18.233247756958008,18.233247756958008,2.1951048374176025,21.656140984410396,0.4943240046782501,0.7259372373646272,0.736878331124709,0.75
162,dp_v2,artifacts/rq1_v2/confirmatory_run_20260916/dp_v2/group_162_run/simple_defense_attack_clipping_noise_mc_rq1_v2_confirmatory_r4_i600_lr0p1_nonneg0p001_clip100_mult0p00105_mc100/group_162/restart_3/baseline.pt,0.8261385560035706,4.642814636230469,4.642814636230469,1.2576013803482056,20.529125222618,0.6404960902980296,0.7018452192184013,0.6835082833142333,0.7884615384615384
163,raw,artifacts/rq1_v2/confirmatory_run_20260916/raw/group_163_run/harddiff_reparam_rq1_v2_confirmatory_standard_nonneg_0p001/group_163/restart_3/baseline.pt,0.56123948097229,28.540924072265625,28.540924072265625,2.1585140228271484,21.01966501302726,0.2867321967907916,0.6037635988574762,0.6088756526163722,0.6730769230769231
163,dna_v2,artifacts/rq1_v2/confirmatory_run_20260916/dna_v2/group_163_run/dna_v2_iht_attack_rq1_v2_confirmatory_ratio0p95_eta0p01_s0p2_iht80_step1_r4_i600_lr0p1_nonneg0p001/group_163/restart_0/baseline.pt,0.7364171147346497,29.11082649230957,29.11082649230957,2.377258777618408,20.366131233280584,0.2948057805362939,0.6583304600420502,0.6765087879368399,0.6730769230769231
163,dp_v2,artifacts/rq1_v2/confirmatory_run_20260916/dp_v2/group_163_run/simple_defense_attack_clipping_noise_mc_rq1_v2_confirmatory_r4_i600_lr0p1_nonneg0p001_clip100_mult0p00105_mc100/group_163/restart_1/baseline.pt,0.8519802689552307,6.58335542678833,6.58335542678833,1.4943093061447144,18.338899822657872,0.44078629422225285,0.6705908038799697,0.6604264839070713,0.7115384615384616
164,raw,artifacts/rq1_v2/confirmatory_run_20260916/raw/group_164_run/harddiff_reparam_rq1_v2_confirmatory_standard_nonneg_0p001/group_164/restart_1/baseline.pt,0.5179156064987183,29.532163619995117,29.532163619995117,2.6684412956237793,21.029730835811794,0.46470320563068274,0.5519765467810475,0.5634778152420153,0.7307692307692307
164,dna_v2,artifacts/rq1_v2/confirmatory_run_20260916/dna_v2/group_164_run/dna_v2_iht_attack_rq1_v2_confirmatory_ratio0p95_eta0p01_s0p2_iht80_step1_r4_i600_lr0p1_nonneg0p001/group_164/restart_1/baseline.pt,0.7014740705490112,26.10932731628418,26.10932731628418,2.611950397491455,21.420683845442575,0.49676468408384683,0.5827726432088819,0.5919901746075013,0.7115384615384616
164,dp_v2,artifacts/rq1_v2/confirmatory_run_20260916/dp_v2/group_164_run/simple_defense_attack_clipping_noise_mc_rq1_v2_confirmatory_r4_i600_lr0p1_nonneg0p001_clip100_mult0p00105_mc100/group_164/restart_1/baseline.pt,0.9659397602081299,9.002752304077148,9.002752304077148,1.7217434644699097,19.186963071125028,0.5488044927523017,0.5391588056129134,0.5318539011870024,0.7884615384615384
165,raw,artifacts/rq1_v2/confirmatory_run_20260916/raw/group_165_run/harddiff_reparam_rq1_v2_confirmatory_standard_nonneg_0p001/group_165/restart_1/baseline.pt,0.43902626633644104,54.02183151245117,54.02183151245117,3.647247791290283,29.78202754463569,0.9531229760984581,0.9601219668565667,0.9616415937282092,0.7692307692307693
165,dna_v2,artifacts/rq1_v2/confirmatory_run_20260916/dna_v2/group_165_run/dna_v2_iht_attack_rq1_v2_confirmatory_ratio0p95_eta0p01_s0p2_iht80_step1_r4_i600_lr0p1_nonneg0p001/group_165/restart_0/baseline.pt,0.6946966052055359,88.50729370117188,88.50729370117188,4.161595344543457,28.329534906238806,0.9243783636890514,0.9305763730127784,0.9347627780506298,0.6538461538461539
165,dp_v2,artifacts/rq1_v2/confirmatory_run_20260916/dp_v2/group_165_run/simple_defense_attack_clipping_noise_mc_rq1_v2_confirmatory_r4_i600_lr0p1_nonneg0p001_clip100_mult0p00105_mc100/group_165/restart_3/baseline.pt,1.0122121572494507,1332.669677734375,1332.669677734375,12.141438484191895,15.875947227293532,-0.12051889385821823,-0.13471591155529608,-0.17390116302077432,0.6923076923076923
166,raw,artifacts/rq1_v2/confirmatory_run_20260916/raw/group_166_run/harddiff_reparam_rq1_v2_confirmatory_standard_nonneg_0p001/group_166/restart_0/baseline.pt,0.40506604313850403,41.96336364746094,41.96336364746094,2.6097755432128906,26.852504547851193,0.8835094691035705,0.9510176890121752,0.9535583919038564,0.7307692307692307
166,dna_v2,artifacts/rq1_v2/confirmatory_run_20260916/dna_v2/group_166_run/dna_v2_iht_attack_rq1_v2_confirmatory_ratio0p95_eta0p01_s0p2_iht80_step1_r4_i600_lr0p1_nonneg0p001/group_166/restart_3/baseline.pt,0.6504194736480713,9.076047897338867,9.076047897338867,1.7070363759994507,29.706421172503003,0.9564654667556555,0.9566438635311525,0.9566638199661657,0.6346153846153846
166,dp_v2,artifacts/rq1_v2/confirmatory_run_20260916/dp_v2/group_166_run/simple_defense_attack_clipping_noise_mc_rq1_v2_confirmatory_r4_i600_lr0p1_nonneg0p001_clip100_mult0p00105_mc100/group_166/restart_1/baseline.pt,0.9291123747825623,24.163652420043945,24.163652420043945,2.627194404602051,26.443576554291464,0.8890649253286076,0.8869266657919549,0.883260428639651,0.7115384615384616
167,raw,artifacts/rq1_v2/confirmatory_run_20260916/raw/group_167_run/harddiff_reparam_rq1_v2_confirmatory_standard_nonneg_0p001/group_167/restart_3/baseline.pt,0.500446081161499,12.741169929504395,12.741169929504395,1.8195769786834717,25.80880289894996,0.8043238567807537,0.8999339561551469,0.9028812824956672,0.7115384615384616
167,dna_v2,artifacts/rq1_v2/confirmatory_run_20260916/dna_v2/group_167_run/dna_v2_iht_attack_rq1_v2_confirmatory_ratio0p95_eta0p01_s0p2_iht80_step1_r4_i600_lr0p1_nonneg0p001/group_167/restart_0/baseline.pt,0.7394939661026001,22.309621810913086,22.309621810913086,2.0841212272644043,24.576358382159746,0.737971550000097,0.9029648886129572,0.9041110639774098,0.6923076923076923
167,dp_v2,artifacts/rq1_v2/confirmatory_run_20260916/dp_v2/group_167_run/simple_defense_attack_clipping_noise_mc_rq1_v2_confirmatory_r4_i600_lr0p1_nonneg0p001_clip100_mult0p00105_mc100/group_167/restart_3/baseline.pt,0.8777064681053162,3.2367758750915527,3.2367758750915527,1.069279670715332,28.65205526751957,0.9140515994019558,0.9152026832616755,0.9151638763959988,0.8076923076923077
168,raw,artifacts/rq1_v2/confirmatory_run_20260916/raw/group_168_run/harddiff_reparam_rq1_v2_confirmatory_standard_nonneg_0p001/group_168/restart_2/baseline.pt,0.6347485780715942,54.211849212646484,54.211849212646484,3.3778281211853027,19.82185921267749,0.3234493745118988,0.5068618621341782,0.5035823557620849,0.6923076923076923
168,dna_v2,artifacts/rq1_v2/confirmatory_run_20260916/dna_v2/group_168_run/dna_v2_iht_attack_rq1_v2_confirmatory_ratio0p95_eta0p01_s0p2_iht80_step1_r4_i600_lr0p1_nonneg0p001/group_168/restart_2/baseline.pt,0.7450085282325745,31.268098831176758,31.268098831176758,2.4968202114105225,21.703053160256545,0.48260363579187315,0.690036712824852,0.6996642594038842,0.7115384615384616
168,dp_v2,artifacts/rq1_v2/confirmatory_run_20260916/dp_v2/group_168_run/simple_defense_attack_clipping_noise_mc_rq1_v2_confirmatory_r4_i600_lr0p1_nonneg0p001_clip100_mult0p00105_mc100/group_168/restart_3/baseline.pt,0.9489048719406128,13.177962303161621,13.177962303161621,1.6338956356048584,19.71552441327223,0.4300520331050778,0.45932873957150794,0.43693672958843105,0.6923076923076923
169,raw,artifacts/rq1_v2/confirmatory_run_20260916/raw/group_169_run/harddiff_reparam_rq1_v2_confirmatory_standard_nonneg_0p001/group_169/restart_0/baseline.pt,0.8943719267845154,2638.1494140625,2638.1494140625,15.770613670349121,16.211148375248612,0.0299906905275469,0.022635251965378727,-0.017617131485669877,0.6538461538461539
169,dna_v2,artifacts/rq1_v2/confirmatory_run_20260916/dna_v2/group_169_run/dna_v2_iht_attack_rq1_v2_confirmatory_ratio0p95_eta0p01_s0p2_iht80_step1_r4_i600_lr0p1_nonneg0p001/group_169/restart_2/baseline.pt,0.9595282077789307,3075.61279296875,3075.61279296875,19.243284225463867,18.44874509116177,0.088277421842055,0.012234595075249119,0.03981571309872144,0.7692307692307693
169,dp_v2,artifacts/rq1_v2/confirmatory_run_20260916/dp_v2/group_169_run/simple_defense_attack_clipping_noise_mc_rq1_v2_confirmatory_r4_i600_lr0p1_nonneg0p001_clip100_mult0p00105_mc100/group_169/restart_1/baseline.pt,1.057906985282898,3650.480224609375,3650.480224609375,25.82290267944336,17.451585310550293,0.07773798102489007,0.041748144521277446,0.031270288549178155,0.8461538461538461
170,raw,artifacts/rq1_v2/confirmatory_run_20260916/raw/group_170_run/harddiff_reparam_rq1_v2_confirmatory_standard_nonneg_0p001/group_170/restart_3/baseline.pt,0.5374464988708496,18.116289138793945,18.116289138793945,1.9305615425109863,24.677852118764886,0.7857094542720889,0.9127058596710961,0.9123219586683986,0.7115384615384616
170,dna_v2,artifacts/rq1_v2/confirmatory_run_20260916/dna_v2/group_170_run/dna_v2_iht_attack_rq1_v2_confirmatory_ratio0p95_eta0p01_s0p2_iht80_step1_r4_i600_lr0p1_nonneg0p001/group_170/restart_0/baseline.pt,0.7187603116035461,8.818961143493652,8.818961143493652,1.4413803815841675,25.764268336811543,0.85318775636886,0.9015534491377593,0.9012458365542702,0.8076923076923077
170,dp_v2,artifacts/rq1_v2/confirmatory_run_20260916/dp_v2/group_170_run/simple_defense_attack_clipping_noise_mc_rq1_v2_confirmatory_r4_i600_lr0p1_nonneg0p001_clip100_mult0p00105_mc100/group_170/restart_2/baseline.pt,0.9010290503501892,27.744108200073242,27.744108200073242,2.3814151287078857,19.342066065652716,0.40521759520593054,0.3839332604072733,0.3810170675556993,0.6346153846153846
171,raw,artifacts/rq1_v2/confirmatory_run_20260916/raw/group_171_run/harddiff_reparam_rq1_v2_confirmatory_standard_nonneg_0p001/group_171/restart_2/baseline.pt,0.4443013668060303,240.08592224121094,240.08592224121094,5.8393707275390625,27.69480504836068,0.9130678490706782,0.9466829622464594,0.9514780396807623,0.6923076923076923
171,dna_v2,artifacts/rq1_v2/confirmatory_run_20260916/dna_v2/group_171_run/dna_v2_iht_attack_rq1_v2_confirmatory_ratio0p95_eta0p01_s0p2_iht80_step1_r4_i600_lr0p1_nonneg0p001/group_171/restart_1/baseline.pt,0.704960823059082,429.19384765625,429.19384765625,6.2633256912231445,24.619745336282396,0.8047598096858668,0.9523603721532408,0.9524144350985578,0.6923076923076923
171,dp_v2,artifacts/rq1_v2/confirmatory_run_20260916/dp_v2/group_171_run/simple_defense_attack_clipping_noise_mc_rq1_v2_confirmatory_r4_i600_lr0p1_nonneg0p001_clip100_mult0p00105_mc100/group_171/restart_1/baseline.pt,1.0490702390670776,571.2781372070312,571.2781372070312,8.81175422668457,24.91159031345432,0.8005923166281296,0.806716911610953,0.7998455605039605,0.7115384615384616
172,raw,artifacts/rq1_v2/confirmatory_run_20260916/raw/group_172_run/harddiff_reparam_rq1_v2_confirmatory_standard_nonneg_0p001/group_172/restart_1/baseline.pt,0.692020058631897,17510.310546875,17510.310546875,24.852962493896484,18.764604061286196,0.1389025556729853,0.5241823967771733,0.5180084198090382,0.7115384615384616
172,dna_v2,artifacts/rq1_v2/confirmatory_run_20260916/dna_v2/group_172_run/dna_v2_iht_attack_rq1_v2_confirmatory_ratio0p95_eta0p01_s0p2_iht80_step1_r4_i600_lr0p1_nonneg0p001/group_172/restart_0/baseline.pt,0.7862335443496704,17353.486328125,17353.486328125,24.755115509033203,18.917324763453546,0.1509377546689561,0.5666027650923547,0.5652047000434349,0.7115384615384616
172,dp_v2,artifacts/rq1_v2/confirmatory_run_20260916/dp_v2/group_172_run/simple_defense_attack_clipping_noise_mc_rq1_v2_confirmatory_r4_i600_lr0p1_nonneg0p001_clip100_mult0p00105_mc100/group_172/restart_1/baseline.pt,0.9770433306694031,12903.2080078125,12903.2080078125,25.296184539794922,19.883891718093206,0.3776732730319847,0.7316589900695782,0.7226236209409711,0.6923076923076923
173,raw,artifacts/rq1_v2/confirmatory_run_20260916/raw/group_173_run/harddiff_reparam_rq1_v2_confirmatory_standard_nonneg_0p001/group_173/restart_2/baseline.pt,0.47840580344200134,44.640018463134766,44.640018463134766,3.196960687637329,26.550533422183534,0.8863051136760721,0.933769979621754,0.9335948291274093,0.6923076923076923
173,dna_v2,artifacts/rq1_v2/confirmatory_run_20260916/dna_v2/group_173_run/dna_v2_iht_attack_rq1_v2_confirmatory_ratio0p95_eta0p01_s0p2_iht80_step1_r4_i600_lr0p1_nonneg0p001/group_173/restart_2/baseline.pt,0.708665668964386,22.48237419128418,22.48237419128418,2.4506256580352783,26.725484524491726,0.9022894679596006,0.9122071990492446,0.909763385934313,0.75
173,dp_v2,artifacts/rq1_v2/confirmatory_run_20260916/dp_v2/group_173_run/simple_defense_attack_clipping_noise_mc_rq1_v2_confirmatory_r4_i600_lr0p1_nonneg0p001_clip100_mult0p00105_mc100/group_173/restart_2/baseline.pt,0.9396920204162598,169.79112243652344,169.79112243652344,4.713772773742676,17.226055925598157,0.3275851493103184,0.3336312189208352,0.29867976629899945,0.7115384615384616
174,raw,artifacts/rq1_v2/confirmatory_run_20260916/raw/group_174_run/harddiff_reparam_rq1_v2_confirmatory_standard_nonneg_0p001/group_174/restart_2/baseline.pt,0.4324271082878113,6.387670040130615,6.387670040130615,1.2051656246185303,27.523277676931805,0.9073437029414104,0.9578404504493027,0.9620118360414707,0.7307692307692307
174,dna_v2,artifacts/rq1_v2/confirmatory_run_20260916/dna_v2/group_174_run/dna_v2_iht_attack_rq1_v2_confirmatory_ratio0p95_eta0p01_s0p2_iht80_step1_r4_i600_lr0p1_nonneg0p001/group_174/restart_3/baseline.pt,0.8061637282371521,111.07843780517578,111.07843780517578,3.0303473472595215,20.946821919801817,0.3529177576958191,0.4196574120867344,0.4417453829920761,0.7115384615384616
174,dp_v2,artifacts/rq1_v2/confirmatory_run_20260916/dp_v2/group_174_run/simple_defense_attack_clipping_noise_mc_rq1_v2_confirmatory_r4_i600_lr0p1_nonneg0p001_clip100_mult0p00105_mc100/group_174/restart_0/baseline.pt,0.9699156284332275,28.021034240722656,28.021034240722656,1.953782558441162,19.665660467596847,0.4475620925817027,0.44337619996104377,0.41882553044144166,0.7692307692307693
175,raw,artifacts/rq1_v2/confirmatory_run_20260916/raw/group_175_run/harddiff_reparam_rq1_v2_confirmatory_standard_nonneg_0p001/group_175/restart_3/baseline.pt,0.6899669170379639,320.6689453125,320.6689453125,6.602768421173096,17.417158382219174,0.15823503384825227,0.1730077224915729,0.16651055135970658,0.7115384615384616
175,dna_v2,artifacts/rq1_v2/confirmatory_run_20260916/dna_v2/group_175_run/dna_v2_iht_attack_rq1_v2_confirmatory_ratio0p95_eta0p01_s0p2_iht80_step1_r4_i600_lr0p1_nonneg0p001/group_175/restart_0/baseline.pt,0.8330284357070923,438.65081787109375,438.65081787109375,8.487894058227539,18.21453248738617,0.3170140564727838,0.29939744533668033,0.2853922903381748,0.6923076923076923
175,dp_v2,artifacts/rq1_v2/confirmatory_run_20260916/dp_v2/group_175_run/simple_defense_attack_clipping_noise_mc_rq1_v2_confirmatory_r4_i600_lr0p1_nonneg0p001_clip100_mult0p00105_mc100/group_175/restart_3/baseline.pt,0.9302236437797546,417.8917541503906,417.8917541503906,9.34230899810791,18.181941656135358,0.17169341122853107,0.16163702939352373,0.12516691029699,0.75
