defense,domain,elapsed_seconds,eval,image_mse,image_psnr_db,image_ssim,path,stage,status,target_id
precode,image,32.505263624945655,E2,0.10130325704813004,9.943765912113829,0.05819624662399292,/Users/rhys24z/Documents/UNIVERSITY/Capstone/FL-DNA/artifacts/priority30_native_defenses/audit/S1/image/E2/precode/target_002/result.json,S1,ran,2
precode,image,33.23156570806168,E2,0.10938145965337753,9.610562854304089,0.0352184921503067,/Users/rhys24z/Documents/UNIVERSITY/Capstone/FL-DNA/artifacts/priority30_native_defenses/audit/S1/image/E2/precode/target_005/result.json,S1,ran,5
precode,image,33.14929995907005,E2,0.10536503791809082,9.77303472217502,0.08659956604242325,/Users/rhys24z/Documents/UNIVERSITY/Capstone/FL-DNA/artifacts/priority30_native_defenses/audit/S1/image/E2/precode/target_033/result.json,S1,ran,33
precode,image,32.93795816600323,E2,0.19878046214580536,7.0162630403955895,0.05124498903751373,/Users/rhys24z/Documents/UNIVERSITY/Capstone/FL-DNA/artifacts/priority30_native_defenses/audit/S1/image/E2/precode/target_034/result.json,S1,ran,34
precode,image,32.55832950002514,E2,0.10930825024843216,9.613470576097964,0.03187238797545433,/Users/rhys24z/Documents/UNIVERSITY/Capstone/FL-DNA/artifacts/priority30_native_defenses/audit/S1/image/E2/precode/target_035/result.json,S1,ran,35
precode,image,33.45103262492921,E2,0.08199729770421982,10.862004599514538,0.0468963198363781,/Users/rhys24z/Documents/UNIVERSITY/Capstone/FL-DNA/artifacts/priority30_native_defenses/audit/S1/image/E2/precode/target_032/result.json,S1,ran,32
precode,image,33.67958829202689,E2,0.1060020700097084,9.746856537445126,0.095018170773983,/Users/rhys24z/Documents/UNIVERSITY/Capstone/FL-DNA/artifacts/priority30_native_defenses/audit/S1/image/E2/precode/target_004/result.json,S1,ran,4
precode,image,32.3100723749958,E2,0.07507964223623276,11.244778055126003,0.0003021843731403351,/Users/rhys24z/Documents/UNIVERSITY/Capstone/FL-DNA/artifacts/priority30_native_defenses/audit/S1/image/E2/precode/target_003/result.json,S1,ran,3
precode,image,33.46096579206642,E2,0.11430292576551437,9.419426530031782,0.056800831109285355,/Users/rhys24z/Documents/UNIVERSITY/Capstone/FL-DNA/artifacts/priority30_native_defenses/audit/S1/image/E2/precode/target_021/result.json,S1,ran,21
precode,image,32.99116008298006,E2,0.14844585955142975,8.284319112309124,0.0206789318472147,/Users/rhys24z/Documents/UNIVERSITY/Capstone/FL-DNA/artifacts/priority30_native_defenses/audit/S1/image/E2/precode/target_026/result.json,S1,ran,26
precode,image,32.23107962496579,E2,0.10758259147405624,9.68257998543416,0.044905196875333786,/Users/rhys24z/Documents/UNIVERSITY/Capstone/FL-DNA/artifacts/priority30_native_defenses/audit/S1/image/E2/precode/target_019/result.json,S1,ran,19
precode,image,31.541609375039116,E2,0.11215746402740479,9.501718190221704,0.03742744028568268,/Users/rhys24z/Documents/UNIVERSITY/Capstone/FL-DNA/artifacts/priority30_native_defenses/audit/S1/image/E2/precode/target_010/result.json,S1,ran,10
precode,image,32.99560179200489,E2,0.12659819424152374,8.97572488920045,0.03821614757180214,/Users/rhys24z/Documents/UNIVERSITY/Capstone/FL-DNA/artifacts/priority30_native_defenses/audit/S1/image/E2/precode/target_017/result.json,S1,ran,17
precode,image,33.33893629198428,E2,0.12289533764123917,9.104645929076122,0.026904188096523285,/Users/rhys24z/Documents/UNIVERSITY/Capstone/FL-DNA/artifacts/priority30_native_defenses/audit/S1/image/E2/precode/target_028/result.json,S1,ran,28
precode,image,32.50733729195781,E2,0.11106478422880173,9.544236227829805,0.021024728193879128,/Users/rhys24z/Documents/UNIVERSITY/Capstone/FL-DNA/artifacts/priority30_native_defenses/audit/S1/image/E2/precode/target_016/result.json,S1,ran,16
precode,image,33.75894104200415,E2,0.09718667715787888,10.123932662814205,0.05551775172352791,/Users/rhys24z/Documents/UNIVERSITY/Capstone/FL-DNA/artifacts/priority30_native_defenses/audit/S1/image/E2/precode/target_029/result.json,S1,ran,29
precode,image,32.23263537499588,E2,0.14154349267482758,8.491100921086757,0.05213062837719917,/Users/rhys24z/Documents/UNIVERSITY/Capstone/FL-DNA/artifacts/priority30_native_defenses/audit/S1/image/E2/precode/target_011/result.json,S1,ran,11
precode,image,31.892055874923244,E2,0.10783066600561142,9.672577124046333,0.08919128030538559,/Users/rhys24z/Documents/UNIVERSITY/Capstone/FL-DNA/artifacts/priority30_native_defenses/audit/S1/image/E2/precode/target_027/result.json,S1,ran,27
precode,image,32.38826108397916,E2,0.10939168930053711,9.610156709460655,0.04758328199386597,/Users/rhys24z/Documents/UNIVERSITY/Capstone/FL-DNA/artifacts/priority30_native_defenses/audit/S1/image/E2/precode/target_018/result.json,S1,ran,18
precode,image,33.97716041596141,E2,0.12333876639604568,9.08900399594402,0.05935664102435112,/Users/rhys24z/Documents/UNIVERSITY/Capstone/FL-DNA/artifacts/priority30_native_defenses/audit/S1/image/E2/precode/target_020/result.json,S1,ran,20
precode,image,33.633068041992374,E2,0.14473608136177063,8.394231898003174,0.04210323095321655,/Users/rhys24z/Documents/UNIVERSITY/Capstone/FL-DNA/artifacts/priority30_native_defenses/audit/S1/image/E2/precode/target_006/result.json,S1,ran,6
precode,image,32.78182662499603,E2,0.12675537168979645,8.970336268995242,0.05317959189414978,/Users/rhys24z/Documents/UNIVERSITY/Capstone/FL-DNA/artifacts/priority30_native_defenses/audit/S1/image/E2/precode/target_001/result.json,S1,ran,1
precode,image,34.168283834005706,E2,0.16818396747112274,7.742154066991425,0.01539741549640894,/Users/rhys24z/Documents/UNIVERSITY/Capstone/FL-DNA/artifacts/priority30_native_defenses/audit/S1/image/E2/precode/target_008/result.json,S1,ran,8
precode,image,31.91220333299134,E2,0.09184116870164871,10.369625984059494,0.041508857160806656,/Users/rhys24z/Documents/UNIVERSITY/Capstone/FL-DNA/artifacts/priority30_native_defenses/audit/S1/image/E2/precode/target_037/result.json,S1,ran,37
precode,image,32.51159037509933,E2,0.1729583591222763,7.620584435776361,0.023936249315738678,/Users/rhys24z/Documents/UNIVERSITY/Capstone/FL-DNA/artifacts/priority30_native_defenses/audit/S1/image/E2/precode/target_030/result.json,S1,ran,30
precode,image,33.58955462509766,E2,0.08995566517114639,10.459714807331821,0.024811021983623505,/Users/rhys24z/Documents/UNIVERSITY/Capstone/FL-DNA/artifacts/priority30_native_defenses/audit/S1/image/E2/precode/target_031/result.json,S1,ran,31
precode,image,33.25867958297022,E2,0.06770067662000656,11.694069908293791,0.09129684418439865,/Users/rhys24z/Documents/UNIVERSITY/Capstone/FL-DNA/artifacts/priority30_native_defenses/audit/S1/image/E2/precode/target_009/result.json,S1,ran,9
precode,image,32.04902808298357,E2,0.10701058059930801,9.705732796164847,0.05506123974919319,/Users/rhys24z/Documents/UNIVERSITY/Capstone/FL-DNA/artifacts/priority30_native_defenses/audit/S1/image/E2/precode/target_036/result.json,S1,ran,36
precode,image,32.36136629199609,E2,0.10019230097532272,9.991656494507794,0.06091826781630516,/Users/rhys24z/Documents/UNIVERSITY/Capstone/FL-DNA/artifacts/priority30_native_defenses/audit/S1/image/E2/precode/target_000/result.json,S1,ran,0
precode,image,30.97413162502926,E2,0.10893373936414719,9.628375881021245,0.0598929226398468,/Users/rhys24z/Documents/UNIVERSITY/Capstone/FL-DNA/artifacts/priority30_native_defenses/audit/S1/image/E2/precode/target_038/result.json,S1,ran,38
precode,image,33.17656904202886,E2,0.12123897671699524,9.163577378276571,0.036152180284261703,/Users/rhys24z/Documents/UNIVERSITY/Capstone/FL-DNA/artifacts/priority30_native_defenses/audit/S1/image/E2/precode/target_007/result.json,S1,ran,7
precode,image,33.35179066704586,E2,0.10471991449594498,9.799707210596157,0.017060844227671623,/Users/rhys24z/Documents/UNIVERSITY/Capstone/FL-DNA/artifacts/priority30_native_defenses/audit/S1/image/E2/precode/target_025/result.json,S1,ran,25
precode,image,33.33873700001277,E2,0.13799984753131866,8.6012139342734,0.11315765231847763,/Users/rhys24z/Documents/UNIVERSITY/Capstone/FL-DNA/artifacts/priority30_native_defenses/audit/S1/image/E2/precode/target_022/result.json,S1,ran,22
precode,image,33.81311387498863,E2,0.08223279565572739,10.849549448470409,0.015390324406325817,/Users/rhys24z/Documents/UNIVERSITY/Capstone/FL-DNA/artifacts/priority30_native_defenses/audit/S1/image/E2/precode/target_014/result.json,S1,ran,14
precode,image,33.24753499997314,E2,0.1454499065876007,8.372865533340935,0.10917314141988754,/Users/rhys24z/Documents/UNIVERSITY/Capstone/FL-DNA/artifacts/priority30_native_defenses/audit/S1/image/E2/precode/target_013/result.json,S1,ran,13
precode,image,32.77063854201697,E2,0.1519034057855606,8.184324888278391,0.06131477281451225,/Users/rhys24z/Documents/UNIVERSITY/Capstone/FL-DNA/artifacts/priority30_native_defenses/audit/S1/image/E2/precode/target_012/result.json,S1,ran,12
precode,image,33.038143458077684,E2,0.10071772336959839,9.968940996118231,0.07578069716691971,/Users/rhys24z/Documents/UNIVERSITY/Capstone/FL-DNA/artifacts/priority30_native_defenses/audit/S1/image/E2/precode/target_015/result.json,S1,ran,15
precode,image,32.823332333005965,E2,0.1076229140162468,9.680952530993837,0.0292022917419672,/Users/rhys24z/Documents/UNIVERSITY/Capstone/FL-DNA/artifacts/priority30_native_defenses/audit/S1/image/E2/precode/target_023/result.json,S1,ran,23
precode,image,33.69741579098627,E2,0.09652119874954224,10.153772929891273,0.04601670429110527,/Users/rhys24z/Documents/UNIVERSITY/Capstone/FL-DNA/artifacts/priority30_native_defenses/audit/S1/image/E2/precode/target_024/result.json,S1,ran,24
soteria,image,11.480677917017601,E2,0.05257042124867439,12.792585429503436,0.43850278854370117,/Users/rhys24z/Documents/UNIVERSITY/Capstone/FL-DNA/artifacts/priority30_native_defenses/audit/S1/image/E2/soteria/target_002/result.json,S1,ran,2
soteria,image,10.899941041017883,E2,0.030033932998776436,15.223877924156387,0.2889556586742401,/Users/rhys24z/Documents/UNIVERSITY/Capstone/FL-DNA/artifacts/priority30_native_defenses/audit/S1/image/E2/soteria/target_005/result.json,S1,ran,5
soteria,image,10.922737749991938,E2,0.05408427119255066,12.669290182108666,0.5003655552864075,/Users/rhys24z/Documents/UNIVERSITY/Capstone/FL-DNA/artifacts/priority30_native_defenses/audit/S1/image/E2/soteria/target_033/result.json,S1,ran,33
soteria,image,10.171624290989712,E2,0.06258469820022583,12.0353183770876,0.42234209179878235,/Users/rhys24z/Documents/UNIVERSITY/Capstone/FL-DNA/artifacts/priority30_native_defenses/audit/S1/image/E2/soteria/target_034/result.json,S1,ran,34
soteria,image,10.986619208008051,E2,0.05150115489959717,12.881830319122379,0.3276827335357666,/Users/rhys24z/Documents/UNIVERSITY/Capstone/FL-DNA/artifacts/priority30_native_defenses/audit/S1/image/E2/soteria/target_035/result.json,S1,ran,35
soteria,image,10.254387874971144,E2,0.040772248059511185,13.896353421920784,0.3127598464488983,/Users/rhys24z/Documents/UNIVERSITY/Capstone/FL-DNA/artifacts/priority30_native_defenses/audit/S1/image/E2/soteria/target_032/result.json,S1,ran,32
soteria,image,11.941119499970227,E2,0.040177807211875916,13.960137694735117,0.4410041868686676,/Users/rhys24z/Documents/UNIVERSITY/Capstone/FL-DNA/artifacts/priority30_native_defenses/audit/S1/image/E2/soteria/target_004/result.json,S1,ran,4
soteria,image,11.185749457916245,E2,0.05333368107676506,12.729984403907157,0.19488340616226196,/Users/rhys24z/Documents/UNIVERSITY/Capstone/FL-DNA/artifacts/priority30_native_defenses/audit/S1/image/E2/soteria/target_003/result.json,S1,ran,3
soteria,image,11.237109332927503,E2,0.05233386158943176,12.812172185355745,0.384928822517395,/Users/rhys24z/Documents/UNIVERSITY/Capstone/FL-DNA/artifacts/priority30_native_defenses/audit/S1/image/E2/soteria/target_021/result.json,S1,ran,21
soteria,image,10.621983375051059,E2,0.04325481131672859,13.63965578093029,0.3852832317352295,/Users/rhys24z/Documents/UNIVERSITY/Capstone/FL-DNA/artifacts/priority30_native_defenses/audit/S1/image/E2/soteria/target_026/result.json,S1,ran,26
soteria,image,11.111015834030695,E2,0.04986962676048279,13.021638821620128,0.3154996633529663,/Users/rhys24z/Documents/UNIVERSITY/Capstone/FL-DNA/artifacts/priority30_native_defenses/audit/S1/image/E2/soteria/target_019/result.json,S1,ran,19
soteria,image,10.402641499997117,E2,0.05344952270388603,12.720561686216026,0.3747081458568573,/Users/rhys24z/Documents/UNIVERSITY/Capstone/FL-DNA/artifacts/priority30_native_defenses/audit/S1/image/E2/soteria/target_010/result.json,S1,ran,10
soteria,image,11.511880250065587,E2,0.06501331925392151,11.869976604970097,0.5108934044837952,/Users/rhys24z/Documents/UNIVERSITY/Capstone/FL-DNA/artifacts/priority30_native_defenses/audit/S1/image/E2/soteria/target_017/result.json,S1,ran,17
soteria,image,10.447556958068162,E2,0.03451842442154884,14.619490356869381,0.41035112738609314,/Users/rhys24z/Documents/UNIVERSITY/Capstone/FL-DNA/artifacts/priority30_native_defenses/audit/S1/image/E2/soteria/target_028/result.json,S1,ran,28
soteria,image,10.555682000005618,E2,0.06619134545326233,11.79198791037665,0.18002428114414215,/Users/rhys24z/Documents/UNIVERSITY/Capstone/FL-DNA/artifacts/priority30_native_defenses/audit/S1/image/E2/soteria/target_016/result.json,S1,ran,16
soteria,image,10.836418000049889,E2,0.04746885970234871,13.235912007848166,0.3094893991947174,/Users/rhys24z/Documents/UNIVERSITY/Capstone/FL-DNA/artifacts/priority30_native_defenses/audit/S1/image/E2/soteria/target_029/result.json,S1,ran,29
soteria,image,10.769400874967687,E2,0.0558043010532856,12.533323270172168,0.34095409512519836,/Users/rhys24z/Documents/UNIVERSITY/Capstone/FL-DNA/artifacts/priority30_native_defenses/audit/S1/image/E2/soteria/target_011/result.json,S1,ran,11
soteria,image,10.82773499994073,E2,0.04600329324603081,13.37211077288336,0.6010327339172363,/Users/rhys24z/Documents/UNIVERSITY/Capstone/FL-DNA/artifacts/priority30_native_defenses/audit/S1/image/E2/soteria/target_027/result.json,S1,ran,27
soteria,image,11.054529541986994,E2,0.05592017248272896,12.524314977026132,0.5337262153625488,/Users/rhys24z/Documents/UNIVERSITY/Capstone/FL-DNA/artifacts/priority30_native_defenses/audit/S1/image/E2/soteria/target_018/result.json,S1,ran,18
soteria,image,10.612571207922883,E2,0.049312662333250046,13.070415497822472,0.23904924094676971,/Users/rhys24z/Documents/UNIVERSITY/Capstone/FL-DNA/artifacts/priority30_native_defenses/audit/S1/image/E2/soteria/target_020/result.json,S1,ran,20
soteria,image,11.303354667034,E2,0.03798265382647514,14.204146946298223,0.3482702672481537,/Users/rhys24z/Documents/UNIVERSITY/Capstone/FL-DNA/artifacts/priority30_native_defenses/audit/S1/image/E2/soteria/target_006/result.json,S1,ran,6
soteria,image,13.02742445806507,E2,0.06419903039932251,11.924715310495852,0.4905491769313812,/Users/rhys24z/Documents/UNIVERSITY/Capstone/FL-DNA/artifacts/priority30_native_defenses/audit/S1/image/E2/soteria/target_001/result.json,S1,ran,1
soteria,image,11.369733916944824,E2,0.055623095482587814,12.547448458638268,0.5525756478309631,/Users/rhys24z/Documents/UNIVERSITY/Capstone/FL-DNA/artifacts/priority30_native_defenses/audit/S1/image/E2/soteria/target_008/result.json,S1,ran,8
soteria,image,10.310152833000757,E2,0.04488302394747734,13.479178906230755,0.4063401222229004,/Users/rhys24z/Documents/UNIVERSITY/Capstone/FL-DNA/artifacts/priority30_native_defenses/audit/S1/image/E2/soteria/target_037/result.json,S1,ran,37
soteria,image,9.96884620806668,E2,0.04105575010180473,13.866260087613604,0.28206148743629456,/Users/rhys24z/Documents/UNIVERSITY/Capstone/FL-DNA/artifacts/priority30_native_defenses/audit/S1/image/E2/soteria/target_030/result.json,S1,ran,30
soteria,image,11.062358084018342,E2,0.05279654264450073,12.773945160945413,0.3403932750225067,/Users/rhys24z/Documents/UNIVERSITY/Capstone/FL-DNA/artifacts/priority30_native_defenses/audit/S1/image/E2/soteria/target_031/result.json,S1,ran,31
soteria,image,10.769595250021666,E2,0.026991790160536766,15.68768311032188,0.30840936303138733,/Users/rhys24z/Documents/UNIVERSITY/Capstone/FL-DNA/artifacts/priority30_native_defenses/audit/S1/image/E2/soteria/target_009/result.json,S1,ran,9
soteria,image,10.76643170893658,E2,0.0506976842880249,12.950118774299925,0.5011889338493347,/Users/rhys24z/Documents/UNIVERSITY/Capstone/FL-DNA/artifacts/priority30_native_defenses/audit/S1/image/E2/soteria/target_036/result.json,S1,ran,36
soteria,image,12.674357916926965,E2,0.04876266419887543,13.11912574274708,0.40000662207603455,/Users/rhys24z/Documents/UNIVERSITY/Capstone/FL-DNA/artifacts/priority30_native_defenses/audit/S1/image/E2/soteria/target_000/result.json,S1,ran,0
soteria,image,10.605500958976336,E2,0.04518003389239311,13.4505344762385,0.43824270367622375,/Users/rhys24z/Documents/UNIVERSITY/Capstone/FL-DNA/artifacts/priority30_native_defenses/audit/S1/image/E2/soteria/target_038/result.json,S1,ran,38
soteria,image,10.276874000090174,E2,0.03862766548991203,14.131015381789076,0.5561933517456055,/Users/rhys24z/Documents/UNIVERSITY/Capstone/FL-DNA/artifacts/priority30_native_defenses/audit/S1/image/E2/soteria/target_007/result.json,S1,ran,7
soteria,image,10.992558875004761,E2,0.049893591552972794,13.019552325712215,0.39167895913124084,/Users/rhys24z/Documents/UNIVERSITY/Capstone/FL-DNA/artifacts/priority30_native_defenses/audit/S1/image/E2/soteria/target_025/result.json,S1,ran,25
soteria,image,10.350425458047539,E2,0.06995824724435806,11.551610800058134,0.4324352443218231,/Users/rhys24z/Documents/UNIVERSITY/Capstone/FL-DNA/artifacts/priority30_native_defenses/audit/S1/image/E2/soteria/target_022/result.json,S1,ran,22
soteria,image,10.626642875024118,E2,0.04741961136460304,13.240420096766837,0.22094185650348663,/Users/rhys24z/Documents/UNIVERSITY/Capstone/FL-DNA/artifacts/priority30_native_defenses/audit/S1/image/E2/soteria/target_014/result.json,S1,ran,14
soteria,image,10.522918917005882,E2,0.06334283947944641,11.983024723405691,0.4679039418697357,/Users/rhys24z/Documents/UNIVERSITY/Capstone/FL-DNA/artifacts/priority30_native_defenses/audit/S1/image/E2/soteria/target_013/result.json,S1,ran,13
soteria,image,11.259345291997306,E2,0.04139002412557602,13.831043204559329,0.5220771431922913,/Users/rhys24z/Documents/UNIVERSITY/Capstone/FL-DNA/artifacts/priority30_native_defenses/audit/S1/image/E2/soteria/target_012/result.json,S1,ran,12
soteria,image,11.024918499984778,E2,0.041214969009160995,13.849450223799153,0.5129810571670532,/Users/rhys24z/Documents/UNIVERSITY/Capstone/FL-DNA/artifacts/priority30_native_defenses/audit/S1/image/E2/soteria/target_015/result.json,S1,ran,15
soteria,image,10.19814245798625,E2,0.04295111820101738,13.670255251456618,0.3277636170387268,/Users/rhys24z/Documents/UNIVERSITY/Capstone/FL-DNA/artifacts/priority30_native_defenses/audit/S1/image/E2/soteria/target_023/result.json,S1,ran,23
soteria,image,10.773077958030626,E2,0.03206630423665047,14.939510912757878,0.44688042998313904,/Users/rhys24z/Documents/UNIVERSITY/Capstone/FL-DNA/artifacts/priority30_native_defenses/audit/S1/image/E2/soteria/target_024/result.json,S1,ran,24
,,,,,,,/Users/rhys24z/Documents/UNIVERSITY/Capstone/FL-DNA/artifacts/priority30_native_defenses/audit/S1/image/E2/dna_v1_conservative/target_002/result.json,,NOT_ASSESSABLE,
,,,,,,,/Users/rhys24z/Documents/UNIVERSITY/Capstone/FL-DNA/artifacts/priority30_native_defenses/audit/S1/image/E2/dna_v1_conservative/target_005/result.json,,NOT_ASSESSABLE,
,,,,,,,/Users/rhys24z/Documents/UNIVERSITY/Capstone/FL-DNA/artifacts/priority30_native_defenses/audit/S1/image/E2/dna_v1_conservative/target_033/result.json,,NOT_ASSESSABLE,
,,,,,,,/Users/rhys24z/Documents/UNIVERSITY/Capstone/FL-DNA/artifacts/priority30_native_defenses/audit/S1/image/E2/dna_v1_conservative/target_034/result.json,,NOT_ASSESSABLE,
,,,,,,,/Users/rhys24z/Documents/UNIVERSITY/Capstone/FL-DNA/artifacts/priority30_native_defenses/audit/S1/image/E2/dna_v1_conservative/target_035/result.json,,NOT_ASSESSABLE,
,,,,,,,/Users/rhys24z/Documents/UNIVERSITY/Capstone/FL-DNA/artifacts/priority30_native_defenses/audit/S1/image/E2/dna_v1_conservative/target_032/result.json,,NOT_ASSESSABLE,
,,,,,,,/Users/rhys24z/Documents/UNIVERSITY/Capstone/FL-DNA/artifacts/priority30_native_defenses/audit/S1/image/E2/dna_v1_conservative/target_004/result.json,,NOT_ASSESSABLE,
,,,,,,,/Users/rhys24z/Documents/UNIVERSITY/Capstone/FL-DNA/artifacts/priority30_native_defenses/audit/S1/image/E2/dna_v1_conservative/target_003/result.json,,NOT_ASSESSABLE,
,,,,,,,/Users/rhys24z/Documents/UNIVERSITY/Capstone/FL-DNA/artifacts/priority30_native_defenses/audit/S1/image/E2/dna_v1_conservative/target_021/result.json,,NOT_ASSESSABLE,
,,,,,,,/Users/rhys24z/Documents/UNIVERSITY/Capstone/FL-DNA/artifacts/priority30_native_defenses/audit/S1/image/E2/dna_v1_conservative/target_026/result.json,,NOT_ASSESSABLE,
,,,,,,,/Users/rhys24z/Documents/UNIVERSITY/Capstone/FL-DNA/artifacts/priority30_native_defenses/audit/S1/image/E2/dna_v1_conservative/target_019/result.json,,NOT_ASSESSABLE,
,,,,,,,/Users/rhys24z/Documents/UNIVERSITY/Capstone/FL-DNA/artifacts/priority30_native_defenses/audit/S1/image/E2/dna_v1_conservative/target_010/result.json,,NOT_ASSESSABLE,
,,,,,,,/Users/rhys24z/Documents/UNIVERSITY/Capstone/FL-DNA/artifacts/priority30_native_defenses/audit/S1/image/E2/dna_v1_conservative/target_017/result.json,,NOT_ASSESSABLE,
,,,,,,,/Users/rhys24z/Documents/UNIVERSITY/Capstone/FL-DNA/artifacts/priority30_native_defenses/audit/S1/image/E2/dna_v1_conservative/target_028/result.json,,NOT_ASSESSABLE,
,,,,,,,/Users/rhys24z/Documents/UNIVERSITY/Capstone/FL-DNA/artifacts/priority30_native_defenses/audit/S1/image/E2/dna_v1_conservative/target_016/result.json,,NOT_ASSESSABLE,
,,,,,,,/Users/rhys24z/Documents/UNIVERSITY/Capstone/FL-DNA/artifacts/priority30_native_defenses/audit/S1/image/E2/dna_v1_conservative/target_029/result.json,,NOT_ASSESSABLE,
,,,,,,,/Users/rhys24z/Documents/UNIVERSITY/Capstone/FL-DNA/artifacts/priority30_native_defenses/audit/S1/image/E2/dna_v1_conservative/target_011/result.json,,NOT_ASSESSABLE,
,,,,,,,/Users/rhys24z/Documents/UNIVERSITY/Capstone/FL-DNA/artifacts/priority30_native_defenses/audit/S1/image/E2/dna_v1_conservative/target_027/result.json,,NOT_ASSESSABLE,
,,,,,,,/Users/rhys24z/Documents/UNIVERSITY/Capstone/FL-DNA/artifacts/priority30_native_defenses/audit/S1/image/E2/dna_v1_conservative/target_018/result.json,,NOT_ASSESSABLE,
,,,,,,,/Users/rhys24z/Documents/UNIVERSITY/Capstone/FL-DNA/artifacts/priority30_native_defenses/audit/S1/image/E2/dna_v1_conservative/target_020/result.json,,NOT_ASSESSABLE,
,,,,,,,/Users/rhys24z/Documents/UNIVERSITY/Capstone/FL-DNA/artifacts/priority30_native_defenses/audit/S1/image/E2/dna_v1_conservative/target_006/result.json,,NOT_ASSESSABLE,
,,,,,,,/Users/rhys24z/Documents/UNIVERSITY/Capstone/FL-DNA/artifacts/priority30_native_defenses/audit/S1/image/E2/dna_v1_conservative/target_001/result.json,,NOT_ASSESSABLE,
,,,,,,,/Users/rhys24z/Documents/UNIVERSITY/Capstone/FL-DNA/artifacts/priority30_native_defenses/audit/S1/image/E2/dna_v1_conservative/target_008/result.json,,NOT_ASSESSABLE,
,,,,,,,/Users/rhys24z/Documents/UNIVERSITY/Capstone/FL-DNA/artifacts/priority30_native_defenses/audit/S1/image/E2/dna_v1_conservative/target_037/result.json,,NOT_ASSESSABLE,
,,,,,,,/Users/rhys24z/Documents/UNIVERSITY/Capstone/FL-DNA/artifacts/priority30_native_defenses/audit/S1/image/E2/dna_v1_conservative/target_030/result.json,,NOT_ASSESSABLE,
,,,,,,,/Users/rhys24z/Documents/UNIVERSITY/Capstone/FL-DNA/artifacts/priority30_native_defenses/audit/S1/image/E2/dna_v1_conservative/target_031/result.json,,NOT_ASSESSABLE,
,,,,,,,/Users/rhys24z/Documents/UNIVERSITY/Capstone/FL-DNA/artifacts/priority30_native_defenses/audit/S1/image/E2/dna_v1_conservative/target_009/result.json,,NOT_ASSESSABLE,
,,,,,,,/Users/rhys24z/Documents/UNIVERSITY/Capstone/FL-DNA/artifacts/priority30_native_defenses/audit/S1/image/E2/dna_v1_conservative/target_036/result.json,,NOT_ASSESSABLE,
,,,,,,,/Users/rhys24z/Documents/UNIVERSITY/Capstone/FL-DNA/artifacts/priority30_native_defenses/audit/S1/image/E2/dna_v1_conservative/target_000/result.json,,NOT_ASSESSABLE,
,,,,,,,/Users/rhys24z/Documents/UNIVERSITY/Capstone/FL-DNA/artifacts/priority30_native_defenses/audit/S1/image/E2/dna_v1_conservative/target_038/result.json,,NOT_ASSESSABLE,
,,,,,,,/Users/rhys24z/Documents/UNIVERSITY/Capstone/FL-DNA/artifacts/priority30_native_defenses/audit/S1/image/E2/dna_v1_conservative/target_007/result.json,,NOT_ASSESSABLE,
,,,,,,,/Users/rhys24z/Documents/UNIVERSITY/Capstone/FL-DNA/artifacts/priority30_native_defenses/audit/S1/image/E2/dna_v1_conservative/target_025/result.json,,NOT_ASSESSABLE,
,,,,,,,/Users/rhys24z/Documents/UNIVERSITY/Capstone/FL-DNA/artifacts/priority30_native_defenses/audit/S1/image/E2/dna_v1_conservative/target_022/result.json,,NOT_ASSESSABLE,
,,,,,,,/Users/rhys24z/Documents/UNIVERSITY/Capstone/FL-DNA/artifacts/priority30_native_defenses/audit/S1/image/E2/dna_v1_conservative/target_014/result.json,,NOT_ASSESSABLE,
,,,,,,,/Users/rhys24z/Documents/UNIVERSITY/Capstone/FL-DNA/artifacts/priority30_native_defenses/audit/S1/image/E2/dna_v1_conservative/target_013/result.json,,NOT_ASSESSABLE,
,,,,,,,/Users/rhys24z/Documents/UNIVERSITY/Capstone/FL-DNA/artifacts/priority30_native_defenses/audit/S1/image/E2/dna_v1_conservative/target_012/result.json,,NOT_ASSESSABLE,
,,,,,,,/Users/rhys24z/Documents/UNIVERSITY/Capstone/FL-DNA/artifacts/priority30_native_defenses/audit/S1/image/E2/dna_v1_conservative/target_015/result.json,,NOT_ASSESSABLE,
,,,,,,,/Users/rhys24z/Documents/UNIVERSITY/Capstone/FL-DNA/artifacts/priority30_native_defenses/audit/S1/image/E2/dna_v1_conservative/target_023/result.json,,NOT_ASSESSABLE,
,,,,,,,/Users/rhys24z/Documents/UNIVERSITY/Capstone/FL-DNA/artifacts/priority30_native_defenses/audit/S1/image/E2/dna_v1_conservative/target_024/result.json,,NOT_ASSESSABLE,
,,,,,,,/Users/rhys24z/Documents/UNIVERSITY/Capstone/FL-DNA/artifacts/priority30_native_defenses/audit/S1/image/E2/count_sketch/target_002/result.json,,NOT_ASSESSABLE,
,,,,,,,/Users/rhys24z/Documents/UNIVERSITY/Capstone/FL-DNA/artifacts/priority30_native_defenses/audit/S1/image/E2/count_sketch/target_005/result.json,,NOT_ASSESSABLE,
,,,,,,,/Users/rhys24z/Documents/UNIVERSITY/Capstone/FL-DNA/artifacts/priority30_native_defenses/audit/S1/image/E2/count_sketch/target_033/result.json,,NOT_ASSESSABLE,
,,,,,,,/Users/rhys24z/Documents/UNIVERSITY/Capstone/FL-DNA/artifacts/priority30_native_defenses/audit/S1/image/E2/count_sketch/target_034/result.json,,NOT_ASSESSABLE,
,,,,,,,/Users/rhys24z/Documents/UNIVERSITY/Capstone/FL-DNA/artifacts/priority30_native_defenses/audit/S1/image/E2/count_sketch/target_035/result.json,,NOT_ASSESSABLE,
,,,,,,,/Users/rhys24z/Documents/UNIVERSITY/Capstone/FL-DNA/artifacts/priority30_native_defenses/audit/S1/image/E2/count_sketch/target_032/result.json,,NOT_ASSESSABLE,
,,,,,,,/Users/rhys24z/Documents/UNIVERSITY/Capstone/FL-DNA/artifacts/priority30_native_defenses/audit/S1/image/E2/count_sketch/target_004/result.json,,NOT_ASSESSABLE,
,,,,,,,/Users/rhys24z/Documents/UNIVERSITY/Capstone/FL-DNA/artifacts/priority30_native_defenses/audit/S1/image/E2/count_sketch/target_003/result.json,,NOT_ASSESSABLE,
,,,,,,,/Users/rhys24z/Documents/UNIVERSITY/Capstone/FL-DNA/artifacts/priority30_native_defenses/audit/S1/image/E2/count_sketch/target_021/result.json,,NOT_ASSESSABLE,
,,,,,,,/Users/rhys24z/Documents/UNIVERSITY/Capstone/FL-DNA/artifacts/priority30_native_defenses/audit/S1/image/E2/count_sketch/target_026/result.json,,NOT_ASSESSABLE,
,,,,,,,/Users/rhys24z/Documents/UNIVERSITY/Capstone/FL-DNA/artifacts/priority30_native_defenses/audit/S1/image/E2/count_sketch/target_019/result.json,,NOT_ASSESSABLE,
,,,,,,,/Users/rhys24z/Documents/UNIVERSITY/Capstone/FL-DNA/artifacts/priority30_native_defenses/audit/S1/image/E2/count_sketch/target_010/result.json,,NOT_ASSESSABLE,
,,,,,,,/Users/rhys24z/Documents/UNIVERSITY/Capstone/FL-DNA/artifacts/priority30_native_defenses/audit/S1/image/E2/count_sketch/target_017/result.json,,NOT_ASSESSABLE,
,,,,,,,/Users/rhys24z/Documents/UNIVERSITY/Capstone/FL-DNA/artifacts/priority30_native_defenses/audit/S1/image/E2/count_sketch/target_028/result.json,,NOT_ASSESSABLE,
,,,,,,,/Users/rhys24z/Documents/UNIVERSITY/Capstone/FL-DNA/artifacts/priority30_native_defenses/audit/S1/image/E2/count_sketch/target_016/result.json,,NOT_ASSESSABLE,
,,,,,,,/Users/rhys24z/Documents/UNIVERSITY/Capstone/FL-DNA/artifacts/priority30_native_defenses/audit/S1/image/E2/count_sketch/target_029/result.json,,NOT_ASSESSABLE,
,,,,,,,/Users/rhys24z/Documents/UNIVERSITY/Capstone/FL-DNA/artifacts/priority30_native_defenses/audit/S1/image/E2/count_sketch/target_011/result.json,,NOT_ASSESSABLE,
,,,,,,,/Users/rhys24z/Documents/UNIVERSITY/Capstone/FL-DNA/artifacts/priority30_native_defenses/audit/S1/image/E2/count_sketch/target_027/result.json,,NOT_ASSESSABLE,
,,,,,,,/Users/rhys24z/Documents/UNIVERSITY/Capstone/FL-DNA/artifacts/priority30_native_defenses/audit/S1/image/E2/count_sketch/target_018/result.json,,NOT_ASSESSABLE,
,,,,,,,/Users/rhys24z/Documents/UNIVERSITY/Capstone/FL-DNA/artifacts/priority30_native_defenses/audit/S1/image/E2/count_sketch/target_020/result.json,,NOT_ASSESSABLE,
,,,,,,,/Users/rhys24z/Documents/UNIVERSITY/Capstone/FL-DNA/artifacts/priority30_native_defenses/audit/S1/image/E2/count_sketch/target_006/result.json,,NOT_ASSESSABLE,
,,,,,,,/Users/rhys24z/Documents/UNIVERSITY/Capstone/FL-DNA/artifacts/priority30_native_defenses/audit/S1/image/E2/count_sketch/target_001/result.json,,NOT_ASSESSABLE,
,,,,,,,/Users/rhys24z/Documents/UNIVERSITY/Capstone/FL-DNA/artifacts/priority30_native_defenses/audit/S1/image/E2/count_sketch/target_008/result.json,,NOT_ASSESSABLE,
,,,,,,,/Users/rhys24z/Documents/UNIVERSITY/Capstone/FL-DNA/artifacts/priority30_native_defenses/audit/S1/image/E2/count_sketch/target_037/result.json,,NOT_ASSESSABLE,
,,,,,,,/Users/rhys24z/Documents/UNIVERSITY/Capstone/FL-DNA/artifacts/priority30_native_defenses/audit/S1/image/E2/count_sketch/target_030/result.json,,NOT_ASSESSABLE,
,,,,,,,/Users/rhys24z/Documents/UNIVERSITY/Capstone/FL-DNA/artifacts/priority30_native_defenses/audit/S1/image/E2/count_sketch/target_031/result.json,,NOT_ASSESSABLE,
,,,,,,,/Users/rhys24z/Documents/UNIVERSITY/Capstone/FL-DNA/artifacts/priority30_native_defenses/audit/S1/image/E2/count_sketch/target_009/result.json,,NOT_ASSESSABLE,
,,,,,,,/Users/rhys24z/Documents/UNIVERSITY/Capstone/FL-DNA/artifacts/priority30_native_defenses/audit/S1/image/E2/count_sketch/target_036/result.json,,NOT_ASSESSABLE,
,,,,,,,/Users/rhys24z/Documents/UNIVERSITY/Capstone/FL-DNA/artifacts/priority30_native_defenses/audit/S1/image/E2/count_sketch/target_000/result.json,,NOT_ASSESSABLE,
,,,,,,,/Users/rhys24z/Documents/UNIVERSITY/Capstone/FL-DNA/artifacts/priority30_native_defenses/audit/S1/image/E2/count_sketch/target_038/result.json,,NOT_ASSESSABLE,
,,,,,,,/Users/rhys24z/Documents/UNIVERSITY/Capstone/FL-DNA/artifacts/priority30_native_defenses/audit/S1/image/E2/count_sketch/target_007/result.json,,NOT_ASSESSABLE,
,,,,,,,/Users/rhys24z/Documents/UNIVERSITY/Capstone/FL-DNA/artifacts/priority30_native_defenses/audit/S1/image/E2/count_sketch/target_025/result.json,,NOT_ASSESSABLE,
,,,,,,,/Users/rhys24z/Documents/UNIVERSITY/Capstone/FL-DNA/artifacts/priority30_native_defenses/audit/S1/image/E2/count_sketch/target_022/result.json,,NOT_ASSESSABLE,
,,,,,,,/Users/rhys24z/Documents/UNIVERSITY/Capstone/FL-DNA/artifacts/priority30_native_defenses/audit/S1/image/E2/count_sketch/target_014/result.json,,NOT_ASSESSABLE,
,,,,,,,/Users/rhys24z/Documents/UNIVERSITY/Capstone/FL-DNA/artifacts/priority30_native_defenses/audit/S1/image/E2/count_sketch/target_013/result.json,,NOT_ASSESSABLE,
,,,,,,,/Users/rhys24z/Documents/UNIVERSITY/Capstone/FL-DNA/artifacts/priority30_native_defenses/audit/S1/image/E2/count_sketch/target_012/result.json,,NOT_ASSESSABLE,
,,,,,,,/Users/rhys24z/Documents/UNIVERSITY/Capstone/FL-DNA/artifacts/priority30_native_defenses/audit/S1/image/E2/count_sketch/target_015/result.json,,NOT_ASSESSABLE,
,,,,,,,/Users/rhys24z/Documents/UNIVERSITY/Capstone/FL-DNA/artifacts/priority30_native_defenses/audit/S1/image/E2/count_sketch/target_023/result.json,,NOT_ASSESSABLE,
,,,,,,,/Users/rhys24z/Documents/UNIVERSITY/Capstone/FL-DNA/artifacts/priority30_native_defenses/audit/S1/image/E2/count_sketch/target_024/result.json,,NOT_ASSESSABLE,
,,,,,,,/Users/rhys24z/Documents/UNIVERSITY/Capstone/FL-DNA/artifacts/priority30_native_defenses/audit/S1/image/E2/gradient_pruning/target_002/result.json,,NOT_ASSESSABLE,
,,,,,,,/Users/rhys24z/Documents/UNIVERSITY/Capstone/FL-DNA/artifacts/priority30_native_defenses/audit/S1/image/E2/gradient_pruning/target_005/result.json,,NOT_ASSESSABLE,
,,,,,,,/Users/rhys24z/Documents/UNIVERSITY/Capstone/FL-DNA/artifacts/priority30_native_defenses/audit/S1/image/E2/gradient_pruning/target_033/result.json,,NOT_ASSESSABLE,
,,,,,,,/Users/rhys24z/Documents/UNIVERSITY/Capstone/FL-DNA/artifacts/priority30_native_defenses/audit/S1/image/E2/gradient_pruning/target_034/result.json,,NOT_ASSESSABLE,
,,,,,,,/Users/rhys24z/Documents/UNIVERSITY/Capstone/FL-DNA/artifacts/priority30_native_defenses/audit/S1/image/E2/gradient_pruning/target_035/result.json,,NOT_ASSESSABLE,
,,,,,,,/Users/rhys24z/Documents/UNIVERSITY/Capstone/FL-DNA/artifacts/priority30_native_defenses/audit/S1/image/E2/gradient_pruning/target_032/result.json,,NOT_ASSESSABLE,
,,,,,,,/Users/rhys24z/Documents/UNIVERSITY/Capstone/FL-DNA/artifacts/priority30_native_defenses/audit/S1/image/E2/gradient_pruning/target_004/result.json,,NOT_ASSESSABLE,
,,,,,,,/Users/rhys24z/Documents/UNIVERSITY/Capstone/FL-DNA/artifacts/priority30_native_defenses/audit/S1/image/E2/gradient_pruning/target_003/result.json,,NOT_ASSESSABLE,
,,,,,,,/Users/rhys24z/Documents/UNIVERSITY/Capstone/FL-DNA/artifacts/priority30_native_defenses/audit/S1/image/E2/gradient_pruning/target_021/result.json,,NOT_ASSESSABLE,
,,,,,,,/Users/rhys24z/Documents/UNIVERSITY/Capstone/FL-DNA/artifacts/priority30_native_defenses/audit/S1/image/E2/gradient_pruning/target_026/result.json,,NOT_ASSESSABLE,
,,,,,,,/Users/rhys24z/Documents/UNIVERSITY/Capstone/FL-DNA/artifacts/priority30_native_defenses/audit/S1/image/E2/gradient_pruning/target_019/result.json,,NOT_ASSESSABLE,
,,,,,,,/Users/rhys24z/Documents/UNIVERSITY/Capstone/FL-DNA/artifacts/priority30_native_defenses/audit/S1/image/E2/gradient_pruning/target_010/result.json,,NOT_ASSESSABLE,
,,,,,,,/Users/rhys24z/Documents/UNIVERSITY/Capstone/FL-DNA/artifacts/priority30_native_defenses/audit/S1/image/E2/gradient_pruning/target_017/result.json,,NOT_ASSESSABLE,
,,,,,,,/Users/rhys24z/Documents/UNIVERSITY/Capstone/FL-DNA/artifacts/priority30_native_defenses/audit/S1/image/E2/gradient_pruning/target_028/result.json,,NOT_ASSESSABLE,
,,,,,,,/Users/rhys24z/Documents/UNIVERSITY/Capstone/FL-DNA/artifacts/priority30_native_defenses/audit/S1/image/E2/gradient_pruning/target_016/result.json,,NOT_ASSESSABLE,
,,,,,,,/Users/rhys24z/Documents/UNIVERSITY/Capstone/FL-DNA/artifacts/priority30_native_defenses/audit/S1/image/E2/gradient_pruning/target_029/result.json,,NOT_ASSESSABLE,
,,,,,,,/Users/rhys24z/Documents/UNIVERSITY/Capstone/FL-DNA/artifacts/priority30_native_defenses/audit/S1/image/E2/gradient_pruning/target_011/result.json,,NOT_ASSESSABLE,
,,,,,,,/Users/rhys24z/Documents/UNIVERSITY/Capstone/FL-DNA/artifacts/priority30_native_defenses/audit/S1/image/E2/gradient_pruning/target_027/result.json,,NOT_ASSESSABLE,
,,,,,,,/Users/rhys24z/Documents/UNIVERSITY/Capstone/FL-DNA/artifacts/priority30_native_defenses/audit/S1/image/E2/gradient_pruning/target_018/result.json,,NOT_ASSESSABLE,
,,,,,,,/Users/rhys24z/Documents/UNIVERSITY/Capstone/FL-DNA/artifacts/priority30_native_defenses/audit/S1/image/E2/gradient_pruning/target_020/result.json,,NOT_ASSESSABLE,
,,,,,,,/Users/rhys24z/Documents/UNIVERSITY/Capstone/FL-DNA/artifacts/priority30_native_defenses/audit/S1/image/E2/gradient_pruning/target_006/result.json,,NOT_ASSESSABLE,
,,,,,,,/Users/rhys24z/Documents/UNIVERSITY/Capstone/FL-DNA/artifacts/priority30_native_defenses/audit/S1/image/E2/gradient_pruning/target_001/result.json,,NOT_ASSESSABLE,
,,,,,,,/Users/rhys24z/Documents/UNIVERSITY/Capstone/FL-DNA/artifacts/priority30_native_defenses/audit/S1/image/E2/gradient_pruning/target_008/result.json,,NOT_ASSESSABLE,
,,,,,,,/Users/rhys24z/Documents/UNIVERSITY/Capstone/FL-DNA/artifacts/priority30_native_defenses/audit/S1/image/E2/gradient_pruning/target_037/result.json,,NOT_ASSESSABLE,
,,,,,,,/Users/rhys24z/Documents/UNIVERSITY/Capstone/FL-DNA/artifacts/priority30_native_defenses/audit/S1/image/E2/gradient_pruning/target_030/result.json,,NOT_ASSESSABLE,
,,,,,,,/Users/rhys24z/Documents/UNIVERSITY/Capstone/FL-DNA/artifacts/priority30_native_defenses/audit/S1/image/E2/gradient_pruning/target_031/result.json,,NOT_ASSESSABLE,
,,,,,,,/Users/rhys24z/Documents/UNIVERSITY/Capstone/FL-DNA/artifacts/priority30_native_defenses/audit/S1/image/E2/gradient_pruning/target_009/result.json,,NOT_ASSESSABLE,
,,,,,,,/Users/rhys24z/Documents/UNIVERSITY/Capstone/FL-DNA/artifacts/priority30_native_defenses/audit/S1/image/E2/gradient_pruning/target_036/result.json,,NOT_ASSESSABLE,
,,,,,,,/Users/rhys24z/Documents/UNIVERSITY/Capstone/FL-DNA/artifacts/priority30_native_defenses/audit/S1/image/E2/gradient_pruning/target_000/result.json,,NOT_ASSESSABLE,
,,,,,,,/Users/rhys24z/Documents/UNIVERSITY/Capstone/FL-DNA/artifacts/priority30_native_defenses/audit/S1/image/E2/gradient_pruning/target_038/result.json,,NOT_ASSESSABLE,
,,,,,,,/Users/rhys24z/Documents/UNIVERSITY/Capstone/FL-DNA/artifacts/priority30_native_defenses/audit/S1/image/E2/gradient_pruning/target_007/result.json,,NOT_ASSESSABLE,
,,,,,,,/Users/rhys24z/Documents/UNIVERSITY/Capstone/FL-DNA/artifacts/priority30_native_defenses/audit/S1/image/E2/gradient_pruning/target_025/result.json,,NOT_ASSESSABLE,
,,,,,,,/Users/rhys24z/Documents/UNIVERSITY/Capstone/FL-DNA/artifacts/priority30_native_defenses/audit/S1/image/E2/gradient_pruning/target_022/result.json,,NOT_ASSESSABLE,
,,,,,,,/Users/rhys24z/Documents/UNIVERSITY/Capstone/FL-DNA/artifacts/priority30_native_defenses/audit/S1/image/E2/gradient_pruning/target_014/result.json,,NOT_ASSESSABLE,
,,,,,,,/Users/rhys24z/Documents/UNIVERSITY/Capstone/FL-DNA/artifacts/priority30_native_defenses/audit/S1/image/E2/gradient_pruning/target_013/result.json,,NOT_ASSESSABLE,
,,,,,,,/Users/rhys24z/Documents/UNIVERSITY/Capstone/FL-DNA/artifacts/priority30_native_defenses/audit/S1/image/E2/gradient_pruning/target_012/result.json,,NOT_ASSESSABLE,
,,,,,,,/Users/rhys24z/Documents/UNIVERSITY/Capstone/FL-DNA/artifacts/priority30_native_defenses/audit/S1/image/E2/gradient_pruning/target_015/result.json,,NOT_ASSESSABLE,
,,,,,,,/Users/rhys24z/Documents/UNIVERSITY/Capstone/FL-DNA/artifacts/priority30_native_defenses/audit/S1/image/E2/gradient_pruning/target_023/result.json,,NOT_ASSESSABLE,
,,,,,,,/Users/rhys24z/Documents/UNIVERSITY/Capstone/FL-DNA/artifacts/priority30_native_defenses/audit/S1/image/E2/gradient_pruning/target_024/result.json,,NOT_ASSESSABLE,
,,,,,,,/Users/rhys24z/Documents/UNIVERSITY/Capstone/FL-DNA/artifacts/priority30_native_defenses/audit/S1/image/E2/dna_v2_0p95/target_002/result.json,,NOT_ASSESSABLE,
,,,,,,,/Users/rhys24z/Documents/UNIVERSITY/Capstone/FL-DNA/artifacts/priority30_native_defenses/audit/S1/image/E2/dna_v2_0p95/target_005/result.json,,NOT_ASSESSABLE,
,,,,,,,/Users/rhys24z/Documents/UNIVERSITY/Capstone/FL-DNA/artifacts/priority30_native_defenses/audit/S1/image/E2/dna_v2_0p95/target_033/result.json,,NOT_ASSESSABLE,
,,,,,,,/Users/rhys24z/Documents/UNIVERSITY/Capstone/FL-DNA/artifacts/priority30_native_defenses/audit/S1/image/E2/dna_v2_0p95/target_034/result.json,,NOT_ASSESSABLE,
,,,,,,,/Users/rhys24z/Documents/UNIVERSITY/Capstone/FL-DNA/artifacts/priority30_native_defenses/audit/S1/image/E2/dna_v2_0p95/target_035/result.json,,NOT_ASSESSABLE,
,,,,,,,/Users/rhys24z/Documents/UNIVERSITY/Capstone/FL-DNA/artifacts/priority30_native_defenses/audit/S1/image/E2/dna_v2_0p95/target_032/result.json,,NOT_ASSESSABLE,
,,,,,,,/Users/rhys24z/Documents/UNIVERSITY/Capstone/FL-DNA/artifacts/priority30_native_defenses/audit/S1/image/E2/dna_v2_0p95/target_004/result.json,,NOT_ASSESSABLE,
,,,,,,,/Users/rhys24z/Documents/UNIVERSITY/Capstone/FL-DNA/artifacts/priority30_native_defenses/audit/S1/image/E2/dna_v2_0p95/target_003/result.json,,NOT_ASSESSABLE,
,,,,,,,/Users/rhys24z/Documents/UNIVERSITY/Capstone/FL-DNA/artifacts/priority30_native_defenses/audit/S1/image/E2/dna_v2_0p95/target_021/result.json,,NOT_ASSESSABLE,
,,,,,,,/Users/rhys24z/Documents/UNIVERSITY/Capstone/FL-DNA/artifacts/priority30_native_defenses/audit/S1/image/E2/dna_v2_0p95/target_026/result.json,,NOT_ASSESSABLE,
,,,,,,,/Users/rhys24z/Documents/UNIVERSITY/Capstone/FL-DNA/artifacts/priority30_native_defenses/audit/S1/image/E2/dna_v2_0p95/target_019/result.json,,NOT_ASSESSABLE,
,,,,,,,/Users/rhys24z/Documents/UNIVERSITY/Capstone/FL-DNA/artifacts/priority30_native_defenses/audit/S1/image/E2/dna_v2_0p95/target_010/result.json,,NOT_ASSESSABLE,
,,,,,,,/Users/rhys24z/Documents/UNIVERSITY/Capstone/FL-DNA/artifacts/priority30_native_defenses/audit/S1/image/E2/dna_v2_0p95/target_017/result.json,,NOT_ASSESSABLE,
,,,,,,,/Users/rhys24z/Documents/UNIVERSITY/Capstone/FL-DNA/artifacts/priority30_native_defenses/audit/S1/image/E2/dna_v2_0p95/target_028/result.json,,NOT_ASSESSABLE,
,,,,,,,/Users/rhys24z/Documents/UNIVERSITY/Capstone/FL-DNA/artifacts/priority30_native_defenses/audit/S1/image/E2/dna_v2_0p95/target_016/result.json,,NOT_ASSESSABLE,
,,,,,,,/Users/rhys24z/Documents/UNIVERSITY/Capstone/FL-DNA/artifacts/priority30_native_defenses/audit/S1/image/E2/dna_v2_0p95/target_029/result.json,,NOT_ASSESSABLE,
,,,,,,,/Users/rhys24z/Documents/UNIVERSITY/Capstone/FL-DNA/artifacts/priority30_native_defenses/audit/S1/image/E2/dna_v2_0p95/target_011/result.json,,NOT_ASSESSABLE,
,,,,,,,/Users/rhys24z/Documents/UNIVERSITY/Capstone/FL-DNA/artifacts/priority30_native_defenses/audit/S1/image/E2/dna_v2_0p95/target_027/result.json,,NOT_ASSESSABLE,
,,,,,,,/Users/rhys24z/Documents/UNIVERSITY/Capstone/FL-DNA/artifacts/priority30_native_defenses/audit/S1/image/E2/dna_v2_0p95/target_018/result.json,,NOT_ASSESSABLE,
,,,,,,,/Users/rhys24z/Documents/UNIVERSITY/Capstone/FL-DNA/artifacts/priority30_native_defenses/audit/S1/image/E2/dna_v2_0p95/target_020/result.json,,NOT_ASSESSABLE,
,,,,,,,/Users/rhys24z/Documents/UNIVERSITY/Capstone/FL-DNA/artifacts/priority30_native_defenses/audit/S1/image/E2/dna_v2_0p95/target_006/result.json,,NOT_ASSESSABLE,
,,,,,,,/Users/rhys24z/Documents/UNIVERSITY/Capstone/FL-DNA/artifacts/priority30_native_defenses/audit/S1/image/E2/dna_v2_0p95/target_001/result.json,,NOT_ASSESSABLE,
,,,,,,,/Users/rhys24z/Documents/UNIVERSITY/Capstone/FL-DNA/artifacts/priority30_native_defenses/audit/S1/image/E2/dna_v2_0p95/target_008/result.json,,NOT_ASSESSABLE,
,,,,,,,/Users/rhys24z/Documents/UNIVERSITY/Capstone/FL-DNA/artifacts/priority30_native_defenses/audit/S1/image/E2/dna_v2_0p95/target_037/result.json,,NOT_ASSESSABLE,
,,,,,,,/Users/rhys24z/Documents/UNIVERSITY/Capstone/FL-DNA/artifacts/priority30_native_defenses/audit/S1/image/E2/dna_v2_0p95/target_030/result.json,,NOT_ASSESSABLE,
,,,,,,,/Users/rhys24z/Documents/UNIVERSITY/Capstone/FL-DNA/artifacts/priority30_native_defenses/audit/S1/image/E2/dna_v2_0p95/target_031/result.json,,NOT_ASSESSABLE,
,,,,,,,/Users/rhys24z/Documents/UNIVERSITY/Capstone/FL-DNA/artifacts/priority30_native_defenses/audit/S1/image/E2/dna_v2_0p95/target_009/result.json,,NOT_ASSESSABLE,
,,,,,,,/Users/rhys24z/Documents/UNIVERSITY/Capstone/FL-DNA/artifacts/priority30_native_defenses/audit/S1/image/E2/dna_v2_0p95/target_036/result.json,,NOT_ASSESSABLE,
,,,,,,,/Users/rhys24z/Documents/UNIVERSITY/Capstone/FL-DNA/artifacts/priority30_native_defenses/audit/S1/image/E2/dna_v2_0p95/target_000/result.json,,NOT_ASSESSABLE,
,,,,,,,/Users/rhys24z/Documents/UNIVERSITY/Capstone/FL-DNA/artifacts/priority30_native_defenses/audit/S1/image/E2/dna_v2_0p95/target_038/result.json,,NOT_ASSESSABLE,
,,,,,,,/Users/rhys24z/Documents/UNIVERSITY/Capstone/FL-DNA/artifacts/priority30_native_defenses/audit/S1/image/E2/dna_v2_0p95/target_007/result.json,,NOT_ASSESSABLE,
,,,,,,,/Users/rhys24z/Documents/UNIVERSITY/Capstone/FL-DNA/artifacts/priority30_native_defenses/audit/S1/image/E2/dna_v2_0p95/target_025/result.json,,NOT_ASSESSABLE,
,,,,,,,/Users/rhys24z/Documents/UNIVERSITY/Capstone/FL-DNA/artifacts/priority30_native_defenses/audit/S1/image/E2/dna_v2_0p95/target_022/result.json,,NOT_ASSESSABLE,
,,,,,,,/Users/rhys24z/Documents/UNIVERSITY/Capstone/FL-DNA/artifacts/priority30_native_defenses/audit/S1/image/E2/dna_v2_0p95/target_014/result.json,,NOT_ASSESSABLE,
,,,,,,,/Users/rhys24z/Documents/UNIVERSITY/Capstone/FL-DNA/artifacts/priority30_native_defenses/audit/S1/image/E2/dna_v2_0p95/target_013/result.json,,NOT_ASSESSABLE,
,,,,,,,/Users/rhys24z/Documents/UNIVERSITY/Capstone/FL-DNA/artifacts/priority30_native_defenses/audit/S1/image/E2/dna_v2_0p95/target_012/result.json,,NOT_ASSESSABLE,
,,,,,,,/Users/rhys24z/Documents/UNIVERSITY/Capstone/FL-DNA/artifacts/priority30_native_defenses/audit/S1/image/E2/dna_v2_0p95/target_015/result.json,,NOT_ASSESSABLE,
,,,,,,,/Users/rhys24z/Documents/UNIVERSITY/Capstone/FL-DNA/artifacts/priority30_native_defenses/audit/S1/image/E2/dna_v2_0p95/target_023/result.json,,NOT_ASSESSABLE,
,,,,,,,/Users/rhys24z/Documents/UNIVERSITY/Capstone/FL-DNA/artifacts/priority30_native_defenses/audit/S1/image/E2/dna_v2_0p95/target_024/result.json,,NOT_ASSESSABLE,
ats,image,10.842550915898755,E2,0.04717167094349861,13.26318739639647,0.03958896920084953,/Users/rhys24z/Documents/UNIVERSITY/Capstone/FL-DNA/artifacts/priority30_native_defenses/audit/S1/image/E2/ats/target_002/result.json,S1,ran,2
ats,image,10.687322375015356,E2,0.023761548101902008,16.241252678065322,0.32800325751304626,/Users/rhys24z/Documents/UNIVERSITY/Capstone/FL-DNA/artifacts/priority30_native_defenses/audit/S1/image/E2/ats/target_005/result.json,S1,ran,5
ats,image,10.294925207970664,E2,0.0679488331079483,11.678179970496688,0.061343416571617126,/Users/rhys24z/Documents/UNIVERSITY/Capstone/FL-DNA/artifacts/priority30_native_defenses/audit/S1/image/E2/ats/target_033/result.json,S1,ran,33
ats,image,10.61570395808667,E2,0.09843375533819199,10.06855945844778,0.143252894282341,/Users/rhys24z/Documents/UNIVERSITY/Capstone/FL-DNA/artifacts/priority30_native_defenses/audit/S1/image/E2/ats/target_034/result.json,S1,ran,34
ats,image,10.380739417043515,E2,0.09298405796289444,10.315915044807824,0.06939519196748734,/Users/rhys24z/Documents/UNIVERSITY/Capstone/FL-DNA/artifacts/priority30_native_defenses/audit/S1/image/E2/ats/target_035/result.json,S1,ran,35
ats,image,9.468085124972276,E2,0.03435475751757622,14.640131124454495,0.09635108709335327,/Users/rhys24z/Documents/UNIVERSITY/Capstone/FL-DNA/artifacts/priority30_native_defenses/audit/S1/image/E2/ats/target_032/result.json,S1,ran,32
ats,image,10.302439916995354,E2,0.042309727519750595,13.735597715736876,0.09712599962949753,/Users/rhys24z/Documents/UNIVERSITY/Capstone/FL-DNA/artifacts/priority30_native_defenses/audit/S1/image/E2/ats/target_004/result.json,S1,ran,4
ats,image,9.964686583960429,E2,0.01799437403678894,17.448632563796053,0.22456680238246918,/Users/rhys24z/Documents/UNIVERSITY/Capstone/FL-DNA/artifacts/priority30_native_defenses/audit/S1/image/E2/ats/target_003/result.json,S1,ran,3
ats,image,9.962307709036395,E2,0.06950628012418747,11.579759536823943,0.07327631115913391,/Users/rhys24z/Documents/UNIVERSITY/Capstone/FL-DNA/artifacts/priority30_native_defenses/audit/S1/image/E2/ats/target_021/result.json,S1,ran,21
ats,image,10.856379749951884,E2,0.0620548278093338,12.072244251339717,0.1615811437368393,/Users/rhys24z/Documents/UNIVERSITY/Capstone/FL-DNA/artifacts/priority30_native_defenses/audit/S1/image/E2/ats/target_026/result.json,S1,ran,26
ats,image,10.348996332962997,E2,0.07478255033493042,11.261997280357614,0.05453711748123169,/Users/rhys24z/Documents/UNIVERSITY/Capstone/FL-DNA/artifacts/priority30_native_defenses/audit/S1/image/E2/ats/target_019/result.json,S1,ran,19
ats,image,10.955142333055846,E2,0.07571789622306824,11.20801461155748,0.023969313129782677,/Users/rhys24z/Documents/UNIVERSITY/Capstone/FL-DNA/artifacts/priority30_native_defenses/audit/S1/image/E2/ats/target_010/result.json,S1,ran,10
ats,image,10.668052416061983,E2,0.08724632859230042,10.592528395052035,0.0337345153093338,/Users/rhys24z/Documents/UNIVERSITY/Capstone/FL-DNA/artifacts/priority30_native_defenses/audit/S1/image/E2/ats/target_017/result.json,S1,ran,17
ats,image,9.58208837499842,E2,0.04309231415390968,13.65600182697737,0.06623680889606476,/Users/rhys24z/Documents/UNIVERSITY/Capstone/FL-DNA/artifacts/priority30_native_defenses/audit/S1/image/E2/ats/target_028/result.json,S1,ran,28
ats,image,9.622830084059387,E2,0.09542191028594971,10.203518933907747,0.1003241166472435,/Users/rhys24z/Documents/UNIVERSITY/Capstone/FL-DNA/artifacts/priority30_native_defenses/audit/S1/image/E2/ats/target_016/result.json,S1,ran,16
ats,image,10.324954290990718,E2,0.06406473368406296,11.93380974868034,0.05938613414764404,/Users/rhys24z/Documents/UNIVERSITY/Capstone/FL-DNA/artifacts/priority30_native_defenses/audit/S1/image/E2/ats/target_029/result.json,S1,ran,29
ats,image,9.928119333926588,E2,0.07495376467704773,11.25206549107796,0.08107199519872665,/Users/rhys24z/Documents/UNIVERSITY/Capstone/FL-DNA/artifacts/priority30_native_defenses/audit/S1/image/E2/ats/target_011/result.json,S1,ran,11
ats,image,10.898365542059764,E2,0.0700274258852005,11.547318374446638,0.0606134831905365,/Users/rhys24z/Documents/UNIVERSITY/Capstone/FL-DNA/artifacts/priority30_native_defenses/audit/S1/image/E2/ats/target_027/result.json,S1,ran,27
ats,image,10.599676749901846,E2,0.08421102911233902,10.746310252586625,-0.038542311638593674,/Users/rhys24z/Documents/UNIVERSITY/Capstone/FL-DNA/artifacts/priority30_native_defenses/audit/S1/image/E2/ats/target_018/result.json,S1,ran,18
ats,image,10.330726750078611,E2,0.07920894026756287,11.012257970753867,0.1415417194366455,/Users/rhys24z/Documents/UNIVERSITY/Capstone/FL-DNA/artifacts/priority30_native_defenses/audit/S1/image/E2/ats/target_020/result.json,S1,ran,20
ats,image,10.911918499972671,E2,0.061545517295598984,12.108035736779502,0.1508266031742096,/Users/rhys24z/Documents/UNIVERSITY/Capstone/FL-DNA/artifacts/priority30_native_defenses/audit/S1/image/E2/ats/target_006/result.json,S1,ran,6
ats,image,9.463428375078365,E2,0.08945665508508682,10.483873447643877,0.03446607664227486,/Users/rhys24z/Documents/UNIVERSITY/Capstone/FL-DNA/artifacts/priority30_native_defenses/audit/S1/image/E2/ats/target_001/result.json,S1,ran,1
ats,image,10.727093082969077,E2,0.10599634796380997,9.747090978153057,-0.00592458201572299,/Users/rhys24z/Documents/UNIVERSITY/Capstone/FL-DNA/artifacts/priority30_native_defenses/audit/S1/image/E2/ats/target_008/result.json,S1,ran,8
ats,image,9.738490332965739,E2,0.04264484718441963,13.701334375226589,0.13309712707996368,/Users/rhys24z/Documents/UNIVERSITY/Capstone/FL-DNA/artifacts/priority30_native_defenses/audit/S1/image/E2/ats/target_037/result.json,S1,ran,37
ats,image,10.731834042002447,E2,0.061060547828674316,12.1423930357645,0.1542266458272934,/Users/rhys24z/Documents/UNIVERSITY/Capstone/FL-DNA/artifacts/priority30_native_defenses/audit/S1/image/E2/ats/target_030/result.json,S1,ran,30
ats,image,9.71432937507052,E2,0.05887092277407646,12.30099156772363,0.07142219692468643,/Users/rhys24z/Documents/UNIVERSITY/Capstone/FL-DNA/artifacts/priority30_native_defenses/audit/S1/image/E2/ats/target_031/result.json,S1,ran,31
ats,image,9.529691790929064,E2,0.02483019232749939,16.05019916512765,0.12266095727682114,/Users/rhys24z/Documents/UNIVERSITY/Capstone/FL-DNA/artifacts/priority30_native_defenses/audit/S1/image/E2/ats/target_009/result.json,S1,ran,9
ats,image,10.685551916947588,E2,0.055145472288131714,12.584901394522895,0.026498204097151756,/Users/rhys24z/Documents/UNIVERSITY/Capstone/FL-DNA/artifacts/priority30_native_defenses/audit/S1/image/E2/ats/target_036/result.json,S1,ran,36
ats,image,10.87451937503647,E2,0.07909198850393295,11.018675054371563,0.08372778445482254,/Users/rhys24z/Documents/UNIVERSITY/Capstone/FL-DNA/artifacts/priority30_native_defenses/audit/S1/image/E2/ats/target_000/result.json,S1,ran,0
ats,image,9.822449041996151,E2,0.07579752057790756,11.203450003962383,0.029826626181602478,/Users/rhys24z/Documents/UNIVERSITY/Capstone/FL-DNA/artifacts/priority30_native_defenses/audit/S1/image/E2/ats/target_038/result.json,S1,ran,38
ats,image,9.53955483296886,E2,0.07750941067934036,11.106455651325307,0.11573385447263718,/Users/rhys24z/Documents/UNIVERSITY/Capstone/FL-DNA/artifacts/priority30_native_defenses/audit/S1/image/E2/ats/target_007/result.json,S1,ran,7
ats,image,9.536950584035367,E2,0.05785974860191345,12.376234576745368,0.0921601876616478,/Users/rhys24z/Documents/UNIVERSITY/Capstone/FL-DNA/artifacts/priority30_native_defenses/audit/S1/image/E2/ats/target_025/result.json,S1,ran,25
ats,image,10.668234582990408,E2,0.08886190503835678,10.512843805079582,0.04427490010857582,/Users/rhys24z/Documents/UNIVERSITY/Capstone/FL-DNA/artifacts/priority30_native_defenses/audit/S1/image/E2/ats/target_022/result.json,S1,ran,22
ats,image,10.974837999907322,E2,0.034067947417497635,14.67654031742012,0.17928551137447357,/Users/rhys24z/Documents/UNIVERSITY/Capstone/FL-DNA/artifacts/priority30_native_defenses/audit/S1/image/E2/ats/target_014/result.json,S1,ran,14
ats,image,10.6808345830068,E2,0.13094942271709442,8.828964117964658,-0.013847783207893372,/Users/rhys24z/Documents/UNIVERSITY/Capstone/FL-DNA/artifacts/priority30_native_defenses/audit/S1/image/E2/ats/target_013/result.json,S1,ran,13
ats,image,9.468773458036594,E2,0.06364418566226959,11.962412660108445,0.056520745158195496,/Users/rhys24z/Documents/UNIVERSITY/Capstone/FL-DNA/artifacts/priority30_native_defenses/audit/S1/image/E2/ats/target_012/result.json,S1,ran,12
ats,image,9.743180459016003,E2,0.04422510042786598,13.54331172206402,0.0532943420112133,/Users/rhys24z/Documents/UNIVERSITY/Capstone/FL-DNA/artifacts/priority30_native_defenses/audit/S1/image/E2/ats/target_015/result.json,S1,ran,15
ats,image,11.023342333035544,E2,0.044521838426589966,13.514269107785072,0.15125910937786102,/Users/rhys24z/Documents/UNIVERSITY/Capstone/FL-DNA/artifacts/priority30_native_defenses/audit/S1/image/E2/ats/target_023/result.json,S1,ran,23
ats,image,9.789669000077993,E2,0.048483263701200485,13.144081528740772,0.04742773249745369,/Users/rhys24z/Documents/UNIVERSITY/Capstone/FL-DNA/artifacts/priority30_native_defenses/audit/S1/image/E2/ats/target_024/result.json,S1,ran,24
precode,image,32.29008900001645,E1,0.10130325704813004,9.943765912113829,0.05819624662399292,/Users/rhys24z/Documents/UNIVERSITY/Capstone/FL-DNA/artifacts/priority30_native_defenses/audit/S1/image/E1/precode/target_002/result.json,S1,ran,2
precode,image,32.31387037492823,E1,0.10938145965337753,9.610562854304089,0.0352184921503067,/Users/rhys24z/Documents/UNIVERSITY/Capstone/FL-DNA/artifacts/priority30_native_defenses/audit/S1/image/E1/precode/target_005/result.json,S1,ran,5
precode,image,32.482173583004624,E1,0.10536503791809082,9.77303472217502,0.08659956604242325,/Users/rhys24z/Documents/UNIVERSITY/Capstone/FL-DNA/artifacts/priority30_native_defenses/audit/S1/image/E1/precode/target_033/result.json,S1,ran,33
precode,image,33.17158966592979,E1,0.19878046214580536,7.0162630403955895,0.05124498903751373,/Users/rhys24z/Documents/UNIVERSITY/Capstone/FL-DNA/artifacts/priority30_native_defenses/audit/S1/image/E1/precode/target_034/result.json,S1,ran,34
precode,image,33.97575300000608,E1,0.10930825024843216,9.613470576097964,0.03187238797545433,/Users/rhys24z/Documents/UNIVERSITY/Capstone/FL-DNA/artifacts/priority30_native_defenses/audit/S1/image/E1/precode/target_035/result.json,S1,ran,35
precode,image,31.932846417068504,E1,0.08199729770421982,10.862004599514538,0.0468963198363781,/Users/rhys24z/Documents/UNIVERSITY/Capstone/FL-DNA/artifacts/priority30_native_defenses/audit/S1/image/E1/precode/target_032/result.json,S1,ran,32
precode,image,33.124872167012654,E1,0.1060020700097084,9.746856537445126,0.095018170773983,/Users/rhys24z/Documents/UNIVERSITY/Capstone/FL-DNA/artifacts/priority30_native_defenses/audit/S1/image/E1/precode/target_004/result.json,S1,ran,4
precode,image,32.71007545804605,E1,0.07507964223623276,11.244778055126003,0.0003021843731403351,/Users/rhys24z/Documents/UNIVERSITY/Capstone/FL-DNA/artifacts/priority30_native_defenses/audit/S1/image/E1/precode/target_003/result.json,S1,ran,3
precode,image,33.09757770807482,E1,0.11430292576551437,9.419426530031782,0.056800831109285355,/Users/rhys24z/Documents/UNIVERSITY/Capstone/FL-DNA/artifacts/priority30_native_defenses/audit/S1/image/E1/precode/target_021/result.json,S1,ran,21
precode,image,33.45990641589742,E1,0.14844585955142975,8.284319112309124,0.0206789318472147,/Users/rhys24z/Documents/UNIVERSITY/Capstone/FL-DNA/artifacts/priority30_native_defenses/audit/S1/image/E1/precode/target_026/result.json,S1,ran,26
precode,image,32.850246375077404,E1,0.10758259147405624,9.68257998543416,0.044905196875333786,/Users/rhys24z/Documents/UNIVERSITY/Capstone/FL-DNA/artifacts/priority30_native_defenses/audit/S1/image/E1/precode/target_019/result.json,S1,ran,19
precode,image,32.14733345794957,E1,0.11215746402740479,9.501718190221704,0.03742744028568268,/Users/rhys24z/Documents/UNIVERSITY/Capstone/FL-DNA/artifacts/priority30_native_defenses/audit/S1/image/E1/precode/target_010/result.json,S1,ran,10
precode,image,33.694782334030606,E1,0.12659819424152374,8.97572488920045,0.03821614757180214,/Users/rhys24z/Documents/UNIVERSITY/Capstone/FL-DNA/artifacts/priority30_native_defenses/audit/S1/image/E1/precode/target_017/result.json,S1,ran,17
precode,image,33.545986040961,E1,0.12289533764123917,9.104645929076122,0.026904188096523285,/Users/rhys24z/Documents/UNIVERSITY/Capstone/FL-DNA/artifacts/priority30_native_defenses/audit/S1/image/E1/precode/target_028/result.json,S1,ran,28
precode,image,32.9246880839346,E1,0.11106478422880173,9.544236227829805,0.021024728193879128,/Users/rhys24z/Documents/UNIVERSITY/Capstone/FL-DNA/artifacts/priority30_native_defenses/audit/S1/image/E1/precode/target_016/result.json,S1,ran,16
precode,image,33.52571712504141,E1,0.09718667715787888,10.123932662814205,0.05551775172352791,/Users/rhys24z/Documents/UNIVERSITY/Capstone/FL-DNA/artifacts/priority30_native_defenses/audit/S1/image/E1/precode/target_029/result.json,S1,ran,29
precode,image,31.65212020801846,E1,0.14154349267482758,8.491100921086757,0.05213062837719917,/Users/rhys24z/Documents/UNIVERSITY/Capstone/FL-DNA/artifacts/priority30_native_defenses/audit/S1/image/E1/precode/target_011/result.json,S1,ran,11
precode,image,33.80631291598547,E1,0.10783066600561142,9.672577124046333,0.08919128030538559,/Users/rhys24z/Documents/UNIVERSITY/Capstone/FL-DNA/artifacts/priority30_native_defenses/audit/S1/image/E1/precode/target_027/result.json,S1,ran,27
precode,image,32.98338666697964,E1,0.10939168930053711,9.610156709460655,0.04758328199386597,/Users/rhys24z/Documents/UNIVERSITY/Capstone/FL-DNA/artifacts/priority30_native_defenses/audit/S1/image/E1/precode/target_018/result.json,S1,ran,18
precode,image,33.97648125002161,E1,0.12333876639604568,9.08900399594402,0.05935664102435112,/Users/rhys24z/Documents/UNIVERSITY/Capstone/FL-DNA/artifacts/priority30_native_defenses/audit/S1/image/E1/precode/target_020/result.json,S1,ran,20
precode,image,32.20566987502389,E1,0.14473608136177063,8.394231898003174,0.04210323095321655,/Users/rhys24z/Documents/UNIVERSITY/Capstone/FL-DNA/artifacts/priority30_native_defenses/audit/S1/image/E1/precode/target_006/result.json,S1,ran,6
precode,image,31.585053708055057,E1,0.12675537168979645,8.970336268995242,0.05317959189414978,/Users/rhys24z/Documents/UNIVERSITY/Capstone/FL-DNA/artifacts/priority30_native_defenses/audit/S1/image/E1/precode/target_001/result.json,S1,ran,1
precode,image,33.65967725007795,E1,0.16818396747112274,7.742154066991425,0.01539741549640894,/Users/rhys24z/Documents/UNIVERSITY/Capstone/FL-DNA/artifacts/priority30_native_defenses/audit/S1/image/E1/precode/target_008/result.json,S1,ran,8
precode,image,31.129669000045396,E1,0.09184116870164871,10.369625984059494,0.041508857160806656,/Users/rhys24z/Documents/UNIVERSITY/Capstone/FL-DNA/artifacts/priority30_native_defenses/audit/S1/image/E1/precode/target_037/result.json,S1,ran,37
precode,image,32.85050845798105,E1,0.1729583591222763,7.620584435776361,0.023936249315738678,/Users/rhys24z/Documents/UNIVERSITY/Capstone/FL-DNA/artifacts/priority30_native_defenses/audit/S1/image/E1/precode/target_030/result.json,S1,ran,30
precode,image,33.93313808401581,E1,0.08995566517114639,10.459714807331821,0.024811021983623505,/Users/rhys24z/Documents/UNIVERSITY/Capstone/FL-DNA/artifacts/priority30_native_defenses/audit/S1/image/E1/precode/target_031/result.json,S1,ran,31
precode,image,32.66408787493128,E1,0.06770067662000656,11.694069908293791,0.09129684418439865,/Users/rhys24z/Documents/UNIVERSITY/Capstone/FL-DNA/artifacts/priority30_native_defenses/audit/S1/image/E1/precode/target_009/result.json,S1,ran,9
precode,image,32.393338790978305,E1,0.10701058059930801,9.705732796164847,0.05506123974919319,/Users/rhys24z/Documents/UNIVERSITY/Capstone/FL-DNA/artifacts/priority30_native_defenses/audit/S1/image/E1/precode/target_036/result.json,S1,ran,36
precode,image,33.205658499966376,E1,0.10019230097532272,9.991656494507794,0.06091826781630516,/Users/rhys24z/Documents/UNIVERSITY/Capstone/FL-DNA/artifacts/priority30_native_defenses/audit/S1/image/E1/precode/target_000/result.json,S1,ran,0
precode,image,31.94402675004676,E1,0.10893373936414719,9.628375881021245,0.0598929226398468,/Users/rhys24z/Documents/UNIVERSITY/Capstone/FL-DNA/artifacts/priority30_native_defenses/audit/S1/image/E1/precode/target_038/result.json,S1,ran,38
precode,image,33.4373425419908,E1,0.12123897671699524,9.163577378276571,0.036152180284261703,/Users/rhys24z/Documents/UNIVERSITY/Capstone/FL-DNA/artifacts/priority30_native_defenses/audit/S1/image/E1/precode/target_007/result.json,S1,ran,7
precode,image,31.63641387503594,E1,0.10471991449594498,9.799707210596157,0.017060844227671623,/Users/rhys24z/Documents/UNIVERSITY/Capstone/FL-DNA/artifacts/priority30_native_defenses/audit/S1/image/E1/precode/target_025/result.json,S1,ran,25
precode,image,33.40074375004042,E1,0.13799984753131866,8.6012139342734,0.11315765231847763,/Users/rhys24z/Documents/UNIVERSITY/Capstone/FL-DNA/artifacts/priority30_native_defenses/audit/S1/image/E1/precode/target_022/result.json,S1,ran,22
precode,image,33.757122957962565,E1,0.08223279565572739,10.849549448470409,0.015390324406325817,/Users/rhys24z/Documents/UNIVERSITY/Capstone/FL-DNA/artifacts/priority30_native_defenses/audit/S1/image/E1/precode/target_014/result.json,S1,ran,14
precode,image,32.98964599997271,E1,0.1454499065876007,8.372865533340935,0.10917314141988754,/Users/rhys24z/Documents/UNIVERSITY/Capstone/FL-DNA/artifacts/priority30_native_defenses/audit/S1/image/E1/precode/target_013/result.json,S1,ran,13
precode,image,32.85030420892872,E1,0.1519034057855606,8.184324888278391,0.06131477281451225,/Users/rhys24z/Documents/UNIVERSITY/Capstone/FL-DNA/artifacts/priority30_native_defenses/audit/S1/image/E1/precode/target_012/result.json,S1,ran,12
precode,image,33.11570783297066,E1,0.10071772336959839,9.968940996118231,0.07578069716691971,/Users/rhys24z/Documents/UNIVERSITY/Capstone/FL-DNA/artifacts/priority30_native_defenses/audit/S1/image/E1/precode/target_015/result.json,S1,ran,15
precode,image,32.46052533399779,E1,0.1076229140162468,9.680952530993837,0.0292022917419672,/Users/rhys24z/Documents/UNIVERSITY/Capstone/FL-DNA/artifacts/priority30_native_defenses/audit/S1/image/E1/precode/target_023/result.json,S1,ran,23
precode,image,31.979547041933984,E1,0.09652119874954224,10.153772929891273,0.04601670429110527,/Users/rhys24z/Documents/UNIVERSITY/Capstone/FL-DNA/artifacts/priority30_native_defenses/audit/S1/image/E1/precode/target_024/result.json,S1,ran,24
soteria,image,11.216088833054528,E1,0.05257042124867439,12.792585429503436,0.43850278854370117,/Users/rhys24z/Documents/UNIVERSITY/Capstone/FL-DNA/artifacts/priority30_native_defenses/audit/S1/image/E1/soteria/target_002/result.json,S1,ran,2
soteria,image,10.751646833028644,E1,0.030033932998776436,15.223877924156387,0.2889556586742401,/Users/rhys24z/Documents/UNIVERSITY/Capstone/FL-DNA/artifacts/priority30_native_defenses/audit/S1/image/E1/soteria/target_005/result.json,S1,ran,5
soteria,image,11.202676333021373,E1,0.05408427119255066,12.669290182108666,0.5003655552864075,/Users/rhys24z/Documents/UNIVERSITY/Capstone/FL-DNA/artifacts/priority30_native_defenses/audit/S1/image/E1/soteria/target_033/result.json,S1,ran,33
soteria,image,10.841272624908015,E1,0.06258469820022583,12.0353183770876,0.42234209179878235,/Users/rhys24z/Documents/UNIVERSITY/Capstone/FL-DNA/artifacts/priority30_native_defenses/audit/S1/image/E1/soteria/target_034/result.json,S1,ran,34
soteria,image,9.796717874938622,E1,0.05150115489959717,12.881830319122379,0.3276827335357666,/Users/rhys24z/Documents/UNIVERSITY/Capstone/FL-DNA/artifacts/priority30_native_defenses/audit/S1/image/E1/soteria/target_035/result.json,S1,ran,35
soteria,image,11.567388832918368,E1,0.040772248059511185,13.896353421920784,0.3127598464488983,/Users/rhys24z/Documents/UNIVERSITY/Capstone/FL-DNA/artifacts/priority30_native_defenses/audit/S1/image/E1/soteria/target_032/result.json,S1,ran,32
soteria,image,10.981771708000451,E1,0.040177807211875916,13.960137694735117,0.4410041868686676,/Users/rhys24z/Documents/UNIVERSITY/Capstone/FL-DNA/artifacts/priority30_native_defenses/audit/S1/image/E1/soteria/target_004/result.json,S1,ran,4
soteria,image,11.641529792104848,E1,0.05333368107676506,12.729984403907157,0.19488340616226196,/Users/rhys24z/Documents/UNIVERSITY/Capstone/FL-DNA/artifacts/priority30_native_defenses/audit/S1/image/E1/soteria/target_003/result.json,S1,ran,3
soteria,image,10.274184167035855,E1,0.05233386158943176,12.812172185355745,0.384928822517395,/Users/rhys24z/Documents/UNIVERSITY/Capstone/FL-DNA/artifacts/priority30_native_defenses/audit/S1/image/E1/soteria/target_021/result.json,S1,ran,21
soteria,image,10.027110583032481,E1,0.04325481131672859,13.63965578093029,0.3852832317352295,/Users/rhys24z/Documents/UNIVERSITY/Capstone/FL-DNA/artifacts/priority30_native_defenses/audit/S1/image/E1/soteria/target_026/result.json,S1,ran,26
soteria,image,11.147778582992032,E1,0.04986962676048279,13.021638821620128,0.3154996633529663,/Users/rhys24z/Documents/UNIVERSITY/Capstone/FL-DNA/artifacts/priority30_native_defenses/audit/S1/image/E1/soteria/target_019/result.json,S1,ran,19
soteria,image,10.98390112502966,E1,0.05344952270388603,12.720561686216026,0.3747081458568573,/Users/rhys24z/Documents/UNIVERSITY/Capstone/FL-DNA/artifacts/priority30_native_defenses/audit/S1/image/E1/soteria/target_010/result.json,S1,ran,10
soteria,image,10.261876666918397,E1,0.06501331925392151,11.869976604970097,0.5108934044837952,/Users/rhys24z/Documents/UNIVERSITY/Capstone/FL-DNA/artifacts/priority30_native_defenses/audit/S1/image/E1/soteria/target_017/result.json,S1,ran,17
soteria,image,10.427615791908465,E1,0.03451842442154884,14.619490356869381,0.41035112738609314,/Users/rhys24z/Documents/UNIVERSITY/Capstone/FL-DNA/artifacts/priority30_native_defenses/audit/S1/image/E1/soteria/target_028/result.json,S1,ran,28
soteria,image,9.768793959054165,E1,0.06619134545326233,11.79198791037665,0.18002428114414215,/Users/rhys24z/Documents/UNIVERSITY/Capstone/FL-DNA/artifacts/priority30_native_defenses/audit/S1/image/E1/soteria/target_016/result.json,S1,ran,16
soteria,image,10.716881832922809,E1,0.04746885970234871,13.235912007848166,0.3094893991947174,/Users/rhys24z/Documents/UNIVERSITY/Capstone/FL-DNA/artifacts/priority30_native_defenses/audit/S1/image/E1/soteria/target_029/result.json,S1,ran,29
soteria,image,11.243941082968377,E1,0.0558043010532856,12.533323270172168,0.34095409512519836,/Users/rhys24z/Documents/UNIVERSITY/Capstone/FL-DNA/artifacts/priority30_native_defenses/audit/S1/image/E1/soteria/target_011/result.json,S1,ran,11
soteria,image,10.89373637503013,E1,0.04600329324603081,13.37211077288336,0.6010327339172363,/Users/rhys24z/Documents/UNIVERSITY/Capstone/FL-DNA/artifacts/priority30_native_defenses/audit/S1/image/E1/soteria/target_027/result.json,S1,ran,27
soteria,image,9.98169412498828,E1,0.05592017248272896,12.524314977026132,0.5337262153625488,/Users/rhys24z/Documents/UNIVERSITY/Capstone/FL-DNA/artifacts/priority30_native_defenses/audit/S1/image/E1/soteria/target_018/result.json,S1,ran,18
soteria,image,10.698434832971543,E1,0.049312662333250046,13.070415497822472,0.23904924094676971,/Users/rhys24z/Documents/UNIVERSITY/Capstone/FL-DNA/artifacts/priority30_native_defenses/audit/S1/image/E1/soteria/target_020/result.json,S1,ran,20
soteria,image,11.342607041937299,E1,0.03798265382647514,14.204146946298223,0.3482702672481537,/Users/rhys24z/Documents/UNIVERSITY/Capstone/FL-DNA/artifacts/priority30_native_defenses/audit/S1/image/E1/soteria/target_006/result.json,S1,ran,6
soteria,image,13.184555083978921,E1,0.06419903039932251,11.924715310495852,0.4905491769313812,/Users/rhys24z/Documents/UNIVERSITY/Capstone/FL-DNA/artifacts/priority30_native_defenses/audit/S1/image/E1/soteria/target_001/result.json,S1,ran,1
soteria,image,10.919811792089604,E1,0.055623095482587814,12.547448458638268,0.5525756478309631,/Users/rhys24z/Documents/UNIVERSITY/Capstone/FL-DNA/artifacts/priority30_native_defenses/audit/S1/image/E1/soteria/target_008/result.json,S1,ran,8
soteria,image,10.13186104199849,E1,0.04488302394747734,13.479178906230755,0.4063401222229004,/Users/rhys24z/Documents/UNIVERSITY/Capstone/FL-DNA/artifacts/priority30_native_defenses/audit/S1/image/E1/soteria/target_037/result.json,S1,ran,37
soteria,image,10.21173700003419,E1,0.04105575010180473,13.866260087613604,0.28206148743629456,/Users/rhys24z/Documents/UNIVERSITY/Capstone/FL-DNA/artifacts/priority30_native_defenses/audit/S1/image/E1/soteria/target_030/result.json,S1,ran,30
soteria,image,9.691322708968073,E1,0.05279654264450073,12.773945160945413,0.3403932750225067,/Users/rhys24z/Documents/UNIVERSITY/Capstone/FL-DNA/artifacts/priority30_native_defenses/audit/S1/image/E1/soteria/target_031/result.json,S1,ran,31
soteria,image,10.830130874994211,E1,0.026991790160536766,15.68768311032188,0.30840936303138733,/Users/rhys24z/Documents/UNIVERSITY/Capstone/FL-DNA/artifacts/priority30_native_defenses/audit/S1/image/E1/soteria/target_009/result.json,S1,ran,9
soteria,image,10.642830624943599,E1,0.0506976842880249,12.950118774299925,0.5011889338493347,/Users/rhys24z/Documents/UNIVERSITY/Capstone/FL-DNA/artifacts/priority30_native_defenses/audit/S1/image/E1/soteria/target_036/result.json,S1,ran,36
soteria,image,12.482091416954063,E1,0.04876266419887543,13.11912574274708,0.40000662207603455,/Users/rhys24z/Documents/UNIVERSITY/Capstone/FL-DNA/artifacts/priority30_native_defenses/audit/S1/image/E1/soteria/target_000/result.json,S1,ran,0
soteria,image,10.96259816607926,E1,0.04518003389239311,13.4505344762385,0.43824270367622375,/Users/rhys24z/Documents/UNIVERSITY/Capstone/FL-DNA/artifacts/priority30_native_defenses/audit/S1/image/E1/soteria/target_038/result.json,S1,ran,38
soteria,image,11.296901292051189,E1,0.03862766548991203,14.131015381789076,0.5561933517456055,/Users/rhys24z/Documents/UNIVERSITY/Capstone/FL-DNA/artifacts/priority30_native_defenses/audit/S1/image/E1/soteria/target_007/result.json,S1,ran,7
soteria,image,10.467377291992307,E1,0.049893591552972794,13.019552325712215,0.39167895913124084,/Users/rhys24z/Documents/UNIVERSITY/Capstone/FL-DNA/artifacts/priority30_native_defenses/audit/S1/image/E1/soteria/target_025/result.json,S1,ran,25
soteria,image,10.310548583045602,E1,0.06995824724435806,11.551610800058134,0.4324352443218231,/Users/rhys24z/Documents/UNIVERSITY/Capstone/FL-DNA/artifacts/priority30_native_defenses/audit/S1/image/E1/soteria/target_022/result.json,S1,ran,22
soteria,image,10.84677045897115,E1,0.04741961136460304,13.240420096766837,0.22094185650348663,/Users/rhys24z/Documents/UNIVERSITY/Capstone/FL-DNA/artifacts/priority30_native_defenses/audit/S1/image/E1/soteria/target_014/result.json,S1,ran,14
soteria,image,10.418253250070848,E1,0.06334283947944641,11.983024723405691,0.4679039418697357,/Users/rhys24z/Documents/UNIVERSITY/Capstone/FL-DNA/artifacts/priority30_native_defenses/audit/S1/image/E1/soteria/target_013/result.json,S1,ran,13
soteria,image,10.448780499980785,E1,0.04139002412557602,13.831043204559329,0.5220771431922913,/Users/rhys24z/Documents/UNIVERSITY/Capstone/FL-DNA/artifacts/priority30_native_defenses/audit/S1/image/E1/soteria/target_012/result.json,S1,ran,12
soteria,image,11.033057624939829,E1,0.041214969009160995,13.849450223799153,0.5129810571670532,/Users/rhys24z/Documents/UNIVERSITY/Capstone/FL-DNA/artifacts/priority30_native_defenses/audit/S1/image/E1/soteria/target_015/result.json,S1,ran,15
soteria,image,10.727318541961722,E1,0.04295111820101738,13.670255251456618,0.3277636170387268,/Users/rhys24z/Documents/UNIVERSITY/Capstone/FL-DNA/artifacts/priority30_native_defenses/audit/S1/image/E1/soteria/target_023/result.json,S1,ran,23
soteria,image,11.157006374909543,E1,0.03206630423665047,14.939510912757878,0.44688042998313904,/Users/rhys24z/Documents/UNIVERSITY/Capstone/FL-DNA/artifacts/priority30_native_defenses/audit/S1/image/E1/soteria/target_024/result.json,S1,ran,24
dna_v1_conservative,image,9.908161125029437,E1,0.005122123286128044,22.905499725601437,0.8421346545219421,/Users/rhys24z/Documents/UNIVERSITY/Capstone/FL-DNA/artifacts/priority30_native_defenses/audit/S1/image/E1/dna_v1_conservative/target_002/result.json,S1,ran,2
dna_v1_conservative,image,10.590758000034839,E1,0.0021623249631375074,26.650790379071616,0.8848980069160461,/Users/rhys24z/Documents/UNIVERSITY/Capstone/FL-DNA/artifacts/priority30_native_defenses/audit/S1/image/E1/dna_v1_conservative/target_005/result.json,S1,ran,5
dna_v1_conservative,image,10.476810207939707,E1,0.0055667683482170105,22.543968507577826,0.8694513440132141,/Users/rhys24z/Documents/UNIVERSITY/Capstone/FL-DNA/artifacts/priority30_native_defenses/audit/S1/image/E1/dna_v1_conservative/target_033/result.json,S1,ran,33
dna_v1_conservative,image,10.319371499936096,E1,0.00919213518500328,20.365835972800358,0.8466656804084778,/Users/rhys24z/Documents/UNIVERSITY/Capstone/FL-DNA/artifacts/priority30_native_defenses/audit/S1/image/E1/dna_v1_conservative/target_034/result.json,S1,ran,34
dna_v1_conservative,image,9.414553749957122,E1,0.005541682709008455,22.563583435251942,0.8354197144508362,/Users/rhys24z/Documents/UNIVERSITY/Capstone/FL-DNA/artifacts/priority30_native_defenses/audit/S1/image/E1/dna_v1_conservative/target_035/result.json,S1,ran,35
dna_v1_conservative,image,10.370145166991279,E1,0.0032545223366469145,24.87512743434063,0.8255733847618103,/Users/rhys24z/Documents/UNIVERSITY/Capstone/FL-DNA/artifacts/priority30_native_defenses/audit/S1/image/E1/dna_v1_conservative/target_032/result.json,S1,ran,32
dna_v1_conservative,image,9.693224541959353,E1,0.003898642025887966,24.090866399899497,0.827214241027832,/Users/rhys24z/Documents/UNIVERSITY/Capstone/FL-DNA/artifacts/priority30_native_defenses/audit/S1/image/E1/dna_v1_conservative/target_004/result.json,S1,ran,4
dna_v1_conservative,image,11.043438124936074,E1,0.0009642716613598168,30.158005963785662,0.8218324184417725,/Users/rhys24z/Documents/UNIVERSITY/Capstone/FL-DNA/artifacts/priority30_native_defenses/audit/S1/image/E1/dna_v1_conservative/target_003/result.json,S1,ran,3
dna_v1_conservative,image,9.562150291982107,E1,0.021080218255519867,16.76124896937801,0.7110073566436768,/Users/rhys24z/Documents/UNIVERSITY/Capstone/FL-DNA/artifacts/priority30_native_defenses/audit/S1/image/E1/dna_v1_conservative/target_021/result.json,S1,ran,21
dna_v1_conservative,image,10.31604041706305,E1,0.005694920662790537,22.445123217959928,0.8233739733695984,/Users/rhys24z/Documents/UNIVERSITY/Capstone/FL-DNA/artifacts/priority30_native_defenses/audit/S1/image/E1/dna_v1_conservative/target_026/result.json,S1,ran,26
dna_v1_conservative,image,10.81818016699981,E1,0.00457955664023757,23.391765652316355,0.8200432658195496,/Users/rhys24z/Documents/UNIVERSITY/Capstone/FL-DNA/artifacts/priority30_native_defenses/audit/S1/image/E1/dna_v1_conservative/target_019/result.json,S1,ran,19
dna_v1_conservative,image,10.134711958002299,E1,0.008463806472718716,20.724342754590836,0.7948490977287292,/Users/rhys24z/Documents/UNIVERSITY/Capstone/FL-DNA/artifacts/priority30_native_defenses/audit/S1/image/E1/dna_v1_conservative/target_010/result.json,S1,ran,10
dna_v1_conservative,image,10.621618833043613,E1,0.032188717275857925,14.922963296553746,0.5670743584632874,/Users/rhys24z/Documents/UNIVERSITY/Capstone/FL-DNA/artifacts/priority30_native_defenses/audit/S1/image/E1/dna_v1_conservative/target_017/result.json,S1,ran,17
dna_v1_conservative,image,9.664917916990817,E1,0.006894640624523163,21.61488366015189,0.8124744296073914,/Users/rhys24z/Documents/UNIVERSITY/Capstone/FL-DNA/artifacts/priority30_native_defenses/audit/S1/image/E1/dna_v1_conservative/target_028/result.json,S1,ran,28
dna_v1_conservative,image,10.320330458926037,E1,0.0035858529154211283,24.454075283073088,0.7713615894317627,/Users/rhys24z/Documents/UNIVERSITY/Capstone/FL-DNA/artifacts/priority30_native_defenses/audit/S1/image/E1/dna_v1_conservative/target_016/result.json,S1,ran,16
dna_v1_conservative,image,10.417420209036209,E1,0.0065980632789433,21.805835236551623,0.7751428484916687,/Users/rhys24z/Documents/UNIVERSITY/Capstone/FL-DNA/artifacts/priority30_native_defenses/audit/S1/image/E1/dna_v1_conservative/target_029/result.json,S1,ran,29
dna_v1_conservative,image,9.768859207979403,E1,0.007538899779319763,21.22692030076501,0.8287417888641357,/Users/rhys24z/Documents/UNIVERSITY/Capstone/FL-DNA/artifacts/priority30_native_defenses/audit/S1/image/E1/dna_v1_conservative/target_011/result.json,S1,ran,11
dna_v1_conservative,image,10.52577220799867,E1,0.019272973760962486,17.150512698627068,0.7174725532531738,/Users/rhys24z/Documents/UNIVERSITY/Capstone/FL-DNA/artifacts/priority30_native_defenses/audit/S1/image/E1/dna_v1_conservative/target_027/result.json,S1,ran,27
dna_v1_conservative,image,10.668475624988787,E1,0.007953477092087269,20.994429654604467,0.8686750531196594,/Users/rhys24z/Documents/UNIVERSITY/Capstone/FL-DNA/artifacts/priority30_native_defenses/audit/S1/image/E1/dna_v1_conservative/target_018/result.json,S1,ran,18
dna_v1_conservative,image,10.96004404197447,E1,0.002890555188059807,25.390187344220486,0.8256623148918152,/Users/rhys24z/Documents/UNIVERSITY/Capstone/FL-DNA/artifacts/priority30_native_defenses/audit/S1/image/E1/dna_v1_conservative/target_020/result.json,S1,ran,20
dna_v1_conservative,image,9.818326166947372,E1,0.005809308961033821,22.35875525485564,0.8621761798858643,/Users/rhys24z/Documents/UNIVERSITY/Capstone/FL-DNA/artifacts/priority30_native_defenses/audit/S1/image/E1/dna_v1_conservative/target_006/result.json,S1,ran,6
dna_v1_conservative,image,10.767623624997213,E1,0.025225728750228882,15.981562785050677,0.646475613117218,/Users/rhys24z/Documents/UNIVERSITY/Capstone/FL-DNA/artifacts/priority30_native_defenses/audit/S1/image/E1/dna_v1_conservative/target_001/result.json,S1,ran,1
dna_v1_conservative,image,10.880729250027798,E1,0.013728819787502289,18.62366795742558,0.8101692199707031,/Users/rhys24z/Documents/UNIVERSITY/Capstone/FL-DNA/artifacts/priority30_native_defenses/audit/S1/image/E1/dna_v1_conservative/target_008/result.json,S1,ran,8
dna_v1_conservative,image,10.58325516700279,E1,0.0044649518094956875,23.501832241176622,0.8464714884757996,/Users/rhys24z/Documents/UNIVERSITY/Capstone/FL-DNA/artifacts/priority30_native_defenses/audit/S1/image/E1/dna_v1_conservative/target_037/result.json,S1,ran,37
dna_v1_conservative,image,9.965025083045475,E1,0.004968430381268263,23.037807912303848,0.8343687653541565,/Users/rhys24z/Documents/UNIVERSITY/Capstone/FL-DNA/artifacts/priority30_native_defenses/audit/S1/image/E1/dna_v1_conservative/target_030/result.json,S1,ran,30
dna_v1_conservative,image,10.170509458053857,E1,0.0019905560184270144,27.010255959490586,0.8738446235656738,/Users/rhys24z/Documents/UNIVERSITY/Capstone/FL-DNA/artifacts/priority30_native_defenses/audit/S1/image/E1/dna_v1_conservative/target_031/result.json,S1,ran,31
dna_v1_conservative,image,9.995900125009939,E1,0.0016997245838865638,27.69621444144346,0.8097854256629944,/Users/rhys24z/Documents/UNIVERSITY/Capstone/FL-DNA/artifacts/priority30_native_defenses/audit/S1/image/E1/dna_v1_conservative/target_009/result.json,S1,ran,9
dna_v1_conservative,image,10.14765883400105,E1,0.004673265852034092,23.30379512194761,0.8617619872093201,/Users/rhys24z/Documents/UNIVERSITY/Capstone/FL-DNA/artifacts/priority30_native_defenses/audit/S1/image/E1/dna_v1_conservative/target_036/result.json,S1,ran,36
dna_v1_conservative,image,10.225773124955595,E1,0.0057158214040100574,22.429213495914727,0.8517580032348633,/Users/rhys24z/Documents/UNIVERSITY/Capstone/FL-DNA/artifacts/priority30_native_defenses/audit/S1/image/E1/dna_v1_conservative/target_000/result.json,S1,ran,0
dna_v1_conservative,image,10.904644708964042,E1,0.007733004633337259,21.116517296082947,0.8221662640571594,/Users/rhys24z/Documents/UNIVERSITY/Capstone/FL-DNA/artifacts/priority30_native_defenses/audit/S1/image/E1/dna_v1_conservative/target_038/result.json,S1,ran,38
dna_v1_conservative,image,9.882745750015602,E1,0.0066210548393428326,21.79072815029821,0.8702667355537415,/Users/rhys24z/Documents/UNIVERSITY/Capstone/FL-DNA/artifacts/priority30_native_defenses/audit/S1/image/E1/dna_v1_conservative/target_007/result.json,S1,ran,7
dna_v1_conservative,image,10.63427912502084,E1,0.0024623670615255833,26.086472069234794,0.8622351288795471,/Users/rhys24z/Documents/UNIVERSITY/Capstone/FL-DNA/artifacts/priority30_native_defenses/audit/S1/image/E1/dna_v1_conservative/target_025/result.json,S1,ran,25
dna_v1_conservative,image,10.392920207930729,E1,0.03897643834352493,14.091978491184703,0.5538045167922974,/Users/rhys24z/Documents/UNIVERSITY/Capstone/FL-DNA/artifacts/priority30_native_defenses/audit/S1/image/E1/dna_v1_conservative/target_022/result.json,S1,ran,22
dna_v1_conservative,image,9.775933207944036,E1,0.0024868964683264494,26.043422944125897,0.7667157053947449,/Users/rhys24z/Documents/UNIVERSITY/Capstone/FL-DNA/artifacts/priority30_native_defenses/audit/S1/image/E1/dna_v1_conservative/target_014/result.json,S1,ran,14
dna_v1_conservative,image,11.03525137505494,E1,0.00696551101282239,21.570470167980957,0.806933581829071,/Users/rhys24z/Documents/UNIVERSITY/Capstone/FL-DNA/artifacts/priority30_native_defenses/audit/S1/image/E1/dna_v1_conservative/target_013/result.json,S1,ran,13
dna_v1_conservative,image,10.878559332923032,E1,0.005432549864053726,22.64996278705737,0.8683102130889893,/Users/rhys24z/Documents/UNIVERSITY/Capstone/FL-DNA/artifacts/priority30_native_defenses/audit/S1/image/E1/dna_v1_conservative/target_012/result.json,S1,ran,12
dna_v1_conservative,image,10.794540541945025,E1,0.005059459246695042,22.958958979282063,0.8522143959999084,/Users/rhys24z/Documents/UNIVERSITY/Capstone/FL-DNA/artifacts/priority30_native_defenses/audit/S1/image/E1/dna_v1_conservative/target_015/result.json,S1,ran,15
dna_v1_conservative,image,10.978705917019397,E1,0.002401357516646385,26.195431769075938,0.8601820468902588,/Users/rhys24z/Documents/UNIVERSITY/Capstone/FL-DNA/artifacts/priority30_native_defenses/audit/S1/image/E1/dna_v1_conservative/target_023/result.json,S1,ran,23
dna_v1_conservative,image,10.018449374940246,E1,0.0035214200615882874,24.532821659128942,0.8487522602081299,/Users/rhys24z/Documents/UNIVERSITY/Capstone/FL-DNA/artifacts/priority30_native_defenses/audit/S1/image/E1/dna_v1_conservative/target_024/result.json,S1,ran,24
,,,,,,,/Users/rhys24z/Documents/UNIVERSITY/Capstone/FL-DNA/artifacts/priority30_native_defenses/audit/S1/image/E1/count_sketch/target_002/result.json,,NOT_ASSESSABLE,
,,,,,,,/Users/rhys24z/Documents/UNIVERSITY/Capstone/FL-DNA/artifacts/priority30_native_defenses/audit/S1/image/E1/count_sketch/target_005/result.json,,NOT_ASSESSABLE,
,,,,,,,/Users/rhys24z/Documents/UNIVERSITY/Capstone/FL-DNA/artifacts/priority30_native_defenses/audit/S1/image/E1/count_sketch/target_033/result.json,,NOT_ASSESSABLE,
,,,,,,,/Users/rhys24z/Documents/UNIVERSITY/Capstone/FL-DNA/artifacts/priority30_native_defenses/audit/S1/image/E1/count_sketch/target_034/result.json,,NOT_ASSESSABLE,
,,,,,,,/Users/rhys24z/Documents/UNIVERSITY/Capstone/FL-DNA/artifacts/priority30_native_defenses/audit/S1/image/E1/count_sketch/target_035/result.json,,NOT_ASSESSABLE,
,,,,,,,/Users/rhys24z/Documents/UNIVERSITY/Capstone/FL-DNA/artifacts/priority30_native_defenses/audit/S1/image/E1/count_sketch/target_032/result.json,,NOT_ASSESSABLE,
,,,,,,,/Users/rhys24z/Documents/UNIVERSITY/Capstone/FL-DNA/artifacts/priority30_native_defenses/audit/S1/image/E1/count_sketch/target_004/result.json,,NOT_ASSESSABLE,
,,,,,,,/Users/rhys24z/Documents/UNIVERSITY/Capstone/FL-DNA/artifacts/priority30_native_defenses/audit/S1/image/E1/count_sketch/target_003/result.json,,NOT_ASSESSABLE,
,,,,,,,/Users/rhys24z/Documents/UNIVERSITY/Capstone/FL-DNA/artifacts/priority30_native_defenses/audit/S1/image/E1/count_sketch/target_021/result.json,,NOT_ASSESSABLE,
,,,,,,,/Users/rhys24z/Documents/UNIVERSITY/Capstone/FL-DNA/artifacts/priority30_native_defenses/audit/S1/image/E1/count_sketch/target_026/result.json,,NOT_ASSESSABLE,
,,,,,,,/Users/rhys24z/Documents/UNIVERSITY/Capstone/FL-DNA/artifacts/priority30_native_defenses/audit/S1/image/E1/count_sketch/target_019/result.json,,NOT_ASSESSABLE,
,,,,,,,/Users/rhys24z/Documents/UNIVERSITY/Capstone/FL-DNA/artifacts/priority30_native_defenses/audit/S1/image/E1/count_sketch/target_010/result.json,,NOT_ASSESSABLE,
,,,,,,,/Users/rhys24z/Documents/UNIVERSITY/Capstone/FL-DNA/artifacts/priority30_native_defenses/audit/S1/image/E1/count_sketch/target_017/result.json,,NOT_ASSESSABLE,
,,,,,,,/Users/rhys24z/Documents/UNIVERSITY/Capstone/FL-DNA/artifacts/priority30_native_defenses/audit/S1/image/E1/count_sketch/target_028/result.json,,NOT_ASSESSABLE,
,,,,,,,/Users/rhys24z/Documents/UNIVERSITY/Capstone/FL-DNA/artifacts/priority30_native_defenses/audit/S1/image/E1/count_sketch/target_016/result.json,,NOT_ASSESSABLE,
,,,,,,,/Users/rhys24z/Documents/UNIVERSITY/Capstone/FL-DNA/artifacts/priority30_native_defenses/audit/S1/image/E1/count_sketch/target_029/result.json,,NOT_ASSESSABLE,
,,,,,,,/Users/rhys24z/Documents/UNIVERSITY/Capstone/FL-DNA/artifacts/priority30_native_defenses/audit/S1/image/E1/count_sketch/target_011/result.json,,NOT_ASSESSABLE,
,,,,,,,/Users/rhys24z/Documents/UNIVERSITY/Capstone/FL-DNA/artifacts/priority30_native_defenses/audit/S1/image/E1/count_sketch/target_027/result.json,,NOT_ASSESSABLE,
,,,,,,,/Users/rhys24z/Documents/UNIVERSITY/Capstone/FL-DNA/artifacts/priority30_native_defenses/audit/S1/image/E1/count_sketch/target_018/result.json,,NOT_ASSESSABLE,
,,,,,,,/Users/rhys24z/Documents/UNIVERSITY/Capstone/FL-DNA/artifacts/priority30_native_defenses/audit/S1/image/E1/count_sketch/target_020/result.json,,NOT_ASSESSABLE,
,,,,,,,/Users/rhys24z/Documents/UNIVERSITY/Capstone/FL-DNA/artifacts/priority30_native_defenses/audit/S1/image/E1/count_sketch/target_006/result.json,,NOT_ASSESSABLE,
,,,,,,,/Users/rhys24z/Documents/UNIVERSITY/Capstone/FL-DNA/artifacts/priority30_native_defenses/audit/S1/image/E1/count_sketch/target_001/result.json,,NOT_ASSESSABLE,
,,,,,,,/Users/rhys24z/Documents/UNIVERSITY/Capstone/FL-DNA/artifacts/priority30_native_defenses/audit/S1/image/E1/count_sketch/target_008/result.json,,NOT_ASSESSABLE,
,,,,,,,/Users/rhys24z/Documents/UNIVERSITY/Capstone/FL-DNA/artifacts/priority30_native_defenses/audit/S1/image/E1/count_sketch/target_037/result.json,,NOT_ASSESSABLE,
,,,,,,,/Users/rhys24z/Documents/UNIVERSITY/Capstone/FL-DNA/artifacts/priority30_native_defenses/audit/S1/image/E1/count_sketch/target_030/result.json,,NOT_ASSESSABLE,
,,,,,,,/Users/rhys24z/Documents/UNIVERSITY/Capstone/FL-DNA/artifacts/priority30_native_defenses/audit/S1/image/E1/count_sketch/target_031/result.json,,NOT_ASSESSABLE,
,,,,,,,/Users/rhys24z/Documents/UNIVERSITY/Capstone/FL-DNA/artifacts/priority30_native_defenses/audit/S1/image/E1/count_sketch/target_009/result.json,,NOT_ASSESSABLE,
,,,,,,,/Users/rhys24z/Documents/UNIVERSITY/Capstone/FL-DNA/artifacts/priority30_native_defenses/audit/S1/image/E1/count_sketch/target_036/result.json,,NOT_ASSESSABLE,
,,,,,,,/Users/rhys24z/Documents/UNIVERSITY/Capstone/FL-DNA/artifacts/priority30_native_defenses/audit/S1/image/E1/count_sketch/target_000/result.json,,NOT_ASSESSABLE,
,,,,,,,/Users/rhys24z/Documents/UNIVERSITY/Capstone/FL-DNA/artifacts/priority30_native_defenses/audit/S1/image/E1/count_sketch/target_038/result.json,,NOT_ASSESSABLE,
,,,,,,,/Users/rhys24z/Documents/UNIVERSITY/Capstone/FL-DNA/artifacts/priority30_native_defenses/audit/S1/image/E1/count_sketch/target_007/result.json,,NOT_ASSESSABLE,
,,,,,,,/Users/rhys24z/Documents/UNIVERSITY/Capstone/FL-DNA/artifacts/priority30_native_defenses/audit/S1/image/E1/count_sketch/target_025/result.json,,NOT_ASSESSABLE,
,,,,,,,/Users/rhys24z/Documents/UNIVERSITY/Capstone/FL-DNA/artifacts/priority30_native_defenses/audit/S1/image/E1/count_sketch/target_022/result.json,,NOT_ASSESSABLE,
,,,,,,,/Users/rhys24z/Documents/UNIVERSITY/Capstone/FL-DNA/artifacts/priority30_native_defenses/audit/S1/image/E1/count_sketch/target_014/result.json,,NOT_ASSESSABLE,
,,,,,,,/Users/rhys24z/Documents/UNIVERSITY/Capstone/FL-DNA/artifacts/priority30_native_defenses/audit/S1/image/E1/count_sketch/target_013/result.json,,NOT_ASSESSABLE,
,,,,,,,/Users/rhys24z/Documents/UNIVERSITY/Capstone/FL-DNA/artifacts/priority30_native_defenses/audit/S1/image/E1/count_sketch/target_012/result.json,,NOT_ASSESSABLE,
,,,,,,,/Users/rhys24z/Documents/UNIVERSITY/Capstone/FL-DNA/artifacts/priority30_native_defenses/audit/S1/image/E1/count_sketch/target_015/result.json,,NOT_ASSESSABLE,
,,,,,,,/Users/rhys24z/Documents/UNIVERSITY/Capstone/FL-DNA/artifacts/priority30_native_defenses/audit/S1/image/E1/count_sketch/target_023/result.json,,NOT_ASSESSABLE,
,,,,,,,/Users/rhys24z/Documents/UNIVERSITY/Capstone/FL-DNA/artifacts/priority30_native_defenses/audit/S1/image/E1/count_sketch/target_024/result.json,,NOT_ASSESSABLE,
gradient_pruning,image,11.07180554093793,E1,0.008596420288085938,20.656823595446653,0.7422162890434265,/Users/rhys24z/Documents/UNIVERSITY/Capstone/FL-DNA/artifacts/priority30_native_defenses/audit/S1/image/E1/gradient_pruning/target_002/result.json,S1,ran,2
gradient_pruning,image,10.868046542047523,E1,0.005723065230995417,22.423713040129968,0.5757269859313965,/Users/rhys24z/Documents/UNIVERSITY/Capstone/FL-DNA/artifacts/priority30_native_defenses/audit/S1/image/E1/gradient_pruning/target_005/result.json,S1,ran,5
gradient_pruning,image,10.397786374902353,E1,0.012082426808774471,19.178458269891355,0.7304050922393799,/Users/rhys24z/Documents/UNIVERSITY/Capstone/FL-DNA/artifacts/priority30_native_defenses/audit/S1/image/E1/gradient_pruning/target_033/result.json,S1,ran,33
gradient_pruning,image,10.633203375036828,E1,0.022406065836548805,16.496343922587698,0.6253073811531067,/Users/rhys24z/Documents/UNIVERSITY/Capstone/FL-DNA/artifacts/priority30_native_defenses/audit/S1/image/E1/gradient_pruning/target_034/result.json,S1,ran,34
gradient_pruning,image,10.55424508289434,E1,0.016742268577218056,17.761856954577414,0.6430355906486511,/Users/rhys24z/Documents/UNIVERSITY/Capstone/FL-DNA/artifacts/priority30_native_defenses/audit/S1/image/E1/gradient_pruning/target_035/result.json,S1,ran,35
gradient_pruning,image,9.82304591697175,E1,0.00652835750952363,21.8519607052841,0.6661744117736816,/Users/rhys24z/Documents/UNIVERSITY/Capstone/FL-DNA/artifacts/priority30_native_defenses/audit/S1/image/E1/gradient_pruning/target_032/result.json,S1,ran,32
gradient_pruning,image,9.542028916068375,E1,0.00742406165227294,21.29358430225245,0.7332907319068909,/Users/rhys24z/Documents/UNIVERSITY/Capstone/FL-DNA/artifacts/priority30_native_defenses/audit/S1/image/E1/gradient_pruning/target_004/result.json,S1,ran,4
gradient_pruning,image,9.391143790911883,E1,0.0017778087640181184,27.50114957200696,0.7239555716514587,/Users/rhys24z/Documents/UNIVERSITY/Capstone/FL-DNA/artifacts/priority30_native_defenses/audit/S1/image/E1/gradient_pruning/target_003/result.json,S1,ran,3
gradient_pruning,image,10.411576875019819,E1,0.025136100128293037,15.997021023121167,0.5693596005439758,/Users/rhys24z/Documents/UNIVERSITY/Capstone/FL-DNA/artifacts/priority30_native_defenses/audit/S1/image/E1/gradient_pruning/target_021/result.json,S1,ran,21
gradient_pruning,image,10.263156040920876,E1,0.011287628673017025,19.47397285922048,0.629878580570221,/Users/rhys24z/Documents/UNIVERSITY/Capstone/FL-DNA/artifacts/priority30_native_defenses/audit/S1/image/E1/gradient_pruning/target_026/result.json,S1,ran,26
gradient_pruning,image,10.360889834002592,E1,0.00860961526632309,20.650162552183676,0.6837658882141113,/Users/rhys24z/Documents/UNIVERSITY/Capstone/FL-DNA/artifacts/priority30_native_defenses/audit/S1/image/E1/gradient_pruning/target_019/result.json,S1,ran,19
gradient_pruning,image,10.594060125062242,E1,0.01196077186614275,19.22240793057472,0.6814436316490173,/Users/rhys24z/Documents/UNIVERSITY/Capstone/FL-DNA/artifacts/priority30_native_defenses/audit/S1/image/E1/gradient_pruning/target_010/result.json,S1,ran,10
gradient_pruning,image,10.226237416034564,E1,0.04010556638240814,13.967953460483107,0.4512799084186554,/Users/rhys24z/Documents/UNIVERSITY/Capstone/FL-DNA/artifacts/priority30_native_defenses/audit/S1/image/E1/gradient_pruning/target_017/result.json,S1,ran,17
gradient_pruning,image,10.063336750026792,E1,0.009996435604989529,20.0015482730336,0.6669794917106628,/Users/rhys24z/Documents/UNIVERSITY/Capstone/FL-DNA/artifacts/priority30_native_defenses/audit/S1/image/E1/gradient_pruning/target_028/result.json,S1,ran,28
gradient_pruning,image,10.07793499995023,E1,0.005579398479312658,22.53412620273331,0.6347737312316895,/Users/rhys24z/Documents/UNIVERSITY/Capstone/FL-DNA/artifacts/priority30_native_defenses/audit/S1/image/E1/gradient_pruning/target_016/result.json,S1,ran,16
gradient_pruning,image,10.508155666990206,E1,0.008951108902692795,20.4812315904292,0.6770142912864685,/Users/rhys24z/Documents/UNIVERSITY/Capstone/FL-DNA/artifacts/priority30_native_defenses/audit/S1/image/E1/gradient_pruning/target_029/result.json,S1,ran,29
gradient_pruning,image,11.020953250001185,E1,0.015184986405074596,18.185855925638737,0.7119095921516418,/Users/rhys24z/Documents/UNIVERSITY/Capstone/FL-DNA/artifacts/priority30_native_defenses/audit/S1/image/E1/gradient_pruning/target_011/result.json,S1,ran,11
gradient_pruning,image,10.757393667008728,E1,0.03131485730409622,15.042495629562803,0.5655682682991028,/Users/rhys24z/Documents/UNIVERSITY/Capstone/FL-DNA/artifacts/priority30_native_defenses/audit/S1/image/E1/gradient_pruning/target_027/result.json,S1,ran,27
gradient_pruning,image,10.266080708010122,E1,0.014778145588934422,18.303800592443398,0.7645886540412903,/Users/rhys24z/Documents/UNIVERSITY/Capstone/FL-DNA/artifacts/priority30_native_defenses/audit/S1/image/E1/gradient_pruning/target_018/result.json,S1,ran,18
gradient_pruning,image,9.819998416001908,E1,0.005330571439117193,22.73226231957901,0.6561644077301025,/Users/rhys24z/Documents/UNIVERSITY/Capstone/FL-DNA/artifacts/priority30_native_defenses/audit/S1/image/E1/gradient_pruning/target_020/result.json,S1,ran,20
gradient_pruning,image,10.786051917006262,E1,0.013886417262256145,18.574097891030338,0.6849441528320312,/Users/rhys24z/Documents/UNIVERSITY/Capstone/FL-DNA/artifacts/priority30_native_defenses/audit/S1/image/E1/gradient_pruning/target_006/result.json,S1,ran,6
gradient_pruning,image,10.53382258291822,E1,0.02991224266588688,15.241510245846428,0.5776500105857849,/Users/rhys24z/Documents/UNIVERSITY/Capstone/FL-DNA/artifacts/priority30_native_defenses/audit/S1/image/E1/gradient_pruning/target_001/result.json,S1,ran,1
gradient_pruning,image,9.494218625011854,E1,0.026174142956733704,15.821275299071917,0.6802792549133301,/Users/rhys24z/Documents/UNIVERSITY/Capstone/FL-DNA/artifacts/priority30_native_defenses/audit/S1/image/E1/gradient_pruning/target_008/result.json,S1,ran,8
gradient_pruning,image,11.055279542109929,E1,0.00801462959498167,20.9611654424842,0.696480929851532,/Users/rhys24z/Documents/UNIVERSITY/Capstone/FL-DNA/artifacts/priority30_native_defenses/audit/S1/image/E1/gradient_pruning/target_037/result.json,S1,ran,37
gradient_pruning,image,10.39372320799157,E1,0.014718386344611645,18.321398014146727,0.6095137000083923,/Users/rhys24z/Documents/UNIVERSITY/Capstone/FL-DNA/artifacts/priority30_native_defenses/audit/S1/image/E1/gradient_pruning/target_030/result.json,S1,ran,30
gradient_pruning,image,10.677696833037771,E1,0.0047434126026928425,23.239090968789988,0.7407689690589905,/Users/rhys24z/Documents/UNIVERSITY/Capstone/FL-DNA/artifacts/priority30_native_defenses/audit/S1/image/E1/gradient_pruning/target_031/result.json,S1,ran,31
gradient_pruning,image,10.51761170802638,E1,0.003855469636619091,24.139227127701197,0.6750048995018005,/Users/rhys24z/Documents/UNIVERSITY/Capstone/FL-DNA/artifacts/priority30_native_defenses/audit/S1/image/E1/gradient_pruning/target_009/result.json,S1,ran,9
gradient_pruning,image,10.647936207940802,E1,0.01141719426959753,19.424406091323462,0.6922872066497803,/Users/rhys24z/Documents/UNIVERSITY/Capstone/FL-DNA/artifacts/priority30_native_defenses/audit/S1/image/E1/gradient_pruning/target_036/result.json,S1,ran,36
gradient_pruning,image,9.39885104203131,E1,0.011901818215847015,19.243866872805544,0.6643039584159851,/Users/rhys24z/Documents/UNIVERSITY/Capstone/FL-DNA/artifacts/priority30_native_defenses/audit/S1/image/E1/gradient_pruning/target_000/result.json,S1,ran,0
gradient_pruning,image,11.365115999942645,E1,0.013097378425300121,18.828156241429554,0.7058374285697937,/Users/rhys24z/Documents/UNIVERSITY/Capstone/FL-DNA/artifacts/priority30_native_defenses/audit/S1/image/E1/gradient_pruning/target_038/result.json,S1,ran,38
gradient_pruning,image,9.69749991595745,E1,0.013869456015527248,18.57940572386539,0.6724993586540222,/Users/rhys24z/Documents/UNIVERSITY/Capstone/FL-DNA/artifacts/priority30_native_defenses/audit/S1/image/E1/gradient_pruning/target_007/result.json,S1,ran,7
gradient_pruning,image,10.080642207991332,E1,0.0069512720219790936,21.579357160461203,0.6609287858009338,/Users/rhys24z/Documents/UNIVERSITY/Capstone/FL-DNA/artifacts/priority30_native_defenses/audit/S1/image/E1/gradient_pruning/target_025/result.json,S1,ran,25
gradient_pruning,image,10.12706937501207,E1,0.04786770045757294,13.199574353251254,0.4468972980976105,/Users/rhys24z/Documents/UNIVERSITY/Capstone/FL-DNA/artifacts/priority30_native_defenses/audit/S1/image/E1/gradient_pruning/target_022/result.json,S1,ran,22
gradient_pruning,image,10.815938625019044,E1,0.0033016521483659744,24.812686845568805,0.7021245956420898,/Users/rhys24z/Documents/UNIVERSITY/Capstone/FL-DNA/artifacts/priority30_native_defenses/audit/S1/image/E1/gradient_pruning/target_014/result.json,S1,ran,14
gradient_pruning,image,10.186041000066325,E1,0.017313214018940926,17.616223023659693,0.6217843890190125,/Users/rhys24z/Documents/UNIVERSITY/Capstone/FL-DNA/artifacts/priority30_native_defenses/audit/S1/image/E1/gradient_pruning/target_013/result.json,S1,ran,13
gradient_pruning,image,10.882891457993537,E1,0.014878102578222752,18.274524513406003,0.66521817445755,/Users/rhys24z/Documents/UNIVERSITY/Capstone/FL-DNA/artifacts/priority30_native_defenses/audit/S1/image/E1/gradient_pruning/target_012/result.json,S1,ran,12
gradient_pruning,image,10.714752500061877,E1,0.009286203421652317,20.32161807000508,0.7573317885398865,/Users/rhys24z/Documents/UNIVERSITY/Capstone/FL-DNA/artifacts/priority30_native_defenses/audit/S1/image/E1/gradient_pruning/target_015/result.json,S1,ran,15
gradient_pruning,image,9.91975208290387,E1,0.0065007940866053104,21.870335900699416,0.7023083567619324,/Users/rhys24z/Documents/UNIVERSITY/Capstone/FL-DNA/artifacts/priority30_native_defenses/audit/S1/image/E1/gradient_pruning/target_023/result.json,S1,ran,23
gradient_pruning,image,10.390058457967825,E1,0.008484158664941788,20.713912182006954,0.6730835437774658,/Users/rhys24z/Documents/UNIVERSITY/Capstone/FL-DNA/artifacts/priority30_native_defenses/audit/S1/image/E1/gradient_pruning/target_024/result.json,S1,ran,24
dna_v2_0p95,image,10.861791542032734,E1,0.00488929683342576,23.107535955433725,0.8497273325920105,/Users/rhys24z/Documents/UNIVERSITY/Capstone/FL-DNA/artifacts/priority30_native_defenses/audit/S1/image/E1/dna_v2_0p95/target_002/result.json,S1,ran,2
dna_v2_0p95,image,10.568338125012815,E1,0.002702537225559354,25.682283152308337,0.7812545895576477,/Users/rhys24z/Documents/UNIVERSITY/Capstone/FL-DNA/artifacts/priority30_native_defenses/audit/S1/image/E1/dna_v2_0p95/target_005/result.json,S1,ran,5
dna_v2_0p95,image,10.67571516695898,E1,0.006021196022629738,22.203172339188008,0.8598929047584534,/Users/rhys24z/Documents/UNIVERSITY/Capstone/FL-DNA/artifacts/priority30_native_defenses/audit/S1/image/E1/dna_v2_0p95/target_033/result.json,S1,ran,33
dna_v2_0p95,image,11.14608770806808,E1,0.01004383247345686,19.981005397325145,0.8240907788276672,/Users/rhys24z/Documents/UNIVERSITY/Capstone/FL-DNA/artifacts/priority30_native_defenses/audit/S1/image/E1/dna_v2_0p95/target_034/result.json,S1,ran,34
dna_v2_0p95,image,9.47964375000447,E1,0.006177003029733896,22.092221856468633,0.8057653307914734,/Users/rhys24z/Documents/UNIVERSITY/Capstone/FL-DNA/artifacts/priority30_native_defenses/audit/S1/image/E1/dna_v2_0p95/target_035/result.json,S1,ran,35
dna_v2_0p95,image,10.594405624899082,E1,0.0037256113719195127,24.288024494487534,0.7947206497192383,/Users/rhys24z/Documents/UNIVERSITY/Capstone/FL-DNA/artifacts/priority30_native_defenses/audit/S1/image/E1/dna_v2_0p95/target_032/result.json,S1,ran,32
dna_v2_0p95,image,9.502537542022765,E1,0.0035864540841430426,24.45334724881787,0.8453879356384277,/Users/rhys24z/Documents/UNIVERSITY/Capstone/FL-DNA/artifacts/priority30_native_defenses/audit/S1/image/E1/dna_v2_0p95/target_004/result.json,S1,ran,4
dna_v2_0p95,image,11.069972584024072,E1,0.0010559306247159839,29.76364614276415,0.8066980242729187,/Users/rhys24z/Documents/UNIVERSITY/Capstone/FL-DNA/artifacts/priority30_native_defenses/audit/S1/image/E1/dna_v2_0p95/target_003/result.json,S1,ran,3
dna_v2_0p95,image,10.297906000050716,E1,0.019559346139431,17.086456675843817,0.7156612873077393,/Users/rhys24z/Documents/UNIVERSITY/Capstone/FL-DNA/artifacts/priority30_native_defenses/audit/S1/image/E1/dna_v2_0p95/target_021/result.json,S1,ran,21
dna_v2_0p95,image,9.84499675000552,E1,0.005864150822162628,22.31794868450379,0.7980172038078308,/Users/rhys24z/Documents/UNIVERSITY/Capstone/FL-DNA/artifacts/priority30_native_defenses/audit/S1/image/E1/dna_v2_0p95/target_026/result.json,S1,ran,26
dna_v2_0p95,image,10.782819208106957,E1,0.004572851583361626,23.39812893868183,0.808225154876709,/Users/rhys24z/Documents/UNIVERSITY/Capstone/FL-DNA/artifacts/priority30_native_defenses/audit/S1/image/E1/dna_v2_0p95/target_019/result.json,S1,ran,19
dna_v2_0p95,image,10.631174833048135,E1,0.0075675733387470245,21.21043361523182,0.8019804954528809,/Users/rhys24z/Documents/UNIVERSITY/Capstone/FL-DNA/artifacts/priority30_native_defenses/audit/S1/image/E1/dna_v2_0p95/target_010/result.json,S1,ran,10
dna_v2_0p95,image,10.318593375035562,E1,0.029831791296601295,15.25320667963036,0.5804922580718994,/Users/rhys24z/Documents/UNIVERSITY/Capstone/FL-DNA/artifacts/priority30_native_defenses/audit/S1/image/E1/dna_v2_0p95/target_017/result.json,S1,ran,17
dna_v2_0p95,image,10.219121958012693,E1,0.006868953350931406,21.63109433034233,0.8068051338195801,/Users/rhys24z/Documents/UNIVERSITY/Capstone/FL-DNA/artifacts/priority30_native_defenses/audit/S1/image/E1/dna_v2_0p95/target_028/result.json,S1,ran,28
dna_v2_0p95,image,9.76802883297205,E1,0.0034836691338568926,24.579630994059695,0.753350019454956,/Users/rhys24z/Documents/UNIVERSITY/Capstone/FL-DNA/artifacts/priority30_native_defenses/audit/S1/image/E1/dna_v2_0p95/target_016/result.json,S1,ran,16
dna_v2_0p95,image,11.23463833401911,E1,0.006302781403064728,22.004677550811174,0.776161253452301,/Users/rhys24z/Documents/UNIVERSITY/Capstone/FL-DNA/artifacts/priority30_native_defenses/audit/S1/image/E1/dna_v2_0p95/target_029/result.json,S1,ran,29
dna_v2_0p95,image,10.160251791006885,E1,0.006529687438160181,21.851076069532745,0.838268518447876,/Users/rhys24z/Documents/UNIVERSITY/Capstone/FL-DNA/artifacts/priority30_native_defenses/audit/S1/image/E1/dna_v2_0p95/target_011/result.json,S1,ran,11
dna_v2_0p95,image,10.734004084020853,E1,0.020602500066161156,16.860800757930807,0.7098299860954285,/Users/rhys24z/Documents/UNIVERSITY/Capstone/FL-DNA/artifacts/priority30_native_defenses/audit/S1/image/E1/dna_v2_0p95/target_027/result.json,S1,ran,27
dna_v2_0p95,image,10.870313042076305,E1,0.0075944289565086365,21.19504876226592,0.8710477948188782,/Users/rhys24z/Documents/UNIVERSITY/Capstone/FL-DNA/artifacts/priority30_native_defenses/audit/S1/image/E1/dna_v2_0p95/target_018/result.json,S1,ran,18
dna_v2_0p95,image,9.432697207899764,E1,0.0029301010072231293,25.33117408272671,0.8098511695861816,/Users/rhys24z/Documents/UNIVERSITY/Capstone/FL-DNA/artifacts/priority30_native_defenses/audit/S1/image/E1/dna_v2_0p95/target_020/result.json,S1,ran,20
dna_v2_0p95,image,10.495085709029809,E1,0.006301941350102425,22.005256429654793,0.8219611048698425,/Users/rhys24z/Documents/UNIVERSITY/Capstone/FL-DNA/artifacts/priority30_native_defenses/audit/S1/image/E1/dna_v2_0p95/target_006/result.json,S1,ran,6
dna_v2_0p95,image,10.287058833055198,E1,0.01614556461572647,17.919467629598067,0.7571246027946472,/Users/rhys24z/Documents/UNIVERSITY/Capstone/FL-DNA/artifacts/priority30_native_defenses/audit/S1/image/E1/dna_v2_0p95/target_001/result.json,S1,ran,1
dna_v2_0p95,image,9.454590374953113,E1,0.013410949148237705,18.72540484247215,0.8093690872192383,/Users/rhys24z/Documents/UNIVERSITY/Capstone/FL-DNA/artifacts/priority30_native_defenses/audit/S1/image/E1/dna_v2_0p95/target_008/result.json,S1,ran,8
dna_v2_0p95,image,10.716218875022605,E1,0.004491032566875219,23.47653795624678,0.8351466655731201,/Users/rhys24z/Documents/UNIVERSITY/Capstone/FL-DNA/artifacts/priority30_native_defenses/audit/S1/image/E1/dna_v2_0p95/target_037/result.json,S1,ran,37
dna_v2_0p95,image,10.68454891606234,E1,0.008132722228765488,20.897640606734754,0.7786774039268494,/Users/rhys24z/Documents/UNIVERSITY/Capstone/FL-DNA/artifacts/priority30_native_defenses/audit/S1/image/E1/dna_v2_0p95/target_030/result.json,S1,ran,30
dna_v2_0p95,image,10.979332791059278,E1,0.002057763747870922,26.86604488118631,0.8487216830253601,/Users/rhys24z/Documents/UNIVERSITY/Capstone/FL-DNA/artifacts/priority30_native_defenses/audit/S1/image/E1/dna_v2_0p95/target_031/result.json,S1,ran,31
dna_v2_0p95,image,10.349048416945152,E1,0.001894853892736137,27.22424271724811,0.7988601326942444,/Users/rhys24z/Documents/UNIVERSITY/Capstone/FL-DNA/artifacts/priority30_native_defenses/audit/S1/image/E1/dna_v2_0p95/target_009/result.json,S1,ran,9
dna_v2_0p95,image,10.566851500072517,E1,0.00500453868880868,23.006359489815257,0.8569061756134033,/Users/rhys24z/Documents/UNIVERSITY/Capstone/FL-DNA/artifacts/priority30_native_defenses/audit/S1/image/E1/dna_v2_0p95/target_036/result.json,S1,ran,36
dna_v2_0p95,image,9.688373625045642,E1,0.0056608691811561584,22.47116881250094,0.8427708745002747,/Users/rhys24z/Documents/UNIVERSITY/Capstone/FL-DNA/artifacts/priority30_native_defenses/audit/S1/image/E1/dna_v2_0p95/target_000/result.json,S1,ran,0
dna_v2_0p95,image,10.319195000105537,E1,0.00779956066980958,21.07929859367333,0.814460277557373,/Users/rhys24z/Documents/UNIVERSITY/Capstone/FL-DNA/artifacts/priority30_native_defenses/audit/S1/image/E1/dna_v2_0p95/target_038/result.json,S1,ran,38
dna_v2_0p95,image,10.283005374949425,E1,0.006859778892248869,21.636898824599804,0.8369429111480713,/Users/rhys24z/Documents/UNIVERSITY/Capstone/FL-DNA/artifacts/priority30_native_defenses/audit/S1/image/E1/dna_v2_0p95/target_007/result.json,S1,ran,7
dna_v2_0p95,image,10.13009095902089,E1,0.0029146664310246706,25.35411140889415,0.8246065974235535,/Users/rhys24z/Documents/UNIVERSITY/Capstone/FL-DNA/artifacts/priority30_native_defenses/audit/S1/image/E1/dna_v2_0p95/target_025/result.json,S1,ran,25
dna_v2_0p95,image,10.629926041932777,E1,0.03844233602285385,14.151902294579742,0.5502605438232422,/Users/rhys24z/Documents/UNIVERSITY/Capstone/FL-DNA/artifacts/priority30_native_defenses/audit/S1/image/E1/dna_v2_0p95/target_022/result.json,S1,ran,22
dna_v2_0p95,image,9.630101207992993,E1,0.0024278832133859396,26.14772207630509,0.7699958682060242,/Users/rhys24z/Documents/UNIVERSITY/Capstone/FL-DNA/artifacts/priority30_native_defenses/audit/S1/image/E1/dna_v2_0p95/target_014/result.json,S1,ran,14
dna_v2_0p95,image,10.663341542007402,E1,0.0069609470665454865,21.57331668752444,0.8013200759887695,/Users/rhys24z/Documents/UNIVERSITY/Capstone/FL-DNA/artifacts/priority30_native_defenses/audit/S1/image/E1/dna_v2_0p95/target_013/result.json,S1,ran,13
dna_v2_0p95,image,9.856824374990538,E1,0.005641363561153412,22.48615910997012,0.8557022213935852,/Users/rhys24z/Documents/UNIVERSITY/Capstone/FL-DNA/artifacts/priority30_native_defenses/audit/S1/image/E1/dna_v2_0p95/target_012/result.json,S1,ran,12
dna_v2_0p95,image,10.526759582920931,E1,0.005551740527153015,22.55570839790046,0.8392378687858582,/Users/rhys24z/Documents/UNIVERSITY/Capstone/FL-DNA/artifacts/priority30_native_defenses/audit/S1/image/E1/dna_v2_0p95/target_015/result.json,S1,ran,15
dna_v2_0p95,image,10.135633333935402,E1,0.0023272738326340914,26.331525135739344,0.8531503677368164,/Users/rhys24z/Documents/UNIVERSITY/Capstone/FL-DNA/artifacts/priority30_native_defenses/audit/S1/image/E1/dna_v2_0p95/target_023/result.json,S1,ran,23
dna_v2_0p95,image,9.833561500068754,E1,0.003755174810066819,24.253698410086038,0.8241059184074402,/Users/rhys24z/Documents/UNIVERSITY/Capstone/FL-DNA/artifacts/priority30_native_defenses/audit/S1/image/E1/dna_v2_0p95/target_024/result.json,S1,ran,24
ats,image,10.582286291988567,E1,0.04717167094349861,13.26318739639647,0.03958896920084953,/Users/rhys24z/Documents/UNIVERSITY/Capstone/FL-DNA/artifacts/priority30_native_defenses/audit/S1/image/E1/ats/target_002/result.json,S1,ran,2
ats,image,9.497960583888926,E1,0.023761548101902008,16.241252678065322,0.32800325751304626,/Users/rhys24z/Documents/UNIVERSITY/Capstone/FL-DNA/artifacts/priority30_native_defenses/audit/S1/image/E1/ats/target_005/result.json,S1,ran,5
ats,image,9.535409291973338,E1,0.0679488331079483,11.678179970496688,0.061343416571617126,/Users/rhys24z/Documents/UNIVERSITY/Capstone/FL-DNA/artifacts/priority30_native_defenses/audit/S1/image/E1/ats/target_033/result.json,S1,ran,33
ats,image,10.42622545803897,E1,0.09843375533819199,10.06855945844778,0.143252894282341,/Users/rhys24z/Documents/UNIVERSITY/Capstone/FL-DNA/artifacts/priority30_native_defenses/audit/S1/image/E1/ats/target_034/result.json,S1,ran,34
ats,image,9.893436749931425,E1,0.09298405796289444,10.315915044807824,0.06939519196748734,/Users/rhys24z/Documents/UNIVERSITY/Capstone/FL-DNA/artifacts/priority30_native_defenses/audit/S1/image/E1/ats/target_035/result.json,S1,ran,35
ats,image,10.277104999986477,E1,0.03435475751757622,14.640131124454495,0.09635108709335327,/Users/rhys24z/Documents/UNIVERSITY/Capstone/FL-DNA/artifacts/priority30_native_defenses/audit/S1/image/E1/ats/target_032/result.json,S1,ran,32
ats,image,9.826440042001195,E1,0.042309727519750595,13.735597715736876,0.09712599962949753,/Users/rhys24z/Documents/UNIVERSITY/Capstone/FL-DNA/artifacts/priority30_native_defenses/audit/S1/image/E1/ats/target_004/result.json,S1,ran,4
ats,image,11.243215584079735,E1,0.01799437403678894,17.448632563796053,0.22456680238246918,/Users/rhys24z/Documents/UNIVERSITY/Capstone/FL-DNA/artifacts/priority30_native_defenses/audit/S1/image/E1/ats/target_003/result.json,S1,ran,3
ats,image,10.765194875071757,E1,0.06950628012418747,11.579759536823943,0.07327631115913391,/Users/rhys24z/Documents/UNIVERSITY/Capstone/FL-DNA/artifacts/priority30_native_defenses/audit/S1/image/E1/ats/target_021/result.json,S1,ran,21
ats,image,10.375755124958232,E1,0.0620548278093338,12.072244251339717,0.1615811437368393,/Users/rhys24z/Documents/UNIVERSITY/Capstone/FL-DNA/artifacts/priority30_native_defenses/audit/S1/image/E1/ats/target_026/result.json,S1,ran,26
ats,image,9.717748666997068,E1,0.07478255033493042,11.261997280357614,0.05453711748123169,/Users/rhys24z/Documents/UNIVERSITY/Capstone/FL-DNA/artifacts/priority30_native_defenses/audit/S1/image/E1/ats/target_019/result.json,S1,ran,19
ats,image,10.909519334090874,E1,0.07571789622306824,11.20801461155748,0.023969313129782677,/Users/rhys24z/Documents/UNIVERSITY/Capstone/FL-DNA/artifacts/priority30_native_defenses/audit/S1/image/E1/ats/target_010/result.json,S1,ran,10
ats,image,9.772203917033039,E1,0.08724632859230042,10.592528395052035,0.0337345153093338,/Users/rhys24z/Documents/UNIVERSITY/Capstone/FL-DNA/artifacts/priority30_native_defenses/audit/S1/image/E1/ats/target_017/result.json,S1,ran,17
ats,image,10.496482457965612,E1,0.04309231415390968,13.65600182697737,0.06623680889606476,/Users/rhys24z/Documents/UNIVERSITY/Capstone/FL-DNA/artifacts/priority30_native_defenses/audit/S1/image/E1/ats/target_028/result.json,S1,ran,28
ats,image,11.138109207968228,E1,0.09542191028594971,10.203518933907747,0.1003241166472435,/Users/rhys24z/Documents/UNIVERSITY/Capstone/FL-DNA/artifacts/priority30_native_defenses/audit/S1/image/E1/ats/target_016/result.json,S1,ran,16
ats,image,10.283252916997299,E1,0.06406473368406296,11.93380974868034,0.05938613414764404,/Users/rhys24z/Documents/UNIVERSITY/Capstone/FL-DNA/artifacts/priority30_native_defenses/audit/S1/image/E1/ats/target_029/result.json,S1,ran,29
ats,image,10.451123708044179,E1,0.07495376467704773,11.25206549107796,0.08107199519872665,/Users/rhys24z/Documents/UNIVERSITY/Capstone/FL-DNA/artifacts/priority30_native_defenses/audit/S1/image/E1/ats/target_011/result.json,S1,ran,11
ats,image,10.100635415990837,E1,0.0700274258852005,11.547318374446638,0.0606134831905365,/Users/rhys24z/Documents/UNIVERSITY/Capstone/FL-DNA/artifacts/priority30_native_defenses/audit/S1/image/E1/ats/target_027/result.json,S1,ran,27
ats,image,10.798630458069965,E1,0.08421102911233902,10.746310252586625,-0.038542311638593674,/Users/rhys24z/Documents/UNIVERSITY/Capstone/FL-DNA/artifacts/priority30_native_defenses/audit/S1/image/E1/ats/target_018/result.json,S1,ran,18
ats,image,10.48202612507157,E1,0.07920894026756287,11.012257970753867,0.1415417194366455,/Users/rhys24z/Documents/UNIVERSITY/Capstone/FL-DNA/artifacts/priority30_native_defenses/audit/S1/image/E1/ats/target_020/result.json,S1,ran,20
ats,image,10.723756459075958,E1,0.061545517295598984,12.108035736779502,0.1508266031742096,/Users/rhys24z/Documents/UNIVERSITY/Capstone/FL-DNA/artifacts/priority30_native_defenses/audit/S1/image/E1/ats/target_006/result.json,S1,ran,6
ats,image,11.02553770900704,E1,0.08945665508508682,10.483873447643877,0.03446607664227486,/Users/rhys24z/Documents/UNIVERSITY/Capstone/FL-DNA/artifacts/priority30_native_defenses/audit/S1/image/E1/ats/target_001/result.json,S1,ran,1
ats,image,10.588515124982223,E1,0.10599634796380997,9.747090978153057,-0.00592458201572299,/Users/rhys24z/Documents/UNIVERSITY/Capstone/FL-DNA/artifacts/priority30_native_defenses/audit/S1/image/E1/ats/target_008/result.json,S1,ran,8
ats,image,10.370283666066825,E1,0.04264484718441963,13.701334375226589,0.13309712707996368,/Users/rhys24z/Documents/UNIVERSITY/Capstone/FL-DNA/artifacts/priority30_native_defenses/audit/S1/image/E1/ats/target_037/result.json,S1,ran,37
ats,image,10.406593999941833,E1,0.061060547828674316,12.1423930357645,0.1542266458272934,/Users/rhys24z/Documents/UNIVERSITY/Capstone/FL-DNA/artifacts/priority30_native_defenses/audit/S1/image/E1/ats/target_030/result.json,S1,ran,30
ats,image,10.4809038330568,E1,0.05887092277407646,12.30099156772363,0.07142219692468643,/Users/rhys24z/Documents/UNIVERSITY/Capstone/FL-DNA/artifacts/priority30_native_defenses/audit/S1/image/E1/ats/target_031/result.json,S1,ran,31
ats,image,10.413887916947715,E1,0.02483019232749939,16.05019916512765,0.12266095727682114,/Users/rhys24z/Documents/UNIVERSITY/Capstone/FL-DNA/artifacts/priority30_native_defenses/audit/S1/image/E1/ats/target_009/result.json,S1,ran,9
ats,image,9.79928108304739,E1,0.055145472288131714,12.584901394522895,0.026498204097151756,/Users/rhys24z/Documents/UNIVERSITY/Capstone/FL-DNA/artifacts/priority30_native_defenses/audit/S1/image/E1/ats/target_036/result.json,S1,ran,36
ats,image,10.645599708892405,E1,0.07909198850393295,11.018675054371563,0.08372778445482254,/Users/rhys24z/Documents/UNIVERSITY/Capstone/FL-DNA/artifacts/priority30_native_defenses/audit/S1/image/E1/ats/target_000/result.json,S1,ran,0
ats,image,10.328125291969627,E1,0.07579752057790756,11.203450003962383,0.029826626181602478,/Users/rhys24z/Documents/UNIVERSITY/Capstone/FL-DNA/artifacts/priority30_native_defenses/audit/S1/image/E1/ats/target_038/result.json,S1,ran,38
ats,image,10.912870042026043,E1,0.07750941067934036,11.106455651325307,0.11573385447263718,/Users/rhys24z/Documents/UNIVERSITY/Capstone/FL-DNA/artifacts/priority30_native_defenses/audit/S1/image/E1/ats/target_007/result.json,S1,ran,7
ats,image,10.431748916977085,E1,0.05785974860191345,12.376234576745368,0.0921601876616478,/Users/rhys24z/Documents/UNIVERSITY/Capstone/FL-DNA/artifacts/priority30_native_defenses/audit/S1/image/E1/ats/target_025/result.json,S1,ran,25
ats,image,10.082379082916304,E1,0.08886190503835678,10.512843805079582,0.04427490010857582,/Users/rhys24z/Documents/UNIVERSITY/Capstone/FL-DNA/artifacts/priority30_native_defenses/audit/S1/image/E1/ats/target_022/result.json,S1,ran,22
ats,image,10.886762582929805,E1,0.034067947417497635,14.67654031742012,0.17928551137447357,/Users/rhys24z/Documents/UNIVERSITY/Capstone/FL-DNA/artifacts/priority30_native_defenses/audit/S1/image/E1/ats/target_014/result.json,S1,ran,14
ats,image,10.87016708299052,E1,0.13094942271709442,8.828964117964658,-0.013847783207893372,/Users/rhys24z/Documents/UNIVERSITY/Capstone/FL-DNA/artifacts/priority30_native_defenses/audit/S1/image/E1/ats/target_013/result.json,S1,ran,13
ats,image,10.638685290934518,E1,0.06364418566226959,11.962412660108445,0.056520745158195496,/Users/rhys24z/Documents/UNIVERSITY/Capstone/FL-DNA/artifacts/priority30_native_defenses/audit/S1/image/E1/ats/target_012/result.json,S1,ran,12
ats,image,10.723862166982144,E1,0.04422510042786598,13.54331172206402,0.0532943420112133,/Users/rhys24z/Documents/UNIVERSITY/Capstone/FL-DNA/artifacts/priority30_native_defenses/audit/S1/image/E1/ats/target_015/result.json,S1,ran,15
ats,image,10.757883125101216,E1,0.044521838426589966,13.514269107785072,0.15125910937786102,/Users/rhys24z/Documents/UNIVERSITY/Capstone/FL-DNA/artifacts/priority30_native_defenses/audit/S1/image/E1/ats/target_023/result.json,S1,ran,23
ats,image,10.599959666025825,E1,0.048483263701200485,13.144081528740772,0.04742773249745369,/Users/rhys24z/Documents/UNIVERSITY/Capstone/FL-DNA/artifacts/priority30_native_defenses/audit/S1/image/E1/ats/target_024/result.json,S1,ran,24
