comparator,defense,defense_effect_metric,defense_error_score,defense_ssim,defense_wins,diff_defense_minus_dp,domain,dp_effect_metric,dp_error_score,dp_ssim,dp_wins,status,target_id,tie
distortion_matched_clipped,count_sketch,93.75,6.25,nan,False,-23.214285714285708,adult,70.53571428571429,29.464285714285708,nan,True,ran,0,False
distortion_matched_clipped,count_sketch,67.85714285714286,32.14285714285714,nan,False,-2.6785714285714306,adult,65.17857142857143,34.82142857142857,nan,True,ran,1,False
distortion_matched_clipped,count_sketch,91.07142857142857,8.92857142857143,nan,False,-29.464285714285708,adult,61.60714285714286,38.39285714285714,nan,True,ran,2,False
distortion_matched_clipped,count_sketch,56.25,43.75,nan,True,1.7857142857142776,adult,58.03571428571428,41.96428571428572,nan,False,ran,3,False
distortion_matched_clipped,count_sketch,99.10714285714286,0.8928571428571388,nan,False,-36.60714285714286,adult,62.5,37.5,nan,True,ran,4,False
distortion_matched_clipped,count_sketch,88.39285714285714,11.607142857142861,nan,False,-16.071428571428555,adult,72.32142857142858,27.678571428571416,nan,True,ran,5,False
distortion_matched_clipped,count_sketch,88.39285714285714,11.607142857142861,nan,False,-21.428571428571416,adult,66.96428571428572,33.03571428571428,nan,True,ran,6,False
distortion_matched_clipped,count_sketch,83.03571428571428,16.964285714285722,nan,False,-24.107142857142847,adult,58.92857142857143,41.07142857142857,nan,True,ran,7,False
distortion_matched_clipped,count_sketch,96.42857142857143,3.5714285714285694,nan,False,-34.82142857142857,adult,61.60714285714286,38.39285714285714,nan,True,ran,8,False
distortion_matched_clipped,count_sketch,97.32142857142857,2.6785714285714306,nan,False,-34.82142857142857,adult,62.5,37.5,nan,True,ran,9,False
distortion_matched_clipped,count_sketch,79.46428571428572,20.535714285714278,nan,False,-16.071428571428584,adult,63.39285714285714,36.60714285714286,nan,True,ran,10,False
distortion_matched_clipped,count_sketch,84.82142857142857,15.17857142857143,nan,False,-20.535714285714292,adult,64.28571428571428,35.71428571428572,nan,True,ran,11,False
distortion_matched_clipped,count_sketch,100.0,0.0,nan,False,-33.03571428571428,adult,66.96428571428572,33.03571428571428,nan,True,ran,12,False
distortion_matched_clipped,count_sketch,70.53571428571428,29.464285714285722,nan,False,-8.928571428571416,adult,61.60714285714286,38.39285714285714,nan,True,ran,13,False
distortion_matched_clipped,count_sketch,79.46428571428572,20.535714285714278,nan,False,-18.75,adult,60.71428571428572,39.28571428571428,nan,True,ran,14,False
distortion_matched_clipped,count_sketch,65.17857142857143,34.82142857142857,nan,False,-2.6785714285714306,adult,62.5,37.5,nan,True,ran,15,False
distortion_matched_clipped,count_sketch,75.0,25.0,nan,False,-10.714285714285722,adult,64.28571428571428,35.71428571428572,nan,True,ran,16,False
distortion_matched_clipped,count_sketch,71.42857142857143,28.57142857142857,nan,False,-5.357142857142861,adult,66.07142857142857,33.92857142857143,nan,True,ran,17,False
distortion_matched_clipped,count_sketch,83.92857142857143,16.07142857142857,nan,False,-8.92857142857143,adult,75.0,25.0,nan,True,ran,18,False
distortion_matched_clipped,count_sketch,94.64285714285714,5.357142857142861,nan,False,-33.928571428571416,adult,60.71428571428572,39.28571428571428,nan,True,ran,19,False
distortion_matched_clipped,count_sketch,90.17857142857143,9.82142857142857,nan,False,-22.32142857142857,adult,67.85714285714286,32.14285714285714,nan,True,ran,20,False
distortion_matched_clipped,count_sketch,85.71428571428572,14.285714285714278,nan,False,-19.642857142857153,adult,66.07142857142857,33.92857142857143,nan,True,ran,21,False
distortion_matched_clipped,count_sketch,85.71428571428572,14.285714285714278,nan,False,-14.285714285714292,adult,71.42857142857143,28.57142857142857,nan,True,ran,22,False
distortion_matched_clipped,count_sketch,85.71428571428572,14.285714285714278,nan,False,-22.321428571428584,adult,63.39285714285714,36.60714285714286,nan,True,ran,23,False
distortion_matched_clipped,count_sketch,86.60714285714286,13.392857142857139,nan,False,-25.0,adult,61.60714285714286,38.39285714285714,nan,True,ran,24,False
distortion_matched_clipped,count_sketch,88.39285714285714,11.607142857142861,nan,False,-21.428571428571416,adult,66.96428571428572,33.03571428571428,nan,True,ran,25,False
distortion_matched_clipped,count_sketch,92.85714285714286,7.142857142857139,nan,False,-31.25,adult,61.60714285714286,38.39285714285714,nan,True,ran,26,False
distortion_matched_clipped,count_sketch,91.96428571428572,8.035714285714278,nan,False,-25.892857142857153,adult,66.07142857142857,33.92857142857143,nan,True,ran,27,False
distortion_matched_clipped,count_sketch,92.85714285714286,7.142857142857139,nan,False,-31.25,adult,61.60714285714286,38.39285714285714,nan,True,ran,28,False
distortion_matched_clipped,count_sketch,97.32142857142857,2.6785714285714306,nan,False,-31.25,adult,66.07142857142857,33.92857142857143,nan,True,ran,29,False
distortion_matched_clipped,count_sketch,100.0,0.0,nan,False,-33.92857142857143,adult,66.07142857142857,33.92857142857143,nan,True,ran,30,False
distortion_matched_clipped,count_sketch,83.92857142857143,16.07142857142857,nan,False,-18.75,adult,65.17857142857143,34.82142857142857,nan,True,ran,31,False
distortion_matched_clipped,count_sketch,92.85714285714286,7.142857142857139,nan,False,-29.464285714285722,adult,63.39285714285714,36.60714285714286,nan,True,ran,32,False
distortion_matched_clipped,count_sketch,87.5,12.5,nan,False,-24.10714285714286,adult,63.39285714285714,36.60714285714286,nan,True,ran,33,False
distortion_matched_clipped,count_sketch,90.17857142857143,9.82142857142857,nan,False,-25.892857142857153,adult,64.28571428571428,35.71428571428572,nan,True,ran,34,False
distortion_matched_clipped,count_sketch,92.85714285714286,7.142857142857139,nan,False,-31.25,adult,61.60714285714286,38.39285714285714,nan,True,ran,35,False
distortion_matched_clipped,count_sketch,85.71428571428572,14.285714285714278,nan,False,-21.42857142857143,adult,64.28571428571429,35.71428571428571,nan,True,ran,36,False
distortion_matched_clipped,count_sketch,90.17857142857143,9.82142857142857,nan,False,-26.785714285714292,adult,63.39285714285714,36.60714285714286,nan,True,ran,37,False
distortion_matched_clipped,count_sketch,83.03571428571429,16.964285714285708,nan,False,-12.500000000000014,adult,70.53571428571428,29.464285714285722,nan,True,ran,38,False
distortion_matched_clipped,dna_v1_conservative,96.42857142857143,3.5714285714285694,nan,True,3.5714285714285694,adult,100.0,0.0,nan,False,ran,0,False
distortion_matched_clipped,dna_v1_conservative,68.75,31.25,nan,False,-2.6785714285714164,adult,66.07142857142858,33.928571428571416,nan,True,ran,1,False
distortion_matched_clipped,dna_v1_conservative,91.07142857142857,8.92857142857143,nan,True,8.92857142857143,adult,100.0,0.0,nan,False,ran,2,False
distortion_matched_clipped,dna_v1_conservative,69.64285714285714,30.35714285714286,nan,False,-2.6785714285714164,adult,66.96428571428572,33.03571428571428,nan,True,ran,3,False
distortion_matched_clipped,dna_v1_conservative,93.75,6.25,nan,True,6.25,adult,100.0,0.0,nan,False,ran,4,False
distortion_matched_clipped,dna_v1_conservative,98.21428571428571,1.7857142857142918,nan,False,0.0,adult,98.21428571428571,1.7857142857142918,nan,False,ran,5,True
distortion_matched_clipped,dna_v1_conservative,96.42857142857143,3.5714285714285694,nan,True,3.5714285714285694,adult,100.0,0.0,nan,False,ran,6,False
distortion_matched_clipped,dna_v1_conservative,93.75,6.25,nan,True,4.464285714285708,adult,98.21428571428571,1.7857142857142918,nan,False,ran,7,False
distortion_matched_clipped,dna_v1_conservative,100.0,0.0,nan,False,-2.6785714285714306,adult,97.32142857142857,2.6785714285714306,nan,True,ran,8,False
distortion_matched_clipped,dna_v1_conservative,100.0,0.0,nan,False,0.0,adult,100.0,0.0,nan,False,ran,9,True
distortion_matched_clipped,dna_v1_conservative,93.75,6.25,nan,True,1.7857142857142918,adult,95.53571428571429,4.464285714285708,nan,False,ran,10,False
distortion_matched_clipped,dna_v1_conservative,94.64285714285714,5.357142857142861,nan,True,5.357142857142861,adult,100.0,0.0,nan,False,ran,11,False
distortion_matched_clipped,dna_v1_conservative,94.64285714285714,5.357142857142861,nan,True,5.357142857142861,adult,100.0,0.0,nan,False,ran,12,False
distortion_matched_clipped,dna_v1_conservative,70.53571428571428,29.464285714285722,nan,True,10.714285714285722,adult,81.25,18.75,nan,False,ran,13,False
distortion_matched_clipped,dna_v1_conservative,98.21428571428571,1.7857142857142918,nan,True,0.892857142857153,adult,99.10714285714286,0.8928571428571388,nan,False,ran,14,False
distortion_matched_clipped,dna_v1_conservative,71.42857142857143,28.57142857142857,nan,False,0.0,adult,71.42857142857143,28.57142857142857,nan,False,ran,15,True
distortion_matched_clipped,dna_v1_conservative,90.17857142857143,9.82142857142857,nan,False,0.0,adult,90.17857142857143,9.82142857142857,nan,False,ran,16,True
distortion_matched_clipped,dna_v1_conservative,84.82142857142857,15.17857142857143,nan,False,-0.8928571428571388,adult,83.92857142857143,16.07142857142857,nan,True,ran,17,False
distortion_matched_clipped,dna_v1_conservative,95.53571428571429,4.464285714285708,nan,True,4.464285714285708,adult,100.0,0.0,nan,False,ran,18,False
distortion_matched_clipped,dna_v1_conservative,98.21428571428571,1.7857142857142918,nan,True,1.7857142857142918,adult,100.0,0.0,nan,False,ran,19,False
distortion_matched_clipped,dna_v1_conservative,93.75,6.25,nan,True,4.464285714285708,adult,98.21428571428571,1.7857142857142918,nan,False,ran,20,False
distortion_matched_clipped,dna_v1_conservative,98.21428571428571,1.7857142857142918,nan,False,-10.714285714285708,adult,87.5,12.5,nan,True,ran,21,False
distortion_matched_clipped,dna_v1_conservative,92.85714285714286,7.142857142857139,nan,True,3.5714285714285694,adult,96.42857142857143,3.5714285714285694,nan,False,ran,22,False
distortion_matched_clipped,dna_v1_conservative,94.64285714285714,5.357142857142861,nan,True,2.6785714285714306,adult,97.32142857142857,2.6785714285714306,nan,False,ran,23,False
distortion_matched_clipped,dna_v1_conservative,95.53571428571429,4.464285714285708,nan,True,3.5714285714285694,adult,99.10714285714286,0.8928571428571388,nan,False,ran,24,False
distortion_matched_clipped,dna_v1_conservative,96.42857142857143,3.5714285714285694,nan,True,3.5714285714285694,adult,100.0,0.0,nan,False,ran,25,False
distortion_matched_clipped,dna_v1_conservative,100.0,0.0,nan,False,0.0,adult,100.0,0.0,nan,False,ran,26,True
distortion_matched_clipped,dna_v1_conservative,92.85714285714286,7.142857142857139,nan,True,6.25,adult,99.10714285714286,0.8928571428571388,nan,False,ran,27,False
distortion_matched_clipped,dna_v1_conservative,98.21428571428571,1.7857142857142918,nan,True,0.892857142857153,adult,99.10714285714286,0.8928571428571388,nan,False,ran,28,False
distortion_matched_clipped,dna_v1_conservative,100.0,0.0,nan,False,-0.8928571428571388,adult,99.10714285714286,0.8928571428571388,nan,True,ran,29,False
distortion_matched_clipped,dna_v1_conservative,99.10714285714286,0.8928571428571388,nan,True,0.8928571428571388,adult,100.0,0.0,nan,False,ran,30,False
distortion_matched_clipped,dna_v1_conservative,99.10714285714286,0.8928571428571388,nan,True,0.8928571428571388,adult,100.0,0.0,nan,False,ran,31,False
distortion_matched_clipped,dna_v1_conservative,100.0,0.0,nan,False,0.0,adult,100.0,0.0,nan,False,ran,32,True
distortion_matched_clipped,dna_v1_conservative,91.07142857142857,8.92857142857143,nan,True,8.92857142857143,adult,100.0,0.0,nan,False,ran,33,False
distortion_matched_clipped,dna_v1_conservative,97.32142857142857,2.6785714285714306,nan,True,2.6785714285714306,adult,100.0,0.0,nan,False,ran,34,False
distortion_matched_clipped,dna_v1_conservative,97.32142857142857,2.6785714285714306,nan,True,1.7857142857142918,adult,99.10714285714286,0.8928571428571388,nan,False,ran,35,False
distortion_matched_clipped,dna_v1_conservative,98.21428571428571,1.7857142857142918,nan,True,1.7857142857142918,adult,100.0,0.0,nan,False,ran,36,False
distortion_matched_clipped,dna_v1_conservative,94.64285714285714,5.357142857142861,nan,False,-4.464285714285708,adult,90.17857142857143,9.82142857142857,nan,True,ran,37,False
distortion_matched_clipped,dna_v1_conservative,91.07142857142857,8.92857142857143,nan,True,4.464285714285722,adult,95.53571428571429,4.464285714285708,nan,False,ran,38,False
distortion_matched_clipped,dna_v2_0p95,100.0,0.0,nan,False,-0.8928571428571388,adult,99.10714285714286,0.8928571428571388,nan,True,ran,0,False
distortion_matched_clipped,dna_v2_0p95,66.96428571428572,33.03571428571428,nan,True,5.357142857142861,adult,72.32142857142858,27.678571428571416,nan,False,ran,1,False
distortion_matched_clipped,dna_v2_0p95,100.0,0.0,nan,False,-8.92857142857143,adult,91.07142857142857,8.92857142857143,nan,True,ran,2,False
distortion_matched_clipped,dna_v2_0p95,68.75,31.25,nan,False,-1.7857142857142776,adult,66.96428571428572,33.03571428571428,nan,True,ran,3,False
distortion_matched_clipped,dna_v2_0p95,100.0,0.0,nan,False,-3.5714285714285694,adult,96.42857142857143,3.5714285714285694,nan,True,ran,4,False
distortion_matched_clipped,dna_v2_0p95,100.0,0.0,nan,False,-2.6785714285714306,adult,97.32142857142857,2.6785714285714306,nan,True,ran,5,False
distortion_matched_clipped,dna_v2_0p95,100.0,0.0,nan,False,-0.8928571428571388,adult,99.10714285714286,0.8928571428571388,nan,True,ran,6,False
distortion_matched_clipped,dna_v2_0p95,100.0,0.0,nan,False,-0.8928571428571388,adult,99.10714285714286,0.8928571428571388,nan,True,ran,7,False
distortion_matched_clipped,dna_v2_0p95,95.53571428571429,4.464285714285708,nan,True,3.5714285714285694,adult,99.10714285714286,0.8928571428571388,nan,False,ran,8,False
distortion_matched_clipped,dna_v2_0p95,100.0,0.0,nan,False,0.0,adult,100.0,0.0,nan,False,ran,9,True
distortion_matched_clipped,dna_v2_0p95,94.64285714285714,5.357142857142861,nan,False,-0.8928571428571388,adult,93.75,6.25,nan,True,ran,10,False
distortion_matched_clipped,dna_v2_0p95,94.64285714285714,5.357142857142861,nan,False,0.0,adult,94.64285714285714,5.357142857142861,nan,False,ran,11,True
distortion_matched_clipped,dna_v2_0p95,100.0,0.0,nan,False,0.0,adult,100.0,0.0,nan,False,ran,12,True
distortion_matched_clipped,dna_v2_0p95,86.60714285714286,13.392857142857139,nan,True,3.5714285714285694,adult,90.17857142857143,9.82142857142857,nan,False,ran,13,False
distortion_matched_clipped,dna_v2_0p95,100.0,0.0,nan,False,0.0,adult,100.0,0.0,nan,False,ran,14,True
distortion_matched_clipped,dna_v2_0p95,71.42857142857143,28.57142857142857,nan,False,-4.464285714285708,adult,66.96428571428572,33.03571428571428,nan,True,ran,15,False
distortion_matched_clipped,dna_v2_0p95,91.07142857142857,8.92857142857143,nan,False,-1.7857142857142776,adult,89.28571428571429,10.714285714285708,nan,True,ran,16,False
distortion_matched_clipped,dna_v2_0p95,83.92857142857143,16.07142857142857,nan,True,2.6785714285714306,adult,86.60714285714286,13.392857142857139,nan,False,ran,17,False
distortion_matched_clipped,dna_v2_0p95,97.32142857142857,2.6785714285714306,nan,True,1.7857142857142918,adult,99.10714285714286,0.8928571428571388,nan,False,ran,18,False
distortion_matched_clipped,dna_v2_0p95,100.0,0.0,nan,False,-0.8928571428571388,adult,99.10714285714286,0.8928571428571388,nan,True,ran,19,False
distortion_matched_clipped,dna_v2_0p95,100.0,0.0,nan,False,0.0,adult,100.0,0.0,nan,False,ran,20,True
distortion_matched_clipped,dna_v2_0p95,100.0,0.0,nan,False,0.0,adult,100.0,0.0,nan,False,ran,21,True
distortion_matched_clipped,dna_v2_0p95,100.0,0.0,nan,False,-3.5714285714285694,adult,96.42857142857143,3.5714285714285694,nan,True,ran,22,False
distortion_matched_clipped,dna_v2_0p95,90.17857142857143,9.82142857142857,nan,True,4.464285714285708,adult,94.64285714285714,5.357142857142861,nan,False,ran,23,False
distortion_matched_clipped,dna_v2_0p95,99.10714285714286,0.8928571428571388,nan,True,0.8928571428571388,adult,100.0,0.0,nan,False,ran,24,False
distortion_matched_clipped,dna_v2_0p95,100.0,0.0,nan,False,-1.7857142857142918,adult,98.21428571428571,1.7857142857142918,nan,True,ran,25,False
distortion_matched_clipped,dna_v2_0p95,100.0,0.0,nan,False,0.0,adult,100.0,0.0,nan,False,ran,26,True
distortion_matched_clipped,dna_v2_0p95,96.42857142857143,3.5714285714285694,nan,True,3.5714285714285694,adult,100.0,0.0,nan,False,ran,27,False
distortion_matched_clipped,dna_v2_0p95,100.0,0.0,nan,False,0.0,adult,100.0,0.0,nan,False,ran,28,True
distortion_matched_clipped,dna_v2_0p95,100.0,0.0,nan,False,-0.8928571428571388,adult,99.10714285714286,0.8928571428571388,nan,True,ran,29,False
distortion_matched_clipped,dna_v2_0p95,100.0,0.0,nan,False,0.0,adult,100.0,0.0,nan,False,ran,30,True
distortion_matched_clipped,dna_v2_0p95,100.0,0.0,nan,False,-0.8928571428571388,adult,99.10714285714286,0.8928571428571388,nan,True,ran,31,False
distortion_matched_clipped,dna_v2_0p95,100.0,0.0,nan,False,-2.6785714285714306,adult,97.32142857142857,2.6785714285714306,nan,True,ran,32,False
distortion_matched_clipped,dna_v2_0p95,99.10714285714286,0.8928571428571388,nan,False,-0.892857142857153,adult,98.21428571428571,1.7857142857142918,nan,True,ran,33,False
distortion_matched_clipped,dna_v2_0p95,100.0,0.0,nan,False,-3.5714285714285694,adult,96.42857142857143,3.5714285714285694,nan,True,ran,34,False
distortion_matched_clipped,dna_v2_0p95,100.0,0.0,nan,False,0.0,adult,100.0,0.0,nan,False,ran,35,True
distortion_matched_clipped,dna_v2_0p95,100.0,0.0,nan,False,-0.8928571428571388,adult,99.10714285714286,0.8928571428571388,nan,True,ran,36,False
distortion_matched_clipped,dna_v2_0p95,100.0,0.0,nan,False,-3.5714285714285694,adult,96.42857142857143,3.5714285714285694,nan,True,ran,37,False
distortion_matched_clipped,dna_v2_0p95,99.10714285714286,0.8928571428571388,nan,False,-0.892857142857153,adult,98.21428571428571,1.7857142857142918,nan,True,ran,38,False
distortion_matched_clipped,gradient_pruning,100.0,0.0,nan,False,-6.25,adult,93.75,6.25,nan,True,ran,0,False
distortion_matched_clipped,gradient_pruning,70.53571428571429,29.464285714285708,nan,True,1.7857142857142776,adult,72.32142857142857,27.67857142857143,nan,False,ran,1,False
distortion_matched_clipped,gradient_pruning,87.5,12.5,nan,False,-4.464285714285708,adult,83.03571428571429,16.964285714285708,nan,True,ran,2,False
distortion_matched_clipped,gradient_pruning,72.32142857142858,27.678571428571416,nan,False,-5.357142857142861,adult,66.96428571428572,33.03571428571428,nan,True,ran,3,False
distortion_matched_clipped,gradient_pruning,98.21428571428571,1.7857142857142918,nan,False,-2.6785714285714164,adult,95.53571428571429,4.464285714285708,nan,True,ran,4,False
distortion_matched_clipped,gradient_pruning,96.42857142857143,3.5714285714285694,nan,False,-3.5714285714285694,adult,92.85714285714286,7.142857142857139,nan,True,ran,5,False
distortion_matched_clipped,gradient_pruning,100.0,0.0,nan,False,-14.285714285714278,adult,85.71428571428572,14.285714285714278,nan,True,ran,6,False
distortion_matched_clipped,gradient_pruning,93.75,6.25,nan,False,-7.142857142857139,adult,86.60714285714286,13.392857142857139,nan,True,ran,7,False
distortion_matched_clipped,gradient_pruning,99.10714285714286,0.8928571428571388,nan,False,-5.357142857142861,adult,93.75,6.25,nan,True,ran,8,False
distortion_matched_clipped,gradient_pruning,100.0,0.0,nan,False,-9.82142857142857,adult,90.17857142857143,9.82142857142857,nan,True,ran,9,False
distortion_matched_clipped,gradient_pruning,91.07142857142857,8.92857142857143,nan,False,-6.25,adult,84.82142857142857,15.17857142857143,nan,True,ran,10,False
distortion_matched_clipped,gradient_pruning,98.21428571428571,1.7857142857142918,nan,False,-12.499999999999986,adult,85.71428571428572,14.285714285714278,nan,True,ran,11,False
distortion_matched_clipped,gradient_pruning,98.21428571428571,1.7857142857142918,nan,False,-2.6785714285714164,adult,95.53571428571429,4.464285714285708,nan,True,ran,12,False
distortion_matched_clipped,gradient_pruning,72.32142857142858,27.678571428571416,nan,True,16.071428571428555,adult,88.39285714285714,11.607142857142861,nan,False,ran,13,False
distortion_matched_clipped,gradient_pruning,100.0,0.0,nan,False,-8.92857142857143,adult,91.07142857142857,8.92857142857143,nan,True,ran,14,False
distortion_matched_clipped,gradient_pruning,75.0,25.0,nan,False,-7.142857142857139,adult,67.85714285714286,32.14285714285714,nan,True,ran,15,False
distortion_matched_clipped,gradient_pruning,92.85714285714286,7.142857142857139,nan,False,-7.142857142857139,adult,85.71428571428572,14.285714285714278,nan,True,ran,16,False
distortion_matched_clipped,gradient_pruning,83.03571428571428,16.964285714285722,nan,False,-1.7857142857142776,adult,81.25,18.75,nan,True,ran,17,False
distortion_matched_clipped,gradient_pruning,99.10714285714286,0.8928571428571388,nan,False,-3.5714285714285694,adult,95.53571428571429,4.464285714285708,nan,True,ran,18,False
distortion_matched_clipped,gradient_pruning,93.75,6.25,nan,False,-8.035714285714278,adult,85.71428571428572,14.285714285714278,nan,True,ran,19,False
distortion_matched_clipped,gradient_pruning,91.07142857142857,8.92857142857143,nan,False,-5.357142857142847,adult,85.71428571428572,14.285714285714278,nan,True,ran,20,False
distortion_matched_clipped,gradient_pruning,100.0,0.0,nan,False,-5.357142857142861,adult,94.64285714285714,5.357142857142861,nan,True,ran,21,False
distortion_matched_clipped,gradient_pruning,98.21428571428571,1.7857142857142918,nan,False,-1.7857142857142776,adult,96.42857142857143,3.5714285714285694,nan,True,ran,22,False
distortion_matched_clipped,gradient_pruning,90.17857142857143,9.82142857142857,nan,True,0.8928571428571388,adult,91.07142857142857,8.92857142857143,nan,False,ran,23,False
distortion_matched_clipped,gradient_pruning,99.10714285714286,0.8928571428571388,nan,False,-11.607142857142861,adult,87.5,12.5,nan,True,ran,24,False
distortion_matched_clipped,gradient_pruning,100.0,0.0,nan,False,-8.035714285714278,adult,91.96428571428572,8.035714285714278,nan,True,ran,25,False
distortion_matched_clipped,gradient_pruning,100.0,0.0,nan,False,-9.82142857142857,adult,90.17857142857143,9.82142857142857,nan,True,ran,26,False
distortion_matched_clipped,gradient_pruning,99.10714285714286,0.8928571428571388,nan,False,-4.464285714285722,adult,94.64285714285714,5.357142857142861,nan,True,ran,27,False
distortion_matched_clipped,gradient_pruning,97.32142857142857,2.6785714285714306,nan,False,-1.7857142857142776,adult,95.53571428571429,4.464285714285708,nan,True,ran,28,False
distortion_matched_clipped,gradient_pruning,100.0,0.0,nan,False,-3.5714285714285694,adult,96.42857142857143,3.5714285714285694,nan,True,ran,29,False
distortion_matched_clipped,gradient_pruning,100.0,0.0,nan,False,-8.92857142857143,adult,91.07142857142857,8.92857142857143,nan,True,ran,30,False
distortion_matched_clipped,gradient_pruning,95.53571428571429,4.464285714285708,nan,False,-3.5714285714285694,adult,91.96428571428572,8.035714285714278,nan,True,ran,31,False
distortion_matched_clipped,gradient_pruning,100.0,0.0,nan,False,-9.82142857142857,adult,90.17857142857143,9.82142857142857,nan,True,ran,32,False
distortion_matched_clipped,gradient_pruning,81.25,18.75,nan,False,-1.7857142857142776,adult,79.46428571428572,20.535714285714278,nan,True,ran,33,False
distortion_matched_clipped,gradient_pruning,98.21428571428571,1.7857142857142918,nan,False,-2.6785714285714164,adult,95.53571428571429,4.464285714285708,nan,True,ran,34,False
distortion_matched_clipped,gradient_pruning,93.75,6.25,nan,True,4.464285714285708,adult,98.21428571428571,1.7857142857142918,nan,False,ran,35,False
distortion_matched_clipped,gradient_pruning,97.32142857142857,2.6785714285714306,nan,False,-3.5714285714285694,adult,93.75,6.25,nan,True,ran,36,False
distortion_matched_clipped,gradient_pruning,100.0,0.0,nan,False,-8.92857142857143,adult,91.07142857142857,8.92857142857143,nan,True,ran,37,False
distortion_matched_clipped,gradient_pruning,98.21428571428571,1.7857142857142918,nan,False,-8.928571428571416,adult,89.28571428571429,10.714285714285708,nan,True,ran,38,False
distortion_matched_clipped,precode,22.32142857142857,77.67857142857143,nan,True,77.67857142857143,adult,100.0,0.0,nan,False,ran,0,False
distortion_matched_clipped,precode,25.0,75.0,nan,True,47.32142857142857,adult,72.32142857142857,27.67857142857143,nan,False,ran,1,False
distortion_matched_clipped,precode,22.32142857142858,77.67857142857142,nan,True,77.67857142857142,adult,100.0,0.0,nan,False,ran,2,False
distortion_matched_clipped,precode,25.89285714285714,74.10714285714286,nan,True,35.71428571428572,adult,61.60714285714286,38.39285714285714,nan,False,ran,3,False
distortion_matched_clipped,precode,31.25,68.75,nan,True,68.75,adult,100.0,0.0,nan,False,ran,4,False
distortion_matched_clipped,precode,20.535714285714292,79.46428571428571,nan,True,79.46428571428571,adult,100.0,0.0,nan,False,ran,5,False
distortion_matched_clipped,precode,36.60714285714286,63.39285714285714,nan,True,63.39285714285714,adult,100.0,0.0,nan,False,ran,6,False
distortion_matched_clipped,precode,24.10714285714286,75.89285714285714,nan,True,75.89285714285714,adult,100.0,0.0,nan,False,ran,7,False
distortion_matched_clipped,precode,22.32142857142858,77.67857142857142,nan,True,73.21428571428571,adult,95.53571428571429,4.464285714285708,nan,False,ran,8,False
distortion_matched_clipped,precode,20.535714285714292,79.46428571428571,nan,True,79.46428571428571,adult,100.0,0.0,nan,False,ran,9,False
distortion_matched_clipped,precode,32.14285714285714,67.85714285714286,nan,True,62.5,adult,94.64285714285714,5.357142857142861,nan,False,ran,10,False
distortion_matched_clipped,precode,20.535714285714292,79.46428571428571,nan,True,75.0,adult,95.53571428571429,4.464285714285708,nan,False,ran,11,False
distortion_matched_clipped,precode,28.57142857142857,71.42857142857143,nan,True,71.42857142857143,adult,100.0,0.0,nan,False,ran,12,False
distortion_matched_clipped,precode,24.10714285714286,75.89285714285714,nan,True,60.71428571428571,adult,84.82142857142857,15.17857142857143,nan,False,ran,13,False
distortion_matched_clipped,precode,20.535714285714292,79.46428571428571,nan,True,79.46428571428571,adult,100.0,0.0,nan,False,ran,14,False
distortion_matched_clipped,precode,14.28571428571429,85.71428571428571,nan,True,55.35714285714285,adult,69.64285714285714,30.35714285714286,nan,False,ran,15,False
distortion_matched_clipped,precode,24.10714285714286,75.89285714285714,nan,True,66.96428571428571,adult,91.07142857142857,8.92857142857143,nan,False,ran,16,False
distortion_matched_clipped,precode,20.535714285714278,79.46428571428572,nan,True,65.17857142857144,adult,85.71428571428572,14.285714285714278,nan,False,ran,17,False
distortion_matched_clipped,precode,14.28571428571429,85.71428571428571,nan,True,85.71428571428571,adult,100.0,0.0,nan,False,ran,18,False
distortion_matched_clipped,precode,22.32142857142857,77.67857142857143,nan,True,77.67857142857143,adult,100.0,0.0,nan,False,ran,19,False
distortion_matched_clipped,precode,24.10714285714285,75.89285714285715,nan,True,75.89285714285715,adult,100.0,0.0,nan,False,ran,20,False
distortion_matched_clipped,precode,30.35714285714286,69.64285714285714,nan,True,58.928571428571416,adult,89.28571428571428,10.714285714285722,nan,False,ran,21,False
distortion_matched_clipped,precode,30.35714285714286,69.64285714285714,nan,True,67.85714285714285,adult,98.21428571428571,1.7857142857142918,nan,False,ran,22,False
distortion_matched_clipped,precode,23.214285714285722,76.78571428571428,nan,True,74.10714285714285,adult,97.32142857142857,2.6785714285714306,nan,False,ran,23,False
distortion_matched_clipped,precode,22.32142857142858,77.67857142857142,nan,True,76.78571428571428,adult,99.10714285714286,0.8928571428571388,nan,False,ran,24,False
distortion_matched_clipped,precode,25.89285714285714,74.10714285714286,nan,True,74.10714285714286,adult,100.0,0.0,nan,False,ran,25,False
distortion_matched_clipped,precode,18.75,81.25,nan,True,81.25,adult,100.0,0.0,nan,False,ran,26,False
distortion_matched_clipped,precode,32.14285714285714,67.85714285714286,nan,True,66.96428571428572,adult,99.10714285714286,0.8928571428571388,nan,False,ran,27,False
distortion_matched_clipped,precode,35.71428571428571,64.28571428571429,nan,True,64.28571428571429,adult,100.0,0.0,nan,False,ran,28,False
distortion_matched_clipped,precode,26.785714285714278,73.21428571428572,nan,True,73.21428571428572,adult,100.0,0.0,nan,False,ran,29,False
distortion_matched_clipped,precode,23.214285714285708,76.78571428571429,nan,True,76.78571428571429,adult,100.0,0.0,nan,False,ran,30,False
distortion_matched_clipped,precode,15.17857142857143,84.82142857142857,nan,True,84.82142857142857,adult,100.0,0.0,nan,False,ran,31,False
distortion_matched_clipped,precode,11.607142857142861,88.39285714285714,nan,True,88.39285714285714,adult,100.0,0.0,nan,False,ran,32,False
distortion_matched_clipped,precode,20.535714285714278,79.46428571428572,nan,True,79.46428571428572,adult,100.0,0.0,nan,False,ran,33,False
distortion_matched_clipped,precode,25.89285714285714,74.10714285714286,nan,True,74.10714285714286,adult,100.0,0.0,nan,False,ran,34,False
distortion_matched_clipped,precode,20.535714285714278,79.46428571428572,nan,True,79.46428571428572,adult,100.0,0.0,nan,False,ran,35,False
distortion_matched_clipped,precode,16.964285714285722,83.03571428571428,nan,True,82.14285714285714,adult,99.10714285714286,0.8928571428571388,nan,False,ran,36,False
distortion_matched_clipped,precode,28.57142857142858,71.42857142857142,nan,True,67.85714285714285,adult,96.42857142857143,3.5714285714285694,nan,False,ran,37,False
distortion_matched_clipped,precode,18.75,81.25,nan,True,80.35714285714286,adult,99.10714285714286,0.8928571428571388,nan,False,ran,38,False
distortion_matched_clipped,soteria,100.0,0.0,nan,False,0.0,adult,100.0,0.0,nan,False,ran,0,True
distortion_matched_clipped,soteria,76.78571428571428,23.214285714285722,nan,True,3.5714285714285836,adult,80.35714285714286,19.64285714285714,nan,False,ran,1,False
distortion_matched_clipped,soteria,96.42857142857143,3.5714285714285694,nan,True,2.6785714285714306,adult,99.10714285714286,0.8928571428571388,nan,False,ran,2,False
distortion_matched_clipped,soteria,60.71428571428571,39.28571428571429,nan,True,6.250000000000014,adult,66.96428571428572,33.03571428571428,nan,False,ran,3,False
distortion_matched_clipped,soteria,100.0,0.0,nan,False,0.0,adult,100.0,0.0,nan,False,ran,4,True
distortion_matched_clipped,soteria,100.0,0.0,nan,False,0.0,adult,100.0,0.0,nan,False,ran,5,True
distortion_matched_clipped,soteria,100.0,0.0,nan,False,0.0,adult,100.0,0.0,nan,False,ran,6,True
distortion_matched_clipped,soteria,94.64285714285714,5.357142857142861,nan,False,-3.5714285714285694,adult,91.07142857142857,8.92857142857143,nan,True,ran,7,False
distortion_matched_clipped,soteria,100.0,0.0,nan,False,0.0,adult,100.0,0.0,nan,False,ran,8,True
distortion_matched_clipped,soteria,100.0,0.0,nan,False,0.0,adult,100.0,0.0,nan,False,ran,9,True
distortion_matched_clipped,soteria,98.21428571428571,1.7857142857142918,nan,False,-15.17857142857143,adult,83.03571428571428,16.964285714285722,nan,True,ran,10,False
distortion_matched_clipped,soteria,94.64285714285714,5.357142857142861,nan,True,1.7857142857142918,adult,96.42857142857143,3.5714285714285694,nan,False,ran,11,False
distortion_matched_clipped,soteria,100.0,0.0,nan,False,-2.6785714285714306,adult,97.32142857142857,2.6785714285714306,nan,True,ran,12,False
distortion_matched_clipped,soteria,91.07142857142857,8.92857142857143,nan,False,-6.25,adult,84.82142857142857,15.17857142857143,nan,True,ran,13,False
distortion_matched_clipped,soteria,100.0,0.0,nan,False,0.0,adult,100.0,0.0,nan,False,ran,14,True
distortion_matched_clipped,soteria,69.64285714285714,30.35714285714286,nan,False,-0.8928571428571388,adult,68.75,31.25,nan,True,ran,15,False
distortion_matched_clipped,soteria,98.21428571428571,1.7857142857142918,nan,False,-7.142857142857139,adult,91.07142857142857,8.92857142857143,nan,True,ran,16,False
distortion_matched_clipped,soteria,91.07142857142857,8.92857142857143,nan,False,-5.357142857142847,adult,85.71428571428572,14.285714285714278,nan,True,ran,17,False
distortion_matched_clipped,soteria,100.0,0.0,nan,False,0.0,adult,100.0,0.0,nan,False,ran,18,True
distortion_matched_clipped,soteria,100.0,0.0,nan,False,0.0,adult,100.0,0.0,nan,False,ran,19,True
distortion_matched_clipped,soteria,100.0,0.0,nan,False,-1.7857142857142918,adult,98.21428571428571,1.7857142857142918,nan,True,ran,20,False
distortion_matched_clipped,soteria,100.0,0.0,nan,False,0.0,adult,100.0,0.0,nan,False,ran,21,True
distortion_matched_clipped,soteria,100.0,0.0,nan,False,-4.464285714285708,adult,95.53571428571429,4.464285714285708,nan,True,ran,22,False
distortion_matched_clipped,soteria,94.64285714285714,5.357142857142861,nan,True,2.6785714285714306,adult,97.32142857142857,2.6785714285714306,nan,False,ran,23,False
distortion_matched_clipped,soteria,100.0,0.0,nan,False,-0.8928571428571388,adult,99.10714285714286,0.8928571428571388,nan,True,ran,24,False
distortion_matched_clipped,soteria,100.0,0.0,nan,False,0.0,adult,100.0,0.0,nan,False,ran,25,True
distortion_matched_clipped,soteria,100.0,0.0,nan,False,0.0,adult,100.0,0.0,nan,False,ran,26,True
distortion_matched_clipped,soteria,100.0,0.0,nan,False,0.0,adult,100.0,0.0,nan,False,ran,27,True
distortion_matched_clipped,soteria,100.0,0.0,nan,False,0.0,adult,100.0,0.0,nan,False,ran,28,True
distortion_matched_clipped,soteria,100.0,0.0,nan,False,0.0,adult,100.0,0.0,nan,False,ran,29,True
distortion_matched_clipped,soteria,100.0,0.0,nan,False,0.0,adult,100.0,0.0,nan,False,ran,30,True
distortion_matched_clipped,soteria,100.0,0.0,nan,False,0.0,adult,100.0,0.0,nan,False,ran,31,True
distortion_matched_clipped,soteria,100.0,0.0,nan,False,0.0,adult,100.0,0.0,nan,False,ran,32,True
distortion_matched_clipped,soteria,88.39285714285714,11.607142857142861,nan,True,11.607142857142861,adult,100.0,0.0,nan,False,ran,33,False
distortion_matched_clipped,soteria,100.0,0.0,nan,False,0.0,adult,100.0,0.0,nan,False,ran,34,True
distortion_matched_clipped,soteria,100.0,0.0,nan,False,0.0,adult,100.0,0.0,nan,False,ran,35,True
distortion_matched_clipped,soteria,99.10714285714286,0.8928571428571388,nan,False,0.0,adult,99.10714285714286,0.8928571428571388,nan,False,ran,36,True
distortion_matched_clipped,soteria,91.96428571428572,8.035714285714278,nan,True,4.464285714285708,adult,96.42857142857143,3.5714285714285694,nan,False,ran,37,False
distortion_matched_clipped,soteria,100.0,0.0,nan,False,-0.8928571428571388,adult,99.10714285714286,0.8928571428571388,nan,True,ran,38,False
paper_unclipped,gradient_pruning,100.0,0.0,nan,False,-55.35714285714286,adult,44.64285714285714,55.35714285714286,nan,True,ran,0,False
paper_unclipped,gradient_pruning,70.53571428571429,29.464285714285708,nan,False,-26.785714285714292,adult,43.75,56.25,nan,True,ran,1,False
paper_unclipped,gradient_pruning,87.5,12.5,nan,False,-41.96428571428572,adult,45.53571428571428,54.46428571428572,nan,True,ran,2,False
paper_unclipped,gradient_pruning,72.32142857142858,27.678571428571416,nan,False,-30.35714285714286,adult,41.96428571428572,58.03571428571428,nan,True,ran,3,False
paper_unclipped,gradient_pruning,98.21428571428571,1.7857142857142918,nan,False,-48.21428571428571,adult,50.0,50.0,nan,True,ran,4,False
paper_unclipped,gradient_pruning,96.42857142857143,3.5714285714285694,nan,False,-42.85714285714285,adult,53.571428571428584,46.428571428571416,nan,True,ran,5,False
paper_unclipped,gradient_pruning,100.0,0.0,nan,False,-41.96428571428571,adult,58.03571428571429,41.96428571428571,nan,True,ran,6,False
paper_unclipped,gradient_pruning,93.75,6.25,nan,False,-57.14285714285714,adult,36.60714285714286,63.39285714285714,nan,True,ran,7,False
paper_unclipped,gradient_pruning,99.10714285714286,0.8928571428571388,nan,False,-58.92857142857143,adult,40.17857142857143,59.82142857142857,nan,True,ran,8,False
paper_unclipped,gradient_pruning,100.0,0.0,nan,False,-51.78571428571429,adult,48.21428571428571,51.78571428571429,nan,True,ran,9,False
paper_unclipped,gradient_pruning,91.07142857142857,8.92857142857143,nan,False,-39.28571428571428,adult,51.78571428571429,48.21428571428571,nan,True,ran,10,False
paper_unclipped,gradient_pruning,98.21428571428571,1.7857142857142918,nan,False,-57.14285714285714,adult,41.07142857142857,58.92857142857143,nan,True,ran,11,False
paper_unclipped,gradient_pruning,98.21428571428571,1.7857142857142918,nan,False,-51.78571428571428,adult,46.42857142857143,53.57142857142857,nan,True,ran,12,False
paper_unclipped,gradient_pruning,72.32142857142858,27.678571428571416,nan,False,-30.357142857142875,adult,41.96428571428571,58.03571428571429,nan,True,ran,13,False
paper_unclipped,gradient_pruning,100.0,0.0,nan,False,-47.32142857142857,adult,52.67857142857143,47.32142857142857,nan,True,ran,14,False
paper_unclipped,gradient_pruning,75.0,25.0,nan,False,-26.785714285714292,adult,48.21428571428571,51.78571428571429,nan,True,ran,15,False
paper_unclipped,gradient_pruning,92.85714285714286,7.142857142857139,nan,False,-53.571428571428584,adult,39.28571428571428,60.71428571428572,nan,True,ran,16,False
paper_unclipped,gradient_pruning,83.03571428571428,16.964285714285722,nan,False,-35.714285714285694,adult,47.321428571428584,52.678571428571416,nan,True,ran,17,False
paper_unclipped,gradient_pruning,99.10714285714286,0.8928571428571388,nan,False,-54.46428571428571,adult,44.64285714285715,55.35714285714285,nan,True,ran,18,False
paper_unclipped,gradient_pruning,93.75,6.25,nan,False,-58.03571428571429,adult,35.71428571428571,64.28571428571429,nan,True,ran,19,False
paper_unclipped,gradient_pruning,91.07142857142857,8.92857142857143,nan,False,-41.96428571428571,adult,49.10714285714286,50.89285714285714,nan,True,ran,20,False
paper_unclipped,gradient_pruning,100.0,0.0,nan,False,-58.92857142857143,adult,41.07142857142857,58.92857142857143,nan,True,ran,21,False
paper_unclipped,gradient_pruning,98.21428571428571,1.7857142857142918,nan,False,-48.21428571428571,adult,50.0,50.0,nan,True,ran,22,False
paper_unclipped,gradient_pruning,90.17857142857143,9.82142857142857,nan,False,-49.10714285714286,adult,41.07142857142857,58.92857142857143,nan,True,ran,23,False
paper_unclipped,gradient_pruning,99.10714285714286,0.8928571428571388,nan,False,-51.78571428571429,adult,47.32142857142857,52.67857142857143,nan,True,ran,24,False
paper_unclipped,gradient_pruning,100.0,0.0,nan,False,-59.82142857142857,adult,40.17857142857143,59.82142857142857,nan,True,ran,25,False
paper_unclipped,gradient_pruning,100.0,0.0,nan,False,-50.89285714285714,adult,49.10714285714286,50.89285714285714,nan,True,ran,26,False
paper_unclipped,gradient_pruning,99.10714285714286,0.8928571428571388,nan,False,-48.21428571428572,adult,50.89285714285714,49.10714285714286,nan,True,ran,27,False
paper_unclipped,gradient_pruning,97.32142857142857,2.6785714285714306,nan,False,-46.42857142857143,adult,50.89285714285714,49.10714285714286,nan,True,ran,28,False
paper_unclipped,gradient_pruning,100.0,0.0,nan,False,-50.0,adult,50.0,50.0,nan,True,ran,29,False
paper_unclipped,gradient_pruning,100.0,0.0,nan,False,-58.03571428571428,adult,41.96428571428572,58.03571428571428,nan,True,ran,30,False
paper_unclipped,gradient_pruning,95.53571428571429,4.464285714285708,nan,False,-40.17857142857143,adult,55.35714285714286,44.64285714285714,nan,True,ran,31,False
paper_unclipped,gradient_pruning,100.0,0.0,nan,False,-59.821428571428584,adult,40.178571428571416,59.821428571428584,nan,True,ran,32,False
paper_unclipped,gradient_pruning,81.25,18.75,nan,False,-39.28571428571428,adult,41.96428571428572,58.03571428571428,nan,True,ran,33,False
paper_unclipped,gradient_pruning,98.21428571428571,1.7857142857142918,nan,False,-54.46428571428571,adult,43.75,56.25,nan,True,ran,34,False
paper_unclipped,gradient_pruning,93.75,6.25,nan,False,-54.46428571428572,adult,39.28571428571428,60.71428571428572,nan,True,ran,35,False
paper_unclipped,gradient_pruning,97.32142857142857,2.6785714285714306,nan,False,-42.85714285714285,adult,54.46428571428572,45.53571428571428,nan,True,ran,36,False
paper_unclipped,gradient_pruning,100.0,0.0,nan,False,-57.14285714285714,adult,42.85714285714286,57.14285714285714,nan,True,ran,37,False
paper_unclipped,gradient_pruning,98.21428571428571,1.7857142857142918,nan,False,-47.321428571428555,adult,50.89285714285715,49.10714285714285,nan,True,ran,38,False
paper_unclipped,precode,22.32142857142857,77.67857142857143,nan,True,54.46428571428571,adult,76.78571428571428,23.214285714285722,nan,False,ran,0,False
paper_unclipped,precode,25.0,75.0,nan,True,42.85714285714286,adult,67.85714285714286,32.14285714285714,nan,False,ran,1,False
paper_unclipped,precode,22.32142857142858,77.67857142857142,nan,True,48.21428571428571,adult,70.53571428571429,29.464285714285708,nan,False,ran,2,False
paper_unclipped,precode,25.89285714285714,74.10714285714286,nan,True,41.071428571428584,adult,66.96428571428572,33.03571428571428,nan,False,ran,3,False
paper_unclipped,precode,31.25,68.75,nan,True,50.0,adult,81.25,18.75,nan,False,ran,4,False
paper_unclipped,precode,20.535714285714292,79.46428571428571,nan,True,50.0,adult,70.53571428571429,29.464285714285708,nan,False,ran,5,False
paper_unclipped,precode,36.60714285714286,63.39285714285714,nan,True,35.71428571428572,adult,72.32142857142858,27.678571428571416,nan,False,ran,6,False
paper_unclipped,precode,24.10714285714286,75.89285714285714,nan,True,45.53571428571428,adult,69.64285714285714,30.35714285714286,nan,False,ran,7,False
paper_unclipped,precode,22.32142857142858,77.67857142857142,nan,True,49.999999999999986,adult,72.32142857142857,27.67857142857143,nan,False,ran,8,False
paper_unclipped,precode,20.535714285714292,79.46428571428571,nan,True,50.0,adult,70.53571428571429,29.464285714285708,nan,False,ran,9,False
paper_unclipped,precode,32.14285714285714,67.85714285714286,nan,True,41.96428571428572,adult,74.10714285714286,25.89285714285714,nan,False,ran,10,False
paper_unclipped,precode,20.535714285714292,79.46428571428571,nan,True,55.35714285714285,adult,75.89285714285714,24.10714285714286,nan,False,ran,11,False
paper_unclipped,precode,28.57142857142857,71.42857142857143,nan,True,54.46428571428572,adult,83.03571428571429,16.964285714285708,nan,False,ran,12,False
paper_unclipped,precode,24.10714285714286,75.89285714285714,nan,True,42.85714285714286,adult,66.96428571428572,33.03571428571428,nan,False,ran,13,False
paper_unclipped,precode,20.535714285714292,79.46428571428571,nan,True,53.57142857142857,adult,74.10714285714286,25.89285714285714,nan,False,ran,14,False
paper_unclipped,precode,14.28571428571429,85.71428571428571,nan,True,50.89285714285714,adult,65.17857142857143,34.82142857142857,nan,False,ran,15,False
paper_unclipped,precode,24.10714285714286,75.89285714285714,nan,True,56.25,adult,80.35714285714286,19.64285714285714,nan,False,ran,16,False
paper_unclipped,precode,20.535714285714278,79.46428571428572,nan,True,51.78571428571429,adult,72.32142857142857,27.67857142857143,nan,False,ran,17,False
paper_unclipped,precode,14.28571428571429,85.71428571428571,nan,True,63.39285714285714,adult,77.67857142857143,22.32142857142857,nan,False,ran,18,False
paper_unclipped,precode,22.32142857142857,77.67857142857143,nan,True,52.67857142857143,adult,75.0,25.0,nan,False,ran,19,False
paper_unclipped,precode,24.10714285714285,75.89285714285715,nan,True,49.107142857142875,adult,73.21428571428572,26.785714285714278,nan,False,ran,20,False
paper_unclipped,precode,30.35714285714286,69.64285714285714,nan,True,49.10714285714286,adult,79.46428571428572,20.535714285714278,nan,False,ran,21,False
paper_unclipped,precode,30.35714285714286,69.64285714285714,nan,True,48.21428571428571,adult,78.57142857142857,21.42857142857143,nan,False,ran,22,False
paper_unclipped,precode,23.214285714285722,76.78571428571428,nan,True,55.35714285714285,adult,78.57142857142857,21.42857142857143,nan,False,ran,23,False
paper_unclipped,precode,22.32142857142858,77.67857142857142,nan,True,59.821428571428555,adult,82.14285714285714,17.85714285714286,nan,False,ran,24,False
paper_unclipped,precode,25.89285714285714,74.10714285714286,nan,True,50.89285714285715,adult,76.78571428571429,23.214285714285708,nan,False,ran,25,False
paper_unclipped,precode,18.75,81.25,nan,True,59.821428571428584,adult,78.57142857142858,21.428571428571416,nan,False,ran,26,False
paper_unclipped,precode,32.14285714285714,67.85714285714286,nan,True,46.42857142857143,adult,78.57142857142857,21.42857142857143,nan,False,ran,27,False
paper_unclipped,precode,35.71428571428571,64.28571428571429,nan,True,47.32142857142857,adult,83.03571428571428,16.964285714285722,nan,False,ran,28,False
paper_unclipped,precode,26.785714285714278,73.21428571428572,nan,True,48.21428571428572,adult,75.0,25.0,nan,False,ran,29,False
paper_unclipped,precode,23.214285714285708,76.78571428571429,nan,True,46.42857142857143,adult,69.64285714285714,30.35714285714286,nan,False,ran,30,False
paper_unclipped,precode,15.17857142857143,84.82142857142857,nan,True,58.92857142857143,adult,74.10714285714286,25.89285714285714,nan,False,ran,31,False
paper_unclipped,precode,11.607142857142861,88.39285714285714,nan,True,66.07142857142857,adult,77.67857142857143,22.32142857142857,nan,False,ran,32,False
paper_unclipped,precode,20.535714285714278,79.46428571428572,nan,True,54.46428571428572,adult,75.0,25.0,nan,False,ran,33,False
paper_unclipped,precode,25.89285714285714,74.10714285714286,nan,True,51.78571428571429,adult,77.67857142857143,22.32142857142857,nan,False,ran,34,False
paper_unclipped,precode,20.535714285714278,79.46428571428572,nan,True,57.14285714285715,adult,77.67857142857143,22.32142857142857,nan,False,ran,35,False
paper_unclipped,precode,16.964285714285722,83.03571428571428,nan,True,50.89285714285714,adult,67.85714285714286,32.14285714285714,nan,False,ran,36,False
paper_unclipped,precode,28.57142857142858,71.42857142857142,nan,True,42.85714285714285,adult,71.42857142857143,28.57142857142857,nan,False,ran,37,False
paper_unclipped,precode,18.75,81.25,nan,True,61.60714285714286,adult,80.35714285714286,19.64285714285714,nan,False,ran,38,False
paper_unclipped,soteria,100.0,0.0,nan,False,-54.46428571428571,adult,45.53571428571429,54.46428571428571,nan,True,ran,0,False
paper_unclipped,soteria,76.78571428571428,23.214285714285722,nan,False,-33.928571428571416,adult,42.85714285714286,57.14285714285714,nan,True,ran,1,False
paper_unclipped,soteria,96.42857142857143,3.5714285714285694,nan,False,-51.78571428571429,adult,44.64285714285714,55.35714285714286,nan,True,ran,2,False
paper_unclipped,soteria,60.71428571428571,39.28571428571429,nan,False,-18.749999999999986,adult,41.96428571428572,58.03571428571428,nan,True,ran,3,False
paper_unclipped,soteria,100.0,0.0,nan,False,-57.14285714285714,adult,42.85714285714286,57.14285714285714,nan,True,ran,4,False
paper_unclipped,soteria,100.0,0.0,nan,False,-51.78571428571428,adult,48.21428571428572,51.78571428571428,nan,True,ran,5,False
paper_unclipped,soteria,100.0,0.0,nan,False,-42.85714285714286,adult,57.14285714285714,42.85714285714286,nan,True,ran,6,False
paper_unclipped,soteria,94.64285714285714,5.357142857142861,nan,False,-48.21428571428571,adult,46.42857142857143,53.57142857142857,nan,True,ran,7,False
paper_unclipped,soteria,100.0,0.0,nan,False,-58.928571428571416,adult,41.071428571428584,58.928571428571416,nan,True,ran,8,False
paper_unclipped,soteria,100.0,0.0,nan,False,-50.0,adult,50.0,50.0,nan,True,ran,9,False
paper_unclipped,soteria,98.21428571428571,1.7857142857142918,nan,False,-46.428571428571416,adult,51.78571428571429,48.21428571428571,nan,True,ran,10,False
paper_unclipped,soteria,94.64285714285714,5.357142857142861,nan,False,-52.678571428571416,adult,41.96428571428572,58.03571428571428,nan,True,ran,11,False
paper_unclipped,soteria,100.0,0.0,nan,False,-51.78571428571429,adult,48.21428571428571,51.78571428571429,nan,True,ran,12,False
paper_unclipped,soteria,91.07142857142857,8.92857142857143,nan,False,-49.10714285714285,adult,41.96428571428572,58.03571428571428,nan,True,ran,13,False
paper_unclipped,soteria,100.0,0.0,nan,False,-50.89285714285714,adult,49.10714285714286,50.89285714285714,nan,True,ran,14,False
paper_unclipped,soteria,69.64285714285714,30.35714285714286,nan,False,-27.678571428571416,adult,41.96428571428572,58.03571428571428,nan,True,ran,15,False
paper_unclipped,soteria,98.21428571428571,1.7857142857142918,nan,False,-48.21428571428571,adult,50.0,50.0,nan,True,ran,16,False
paper_unclipped,soteria,91.07142857142857,8.92857142857143,nan,False,-50.0,adult,41.07142857142857,58.92857142857143,nan,True,ran,17,False
paper_unclipped,soteria,100.0,0.0,nan,False,-54.46428571428572,adult,45.53571428571428,54.46428571428572,nan,True,ran,18,False
paper_unclipped,soteria,100.0,0.0,nan,False,-53.571428571428584,adult,46.428571428571416,53.571428571428584,nan,True,ran,19,False
paper_unclipped,soteria,100.0,0.0,nan,False,-49.10714285714286,adult,50.89285714285714,49.10714285714286,nan,True,ran,20,False
paper_unclipped,soteria,100.0,0.0,nan,False,-55.35714285714286,adult,44.64285714285714,55.35714285714286,nan,True,ran,21,False
paper_unclipped,soteria,100.0,0.0,nan,False,-52.67857142857143,adult,47.32142857142857,52.67857142857143,nan,True,ran,22,False
paper_unclipped,soteria,94.64285714285714,5.357142857142861,nan,False,-39.28571428571428,adult,55.35714285714286,44.64285714285714,nan,True,ran,23,False
paper_unclipped,soteria,100.0,0.0,nan,False,-52.67857142857143,adult,47.32142857142857,52.67857142857143,nan,True,ran,24,False
paper_unclipped,soteria,100.0,0.0,nan,False,-66.07142857142857,adult,33.92857142857143,66.07142857142857,nan,True,ran,25,False
paper_unclipped,soteria,100.0,0.0,nan,False,-55.35714285714285,adult,44.64285714285715,55.35714285714285,nan,True,ran,26,False
paper_unclipped,soteria,100.0,0.0,nan,False,-54.46428571428572,adult,45.53571428571428,54.46428571428572,nan,True,ran,27,False
paper_unclipped,soteria,100.0,0.0,nan,False,-54.46428571428571,adult,45.53571428571429,54.46428571428571,nan,True,ran,28,False
paper_unclipped,soteria,100.0,0.0,nan,False,-59.821428571428584,adult,40.178571428571416,59.821428571428584,nan,True,ran,29,False
paper_unclipped,soteria,100.0,0.0,nan,False,-58.03571428571428,adult,41.96428571428572,58.03571428571428,nan,True,ran,30,False
paper_unclipped,soteria,100.0,0.0,nan,False,-45.53571428571428,adult,54.46428571428572,45.53571428571428,nan,True,ran,31,False
paper_unclipped,soteria,100.0,0.0,nan,False,-58.92857142857143,adult,41.07142857142857,58.92857142857143,nan,True,ran,32,False
paper_unclipped,soteria,88.39285714285714,11.607142857142861,nan,False,-43.75,adult,44.64285714285714,55.35714285714286,nan,True,ran,33,False
paper_unclipped,soteria,100.0,0.0,nan,False,-58.928571428571416,adult,41.071428571428584,58.928571428571416,nan,True,ran,34,False
paper_unclipped,soteria,100.0,0.0,nan,False,-50.89285714285715,adult,49.10714285714285,50.89285714285715,nan,True,ran,35,False
paper_unclipped,soteria,99.10714285714286,0.8928571428571388,nan,False,-47.32142857142857,adult,51.78571428571429,48.21428571428571,nan,True,ran,36,False
paper_unclipped,soteria,91.96428571428572,8.035714285714278,nan,False,-48.21428571428572,adult,43.75,56.25,nan,True,ran,37,False
paper_unclipped,soteria,100.0,0.0,nan,False,-52.67857142857143,adult,47.32142857142857,52.67857142857143,nan,True,ran,38,False
distortion_matched_clipped,count_sketch,21.321209531957766,0.007376987487077713,0.8078797459602356,False,-0.146942388266325,image,8.115795421513731,0.1543193757534027,0.06115196645259857,True,ran,0,False
distortion_matched_clipped,count_sketch,14.168229797787015,0.03829808160662651,0.47809919714927673,False,-0.17261343076825142,image,6.75899714122878,0.21091151237487793,0.019103044643998146,True,ran,1,False
distortion_matched_clipped,count_sketch,21.37628255212963,0.007284030318260193,0.7625368237495422,False,-0.12898629903793335,image,8.655986944192811,0.13627032935619354,0.08625525236129761,True,ran,2,False
distortion_matched_clipped,count_sketch,29.371252012993793,0.0011557789985090494,0.778381884098053,False,-0.12265677726827562,image,9.072353097516146,0.12381255626678467,0.017222335562109947,True,ran,3,False
distortion_matched_clipped,count_sketch,22.274529971861963,0.005923071876168251,0.7477181553840637,False,-0.13210978172719479,image,8.600175335950262,0.13803285360336304,0.04135860502719879,True,ran,4,False
distortion_matched_clipped,count_sketch,25.51911584933059,0.002806004835292697,0.8441612124443054,False,-0.12544837896712124,image,8.919277815482298,0.12825438380241394,0.034815896302461624,True,ran,5,False
distortion_matched_clipped,count_sketch,21.98944684262056,0.006324924062937498,0.8333514332771301,False,-0.16060001449659467,image,7.774787749462758,0.16692493855953217,0.030910039320588112,True,ran,6,False
distortion_matched_clipped,count_sketch,20.32981429448457,0.009268694557249546,0.8099909424781799,False,-0.1525479620322585,image,7.909767763418606,0.16181665658950806,0.06386787444353104,True,ran,7,False
distortion_matched_clipped,count_sketch,17.19509018870356,0.019076161086559296,0.7222742438316345,False,-0.15852700918912888,image,7.5054928618720975,0.17760317027568817,0.0889098048210144,True,ran,8,False
distortion_matched_clipped,count_sketch,26.89174247976194,0.0020456237252801657,0.7650553584098816,False,-0.1273138748947531,image,8.88201676365221,0.12935949862003326,0.018997108563780785,True,ran,9,False
distortion_matched_clipped,count_sketch,18.762355035941546,0.013297331519424915,0.6759815216064453,False,-0.1826680926606059,image,7.078205480947944,0.19596542418003082,0.008599303662776947,True,ran,10,False
distortion_matched_clipped,count_sketch,19.669434058976552,0.010790873318910599,0.7585085034370422,False,-0.15673154219985008,image,7.759270734941159,0.16752241551876068,0.06008954346179962,True,ran,11,False
distortion_matched_clipped,count_sketch,21.002552060883353,0.00793861597776413,0.816925048828125,False,-0.16015004366636276,image,7.744615859068281,0.1680886596441269,0.09949686378240585,True,ran,12,False
distortion_matched_clipped,count_sketch,19.773986755542452,0.01053419429808855,0.7384018301963806,False,-0.19100706558674574,image,6.956360308827543,0.2015412598848343,0.04906557872891426,True,ran,13,False
distortion_matched_clipped,count_sketch,25.283522772414187,0.002962427446618676,0.7130188345909119,False,-0.14306403486989439,image,8.355684360191871,0.14602646231651306,0.024839123710989952,True,ran,14,False
distortion_matched_clipped,count_sketch,20.704092094784624,0.008503364399075508,0.7559252381324768,False,-0.13115480355918407,image,8.549336593509748,0.13965816795825958,0.1059267595410347,True,ran,15,False
distortion_matched_clipped,count_sketch,23.240887541619205,0.004741450771689415,0.7047527432441711,False,-0.2003075871616602,image,6.881422640317886,0.2050490379333496,0.018124094232916832,True,ran,16,False
distortion_matched_clipped,count_sketch,12.603721838594591,0.05490701273083687,0.33289405703544617,False,-0.14702672883868217,image,6.9479110773730115,0.20193374156951904,0.015336683951318264,True,ran,17,False
distortion_matched_clipped,count_sketch,18.79231510348362,0.01320591475814581,0.7747783064842224,False,-0.14116485510021448,image,8.114349299782347,0.1543707698583603,0.08626287430524826,True,ran,18,False
distortion_matched_clipped,count_sketch,21.55019344908721,0.006998108234256506,0.7291538119316101,False,-0.15670308331027627,image,7.859481594436957,0.16370119154453278,0.038860075175762177,True,ran,19,False
distortion_matched_clipped,count_sketch,24.58005943930643,0.0034833254758268595,0.7885007262229919,False,-0.16246865666471422,image,7.800175559847632,0.16595198214054108,0.018835315480828285,True,ran,20,False
distortion_matched_clipped,count_sketch,13.02125212957723,0.049874067306518555,0.2898915410041809,False,-0.13978445529937744,image,7.220276368127674,0.189658522605896,0.005282292142510414,True,ran,21,False
distortion_matched_clipped,count_sketch,12.40691548317034,0.05745243653655052,0.3535737991333008,False,-0.16028230264782906,image,6.6207227453050335,0.21773473918437958,-0.018781187012791634,True,ran,22,False
distortion_matched_clipped,count_sketch,25.08161609051218,0.003103404538705945,0.8066310286521912,False,-0.14060638914816082,image,8.425136340979961,0.14370979368686676,0.03834693506360054,True,ran,23,False
distortion_matched_clipped,count_sketch,23.265829626260466,0.004714298062026501,0.7923395037651062,False,-0.14089488703757524,image,8.368112286476046,0.14560918509960175,0.04985209181904793,True,ran,24,False
distortion_matched_clipped,count_sketch,24.956395894458083,0.0031941875349730253,0.8129622340202332,False,-0.14495037053711712,image,8.293142972225402,0.14814455807209015,0.04209775850176811,True,ran,25,False
distortion_matched_clipped,count_sketch,21.49477007187447,0.007087988313287497,0.7706111073493958,False,-0.1608824753202498,image,7.7476707904028626,0.1679704636335373,0.03866231068968773,True,ran,26,False
distortion_matched_clipped,count_sketch,15.999403485553588,0.02512231469154358,0.6430948376655579,False,-0.1770433932542801,image,6.942925090462992,0.20216570794582367,0.001802449463866651,True,ran,27,False
distortion_matched_clipped,count_sketch,20.75731274617095,0.00839979574084282,0.7456778883934021,False,-0.13050195947289467,image,8.572922663226832,0.1389017552137375,0.033223140984773636,True,ran,28,False
distortion_matched_clipped,count_sketch,20.455153901459724,0.009005018509924412,0.680256187915802,False,-0.15543053206056356,image,7.8400428322243565,0.16443555057048798,0.03480313718318939,True,ran,29,False
distortion_matched_clipped,count_sketch,21.158355683876422,0.007658865302801132,0.7618041038513184,False,-0.18001309409737587,image,7.266006117020032,0.187671959400177,0.03362071141600609,True,ran,30,False
distortion_matched_clipped,count_sketch,25.484975156647515,0.002828150289133191,0.8222379684448242,False,-0.1372259713243693,image,8.537041059217282,0.1400541216135025,0.04880628362298012,True,ran,31,False
distortion_matched_clipped,count_sketch,23.531744603753808,0.004434304777532816,0.7454913258552551,False,-0.12775842612609267,image,8.787924254497723,0.1321927309036255,0.035163264721632004,True,ran,32,False
distortion_matched_clipped,count_sketch,20.813387166597963,0.00829203799366951,0.8007530570030212,False,-0.14132603630423546,image,8.250159392676803,0.14961807429790497,0.09128477424383163,True,ran,33,False
distortion_matched_clipped,count_sketch,18.541502564393472,0.013991031795740128,0.7770169377326965,False,-0.18655915185809135,image,6.977769359769788,0.20055018365383148,0.07491476833820343,True,ran,34,False
distortion_matched_clipped,count_sketch,20.62864054493561,0.00865238718688488,0.7677092552185059,False,-0.15115451999008656,image,7.964044535325675,0.15980690717697144,0.023249922320246696,True,ran,35,False
distortion_matched_clipped,count_sketch,21.290508320523372,0.007429321762174368,0.7837721705436707,False,-0.1303573497571051,image,8.60792790886942,0.13778667151927948,0.07074664533138275,True,ran,36,False
distortion_matched_clipped,count_sketch,21.981334267029894,0.0063367499969899654,0.7653802037239075,False,-0.13388575473800302,image,8.531822795371331,0.14022250473499298,0.050577808171510696,True,ran,37,False
distortion_matched_clipped,count_sketch,19.524801388632433,0.011156291700899601,0.7443891167640686,False,-0.14858634676784277,image,7.9657914660348315,0.15974263846874237,0.0533004067838192,True,ran,38,False
distortion_matched_clipped,dna_v1_conservative,22.47408959257209,0.005657063331454992,0.8518007397651672,True,0.0005437512882053852,image,22.91297703356726,0.005113312043249607,0.8669878840446472,False,ran,0,False
distortion_matched_clipped,dna_v1_conservative,16.414625514405607,0.022831657901406288,0.6864394545555115,False,-0.16459128819406033,image,7.271772397417818,0.1874229460954666,0.04341292381286621,True,ran,1,False
distortion_matched_clipped,dna_v1_conservative,23.062823941118886,0.00493989372625947,0.848102331161499,True,0.0005206214264035225,image,23.546492379304745,0.0044192722998559475,0.8635494709014893,False,ran,2,False
distortion_matched_clipped,dna_v1_conservative,30.05092755601904,0.0009883419843390584,0.8183112144470215,True,7.988075958564878e-05,image,30.416936046630532,0.0009084612247534096,0.8347978591918945,False,ran,3,False
distortion_matched_clipped,dna_v1_conservative,24.090866399899497,0.003898642025887966,0.827214241027832,True,0.0006552787963300943,image,24.890044112533126,0.003243363229557872,0.8515416979789734,False,ran,4,False
distortion_matched_clipped,dna_v1_conservative,26.671654682006224,0.0021519616711884737,0.8851439356803894,True,0.00020538480021059513,image,27.10728441171446,0.0019465768709778786,0.8947847485542297,False,ran,5,False
distortion_matched_clipped,dna_v1_conservative,22.35875525485564,0.005809308961033821,0.8621761798858643,True,0.0017846613191068172,image,23.95272136132219,0.004024647641927004,0.8835034370422363,False,ran,6,False
distortion_matched_clipped,dna_v1_conservative,21.79072815029821,0.0066210548393428326,0.8702667355537415,True,0.00101445522159338,image,22.513004569228485,0.005606599617749453,0.8889614939689636,False,ran,7,False
distortion_matched_clipped,dna_v1_conservative,18.607694017141114,0.013779409229755402,0.8105735182762146,True,0.0025707734748721123,image,19.504472437994444,0.01120863575488329,0.8408437371253967,False,ran,8,False
distortion_matched_clipped,dna_v1_conservative,27.755630698648318,0.0016766288317739964,0.8094253540039062,True,0.00015574612189084291,image,28.179042773438844,0.0015208827098831534,0.8239636421203613,False,ran,9,False
distortion_matched_clipped,dna_v1_conservative,21.03443015942373,0.007880558259785175,0.8006865978240967,False,-0.1856670482084155,image,7.132121950713511,0.19354760646820068,0.0026690897066146135,True,ran,10,False
distortion_matched_clipped,dna_v1_conservative,21.22692030076501,0.007538899779319763,0.8287417888641357,True,0.0012349351309239864,image,22.003862309642006,0.006303964648395777,0.8499224185943604,False,ran,11,False
distortion_matched_clipped,dna_v1_conservative,22.64996278705737,0.005432549864053726,0.8683102130889893,True,0.0011989553458988667,image,23.732907398359025,0.0042335945181548595,0.8851742744445801,False,ran,12,False
distortion_matched_clipped,dna_v1_conservative,21.589010210149237,0.006935838609933853,0.8081508278846741,True,0.0011090696789324284,image,22.34572204147845,0.005826768931001425,0.8248845934867859,False,ran,13,False
distortion_matched_clipped,dna_v1_conservative,25.991578713400713,0.002516761887818575,0.7681968212127686,True,0.00033670058473944664,image,26.615312939116063,0.0021800613030791283,0.791144609451294,False,ran,14,False
distortion_matched_clipped,dna_v1_conservative,22.940876400691508,0.005080569069832563,0.8525075912475586,True,0.0007851244881749153,image,23.66991879709712,0.004295444581657648,0.8731363415718079,False,ran,15,False
distortion_matched_clipped,dna_v1_conservative,24.66088246742434,0.003419099608436227,0.7748573422431946,True,0.0001943961251527071,image,24.91510213274958,0.0032247034832835197,0.7839290499687195,False,ran,16,False
distortion_matched_clipped,dna_v1_conservative,15.33588763517687,0.029269225895404816,0.604796826839447,False,-0.16620687395334244,image,7.089063346278288,0.19547609984874725,0.015721028670668602,True,ran,17,False
distortion_matched_clipped,dna_v1_conservative,20.994429654604467,0.007953477092087269,0.8686750531196594,True,0.0012006638571619987,image,21.705152615582147,0.00675281323492527,0.8869912028312683,False,ran,18,False
distortion_matched_clipped,dna_v1_conservative,23.455372970740687,0.004512972664088011,0.8208346366882324,True,0.0005924138240516186,image,24.06652023835199,0.003920558840036392,0.8362857699394226,False,ran,19,False
distortion_matched_clipped,dna_v1_conservative,25.396914320226962,0.0028860813472419977,0.8233274817466736,True,0.0007086507976055145,image,26.62055688164456,0.002177430549636483,0.8439643383026123,False,ran,20,False
distortion_matched_clipped,dna_v1_conservative,16.76124896937801,0.021080218255519867,0.7110073566436768,False,-0.16671224683523178,image,7.263218371772399,0.18779246509075165,0.006648486480116844,True,ran,21,False
distortion_matched_clipped,dna_v1_conservative,14.091978491184703,0.03897643834352493,0.5538045167922974,False,-0.15844304114580154,image,7.046099974751826,0.19741947948932648,0.026100367307662964,True,ran,22,False
distortion_matched_clipped,dna_v1_conservative,26.195431769075938,0.002401357516646385,0.8601820468902588,True,0.000478253117762506,image,27.159971387316247,0.0019231043988838792,0.8815135359764099,False,ran,23,False
distortion_matched_clipped,dna_v1_conservative,24.424780072043035,0.003610122948884964,0.8463592529296875,True,0.0005178200080990791,image,25.09717966543181,0.003092302940785885,0.8612105250358582,False,ran,24,False
distortion_matched_clipped,dna_v1_conservative,26.086472069234794,0.0024623670615255833,0.8622351288795471,True,0.0004924105014652014,image,27.05543350454689,0.001969956560060382,0.8754580616950989,False,ran,25,False
distortion_matched_clipped,dna_v1_conservative,22.445123217959928,0.005694920662790537,0.8233739733695984,True,0.00034346897155046463,image,22.715283906938296,0.005351451691240072,0.836837112903595,False,ran,26,False
distortion_matched_clipped,dna_v1_conservative,17.150512698627068,0.019272973760962486,0.7174725532531738,False,-0.16801095940172672,image,7.27499478567542,0.1872839331626892,0.02130054496228695,True,ran,27,False
distortion_matched_clipped,dna_v1_conservative,21.526717245720942,0.0070360396057367325,0.8125424385070801,True,0.001045798882842064,image,22.22555724768587,0.005990240722894669,0.8415749073028564,False,ran,28,False
distortion_matched_clipped,dna_v1_conservative,21.880997012694902,0.006484855432063341,0.7756494879722595,True,0.0008365032263100147,image,22.48078230467923,0.005648352205753326,0.7890240550041199,False,ran,29,False
distortion_matched_clipped,dna_v1_conservative,23.01403368682862,0.0049957032315433025,0.8338103294372559,True,0.0012441559229046106,image,24.257895725375043,0.003751547308638692,0.8424233794212341,False,ran,30,False
distortion_matched_clipped,dna_v1_conservative,27.076306974617555,0.0019605110865086317,0.8750203251838684,True,0.00033352302853018045,image,27.886156347540417,0.0016269880579784513,0.8918388485908508,False,ran,31,False
distortion_matched_clipped,dna_v1_conservative,24.845490724948828,0.003276807488873601,0.8244655132293701,True,0.0004523918032646179,image,25.490713852828698,0.002824415685608983,0.8434935212135315,False,ran,32,False
distortion_matched_clipped,dna_v1_conservative,22.60250073109091,0.005492245312780142,0.8725624084472656,True,0.0009415964595973492,image,23.419266751525186,0.004550648853182793,0.8903101086616516,False,ran,33,False
distortion_matched_clipped,dna_v1_conservative,20.365835972800358,0.00919213518500328,0.8466656804084778,True,0.0019832453690469265,image,21.421316123856965,0.007208889815956354,0.8629961609840393,False,ran,34,False
distortion_matched_clipped,dna_v1_conservative,22.651893403552172,0.005430135410279036,0.8408174514770508,True,0.0005135433748364449,image,23.08335826712218,0.004916592035442591,0.8544222712516785,False,ran,35,False
distortion_matched_clipped,dna_v1_conservative,23.26088843960743,0.004719664808362722,0.86244136095047,True,0.0004257475957274437,image,23.671463330814817,0.004293917212635279,0.8755671381950378,False,ran,36,False
distortion_matched_clipped,dna_v1_conservative,23.508223351270424,0.004458385985344648,0.8475053310394287,True,0.0006995967123657465,image,24.24952021226266,0.003758789272978902,0.8623690605163574,False,ran,37,False
distortion_matched_clipped,dna_v1_conservative,21.15826405868233,0.007659026887267828,0.8251750469207764,True,0.0013385200873017311,image,21.99248097096687,0.006320506799966097,0.8490542769432068,False,ran,38,False
distortion_matched_clipped,dna_v2_0p95,23.306274170814092,0.0046705990098416805,0.8724603056907654,False,-0.0017637722194194794,image,21.914938862116834,0.00643437122926116,0.8300755620002747,True,ran,0,False
distortion_matched_clipped,dna_v2_0p95,17.96246549024155,0.015986502170562744,0.775486409664154,False,-0.19362615048885345,image,6.785825059711437,0.2096126526594162,0.004283984657377005,True,ran,1,False
distortion_matched_clipped,dna_v2_0p95,23.763523140402402,0.0042038545943796635,0.8717842698097229,False,-0.001447855494916439,image,22.478201238666763,0.0056517100892961025,0.82166987657547,True,ran,2,False
distortion_matched_clipped,dna_v2_0p95,30.959681925227308,0.0008017367799766362,0.8449330925941467,False,-0.0013923842343501747,image,26.58739423067138,0.002194121014326811,0.6946458220481873,True,ran,3,False
distortion_matched_clipped,dna_v2_0p95,24.814026029548614,0.0033006342127919197,0.8481371998786926,False,-0.0012460467405617237,image,23.423055197468045,0.004546680953353643,0.8192949295043945,True,ran,4,False
distortion_matched_clipped,dna_v2_0p95,27.244357040123898,0.0018860981799662113,0.9028995633125305,False,-0.00116247427649796,image,25.159034784939177,0.0030485724564641714,0.76609206199646,True,ran,5,False
distortion_matched_clipped,dna_v2_0p95,23.494457899340482,0.004472539760172367,0.873546302318573,False,-0.0012750555761158466,image,22.4051381628652,0.005747595336288214,0.8268539309501648,True,ran,6,False
distortion_matched_clipped,dna_v2_0p95,22.645075853527622,0.005438666325062513,0.894324004650116,False,-0.0016784286126494408,image,21.476972409105443,0.007117094937711954,0.8304507732391357,True,ran,7,False
distortion_matched_clipped,dna_v2_0p95,19.588918618842243,0.01099279522895813,0.8435774445533752,False,-0.0028504543006420135,image,18.58761952717108,0.013843249529600143,0.8024104237556458,True,ran,8,False
distortion_matched_clipped,dna_v2_0p95,28.273477251376388,0.0014881690731272101,0.8273074626922607,False,-0.0007599628297612071,image,26.48178211334274,0.0022481319028884172,0.7788251042366028,True,ran,9,False
distortion_matched_clipped,dna_v2_0p95,21.441345262300906,0.007175719831138849,0.8215119242668152,False,-0.18473180523142219,image,7.169079954100663,0.19190752506256104,-0.015732454136013985,True,ran,10,False
distortion_matched_clipped,dna_v2_0p95,22.198068766120404,0.006028275936841965,0.8522784113883972,False,-0.001660240814089775,image,21.14157435103271,0.00768851675093174,0.8092027306556702,True,ran,11,False
distortion_matched_clipped,dna_v2_0p95,23.79082860762715,0.004177506547421217,0.8852584362030029,False,-0.0022274726070463657,image,21.934822793641715,0.006404979154467583,0.8296899795532227,True,ran,12,False
distortion_matched_clipped,dna_v2_0p95,22.50324974395822,0.005619206931442022,0.8313784599304199,False,-0.0009922049939632416,image,21.79705783187358,0.006611411925405264,0.8225260376930237,True,ran,13,False
distortion_matched_clipped,dna_v2_0p95,26.69685418386785,0.0021395112853497267,0.7951834797859192,False,-0.0010393899865448475,image,24.977229598918367,0.003178901271894574,0.7239003777503967,True,ran,14,False
distortion_matched_clipped,dna_v2_0p95,23.593067798307175,0.004372131545096636,0.8695588111877441,False,-0.0009866459295153618,image,22.709342768348364,0.005358777474611998,0.8431822657585144,True,ran,15,False
distortion_matched_clipped,dna_v2_0p95,25.306330271119066,0.0029469106812030077,0.789851725101471,False,-0.0024731189478188753,image,22.659983393498905,0.005420029629021883,0.6991715431213379,True,ran,16,False
distortion_matched_clipped,dna_v2_0p95,15.019207796262549,0.03148322552442551,0.583821713924408,False,-0.17254013568162918,image,6.903201018779899,0.2040233612060547,0.014902773313224316,True,ran,17,False
distortion_matched_clipped,dna_v2_0p95,21.887225499552446,0.006475561764091253,0.8917229175567627,False,-0.0011165812611579895,image,21.196356190091837,0.007592143025249243,0.8643561005592346,True,ran,18,False
distortion_matched_clipped,dna_v2_0p95,23.055726015658816,0.004947973880916834,0.8175917267799377,False,-3.3725518733263016e-05,image,23.026224817396702,0.004981699399650097,0.798478901386261,True,ran,19,False
distortion_matched_clipped,dna_v2_0p95,26.8189811468541,0.0020801846403628588,0.8532021641731262,False,-0.002171114319935441,image,23.714783534561764,0.0042512989602983,0.7468279004096985,True,ran,20,False
distortion_matched_clipped,dna_v2_0p95,15.754209154706519,0.026581475511193275,0.578152596950531,False,-0.16625643335282803,image,7.148075866566749,0.1928379088640213,-0.005618982017040253,True,ran,21,False
distortion_matched_clipped,dna_v2_0p95,14.442907385605519,0.035950858145952225,0.5685052871704102,False,-0.16947024688124657,image,6.873549388984857,0.2054211050271988,0.027314797043800354,True,ran,22,False
distortion_matched_clipped,dna_v2_0p95,27.55453524918081,0.0017560888081789017,0.8877789378166199,False,-0.0013388635125011206,image,25.0934603712046,0.0030949523206800222,0.8212893009185791,True,ran,23,False
distortion_matched_clipped,dna_v2_0p95,25.050919911507805,0.0031254172790795565,0.8643427491188049,False,-0.0006429706700146198,image,24.23844393703474,0.0037683879490941763,0.8268504738807678,True,ran,24,False
distortion_matched_clipped,dna_v2_0p95,27.1841761437533,0.0019124160753563046,0.8763101100921631,False,-0.0010828383965417743,image,25.23566274761687,0.002995254471898079,0.8258911967277527,True,ran,25,False
distortion_matched_clipped,dna_v2_0p95,23.211158881397264,0.004774018656462431,0.8446964621543884,False,-0.002920927945524454,image,21.137943895482792,0.007694946601986885,0.7411847114562988,True,ran,26,False
distortion_matched_clipped,dna_v2_0p95,20.228204397850437,0.009488106705248356,0.8649682998657227,False,-0.175194694660604,image,7.33573546463845,0.18468280136585236,0.0031188440043479204,True,ran,27,False
distortion_matched_clipped,dna_v2_0p95,22.23831891819486,0.005972664337605238,0.8441030383110046,False,-0.0011381437070667744,image,21.48081044923918,0.007110808044672012,0.8020401000976562,True,ran,28,False
distortion_matched_clipped,dna_v2_0p95,22.543416344610346,0.005567476153373718,0.791949450969696,False,-0.001082251314073801,image,21.771961534651766,0.006649727467447519,0.7571805119514465,True,ran,29,False
distortion_matched_clipped,dna_v2_0p95,23.97911726745738,0.00400026049464941,0.849220335483551,False,-0.002864380367100239,image,21.633821788700946,0.006864640861749649,0.7768756747245789,True,ran,30,False
distortion_matched_clipped,dna_v2_0p95,28.150354052692318,0.0015309626469388604,0.893217146396637,False,-0.0013219978427514434,image,25.44704242793781,0.002852960489690304,0.807636022567749,True,ran,31,False
distortion_matched_clipped,dna_v2_0p95,25.563897913617687,0.0027772195171564817,0.8413450121879578,False,-0.0008302659261971712,image,24.427954126624485,0.003607485443353653,0.7864336967468262,True,ran,32,False
distortion_matched_clipped,dna_v2_0p95,23.579053808698376,0.0043862625025212765,0.8895316123962402,False,-0.0013400004245340824,image,22.421287147936862,0.005726262927055359,0.8531045317649841,True,ran,33,False
distortion_matched_clipped,dna_v2_0p95,21.331376735908883,0.007359737530350685,0.8724315762519836,False,-0.0027459897100925446,image,19.954324278045966,0.01010572724044323,0.8098470568656921,True,ran,34,False
distortion_matched_clipped,dna_v2_0p95,23.267375946728038,0.004712619818747044,0.8594322800636292,False,-0.0015001245774328709,image,22.067165136993122,0.0062127443961799145,0.7880949974060059,True,ran,35,False
distortion_matched_clipped,dna_v2_0p95,23.70740504518155,0.004258527886122465,0.8798337578773499,False,-0.001943209208548069,image,22.074866484105193,0.006201737094670534,0.825960099697113,True,ran,36,False
distortion_matched_clipped,dna_v2_0p95,24.34758417722492,0.003674866631627083,0.8692259192466736,False,-0.0011483016423881054,image,23.166675858489263,0.004823168274015188,0.8193432688713074,True,ran,37,False
distortion_matched_clipped,dna_v2_0p95,21.845985483466595,0.006537345703691244,0.8448891639709473,False,-0.0011901408433914185,image,21.11961742334907,0.007727486547082663,0.820253312587738,True,ran,38,False
distortion_matched_clipped,gradient_pruning,20.757107141341898,0.00840019341558218,0.7687404155731201,True,0.0028854748234152794,image,22.584766440555626,0.005514718592166901,0.8396416306495667,False,ran,0,False
distortion_matched_clipped,gradient_pruning,14.081990052871888,0.03906618431210518,0.4966423213481903,False,-0.16917135939002037,image,6.814409676557565,0.20823754370212555,0.01156490296125412,True,ran,1,False
distortion_matched_clipped,gradient_pruning,21.371213298866362,0.007292537484318018,0.7503531575202942,True,0.0019379863515496254,image,22.712769298241724,0.0053545511327683926,0.8290067315101624,False,ran,2,False
distortion_matched_clipped,gradient_pruning,28.553187358750456,0.0013953439192846417,0.7427329421043396,False,-0.0005388327408581972,image,27.135038616794223,0.001934176660142839,0.6969273686408997,True,ran,3,False
distortion_matched_clipped,gradient_pruning,22.312949638550542,0.00587090477347374,0.7420666813850403,True,0.0015927772037684917,image,23.68746269321992,0.004278127569705248,0.8141654133796692,False,ran,4,False
distortion_matched_clipped,gradient_pruning,24.867828151003128,0.003259996883571148,0.8198471069335938,True,0.0005429312586784363,image,25.6589987200368,0.0027170656248927116,0.7879393100738525,False,ran,5,False
distortion_matched_clipped,gradient_pruning,20.81009200606712,0.008298331871628761,0.7914145588874817,True,0.002246446441859007,image,22.181093023424676,0.006051885429769754,0.828791081905365,False,ran,6,False
distortion_matched_clipped,gradient_pruning,19.75451315440116,0.010581535287201405,0.7904462218284607,True,0.0031216973438858986,image,21.27270606989569,0.007459837943315506,0.8238096237182617,False,ran,7,False
distortion_matched_clipped,gradient_pruning,17.00903463287638,0.019911158829927444,0.7081427574157715,True,0.006228123791515827,image,18.63817560931723,0.013683035038411617,0.7970241904258728,False,ran,8,False
distortion_matched_clipped,gradient_pruning,26.507099815447972,0.002235064283013344,0.7470166087150574,True,0.00014475337229669094,image,26.79789112565389,0.002090310910716653,0.7793782353401184,False,ran,9,False
distortion_matched_clipped,gradient_pruning,19.15225100727477,0.012155557982623577,0.6776647567749023,False,-0.17524645198136568,image,7.27225755435497,0.18740200996398926,0.004140553064644337,True,ran,10,False
distortion_matched_clipped,gradient_pruning,19.38619671560134,0.011518086306750774,0.7334349751472473,True,0.00347856804728508,image,20.9476997407791,0.008039518259465694,0.808030366897583,False,ran,11,False
distortion_matched_clipped,gradient_pruning,20.563348953271085,0.008783449418842793,0.7824294567108154,True,0.003091647755354643,image,22.44750241748926,0.00569180166348815,0.8385456204414368,False,ran,12,False
distortion_matched_clipped,gradient_pruning,19.349839298892284,0.011614915914833546,0.7079998850822449,True,0.0028966525569558144,image,20.59570016122929,0.008718263357877731,0.7834674715995789,False,ran,13,False
distortion_matched_clipped,gradient_pruning,24.745812945219406,0.00335288536734879,0.6796252727508545,True,0.0002457830123603344,image,25.076444398655614,0.0031071023549884558,0.7209990620613098,False,ran,14,False
distortion_matched_clipped,gradient_pruning,21.171198355629436,0.007636250462383032,0.7562475800514221,True,0.0019129589200019836,image,22.423541307258223,0.005723291542381048,0.8335179686546326,False,ran,15,False
distortion_matched_clipped,gradient_pruning,23.429182566864498,0.004540270660072565,0.6815506815910339,False,-0.0025151167064905167,image,21.514791369000683,0.007055387366563082,0.6609603762626648,True,ran,16,False
distortion_matched_clipped,gradient_pruning,15.334478336935952,0.029278725385665894,0.5615175366401672,False,-0.17995235323905945,image,6.7937380607269295,0.20923107862472534,-0.009697379544377327,True,ran,17,False
distortion_matched_clipped,gradient_pruning,19.060062914275903,0.012416343204677105,0.7765346169471741,True,0.004220420494675636,image,20.864021457781803,0.008195922710001469,0.8568536639213562,False,ran,18,False
distortion_matched_clipped,gradient_pruning,21.39354830278455,0.007255129516124725,0.7008967399597168,True,0.002185266464948654,image,22.950037718149524,0.005069863051176071,0.7947995662689209,False,ran,19,False
distortion_matched_clipped,gradient_pruning,23.895835916688917,0.004077710676938295,0.7405479550361633,True,0.00026245485059916973,image,24.184763357582835,0.0038152558263391256,0.7571704983711243,False,ran,20,False
distortion_matched_clipped,gradient_pruning,14.588292689997411,0.034767281264066696,0.4790104329586029,False,-0.15626821294426918,image,7.188859337643625,0.19103549420833588,-0.00205078418366611,True,ran,21,False
distortion_matched_clipped,gradient_pruning,13.31192087755612,0.04664530232548714,0.4587195813655853,False,-0.1604698710143566,image,6.837880833548412,0.20711517333984375,0.0029156366363167763,True,ran,22,False
distortion_matched_clipped,gradient_pruning,24.69661150426283,0.003391086356714368,0.7779800295829773,True,0.0005079205147922039,image,25.4013037593986,0.002883165841922164,0.821524441242218,False,ran,23,False
distortion_matched_clipped,gradient_pruning,22.49314513555882,0.005632296204566956,0.7463110089302063,True,0.0016533215530216694,image,24.00228827561094,0.003978974651545286,0.8222737908363342,False,ran,24,False
distortion_matched_clipped,gradient_pruning,24.120264565454093,0.0038723405450582504,0.7671429514884949,True,0.0009075307752937078,image,25.280031669175685,0.0029648097697645426,0.8224601745605469,False,ran,25,False
distortion_matched_clipped,gradient_pruning,20.65964897244671,0.00859082955867052,0.7302685379981995,True,0.0021425927989184856,image,21.905590249303014,0.006448236759752035,0.7779242396354675,False,ran,26,False
distortion_matched_clipped,gradient_pruning,15.706576000873675,0.02687462419271469,0.6047439575195312,False,-0.15631506592035294,image,7.3709897200549745,0.18318969011306763,0.039239343255758286,True,ran,27,False
distortion_matched_clipped,gradient_pruning,20.322003991764618,0.009285378269851208,0.7037129402160645,True,0.002490564249455929,image,21.678224257631918,0.006794814020395279,0.8102568984031677,False,ran,28,False
distortion_matched_clipped,gradient_pruning,20.088404138746263,0.009798499755561352,0.6549761891365051,True,0.0031186165288090706,image,21.752311295035547,0.006679883226752281,0.7602019309997559,False,ran,29,False
distortion_matched_clipped,gradient_pruning,18.093522341715563,0.015511284582316875,0.6721461415290833,True,0.008839111309498549,image,21.75732683825393,0.006672173272818327,0.7727822661399841,False,ran,30,False
distortion_matched_clipped,gradient_pruning,24.86023549609241,0.0032657012343406677,0.7977713942527771,True,0.0004672117065638304,image,25.530763139268934,0.0027984895277768373,0.8191704154014587,False,ran,31,False
distortion_matched_clipped,gradient_pruning,23.056654320458488,0.004946916364133358,0.7181646227836609,True,0.0012089228257536888,image,24.273614536924676,0.003737993538379669,0.7946622967720032,False,ran,32,False
distortion_matched_clipped,gradient_pruning,20.385147566840686,0.009151351638138294,0.7783923745155334,True,0.0033222725614905357,image,22.344000530492593,0.0058290790766477585,0.8429351449012756,False,ran,33,False
distortion_matched_clipped,gradient_pruning,18.203456427385994,0.015123571269214153,0.7519484162330627,True,0.004308247938752174,image,19.65960492541444,0.010815323330461979,0.7983977198600769,False,ran,34,False
distortion_matched_clipped,gradient_pruning,20.32766608564051,0.009273280389606953,0.7558071613311768,True,0.002922657411545515,image,21.971836695641485,0.006350622978061438,0.8086057305335999,False,ran,35,False
distortion_matched_clipped,gradient_pruning,20.685322865861924,0.008540193550288677,0.7601384520530701,True,0.002790179569274187,image,22.403310993329676,0.00575001398101449,0.8287805914878845,False,ran,36,False
distortion_matched_clipped,gradient_pruning,21.613536060327483,0.006896780338138342,0.7539446949958801,True,0.0022719171829521656,image,23.34901113049654,0.004624863155186176,0.8174989819526672,False,ran,37,False
distortion_matched_clipped,gradient_pruning,19.236909520797894,0.011920900084078312,0.7096571922302246,True,0.0036254432052373886,image,20.811596898692354,0.008295456878840923,0.8066092133522034,False,ran,38,False
distortion_matched_clipped,precode,9.313882844269104,0.11711478233337402,0.14963555335998535,True,0.054694872349500656,image,12.046768619689121,0.06241990998387337,0.255425363779068,False,ran,0,False
distortion_matched_clipped,precode,8.436249051960203,0.1433425396680832,0.06622340530157089,False,-0.06383055448532104,image,6.8366664766933285,0.20717309415340424,0.00034237929503433406,True,ran,1,False
distortion_matched_clipped,precode,9.214724176355926,0.1198195219039917,0.08668851852416992,True,0.05567050725221634,image,11.928100101321279,0.06414901465177536,0.2596214711666107,False,ran,2,False
distortion_matched_clipped,precode,10.71660751590012,0.08478894829750061,0.0059507195837795734,True,0.022607550024986267,image,12.063395162071181,0.06218139827251434,0.08659684658050537,False,ran,3,False
distortion_matched_clipped,precode,9.568426016310303,0.11044788360595703,0.09371066838502884,True,0.03841754049062729,image,11.424845164639121,0.07203034311532974,0.2165423035621643,False,ran,4,False
distortion_matched_clipped,precode,9.941391414866738,0.10135865956544876,0.07950615137815475,True,0.04775365814566612,image,12.70794688149008,0.05360500141978264,0.1553189754486084,False,ran,5,False
distortion_matched_clipped,precode,8.94333368316771,0.12754593789577484,0.07741621881723404,True,0.04661738872528076,image,10.918982452604373,0.08092854917049408,0.14680592715740204,False,ran,6,False
distortion_matched_clipped,precode,8.99857242512217,0.1259339302778244,0.0532555878162384,True,0.06715753674507141,image,12.307970653691562,0.05877639353275299,0.3485625684261322,False,ran,7,False
distortion_matched_clipped,precode,7.995854298476948,0.15864068269729614,0.12368107587099075,True,0.0733933225274086,image,10.693190607976572,0.08524736016988754,0.32405054569244385,False,ran,8,False
distortion_matched_clipped,precode,10.996315028082664,0.07950025051832199,0.10405915975570679,True,0.029395099729299545,image,13.001176265426004,0.050105150789022446,0.12505832314491272,False,ran,9,False
distortion_matched_clipped,precode,10.175134035412949,0.09604761749505997,0.11808200925588608,False,-0.10686900466680527,image,6.9268237574884095,0.20291662216186523,0.018465274944901466,True,ran,10,False
distortion_matched_clipped,precode,8.818814291885936,0.13125582039356232,0.0728239193558693,True,0.04314807802438736,image,10.549859267699198,0.08810774236917496,0.19717378914356232,False,ran,11,False
distortion_matched_clipped,precode,8.76797643434352,0.13280130922794342,0.15287913382053375,True,0.06116863340139389,image,11.448888255410882,0.07163267582654953,0.28578558564186096,False,ran,12,False
distortion_matched_clipped,precode,8.653621631454616,0.1363445669412613,0.1559879630804062,True,0.04704652726650238,image,10.491580749051785,0.08929803967475891,0.29276034235954285,False,ran,13,False
distortion_matched_clipped,precode,10.465125254623004,0.08984366804361343,0.05523432418704033,True,0.020674273371696472,image,11.600860249834055,0.06916939467191696,0.09826046228408813,False,ran,14,False
distortion_matched_clipped,precode,9.757954139104202,0.1057315468788147,0.09320386499166489,True,0.04093460738658905,image,11.884455063674839,0.06479693949222565,0.29876866936683655,False,ran,15,False
distortion_matched_clipped,precode,10.085518815842626,0.09805011749267578,0.05073688551783562,True,0.006140559911727905,image,10.366393244262984,0.09190955758094788,0.0813755914568901,False,ran,16,False
distortion_matched_clipped,precode,9.174225182993233,0.12094209343194962,0.13650022447109222,False,-0.08569230884313583,image,6.847973717107072,0.20663440227508545,0.02521388791501522,True,ran,17,False
distortion_matched_clipped,precode,9.826376947685276,0.10407880693674088,0.21699219942092896,True,0.03255704045295715,image,11.45561767636558,0.07152176648378372,0.3642311096191406,False,ran,18,False
distortion_matched_clipped,precode,9.724372508608392,0.10655228048563004,0.11050379276275635,True,0.03205854445695877,image,11.278802443329884,0.07449373602867126,0.1891237050294876,False,ran,19,False
distortion_matched_clipped,precode,9.389268548901878,0.11509942263364792,0.05272504314780235,True,0.033450812101364136,image,10.880512015371899,0.08164861053228378,0.09479164332151413,False,ran,20,False
distortion_matched_clipped,precode,9.871869650236222,0.10299426317214966,0.07364221662282944,False,-0.08577631413936615,image,7.240656959861945,0.1887705773115158,-0.004655660130083561,True,ran,21,False
distortion_matched_clipped,precode,8.345457794568404,0.14637072384357452,0.1865340620279312,False,-0.06788615882396698,image,6.690652181491124,0.2142568826675415,0.016109174117445946,True,ran,22,False
distortion_matched_clipped,precode,10.08841231191479,0.09798481315374374,0.10471227020025253,True,0.028054319322109222,image,11.553334048700625,0.06993049383163452,0.16712017357349396,False,ran,23,False
distortion_matched_clipped,precode,9.736048469731834,0.10626620054244995,0.1309727430343628,True,0.04540335014462471,image,12.156477121313412,0.06086285039782524,0.21699802577495575,False,ran,24,False
distortion_matched_clipped,precode,8.600616534057652,0.13801883161067963,0.02936110459268093,True,0.06976496428251266,image,11.658727360571842,0.06825386732816696,0.18031029403209686,False,ran,25,False
distortion_matched_clipped,precode,9.046375898545346,0.12455535680055618,0.04317553713917732,True,0.04934132844209671,image,11.237011504924572,0.07521402835845947,0.17608590424060822,False,ran,26,False
distortion_matched_clipped,precode,8.810000708200354,0.13152246177196503,0.14846698939800262,False,-0.06724126636981964,image,7.016628659402894,0.19876372814178467,-0.025002844631671906,True,ran,27,False
distortion_matched_clipped,precode,9.026505620889294,0.12512654066085815,0.0679389163851738,True,0.06659723445773125,image,12.32626623911437,0.05852930620312691,0.19203327596187592,False,ran,28,False
distortion_matched_clipped,precode,9.915803460200062,0.10195761173963547,0.10990273207426071,True,0.03480792045593262,image,11.729559796310443,0.06714969128370285,0.21010947227478027,False,ran,29,False
distortion_matched_clipped,precode,10.427147990506594,0.09063275903463364,0.08349538594484329,False,-0.009741529822349548,image,9.983775186406064,0.10037428885698318,0.10901248455047607,True,ran,30,False
distortion_matched_clipped,precode,9.974007145880773,0.10060030221939087,0.08482285588979721,True,0.032118260860443115,image,11.644233023946736,0.06848204135894775,0.18979334831237793,False,ran,31,False
distortion_matched_clipped,precode,10.39803463780647,0.09124236553907394,0.15299417078495026,True,0.03157376870512962,image,12.242541748999994,0.05966859683394432,0.1815318614244461,False,ran,32,False
distortion_matched_clipped,precode,9.215059863538386,0.11981026083230972,0.1518559455871582,True,0.046431779861450195,image,11.344312829425933,0.07337848097085953,0.278618186712265,False,ran,33,False
distortion_matched_clipped,precode,7.633102180237979,0.17246055603027344,0.13172699511051178,True,0.08021172136068344,image,10.350391113451975,0.09224883466959,0.2603687644004822,False,ran,34,False
distortion_matched_clipped,precode,9.43333438503528,0.11393746733665466,0.08720358461141586,True,0.04016850143671036,image,11.32126304478393,0.0737689658999443,0.17888033390045166,False,ran,35,False
distortion_matched_clipped,precode,9.106935600350722,0.12283056229352951,0.07241181284189224,True,0.0524664968252182,image,11.526490759876493,0.07036406546831131,0.23138202726840973,False,ran,36,False
distortion_matched_clipped,precode,9.972109540627896,0.10064426809549332,0.08167803287506104,True,0.034670040011405945,image,11.806256824384551,0.06597422808408737,0.17185156047344208,False,ran,37,False
distortion_matched_clipped,precode,9.013011762490855,0.1255159229040146,0.13432791829109192,True,0.06270276755094528,image,12.019493897195254,0.0628131553530693,0.26115432381629944,False,ran,38,False
distortion_matched_clipped,soteria,24.280833454785412,0.0037317853420972824,0.9005501866340637,False,-0.0316533911973238,image,14.511786333240854,0.03538517653942108,0.4201771914958954,True,ran,0,False
distortion_matched_clipped,soteria,19.686325341343156,0.010748985223472118,0.8439168334007263,False,-0.20900606829673052,image,6.580611290382496,0.21975505352020264,-0.0004485404642764479,True,ran,1,False
distortion_matched_clipped,soteria,26.106040847602273,0.0024512968957424164,0.9298762679100037,False,-0.03601837158203125,image,14.14881556321048,0.038469668477773666,0.3918443024158478,True,ran,2,False
distortion_matched_clipped,soteria,33.19705855733099,0.000478954374557361,0.9106119275093079,False,-0.0344366381468717,image,14.569805835355067,0.03491559252142906,0.15000712871551514,True,ran,3,False
distortion_matched_clipped,soteria,26.487642685209103,0.0022451002150774,0.897678792476654,False,-0.04023097641766071,image,13.71855604342816,0.04247607663273811,0.34207478165626526,True,ran,4,False
distortion_matched_clipped,soteria,28.50603745394099,0.0014105752343311906,0.9285839200019836,False,-0.021839429042302072,image,16.335769628893797,0.023250004276633263,0.3069290220737457,True,ran,5,False
distortion_matched_clipped,soteria,24.793306708116027,0.0033164185006171465,0.9082842469215393,False,-0.03740249085240066,image,13.902038629971688,0.04071890935301781,0.33194980025291443,True,ran,6,False
distortion_matched_clipped,soteria,23.942697227954636,0.004033947829157114,0.9195412993431091,False,-0.029946414288133383,image,14.68771997312085,0.0339803621172905,0.4828685522079468,True,ran,7,False
distortion_matched_clipped,soteria,21.1870620026985,0.007608408108353615,0.8929972052574158,False,-0.04890076257288456,image,12.478810662856246,0.056509170681238174,0.4654795229434967,True,ran,8,False
distortion_matched_clipped,soteria,29.54008177855547,0.001111710793338716,0.8677744269371033,False,-0.024479891755618155,image,15.919025176932218,0.02559160254895687,0.26755857467651367,True,ran,9,False
distortion_matched_clipped,soteria,24.286912938689152,0.003726565046235919,0.8969668745994568,False,-0.19738874514587224,image,6.965548668530062,0.20111531019210815,0.01586209610104561,True,ran,10,False
distortion_matched_clipped,soteria,24.26931553083776,0.0037416955456137657,0.9064638614654541,False,-0.042741493321955204,image,13.327040858654989,0.04648318886756897,0.36025920510292053,True,ran,11,False
distortion_matched_clipped,soteria,24.986956165377293,0.0031717896927148104,0.9078454971313477,False,-0.0321864343713969,image,14.515095564000752,0.03535822406411171,0.4795496463775635,True,ran,12,False
distortion_matched_clipped,soteria,23.742255793652348,0.0042244913056492805,0.8696455955505371,False,-0.051147627644240856,image,12.567088568269376,0.05537211894989014,0.39415860176086426,True,ran,13,False
distortion_matched_clipped,soteria,28.950446321941573,0.0012733722105622292,0.881816565990448,False,-0.0347959166392684,image,14.428624202444041,0.03606928884983063,0.17627139389514923,True,ran,14,False
distortion_matched_clipped,soteria,25.236390316936426,0.002994752721861005,0.9134872555732727,False,-0.03300228784792125,image,14.437332024839492,0.03599704056978226,0.44545698165893555,True,ran,15,False
distortion_matched_clipped,soteria,24.25863269464785,0.0037509107496589422,0.8134987950325012,False,-0.051162218907848,image,12.603238038911948,0.05491312965750694,0.13792850077152252,True,ran,16,False
distortion_matched_clipped,soteria,17.61212589128313,0.01732955500483513,0.7391566634178162,False,-0.18986648693680763,image,6.836185451590543,0.20719604194164276,-0.00972020160406828,True,ran,17,False
distortion_matched_clipped,soteria,24.21545189108499,0.003788391128182411,0.9390029907226562,False,-0.038299089297652245,image,13.758470725867234,0.042087480425834656,0.5187499523162842,True,ran,18,False
distortion_matched_clipped,soteria,26.076874297504,0.0024678148329257965,0.8987008929252625,False,-0.0424928143620491,image,13.471676197256144,0.0449606291949749,0.2838903069496155,True,ran,19,False
distortion_matched_clipped,soteria,29.43819912463094,0.0011380991199985147,0.9139143824577332,False,-0.04766695888247341,image,13.115351667527918,0.048805058002471924,0.1900743693113327,True,ran,20,False
distortion_matched_clipped,soteria,19.1347663092999,0.012204594910144806,0.8409106731414795,False,-0.1744590774178505,image,7.289401943305629,0.1866636723279953,-0.005745896603912115,True,ran,21,False
distortion_matched_clipped,soteria,17.79826331614148,0.01660250686109066,0.7706200480461121,False,-0.20120800472795963,image,6.6192116491558926,0.2178105115890503,-0.0016897773602977395,True,ran,22,False
distortion_matched_clipped,soteria,29.651642311359048,0.0010835170978680253,0.9311134815216064,False,-0.030614490038715303,image,14.989680411510584,0.03169800713658333,0.33250656723976135,True,ran,23,False
distortion_matched_clipped,soteria,26.27623597133239,0.002357091289013624,0.8956375122070312,False,-0.02891241805627942,image,15.04878933285482,0.031269509345293045,0.395581990480423,True,ran,24,False
distortion_matched_clipped,soteria,29.490067960776727,0.0011245873756706715,0.9239112734794617,False,-0.032342016231268644,image,14.753883602328957,0.033466603606939316,0.3585073947906494,True,ran,25,False
distortion_matched_clipped,soteria,24.137251379349422,0.003857224015519023,0.8757454752922058,False,-0.041864094557240605,image,13.398812533288993,0.04572131857275963,0.28874197602272034,True,ran,26,False
distortion_matched_clipped,soteria,22.02578423207267,0.006272224243730307,0.9099724292755127,False,-0.18511502677574754,image,7.180869954844619,0.19138725101947784,0.01218605786561966,True,ran,27,False
distortion_matched_clipped,soteria,23.32424243695823,0.004651315044611692,0.8853462338447571,False,-0.03162821801379323,image,14.403383112333074,0.03627953305840492,0.31195712089538574,True,ran,28,False
distortion_matched_clipped,soteria,24.06661360455829,0.0039204745553433895,0.8572322726249695,False,-0.03393456945195794,image,14.218762446027828,0.03785504400730133,0.3245210647583008,True,ran,29,False
distortion_matched_clipped,soteria,24.28127216382139,0.003731408389285207,0.8823474049568176,False,-0.0481123651843518,image,12.853033948195112,0.05184377357363701,0.21981535851955414,True,ran,30,False
distortion_matched_clipped,soteria,30.970659934585008,0.0007997127249836922,0.9412410855293274,False,-0.03451783489435911,image,14.520094605974068,0.035317547619342804,0.3351954519748688,True,ran,31,False
distortion_matched_clipped,soteria,26.963586654911076,0.0020120618864893913,0.8857225775718689,False,-0.0268723638728261,image,15.393362620862023,0.02888442575931549,0.32814154028892517,True,ran,32,False
distortion_matched_clipped,soteria,25.257333683659905,0.0029803456272929907,0.9272964000701904,False,-0.03549110353924334,image,14.148614541097096,0.03847144916653633,0.4469378888607025,True,ran,33,False
distortion_matched_clipped,soteria,22.8552613512918,0.005181719083338976,0.9109671711921692,False,-0.05617618141695857,image,12.121295091753568,0.061357900500297546,0.37456420063972473,True,ran,34,False
distortion_matched_clipped,soteria,23.671818462875294,0.004293566104024649,0.9019972681999207,False,-0.038587911520153284,image,13.677302579941506,0.04288147762417793,0.2783351242542267,True,ran,35,False
distortion_matched_clipped,soteria,25.81417652351547,0.0026216960977762938,0.9267470240592957,False,-0.03219923679716885,image,14.581595977879127,0.034820932894945145,0.43842652440071106,True,ran,36,False
distortion_matched_clipped,soteria,26.222675204236072,0.0023863408714532852,0.9163971543312073,False,-0.029099395498633385,image,15.018861452164336,0.03148573637008667,0.37324896454811096,True,ran,37,False
distortion_matched_clipped,soteria,22.964650250146804,0.00505283335223794,0.8822033405303955,False,-0.026874323841184378,image,14.958397494897905,0.03192715719342232,0.46178770065307617,True,ran,38,False
paper_unclipped,gradient_pruning,20.757107141341898,0.00840019341558218,0.7687404155731201,False,-0.002405574545264244,image,19.663443625793477,0.010805767960846424,0.7037436962127686,True,ran,0,False
paper_unclipped,gradient_pruning,14.081990052871888,0.03906618431210518,0.4966423213481903,False,-0.17538240179419518,image,6.686768127881908,0.21444858610630035,0.019427426159381866,True,ran,1,False
paper_unclipped,gradient_pruning,21.371213298866362,0.007292537484318018,0.7503531575202942,False,-0.006556328851729631,image,18.58585776357645,0.01384886633604765,0.6301565766334534,True,ran,2,False
paper_unclipped,gradient_pruning,28.553187358750456,0.0013953439192846417,0.7427329421043396,False,-0.008946142042987049,image,19.854170532296926,0.01034148596227169,0.3536105155944824,True,ran,3,False
paper_unclipped,gradient_pruning,22.312949638550542,0.00587090477347374,0.7420666813850403,False,-0.007154102437198162,image,18.852220276020155,0.013025007210671902,0.6040774583816528,True,ran,4,False
paper_unclipped,gradient_pruning,24.867828151003128,0.003259996883571148,0.8198471069335938,False,-0.004420061130076647,image,21.146354993809943,0.007680058013647795,0.4767979085445404,True,ran,5,False
paper_unclipped,gradient_pruning,20.81009200606712,0.008298331871628761,0.7914145588874817,False,-0.005947147496044636,image,18.463229319469665,0.014245479367673397,0.6064614653587341,True,ran,6,False
paper_unclipped,gradient_pruning,19.75451315440116,0.010581535287201405,0.7904462218284607,False,-0.0048247529193758965,image,18.12301982019707,0.015406288206577301,0.6528858542442322,True,ran,7,False
paper_unclipped,gradient_pruning,17.00903463287638,0.019911158829927444,0.7081427574157715,False,-0.008742572739720345,image,15.42818811931248,0.02865373156964779,0.6507929563522339,True,ran,8,False
paper_unclipped,gradient_pruning,26.507099815447972,0.002235064283013344,0.7470166087150574,False,-0.004263279959559441,image,21.87197286113557,0.006498344242572784,0.5487881302833557,True,ran,9,False
paper_unclipped,gradient_pruning,19.15225100727477,0.012155557982623577,0.6776647567749023,False,-0.18104817438870668,image,7.139844880001526,0.19320373237133026,4.773959517478943e-05,True,ran,10,False
paper_unclipped,gradient_pruning,19.38619671560134,0.011518086306750774,0.7334349751472473,False,-0.006914353929460049,image,17.3441716554237,0.018432440236210823,0.5826089978218079,True,ran,11,False
paper_unclipped,gradient_pruning,20.563348953271085,0.008783449418842793,0.7824294567108154,False,-0.004909316077828407,image,18.635088295394794,0.0136927654966712,0.689058780670166,True,ran,12,False
paper_unclipped,gradient_pruning,19.349839298892284,0.011614915914833546,0.7079998850822449,False,-0.0069590406492352486,image,17.310955744016013,0.018573956564068794,0.6131623387336731,True,ran,13,False
paper_unclipped,gradient_pruning,24.745812945219406,0.00335288536734879,0.6796252727508545,False,-0.008545326767489314,image,19.24518292246798,0.011898212134838104,0.43435606360435486,True,ran,14,False
paper_unclipped,gradient_pruning,21.171198355629436,0.007636250462383032,0.7562475800514221,False,-0.0050286962650716305,image,18.97396632641782,0.012664946727454662,0.6981873512268066,True,ran,15,False
paper_unclipped,gradient_pruning,23.429182566864498,0.004540270660072565,0.6815506815910339,False,-0.017319548409432173,image,16.603534369627518,0.021859819069504738,0.32605934143066406,True,ran,16,False
paper_unclipped,gradient_pruning,15.334478336935952,0.029278725385665894,0.5615175366401672,False,-0.18523617088794708,image,6.685425442960219,0.21451489627361298,0.005708959419280291,True,ran,17,False
paper_unclipped,gradient_pruning,19.060062914275903,0.012416343204677105,0.7765346169471741,False,-0.007306567393243313,image,17.050289938907483,0.019722910597920418,0.6833080649375916,True,ran,18,False
paper_unclipped,gradient_pruning,21.39354830278455,0.007255129516124725,0.7008967399597168,False,-0.009785767644643784,image,17.685075444452348,0.01704089716076851,0.5337651968002319,True,ran,19,False
paper_unclipped,gradient_pruning,23.895835916688917,0.004077710676938295,0.7405479550361633,False,-0.011904553975909948,image,17.963616820589273,0.015982264652848244,0.44104862213134766,True,ran,20,False
paper_unclipped,gradient_pruning,14.588292689997411,0.034767281264066696,0.4790104329586029,False,-0.15689002349972725,image,7.174746235364212,0.19165730476379395,-0.002580738626420498,True,ran,21,False
paper_unclipped,gradient_pruning,13.31192087755612,0.04664530232548714,0.4587195813655853,False,-0.17041609808802605,image,6.634173993822632,0.21706140041351318,-0.0013843877241015434,True,ran,22,False
paper_unclipped,gradient_pruning,24.69661150426283,0.003391086356714368,0.7779800295829773,False,-0.006644487148150802,image,19.984578037563338,0.01003557350486517,0.5741829872131348,True,ran,23,False
paper_unclipped,gradient_pruning,22.49314513555882,0.005632296204566956,0.7463110089302063,False,-0.004876401275396347,image,19.78451110072616,0.010508697479963303,0.6192145347595215,True,ran,24,False
paper_unclipped,gradient_pruning,24.120264565454093,0.0038723405450582504,0.7671429514884949,False,-0.0071435412392020226,image,19.57980733310221,0.011015881784260273,0.57584148645401,True,ran,25,False
paper_unclipped,gradient_pruning,20.65964897244671,0.00859082955867052,0.7302685379981995,False,-0.011760060675442219,image,16.914165881436084,0.02035089023411274,0.4882817268371582,True,ran,26,False
paper_unclipped,gradient_pruning,15.706576000873675,0.02687462419271469,0.6047439575195312,False,-0.1741231307387352,image,6.968087934567652,0.2009977549314499,0.012992997653782368,True,ran,27,False
paper_unclipped,gradient_pruning,20.322003991764618,0.009285378269851208,0.7037129402160645,False,-0.004395605996251106,image,18.638826565662,0.013680984266102314,0.629015326499939,True,ran,28,False
paper_unclipped,gradient_pruning,20.088404138746263,0.009798499755561352,0.6549761891365051,False,-0.005161810666322708,image,18.250593948998585,0.01496031042188406,0.5734128355979919,True,ran,29,False
paper_unclipped,gradient_pruning,18.093522341715563,0.015511284582316875,0.6721461415290833,False,-0.010472823865711689,image,15.85292179851092,0.025984108448028564,0.45077934861183167,True,ran,30,False
paper_unclipped,gradient_pruning,24.86023549609241,0.0032657012343406677,0.7977713942527771,False,-0.008893772959709167,image,19.150852046323585,0.012159474194049835,0.5189734101295471,True,ran,31,False
paper_unclipped,gradient_pruning,23.056654320458488,0.004946916364133358,0.7181646227836609,False,-0.004845156334340572,image,20.091253708900105,0.00979207269847393,0.5935633778572083,True,ran,32,False
paper_unclipped,gradient_pruning,20.385147566840686,0.009151351638138294,0.7783923745155334,False,-0.00573477428406477,image,18.272183116180532,0.014886125922203064,0.6716880798339844,True,ran,33,False
paper_unclipped,gradient_pruning,18.203456427385994,0.015123571269214153,0.7519484162330627,False,-0.011370657943189144,image,15.768487107474733,0.026494229212403297,0.6102933883666992,True,ran,34,False
paper_unclipped,gradient_pruning,20.32766608564051,0.009273280389606953,0.7558071613311768,False,-0.007995524443686008,image,17.627377187305825,0.01726880483329296,0.5305482745170593,True,ran,35,False
paper_unclipped,gradient_pruning,20.685322865861924,0.008540193550288677,0.7601384520530701,False,-0.005946002900600433,image,18.390456295205993,0.01448619645088911,0.6336517930030823,True,ran,36,False
paper_unclipped,gradient_pruning,21.613536060327483,0.006896780338138342,0.7539446949958801,False,-0.005427523050457239,image,19.09237619153284,0.012324303388595581,0.5844752788543701,True,ran,37,False
paper_unclipped,gradient_pruning,19.236909520797894,0.011920900084078312,0.7096571922302246,False,-0.0014051049947738647,image,18.753000255480675,0.013326005078852177,0.6816832423210144,True,ran,38,False
paper_unclipped,precode,9.313882844269104,0.11711478233337402,0.14963555335998535,True,0.11243144096806645,image,23.294441856588275,0.0046833413653075695,0.8737964630126953,False,ran,0,False
paper_unclipped,precode,8.436249051960203,0.1433425396680832,0.06622340530157089,False,-0.021161824464797974,image,7.83822576171831,0.16450436413288116,0.060141030699014664,True,ran,1,False
paper_unclipped,precode,9.214724176355926,0.1198195219039917,0.08668851852416992,True,0.11565928952768445,image,23.80882410495999,0.004160232376307249,0.8711023330688477,False,ran,2,False
paper_unclipped,precode,10.71660751590012,0.08478894829750061,0.0059507195837795734,True,0.08396842022193596,image,30.85906554337639,0.0008205280755646527,0.8442427515983582,False,ran,3,False
paper_unclipped,precode,9.568426016310303,0.11044788360595703,0.09371066838502884,True,0.10713889822363853,image,24.803051513630958,0.0033089853823184967,0.8473132252693176,False,ran,4,False
paper_unclipped,precode,9.941391414866738,0.10135865956544876,0.07950615137815475,True,0.09940822853241116,image,27.098694016714646,0.001950431033037603,0.9003189206123352,False,ran,5,False
paper_unclipped,precode,8.94333368316771,0.12754593789577484,0.07741621881723404,True,0.12271899310871959,image,23.163276688246416,0.004826944787055254,0.8740952610969543,False,ran,6,False
paper_unclipped,precode,8.99857242512217,0.1259339302778244,0.0532555878162384,True,0.12047584028914571,image,22.62959308302543,0.005458089988678694,0.8950135707855225,False,ran,7,False
paper_unclipped,precode,7.995854298476948,0.15864068269729614,0.12368107587099075,True,0.14748539496213198,image,19.525192232122883,0.011155287735164165,0.8406291007995605,False,ran,8,False
paper_unclipped,precode,10.996315028082664,0.07950025051832199,0.10405915975570679,True,0.07801498612388968,image,28.281962299681226,0.0014852643944323063,0.828499972820282,False,ran,9,False
paper_unclipped,precode,10.175134035412949,0.09604761749505997,0.11808200925588608,False,-0.08340898901224136,image,7.460405489392549,0.17945660650730133,0.03860214725136757,True,ran,10,False
paper_unclipped,precode,8.818814291885936,0.13125582039356232,0.0728239193558693,True,0.12523947237059474,image,22.206670493973412,0.006016348022967577,0.8523073196411133,False,ran,11,False
paper_unclipped,precode,8.76797643434352,0.13280130922794342,0.15287913382053375,True,0.12851698836311698,image,23.681180110882494,0.004284320864826441,0.8831899166107178,False,ran,12,False
paper_unclipped,precode,8.653621631454616,0.1363445669412613,0.1559879630804062,True,0.13049237011000514,image,22.326810753541693,0.005852196831256151,0.826414167881012,False,ran,13,False
paper_unclipped,precode,10.465125254623004,0.08984366804361343,0.05523432418704033,True,0.08771508559584618,image,26.719095233506476,0.0021285824477672577,0.7910498976707458,False,ran,14,False
paper_unclipped,precode,9.757954139104202,0.1057315468788147,0.09320386499166489,True,0.10141708189621568,image,23.650730515156376,0.00431446498259902,0.8711277842521667,False,ran,15,False
paper_unclipped,precode,10.085518815842626,0.09805011749267578,0.05073688551783562,True,0.0949788298457861,image,25.126795070324178,0.0030712876468896866,0.7879135012626648,False,ran,16,False
paper_unclipped,precode,9.174225182993233,0.12094209343194962,0.13650022447109222,False,-0.07584717124700546,image,7.0599859705233206,0.19678926467895508,0.004804231692105532,True,ran,17,False
paper_unclipped,precode,9.826376947685276,0.10407880693674088,0.21699219942092896,True,0.09749366575852036,image,21.81434909803961,0.0065851411782205105,0.889841616153717,False,ran,18,False
paper_unclipped,precode,9.724372508608392,0.10655228048563004,0.11050379276275635,True,0.1026526631321758,image,24.089780056494693,0.003899617353454232,0.840330183506012,False,ran,19,False
paper_unclipped,precode,9.389268548901878,0.11509942263364792,0.05272504314780235,True,0.11294068885035813,image,26.658009118931414,0.00215873378328979,0.8541345000267029,False,ran,20,False
paper_unclipped,precode,9.871869650236222,0.10299426317214966,0.07364221662282944,False,-0.08975259959697723,image,7.150126819833336,0.1927468627691269,0.012918774038553238,True,ran,21,False
paper_unclipped,precode,8.345457794568404,0.14637072384357452,0.1865340620279312,False,-0.03690418601036072,image,7.368969854350155,0.18327490985393524,0.06783439964056015,True,ran,22,False
paper_unclipped,precode,10.08841231191479,0.09798481315374374,0.10471227020025253,True,0.09618456475436687,image,27.446675665434878,0.0018002483993768692,0.8837801814079285,False,ran,23,False
paper_unclipped,precode,9.736048469731834,0.10626620054244995,0.1309727430343628,True,0.10303998249582946,image,24.91306283802626,0.003226218046620488,0.8637885451316833,False,ran,24,False
paper_unclipped,precode,8.600616534057652,0.13801883161067963,0.02936110459268093,True,0.13605051417835057,image,27.05904861193316,0.0019683174323290586,0.8731145858764648,False,ran,25,False
paper_unclipped,precode,9.046375898545346,0.12455535680055618,0.04317553713917732,True,0.11965404078364372,image,23.096872950436456,0.00490131601691246,0.8415643572807312,False,ran,26,False
paper_unclipped,precode,8.810000708200354,0.13152246177196503,0.14846698939800262,False,-0.04370392858982086,image,7.5640048535180355,0.1752263903617859,0.026954608038067818,True,ran,27,False
paper_unclipped,precode,9.026505620889294,0.12512654066085815,0.0679389163851738,True,0.11904284730553627,image,22.15832684403364,0.006083693355321884,0.8418856263160706,False,ran,28,False
paper_unclipped,precode,9.915803460200062,0.10195761173963547,0.10990273207426071,True,0.09610353782773018,image,22.325417985865496,0.005854073911905289,0.7863057255744934,False,ran,29,False
paper_unclipped,precode,10.427147990506594,0.09063275903463364,0.08349538594484329,True,0.0867119487375021,image,24.066241699165822,0.003920810297131538,0.8498258590698242,False,ran,30,False
paper_unclipped,precode,9.974007145880773,0.10060030221939087,0.08482285588979721,True,0.09903574304189533,image,28.056080055611147,0.0015645591774955392,0.8957560062408447,False,ran,31,False
paper_unclipped,precode,10.39803463780647,0.09124236553907394,0.15299417078495026,True,0.08844761759974062,image,25.536573553958142,0.0027947479393333197,0.8406794667243958,False,ran,32,False
paper_unclipped,precode,9.215059863538386,0.11981026083230972,0.1518559455871582,True,0.11533068818971515,image,23.487634163179038,0.004479572642594576,0.8885412216186523,False,ran,33,False
paper_unclipped,precode,7.633102180237979,0.17246055603027344,0.13172699511051178,True,0.1653643287718296,image,21.48972484564759,0.007096227258443832,0.8747339248657227,False,ran,34,False
paper_unclipped,precode,9.43333438503528,0.11393746733665466,0.08720358461141586,True,0.10935766249895096,image,23.391530284839593,0.004579804837703705,0.8638806343078613,False,ran,35,False
paper_unclipped,precode,9.106935600350722,0.12283056229352951,0.07241181284189224,True,0.118574274238199,image,23.709689877132035,0.004256288055330515,0.8740754723548889,False,ran,36,False
paper_unclipped,precode,9.972109540627896,0.10064426809549332,0.08167803287506104,True,0.09714557160623372,image,24.560937307828716,0.0034986964892596006,0.8718639016151428,False,ran,37,False
paper_unclipped,precode,9.013011762490855,0.1255159229040146,0.13432791829109192,True,0.11913550784811378,image,21.951510688298885,0.006380415055900812,0.846195638179779,False,ran,38,False
paper_unclipped,soteria,24.280833454785412,0.0037317853420972824,0.9005501866340637,False,-0.009638872928917408,image,18.73847210805945,0.01337065827101469,0.6636837720870972,True,ran,0,False
paper_unclipped,soteria,19.686325341343156,0.010748985223472118,0.8439168334007263,False,-0.20139713305979967,image,6.733649102729402,0.2121461182832718,-0.007808653637766838,True,ran,1,False
paper_unclipped,soteria,26.106040847602273,0.0024512968957424164,0.9298762679100037,False,-0.012401686049997807,image,18.28186317607385,0.014852982945740223,0.6317071914672852,True,ran,2,False
paper_unclipped,soteria,33.19705855733099,0.000478954374557361,0.9106119275093079,False,-0.01013612249516882,image,19.740768565166324,0.010615076869726181,0.3307740390300751,True,ran,3,False
paper_unclipped,soteria,26.487642685209103,0.0022451002150774,0.897678792476654,False,-0.010621693916618824,image,18.90529647683806,0.012866794131696224,0.6263269186019897,True,ran,4,False
paper_unclipped,soteria,28.50603745394099,0.0014105752343311906,0.9285839200019836,False,-0.006553464918397367,image,20.988665590333163,0.007964040152728558,0.4563460350036621,True,ran,5,False
paper_unclipped,soteria,24.793306708116027,0.0033164185006171465,0.9082842469215393,False,-0.011415678774937987,image,18.31735422175437,0.014732097275555134,0.5952802300453186,True,ran,6,False
paper_unclipped,soteria,23.942697227954636,0.004033947829157114,0.9195412993431091,False,-0.00948994280770421,image,18.688983498849502,0.013523890636861324,0.673614501953125,True,ran,7,False
paper_unclipped,soteria,21.1870620026985,0.007608408108353615,0.8929972052574158,False,-0.01908734254539013,image,15.735578627740347,0.026695750653743744,0.6697339415550232,True,ran,8,False
paper_unclipped,soteria,29.54008177855547,0.001111710793338716,0.8677744269371033,False,-0.005968476762063801,image,21.499552376213206,0.007080187555402517,0.5433031320571899,True,ran,9,False
paper_unclipped,soteria,24.286912938689152,0.003726565046235919,0.8969668745994568,False,-0.18736662645824254,image,7.1875478622970865,0.19109319150447845,0.013410493731498718,True,ran,10,False
paper_unclipped,soteria,24.26931553083776,0.0037416955456137657,0.9064638614654541,False,-0.017780995927751064,image,16.671034198578386,0.02152269147336483,0.5879735350608826,True,ran,11,False
paper_unclipped,soteria,24.986956165377293,0.0031717896927148104,0.9078454971313477,False,-0.012731830356642604,image,17.985040084773562,0.015903620049357414,0.6810205578804016,True,ran,12,False
paper_unclipped,soteria,23.742255793652348,0.0042244913056492805,0.8696455955505371,False,-0.012996294535696507,image,17.63947034138288,0.017220785841345787,0.6499698758125305,True,ran,13,False
paper_unclipped,soteria,28.950446321941573,0.0012733722105622292,0.881816565990448,False,-0.010297453962266445,image,19.3663563072061,0.011570826172828674,0.4398545026779175,True,ran,14,False
paper_unclipped,soteria,25.236390316936426,0.002994752721861005,0.9134872555732727,False,-0.01009968644939363,image,18.829130974712967,0.013094439171254635,0.6768962740898132,True,ran,15,False
paper_unclipped,soteria,24.25863269464785,0.0037509107496589422,0.8134987950325012,False,-0.01844246336258948,image,16.537766659097592,0.02219337411224842,0.3007240295410156,True,ran,16,False
paper_unclipped,soteria,17.61212589128313,0.01732955500483513,0.7391566634178162,False,-0.18717965856194496,image,6.8928712134331835,0.2045092135667801,-0.012300803326070309,True,ran,17,False
paper_unclipped,soteria,24.21545189108499,0.003788391128182411,0.9390029907226562,False,-0.011133062653243542,image,18.261888619509257,0.014921453781425953,0.7817488312721252,True,ran,18,False
paper_unclipped,soteria,26.076874297504,0.0024678148329257965,0.8987008929252625,False,-0.014971178025007248,image,17.584786001874107,0.017438992857933044,0.509087860584259,True,ran,19,False
paper_unclipped,soteria,29.43819912463094,0.0011380991199985147,0.9139143824577332,False,-0.01454804593231529,image,18.04483773316225,0.015686145052313805,0.40611323714256287,True,ran,20,False
paper_unclipped,soteria,19.1347663092999,0.012204594910144806,0.8409106731414795,False,-0.17739666253328323,image,7.22158786729328,0.18960125744342804,0.006385975982993841,True,ran,21,False
paper_unclipped,soteria,17.79826331614148,0.01660250686109066,0.7706200480461121,False,-0.20432055927813053,image,6.557589379356684,0.2209230661392212,0.00429269066080451,True,ran,22,False
paper_unclipped,soteria,29.651642311359048,0.0010835170978680253,0.9311134815216064,False,-0.009336063056252897,image,19.82149780117302,0.010419580154120922,0.5528547167778015,True,ran,23,False
paper_unclipped,soteria,26.27623597133239,0.002357091289013624,0.8956375122070312,False,-0.008403096813708544,image,19.681801365450738,0.010760188102722168,0.6210909485816956,True,ran,24,False
paper_unclipped,soteria,29.490067960776727,0.0011245873756706715,0.9239112734794617,False,-0.010121073108166456,image,19.490150323526564,0.011245660483837128,0.603799045085907,True,ran,25,False
paper_unclipped,soteria,24.137251379349422,0.003857224015519023,0.8757454752922058,False,-0.013175166444852948,image,17.687243954376754,0.01703239046037197,0.5018239617347717,True,ran,26,False
paper_unclipped,soteria,22.02578423207267,0.006272224243730307,0.9099724292755127,False,-0.18202395970001817,image,7.251584814117265,0.18829618394374847,0.04579836130142212,True,ran,27,False
paper_unclipped,soteria,23.32424243695823,0.004651315044611692,0.8853462338447571,False,-0.009302112739533186,image,18.553190909658646,0.013953427784144878,0.616321861743927,True,ran,28,False
paper_unclipped,soteria,24.06661360455829,0.0039204745553433895,0.8572322726249695,False,-0.01211382495239377,image,17.949500083934463,0.01603429950773716,0.551210880279541,True,ran,29,False
paper_unclipped,soteria,24.28127216382139,0.003731408389285207,0.8823474049568176,False,-0.016142972512170672,image,17.01706390986922,0.01987438090145588,0.4635070860385895,True,ran,30,False
paper_unclipped,soteria,30.970659934585008,0.0007997127249836922,0.9412410855293274,False,-0.012722386047244072,image,18.68955896082432,0.013522098772227764,0.5053018927574158,True,ran,31,False
paper_unclipped,soteria,26.963586654911076,0.0020120618864893913,0.8857225775718689,False,-0.008490108884871006,image,19.78720924112521,0.010502170771360397,0.591434121131897,True,ran,32,False
paper_unclipped,soteria,25.257333683659905,0.0029803456272929907,0.9272964000701904,False,-0.010958538623526692,image,18.55771988297215,0.013938884250819683,0.7066385746002197,True,ran,33,False
paper_unclipped,soteria,22.8552613512918,0.005181719083338976,0.9109671711921692,False,-0.01634950516745448,image,16.669312757850523,0.021531224250793457,0.6287238597869873,True,ran,34,False
paper_unclipped,soteria,23.671818462875294,0.004293566104024649,0.9019972681999207,False,-0.017303232569247484,image,16.656106202181487,0.021596798673272133,0.47905078530311584,True,ran,35,False
paper_unclipped,soteria,25.81417652351547,0.0026216960977762938,0.9267470240592957,False,-0.012135274009779096,image,18.310028024483827,0.01475697010755539,0.6290911436080933,True,ran,36,False
paper_unclipped,soteria,26.222675204236072,0.0023863408714532852,0.9163971543312073,False,-0.009068622253835201,image,19.41006304511206,0.011454963125288486,0.6106075644493103,True,ran,37,False
paper_unclipped,soteria,22.964650250146804,0.00505283335223794,0.8822033405303955,False,-0.010412668343633413,image,18.106359870598034,0.015465501695871353,0.6783599257469177,True,ran,38,False
