domain,stage,evaluation,defense,target_id,defended_score,comparator,comparator_score,score_diff_defended_minus_comparator,outcome
image,S1,E1,ats,0,0.07909198850393295,undefended,0.004706770647317171,0.07438521785661578,defense_worse
image,S1,E1,ats,0,0.07909198850393295,gray,0.06836853176355362,0.010723456740379333,defense_worse
image,S1,E1,ats,0,0.07909198850393295,cifar_mean,0.05908755585551262,0.020004432648420334,defense_worse
image,S1,E1,ats,1,0.08945665508508682,undefended,0.024980826303362846,0.06447582878172398,defense_worse
image,S1,E1,ats,1,0.08945665508508682,gray,0.08852749317884445,0.0009291619062423706,defense_worse
image,S1,E1,ats,1,0.08945665508508682,cifar_mean,0.07898834347724915,0.010468311607837677,defense_worse
image,S1,E1,ats,2,0.04717167094349861,undefended,0.004142375197261572,0.04302929574623704,defense_worse
image,S1,E1,ats,2,0.04717167094349861,gray,0.03789061680436134,0.009281054139137268,defense_worse
image,S1,E1,ats,2,0.04717167094349861,cifar_mean,0.03774023428559303,0.009431436657905579,defense_worse
image,S1,E1,ats,3,0.01799437403678894,undefended,0.0008231056854128838,0.017171268351376057,defense_worse
image,S1,E1,ats,3,0.01799437403678894,gray,0.01722257398068905,0.0007718000560998917,defense_worse
image,S1,E1,ats,3,0.01799437403678894,cifar_mean,0.012870135717093945,0.005124238319694996,defense_worse
image,S1,E1,ats,4,0.042309727519750595,undefended,0.003277108073234558,0.03903261944651604,defense_worse
image,S1,E1,ats,4,0.042309727519750595,gray,0.036615367978811264,0.005694359540939331,defense_worse
image,S1,E1,ats,4,0.042309727519750595,cifar_mean,0.04208303615450859,0.0002266913652420044,defense_worse
image,S1,E1,ats,5,0.023761548101902008,undefended,0.0018688412383198738,0.021892706863582134,defense_worse
image,S1,E1,ats,5,0.023761548101902008,gray,0.026727141812443733,-0.002965593710541725,defense_better
image,S1,E1,ats,5,0.023761548101902008,cifar_mean,0.03304671123623848,-0.009285163134336472,defense_better
image,S1,E1,ats,6,0.061545517295598984,undefended,0.004536319524049759,0.057009197771549225,defense_worse
image,S1,E1,ats,6,0.061545517295598984,gray,0.07497305423021317,-0.013427536934614182,defense_better
image,S1,E1,ats,6,0.061545517295598984,cifar_mean,0.07600322365760803,-0.014457706362009048,defense_better
image,S1,E1,ats,7,0.07750941067934036,undefended,0.005362140480428934,0.07214727019891143,defense_worse
image,S1,E1,ats,7,0.07750941067934036,gray,0.06829913705587387,0.009210273623466492,defense_worse
image,S1,E1,ats,7,0.07750941067934036,cifar_mean,0.06208273768424988,0.015426672995090485,defense_worse
image,S1,E1,ats,8,0.10599634796380997,undefended,0.010855219326913357,0.09514112863689661,defense_worse
image,S1,E1,ats,8,0.10599634796380997,gray,0.09810922294855118,0.007887125015258789,defense_worse
image,S1,E1,ats,8,0.10599634796380997,cifar_mean,0.09977050870656967,0.006225839257240295,defense_worse
image,S1,E1,ats,9,0.02483019232749939,undefended,0.00146502407733351,0.02336516825016588,defense_worse
image,S1,E1,ats,9,0.02483019232749939,gray,0.019798846915364265,0.005031345412135124,defense_worse
image,S1,E1,ats,9,0.02483019232749939,cifar_mean,0.01531787496060133,0.00951231736689806,defense_worse
image,S1,E1,ats,10,0.07571789622306824,undefended,0.006761723663657904,0.06895617255941033,defense_worse
image,S1,E1,ats,10,0.07571789622306824,gray,0.06507482379674911,0.010643072426319122,defense_worse
image,S1,E1,ats,10,0.07571789622306824,cifar_mean,0.057298582047224045,0.018419314175844193,defense_worse
image,S1,E1,ats,11,0.07495376467704773,undefended,0.006578516215085983,0.06837524846196175,defense_worse
image,S1,E1,ats,11,0.07495376467704773,gray,0.07745186239480972,-0.0024980977177619934,defense_better
image,S1,E1,ats,11,0.07495376467704773,cifar_mean,0.08220136165618896,-0.007247596979141235,defense_better
image,S1,E1,ats,12,0.06364418566226959,undefended,0.0041951690800487995,0.05944901658222079,defense_worse
image,S1,E1,ats,12,0.06364418566226959,gray,0.06793449074029922,-0.004290305078029633,defense_better
image,S1,E1,ats,12,0.06364418566226959,cifar_mean,0.07632744312286377,-0.012683257460594177,defense_better
image,S1,E1,ats,13,0.13094942271709442,undefended,0.005629302468150854,0.12532012024894357,defense_worse
image,S1,E1,ats,13,0.13094942271709442,gray,0.11894144862890244,0.012007974088191986,defense_worse
image,S1,E1,ats,13,0.13094942271709442,cifar_mean,0.10724415630102158,0.023705266416072845,defense_worse
image,S1,E1,ats,14,0.034067947417497635,undefended,0.0021304308902472258,0.03193751652725041,defense_worse
image,S1,E1,ats,14,0.034067947417497635,gray,0.03928070887923241,-0.005212761461734772,defense_better
image,S1,E1,ats,14,0.034067947417497635,cifar_mean,0.030334383249282837,0.003733564168214798,defense_worse
image,S1,E1,ats,15,0.04422510042786598,undefended,0.004315893165767193,0.03990920726209879,defense_worse
image,S1,E1,ats,15,0.04422510042786598,gray,0.04617581143975258,-0.0019507110118865967,defense_better
image,S1,E1,ats,15,0.04422510042786598,cifar_mean,0.04367084428668022,0.0005542561411857605,defense_worse
image,S1,E1,ats,16,0.09542191028594971,undefended,0.0029802408535033464,0.09244166943244636,defense_worse
image,S1,E1,ats,16,0.09542191028594971,gray,0.09657040238380432,-0.0011484920978546143,defense_better
image,S1,E1,ats,16,0.09542191028594971,cifar_mean,0.07972066104412079,0.01570124924182892,defense_worse
image,S1,E1,ats,17,0.08724632859230042,undefended,0.033151447772979736,0.05409488081932068,defense_worse
image,S1,E1,ats,17,0.08724632859230042,gray,0.06958158314228058,0.017664745450019836,defense_worse
image,S1,E1,ats,17,0.08724632859230042,cifar_mean,0.0689285472035408,0.018317781388759613,defense_worse
image,S1,E1,ats,18,0.08421102911233902,undefended,0.006348513066768646,0.07786251604557037,defense_worse
image,S1,E1,ats,18,0.08421102911233902,gray,0.0656706690788269,0.018540360033512115,defense_worse
image,S1,E1,ats,18,0.08421102911233902,cifar_mean,0.061703283339738846,0.022507745772600174,defense_worse
image,S1,E1,ats,19,0.07478255033493042,undefended,0.0038600533735007048,0.07092249696142972,defense_worse
image,S1,E1,ats,19,0.07478255033493042,gray,0.06584482640028,0.008937723934650421,defense_worse
image,S1,E1,ats,19,0.07478255033493042,cifar_mean,0.05957019329071045,0.01521235704421997,defense_worse
image,S1,E1,ats,20,0.07920894026756287,undefended,0.0020342699717730284,0.07717467029578984,defense_worse
image,S1,E1,ats,20,0.07920894026756287,gray,0.06611363589763641,0.013095304369926453,defense_worse
image,S1,E1,ats,20,0.07920894026756287,cifar_mean,0.07447463274002075,0.004734307527542114,defense_worse
image,S1,E1,ats,21,0.06950628012418747,undefended,0.021703770384192467,0.047802509739995,defense_worse
image,S1,E1,ats,21,0.06950628012418747,gray,0.060139626264572144,0.009366653859615326,defense_worse
image,S1,E1,ats,21,0.06950628012418747,cifar_mean,0.05936254933476448,0.010143730789422989,defense_worse
image,S1,E1,ats,22,0.08886190503835678,undefended,0.02298809587955475,0.06587380915880203,defense_worse
image,S1,E1,ats,22,0.08886190503835678,gray,0.08097526431083679,0.007886640727519989,defense_worse
image,S1,E1,ats,22,0.08886190503835678,cifar_mean,0.08214011788368225,0.00672178715467453,defense_worse
image,S1,E1,ats,23,0.044521838426589966,undefended,0.0017326842062175274,0.04278915422037244,defense_worse
image,S1,E1,ats,23,0.044521838426589966,gray,0.04683154821395874,-0.0023097097873687744,defense_better
image,S1,E1,ats,23,0.044521838426589966,cifar_mean,0.04805588722229004,-0.0035340487957000732,defense_better
image,S1,E1,ats,24,0.048483263701200485,undefended,0.0031201550737023354,0.04536310862749815,defense_worse
image,S1,E1,ats,24,0.048483263701200485,gray,0.03787555173039436,0.010607711970806122,defense_worse
image,S1,E1,ats,24,0.048483263701200485,cifar_mean,0.039189670234918594,0.009293593466281891,defense_worse
image,S1,E1,ats,25,0.05785974860191345,undefended,0.0018969556549564004,0.05596279294695705,defense_worse
image,S1,E1,ats,25,0.05785974860191345,gray,0.046686362475156784,0.011173386126756668,defense_worse
image,S1,E1,ats,25,0.05785974860191345,cifar_mean,0.047312136739492416,0.010547611862421036,defense_worse
image,S1,E1,ats,26,0.0620548278093338,undefended,0.0046823457814753056,0.057372482027858496,defense_worse
image,S1,E1,ats,26,0.0620548278093338,gray,0.06430754065513611,-0.002252712845802307,defense_better
image,S1,E1,ats,26,0.0620548278093338,cifar_mean,0.07318823784589767,-0.011133410036563873,defense_better
image,S1,E1,ats,27,0.0700274258852005,undefended,0.01737160235643387,0.05265582352876663,defense_worse
image,S1,E1,ats,27,0.0700274258852005,gray,0.06277374178171158,0.007253684103488922,defense_worse
image,S1,E1,ats,27,0.0700274258852005,cifar_mean,0.061842501163482666,0.008184924721717834,defense_worse
image,S1,E1,ats,28,0.04309231415390968,undefended,0.005889512598514557,0.037202801555395126,defense_worse
image,S1,E1,ats,28,0.04309231415390968,gray,0.04194873571395874,0.001143578439950943,defense_worse
image,S1,E1,ats,28,0.04309231415390968,cifar_mean,0.04929010942578316,-0.006197795271873474,defense_better
image,S1,E1,ats,29,0.06406473368406296,undefended,0.005623289849609137,0.05844144383445382,defense_worse
image,S1,E1,ats,29,0.06406473368406296,gray,0.06350965797901154,0.0005550757050514221,defense_worse
image,S1,E1,ats,29,0.06406473368406296,cifar_mean,0.05271456763148308,0.01135016605257988,defense_worse
image,S1,E1,ats,30,0.061060547828674316,undefended,0.006101055070757866,0.05495949275791645,defense_worse
image,S1,E1,ats,30,0.061060547828674316,gray,0.08670685440301895,-0.025646306574344635,defense_better
image,S1,E1,ats,30,0.061060547828674316,cifar_mean,0.10104735940694809,-0.03998681157827377,defense_better
image,S1,E1,ats,31,0.05887092277407646,undefended,0.0014946659794077277,0.057376256794668734,defense_worse
image,S1,E1,ats,31,0.05887092277407646,gray,0.035539742559194565,0.023331180214881897,defense_worse
image,S1,E1,ats,31,0.05887092277407646,cifar_mean,0.03675774857401848,0.022113174200057983,defense_worse
image,S1,E1,ats,32,0.03435475751757622,undefended,0.0027496712282299995,0.03160508628934622,defense_worse
image,S1,E1,ats,32,0.03435475751757622,gray,0.029493385925889015,0.0048613715916872025,defense_worse
image,S1,E1,ats,32,0.03435475751757622,cifar_mean,0.026593109592795372,0.007761647924780846,defense_worse
image,S1,E1,ats,33,0.0679488331079483,undefended,0.0043803732842206955,0.06356845982372761,defense_worse
image,S1,E1,ats,33,0.0679488331079483,gray,0.058785274624824524,0.00916355848312378,defense_worse
image,S1,E1,ats,33,0.0679488331079483,cifar_mean,0.05640130117535591,0.011547531932592392,defense_worse
image,S1,E1,ats,34,0.09843375533819199,undefended,0.007073973771184683,0.0913597815670073,defense_worse
image,S1,E1,ats,34,0.09843375533819199,gray,0.12103021144866943,-0.022596456110477448,defense_better
image,S1,E1,ats,34,0.09843375533819199,cifar_mean,0.1298164576292038,-0.03138270229101181,defense_better
image,S1,E1,ats,35,0.09298405796289444,undefended,0.004572827834635973,0.08841123012825847,defense_worse
image,S1,E1,ats,35,0.09298405796289444,gray,0.06155921146273613,0.03142484650015831,defense_worse
image,S1,E1,ats,35,0.09298405796289444,cifar_mean,0.05889547988772392,0.03408857807517052,defense_worse
image,S1,E1,ats,36,0.055145472288131714,undefended,0.004215894732624292,0.05092957755550742,defense_worse
image,S1,E1,ats,36,0.055145472288131714,gray,0.04162457585334778,0.013520896434783936,defense_worse
image,S1,E1,ats,36,0.055145472288131714,cifar_mean,0.0423029363155365,0.012842535972595215,defense_worse
image,S1,E1,ats,37,0.04264484718441963,undefended,0.003518519224599004,0.03912632795982063,defense_worse
image,S1,E1,ats,37,0.04264484718441963,gray,0.038340095430612564,0.004304751753807068,defense_worse
image,S1,E1,ats,37,0.04264484718441963,cifar_mean,0.032948438078165054,0.009696409106254578,defense_worse
image,S1,E1,ats,38,0.07579752057790756,undefended,0.006433777045458555,0.06936374353244901,defense_worse
image,S1,E1,ats,38,0.07579752057790756,gray,0.06247740983963013,0.013320110738277435,defense_worse
image,S1,E1,ats,38,0.07579752057790756,cifar_mean,0.056935086846351624,0.01886243373155594,defense_worse
image,S1,E1,dna_v1_conservative,0,0.0057158214040100574,undefended,0.004706770647317171,0.0010090507566928864,defense_worse
image,S1,E1,dna_v1_conservative,0,0.0057158214040100574,gray,0.06836853176355362,-0.06265271035954356,defense_better
image,S1,E1,dna_v1_conservative,0,0.0057158214040100574,cifar_mean,0.05908755585551262,-0.05337173445150256,defense_better
image,S1,E1,dna_v1_conservative,1,0.025225728750228882,undefended,0.024980826303362846,0.00024490244686603546,defense_worse
image,S1,E1,dna_v1_conservative,1,0.025225728750228882,gray,0.08852749317884445,-0.06330176442861557,defense_better
image,S1,E1,dna_v1_conservative,1,0.025225728750228882,cifar_mean,0.07898834347724915,-0.053762614727020264,defense_better
image,S1,E1,dna_v1_conservative,2,0.005122123286128044,undefended,0.004142375197261572,0.0009797480888664722,defense_worse
image,S1,E1,dna_v1_conservative,2,0.005122123286128044,gray,0.03789061680436134,-0.0327684935182333,defense_better
image,S1,E1,dna_v1_conservative,2,0.005122123286128044,cifar_mean,0.03774023428559303,-0.03261811099946499,defense_better
image,S1,E1,dna_v1_conservative,3,0.0009642716613598168,undefended,0.0008231056854128838,0.00014116597594693303,defense_worse
image,S1,E1,dna_v1_conservative,3,0.0009642716613598168,gray,0.01722257398068905,-0.016258302319329232,defense_better
image,S1,E1,dna_v1_conservative,3,0.0009642716613598168,cifar_mean,0.012870135717093945,-0.011905864055734128,defense_better
image,S1,E1,dna_v1_conservative,4,0.003898642025887966,undefended,0.003277108073234558,0.000621533952653408,defense_worse
image,S1,E1,dna_v1_conservative,4,0.003898642025887966,gray,0.036615367978811264,-0.0327167259529233,defense_better
image,S1,E1,dna_v1_conservative,4,0.003898642025887966,cifar_mean,0.04208303615450859,-0.038184394128620625,defense_better
image,S1,E1,dna_v1_conservative,5,0.0021623249631375074,undefended,0.0018688412383198738,0.00029348372481763363,defense_worse
image,S1,E1,dna_v1_conservative,5,0.0021623249631375074,gray,0.026727141812443733,-0.024564816849306226,defense_better
image,S1,E1,dna_v1_conservative,5,0.0021623249631375074,cifar_mean,0.03304671123623848,-0.030884386273100972,defense_better
image,S1,E1,dna_v1_conservative,6,0.005809308961033821,undefended,0.004536319524049759,0.0012729894369840622,defense_worse
image,S1,E1,dna_v1_conservative,6,0.005809308961033821,gray,0.07497305423021317,-0.06916374526917934,defense_better
image,S1,E1,dna_v1_conservative,6,0.005809308961033821,cifar_mean,0.07600322365760803,-0.07019391469657421,defense_better
image,S1,E1,dna_v1_conservative,7,0.0066210548393428326,undefended,0.005362140480428934,0.0012589143589138985,defense_worse
image,S1,E1,dna_v1_conservative,7,0.0066210548393428326,gray,0.06829913705587387,-0.06167808221653104,defense_better
image,S1,E1,dna_v1_conservative,7,0.0066210548393428326,cifar_mean,0.06208273768424988,-0.055461682844907045,defense_better
image,S1,E1,dna_v1_conservative,8,0.013728819787502289,undefended,0.010855219326913357,0.002873600460588932,defense_worse
image,S1,E1,dna_v1_conservative,8,0.013728819787502289,gray,0.09810922294855118,-0.08438040316104889,defense_better
image,S1,E1,dna_v1_conservative,8,0.013728819787502289,cifar_mean,0.09977050870656967,-0.08604168891906738,defense_better
image,S1,E1,dna_v1_conservative,9,0.0016997245838865638,undefended,0.00146502407733351,0.00023470050655305386,defense_worse
image,S1,E1,dna_v1_conservative,9,0.0016997245838865638,gray,0.019798846915364265,-0.0180991223314777,defense_better
image,S1,E1,dna_v1_conservative,9,0.0016997245838865638,cifar_mean,0.01531787496060133,-0.013618150376714766,defense_better
image,S1,E1,dna_v1_conservative,10,0.008463806472718716,undefended,0.006761723663657904,0.001702082809060812,defense_worse
image,S1,E1,dna_v1_conservative,10,0.008463806472718716,gray,0.06507482379674911,-0.0566110173240304,defense_better
image,S1,E1,dna_v1_conservative,10,0.008463806472718716,cifar_mean,0.057298582047224045,-0.04883477557450533,defense_better
image,S1,E1,dna_v1_conservative,11,0.007538899779319763,undefended,0.006578516215085983,0.0009603835642337799,defense_worse
image,S1,E1,dna_v1_conservative,11,0.007538899779319763,gray,0.07745186239480972,-0.06991296261548996,defense_better
image,S1,E1,dna_v1_conservative,11,0.007538899779319763,cifar_mean,0.08220136165618896,-0.0746624618768692,defense_better
image,S1,E1,dna_v1_conservative,12,0.005432549864053726,undefended,0.0041951690800487995,0.0012373807840049267,defense_worse
image,S1,E1,dna_v1_conservative,12,0.005432549864053726,gray,0.06793449074029922,-0.0625019408762455,defense_better
image,S1,E1,dna_v1_conservative,12,0.005432549864053726,cifar_mean,0.07632744312286377,-0.07089489325881004,defense_better
image,S1,E1,dna_v1_conservative,13,0.00696551101282239,undefended,0.005629302468150854,0.0013362085446715355,defense_worse
image,S1,E1,dna_v1_conservative,13,0.00696551101282239,gray,0.11894144862890244,-0.11197593761608005,defense_better
image,S1,E1,dna_v1_conservative,13,0.00696551101282239,cifar_mean,0.10724415630102158,-0.10027864528819919,defense_better
image,S1,E1,dna_v1_conservative,14,0.0024868964683264494,undefended,0.0021304308902472258,0.00035646557807922363,defense_worse
image,S1,E1,dna_v1_conservative,14,0.0024868964683264494,gray,0.03928070887923241,-0.03679381241090596,defense_better
image,S1,E1,dna_v1_conservative,14,0.0024868964683264494,cifar_mean,0.030334383249282837,-0.027847486780956388,defense_better
image,S1,E1,dna_v1_conservative,15,0.005059459246695042,undefended,0.004315893165767193,0.0007435660809278488,defense_worse
image,S1,E1,dna_v1_conservative,15,0.005059459246695042,gray,0.04617581143975258,-0.04111635219305754,defense_better
image,S1,E1,dna_v1_conservative,15,0.005059459246695042,cifar_mean,0.04367084428668022,-0.03861138503998518,defense_better
image,S1,E1,dna_v1_conservative,16,0.0035858529154211283,undefended,0.0029802408535033464,0.0006056120619177818,defense_worse
image,S1,E1,dna_v1_conservative,16,0.0035858529154211283,gray,0.09657040238380432,-0.09298454946838319,defense_better
image,S1,E1,dna_v1_conservative,16,0.0035858529154211283,cifar_mean,0.07972066104412079,-0.07613480812869966,defense_better
image,S1,E1,dna_v1_conservative,17,0.032188717275857925,undefended,0.033151447772979736,-0.0009627304971218109,defense_better
image,S1,E1,dna_v1_conservative,17,0.032188717275857925,gray,0.06958158314228058,-0.03739286586642265,defense_better
image,S1,E1,dna_v1_conservative,17,0.032188717275857925,cifar_mean,0.0689285472035408,-0.03673982992768288,defense_better
image,S1,E1,dna_v1_conservative,18,0.007953477092087269,undefended,0.006348513066768646,0.0016049640253186226,defense_worse
image,S1,E1,dna_v1_conservative,18,0.007953477092087269,gray,0.0656706690788269,-0.057717191986739635,defense_better
image,S1,E1,dna_v1_conservative,18,0.007953477092087269,cifar_mean,0.061703283339738846,-0.05374980624765158,defense_better
image,S1,E1,dna_v1_conservative,19,0.00457955664023757,undefended,0.0038600533735007048,0.000719503266736865,defense_worse
image,S1,E1,dna_v1_conservative,19,0.00457955664023757,gray,0.06584482640028,-0.06126526976004243,defense_better
image,S1,E1,dna_v1_conservative,19,0.00457955664023757,cifar_mean,0.05957019329071045,-0.05499063665047288,defense_better
image,S1,E1,dna_v1_conservative,20,0.002890555188059807,undefended,0.0020342699717730284,0.0008562852162867785,defense_worse
image,S1,E1,dna_v1_conservative,20,0.002890555188059807,gray,0.06611363589763641,-0.0632230807095766,defense_better
image,S1,E1,dna_v1_conservative,20,0.002890555188059807,cifar_mean,0.07447463274002075,-0.07158407755196095,defense_better
image,S1,E1,dna_v1_conservative,21,0.021080218255519867,undefended,0.021703770384192467,-0.0006235521286725998,defense_better
image,S1,E1,dna_v1_conservative,21,0.021080218255519867,gray,0.060139626264572144,-0.03905940800905228,defense_better
image,S1,E1,dna_v1_conservative,21,0.021080218255519867,cifar_mean,0.05936254933476448,-0.038282331079244614,defense_better
image,S1,E1,dna_v1_conservative,22,0.03897643834352493,undefended,0.02298809587955475,0.015988342463970184,defense_worse
image,S1,E1,dna_v1_conservative,22,0.03897643834352493,gray,0.08097526431083679,-0.04199882596731186,defense_better
image,S1,E1,dna_v1_conservative,22,0.03897643834352493,cifar_mean,0.08214011788368225,-0.04316367954015732,defense_better
image,S1,E1,dna_v1_conservative,23,0.002401357516646385,undefended,0.0017326842062175274,0.0006686733104288578,defense_worse
image,S1,E1,dna_v1_conservative,23,0.002401357516646385,gray,0.04683154821395874,-0.044430190697312355,defense_better
image,S1,E1,dna_v1_conservative,23,0.002401357516646385,cifar_mean,0.04805588722229004,-0.045654529705643654,defense_better
image,S1,E1,dna_v1_conservative,24,0.0035214200615882874,undefended,0.0031201550737023354,0.000401264987885952,defense_worse
image,S1,E1,dna_v1_conservative,24,0.0035214200615882874,gray,0.03787555173039436,-0.034354131668806076,defense_better
image,S1,E1,dna_v1_conservative,24,0.0035214200615882874,cifar_mean,0.039189670234918594,-0.03566825017333031,defense_better
image,S1,E1,dna_v1_conservative,25,0.0024623670615255833,undefended,0.0018969556549564004,0.0005654114065691829,defense_worse
image,S1,E1,dna_v1_conservative,25,0.0024623670615255833,gray,0.046686362475156784,-0.0442239954136312,defense_better
image,S1,E1,dna_v1_conservative,25,0.0024623670615255833,cifar_mean,0.047312136739492416,-0.04484976967796683,defense_better
image,S1,E1,dna_v1_conservative,26,0.005694920662790537,undefended,0.0046823457814753056,0.0010125748813152313,defense_worse
image,S1,E1,dna_v1_conservative,26,0.005694920662790537,gray,0.06430754065513611,-0.05861261999234557,defense_better
image,S1,E1,dna_v1_conservative,26,0.005694920662790537,cifar_mean,0.07318823784589767,-0.06749331718310714,defense_better
image,S1,E1,dna_v1_conservative,27,0.019272973760962486,undefended,0.01737160235643387,0.0019013714045286179,defense_worse
image,S1,E1,dna_v1_conservative,27,0.019272973760962486,gray,0.06277374178171158,-0.04350076802074909,defense_better
image,S1,E1,dna_v1_conservative,27,0.019272973760962486,cifar_mean,0.061842501163482666,-0.04256952740252018,defense_better
image,S1,E1,dna_v1_conservative,28,0.006894640624523163,undefended,0.005889512598514557,0.001005128026008606,defense_worse
image,S1,E1,dna_v1_conservative,28,0.006894640624523163,gray,0.04194873571395874,-0.03505409508943558,defense_better
image,S1,E1,dna_v1_conservative,28,0.006894640624523163,cifar_mean,0.04929010942578316,-0.042395468801259995,defense_better
image,S1,E1,dna_v1_conservative,29,0.0065980632789433,undefended,0.005623289849609137,0.0009747734293341637,defense_worse
image,S1,E1,dna_v1_conservative,29,0.0065980632789433,gray,0.06350965797901154,-0.056911594700068235,defense_better
image,S1,E1,dna_v1_conservative,29,0.0065980632789433,cifar_mean,0.05271456763148308,-0.04611650435253978,defense_better
image,S1,E1,dna_v1_conservative,30,0.004968430381268263,undefended,0.006101055070757866,-0.001132624689489603,defense_better
image,S1,E1,dna_v1_conservative,30,0.004968430381268263,gray,0.08670685440301895,-0.08173842402175069,defense_better
image,S1,E1,dna_v1_conservative,30,0.004968430381268263,cifar_mean,0.10104735940694809,-0.09607892902567983,defense_better
image,S1,E1,dna_v1_conservative,31,0.0019905560184270144,undefended,0.0014946659794077277,0.0004958900390192866,defense_worse
image,S1,E1,dna_v1_conservative,31,0.0019905560184270144,gray,0.035539742559194565,-0.03354918654076755,defense_better
image,S1,E1,dna_v1_conservative,31,0.0019905560184270144,cifar_mean,0.03675774857401848,-0.034767192555591464,defense_better
image,S1,E1,dna_v1_conservative,32,0.0032545223366469145,undefended,0.0027496712282299995,0.0005048511084169149,defense_worse
image,S1,E1,dna_v1_conservative,32,0.0032545223366469145,gray,0.029493385925889015,-0.0262388635892421,defense_better
image,S1,E1,dna_v1_conservative,32,0.0032545223366469145,cifar_mean,0.026593109592795372,-0.023338587256148458,defense_better
image,S1,E1,dna_v1_conservative,33,0.0055667683482170105,undefended,0.0043803732842206955,0.001186395063996315,defense_worse
image,S1,E1,dna_v1_conservative,33,0.0055667683482170105,gray,0.058785274624824524,-0.05321850627660751,defense_better
image,S1,E1,dna_v1_conservative,33,0.0055667683482170105,cifar_mean,0.05640130117535591,-0.0508345328271389,defense_better
image,S1,E1,dna_v1_conservative,34,0.00919213518500328,undefended,0.007073973771184683,0.002118161413818598,defense_worse
image,S1,E1,dna_v1_conservative,34,0.00919213518500328,gray,0.12103021144866943,-0.11183807626366615,defense_better
image,S1,E1,dna_v1_conservative,34,0.00919213518500328,cifar_mean,0.1298164576292038,-0.12062432244420052,defense_better
image,S1,E1,dna_v1_conservative,35,0.005541682709008455,undefended,0.004572827834635973,0.0009688548743724823,defense_worse
image,S1,E1,dna_v1_conservative,35,0.005541682709008455,gray,0.06155921146273613,-0.056017528753727674,defense_better
image,S1,E1,dna_v1_conservative,35,0.005541682709008455,cifar_mean,0.05889547988772392,-0.05335379717871547,defense_better
image,S1,E1,dna_v1_conservative,36,0.004673265852034092,undefended,0.004215894732624292,0.0004573711194097996,defense_worse
image,S1,E1,dna_v1_conservative,36,0.004673265852034092,gray,0.04162457585334778,-0.036951310001313686,defense_better
image,S1,E1,dna_v1_conservative,36,0.004673265852034092,cifar_mean,0.0423029363155365,-0.03762967046350241,defense_better
image,S1,E1,dna_v1_conservative,37,0.0044649518094956875,undefended,0.003518519224599004,0.0009464325848966837,defense_worse
image,S1,E1,dna_v1_conservative,37,0.0044649518094956875,gray,0.038340095430612564,-0.03387514362111688,defense_better
image,S1,E1,dna_v1_conservative,37,0.0044649518094956875,cifar_mean,0.032948438078165054,-0.028483486268669367,defense_better
image,S1,E1,dna_v1_conservative,38,0.007733004633337259,undefended,0.006433777045458555,0.001299227587878704,defense_worse
image,S1,E1,dna_v1_conservative,38,0.007733004633337259,gray,0.06247740983963013,-0.05474440520629287,defense_better
image,S1,E1,dna_v1_conservative,38,0.007733004633337259,cifar_mean,0.056935086846351624,-0.049202082213014364,defense_better
image,S1,E1,dna_v2_0p95,0,0.0056608691811561584,undefended,0.004706770647317171,0.0009540985338389874,defense_worse
image,S1,E1,dna_v2_0p95,0,0.0056608691811561584,gray,0.06836853176355362,-0.06270766258239746,defense_better
image,S1,E1,dna_v2_0p95,0,0.0056608691811561584,cifar_mean,0.05908755585551262,-0.05342668667435646,defense_better
image,S1,E1,dna_v2_0p95,1,0.01614556461572647,undefended,0.024980826303362846,-0.008835261687636375,defense_better
image,S1,E1,dna_v2_0p95,1,0.01614556461572647,gray,0.08852749317884445,-0.07238192856311798,defense_better
image,S1,E1,dna_v2_0p95,1,0.01614556461572647,cifar_mean,0.07898834347724915,-0.06284277886152267,defense_better
image,S1,E1,dna_v2_0p95,2,0.00488929683342576,undefended,0.004142375197261572,0.0007469216361641884,defense_worse
image,S1,E1,dna_v2_0p95,2,0.00488929683342576,gray,0.03789061680436134,-0.03300131997093558,defense_better
image,S1,E1,dna_v2_0p95,2,0.00488929683342576,cifar_mean,0.03774023428559303,-0.03285093745216727,defense_better
image,S1,E1,dna_v2_0p95,3,0.0010559306247159839,undefended,0.0008231056854128838,0.0002328249393031001,defense_worse
image,S1,E1,dna_v2_0p95,3,0.0010559306247159839,gray,0.01722257398068905,-0.016166643355973065,defense_better
image,S1,E1,dna_v2_0p95,3,0.0010559306247159839,cifar_mean,0.012870135717093945,-0.01181420509237796,defense_better
image,S1,E1,dna_v2_0p95,4,0.0035864540841430426,undefended,0.003277108073234558,0.00030934601090848446,defense_worse
image,S1,E1,dna_v2_0p95,4,0.0035864540841430426,gray,0.036615367978811264,-0.03302891389466822,defense_better
image,S1,E1,dna_v2_0p95,4,0.0035864540841430426,cifar_mean,0.04208303615450859,-0.03849658207036555,defense_better
image,S1,E1,dna_v2_0p95,5,0.002702537225559354,undefended,0.0018688412383198738,0.00083369598723948,defense_worse
image,S1,E1,dna_v2_0p95,5,0.002702537225559354,gray,0.026727141812443733,-0.02402460458688438,defense_better
image,S1,E1,dna_v2_0p95,5,0.002702537225559354,cifar_mean,0.03304671123623848,-0.030344174010679126,defense_better
image,S1,E1,dna_v2_0p95,6,0.006301941350102425,undefended,0.004536319524049759,0.0017656218260526657,defense_worse
image,S1,E1,dna_v2_0p95,6,0.006301941350102425,gray,0.07497305423021317,-0.06867111288011074,defense_better
image,S1,E1,dna_v2_0p95,6,0.006301941350102425,cifar_mean,0.07600322365760803,-0.06970128230750561,defense_better
image,S1,E1,dna_v2_0p95,7,0.006859778892248869,undefended,0.005362140480428934,0.0014976384118199348,defense_worse
image,S1,E1,dna_v2_0p95,7,0.006859778892248869,gray,0.06829913705587387,-0.061439358163625,defense_better
image,S1,E1,dna_v2_0p95,7,0.006859778892248869,cifar_mean,0.06208273768424988,-0.05522295879200101,defense_better
image,S1,E1,dna_v2_0p95,8,0.013410949148237705,undefended,0.010855219326913357,0.0025557298213243484,defense_worse
image,S1,E1,dna_v2_0p95,8,0.013410949148237705,gray,0.09810922294855118,-0.08469827380031347,defense_better
image,S1,E1,dna_v2_0p95,8,0.013410949148237705,cifar_mean,0.09977050870656967,-0.08635955955833197,defense_better
image,S1,E1,dna_v2_0p95,9,0.001894853892736137,undefended,0.00146502407733351,0.000429829815402627,defense_worse
image,S1,E1,dna_v2_0p95,9,0.001894853892736137,gray,0.019798846915364265,-0.01790399302262813,defense_better
image,S1,E1,dna_v2_0p95,9,0.001894853892736137,cifar_mean,0.01531787496060133,-0.013423021067865193,defense_better
image,S1,E1,dna_v2_0p95,10,0.0075675733387470245,undefended,0.006761723663657904,0.0008058496750891209,defense_worse
image,S1,E1,dna_v2_0p95,10,0.0075675733387470245,gray,0.06507482379674911,-0.05750725045800209,defense_better
image,S1,E1,dna_v2_0p95,10,0.0075675733387470245,cifar_mean,0.057298582047224045,-0.04973100870847702,defense_better
image,S1,E1,dna_v2_0p95,11,0.006529687438160181,undefended,0.006578516215085983,-4.882877692580223e-05,defense_better
image,S1,E1,dna_v2_0p95,11,0.006529687438160181,gray,0.07745186239480972,-0.07092217495664954,defense_better
image,S1,E1,dna_v2_0p95,11,0.006529687438160181,cifar_mean,0.08220136165618896,-0.07567167421802878,defense_better
image,S1,E1,dna_v2_0p95,12,0.005641363561153412,undefended,0.0041951690800487995,0.0014461944811046124,defense_worse
image,S1,E1,dna_v2_0p95,12,0.005641363561153412,gray,0.06793449074029922,-0.06229312717914581,defense_better
image,S1,E1,dna_v2_0p95,12,0.005641363561153412,cifar_mean,0.07632744312286377,-0.07068607956171036,defense_better
image,S1,E1,dna_v2_0p95,13,0.0069609470665454865,undefended,0.005629302468150854,0.0013316445983946323,defense_worse
image,S1,E1,dna_v2_0p95,13,0.0069609470665454865,gray,0.11894144862890244,-0.11198050156235695,defense_better
image,S1,E1,dna_v2_0p95,13,0.0069609470665454865,cifar_mean,0.10724415630102158,-0.10028320923447609,defense_better
image,S1,E1,dna_v2_0p95,14,0.0024278832133859396,undefended,0.0021304308902472258,0.00029745232313871384,defense_worse
image,S1,E1,dna_v2_0p95,14,0.0024278832133859396,gray,0.03928070887923241,-0.03685282566584647,defense_better
image,S1,E1,dna_v2_0p95,14,0.0024278832133859396,cifar_mean,0.030334383249282837,-0.027906500035896897,defense_better
image,S1,E1,dna_v2_0p95,15,0.005551740527153015,undefended,0.004315893165767193,0.0012358473613858223,defense_worse
image,S1,E1,dna_v2_0p95,15,0.005551740527153015,gray,0.04617581143975258,-0.040624070912599564,defense_better
image,S1,E1,dna_v2_0p95,15,0.005551740527153015,cifar_mean,0.04367084428668022,-0.038119103759527206,defense_better
image,S1,E1,dna_v2_0p95,16,0.0034836691338568926,undefended,0.0029802408535033464,0.0005034282803535461,defense_worse
image,S1,E1,dna_v2_0p95,16,0.0034836691338568926,gray,0.09657040238380432,-0.09308673324994743,defense_better
image,S1,E1,dna_v2_0p95,16,0.0034836691338568926,cifar_mean,0.07972066104412079,-0.0762369919102639,defense_better
image,S1,E1,dna_v2_0p95,17,0.029831791296601295,undefended,0.033151447772979736,-0.003319656476378441,defense_better
image,S1,E1,dna_v2_0p95,17,0.029831791296601295,gray,0.06958158314228058,-0.03974979184567928,defense_better
image,S1,E1,dna_v2_0p95,17,0.029831791296601295,cifar_mean,0.0689285472035408,-0.03909675590693951,defense_better
image,S1,E1,dna_v2_0p95,18,0.0075944289565086365,undefended,0.006348513066768646,0.0012459158897399902,defense_worse
image,S1,E1,dna_v2_0p95,18,0.0075944289565086365,gray,0.0656706690788269,-0.05807624012231827,defense_better
image,S1,E1,dna_v2_0p95,18,0.0075944289565086365,cifar_mean,0.061703283339738846,-0.05410885438323021,defense_better
image,S1,E1,dna_v2_0p95,19,0.004572851583361626,undefended,0.0038600533735007048,0.0007127982098609209,defense_worse
image,S1,E1,dna_v2_0p95,19,0.004572851583361626,gray,0.06584482640028,-0.06127197481691837,defense_better
image,S1,E1,dna_v2_0p95,19,0.004572851583361626,cifar_mean,0.05957019329071045,-0.054997341707348824,defense_better
image,S1,E1,dna_v2_0p95,20,0.0029301010072231293,undefended,0.0020342699717730284,0.0008958310354501009,defense_worse
image,S1,E1,dna_v2_0p95,20,0.0029301010072231293,gray,0.06611363589763641,-0.06318353489041328,defense_better
image,S1,E1,dna_v2_0p95,20,0.0029301010072231293,cifar_mean,0.07447463274002075,-0.07154453173279762,defense_better
image,S1,E1,dna_v2_0p95,21,0.019559346139431,undefended,0.021703770384192467,-0.002144424244761467,defense_better
image,S1,E1,dna_v2_0p95,21,0.019559346139431,gray,0.060139626264572144,-0.040580280125141144,defense_better
image,S1,E1,dna_v2_0p95,21,0.019559346139431,cifar_mean,0.05936254933476448,-0.03980320319533348,defense_better
image,S1,E1,dna_v2_0p95,22,0.03844233602285385,undefended,0.02298809587955475,0.015454240143299103,defense_worse
image,S1,E1,dna_v2_0p95,22,0.03844233602285385,gray,0.08097526431083679,-0.04253292828798294,defense_better
image,S1,E1,dna_v2_0p95,22,0.03844233602285385,cifar_mean,0.08214011788368225,-0.0436977818608284,defense_better
image,S1,E1,dna_v2_0p95,23,0.0023272738326340914,undefended,0.0017326842062175274,0.000594589626416564,defense_worse
image,S1,E1,dna_v2_0p95,23,0.0023272738326340914,gray,0.04683154821395874,-0.04450427438132465,defense_better
image,S1,E1,dna_v2_0p95,23,0.0023272738326340914,cifar_mean,0.04805588722229004,-0.04572861338965595,defense_better
image,S1,E1,dna_v2_0p95,24,0.003755174810066819,undefended,0.0031201550737023354,0.0006350197363644838,defense_worse
image,S1,E1,dna_v2_0p95,24,0.003755174810066819,gray,0.03787555173039436,-0.034120376920327544,defense_better
image,S1,E1,dna_v2_0p95,24,0.003755174810066819,cifar_mean,0.039189670234918594,-0.035434495424851775,defense_better
image,S1,E1,dna_v2_0p95,25,0.0029146664310246706,undefended,0.0018969556549564004,0.0010177107760682702,defense_worse
image,S1,E1,dna_v2_0p95,25,0.0029146664310246706,gray,0.046686362475156784,-0.04377169604413211,defense_better
image,S1,E1,dna_v2_0p95,25,0.0029146664310246706,cifar_mean,0.047312136739492416,-0.044397470308467746,defense_better
image,S1,E1,dna_v2_0p95,26,0.005864150822162628,undefended,0.0046823457814753056,0.0011818050406873226,defense_worse
image,S1,E1,dna_v2_0p95,26,0.005864150822162628,gray,0.06430754065513611,-0.05844338983297348,defense_better
image,S1,E1,dna_v2_0p95,26,0.005864150822162628,cifar_mean,0.07318823784589767,-0.06732408702373505,defense_better
image,S1,E1,dna_v2_0p95,27,0.020602500066161156,undefended,0.01737160235643387,0.0032308977097272873,defense_worse
image,S1,E1,dna_v2_0p95,27,0.020602500066161156,gray,0.06277374178171158,-0.04217124171555042,defense_better
image,S1,E1,dna_v2_0p95,27,0.020602500066161156,cifar_mean,0.061842501163482666,-0.04124000109732151,defense_better
image,S1,E1,dna_v2_0p95,28,0.006868953350931406,undefended,0.005889512598514557,0.0009794407524168491,defense_worse
image,S1,E1,dna_v2_0p95,28,0.006868953350931406,gray,0.04194873571395874,-0.035079782363027334,defense_better
image,S1,E1,dna_v2_0p95,28,0.006868953350931406,cifar_mean,0.04929010942578316,-0.04242115607485175,defense_better
image,S1,E1,dna_v2_0p95,29,0.006302781403064728,undefended,0.005623289849609137,0.0006794915534555912,defense_worse
image,S1,E1,dna_v2_0p95,29,0.006302781403064728,gray,0.06350965797901154,-0.05720687657594681,defense_better
image,S1,E1,dna_v2_0p95,29,0.006302781403064728,cifar_mean,0.05271456763148308,-0.04641178622841835,defense_better
image,S1,E1,dna_v2_0p95,30,0.008132722228765488,undefended,0.006101055070757866,0.0020316671580076218,defense_worse
image,S1,E1,dna_v2_0p95,30,0.008132722228765488,gray,0.08670685440301895,-0.07857413217425346,defense_better
image,S1,E1,dna_v2_0p95,30,0.008132722228765488,cifar_mean,0.10104735940694809,-0.0929146371781826,defense_better
image,S1,E1,dna_v2_0p95,31,0.002057763747870922,undefended,0.0014946659794077277,0.0005630977684631944,defense_worse
image,S1,E1,dna_v2_0p95,31,0.002057763747870922,gray,0.035539742559194565,-0.03348197881132364,defense_better
image,S1,E1,dna_v2_0p95,31,0.002057763747870922,cifar_mean,0.03675774857401848,-0.034699984826147556,defense_better
image,S1,E1,dna_v2_0p95,32,0.0037256113719195127,undefended,0.0027496712282299995,0.0009759401436895132,defense_worse
image,S1,E1,dna_v2_0p95,32,0.0037256113719195127,gray,0.029493385925889015,-0.025767774553969502,defense_better
image,S1,E1,dna_v2_0p95,32,0.0037256113719195127,cifar_mean,0.026593109592795372,-0.02286749822087586,defense_better
image,S1,E1,dna_v2_0p95,33,0.006021196022629738,undefended,0.0043803732842206955,0.0016408227384090424,defense_worse
image,S1,E1,dna_v2_0p95,33,0.006021196022629738,gray,0.058785274624824524,-0.052764078602194786,defense_better
image,S1,E1,dna_v2_0p95,33,0.006021196022629738,cifar_mean,0.05640130117535591,-0.05038010515272617,defense_better
image,S1,E1,dna_v2_0p95,34,0.01004383247345686,undefended,0.007073973771184683,0.0029698587022721767,defense_worse
image,S1,E1,dna_v2_0p95,34,0.01004383247345686,gray,0.12103021144866943,-0.11098637897521257,defense_better
image,S1,E1,dna_v2_0p95,34,0.01004383247345686,cifar_mean,0.1298164576292038,-0.11977262515574694,defense_better
image,S1,E1,dna_v2_0p95,35,0.006177003029733896,undefended,0.004572827834635973,0.0016041751950979233,defense_worse
image,S1,E1,dna_v2_0p95,35,0.006177003029733896,gray,0.06155921146273613,-0.055382208433002234,defense_better
image,S1,E1,dna_v2_0p95,35,0.006177003029733896,cifar_mean,0.05889547988772392,-0.052718476857990026,defense_better
image,S1,E1,dna_v2_0p95,36,0.00500453868880868,undefended,0.004215894732624292,0.0007886439561843872,defense_worse
image,S1,E1,dna_v2_0p95,36,0.00500453868880868,gray,0.04162457585334778,-0.0366200371645391,defense_better
image,S1,E1,dna_v2_0p95,36,0.00500453868880868,cifar_mean,0.0423029363155365,-0.03729839762672782,defense_better
image,S1,E1,dna_v2_0p95,37,0.004491032566875219,undefended,0.003518519224599004,0.0009725133422762156,defense_worse
image,S1,E1,dna_v2_0p95,37,0.004491032566875219,gray,0.038340095430612564,-0.033849062863737345,defense_better
image,S1,E1,dna_v2_0p95,37,0.004491032566875219,cifar_mean,0.032948438078165054,-0.028457405511289835,defense_better
image,S1,E1,dna_v2_0p95,38,0.00779956066980958,undefended,0.006433777045458555,0.0013657836243510246,defense_worse
image,S1,E1,dna_v2_0p95,38,0.00779956066980958,gray,0.06247740983963013,-0.05467784916982055,defense_better
image,S1,E1,dna_v2_0p95,38,0.00779956066980958,cifar_mean,0.056935086846351624,-0.049135526176542044,defense_better
image,S1,E1,gradient_pruning,0,0.011901818215847015,undefended,0.004706770647317171,0.007195047568529844,defense_worse
image,S1,E1,gradient_pruning,0,0.011901818215847015,gray,0.06836853176355362,-0.056466713547706604,defense_better
image,S1,E1,gradient_pruning,0,0.011901818215847015,cifar_mean,0.05908755585551262,-0.047185737639665604,defense_better
image,S1,E1,gradient_pruning,1,0.02991224266588688,undefended,0.024980826303362846,0.004931416362524033,defense_worse
image,S1,E1,gradient_pruning,1,0.02991224266588688,gray,0.08852749317884445,-0.05861525051295757,defense_better
image,S1,E1,gradient_pruning,1,0.02991224266588688,cifar_mean,0.07898834347724915,-0.04907610081136227,defense_better
image,S1,E1,gradient_pruning,2,0.008596420288085938,undefended,0.004142375197261572,0.004454045090824366,defense_worse
image,S1,E1,gradient_pruning,2,0.008596420288085938,gray,0.03789061680436134,-0.029294196516275406,defense_better
image,S1,E1,gradient_pruning,2,0.008596420288085938,cifar_mean,0.03774023428559303,-0.029143813997507095,defense_better
image,S1,E1,gradient_pruning,3,0.0017778087640181184,undefended,0.0008231056854128838,0.0009547030786052346,defense_worse
image,S1,E1,gradient_pruning,3,0.0017778087640181184,gray,0.01722257398068905,-0.01544476521667093,defense_better
image,S1,E1,gradient_pruning,3,0.0017778087640181184,cifar_mean,0.012870135717093945,-0.011092326953075826,defense_better
image,S1,E1,gradient_pruning,4,0.00742406165227294,undefended,0.003277108073234558,0.004146953579038382,defense_worse
image,S1,E1,gradient_pruning,4,0.00742406165227294,gray,0.036615367978811264,-0.029191306326538324,defense_better
image,S1,E1,gradient_pruning,4,0.00742406165227294,cifar_mean,0.04208303615450859,-0.03465897450223565,defense_better
image,S1,E1,gradient_pruning,5,0.005723065230995417,undefended,0.0018688412383198738,0.003854223992675543,defense_worse
image,S1,E1,gradient_pruning,5,0.005723065230995417,gray,0.026727141812443733,-0.021004076581448317,defense_better
image,S1,E1,gradient_pruning,5,0.005723065230995417,cifar_mean,0.03304671123623848,-0.027323646005243063,defense_better
image,S1,E1,gradient_pruning,6,0.013886417262256145,undefended,0.004536319524049759,0.009350097738206387,defense_worse
image,S1,E1,gradient_pruning,6,0.013886417262256145,gray,0.07497305423021317,-0.06108663696795702,defense_better
image,S1,E1,gradient_pruning,6,0.013886417262256145,cifar_mean,0.07600322365760803,-0.06211680639535189,defense_better
image,S1,E1,gradient_pruning,7,0.013869456015527248,undefended,0.005362140480428934,0.008507315535098314,defense_worse
image,S1,E1,gradient_pruning,7,0.013869456015527248,gray,0.06829913705587387,-0.05442968104034662,defense_better
image,S1,E1,gradient_pruning,7,0.013869456015527248,cifar_mean,0.06208273768424988,-0.04821328166872263,defense_better
image,S1,E1,gradient_pruning,8,0.026174142956733704,undefended,0.010855219326913357,0.015318923629820347,defense_worse
image,S1,E1,gradient_pruning,8,0.026174142956733704,gray,0.09810922294855118,-0.07193507999181747,defense_better
image,S1,E1,gradient_pruning,8,0.026174142956733704,cifar_mean,0.09977050870656967,-0.07359636574983597,defense_better
image,S1,E1,gradient_pruning,9,0.003855469636619091,undefended,0.00146502407733351,0.002390445559285581,defense_worse
image,S1,E1,gradient_pruning,9,0.003855469636619091,gray,0.019798846915364265,-0.015943377278745174,defense_better
image,S1,E1,gradient_pruning,9,0.003855469636619091,cifar_mean,0.01531787496060133,-0.011462405323982239,defense_better
image,S1,E1,gradient_pruning,10,0.01196077186614275,undefended,0.006761723663657904,0.005199048202484846,defense_worse
image,S1,E1,gradient_pruning,10,0.01196077186614275,gray,0.06507482379674911,-0.053114051930606365,defense_better
image,S1,E1,gradient_pruning,10,0.01196077186614275,cifar_mean,0.057298582047224045,-0.045337810181081295,defense_better
image,S1,E1,gradient_pruning,11,0.015184986405074596,undefended,0.006578516215085983,0.008606470189988613,defense_worse
image,S1,E1,gradient_pruning,11,0.015184986405074596,gray,0.07745186239480972,-0.062266875989735126,defense_better
image,S1,E1,gradient_pruning,11,0.015184986405074596,cifar_mean,0.08220136165618896,-0.06701637525111437,defense_better
image,S1,E1,gradient_pruning,12,0.014878102578222752,undefended,0.0041951690800487995,0.010682933498173952,defense_worse
image,S1,E1,gradient_pruning,12,0.014878102578222752,gray,0.06793449074029922,-0.05305638816207647,defense_better
image,S1,E1,gradient_pruning,12,0.014878102578222752,cifar_mean,0.07632744312286377,-0.06144934054464102,defense_better
image,S1,E1,gradient_pruning,13,0.017313214018940926,undefended,0.005629302468150854,0.011683911550790071,defense_worse
image,S1,E1,gradient_pruning,13,0.017313214018940926,gray,0.11894144862890244,-0.10162823460996151,defense_better
image,S1,E1,gradient_pruning,13,0.017313214018940926,cifar_mean,0.10724415630102158,-0.08993094228208065,defense_better
image,S1,E1,gradient_pruning,14,0.0033016521483659744,undefended,0.0021304308902472258,0.0011712212581187487,defense_worse
image,S1,E1,gradient_pruning,14,0.0033016521483659744,gray,0.03928070887923241,-0.03597905673086643,defense_better
image,S1,E1,gradient_pruning,14,0.0033016521483659744,cifar_mean,0.030334383249282837,-0.027032731100916862,defense_better
image,S1,E1,gradient_pruning,15,0.009286203421652317,undefended,0.004315893165767193,0.004970310255885124,defense_worse
image,S1,E1,gradient_pruning,15,0.009286203421652317,gray,0.04617581143975258,-0.03688960801810026,defense_better
image,S1,E1,gradient_pruning,15,0.009286203421652317,cifar_mean,0.04367084428668022,-0.034384640865027905,defense_better
image,S1,E1,gradient_pruning,16,0.005579398479312658,undefended,0.0029802408535033464,0.002599157625809312,defense_worse
image,S1,E1,gradient_pruning,16,0.005579398479312658,gray,0.09657040238380432,-0.09099100390449166,defense_better
image,S1,E1,gradient_pruning,16,0.005579398479312658,cifar_mean,0.07972066104412079,-0.07414126256480813,defense_better
image,S1,E1,gradient_pruning,17,0.04010556638240814,undefended,0.033151447772979736,0.006954118609428406,defense_worse
image,S1,E1,gradient_pruning,17,0.04010556638240814,gray,0.06958158314228058,-0.029476016759872437,defense_better
image,S1,E1,gradient_pruning,17,0.04010556638240814,cifar_mean,0.0689285472035408,-0.02882298082113266,defense_better
image,S1,E1,gradient_pruning,18,0.014778145588934422,undefended,0.006348513066768646,0.008429632522165775,defense_worse
image,S1,E1,gradient_pruning,18,0.014778145588934422,gray,0.0656706690788269,-0.05089252348989248,defense_better
image,S1,E1,gradient_pruning,18,0.014778145588934422,cifar_mean,0.061703283339738846,-0.046925137750804424,defense_better
image,S1,E1,gradient_pruning,19,0.00860961526632309,undefended,0.0038600533735007048,0.004749561892822385,defense_worse
image,S1,E1,gradient_pruning,19,0.00860961526632309,gray,0.06584482640028,-0.05723521113395691,defense_better
image,S1,E1,gradient_pruning,19,0.00860961526632309,cifar_mean,0.05957019329071045,-0.05096057802438736,defense_better
image,S1,E1,gradient_pruning,20,0.005330571439117193,undefended,0.0020342699717730284,0.003296301467344165,defense_worse
image,S1,E1,gradient_pruning,20,0.005330571439117193,gray,0.06611363589763641,-0.06078306445851922,defense_better
image,S1,E1,gradient_pruning,20,0.005330571439117193,cifar_mean,0.07447463274002075,-0.06914406130090356,defense_better
image,S1,E1,gradient_pruning,21,0.025136100128293037,undefended,0.021703770384192467,0.0034323297441005707,defense_worse
image,S1,E1,gradient_pruning,21,0.025136100128293037,gray,0.060139626264572144,-0.035003526136279106,defense_better
image,S1,E1,gradient_pruning,21,0.025136100128293037,cifar_mean,0.05936254933476448,-0.03422644920647144,defense_better
image,S1,E1,gradient_pruning,22,0.04786770045757294,undefended,0.02298809587955475,0.02487960457801819,defense_worse
image,S1,E1,gradient_pruning,22,0.04786770045757294,gray,0.08097526431083679,-0.033107563853263855,defense_better
image,S1,E1,gradient_pruning,22,0.04786770045757294,cifar_mean,0.08214011788368225,-0.034272417426109314,defense_better
image,S1,E1,gradient_pruning,23,0.0065007940866053104,undefended,0.0017326842062175274,0.004768109880387783,defense_worse
image,S1,E1,gradient_pruning,23,0.0065007940866053104,gray,0.04683154821395874,-0.04033075412735343,defense_better
image,S1,E1,gradient_pruning,23,0.0065007940866053104,cifar_mean,0.04805588722229004,-0.04155509313568473,defense_better
image,S1,E1,gradient_pruning,24,0.008484158664941788,undefended,0.0031201550737023354,0.005364003591239452,defense_worse
image,S1,E1,gradient_pruning,24,0.008484158664941788,gray,0.03787555173039436,-0.029391393065452576,defense_better
image,S1,E1,gradient_pruning,24,0.008484158664941788,cifar_mean,0.039189670234918594,-0.030705511569976807,defense_better
image,S1,E1,gradient_pruning,25,0.0069512720219790936,undefended,0.0018969556549564004,0.005054316367022693,defense_worse
image,S1,E1,gradient_pruning,25,0.0069512720219790936,gray,0.046686362475156784,-0.03973509045317769,defense_better
image,S1,E1,gradient_pruning,25,0.0069512720219790936,cifar_mean,0.047312136739492416,-0.04036086471751332,defense_better
image,S1,E1,gradient_pruning,26,0.011287628673017025,undefended,0.0046823457814753056,0.0066052828915417194,defense_worse
image,S1,E1,gradient_pruning,26,0.011287628673017025,gray,0.06430754065513611,-0.05301991198211908,defense_better
image,S1,E1,gradient_pruning,26,0.011287628673017025,cifar_mean,0.07318823784589767,-0.06190060917288065,defense_better
image,S1,E1,gradient_pruning,27,0.03131485730409622,undefended,0.01737160235643387,0.013943254947662354,defense_worse
image,S1,E1,gradient_pruning,27,0.03131485730409622,gray,0.06277374178171158,-0.031458884477615356,defense_better
image,S1,E1,gradient_pruning,27,0.03131485730409622,cifar_mean,0.061842501163482666,-0.030527643859386444,defense_better
image,S1,E1,gradient_pruning,28,0.009996435604989529,undefended,0.005889512598514557,0.004106923006474972,defense_worse
image,S1,E1,gradient_pruning,28,0.009996435604989529,gray,0.04194873571395874,-0.03195230010896921,defense_better
image,S1,E1,gradient_pruning,28,0.009996435604989529,cifar_mean,0.04929010942578316,-0.03929367382079363,defense_better
image,S1,E1,gradient_pruning,29,0.008951108902692795,undefended,0.005623289849609137,0.0033278190530836582,defense_worse
image,S1,E1,gradient_pruning,29,0.008951108902692795,gray,0.06350965797901154,-0.05455854907631874,defense_better
image,S1,E1,gradient_pruning,29,0.008951108902692795,cifar_mean,0.05271456763148308,-0.04376345872879028,defense_better
image,S1,E1,gradient_pruning,30,0.014718386344611645,undefended,0.006101055070757866,0.008617331273853779,defense_worse
image,S1,E1,gradient_pruning,30,0.014718386344611645,gray,0.08670685440301895,-0.0719884680584073,defense_better
image,S1,E1,gradient_pruning,30,0.014718386344611645,cifar_mean,0.10104735940694809,-0.08632897306233644,defense_better
image,S1,E1,gradient_pruning,31,0.0047434126026928425,undefended,0.0014946659794077277,0.0032487466232851148,defense_worse
image,S1,E1,gradient_pruning,31,0.0047434126026928425,gray,0.035539742559194565,-0.030796329956501722,defense_better
image,S1,E1,gradient_pruning,31,0.0047434126026928425,cifar_mean,0.03675774857401848,-0.032014335971325636,defense_better
image,S1,E1,gradient_pruning,32,0.00652835750952363,undefended,0.0027496712282299995,0.0037786862812936306,defense_worse
image,S1,E1,gradient_pruning,32,0.00652835750952363,gray,0.029493385925889015,-0.022965028416365385,defense_better
image,S1,E1,gradient_pruning,32,0.00652835750952363,cifar_mean,0.026593109592795372,-0.020064752083271742,defense_better
image,S1,E1,gradient_pruning,33,0.012082426808774471,undefended,0.0043803732842206955,0.007702053524553776,defense_worse
image,S1,E1,gradient_pruning,33,0.012082426808774471,gray,0.058785274624824524,-0.04670284781605005,defense_better
image,S1,E1,gradient_pruning,33,0.012082426808774471,cifar_mean,0.05640130117535591,-0.04431887436658144,defense_better
image,S1,E1,gradient_pruning,34,0.022406065836548805,undefended,0.007073973771184683,0.015332092065364122,defense_worse
image,S1,E1,gradient_pruning,34,0.022406065836548805,gray,0.12103021144866943,-0.09862414561212063,defense_better
image,S1,E1,gradient_pruning,34,0.022406065836548805,cifar_mean,0.1298164576292038,-0.10741039179265499,defense_better
image,S1,E1,gradient_pruning,35,0.016742268577218056,undefended,0.004572827834635973,0.012169440742582083,defense_worse
image,S1,E1,gradient_pruning,35,0.016742268577218056,gray,0.06155921146273613,-0.044816942885518074,defense_better
image,S1,E1,gradient_pruning,35,0.016742268577218056,cifar_mean,0.05889547988772392,-0.04215321131050587,defense_better
image,S1,E1,gradient_pruning,36,0.01141719426959753,undefended,0.004215894732624292,0.007201299536973238,defense_worse
image,S1,E1,gradient_pruning,36,0.01141719426959753,gray,0.04162457585334778,-0.030207381583750248,defense_better
image,S1,E1,gradient_pruning,36,0.01141719426959753,cifar_mean,0.0423029363155365,-0.03088574204593897,defense_better
image,S1,E1,gradient_pruning,37,0.00801462959498167,undefended,0.003518519224599004,0.004496110370382667,defense_worse
image,S1,E1,gradient_pruning,37,0.00801462959498167,gray,0.038340095430612564,-0.030325465835630894,defense_better
image,S1,E1,gradient_pruning,37,0.00801462959498167,cifar_mean,0.032948438078165054,-0.024933808483183384,defense_better
image,S1,E1,gradient_pruning,38,0.013097378425300121,undefended,0.006433777045458555,0.006663601379841566,defense_worse
image,S1,E1,gradient_pruning,38,0.013097378425300121,gray,0.06247740983963013,-0.049380031414330006,defense_better
image,S1,E1,gradient_pruning,38,0.013097378425300121,cifar_mean,0.056935086846351624,-0.0438377084210515,defense_better
image,S1,E1,precode,0,0.10019230097532272,undefended,0.004706770647317171,0.09548553032800555,defense_worse
image,S1,E1,precode,0,0.10019230097532272,gray,0.06836853176355362,0.031823769211769104,defense_worse
image,S1,E1,precode,0,0.10019230097532272,cifar_mean,0.05908755585551262,0.041104745119810104,defense_worse
image,S1,E1,precode,1,0.12675537168979645,undefended,0.024980826303362846,0.1017745453864336,defense_worse
image,S1,E1,precode,1,0.12675537168979645,gray,0.08852749317884445,0.038227878510951996,defense_worse
image,S1,E1,precode,1,0.12675537168979645,cifar_mean,0.07898834347724915,0.0477670282125473,defense_worse
image,S1,E1,precode,2,0.10130325704813004,undefended,0.004142375197261572,0.09716088185086846,defense_worse
image,S1,E1,precode,2,0.10130325704813004,gray,0.03789061680436134,0.06341264024376869,defense_worse
image,S1,E1,precode,2,0.10130325704813004,cifar_mean,0.03774023428559303,0.063563022762537,defense_worse
image,S1,E1,precode,3,0.07507964223623276,undefended,0.0008231056854128838,0.07425653655081987,defense_worse
image,S1,E1,precode,3,0.07507964223623276,gray,0.01722257398068905,0.05785706825554371,defense_worse
image,S1,E1,precode,3,0.07507964223623276,cifar_mean,0.012870135717093945,0.06220950651913881,defense_worse
image,S1,E1,precode,4,0.1060020700097084,undefended,0.003277108073234558,0.10272496193647385,defense_worse
image,S1,E1,precode,4,0.1060020700097084,gray,0.036615367978811264,0.06938670203089714,defense_worse
image,S1,E1,precode,4,0.1060020700097084,cifar_mean,0.04208303615450859,0.06391903385519981,defense_worse
image,S1,E1,precode,5,0.10938145965337753,undefended,0.0018688412383198738,0.10751261841505766,defense_worse
image,S1,E1,precode,5,0.10938145965337753,gray,0.026727141812443733,0.0826543178409338,defense_worse
image,S1,E1,precode,5,0.10938145965337753,cifar_mean,0.03304671123623848,0.07633474841713905,defense_worse
image,S1,E1,precode,6,0.14473608136177063,undefended,0.004536319524049759,0.14019976183772087,defense_worse
image,S1,E1,precode,6,0.14473608136177063,gray,0.07497305423021317,0.06976302713155746,defense_worse
image,S1,E1,precode,6,0.14473608136177063,cifar_mean,0.07600322365760803,0.0687328577041626,defense_worse
image,S1,E1,precode,7,0.12123897671699524,undefended,0.005362140480428934,0.1158768362365663,defense_worse
image,S1,E1,precode,7,0.12123897671699524,gray,0.06829913705587387,0.05293983966112137,defense_worse
image,S1,E1,precode,7,0.12123897671699524,cifar_mean,0.06208273768424988,0.05915623903274536,defense_worse
image,S1,E1,precode,8,0.16818396747112274,undefended,0.010855219326913357,0.15732874814420938,defense_worse
image,S1,E1,precode,8,0.16818396747112274,gray,0.09810922294855118,0.07007474452257156,defense_worse
image,S1,E1,precode,8,0.16818396747112274,cifar_mean,0.09977050870656967,0.06841345876455307,defense_worse
image,S1,E1,precode,9,0.06770067662000656,undefended,0.00146502407733351,0.06623565254267305,defense_worse
image,S1,E1,precode,9,0.06770067662000656,gray,0.019798846915364265,0.047901829704642296,defense_worse
image,S1,E1,precode,9,0.06770067662000656,cifar_mean,0.01531787496060133,0.05238280165940523,defense_worse
image,S1,E1,precode,10,0.11215746402740479,undefended,0.006761723663657904,0.10539574036374688,defense_worse
image,S1,E1,precode,10,0.11215746402740479,gray,0.06507482379674911,0.04708264023065567,defense_worse
image,S1,E1,precode,10,0.11215746402740479,cifar_mean,0.057298582047224045,0.05485888198018074,defense_worse
image,S1,E1,precode,11,0.14154349267482758,undefended,0.006578516215085983,0.1349649764597416,defense_worse
image,S1,E1,precode,11,0.14154349267482758,gray,0.07745186239480972,0.06409163028001785,defense_worse
image,S1,E1,precode,11,0.14154349267482758,cifar_mean,0.08220136165618896,0.05934213101863861,defense_worse
image,S1,E1,precode,12,0.1519034057855606,undefended,0.0041951690800487995,0.1477082367055118,defense_worse
image,S1,E1,precode,12,0.1519034057855606,gray,0.06793449074029922,0.08396891504526138,defense_worse
image,S1,E1,precode,12,0.1519034057855606,cifar_mean,0.07632744312286377,0.07557596266269684,defense_worse
image,S1,E1,precode,13,0.1454499065876007,undefended,0.005629302468150854,0.13982060411944985,defense_worse
image,S1,E1,precode,13,0.1454499065876007,gray,0.11894144862890244,0.026508457958698273,defense_worse
image,S1,E1,precode,13,0.1454499065876007,cifar_mean,0.10724415630102158,0.03820575028657913,defense_worse
image,S1,E1,precode,14,0.08223279565572739,undefended,0.0021304308902472258,0.08010236476548016,defense_worse
image,S1,E1,precode,14,0.08223279565572739,gray,0.03928070887923241,0.04295208677649498,defense_worse
image,S1,E1,precode,14,0.08223279565572739,cifar_mean,0.030334383249282837,0.05189841240644455,defense_worse
image,S1,E1,precode,15,0.10071772336959839,undefended,0.004315893165767193,0.0964018302038312,defense_worse
image,S1,E1,precode,15,0.10071772336959839,gray,0.04617581143975258,0.05454191192984581,defense_worse
image,S1,E1,precode,15,0.10071772336959839,cifar_mean,0.04367084428668022,0.05704687908291817,defense_worse
image,S1,E1,precode,16,0.11106478422880173,undefended,0.0029802408535033464,0.10808454337529838,defense_worse
image,S1,E1,precode,16,0.11106478422880173,gray,0.09657040238380432,0.014494381844997406,defense_worse
image,S1,E1,precode,16,0.11106478422880173,cifar_mean,0.07972066104412079,0.03134412318468094,defense_worse
image,S1,E1,precode,17,0.12659819424152374,undefended,0.033151447772979736,0.093446746468544,defense_worse
image,S1,E1,precode,17,0.12659819424152374,gray,0.06958158314228058,0.057016611099243164,defense_worse
image,S1,E1,precode,17,0.12659819424152374,cifar_mean,0.0689285472035408,0.05766964703798294,defense_worse
image,S1,E1,precode,18,0.10939168930053711,undefended,0.006348513066768646,0.10304317623376846,defense_worse
image,S1,E1,precode,18,0.10939168930053711,gray,0.0656706690788269,0.043721020221710205,defense_worse
image,S1,E1,precode,18,0.10939168930053711,cifar_mean,0.061703283339738846,0.047688405960798264,defense_worse
image,S1,E1,precode,19,0.10758259147405624,undefended,0.0038600533735007048,0.10372253810055554,defense_worse
image,S1,E1,precode,19,0.10758259147405624,gray,0.06584482640028,0.041737765073776245,defense_worse
image,S1,E1,precode,19,0.10758259147405624,cifar_mean,0.05957019329071045,0.048012398183345795,defense_worse
image,S1,E1,precode,20,0.12333876639604568,undefended,0.0020342699717730284,0.12130449642427266,defense_worse
image,S1,E1,precode,20,0.12333876639604568,gray,0.06611363589763641,0.05722513049840927,defense_worse
image,S1,E1,precode,20,0.12333876639604568,cifar_mean,0.07447463274002075,0.04886413365602493,defense_worse
image,S1,E1,precode,21,0.11430292576551437,undefended,0.021703770384192467,0.09259915538132191,defense_worse
image,S1,E1,precode,21,0.11430292576551437,gray,0.060139626264572144,0.05416329950094223,defense_worse
image,S1,E1,precode,21,0.11430292576551437,cifar_mean,0.05936254933476448,0.05494037643074989,defense_worse
image,S1,E1,precode,22,0.13799984753131866,undefended,0.02298809587955475,0.11501175165176392,defense_worse
image,S1,E1,precode,22,0.13799984753131866,gray,0.08097526431083679,0.05702458322048187,defense_worse
image,S1,E1,precode,22,0.13799984753131866,cifar_mean,0.08214011788368225,0.055859729647636414,defense_worse
image,S1,E1,precode,23,0.1076229140162468,undefended,0.0017326842062175274,0.10589022981002927,defense_worse
image,S1,E1,precode,23,0.1076229140162468,gray,0.04683154821395874,0.060791365802288055,defense_worse
image,S1,E1,precode,23,0.1076229140162468,cifar_mean,0.04805588722229004,0.05956702679395676,defense_worse
image,S1,E1,precode,24,0.09652119874954224,undefended,0.0031201550737023354,0.0934010436758399,defense_worse
image,S1,E1,precode,24,0.09652119874954224,gray,0.03787555173039436,0.05864564701914787,defense_worse
image,S1,E1,precode,24,0.09652119874954224,cifar_mean,0.039189670234918594,0.05733152851462364,defense_worse
image,S1,E1,precode,25,0.10471991449594498,undefended,0.0018969556549564004,0.10282295884098858,defense_worse
image,S1,E1,precode,25,0.10471991449594498,gray,0.046686362475156784,0.05803355202078819,defense_worse
image,S1,E1,precode,25,0.10471991449594498,cifar_mean,0.047312136739492416,0.05740777775645256,defense_worse
image,S1,E1,precode,26,0.14844585955142975,undefended,0.0046823457814753056,0.14376351376995444,defense_worse
image,S1,E1,precode,26,0.14844585955142975,gray,0.06430754065513611,0.08413831889629364,defense_worse
image,S1,E1,precode,26,0.14844585955142975,cifar_mean,0.07318823784589767,0.07525762170553207,defense_worse
image,S1,E1,precode,27,0.10783066600561142,undefended,0.01737160235643387,0.09045906364917755,defense_worse
image,S1,E1,precode,27,0.10783066600561142,gray,0.06277374178171158,0.04505692422389984,defense_worse
image,S1,E1,precode,27,0.10783066600561142,cifar_mean,0.061842501163482666,0.045988164842128754,defense_worse
image,S1,E1,precode,28,0.12289533764123917,undefended,0.005889512598514557,0.11700582504272461,defense_worse
image,S1,E1,precode,28,0.12289533764123917,gray,0.04194873571395874,0.08094660192728043,defense_worse
image,S1,E1,precode,28,0.12289533764123917,cifar_mean,0.04929010942578316,0.07360522821545601,defense_worse
image,S1,E1,precode,29,0.09718667715787888,undefended,0.005623289849609137,0.09156338730826974,defense_worse
image,S1,E1,precode,29,0.09718667715787888,gray,0.06350965797901154,0.03367701917886734,defense_worse
image,S1,E1,precode,29,0.09718667715787888,cifar_mean,0.05271456763148308,0.0444721095263958,defense_worse
image,S1,E1,precode,30,0.1729583591222763,undefended,0.006101055070757866,0.16685730405151844,defense_worse
image,S1,E1,precode,30,0.1729583591222763,gray,0.08670685440301895,0.08625150471925735,defense_worse
image,S1,E1,precode,30,0.1729583591222763,cifar_mean,0.10104735940694809,0.07191099971532822,defense_worse
image,S1,E1,precode,31,0.08995566517114639,undefended,0.0014946659794077277,0.08846099919173867,defense_worse
image,S1,E1,precode,31,0.08995566517114639,gray,0.035539742559194565,0.05441592261195183,defense_worse
image,S1,E1,precode,31,0.08995566517114639,cifar_mean,0.03675774857401848,0.053197916597127914,defense_worse
image,S1,E1,precode,32,0.08199729770421982,undefended,0.0027496712282299995,0.07924762647598982,defense_worse
image,S1,E1,precode,32,0.08199729770421982,gray,0.029493385925889015,0.0525039117783308,defense_worse
image,S1,E1,precode,32,0.08199729770421982,cifar_mean,0.026593109592795372,0.055404188111424446,defense_worse
image,S1,E1,precode,33,0.10536503791809082,undefended,0.0043803732842206955,0.10098466463387012,defense_worse
image,S1,E1,precode,33,0.10536503791809082,gray,0.058785274624824524,0.046579763293266296,defense_worse
image,S1,E1,precode,33,0.10536503791809082,cifar_mean,0.05640130117535591,0.04896373674273491,defense_worse
image,S1,E1,precode,34,0.19878046214580536,undefended,0.007073973771184683,0.19170648837462068,defense_worse
image,S1,E1,precode,34,0.19878046214580536,gray,0.12103021144866943,0.07775025069713593,defense_worse
image,S1,E1,precode,34,0.19878046214580536,cifar_mean,0.1298164576292038,0.06896400451660156,defense_worse
image,S1,E1,precode,35,0.10930825024843216,undefended,0.004572827834635973,0.10473542241379619,defense_worse
image,S1,E1,precode,35,0.10930825024843216,gray,0.06155921146273613,0.04774903878569603,defense_worse
image,S1,E1,precode,35,0.10930825024843216,cifar_mean,0.05889547988772392,0.05041277036070824,defense_worse
image,S1,E1,precode,36,0.10701058059930801,undefended,0.004215894732624292,0.10279468586668372,defense_worse
image,S1,E1,precode,36,0.10701058059930801,gray,0.04162457585334778,0.06538600474596024,defense_worse
image,S1,E1,precode,36,0.10701058059930801,cifar_mean,0.0423029363155365,0.06470764428377151,defense_worse
image,S1,E1,precode,37,0.09184116870164871,undefended,0.003518519224599004,0.08832264947704971,defense_worse
image,S1,E1,precode,37,0.09184116870164871,gray,0.038340095430612564,0.05350107327103615,defense_worse
image,S1,E1,precode,37,0.09184116870164871,cifar_mean,0.032948438078165054,0.05889273062348366,defense_worse
image,S1,E1,precode,38,0.10893373936414719,undefended,0.006433777045458555,0.10249996231868863,defense_worse
image,S1,E1,precode,38,0.10893373936414719,gray,0.06247740983963013,0.04645632952451706,defense_worse
image,S1,E1,precode,38,0.10893373936414719,cifar_mean,0.056935086846351624,0.05199865251779556,defense_worse
image,S1,E1,soteria,0,0.04876266419887543,undefended,0.004706770647317171,0.044055893551558256,defense_worse
image,S1,E1,soteria,0,0.04876266419887543,gray,0.06836853176355362,-0.019605867564678192,defense_better
image,S1,E1,soteria,0,0.04876266419887543,cifar_mean,0.05908755585551262,-0.010324891656637192,defense_better
image,S1,E1,soteria,1,0.06419903039932251,undefended,0.024980826303362846,0.03921820409595966,defense_worse
image,S1,E1,soteria,1,0.06419903039932251,gray,0.08852749317884445,-0.024328462779521942,defense_better
image,S1,E1,soteria,1,0.06419903039932251,cifar_mean,0.07898834347724915,-0.014789313077926636,defense_better
image,S1,E1,soteria,2,0.05257042124867439,undefended,0.004142375197261572,0.04842804605141282,defense_worse
image,S1,E1,soteria,2,0.05257042124867439,gray,0.03789061680436134,0.01467980444431305,defense_worse
image,S1,E1,soteria,2,0.05257042124867439,cifar_mean,0.03774023428559303,0.01483018696308136,defense_worse
image,S1,E1,soteria,3,0.05333368107676506,undefended,0.0008231056854128838,0.05251057539135218,defense_worse
image,S1,E1,soteria,3,0.05333368107676506,gray,0.01722257398068905,0.03611110709607601,defense_worse
image,S1,E1,soteria,3,0.05333368107676506,cifar_mean,0.012870135717093945,0.040463545359671116,defense_worse
image,S1,E1,soteria,4,0.040177807211875916,undefended,0.003277108073234558,0.03690069913864136,defense_worse
image,S1,E1,soteria,4,0.040177807211875916,gray,0.036615367978811264,0.0035624392330646515,defense_worse
image,S1,E1,soteria,4,0.040177807211875916,cifar_mean,0.04208303615450859,-0.0019052289426326752,defense_better
image,S1,E1,soteria,5,0.030033932998776436,undefended,0.0018688412383198738,0.028165091760456562,defense_worse
image,S1,E1,soteria,5,0.030033932998776436,gray,0.026727141812443733,0.0033067911863327026,defense_worse
image,S1,E1,soteria,5,0.030033932998776436,cifar_mean,0.03304671123623848,-0.0030127782374620438,defense_better
image,S1,E1,soteria,6,0.03798265382647514,undefended,0.004536319524049759,0.033446334302425385,defense_worse
image,S1,E1,soteria,6,0.03798265382647514,gray,0.07497305423021317,-0.03699040040373802,defense_better
image,S1,E1,soteria,6,0.03798265382647514,cifar_mean,0.07600322365760803,-0.03802056983113289,defense_better
image,S1,E1,soteria,7,0.03862766548991203,undefended,0.005362140480428934,0.0332655250094831,defense_worse
image,S1,E1,soteria,7,0.03862766548991203,gray,0.06829913705587387,-0.029671471565961838,defense_better
image,S1,E1,soteria,7,0.03862766548991203,cifar_mean,0.06208273768424988,-0.023455072194337845,defense_better
image,S1,E1,soteria,8,0.055623095482587814,undefended,0.010855219326913357,0.04476787615567446,defense_worse
image,S1,E1,soteria,8,0.055623095482587814,gray,0.09810922294855118,-0.042486127465963364,defense_better
image,S1,E1,soteria,8,0.055623095482587814,cifar_mean,0.09977050870656967,-0.04414741322398186,defense_better
image,S1,E1,soteria,9,0.026991790160536766,undefended,0.00146502407733351,0.025526766083203256,defense_worse
image,S1,E1,soteria,9,0.026991790160536766,gray,0.019798846915364265,0.007192943245172501,defense_worse
image,S1,E1,soteria,9,0.026991790160536766,cifar_mean,0.01531787496060133,0.011673915199935436,defense_worse
image,S1,E1,soteria,10,0.05344952270388603,undefended,0.006761723663657904,0.04668779904022813,defense_worse
image,S1,E1,soteria,10,0.05344952270388603,gray,0.06507482379674911,-0.011625301092863083,defense_better
image,S1,E1,soteria,10,0.05344952270388603,cifar_mean,0.057298582047224045,-0.0038490593433380127,defense_better
image,S1,E1,soteria,11,0.0558043010532856,undefended,0.006578516215085983,0.049225784838199615,defense_worse
image,S1,E1,soteria,11,0.0558043010532856,gray,0.07745186239480972,-0.021647561341524124,defense_better
image,S1,E1,soteria,11,0.0558043010532856,cifar_mean,0.08220136165618896,-0.026397060602903366,defense_better
image,S1,E1,soteria,12,0.04139002412557602,undefended,0.0041951690800487995,0.03719485504552722,defense_worse
image,S1,E1,soteria,12,0.04139002412557602,gray,0.06793449074029922,-0.026544466614723206,defense_better
image,S1,E1,soteria,12,0.04139002412557602,cifar_mean,0.07632744312286377,-0.03493741899728775,defense_better
image,S1,E1,soteria,13,0.06334283947944641,undefended,0.005629302468150854,0.05771353701129556,defense_worse
image,S1,E1,soteria,13,0.06334283947944641,gray,0.11894144862890244,-0.055598609149456024,defense_better
image,S1,E1,soteria,13,0.06334283947944641,cifar_mean,0.10724415630102158,-0.043901316821575165,defense_better
image,S1,E1,soteria,14,0.04741961136460304,undefended,0.0021304308902472258,0.04528918047435582,defense_worse
image,S1,E1,soteria,14,0.04741961136460304,gray,0.03928070887923241,0.008138902485370636,defense_worse
image,S1,E1,soteria,14,0.04741961136460304,cifar_mean,0.030334383249282837,0.017085228115320206,defense_worse
image,S1,E1,soteria,15,0.041214969009160995,undefended,0.004315893165767193,0.0368990758433938,defense_worse
image,S1,E1,soteria,15,0.041214969009160995,gray,0.04617581143975258,-0.004960842430591583,defense_better
image,S1,E1,soteria,15,0.041214969009160995,cifar_mean,0.04367084428668022,-0.002455875277519226,defense_better
image,S1,E1,soteria,16,0.06619134545326233,undefended,0.0029802408535033464,0.06321110459975898,defense_worse
image,S1,E1,soteria,16,0.06619134545326233,gray,0.09657040238380432,-0.030379056930541992,defense_better
image,S1,E1,soteria,16,0.06619134545326233,cifar_mean,0.07972066104412079,-0.01352931559085846,defense_better
image,S1,E1,soteria,17,0.06501331925392151,undefended,0.033151447772979736,0.03186187148094177,defense_worse
image,S1,E1,soteria,17,0.06501331925392151,gray,0.06958158314228058,-0.00456826388835907,defense_better
image,S1,E1,soteria,17,0.06501331925392151,cifar_mean,0.0689285472035408,-0.003915227949619293,defense_better
image,S1,E1,soteria,18,0.05592017248272896,undefended,0.006348513066768646,0.04957165941596031,defense_worse
image,S1,E1,soteria,18,0.05592017248272896,gray,0.0656706690788269,-0.009750496596097946,defense_better
image,S1,E1,soteria,18,0.05592017248272896,cifar_mean,0.061703283339738846,-0.005783110857009888,defense_better
image,S1,E1,soteria,19,0.04986962676048279,undefended,0.0038600533735007048,0.04600957338698208,defense_worse
image,S1,E1,soteria,19,0.04986962676048279,gray,0.06584482640028,-0.01597519963979721,defense_better
image,S1,E1,soteria,19,0.04986962676048279,cifar_mean,0.05957019329071045,-0.009700566530227661,defense_better
image,S1,E1,soteria,20,0.049312662333250046,undefended,0.0020342699717730284,0.04727839236147702,defense_worse
image,S1,E1,soteria,20,0.049312662333250046,gray,0.06611363589763641,-0.016800973564386368,defense_better
image,S1,E1,soteria,20,0.049312662333250046,cifar_mean,0.07447463274002075,-0.025161970406770706,defense_better
image,S1,E1,soteria,21,0.05233386158943176,undefended,0.021703770384192467,0.030630091205239296,defense_worse
image,S1,E1,soteria,21,0.05233386158943176,gray,0.060139626264572144,-0.007805764675140381,defense_better
image,S1,E1,soteria,21,0.05233386158943176,cifar_mean,0.05936254933476448,-0.007028687745332718,defense_better
image,S1,E1,soteria,22,0.06995824724435806,undefended,0.02298809587955475,0.046970151364803314,defense_worse
image,S1,E1,soteria,22,0.06995824724435806,gray,0.08097526431083679,-0.01101701706647873,defense_better
image,S1,E1,soteria,22,0.06995824724435806,cifar_mean,0.08214011788368225,-0.012181870639324188,defense_better
image,S1,E1,soteria,23,0.04295111820101738,undefended,0.0017326842062175274,0.04121843399479985,defense_worse
image,S1,E1,soteria,23,0.04295111820101738,gray,0.04683154821395874,-0.0038804300129413605,defense_better
image,S1,E1,soteria,23,0.04295111820101738,cifar_mean,0.04805588722229004,-0.005104769021272659,defense_better
image,S1,E1,soteria,24,0.03206630423665047,undefended,0.0031201550737023354,0.02894614916294813,defense_worse
image,S1,E1,soteria,24,0.03206630423665047,gray,0.03787555173039436,-0.0058092474937438965,defense_better
image,S1,E1,soteria,24,0.03206630423665047,cifar_mean,0.039189670234918594,-0.0071233659982681274,defense_better
image,S1,E1,soteria,25,0.049893591552972794,undefended,0.0018969556549564004,0.04799663589801639,defense_worse
image,S1,E1,soteria,25,0.049893591552972794,gray,0.046686362475156784,0.0032072290778160095,defense_worse
image,S1,E1,soteria,25,0.049893591552972794,cifar_mean,0.047312136739492416,0.002581454813480377,defense_worse
image,S1,E1,soteria,26,0.04325481131672859,undefended,0.0046823457814753056,0.038572465535253286,defense_worse
image,S1,E1,soteria,26,0.04325481131672859,gray,0.06430754065513611,-0.021052729338407516,defense_better
image,S1,E1,soteria,26,0.04325481131672859,cifar_mean,0.07318823784589767,-0.029933426529169083,defense_better
image,S1,E1,soteria,27,0.04600329324603081,undefended,0.01737160235643387,0.02863169088959694,defense_worse
image,S1,E1,soteria,27,0.04600329324603081,gray,0.06277374178171158,-0.01677044853568077,defense_better
image,S1,E1,soteria,27,0.04600329324603081,cifar_mean,0.061842501163482666,-0.01583920791745186,defense_better
image,S1,E1,soteria,28,0.03451842442154884,undefended,0.005889512598514557,0.028628911823034286,defense_worse
image,S1,E1,soteria,28,0.03451842442154884,gray,0.04194873571395874,-0.007430311292409897,defense_better
image,S1,E1,soteria,28,0.03451842442154884,cifar_mean,0.04929010942578316,-0.014771685004234314,defense_better
image,S1,E1,soteria,29,0.04746885970234871,undefended,0.005623289849609137,0.04184556985273957,defense_worse
image,S1,E1,soteria,29,0.04746885970234871,gray,0.06350965797901154,-0.016040798276662827,defense_better
image,S1,E1,soteria,29,0.04746885970234871,cifar_mean,0.05271456763148308,-0.005245707929134369,defense_better
image,S1,E1,soteria,30,0.04105575010180473,undefended,0.006101055070757866,0.03495469503104687,defense_worse
image,S1,E1,soteria,30,0.04105575010180473,gray,0.08670685440301895,-0.04565110430121422,defense_better
image,S1,E1,soteria,30,0.04105575010180473,cifar_mean,0.10104735940694809,-0.059991609305143356,defense_better
image,S1,E1,soteria,31,0.05279654264450073,undefended,0.0014946659794077277,0.051301876665093005,defense_worse
image,S1,E1,soteria,31,0.05279654264450073,gray,0.035539742559194565,0.017256800085306168,defense_worse
image,S1,E1,soteria,31,0.05279654264450073,cifar_mean,0.03675774857401848,0.016038794070482254,defense_worse
image,S1,E1,soteria,32,0.040772248059511185,undefended,0.0027496712282299995,0.038022576831281185,defense_worse
image,S1,E1,soteria,32,0.040772248059511185,gray,0.029493385925889015,0.01127886213362217,defense_worse
image,S1,E1,soteria,32,0.040772248059511185,cifar_mean,0.026593109592795372,0.014179138466715813,defense_worse
image,S1,E1,soteria,33,0.05408427119255066,undefended,0.0043803732842206955,0.049703897908329964,defense_worse
image,S1,E1,soteria,33,0.05408427119255066,gray,0.058785274624824524,-0.004701003432273865,defense_better
image,S1,E1,soteria,33,0.05408427119255066,cifar_mean,0.05640130117535591,-0.002317029982805252,defense_better
image,S1,E1,soteria,34,0.06258469820022583,undefended,0.007073973771184683,0.05551072442904115,defense_worse
image,S1,E1,soteria,34,0.06258469820022583,gray,0.12103021144866943,-0.058445513248443604,defense_better
image,S1,E1,soteria,34,0.06258469820022583,cifar_mean,0.1298164576292038,-0.06723175942897797,defense_better
image,S1,E1,soteria,35,0.05150115489959717,undefended,0.004572827834635973,0.046928327064961195,defense_worse
image,S1,E1,soteria,35,0.05150115489959717,gray,0.06155921146273613,-0.010058056563138962,defense_better
image,S1,E1,soteria,35,0.05150115489959717,cifar_mean,0.05889547988772392,-0.007394324988126755,defense_better
image,S1,E1,soteria,36,0.0506976842880249,undefended,0.004215894732624292,0.04648178955540061,defense_worse
image,S1,E1,soteria,36,0.0506976842880249,gray,0.04162457585334778,0.009073108434677124,defense_worse
image,S1,E1,soteria,36,0.0506976842880249,cifar_mean,0.0423029363155365,0.008394747972488403,defense_worse
image,S1,E1,soteria,37,0.04488302394747734,undefended,0.003518519224599004,0.04136450472287834,defense_worse
image,S1,E1,soteria,37,0.04488302394747734,gray,0.038340095430612564,0.006542928516864777,defense_worse
image,S1,E1,soteria,37,0.04488302394747734,cifar_mean,0.032948438078165054,0.011934585869312286,defense_worse
image,S1,E1,soteria,38,0.04518003389239311,undefended,0.006433777045458555,0.03874625684693456,defense_worse
image,S1,E1,soteria,38,0.04518003389239311,gray,0.06247740983963013,-0.017297375947237015,defense_better
image,S1,E1,soteria,38,0.04518003389239311,cifar_mean,0.056935086846351624,-0.011755052953958511,defense_better
image,S1c,E2,ats,0,0.07909198850393295,undefended,0.004706770647317171,0.07438521785661578,defense_worse
image,S1c,E2,ats,0,0.07909198850393295,gray,0.06836853176355362,0.010723456740379333,defense_worse
image,S1c,E2,ats,0,0.07909198850393295,cifar_mean,0.05908755585551262,0.020004432648420334,defense_worse
image,S1c,E2,ats,1,0.08945665508508682,undefended,0.024980826303362846,0.06447582878172398,defense_worse
image,S1c,E2,ats,1,0.08945665508508682,gray,0.08852749317884445,0.0009291619062423706,defense_worse
image,S1c,E2,ats,1,0.08945665508508682,cifar_mean,0.07898834347724915,0.010468311607837677,defense_worse
image,S1c,E2,ats,2,0.04717167094349861,undefended,0.004142375197261572,0.04302929574623704,defense_worse
image,S1c,E2,ats,2,0.04717167094349861,gray,0.03789061680436134,0.009281054139137268,defense_worse
image,S1c,E2,ats,2,0.04717167094349861,cifar_mean,0.03774023428559303,0.009431436657905579,defense_worse
image,S1c,E2,ats,3,0.01799437403678894,undefended,0.0008231056854128838,0.017171268351376057,defense_worse
image,S1c,E2,ats,3,0.01799437403678894,gray,0.01722257398068905,0.0007718000560998917,defense_worse
image,S1c,E2,ats,3,0.01799437403678894,cifar_mean,0.012870135717093945,0.005124238319694996,defense_worse
image,S1c,E2,ats,4,0.042309727519750595,undefended,0.003277108073234558,0.03903261944651604,defense_worse
image,S1c,E2,ats,4,0.042309727519750595,gray,0.036615367978811264,0.005694359540939331,defense_worse
image,S1c,E2,ats,4,0.042309727519750595,cifar_mean,0.04208303615450859,0.0002266913652420044,defense_worse
image,S1c,E2,ats,5,0.023761548101902008,undefended,0.0018688412383198738,0.021892706863582134,defense_worse
image,S1c,E2,ats,5,0.023761548101902008,gray,0.026727141812443733,-0.002965593710541725,defense_better
image,S1c,E2,ats,5,0.023761548101902008,cifar_mean,0.03304671123623848,-0.009285163134336472,defense_better
image,S1c,E2,ats,6,0.061545517295598984,undefended,0.004536319524049759,0.057009197771549225,defense_worse
image,S1c,E2,ats,6,0.061545517295598984,gray,0.07497305423021317,-0.013427536934614182,defense_better
image,S1c,E2,ats,6,0.061545517295598984,cifar_mean,0.07600322365760803,-0.014457706362009048,defense_better
image,S1c,E2,ats,7,0.07750941067934036,undefended,0.005362140480428934,0.07214727019891143,defense_worse
image,S1c,E2,ats,7,0.07750941067934036,gray,0.06829913705587387,0.009210273623466492,defense_worse
image,S1c,E2,ats,7,0.07750941067934036,cifar_mean,0.06208273768424988,0.015426672995090485,defense_worse
image,S1c,E2,ats,8,0.10599634796380997,undefended,0.010855219326913357,0.09514112863689661,defense_worse
image,S1c,E2,ats,8,0.10599634796380997,gray,0.09810922294855118,0.007887125015258789,defense_worse
image,S1c,E2,ats,8,0.10599634796380997,cifar_mean,0.09977050870656967,0.006225839257240295,defense_worse
image,S1c,E2,ats,9,0.02483019232749939,undefended,0.00146502407733351,0.02336516825016588,defense_worse
image,S1c,E2,ats,9,0.02483019232749939,gray,0.019798846915364265,0.005031345412135124,defense_worse
image,S1c,E2,ats,9,0.02483019232749939,cifar_mean,0.01531787496060133,0.00951231736689806,defense_worse
image,S1c,E2,ats,10,0.07571789622306824,undefended,0.006761723663657904,0.06895617255941033,defense_worse
image,S1c,E2,ats,10,0.07571789622306824,gray,0.06507482379674911,0.010643072426319122,defense_worse
image,S1c,E2,ats,10,0.07571789622306824,cifar_mean,0.057298582047224045,0.018419314175844193,defense_worse
image,S1c,E2,ats,11,0.07495376467704773,undefended,0.006578516215085983,0.06837524846196175,defense_worse
image,S1c,E2,ats,11,0.07495376467704773,gray,0.07745186239480972,-0.0024980977177619934,defense_better
image,S1c,E2,ats,11,0.07495376467704773,cifar_mean,0.08220136165618896,-0.007247596979141235,defense_better
image,S1c,E2,ats,12,0.06364418566226959,undefended,0.0041951690800487995,0.05944901658222079,defense_worse
image,S1c,E2,ats,12,0.06364418566226959,gray,0.06793449074029922,-0.004290305078029633,defense_better
image,S1c,E2,ats,12,0.06364418566226959,cifar_mean,0.07632744312286377,-0.012683257460594177,defense_better
image,S1c,E2,ats,13,0.13094942271709442,undefended,0.005629302468150854,0.12532012024894357,defense_worse
image,S1c,E2,ats,13,0.13094942271709442,gray,0.11894144862890244,0.012007974088191986,defense_worse
image,S1c,E2,ats,13,0.13094942271709442,cifar_mean,0.10724415630102158,0.023705266416072845,defense_worse
image,S1c,E2,ats,14,0.034067947417497635,undefended,0.0021304308902472258,0.03193751652725041,defense_worse
image,S1c,E2,ats,14,0.034067947417497635,gray,0.03928070887923241,-0.005212761461734772,defense_better
image,S1c,E2,ats,14,0.034067947417497635,cifar_mean,0.030334383249282837,0.003733564168214798,defense_worse
image,S1c,E2,ats,15,0.04422510042786598,undefended,0.004315893165767193,0.03990920726209879,defense_worse
image,S1c,E2,ats,15,0.04422510042786598,gray,0.04617581143975258,-0.0019507110118865967,defense_better
image,S1c,E2,ats,15,0.04422510042786598,cifar_mean,0.04367084428668022,0.0005542561411857605,defense_worse
image,S1c,E2,ats,16,0.09542191028594971,undefended,0.0029802408535033464,0.09244166943244636,defense_worse
image,S1c,E2,ats,16,0.09542191028594971,gray,0.09657040238380432,-0.0011484920978546143,defense_better
image,S1c,E2,ats,16,0.09542191028594971,cifar_mean,0.07972066104412079,0.01570124924182892,defense_worse
image,S1c,E2,ats,17,0.08724632859230042,undefended,0.033151447772979736,0.05409488081932068,defense_worse
image,S1c,E2,ats,17,0.08724632859230042,gray,0.06958158314228058,0.017664745450019836,defense_worse
image,S1c,E2,ats,17,0.08724632859230042,cifar_mean,0.0689285472035408,0.018317781388759613,defense_worse
image,S1c,E2,ats,18,0.08421102911233902,undefended,0.006348513066768646,0.07786251604557037,defense_worse
image,S1c,E2,ats,18,0.08421102911233902,gray,0.0656706690788269,0.018540360033512115,defense_worse
image,S1c,E2,ats,18,0.08421102911233902,cifar_mean,0.061703283339738846,0.022507745772600174,defense_worse
image,S1c,E2,ats,19,0.07478255033493042,undefended,0.0038600533735007048,0.07092249696142972,defense_worse
image,S1c,E2,ats,19,0.07478255033493042,gray,0.06584482640028,0.008937723934650421,defense_worse
image,S1c,E2,ats,19,0.07478255033493042,cifar_mean,0.05957019329071045,0.01521235704421997,defense_worse
image,S1c,E2,ats,20,0.07920894026756287,undefended,0.0020342699717730284,0.07717467029578984,defense_worse
image,S1c,E2,ats,20,0.07920894026756287,gray,0.06611363589763641,0.013095304369926453,defense_worse
image,S1c,E2,ats,20,0.07920894026756287,cifar_mean,0.07447463274002075,0.004734307527542114,defense_worse
image,S1c,E2,ats,21,0.06950628012418747,undefended,0.021703770384192467,0.047802509739995,defense_worse
image,S1c,E2,ats,21,0.06950628012418747,gray,0.060139626264572144,0.009366653859615326,defense_worse
image,S1c,E2,ats,21,0.06950628012418747,cifar_mean,0.05936254933476448,0.010143730789422989,defense_worse
image,S1c,E2,ats,22,0.08886190503835678,undefended,0.02298809587955475,0.06587380915880203,defense_worse
image,S1c,E2,ats,22,0.08886190503835678,gray,0.08097526431083679,0.007886640727519989,defense_worse
image,S1c,E2,ats,22,0.08886190503835678,cifar_mean,0.08214011788368225,0.00672178715467453,defense_worse
image,S1c,E2,ats,23,0.044521838426589966,undefended,0.0017326842062175274,0.04278915422037244,defense_worse
image,S1c,E2,ats,23,0.044521838426589966,gray,0.04683154821395874,-0.0023097097873687744,defense_better
image,S1c,E2,ats,23,0.044521838426589966,cifar_mean,0.04805588722229004,-0.0035340487957000732,defense_better
image,S1c,E2,ats,24,0.048483263701200485,undefended,0.0031201550737023354,0.04536310862749815,defense_worse
image,S1c,E2,ats,24,0.048483263701200485,gray,0.03787555173039436,0.010607711970806122,defense_worse
image,S1c,E2,ats,24,0.048483263701200485,cifar_mean,0.039189670234918594,0.009293593466281891,defense_worse
image,S1c,E2,ats,25,0.05785974860191345,undefended,0.0018969556549564004,0.05596279294695705,defense_worse
image,S1c,E2,ats,25,0.05785974860191345,gray,0.046686362475156784,0.011173386126756668,defense_worse
image,S1c,E2,ats,25,0.05785974860191345,cifar_mean,0.047312136739492416,0.010547611862421036,defense_worse
image,S1c,E2,ats,26,0.0620548278093338,undefended,0.0046823457814753056,0.057372482027858496,defense_worse
image,S1c,E2,ats,26,0.0620548278093338,gray,0.06430754065513611,-0.002252712845802307,defense_better
image,S1c,E2,ats,26,0.0620548278093338,cifar_mean,0.07318823784589767,-0.011133410036563873,defense_better
image,S1c,E2,ats,27,0.0700274258852005,undefended,0.01737160235643387,0.05265582352876663,defense_worse
image,S1c,E2,ats,27,0.0700274258852005,gray,0.06277374178171158,0.007253684103488922,defense_worse
image,S1c,E2,ats,27,0.0700274258852005,cifar_mean,0.061842501163482666,0.008184924721717834,defense_worse
image,S1c,E2,ats,28,0.04309231415390968,undefended,0.005889512598514557,0.037202801555395126,defense_worse
image,S1c,E2,ats,28,0.04309231415390968,gray,0.04194873571395874,0.001143578439950943,defense_worse
image,S1c,E2,ats,28,0.04309231415390968,cifar_mean,0.04929010942578316,-0.006197795271873474,defense_better
image,S1c,E2,ats,29,0.06406473368406296,undefended,0.005623289849609137,0.05844144383445382,defense_worse
image,S1c,E2,ats,29,0.06406473368406296,gray,0.06350965797901154,0.0005550757050514221,defense_worse
image,S1c,E2,ats,29,0.06406473368406296,cifar_mean,0.05271456763148308,0.01135016605257988,defense_worse
image,S1c,E2,ats,30,0.061060547828674316,undefended,0.006101055070757866,0.05495949275791645,defense_worse
image,S1c,E2,ats,30,0.061060547828674316,gray,0.08670685440301895,-0.025646306574344635,defense_better
image,S1c,E2,ats,30,0.061060547828674316,cifar_mean,0.10104735940694809,-0.03998681157827377,defense_better
image,S1c,E2,ats,31,0.05887092277407646,undefended,0.0014946659794077277,0.057376256794668734,defense_worse
image,S1c,E2,ats,31,0.05887092277407646,gray,0.035539742559194565,0.023331180214881897,defense_worse
image,S1c,E2,ats,31,0.05887092277407646,cifar_mean,0.03675774857401848,0.022113174200057983,defense_worse
image,S1c,E2,ats,32,0.03435475751757622,undefended,0.0027496712282299995,0.03160508628934622,defense_worse
image,S1c,E2,ats,32,0.03435475751757622,gray,0.029493385925889015,0.0048613715916872025,defense_worse
image,S1c,E2,ats,32,0.03435475751757622,cifar_mean,0.026593109592795372,0.007761647924780846,defense_worse
image,S1c,E2,ats,33,0.0679488331079483,undefended,0.0043803732842206955,0.06356845982372761,defense_worse
image,S1c,E2,ats,33,0.0679488331079483,gray,0.058785274624824524,0.00916355848312378,defense_worse
image,S1c,E2,ats,33,0.0679488331079483,cifar_mean,0.05640130117535591,0.011547531932592392,defense_worse
image,S1c,E2,ats,34,0.09843375533819199,undefended,0.007073973771184683,0.0913597815670073,defense_worse
image,S1c,E2,ats,34,0.09843375533819199,gray,0.12103021144866943,-0.022596456110477448,defense_better
image,S1c,E2,ats,34,0.09843375533819199,cifar_mean,0.1298164576292038,-0.03138270229101181,defense_better
image,S1c,E2,ats,35,0.09298405796289444,undefended,0.004572827834635973,0.08841123012825847,defense_worse
image,S1c,E2,ats,35,0.09298405796289444,gray,0.06155921146273613,0.03142484650015831,defense_worse
image,S1c,E2,ats,35,0.09298405796289444,cifar_mean,0.05889547988772392,0.03408857807517052,defense_worse
image,S1c,E2,ats,36,0.055145472288131714,undefended,0.004215894732624292,0.05092957755550742,defense_worse
image,S1c,E2,ats,36,0.055145472288131714,gray,0.04162457585334778,0.013520896434783936,defense_worse
image,S1c,E2,ats,36,0.055145472288131714,cifar_mean,0.0423029363155365,0.012842535972595215,defense_worse
image,S1c,E2,ats,37,0.04264484718441963,undefended,0.003518519224599004,0.03912632795982063,defense_worse
image,S1c,E2,ats,37,0.04264484718441963,gray,0.038340095430612564,0.004304751753807068,defense_worse
image,S1c,E2,ats,37,0.04264484718441963,cifar_mean,0.032948438078165054,0.009696409106254578,defense_worse
image,S1c,E2,ats,38,0.07579752057790756,undefended,0.006433777045458555,0.06936374353244901,defense_worse
image,S1c,E2,ats,38,0.07579752057790756,gray,0.06247740983963013,0.013320110738277435,defense_worse
image,S1c,E2,ats,38,0.07579752057790756,cifar_mean,0.056935086846351624,0.01886243373155594,defense_worse
image,S1c,E2,dna_v1_conservative,0,0.005657063331454992,undefended,0.004706770647317171,0.0009502926841378212,defense_worse
image,S1c,E2,dna_v1_conservative,0,0.005657063331454992,gray,0.06836853176355362,-0.06271146843209863,defense_better
image,S1c,E2,dna_v1_conservative,0,0.005657063331454992,cifar_mean,0.05908755585551262,-0.05343049252405763,defense_better
image,S1c,E2,dna_v1_conservative,1,0.022831657901406288,undefended,0.024980826303362846,-0.0021491684019565582,defense_better
image,S1c,E2,dna_v1_conservative,1,0.022831657901406288,gray,0.08852749317884445,-0.06569583527743816,defense_better
image,S1c,E2,dna_v1_conservative,1,0.022831657901406288,cifar_mean,0.07898834347724915,-0.05615668557584286,defense_better
image,S1c,E2,dna_v1_conservative,2,0.00493989372625947,undefended,0.004142375197261572,0.0007975185289978981,defense_worse
image,S1c,E2,dna_v1_conservative,2,0.00493989372625947,gray,0.03789061680436134,-0.03295072307810187,defense_better
image,S1c,E2,dna_v1_conservative,2,0.00493989372625947,cifar_mean,0.03774023428559303,-0.03280034055933356,defense_better
image,S1c,E2,dna_v1_conservative,3,0.0009883419843390584,undefended,0.0008231056854128838,0.00016523629892617464,defense_worse
image,S1c,E2,dna_v1_conservative,3,0.0009883419843390584,gray,0.01722257398068905,-0.01623423199634999,defense_better
image,S1c,E2,dna_v1_conservative,3,0.0009883419843390584,cifar_mean,0.012870135717093945,-0.011881793732754886,defense_better
image,S1c,E2,dna_v1_conservative,4,0.003898642025887966,undefended,0.003277108073234558,0.000621533952653408,defense_worse
image,S1c,E2,dna_v1_conservative,4,0.003898642025887966,gray,0.036615367978811264,-0.0327167259529233,defense_better
image,S1c,E2,dna_v1_conservative,4,0.003898642025887966,cifar_mean,0.04208303615450859,-0.038184394128620625,defense_better
image,S1c,E2,dna_v1_conservative,5,0.0021519616711884737,undefended,0.0018688412383198738,0.0002831204328685999,defense_worse
image,S1c,E2,dna_v1_conservative,5,0.0021519616711884737,gray,0.026727141812443733,-0.02457518014125526,defense_better
image,S1c,E2,dna_v1_conservative,5,0.0021519616711884737,cifar_mean,0.03304671123623848,-0.030894749565050006,defense_better
image,S1c,E2,dna_v1_conservative,6,0.005809308961033821,undefended,0.004536319524049759,0.0012729894369840622,defense_worse
image,S1c,E2,dna_v1_conservative,6,0.005809308961033821,gray,0.07497305423021317,-0.06916374526917934,defense_better
image,S1c,E2,dna_v1_conservative,6,0.005809308961033821,cifar_mean,0.07600322365760803,-0.07019391469657421,defense_better
image,S1c,E2,dna_v1_conservative,7,0.0066210548393428326,undefended,0.005362140480428934,0.0012589143589138985,defense_worse
image,S1c,E2,dna_v1_conservative,7,0.0066210548393428326,gray,0.06829913705587387,-0.06167808221653104,defense_better
image,S1c,E2,dna_v1_conservative,7,0.0066210548393428326,cifar_mean,0.06208273768424988,-0.055461682844907045,defense_better
image,S1c,E2,dna_v1_conservative,8,0.013779409229755402,undefended,0.010855219326913357,0.002924189902842045,defense_worse
image,S1c,E2,dna_v1_conservative,8,0.013779409229755402,gray,0.09810922294855118,-0.08432981371879578,defense_better
image,S1c,E2,dna_v1_conservative,8,0.013779409229755402,cifar_mean,0.09977050870656967,-0.08599109947681427,defense_better
image,S1c,E2,dna_v1_conservative,9,0.0016766288317739964,undefended,0.00146502407733351,0.00021160475444048643,defense_worse
image,S1c,E2,dna_v1_conservative,9,0.0016766288317739964,gray,0.019798846915364265,-0.01812221808359027,defense_better
image,S1c,E2,dna_v1_conservative,9,0.0016766288317739964,cifar_mean,0.01531787496060133,-0.013641246128827333,defense_better
image,S1c,E2,dna_v1_conservative,10,0.007880558259785175,undefended,0.006761723663657904,0.0011188345961272717,defense_worse
image,S1c,E2,dna_v1_conservative,10,0.007880558259785175,gray,0.06507482379674911,-0.05719426553696394,defense_better
image,S1c,E2,dna_v1_conservative,10,0.007880558259785175,cifar_mean,0.057298582047224045,-0.04941802378743887,defense_better
image,S1c,E2,dna_v1_conservative,11,0.007538899779319763,undefended,0.006578516215085983,0.0009603835642337799,defense_worse
image,S1c,E2,dna_v1_conservative,11,0.007538899779319763,gray,0.07745186239480972,-0.06991296261548996,defense_better
image,S1c,E2,dna_v1_conservative,11,0.007538899779319763,cifar_mean,0.08220136165618896,-0.0746624618768692,defense_better
image,S1c,E2,dna_v1_conservative,12,0.005432549864053726,undefended,0.0041951690800487995,0.0012373807840049267,defense_worse
image,S1c,E2,dna_v1_conservative,12,0.005432549864053726,gray,0.06793449074029922,-0.0625019408762455,defense_better
image,S1c,E2,dna_v1_conservative,12,0.005432549864053726,cifar_mean,0.07632744312286377,-0.07089489325881004,defense_better
image,S1c,E2,dna_v1_conservative,13,0.006935838609933853,undefended,0.005629302468150854,0.001306536141782999,defense_worse
image,S1c,E2,dna_v1_conservative,13,0.006935838609933853,gray,0.11894144862890244,-0.11200561001896858,defense_better
image,S1c,E2,dna_v1_conservative,13,0.006935838609933853,cifar_mean,0.10724415630102158,-0.10030831769108772,defense_better
image,S1c,E2,dna_v1_conservative,14,0.002516761887818575,undefended,0.0021304308902472258,0.00038633099757134914,defense_worse
image,S1c,E2,dna_v1_conservative,14,0.002516761887818575,gray,0.03928070887923241,-0.03676394699141383,defense_better
image,S1c,E2,dna_v1_conservative,14,0.002516761887818575,cifar_mean,0.030334383249282837,-0.027817621361464262,defense_better
image,S1c,E2,dna_v1_conservative,15,0.005080569069832563,undefended,0.004315893165767193,0.0007646759040653706,defense_worse
image,S1c,E2,dna_v1_conservative,15,0.005080569069832563,gray,0.04617581143975258,-0.041095242369920015,defense_better
image,S1c,E2,dna_v1_conservative,15,0.005080569069832563,cifar_mean,0.04367084428668022,-0.03859027521684766,defense_better
image,S1c,E2,dna_v1_conservative,16,0.003419099608436227,undefended,0.0029802408535033464,0.0004388587549328804,defense_worse
image,S1c,E2,dna_v1_conservative,16,0.003419099608436227,gray,0.09657040238380432,-0.0931513027753681,defense_better
image,S1c,E2,dna_v1_conservative,16,0.003419099608436227,cifar_mean,0.07972066104412079,-0.07630156143568456,defense_better
image,S1c,E2,dna_v1_conservative,17,0.029269225895404816,undefended,0.033151447772979736,-0.0038822218775749207,defense_better
image,S1c,E2,dna_v1_conservative,17,0.029269225895404816,gray,0.06958158314228058,-0.04031235724687576,defense_better
image,S1c,E2,dna_v1_conservative,17,0.029269225895404816,cifar_mean,0.0689285472035408,-0.039659321308135986,defense_better
image,S1c,E2,dna_v1_conservative,18,0.007953477092087269,undefended,0.006348513066768646,0.0016049640253186226,defense_worse
image,S1c,E2,dna_v1_conservative,18,0.007953477092087269,gray,0.0656706690788269,-0.057717191986739635,defense_better
image,S1c,E2,dna_v1_conservative,18,0.007953477092087269,cifar_mean,0.061703283339738846,-0.05374980624765158,defense_better
image,S1c,E2,dna_v1_conservative,19,0.004512972664088011,undefended,0.0038600533735007048,0.000652919290587306,defense_worse
image,S1c,E2,dna_v1_conservative,19,0.004512972664088011,gray,0.06584482640028,-0.06133185373619199,defense_better
image,S1c,E2,dna_v1_conservative,19,0.004512972664088011,cifar_mean,0.05957019329071045,-0.05505722062662244,defense_better
image,S1c,E2,dna_v1_conservative,20,0.0028860813472419977,undefended,0.0020342699717730284,0.0008518113754689693,defense_worse
image,S1c,E2,dna_v1_conservative,20,0.0028860813472419977,gray,0.06611363589763641,-0.06322755455039442,defense_better
image,S1c,E2,dna_v1_conservative,20,0.0028860813472419977,cifar_mean,0.07447463274002075,-0.07158855139277875,defense_better
image,S1c,E2,dna_v1_conservative,21,0.021080218255519867,undefended,0.021703770384192467,-0.0006235521286725998,defense_better
image,S1c,E2,dna_v1_conservative,21,0.021080218255519867,gray,0.060139626264572144,-0.03905940800905228,defense_better
image,S1c,E2,dna_v1_conservative,21,0.021080218255519867,cifar_mean,0.05936254933476448,-0.038282331079244614,defense_better
image,S1c,E2,dna_v1_conservative,22,0.03897643834352493,undefended,0.02298809587955475,0.015988342463970184,defense_worse
image,S1c,E2,dna_v1_conservative,22,0.03897643834352493,gray,0.08097526431083679,-0.04199882596731186,defense_better
image,S1c,E2,dna_v1_conservative,22,0.03897643834352493,cifar_mean,0.08214011788368225,-0.04316367954015732,defense_better
image,S1c,E2,dna_v1_conservative,23,0.002401357516646385,undefended,0.0017326842062175274,0.0006686733104288578,defense_worse
image,S1c,E2,dna_v1_conservative,23,0.002401357516646385,gray,0.04683154821395874,-0.044430190697312355,defense_better
image,S1c,E2,dna_v1_conservative,23,0.002401357516646385,cifar_mean,0.04805588722229004,-0.045654529705643654,defense_better
image,S1c,E2,dna_v1_conservative,24,0.003610122948884964,undefended,0.0031201550737023354,0.0004899678751826286,defense_worse
image,S1c,E2,dna_v1_conservative,24,0.003610122948884964,gray,0.03787555173039436,-0.0342654287815094,defense_better
image,S1c,E2,dna_v1_conservative,24,0.003610122948884964,cifar_mean,0.039189670234918594,-0.03557954728603363,defense_better
image,S1c,E2,dna_v1_conservative,25,0.0024623670615255833,undefended,0.0018969556549564004,0.0005654114065691829,defense_worse
image,S1c,E2,dna_v1_conservative,25,0.0024623670615255833,gray,0.046686362475156784,-0.0442239954136312,defense_better
image,S1c,E2,dna_v1_conservative,25,0.0024623670615255833,cifar_mean,0.047312136739492416,-0.04484976967796683,defense_better
image,S1c,E2,dna_v1_conservative,26,0.005694920662790537,undefended,0.0046823457814753056,0.0010125748813152313,defense_worse
image,S1c,E2,dna_v1_conservative,26,0.005694920662790537,gray,0.06430754065513611,-0.05861261999234557,defense_better
image,S1c,E2,dna_v1_conservative,26,0.005694920662790537,cifar_mean,0.07318823784589767,-0.06749331718310714,defense_better
image,S1c,E2,dna_v1_conservative,27,0.019272973760962486,undefended,0.01737160235643387,0.0019013714045286179,defense_worse
image,S1c,E2,dna_v1_conservative,27,0.019272973760962486,gray,0.06277374178171158,-0.04350076802074909,defense_better
image,S1c,E2,dna_v1_conservative,27,0.019272973760962486,cifar_mean,0.061842501163482666,-0.04256952740252018,defense_better
image,S1c,E2,dna_v1_conservative,28,0.0070360396057367325,undefended,0.005889512598514557,0.0011465270072221756,defense_worse
image,S1c,E2,dna_v1_conservative,28,0.0070360396057367325,gray,0.04194873571395874,-0.03491269610822201,defense_better
image,S1c,E2,dna_v1_conservative,28,0.0070360396057367325,cifar_mean,0.04929010942578316,-0.042254069820046425,defense_better
image,S1c,E2,dna_v1_conservative,29,0.006484855432063341,undefended,0.005623289849609137,0.0008615655824542046,defense_worse
image,S1c,E2,dna_v1_conservative,29,0.006484855432063341,gray,0.06350965797901154,-0.057024802546948195,defense_better
image,S1c,E2,dna_v1_conservative,29,0.006484855432063341,cifar_mean,0.05271456763148308,-0.04622971219941974,defense_better
image,S1c,E2,dna_v1_conservative,30,0.0049957032315433025,undefended,0.006101055070757866,-0.0011053518392145634,defense_better
image,S1c,E2,dna_v1_conservative,30,0.0049957032315433025,gray,0.08670685440301895,-0.08171115117147565,defense_better
image,S1c,E2,dna_v1_conservative,30,0.0049957032315433025,cifar_mean,0.10104735940694809,-0.09605165617540479,defense_better
image,S1c,E2,dna_v1_conservative,31,0.0019605110865086317,undefended,0.0014946659794077277,0.000465845107100904,defense_worse
image,S1c,E2,dna_v1_conservative,31,0.0019605110865086317,gray,0.035539742559194565,-0.03357923147268593,defense_better
image,S1c,E2,dna_v1_conservative,31,0.0019605110865086317,cifar_mean,0.03675774857401848,-0.03479723748750985,defense_better
image,S1c,E2,dna_v1_conservative,32,0.003276807488873601,undefended,0.0027496712282299995,0.0005271362606436014,defense_worse
image,S1c,E2,dna_v1_conservative,32,0.003276807488873601,gray,0.029493385925889015,-0.026216578437015414,defense_better
image,S1c,E2,dna_v1_conservative,32,0.003276807488873601,cifar_mean,0.026593109592795372,-0.02331630210392177,defense_better
image,S1c,E2,dna_v1_conservative,33,0.005492245312780142,undefended,0.0043803732842206955,0.0011118720285594463,defense_worse
image,S1c,E2,dna_v1_conservative,33,0.005492245312780142,gray,0.058785274624824524,-0.05329302931204438,defense_better
image,S1c,E2,dna_v1_conservative,33,0.005492245312780142,cifar_mean,0.05640130117535591,-0.05090905586257577,defense_better
image,S1c,E2,dna_v1_conservative,34,0.00919213518500328,undefended,0.007073973771184683,0.002118161413818598,defense_worse
image,S1c,E2,dna_v1_conservative,34,0.00919213518500328,gray,0.12103021144866943,-0.11183807626366615,defense_better
image,S1c,E2,dna_v1_conservative,34,0.00919213518500328,cifar_mean,0.1298164576292038,-0.12062432244420052,defense_better
image,S1c,E2,dna_v1_conservative,35,0.005430135410279036,undefended,0.004572827834635973,0.0008573075756430626,defense_worse
image,S1c,E2,dna_v1_conservative,35,0.005430135410279036,gray,0.06155921146273613,-0.056129076052457094,defense_better
image,S1c,E2,dna_v1_conservative,35,0.005430135410279036,cifar_mean,0.05889547988772392,-0.05346534447744489,defense_better
image,S1c,E2,dna_v1_conservative,36,0.004719664808362722,undefended,0.004215894732624292,0.00050377007573843,defense_worse
image,S1c,E2,dna_v1_conservative,36,0.004719664808362722,gray,0.04162457585334778,-0.036904911044985056,defense_better
image,S1c,E2,dna_v1_conservative,36,0.004719664808362722,cifar_mean,0.0423029363155365,-0.03758327150717378,defense_better
image,S1c,E2,dna_v1_conservative,37,0.004458385985344648,undefended,0.003518519224599004,0.0009398667607456446,defense_worse
image,S1c,E2,dna_v1_conservative,37,0.004458385985344648,gray,0.038340095430612564,-0.033881709445267916,defense_better
image,S1c,E2,dna_v1_conservative,37,0.004458385985344648,cifar_mean,0.032948438078165054,-0.028490052092820406,defense_better
image,S1c,E2,dna_v1_conservative,38,0.007659026887267828,undefended,0.006433777045458555,0.0012252498418092728,defense_worse
image,S1c,E2,dna_v1_conservative,38,0.007659026887267828,gray,0.06247740983963013,-0.0548183829523623,defense_better
image,S1c,E2,dna_v1_conservative,38,0.007659026887267828,cifar_mean,0.056935086846351624,-0.049276059959083796,defense_better
image,S1c,E2,dna_v2_0p95,0,0.0046705990098416805,undefended,0.004706770647317171,-3.617163747549057e-05,defense_better
image,S1c,E2,dna_v2_0p95,0,0.0046705990098416805,gray,0.06836853176355362,-0.06369793275371194,defense_better
image,S1c,E2,dna_v2_0p95,0,0.0046705990098416805,cifar_mean,0.05908755585551262,-0.05441695684567094,defense_better
image,S1c,E2,dna_v2_0p95,1,0.015986502170562744,undefended,0.024980826303362846,-0.008994324132800102,defense_better
image,S1c,E2,dna_v2_0p95,1,0.015986502170562744,gray,0.08852749317884445,-0.07254099100828171,defense_better
image,S1c,E2,dna_v2_0p95,1,0.015986502170562744,cifar_mean,0.07898834347724915,-0.0630018413066864,defense_better
image,S1c,E2,dna_v2_0p95,2,0.0042038545943796635,undefended,0.004142375197261572,6.147939711809158e-05,defense_worse
image,S1c,E2,dna_v2_0p95,2,0.0042038545943796635,gray,0.03789061680436134,-0.03368676220998168,defense_better
image,S1c,E2,dna_v2_0p95,2,0.0042038545943796635,cifar_mean,0.03774023428559303,-0.03353637969121337,defense_better
image,S1c,E2,dna_v2_0p95,3,0.0008017367799766362,undefended,0.0008231056854128838,-2.1368905436247587e-05,defense_better
image,S1c,E2,dna_v2_0p95,3,0.0008017367799766362,gray,0.01722257398068905,-0.016420837200712413,defense_better
image,S1c,E2,dna_v2_0p95,3,0.0008017367799766362,cifar_mean,0.012870135717093945,-0.012068398937117308,defense_better
image,S1c,E2,dna_v2_0p95,4,0.0033006342127919197,undefended,0.003277108073234558,2.3526139557361603e-05,defense_worse
image,S1c,E2,dna_v2_0p95,4,0.0033006342127919197,gray,0.036615367978811264,-0.033314733766019344,defense_better
image,S1c,E2,dna_v2_0p95,4,0.0033006342127919197,cifar_mean,0.04208303615450859,-0.03878240194171667,defense_better
image,S1c,E2,dna_v2_0p95,5,0.0018860981799662113,undefended,0.0018688412383198738,1.725694164633751e-05,defense_worse
image,S1c,E2,dna_v2_0p95,5,0.0018860981799662113,gray,0.026727141812443733,-0.024841043632477522,defense_better
image,S1c,E2,dna_v2_0p95,5,0.0018860981799662113,cifar_mean,0.03304671123623848,-0.03116061305627227,defense_better
image,S1c,E2,dna_v2_0p95,6,0.004472539760172367,undefended,0.004536319524049759,-6.377976387739182e-05,defense_better
image,S1c,E2,dna_v2_0p95,6,0.004472539760172367,gray,0.07497305423021317,-0.0705005144700408,defense_better
image,S1c,E2,dna_v2_0p95,6,0.004472539760172367,cifar_mean,0.07600322365760803,-0.07153068389743567,defense_better
image,S1c,E2,dna_v2_0p95,7,0.005438666325062513,undefended,0.005362140480428934,7.652584463357925e-05,defense_worse
image,S1c,E2,dna_v2_0p95,7,0.005438666325062513,gray,0.06829913705587387,-0.06286047073081136,defense_better
image,S1c,E2,dna_v2_0p95,7,0.005438666325062513,cifar_mean,0.06208273768424988,-0.056644071359187365,defense_better
image,S1c,E2,dna_v2_0p95,8,0.01099279522895813,undefended,0.010855219326913357,0.0001375759020447731,defense_worse
image,S1c,E2,dna_v2_0p95,8,0.01099279522895813,gray,0.09810922294855118,-0.08711642771959305,defense_better
image,S1c,E2,dna_v2_0p95,8,0.01099279522895813,cifar_mean,0.09977050870656967,-0.08877771347761154,defense_better
image,S1c,E2,dna_v2_0p95,9,0.0014881690731272101,undefended,0.00146502407733351,2.3144995793700218e-05,defense_worse
image,S1c,E2,dna_v2_0p95,9,0.0014881690731272101,gray,0.019798846915364265,-0.018310677842237055,defense_better
image,S1c,E2,dna_v2_0p95,9,0.0014881690731272101,cifar_mean,0.01531787496060133,-0.01382970588747412,defense_better
image,S1c,E2,dna_v2_0p95,10,0.007175719831138849,undefended,0.006761723663657904,0.0004139961674809456,defense_worse
image,S1c,E2,dna_v2_0p95,10,0.007175719831138849,gray,0.06507482379674911,-0.057899103965610266,defense_better
image,S1c,E2,dna_v2_0p95,10,0.007175719831138849,cifar_mean,0.057298582047224045,-0.050122862216085196,defense_better
image,S1c,E2,dna_v2_0p95,11,0.006028275936841965,undefended,0.006578516215085983,-0.0005502402782440186,defense_better
image,S1c,E2,dna_v2_0p95,11,0.006028275936841965,gray,0.07745186239480972,-0.07142358645796776,defense_better
image,S1c,E2,dna_v2_0p95,11,0.006028275936841965,cifar_mean,0.08220136165618896,-0.076173085719347,defense_better
image,S1c,E2,dna_v2_0p95,12,0.004177506547421217,undefended,0.0041951690800487995,-1.766253262758255e-05,defense_better
image,S1c,E2,dna_v2_0p95,12,0.004177506547421217,gray,0.06793449074029922,-0.06375698419287801,defense_better
image,S1c,E2,dna_v2_0p95,12,0.004177506547421217,cifar_mean,0.07632744312286377,-0.07214993657544255,defense_better
image,S1c,E2,dna_v2_0p95,13,0.005619206931442022,undefended,0.005629302468150854,-1.0095536708831787e-05,defense_better
image,S1c,E2,dna_v2_0p95,13,0.005619206931442022,gray,0.11894144862890244,-0.11332224169746041,defense_better
image,S1c,E2,dna_v2_0p95,13,0.005619206931442022,cifar_mean,0.10724415630102158,-0.10162494936957955,defense_better
image,S1c,E2,dna_v2_0p95,14,0.0021395112853497267,undefended,0.0021304308902472258,9.080395102500916e-06,defense_worse
image,S1c,E2,dna_v2_0p95,14,0.0021395112853497267,gray,0.03928070887923241,-0.03714119759388268,defense_better
image,S1c,E2,dna_v2_0p95,14,0.0021395112853497267,cifar_mean,0.030334383249282837,-0.02819487196393311,defense_better
image,S1c,E2,dna_v2_0p95,15,0.004372131545096636,undefended,0.004315893165767193,5.623837932944298e-05,defense_worse
image,S1c,E2,dna_v2_0p95,15,0.004372131545096636,gray,0.04617581143975258,-0.04180367989465594,defense_better
image,S1c,E2,dna_v2_0p95,15,0.004372131545096636,cifar_mean,0.04367084428668022,-0.039298712741583586,defense_better
image,S1c,E2,dna_v2_0p95,16,0.0029469106812030077,undefended,0.0029802408535033464,-3.3330172300338745e-05,defense_better
image,S1c,E2,dna_v2_0p95,16,0.0029469106812030077,gray,0.09657040238380432,-0.09362349170260131,defense_better
image,S1c,E2,dna_v2_0p95,16,0.0029469106812030077,cifar_mean,0.07972066104412079,-0.07677375036291778,defense_better
image,S1c,E2,dna_v2_0p95,17,0.03148322552442551,undefended,0.033151447772979736,-0.0016682222485542297,defense_better
image,S1c,E2,dna_v2_0p95,17,0.03148322552442551,gray,0.06958158314228058,-0.03809835761785507,defense_better
image,S1c,E2,dna_v2_0p95,17,0.03148322552442551,cifar_mean,0.0689285472035408,-0.037445321679115295,defense_better
image,S1c,E2,dna_v2_0p95,18,0.006475561764091253,undefended,0.006348513066768646,0.00012704869732260704,defense_worse
image,S1c,E2,dna_v2_0p95,18,0.006475561764091253,gray,0.0656706690788269,-0.05919510731473565,defense_better
image,S1c,E2,dna_v2_0p95,18,0.006475561764091253,cifar_mean,0.061703283339738846,-0.05522772157564759,defense_better
image,S1c,E2,dna_v2_0p95,19,0.004947973880916834,undefended,0.0038600533735007048,0.0010879205074161291,defense_worse
image,S1c,E2,dna_v2_0p95,19,0.004947973880916834,gray,0.06584482640028,-0.060896852519363165,defense_better
image,S1c,E2,dna_v2_0p95,19,0.004947973880916834,cifar_mean,0.05957019329071045,-0.054622219409793615,defense_better
image,S1c,E2,dna_v2_0p95,20,0.0020801846403628588,undefended,0.0020342699717730284,4.59146685898304e-05,defense_worse
image,S1c,E2,dna_v2_0p95,20,0.0020801846403628588,gray,0.06611363589763641,-0.06403345125727355,defense_better
image,S1c,E2,dna_v2_0p95,20,0.0020801846403628588,cifar_mean,0.07447463274002075,-0.0723944480996579,defense_better
image,S1c,E2,dna_v2_0p95,21,0.026581475511193275,undefended,0.021703770384192467,0.004877705127000809,defense_worse
image,S1c,E2,dna_v2_0p95,21,0.026581475511193275,gray,0.060139626264572144,-0.03355815075337887,defense_better
image,S1c,E2,dna_v2_0p95,21,0.026581475511193275,cifar_mean,0.05936254933476448,-0.032781073823571205,defense_better
image,S1c,E2,dna_v2_0p95,22,0.035950858145952225,undefended,0.02298809587955475,0.012962762266397476,defense_worse
image,S1c,E2,dna_v2_0p95,22,0.035950858145952225,gray,0.08097526431083679,-0.04502440616488457,defense_better
image,S1c,E2,dna_v2_0p95,22,0.035950858145952225,cifar_mean,0.08214011788368225,-0.046189259737730026,defense_better
image,S1c,E2,dna_v2_0p95,23,0.0017560888081789017,undefended,0.0017326842062175274,2.3404601961374283e-05,defense_worse
image,S1c,E2,dna_v2_0p95,23,0.0017560888081789017,gray,0.04683154821395874,-0.04507545940577984,defense_better
image,S1c,E2,dna_v2_0p95,23,0.0017560888081789017,cifar_mean,0.04805588722229004,-0.04629979841411114,defense_better
image,S1c,E2,dna_v2_0p95,24,0.0031254172790795565,undefended,0.0031201550737023354,5.2622053772211075e-06,defense_worse
image,S1c,E2,dna_v2_0p95,24,0.0031254172790795565,gray,0.03787555173039436,-0.03475013445131481,defense_better
image,S1c,E2,dna_v2_0p95,24,0.0031254172790795565,cifar_mean,0.039189670234918594,-0.03606425295583904,defense_better
image,S1c,E2,dna_v2_0p95,25,0.0019124160753563046,undefended,0.0018969556549564004,1.546042039990425e-05,defense_worse
image,S1c,E2,dna_v2_0p95,25,0.0019124160753563046,gray,0.046686362475156784,-0.04477394639980048,defense_better
image,S1c,E2,dna_v2_0p95,25,0.0019124160753563046,cifar_mean,0.047312136739492416,-0.04539972066413611,defense_better
image,S1c,E2,dna_v2_0p95,26,0.004774018656462431,undefended,0.0046823457814753056,9.16728749871254e-05,defense_worse
image,S1c,E2,dna_v2_0p95,26,0.004774018656462431,gray,0.06430754065513611,-0.05953352199867368,defense_better
image,S1c,E2,dna_v2_0p95,26,0.004774018656462431,cifar_mean,0.07318823784589767,-0.06841421918943524,defense_better
image,S1c,E2,dna_v2_0p95,27,0.009488106705248356,undefended,0.01737160235643387,-0.007883495651185513,defense_better
image,S1c,E2,dna_v2_0p95,27,0.009488106705248356,gray,0.06277374178171158,-0.05328563507646322,defense_better
image,S1c,E2,dna_v2_0p95,27,0.009488106705248356,cifar_mean,0.061842501163482666,-0.05235439445823431,defense_better
image,S1c,E2,dna_v2_0p95,28,0.005972664337605238,undefended,0.005889512598514557,8.315173909068108e-05,defense_worse
image,S1c,E2,dna_v2_0p95,28,0.005972664337605238,gray,0.04194873571395874,-0.0359760713763535,defense_better
image,S1c,E2,dna_v2_0p95,28,0.005972664337605238,cifar_mean,0.04929010942578316,-0.04331744508817792,defense_better
image,S1c,E2,dna_v2_0p95,29,0.005567476153373718,undefended,0.005623289849609137,-5.581369623541832e-05,defense_better
image,S1c,E2,dna_v2_0p95,29,0.005567476153373718,gray,0.06350965797901154,-0.05794218182563782,defense_better
image,S1c,E2,dna_v2_0p95,29,0.005567476153373718,cifar_mean,0.05271456763148308,-0.04714709147810936,defense_better
image,S1c,E2,dna_v2_0p95,30,0.00400026049464941,undefended,0.006101055070757866,-0.0021007945761084557,defense_better
image,S1c,E2,dna_v2_0p95,30,0.00400026049464941,gray,0.08670685440301895,-0.08270659390836954,defense_better
image,S1c,E2,dna_v2_0p95,30,0.00400026049464941,cifar_mean,0.10104735940694809,-0.09704709891229868,defense_better
image,S1c,E2,dna_v2_0p95,31,0.0015309626469388604,undefended,0.0014946659794077277,3.62966675311327e-05,defense_worse
image,S1c,E2,dna_v2_0p95,31,0.0015309626469388604,gray,0.035539742559194565,-0.034008779912255704,defense_better
image,S1c,E2,dna_v2_0p95,31,0.0015309626469388604,cifar_mean,0.03675774857401848,-0.03522678592707962,defense_better
image,S1c,E2,dna_v2_0p95,32,0.0027772195171564817,undefended,0.0027496712282299995,2.75482889264822e-05,defense_worse
image,S1c,E2,dna_v2_0p95,32,0.0027772195171564817,gray,0.029493385925889015,-0.026716166408732533,defense_better
image,S1c,E2,dna_v2_0p95,32,0.0027772195171564817,cifar_mean,0.026593109592795372,-0.02381589007563889,defense_better
image,S1c,E2,dna_v2_0p95,33,0.0043862625025212765,undefended,0.0043803732842206955,5.889218300580978e-06,defense_worse
image,S1c,E2,dna_v2_0p95,33,0.0043862625025212765,gray,0.058785274624824524,-0.05439901212230325,defense_better
image,S1c,E2,dna_v2_0p95,33,0.0043862625025212765,cifar_mean,0.05640130117535591,-0.052015038672834635,defense_better
image,S1c,E2,dna_v2_0p95,34,0.007359737530350685,undefended,0.007073973771184683,0.0002857637591660023,defense_worse
image,S1c,E2,dna_v2_0p95,34,0.007359737530350685,gray,0.12103021144866943,-0.11367047391831875,defense_better
image,S1c,E2,dna_v2_0p95,34,0.007359737530350685,cifar_mean,0.1298164576292038,-0.12245672009885311,defense_better
image,S1c,E2,dna_v2_0p95,35,0.004712619818747044,undefended,0.004572827834635973,0.00013979198411107063,defense_worse
image,S1c,E2,dna_v2_0p95,35,0.004712619818747044,gray,0.06155921146273613,-0.056846591643989086,defense_better
image,S1c,E2,dna_v2_0p95,35,0.004712619818747044,cifar_mean,0.05889547988772392,-0.05418286006897688,defense_better
image,S1c,E2,dna_v2_0p95,36,0.004258527886122465,undefended,0.004215894732624292,4.263315349817276e-05,defense_worse
image,S1c,E2,dna_v2_0p95,36,0.004258527886122465,gray,0.04162457585334778,-0.03736604796722531,defense_better
image,S1c,E2,dna_v2_0p95,36,0.004258527886122465,cifar_mean,0.0423029363155365,-0.038044408429414034,defense_better
image,S1c,E2,dna_v2_0p95,37,0.003674866631627083,undefended,0.003518519224599004,0.00015634740702807903,defense_worse
image,S1c,E2,dna_v2_0p95,37,0.003674866631627083,gray,0.038340095430612564,-0.03466522879898548,defense_better
image,S1c,E2,dna_v2_0p95,37,0.003674866631627083,cifar_mean,0.032948438078165054,-0.02927357144653797,defense_better
image,S1c,E2,dna_v2_0p95,38,0.006537345703691244,undefended,0.006433777045458555,0.0001035686582326889,defense_worse
image,S1c,E2,dna_v2_0p95,38,0.006537345703691244,gray,0.06247740983963013,-0.05594006413593888,defense_better
image,S1c,E2,dna_v2_0p95,38,0.006537345703691244,cifar_mean,0.056935086846351624,-0.05039774114266038,defense_better
image,S1c,E2,gradient_pruning,0,0.00840019341558218,undefended,0.004706770647317171,0.003693422768265009,defense_worse
image,S1c,E2,gradient_pruning,0,0.00840019341558218,gray,0.06836853176355362,-0.05996833834797144,defense_better
image,S1c,E2,gradient_pruning,0,0.00840019341558218,cifar_mean,0.05908755585551262,-0.05068736243993044,defense_better
image,S1c,E2,gradient_pruning,1,0.03906618431210518,undefended,0.024980826303362846,0.014085358008742332,defense_worse
image,S1c,E2,gradient_pruning,1,0.03906618431210518,gray,0.08852749317884445,-0.04946130886673927,defense_better
image,S1c,E2,gradient_pruning,1,0.03906618431210518,cifar_mean,0.07898834347724915,-0.03992215916514397,defense_better
image,S1c,E2,gradient_pruning,2,0.007292537484318018,undefended,0.004142375197261572,0.003150162287056446,defense_worse
image,S1c,E2,gradient_pruning,2,0.007292537484318018,gray,0.03789061680436134,-0.030598079320043325,defense_better
image,S1c,E2,gradient_pruning,2,0.007292537484318018,cifar_mean,0.03774023428559303,-0.030447696801275015,defense_better
image,S1c,E2,gradient_pruning,3,0.0013953439192846417,undefended,0.0008231056854128838,0.000572238233871758,defense_worse
image,S1c,E2,gradient_pruning,3,0.0013953439192846417,gray,0.01722257398068905,-0.015827230061404407,defense_better
image,S1c,E2,gradient_pruning,3,0.0013953439192846417,cifar_mean,0.012870135717093945,-0.011474791797809303,defense_better
image,S1c,E2,gradient_pruning,4,0.00587090477347374,undefended,0.003277108073234558,0.0025937967002391815,defense_worse
image,S1c,E2,gradient_pruning,4,0.00587090477347374,gray,0.036615367978811264,-0.030744463205337524,defense_better
image,S1c,E2,gradient_pruning,4,0.00587090477347374,cifar_mean,0.04208303615450859,-0.03621213138103485,defense_better
image,S1c,E2,gradient_pruning,5,0.003259996883571148,undefended,0.0018688412383198738,0.0013911556452512741,defense_worse
image,S1c,E2,gradient_pruning,5,0.003259996883571148,gray,0.026727141812443733,-0.023467144928872585,defense_better
image,S1c,E2,gradient_pruning,5,0.003259996883571148,cifar_mean,0.03304671123623848,-0.02978671435266733,defense_better
image,S1c,E2,gradient_pruning,6,0.008298331871628761,undefended,0.004536319524049759,0.0037620123475790024,defense_worse
image,S1c,E2,gradient_pruning,6,0.008298331871628761,gray,0.07497305423021317,-0.0666747223585844,defense_better
image,S1c,E2,gradient_pruning,6,0.008298331871628761,cifar_mean,0.07600322365760803,-0.06770489178597927,defense_better
image,S1c,E2,gradient_pruning,7,0.010581535287201405,undefended,0.005362140480428934,0.0052193948067724705,defense_worse
image,S1c,E2,gradient_pruning,7,0.010581535287201405,gray,0.06829913705587387,-0.057717601768672466,defense_better
image,S1c,E2,gradient_pruning,7,0.010581535287201405,cifar_mean,0.06208273768424988,-0.05150120239704847,defense_better
image,S1c,E2,gradient_pruning,8,0.019911158829927444,undefended,0.010855219326913357,0.009055939503014088,defense_worse
image,S1c,E2,gradient_pruning,8,0.019911158829927444,gray,0.09810922294855118,-0.07819806411862373,defense_better
image,S1c,E2,gradient_pruning,8,0.019911158829927444,cifar_mean,0.09977050870656967,-0.07985934987664223,defense_better
image,S1c,E2,gradient_pruning,9,0.002235064283013344,undefended,0.00146502407733351,0.0007700402056798339,defense_worse
image,S1c,E2,gradient_pruning,9,0.002235064283013344,gray,0.019798846915364265,-0.01756378263235092,defense_better
image,S1c,E2,gradient_pruning,9,0.002235064283013344,cifar_mean,0.01531787496060133,-0.013082810677587986,defense_better
image,S1c,E2,gradient_pruning,10,0.012155557982623577,undefended,0.006761723663657904,0.0053938343189656734,defense_worse
image,S1c,E2,gradient_pruning,10,0.012155557982623577,gray,0.06507482379674911,-0.05291926581412554,defense_better
image,S1c,E2,gradient_pruning,10,0.012155557982623577,cifar_mean,0.057298582047224045,-0.04514302406460047,defense_better
image,S1c,E2,gradient_pruning,11,0.011518086306750774,undefended,0.006578516215085983,0.004939570091664791,defense_worse
image,S1c,E2,gradient_pruning,11,0.011518086306750774,gray,0.07745186239480972,-0.06593377608805895,defense_better
image,S1c,E2,gradient_pruning,11,0.011518086306750774,cifar_mean,0.08220136165618896,-0.07068327534943819,defense_better
image,S1c,E2,gradient_pruning,12,0.008783449418842793,undefended,0.0041951690800487995,0.004588280338793993,defense_worse
image,S1c,E2,gradient_pruning,12,0.008783449418842793,gray,0.06793449074029922,-0.05915104132145643,defense_better
image,S1c,E2,gradient_pruning,12,0.008783449418842793,cifar_mean,0.07632744312286377,-0.06754399370402098,defense_better
image,S1c,E2,gradient_pruning,13,0.011614915914833546,undefended,0.005629302468150854,0.005985613446682692,defense_worse
image,S1c,E2,gradient_pruning,13,0.011614915914833546,gray,0.11894144862890244,-0.10732653271406889,defense_better
image,S1c,E2,gradient_pruning,13,0.011614915914833546,cifar_mean,0.10724415630102158,-0.09562924038618803,defense_better
image,S1c,E2,gradient_pruning,14,0.00335288536734879,undefended,0.0021304308902472258,0.0012224544771015644,defense_worse
image,S1c,E2,gradient_pruning,14,0.00335288536734879,gray,0.03928070887923241,-0.035927823511883616,defense_better
image,S1c,E2,gradient_pruning,14,0.00335288536734879,cifar_mean,0.030334383249282837,-0.026981497881934047,defense_better
image,S1c,E2,gradient_pruning,15,0.007636250462383032,undefended,0.004315893165767193,0.003320357296615839,defense_worse
image,S1c,E2,gradient_pruning,15,0.007636250462383032,gray,0.04617581143975258,-0.03853956097736955,defense_better
image,S1c,E2,gradient_pruning,15,0.007636250462383032,cifar_mean,0.04367084428668022,-0.03603459382429719,defense_better
image,S1c,E2,gradient_pruning,16,0.004540270660072565,undefended,0.0029802408535033464,0.0015600298065692186,defense_worse
image,S1c,E2,gradient_pruning,16,0.004540270660072565,gray,0.09657040238380432,-0.09203013172373176,defense_better
image,S1c,E2,gradient_pruning,16,0.004540270660072565,cifar_mean,0.07972066104412079,-0.07518039038404822,defense_better
image,S1c,E2,gradient_pruning,17,0.029278725385665894,undefended,0.033151447772979736,-0.0038727223873138428,defense_better
image,S1c,E2,gradient_pruning,17,0.029278725385665894,gray,0.06958158314228058,-0.040302857756614685,defense_better
image,S1c,E2,gradient_pruning,17,0.029278725385665894,cifar_mean,0.0689285472035408,-0.03964982181787491,defense_better
image,S1c,E2,gradient_pruning,18,0.012416343204677105,undefended,0.006348513066768646,0.006067830137908459,defense_worse
image,S1c,E2,gradient_pruning,18,0.012416343204677105,gray,0.0656706690788269,-0.0532543258741498,defense_better
image,S1c,E2,gradient_pruning,18,0.012416343204677105,cifar_mean,0.061703283339738846,-0.04928694013506174,defense_better
image,S1c,E2,gradient_pruning,19,0.007255129516124725,undefended,0.0038600533735007048,0.0033950761426240206,defense_worse
image,S1c,E2,gradient_pruning,19,0.007255129516124725,gray,0.06584482640028,-0.05858969688415527,defense_better
image,S1c,E2,gradient_pruning,19,0.007255129516124725,cifar_mean,0.05957019329071045,-0.052315063774585724,defense_better
image,S1c,E2,gradient_pruning,20,0.004077710676938295,undefended,0.0020342699717730284,0.002043440705165267,defense_worse
image,S1c,E2,gradient_pruning,20,0.004077710676938295,gray,0.06611363589763641,-0.06203592522069812,defense_better
image,S1c,E2,gradient_pruning,20,0.004077710676938295,cifar_mean,0.07447463274002075,-0.07039692206308246,defense_better
image,S1c,E2,gradient_pruning,21,0.034767281264066696,undefended,0.021703770384192467,0.01306351087987423,defense_worse
image,S1c,E2,gradient_pruning,21,0.034767281264066696,gray,0.060139626264572144,-0.025372345000505447,defense_better
image,S1c,E2,gradient_pruning,21,0.034767281264066696,cifar_mean,0.05936254933476448,-0.024595268070697784,defense_better
image,S1c,E2,gradient_pruning,22,0.04664530232548714,undefended,0.02298809587955475,0.02365720644593239,defense_worse
image,S1c,E2,gradient_pruning,22,0.04664530232548714,gray,0.08097526431083679,-0.034329961985349655,defense_better
image,S1c,E2,gradient_pruning,22,0.04664530232548714,cifar_mean,0.08214011788368225,-0.035494815558195114,defense_better
image,S1c,E2,gradient_pruning,23,0.003391086356714368,undefended,0.0017326842062175274,0.0016584021504968405,defense_worse
image,S1c,E2,gradient_pruning,23,0.003391086356714368,gray,0.04683154821395874,-0.04344046185724437,defense_better
image,S1c,E2,gradient_pruning,23,0.003391086356714368,cifar_mean,0.04805588722229004,-0.04466480086557567,defense_better
image,S1c,E2,gradient_pruning,24,0.005632296204566956,undefended,0.0031201550737023354,0.00251214113086462,defense_worse
image,S1c,E2,gradient_pruning,24,0.005632296204566956,gray,0.03787555173039436,-0.03224325552582741,defense_better
image,S1c,E2,gradient_pruning,24,0.005632296204566956,cifar_mean,0.039189670234918594,-0.03355737403035164,defense_better
image,S1c,E2,gradient_pruning,25,0.0038723405450582504,undefended,0.0018969556549564004,0.00197538489010185,defense_worse
image,S1c,E2,gradient_pruning,25,0.0038723405450582504,gray,0.046686362475156784,-0.042814021930098534,defense_better
image,S1c,E2,gradient_pruning,25,0.0038723405450582504,cifar_mean,0.047312136739492416,-0.043439796194434166,defense_better
image,S1c,E2,gradient_pruning,26,0.00859082955867052,undefended,0.0046823457814753056,0.003908483777195215,defense_worse
image,S1c,E2,gradient_pruning,26,0.00859082955867052,gray,0.06430754065513611,-0.05571671109646559,defense_better
image,S1c,E2,gradient_pruning,26,0.00859082955867052,cifar_mean,0.07318823784589767,-0.06459740828722715,defense_better
image,S1c,E2,gradient_pruning,27,0.02687462419271469,undefended,0.01737160235643387,0.009503021836280823,defense_worse
image,S1c,E2,gradient_pruning,27,0.02687462419271469,gray,0.06277374178171158,-0.03589911758899689,defense_better
image,S1c,E2,gradient_pruning,27,0.02687462419271469,cifar_mean,0.061842501163482666,-0.034967876970767975,defense_better
image,S1c,E2,gradient_pruning,28,0.009285378269851208,undefended,0.005889512598514557,0.003395865671336651,defense_worse
image,S1c,E2,gradient_pruning,28,0.009285378269851208,gray,0.04194873571395874,-0.03266335744410753,defense_better
image,S1c,E2,gradient_pruning,28,0.009285378269851208,cifar_mean,0.04929010942578316,-0.04000473115593195,defense_better
image,S1c,E2,gradient_pruning,29,0.009798499755561352,undefended,0.005623289849609137,0.004175209905952215,defense_worse
image,S1c,E2,gradient_pruning,29,0.009798499755561352,gray,0.06350965797901154,-0.053711158223450184,defense_better
image,S1c,E2,gradient_pruning,29,0.009798499755561352,cifar_mean,0.05271456763148308,-0.042916067875921726,defense_better
image,S1c,E2,gradient_pruning,30,0.015511284582316875,undefended,0.006101055070757866,0.00941022951155901,defense_worse
image,S1c,E2,gradient_pruning,30,0.015511284582316875,gray,0.08670685440301895,-0.07119556982070208,defense_better
image,S1c,E2,gradient_pruning,30,0.015511284582316875,cifar_mean,0.10104735940694809,-0.08553607482463121,defense_better
image,S1c,E2,gradient_pruning,31,0.0032657012343406677,undefended,0.0014946659794077277,0.00177103525493294,defense_worse
image,S1c,E2,gradient_pruning,31,0.0032657012343406677,gray,0.035539742559194565,-0.0322740413248539,defense_better
image,S1c,E2,gradient_pruning,31,0.0032657012343406677,cifar_mean,0.03675774857401848,-0.03349204733967781,defense_better
image,S1c,E2,gradient_pruning,32,0.004946916364133358,undefended,0.0027496712282299995,0.0021972451359033585,defense_worse
image,S1c,E2,gradient_pruning,32,0.004946916364133358,gray,0.029493385925889015,-0.024546469561755657,defense_better
image,S1c,E2,gradient_pruning,32,0.004946916364133358,cifar_mean,0.026593109592795372,-0.021646193228662014,defense_better
image,S1c,E2,gradient_pruning,33,0.009151351638138294,undefended,0.0043803732842206955,0.004770978353917599,defense_worse
image,S1c,E2,gradient_pruning,33,0.009151351638138294,gray,0.058785274624824524,-0.04963392298668623,defense_better
image,S1c,E2,gradient_pruning,33,0.009151351638138294,cifar_mean,0.05640130117535591,-0.04724994953721762,defense_better
image,S1c,E2,gradient_pruning,34,0.015123571269214153,undefended,0.007073973771184683,0.00804959749802947,defense_worse
image,S1c,E2,gradient_pruning,34,0.015123571269214153,gray,0.12103021144866943,-0.10590664017945528,defense_better
image,S1c,E2,gradient_pruning,34,0.015123571269214153,cifar_mean,0.1298164576292038,-0.11469288635998964,defense_better
image,S1c,E2,gradient_pruning,35,0.009273280389606953,undefended,0.004572827834635973,0.00470045255497098,defense_worse
image,S1c,E2,gradient_pruning,35,0.009273280389606953,gray,0.06155921146273613,-0.05228593107312918,defense_better
image,S1c,E2,gradient_pruning,35,0.009273280389606953,cifar_mean,0.05889547988772392,-0.04962219949811697,defense_better
image,S1c,E2,gradient_pruning,36,0.008540193550288677,undefended,0.004215894732624292,0.004324298817664385,defense_worse
image,S1c,E2,gradient_pruning,36,0.008540193550288677,gray,0.04162457585334778,-0.0330843823030591,defense_better
image,S1c,E2,gradient_pruning,36,0.008540193550288677,cifar_mean,0.0423029363155365,-0.03376274276524782,defense_better
image,S1c,E2,gradient_pruning,37,0.006896780338138342,undefended,0.003518519224599004,0.003378261113539338,defense_worse
image,S1c,E2,gradient_pruning,37,0.006896780338138342,gray,0.038340095430612564,-0.03144331509247422,defense_better
image,S1c,E2,gradient_pruning,37,0.006896780338138342,cifar_mean,0.032948438078165054,-0.026051657740026712,defense_better
image,S1c,E2,gradient_pruning,38,0.011920900084078312,undefended,0.006433777045458555,0.005487123038619757,defense_worse
image,S1c,E2,gradient_pruning,38,0.011920900084078312,gray,0.06247740983963013,-0.050556509755551815,defense_better
image,S1c,E2,gradient_pruning,38,0.011920900084078312,cifar_mean,0.056935086846351624,-0.04501418676227331,defense_better
image,S1c,E2,precode,0,0.11711478233337402,undefended,0.004706770647317171,0.11240801168605685,defense_worse
image,S1c,E2,precode,0,0.11711478233337402,gray,0.06836853176355362,0.048746250569820404,defense_worse
image,S1c,E2,precode,0,0.11711478233337402,cifar_mean,0.05908755585551262,0.058027226477861404,defense_worse
image,S1c,E2,precode,1,0.1433425396680832,undefended,0.024980826303362846,0.11836171336472034,defense_worse
image,S1c,E2,precode,1,0.1433425396680832,gray,0.08852749317884445,0.05481504648923874,defense_worse
image,S1c,E2,precode,1,0.1433425396680832,cifar_mean,0.07898834347724915,0.06435419619083405,defense_worse
image,S1c,E2,precode,2,0.1198195219039917,undefended,0.004142375197261572,0.11567714670673013,defense_worse
image,S1c,E2,precode,2,0.1198195219039917,gray,0.03789061680436134,0.08192890509963036,defense_worse
image,S1c,E2,precode,2,0.1198195219039917,cifar_mean,0.03774023428559303,0.08207928761839867,defense_worse
image,S1c,E2,precode,3,0.08478894829750061,undefended,0.0008231056854128838,0.08396584261208773,defense_worse
image,S1c,E2,precode,3,0.08478894829750061,gray,0.01722257398068905,0.06756637431681156,defense_worse
image,S1c,E2,precode,3,0.08478894829750061,cifar_mean,0.012870135717093945,0.07191881258040667,defense_worse
image,S1c,E2,precode,4,0.11044788360595703,undefended,0.003277108073234558,0.10717077553272247,defense_worse
image,S1c,E2,precode,4,0.11044788360595703,gray,0.036615367978811264,0.07383251562714577,defense_worse
image,S1c,E2,precode,4,0.11044788360595703,cifar_mean,0.04208303615450859,0.06836484745144844,defense_worse
image,S1c,E2,precode,5,0.10135865956544876,undefended,0.0018688412383198738,0.09948981832712889,defense_worse
image,S1c,E2,precode,5,0.10135865956544876,gray,0.026727141812443733,0.07463151775300503,defense_worse
image,S1c,E2,precode,5,0.10135865956544876,cifar_mean,0.03304671123623848,0.06831194832921028,defense_worse
image,S1c,E2,precode,6,0.12754593789577484,undefended,0.004536319524049759,0.12300961837172508,defense_worse
image,S1c,E2,precode,6,0.12754593789577484,gray,0.07497305423021317,0.052572883665561676,defense_worse
image,S1c,E2,precode,6,0.12754593789577484,cifar_mean,0.07600322365760803,0.05154271423816681,defense_worse
image,S1c,E2,precode,7,0.1259339302778244,undefended,0.005362140480428934,0.12057178979739547,defense_worse
image,S1c,E2,precode,7,0.1259339302778244,gray,0.06829913705587387,0.05763479322195053,defense_worse
image,S1c,E2,precode,7,0.1259339302778244,cifar_mean,0.06208273768424988,0.06385119259357452,defense_worse
image,S1c,E2,precode,8,0.15864068269729614,undefended,0.010855219326913357,0.14778546337038279,defense_worse
image,S1c,E2,precode,8,0.15864068269729614,gray,0.09810922294855118,0.060531459748744965,defense_worse
image,S1c,E2,precode,8,0.15864068269729614,cifar_mean,0.09977050870656967,0.05887017399072647,defense_worse
image,S1c,E2,precode,9,0.07950025051832199,undefended,0.00146502407733351,0.07803522644098848,defense_worse
image,S1c,E2,precode,9,0.07950025051832199,gray,0.019798846915364265,0.059701403602957726,defense_worse
image,S1c,E2,precode,9,0.07950025051832199,cifar_mean,0.01531787496060133,0.06418237555772066,defense_worse
image,S1c,E2,precode,10,0.09604761749505997,undefended,0.006761723663657904,0.08928589383140206,defense_worse
image,S1c,E2,precode,10,0.09604761749505997,gray,0.06507482379674911,0.030972793698310852,defense_worse
image,S1c,E2,precode,10,0.09604761749505997,cifar_mean,0.057298582047224045,0.03874903544783592,defense_worse
image,S1c,E2,precode,11,0.13125582039356232,undefended,0.006578516215085983,0.12467730417847633,defense_worse
image,S1c,E2,precode,11,0.13125582039356232,gray,0.07745186239480972,0.053803957998752594,defense_worse
image,S1c,E2,precode,11,0.13125582039356232,cifar_mean,0.08220136165618896,0.04905445873737335,defense_worse
image,S1c,E2,precode,12,0.13280130922794342,undefended,0.0041951690800487995,0.12860614014789462,defense_worse
image,S1c,E2,precode,12,0.13280130922794342,gray,0.06793449074029922,0.0648668184876442,defense_worse
image,S1c,E2,precode,12,0.13280130922794342,cifar_mean,0.07632744312286377,0.05647386610507965,defense_worse
image,S1c,E2,precode,13,0.1363445669412613,undefended,0.005629302468150854,0.13071526447311044,defense_worse
image,S1c,E2,precode,13,0.1363445669412613,gray,0.11894144862890244,0.017403118312358856,defense_worse
image,S1c,E2,precode,13,0.1363445669412613,cifar_mean,0.10724415630102158,0.029100410640239716,defense_worse
image,S1c,E2,precode,14,0.08984366804361343,undefended,0.0021304308902472258,0.08771323715336621,defense_worse
image,S1c,E2,precode,14,0.08984366804361343,gray,0.03928070887923241,0.05056295916438103,defense_worse
image,S1c,E2,precode,14,0.08984366804361343,cifar_mean,0.030334383249282837,0.0595092847943306,defense_worse
image,S1c,E2,precode,15,0.1057315468788147,undefended,0.004315893165767193,0.1014156537130475,defense_worse
image,S1c,E2,precode,15,0.1057315468788147,gray,0.04617581143975258,0.05955573543906212,defense_worse
image,S1c,E2,precode,15,0.1057315468788147,cifar_mean,0.04367084428668022,0.062060702592134476,defense_worse
image,S1c,E2,precode,16,0.09805011749267578,undefended,0.0029802408535033464,0.09506987663917243,defense_worse
image,S1c,E2,precode,16,0.09805011749267578,gray,0.09657040238380432,0.00147971510887146,defense_worse
image,S1c,E2,precode,16,0.09805011749267578,cifar_mean,0.07972066104412079,0.018329456448554993,defense_worse
image,S1c,E2,precode,17,0.12094209343194962,undefended,0.033151447772979736,0.08779064565896988,defense_worse
image,S1c,E2,precode,17,0.12094209343194962,gray,0.06958158314228058,0.05136051028966904,defense_worse
image,S1c,E2,precode,17,0.12094209343194962,cifar_mean,0.0689285472035408,0.052013546228408813,defense_worse
image,S1c,E2,precode,18,0.10407880693674088,undefended,0.006348513066768646,0.09773029386997223,defense_worse
image,S1c,E2,precode,18,0.10407880693674088,gray,0.0656706690788269,0.03840813785791397,defense_worse
image,S1c,E2,precode,18,0.10407880693674088,cifar_mean,0.061703283339738846,0.04237552359700203,defense_worse
image,S1c,E2,precode,19,0.10655228048563004,undefended,0.0038600533735007048,0.10269222711212933,defense_worse
image,S1c,E2,precode,19,0.10655228048563004,gray,0.06584482640028,0.04070745408535004,defense_worse
image,S1c,E2,precode,19,0.10655228048563004,cifar_mean,0.05957019329071045,0.046982087194919586,defense_worse
image,S1c,E2,precode,20,0.11509942263364792,undefended,0.0020342699717730284,0.11306515266187489,defense_worse
image,S1c,E2,precode,20,0.11509942263364792,gray,0.06611363589763641,0.048985786736011505,defense_worse
image,S1c,E2,precode,20,0.11509942263364792,cifar_mean,0.07447463274002075,0.04062478989362717,defense_worse
image,S1c,E2,precode,21,0.10299426317214966,undefended,0.021703770384192467,0.08129049278795719,defense_worse
image,S1c,E2,precode,21,0.10299426317214966,gray,0.060139626264572144,0.042854636907577515,defense_worse
image,S1c,E2,precode,21,0.10299426317214966,cifar_mean,0.05936254933476448,0.04363171383738518,defense_worse
image,S1c,E2,precode,22,0.14637072384357452,undefended,0.02298809587955475,0.12338262796401978,defense_worse
image,S1c,E2,precode,22,0.14637072384357452,gray,0.08097526431083679,0.06539545953273773,defense_worse
image,S1c,E2,precode,22,0.14637072384357452,cifar_mean,0.08214011788368225,0.06423060595989227,defense_worse
image,S1c,E2,precode,23,0.09798481315374374,undefended,0.0017326842062175274,0.09625212894752622,defense_worse
image,S1c,E2,precode,23,0.09798481315374374,gray,0.04683154821395874,0.051153264939785004,defense_worse
image,S1c,E2,precode,23,0.09798481315374374,cifar_mean,0.04805588722229004,0.049928925931453705,defense_worse
image,S1c,E2,precode,24,0.10626620054244995,undefended,0.0031201550737023354,0.10314604546874762,defense_worse
image,S1c,E2,precode,24,0.10626620054244995,gray,0.03787555173039436,0.06839064881205559,defense_worse
image,S1c,E2,precode,24,0.10626620054244995,cifar_mean,0.039189670234918594,0.06707653030753136,defense_worse
image,S1c,E2,precode,25,0.13801883161067963,undefended,0.0018969556549564004,0.13612187595572323,defense_worse
image,S1c,E2,precode,25,0.13801883161067963,gray,0.046686362475156784,0.09133246913552284,defense_worse
image,S1c,E2,precode,25,0.13801883161067963,cifar_mean,0.047312136739492416,0.09070669487118721,defense_worse
image,S1c,E2,precode,26,0.12455535680055618,undefended,0.0046823457814753056,0.11987301101908088,defense_worse
image,S1c,E2,precode,26,0.12455535680055618,gray,0.06430754065513611,0.060247816145420074,defense_worse
image,S1c,E2,precode,26,0.12455535680055618,cifar_mean,0.07318823784589767,0.05136711895465851,defense_worse
image,S1c,E2,precode,27,0.13152246177196503,undefended,0.01737160235643387,0.11415085941553116,defense_worse
image,S1c,E2,precode,27,0.13152246177196503,gray,0.06277374178171158,0.06874871999025345,defense_worse
image,S1c,E2,precode,27,0.13152246177196503,cifar_mean,0.061842501163482666,0.06967996060848236,defense_worse
image,S1c,E2,precode,28,0.12512654066085815,undefended,0.005889512598514557,0.1192370280623436,defense_worse
image,S1c,E2,precode,28,0.12512654066085815,gray,0.04194873571395874,0.08317780494689941,defense_worse
image,S1c,E2,precode,28,0.12512654066085815,cifar_mean,0.04929010942578316,0.075836431235075,defense_worse
image,S1c,E2,precode,29,0.10195761173963547,undefended,0.005623289849609137,0.09633432189002633,defense_worse
image,S1c,E2,precode,29,0.10195761173963547,gray,0.06350965797901154,0.03844795376062393,defense_worse
image,S1c,E2,precode,29,0.10195761173963547,cifar_mean,0.05271456763148308,0.04924304410815239,defense_worse
image,S1c,E2,precode,30,0.09063275903463364,undefended,0.006101055070757866,0.08453170396387577,defense_worse
image,S1c,E2,precode,30,0.09063275903463364,gray,0.08670685440301895,0.003925904631614685,defense_worse
image,S1c,E2,precode,30,0.09063275903463364,cifar_mean,0.10104735940694809,-0.010414600372314453,defense_better
image,S1c,E2,precode,31,0.10060030221939087,undefended,0.0014946659794077277,0.09910563623998314,defense_worse
image,S1c,E2,precode,31,0.10060030221939087,gray,0.035539742559194565,0.0650605596601963,defense_worse
image,S1c,E2,precode,31,0.10060030221939087,cifar_mean,0.03675774857401848,0.06384255364537239,defense_worse
image,S1c,E2,precode,32,0.09124236553907394,undefended,0.0027496712282299995,0.08849269431084394,defense_worse
image,S1c,E2,precode,32,0.09124236553907394,gray,0.029493385925889015,0.06174897961318493,defense_worse
image,S1c,E2,precode,32,0.09124236553907394,cifar_mean,0.026593109592795372,0.06464925594627857,defense_worse
image,S1c,E2,precode,33,0.11981026083230972,undefended,0.0043803732842206955,0.11542988754808903,defense_worse
image,S1c,E2,precode,33,0.11981026083230972,gray,0.058785274624824524,0.0610249862074852,defense_worse
image,S1c,E2,precode,33,0.11981026083230972,cifar_mean,0.05640130117535591,0.06340895965695381,defense_worse
image,S1c,E2,precode,34,0.17246055603027344,undefended,0.007073973771184683,0.16538658225908875,defense_worse
image,S1c,E2,precode,34,0.17246055603027344,gray,0.12103021144866943,0.051430344581604004,defense_worse
image,S1c,E2,precode,34,0.17246055603027344,cifar_mean,0.1298164576292038,0.04264409840106964,defense_worse
image,S1c,E2,precode,35,0.11393746733665466,undefended,0.004572827834635973,0.10936463950201869,defense_worse
image,S1c,E2,precode,35,0.11393746733665466,gray,0.06155921146273613,0.05237825587391853,defense_worse
image,S1c,E2,precode,35,0.11393746733665466,cifar_mean,0.05889547988772392,0.05504198744893074,defense_worse
image,S1c,E2,precode,36,0.12283056229352951,undefended,0.004215894732624292,0.11861466756090522,defense_worse
image,S1c,E2,precode,36,0.12283056229352951,gray,0.04162457585334778,0.08120598644018173,defense_worse
image,S1c,E2,precode,36,0.12283056229352951,cifar_mean,0.0423029363155365,0.08052762597799301,defense_worse
image,S1c,E2,precode,37,0.10064426809549332,undefended,0.003518519224599004,0.09712574887089431,defense_worse
image,S1c,E2,precode,37,0.10064426809549332,gray,0.038340095430612564,0.06230417266488075,defense_worse
image,S1c,E2,precode,37,0.10064426809549332,cifar_mean,0.032948438078165054,0.06769583001732826,defense_worse
image,S1c,E2,precode,38,0.1255159229040146,undefended,0.006433777045458555,0.11908214585855603,defense_worse
image,S1c,E2,precode,38,0.1255159229040146,gray,0.06247740983963013,0.06303851306438446,defense_worse
image,S1c,E2,precode,38,0.1255159229040146,cifar_mean,0.056935086846351624,0.06858083605766296,defense_worse
image,S1c,E2,soteria,0,0.0037317853420972824,undefended,0.004706770647317171,-0.0009749853052198887,defense_better
image,S1c,E2,soteria,0,0.0037317853420972824,gray,0.06836853176355362,-0.06463674642145634,defense_better
image,S1c,E2,soteria,0,0.0037317853420972824,cifar_mean,0.05908755585551262,-0.05535577051341534,defense_better
image,S1c,E2,soteria,1,0.010748985223472118,undefended,0.024980826303362846,-0.014231841079890728,defense_better
image,S1c,E2,soteria,1,0.010748985223472118,gray,0.08852749317884445,-0.07777850795537233,defense_better
image,S1c,E2,soteria,1,0.010748985223472118,cifar_mean,0.07898834347724915,-0.06823935825377703,defense_better
image,S1c,E2,soteria,2,0.0024512968957424164,undefended,0.004142375197261572,-0.0016910783015191555,defense_better
image,S1c,E2,soteria,2,0.0024512968957424164,gray,0.03789061680436134,-0.03543931990861893,defense_better
image,S1c,E2,soteria,2,0.0024512968957424164,cifar_mean,0.03774023428559303,-0.035288937389850616,defense_better
image,S1c,E2,soteria,3,0.000478954374557361,undefended,0.0008231056854128838,-0.00034415131085552275,defense_better
image,S1c,E2,soteria,3,0.000478954374557361,gray,0.01722257398068905,-0.016743619606131688,defense_better
image,S1c,E2,soteria,3,0.000478954374557361,cifar_mean,0.012870135717093945,-0.012391181342536584,defense_better
image,S1c,E2,soteria,4,0.0022451002150774,undefended,0.003277108073234558,-0.001032007858157158,defense_better
image,S1c,E2,soteria,4,0.0022451002150774,gray,0.036615367978811264,-0.034370267763733864,defense_better
image,S1c,E2,soteria,4,0.0022451002150774,cifar_mean,0.04208303615450859,-0.03983793593943119,defense_better
image,S1c,E2,soteria,5,0.0014105752343311906,undefended,0.0018688412383198738,-0.0004582660039886832,defense_better
image,S1c,E2,soteria,5,0.0014105752343311906,gray,0.026727141812443733,-0.025316566578112543,defense_better
image,S1c,E2,soteria,5,0.0014105752343311906,cifar_mean,0.03304671123623848,-0.03163613600190729,defense_better
image,S1c,E2,soteria,6,0.0033164185006171465,undefended,0.004536319524049759,-0.0012199010234326124,defense_better
image,S1c,E2,soteria,6,0.0033164185006171465,gray,0.07497305423021317,-0.07165663572959602,defense_better
image,S1c,E2,soteria,6,0.0033164185006171465,cifar_mean,0.07600322365760803,-0.07268680515699089,defense_better
image,S1c,E2,soteria,7,0.004033947829157114,undefended,0.005362140480428934,-0.00132819265127182,defense_better
image,S1c,E2,soteria,7,0.004033947829157114,gray,0.06829913705587387,-0.06426518922671676,defense_better
image,S1c,E2,soteria,7,0.004033947829157114,cifar_mean,0.06208273768424988,-0.058048789855092764,defense_better
image,S1c,E2,soteria,8,0.007608408108353615,undefended,0.010855219326913357,-0.003246811218559742,defense_better
image,S1c,E2,soteria,8,0.007608408108353615,gray,0.09810922294855118,-0.09050081484019756,defense_better
image,S1c,E2,soteria,8,0.007608408108353615,cifar_mean,0.09977050870656967,-0.09216210059821606,defense_better
image,S1c,E2,soteria,9,0.001111710793338716,undefended,0.00146502407733351,-0.0003533132839947939,defense_better
image,S1c,E2,soteria,9,0.001111710793338716,gray,0.019798846915364265,-0.01868713612202555,defense_better
image,S1c,E2,soteria,9,0.001111710793338716,cifar_mean,0.01531787496060133,-0.014206164167262614,defense_better
image,S1c,E2,soteria,10,0.003726565046235919,undefended,0.006761723663657904,-0.0030351586174219847,defense_better
image,S1c,E2,soteria,10,0.003726565046235919,gray,0.06507482379674911,-0.061348258750513196,defense_better
image,S1c,E2,soteria,10,0.003726565046235919,cifar_mean,0.057298582047224045,-0.053572017000988126,defense_better
image,S1c,E2,soteria,11,0.0037416955456137657,undefended,0.006578516215085983,-0.0028368206694722176,defense_better
image,S1c,E2,soteria,11,0.0037416955456137657,gray,0.07745186239480972,-0.07371016684919596,defense_better
image,S1c,E2,soteria,11,0.0037416955456137657,cifar_mean,0.08220136165618896,-0.0784596661105752,defense_better
image,S1c,E2,soteria,12,0.0031717896927148104,undefended,0.0041951690800487995,-0.0010233793873339891,defense_better
image,S1c,E2,soteria,12,0.0031717896927148104,gray,0.06793449074029922,-0.06476270104758441,defense_better
image,S1c,E2,soteria,12,0.0031717896927148104,cifar_mean,0.07632744312286377,-0.07315565343014896,defense_better
image,S1c,E2,soteria,13,0.0042244913056492805,undefended,0.005629302468150854,-0.0014048111625015736,defense_better
image,S1c,E2,soteria,13,0.0042244913056492805,gray,0.11894144862890244,-0.11471695732325315,defense_better
image,S1c,E2,soteria,13,0.0042244913056492805,cifar_mean,0.10724415630102158,-0.1030196649953723,defense_better
image,S1c,E2,soteria,14,0.0012733722105622292,undefended,0.0021304308902472258,-0.0008570586796849966,defense_better
image,S1c,E2,soteria,14,0.0012733722105622292,gray,0.03928070887923241,-0.03800733666867018,defense_better
image,S1c,E2,soteria,14,0.0012733722105622292,cifar_mean,0.030334383249282837,-0.029061011038720608,defense_better
image,S1c,E2,soteria,15,0.002994752721861005,undefended,0.004315893165767193,-0.001321140443906188,defense_better
image,S1c,E2,soteria,15,0.002994752721861005,gray,0.04617581143975258,-0.043181058717891574,defense_better
image,S1c,E2,soteria,15,0.002994752721861005,cifar_mean,0.04367084428668022,-0.04067609156481922,defense_better
image,S1c,E2,soteria,16,0.0037509107496589422,undefended,0.0029802408535033464,0.0007706698961555958,defense_worse
image,S1c,E2,soteria,16,0.0037509107496589422,gray,0.09657040238380432,-0.09281949163414538,defense_better
image,S1c,E2,soteria,16,0.0037509107496589422,cifar_mean,0.07972066104412079,-0.07596975029446185,defense_better
image,S1c,E2,soteria,17,0.01732955500483513,undefended,0.033151447772979736,-0.015821892768144608,defense_better
image,S1c,E2,soteria,17,0.01732955500483513,gray,0.06958158314228058,-0.05225202813744545,defense_better
image,S1c,E2,soteria,17,0.01732955500483513,cifar_mean,0.0689285472035408,-0.05159899219870567,defense_better
image,S1c,E2,soteria,18,0.003788391128182411,undefended,0.006348513066768646,-0.002560121938586235,defense_better
image,S1c,E2,soteria,18,0.003788391128182411,gray,0.0656706690788269,-0.06188227795064449,defense_better
image,S1c,E2,soteria,18,0.003788391128182411,cifar_mean,0.061703283339738846,-0.057914892211556435,defense_better
image,S1c,E2,soteria,19,0.0024678148329257965,undefended,0.0038600533735007048,-0.0013922385405749083,defense_better
image,S1c,E2,soteria,19,0.0024678148329257965,gray,0.06584482640028,-0.0633770115673542,defense_better
image,S1c,E2,soteria,19,0.0024678148329257965,cifar_mean,0.05957019329071045,-0.05710237845778465,defense_better
image,S1c,E2,soteria,20,0.0011380991199985147,undefended,0.0020342699717730284,-0.0008961708517745137,defense_better
image,S1c,E2,soteria,20,0.0011380991199985147,gray,0.06611363589763641,-0.0649755367776379,defense_better
image,S1c,E2,soteria,20,0.0011380991199985147,cifar_mean,0.07447463274002075,-0.07333653362002224,defense_better
image,S1c,E2,soteria,21,0.012204594910144806,undefended,0.021703770384192467,-0.00949917547404766,defense_better
image,S1c,E2,soteria,21,0.012204594910144806,gray,0.060139626264572144,-0.04793503135442734,defense_better
image,S1c,E2,soteria,21,0.012204594910144806,cifar_mean,0.05936254933476448,-0.047157954424619675,defense_better
image,S1c,E2,soteria,22,0.01660250686109066,undefended,0.02298809587955475,-0.0063855890184640884,defense_better
image,S1c,E2,soteria,22,0.01660250686109066,gray,0.08097526431083679,-0.06437275744974613,defense_better
image,S1c,E2,soteria,22,0.01660250686109066,cifar_mean,0.08214011788368225,-0.06553761102259159,defense_better
image,S1c,E2,soteria,23,0.0010835170978680253,undefended,0.0017326842062175274,-0.0006491671083495021,defense_better
image,S1c,E2,soteria,23,0.0010835170978680253,gray,0.04683154821395874,-0.045748031116090715,defense_better
image,S1c,E2,soteria,23,0.0010835170978680253,cifar_mean,0.04805588722229004,-0.046972370124422014,defense_better
image,S1c,E2,soteria,24,0.002357091289013624,undefended,0.0031201550737023354,-0.0007630637846887112,defense_better
image,S1c,E2,soteria,24,0.002357091289013624,gray,0.03787555173039436,-0.03551846044138074,defense_better
image,S1c,E2,soteria,24,0.002357091289013624,cifar_mean,0.039189670234918594,-0.03683257894590497,defense_better
image,S1c,E2,soteria,25,0.0011245873756706715,undefended,0.0018969556549564004,-0.0007723682792857289,defense_better
image,S1c,E2,soteria,25,0.0011245873756706715,gray,0.046686362475156784,-0.04556177509948611,defense_better
image,S1c,E2,soteria,25,0.0011245873756706715,cifar_mean,0.047312136739492416,-0.046187549363821745,defense_better
image,S1c,E2,soteria,26,0.003857224015519023,undefended,0.0046823457814753056,-0.0008251217659562826,defense_better
image,S1c,E2,soteria,26,0.003857224015519023,gray,0.06430754065513611,-0.060450316639617085,defense_better
image,S1c,E2,soteria,26,0.003857224015519023,cifar_mean,0.07318823784589767,-0.06933101383037865,defense_better
image,S1c,E2,soteria,27,0.006272224243730307,undefended,0.01737160235643387,-0.011099378112703562,defense_better
image,S1c,E2,soteria,27,0.006272224243730307,gray,0.06277374178171158,-0.05650151753798127,defense_better
image,S1c,E2,soteria,27,0.006272224243730307,cifar_mean,0.061842501163482666,-0.05557027691975236,defense_better
image,S1c,E2,soteria,28,0.004651315044611692,undefended,0.005889512598514557,-0.0012381975539028645,defense_better
image,S1c,E2,soteria,28,0.004651315044611692,gray,0.04194873571395874,-0.03729742066934705,defense_better
image,S1c,E2,soteria,28,0.004651315044611692,cifar_mean,0.04929010942578316,-0.044638794381171465,defense_better
image,S1c,E2,soteria,29,0.0039204745553433895,undefended,0.005623289849609137,-0.001702815294265747,defense_better
image,S1c,E2,soteria,29,0.0039204745553433895,gray,0.06350965797901154,-0.059589183423668146,defense_better
image,S1c,E2,soteria,29,0.0039204745553433895,cifar_mean,0.05271456763148308,-0.04879409307613969,defense_better
image,S1c,E2,soteria,30,0.003731408389285207,undefended,0.006101055070757866,-0.002369646681472659,defense_better
image,S1c,E2,soteria,30,0.003731408389285207,gray,0.08670685440301895,-0.08297544601373374,defense_better
image,S1c,E2,soteria,30,0.003731408389285207,cifar_mean,0.10104735940694809,-0.09731595101766288,defense_better
image,S1c,E2,soteria,31,0.0007997127249836922,undefended,0.0014946659794077277,-0.0006949532544240355,defense_better
image,S1c,E2,soteria,31,0.0007997127249836922,gray,0.035539742559194565,-0.03474002983421087,defense_better
image,S1c,E2,soteria,31,0.0007997127249836922,cifar_mean,0.03675774857401848,-0.035958035849034786,defense_better
image,S1c,E2,soteria,32,0.0020120618864893913,undefended,0.0027496712282299995,-0.0007376093417406082,defense_better
image,S1c,E2,soteria,32,0.0020120618864893913,gray,0.029493385925889015,-0.027481324039399624,defense_better
image,S1c,E2,soteria,32,0.0020120618864893913,cifar_mean,0.026593109592795372,-0.02458104770630598,defense_better
image,S1c,E2,soteria,33,0.0029803456272929907,undefended,0.0043803732842206955,-0.0014000276569277048,defense_better
image,S1c,E2,soteria,33,0.0029803456272929907,gray,0.058785274624824524,-0.05580492899753153,defense_better
image,S1c,E2,soteria,33,0.0029803456272929907,cifar_mean,0.05640130117535591,-0.05342095554806292,defense_better
image,S1c,E2,soteria,34,0.005181719083338976,undefended,0.007073973771184683,-0.001892254687845707,defense_better
image,S1c,E2,soteria,34,0.005181719083338976,gray,0.12103021144866943,-0.11584849236533046,defense_better
image,S1c,E2,soteria,34,0.005181719083338976,cifar_mean,0.1298164576292038,-0.12463473854586482,defense_better
image,S1c,E2,soteria,35,0.004293566104024649,undefended,0.004572827834635973,-0.0002792617306113243,defense_better
image,S1c,E2,soteria,35,0.004293566104024649,gray,0.06155921146273613,-0.05726564535871148,defense_better
image,S1c,E2,soteria,35,0.004293566104024649,cifar_mean,0.05889547988772392,-0.054601913783699274,defense_better
image,S1c,E2,soteria,36,0.0026216960977762938,undefended,0.004215894732624292,-0.0015941986348479986,defense_better
image,S1c,E2,soteria,36,0.0026216960977762938,gray,0.04162457585334778,-0.039002879755571485,defense_better
image,S1c,E2,soteria,36,0.0026216960977762938,cifar_mean,0.0423029363155365,-0.039681240217760205,defense_better
image,S1c,E2,soteria,37,0.0023863408714532852,undefended,0.003518519224599004,-0.0011321783531457186,defense_better
image,S1c,E2,soteria,37,0.0023863408714532852,gray,0.038340095430612564,-0.03595375455915928,defense_better
image,S1c,E2,soteria,37,0.0023863408714532852,cifar_mean,0.032948438078165054,-0.03056209720671177,defense_better
image,S1c,E2,soteria,38,0.00505283335223794,undefended,0.006433777045458555,-0.0013809436932206154,defense_better
image,S1c,E2,soteria,38,0.00505283335223794,gray,0.06247740983963013,-0.05742457648739219,defense_better
image,S1c,E2,soteria,38,0.00505283335223794,cifar_mean,0.056935086846351624,-0.051882253494113684,defense_better
image,S1d,E1,count_sketch,0,0.17147307097911835,undefended,0.004706770647317171,0.16676630033180118,defense_worse
image,S1d,E1,count_sketch,0,0.17147307097911835,gray,0.06836853176355362,0.10310453921556473,defense_worse
image,S1d,E1,count_sketch,0,0.17147307097911835,cifar_mean,0.05908755585551262,0.11238551512360573,defense_worse
image,S1d,E1,count_sketch,1,0.16330811381340027,undefended,0.024980826303362846,0.13832728751003742,defense_worse
image,S1d,E1,count_sketch,1,0.16330811381340027,gray,0.08852749317884445,0.07478062063455582,defense_worse
image,S1d,E1,count_sketch,1,0.16330811381340027,cifar_mean,0.07898834347724915,0.08431977033615112,defense_worse
image,S1d,E1,count_sketch,2,0.1341843158006668,undefended,0.004142375197261572,0.13004194060340524,defense_worse
image,S1d,E1,count_sketch,2,0.1341843158006668,gray,0.03789061680436134,0.09629369899630547,defense_worse
image,S1d,E1,count_sketch,2,0.1341843158006668,cifar_mean,0.03774023428559303,0.09644408151507378,defense_worse
image,S1d,E1,count_sketch,3,0.1265171319246292,undefended,0.0008231056854128838,0.12569402623921633,defense_worse
image,S1d,E1,count_sketch,3,0.1265171319246292,gray,0.01722257398068905,0.10929455794394016,defense_worse
image,S1d,E1,count_sketch,3,0.1265171319246292,cifar_mean,0.012870135717093945,0.11364699620753527,defense_worse
image,S1d,E1,count_sketch,4,0.14708749949932098,undefended,0.003277108073234558,0.14381039142608643,defense_worse
image,S1d,E1,count_sketch,4,0.14708749949932098,gray,0.036615367978811264,0.11047213152050972,defense_worse
image,S1d,E1,count_sketch,4,0.14708749949932098,cifar_mean,0.04208303615450859,0.1050044633448124,defense_worse
image,S1d,E1,count_sketch,5,0.13098447024822235,undefended,0.0018688412383198738,0.12911562900990248,defense_worse
image,S1d,E1,count_sketch,5,0.13098447024822235,gray,0.026727141812443733,0.10425732843577862,defense_worse
image,S1d,E1,count_sketch,5,0.13098447024822235,cifar_mean,0.03304671123623848,0.09793775901198387,defense_worse
image,S1d,E1,count_sketch,6,0.17197422683238983,undefended,0.004536319524049759,0.16743790730834007,defense_worse
image,S1d,E1,count_sketch,6,0.17197422683238983,gray,0.07497305423021317,0.09700117260217667,defense_worse
image,S1d,E1,count_sketch,6,0.17197422683238983,cifar_mean,0.07600322365760803,0.0959710031747818,defense_worse
image,S1d,E1,count_sketch,7,0.16303841769695282,undefended,0.005362140480428934,0.15767627721652389,defense_worse
image,S1d,E1,count_sketch,7,0.16303841769695282,gray,0.06829913705587387,0.09473928064107895,defense_worse
image,S1d,E1,count_sketch,7,0.16303841769695282,cifar_mean,0.06208273768424988,0.10095568001270294,defense_worse
image,S1d,E1,count_sketch,8,0.19118468463420868,undefended,0.010855219326913357,0.18032946530729532,defense_worse
image,S1d,E1,count_sketch,8,0.19118468463420868,gray,0.09810922294855118,0.0930754616856575,defense_worse
image,S1d,E1,count_sketch,8,0.19118468463420868,cifar_mean,0.09977050870656967,0.09141417592763901,defense_worse
image,S1d,E1,count_sketch,9,0.12395592778921127,undefended,0.00146502407733351,0.12249090371187776,defense_worse
image,S1d,E1,count_sketch,9,0.12395592778921127,gray,0.019798846915364265,0.10415708087384701,defense_worse
image,S1d,E1,count_sketch,9,0.12395592778921127,cifar_mean,0.01531787496060133,0.10863805282860994,defense_worse
image,S1d,E1,count_sketch,10,0.14634300768375397,undefended,0.006761723663657904,0.13958128402009606,defense_worse
image,S1d,E1,count_sketch,10,0.14634300768375397,gray,0.06507482379674911,0.08126818388700485,defense_worse
image,S1d,E1,count_sketch,10,0.14634300768375397,cifar_mean,0.057298582047224045,0.08904442563652992,defense_worse
image,S1d,E1,count_sketch,11,0.17643123865127563,undefended,0.006578516215085983,0.16985272243618965,defense_worse
image,S1d,E1,count_sketch,11,0.17643123865127563,gray,0.07745186239480972,0.09897937625646591,defense_worse
image,S1d,E1,count_sketch,11,0.17643123865127563,cifar_mean,0.08220136165618896,0.09422987699508667,defense_worse
image,S1d,E1,count_sketch,12,0.16712987422943115,undefended,0.0041951690800487995,0.16293470514938235,defense_worse
image,S1d,E1,count_sketch,12,0.16712987422943115,gray,0.06793449074029922,0.09919538348913193,defense_worse
image,S1d,E1,count_sketch,12,0.16712987422943115,cifar_mean,0.07632744312286377,0.09080243110656738,defense_worse
image,S1d,E1,count_sketch,13,0.20701199769973755,undefended,0.005629302468150854,0.2013826952315867,defense_worse
image,S1d,E1,count_sketch,13,0.20701199769973755,gray,0.11894144862890244,0.08807054907083511,defense_worse
image,S1d,E1,count_sketch,13,0.20701199769973755,cifar_mean,0.10724415630102158,0.09976784139871597,defense_worse
image,S1d,E1,count_sketch,14,0.14870096743106842,undefended,0.0021304308902472258,0.1465705365408212,defense_worse
image,S1d,E1,count_sketch,14,0.14870096743106842,gray,0.03928070887923241,0.10942025855183601,defense_worse
image,S1d,E1,count_sketch,14,0.14870096743106842,cifar_mean,0.030334383249282837,0.11836658418178558,defense_worse
image,S1d,E1,count_sketch,15,0.13659299910068512,undefended,0.004315893165767193,0.13227710593491793,defense_worse
image,S1d,E1,count_sketch,15,0.13659299910068512,gray,0.04617581143975258,0.09041718766093254,defense_worse
image,S1d,E1,count_sketch,15,0.13659299910068512,cifar_mean,0.04367084428668022,0.0929221548140049,defense_worse
image,S1d,E1,count_sketch,16,0.2016434669494629,undefended,0.0029802408535033464,0.19866322609595954,defense_worse
image,S1d,E1,count_sketch,16,0.2016434669494629,gray,0.09657040238380432,0.10507306456565857,defense_worse
image,S1d,E1,count_sketch,16,0.2016434669494629,cifar_mean,0.07972066104412079,0.1219228059053421,defense_worse
image,S1d,E1,count_sketch,17,0.15273600816726685,undefended,0.033151447772979736,0.11958456039428711,defense_worse
image,S1d,E1,count_sketch,17,0.15273600816726685,gray,0.06958158314228058,0.08315442502498627,defense_worse
image,S1d,E1,count_sketch,17,0.15273600816726685,cifar_mean,0.0689285472035408,0.08380746096372604,defense_worse
image,S1d,E1,count_sketch,18,0.16588488221168518,undefended,0.006348513066768646,0.15953636914491653,defense_worse
image,S1d,E1,count_sketch,18,0.16588488221168518,gray,0.0656706690788269,0.10021421313285828,defense_worse
image,S1d,E1,count_sketch,18,0.16588488221168518,cifar_mean,0.061703283339738846,0.10418159887194633,defense_worse
image,S1d,E1,count_sketch,19,0.16451358795166016,undefended,0.0038600533735007048,0.16065353457815945,defense_worse
image,S1d,E1,count_sketch,19,0.16451358795166016,gray,0.06584482640028,0.09866876155138016,defense_worse
image,S1d,E1,count_sketch,19,0.16451358795166016,cifar_mean,0.05957019329071045,0.10494339466094971,defense_worse
image,S1d,E1,count_sketch,20,0.16196203231811523,undefended,0.0020342699717730284,0.1599277623463422,defense_worse
image,S1d,E1,count_sketch,20,0.16196203231811523,gray,0.06611363589763641,0.09584839642047882,defense_worse
image,S1d,E1,count_sketch,20,0.16196203231811523,cifar_mean,0.07447463274002075,0.08748739957809448,defense_worse
image,S1d,E1,count_sketch,21,0.14651454985141754,undefended,0.021703770384192467,0.12481077946722507,defense_worse
image,S1d,E1,count_sketch,21,0.14651454985141754,gray,0.060139626264572144,0.0863749235868454,defense_worse
image,S1d,E1,count_sketch,21,0.14651454985141754,cifar_mean,0.05936254933476448,0.08715200051665306,defense_worse
image,S1d,E1,count_sketch,22,0.16715526580810547,undefended,0.02298809587955475,0.14416716992855072,defense_worse
image,S1d,E1,count_sketch,22,0.16715526580810547,gray,0.08097526431083679,0.08618000149726868,defense_worse
image,S1d,E1,count_sketch,22,0.16715526580810547,cifar_mean,0.08214011788368225,0.08501514792442322,defense_worse
image,S1d,E1,count_sketch,23,0.1414797455072403,undefended,0.0017326842062175274,0.13974706130102277,defense_worse
image,S1d,E1,count_sketch,23,0.1414797455072403,gray,0.04683154821395874,0.09464819729328156,defense_worse
image,S1d,E1,count_sketch,23,0.1414797455072403,cifar_mean,0.04805588722229004,0.09342385828495026,defense_worse
image,S1d,E1,count_sketch,24,0.14652805030345917,undefended,0.0031201550737023354,0.14340789522975683,defense_worse
image,S1d,E1,count_sketch,24,0.14652805030345917,gray,0.03787555173039436,0.1086524985730648,defense_worse
image,S1d,E1,count_sketch,24,0.14652805030345917,cifar_mean,0.039189670234918594,0.10733838006854057,defense_worse
image,S1d,E1,count_sketch,25,0.15119139850139618,undefended,0.0018969556549564004,0.14929444284643978,defense_worse
image,S1d,E1,count_sketch,25,0.15119139850139618,gray,0.046686362475156784,0.1045050360262394,defense_worse
image,S1d,E1,count_sketch,25,0.15119139850139618,cifar_mean,0.047312136739492416,0.10387926176190376,defense_worse
image,S1d,E1,count_sketch,26,0.16097691655158997,undefended,0.0046823457814753056,0.15629457077011466,defense_worse
image,S1d,E1,count_sketch,26,0.16097691655158997,gray,0.06430754065513611,0.09666937589645386,defense_worse
image,S1d,E1,count_sketch,26,0.16097691655158997,cifar_mean,0.07318823784589767,0.08778867870569229,defense_worse
image,S1d,E1,count_sketch,27,0.1415793001651764,undefended,0.01737160235643387,0.12420769780874252,defense_worse
image,S1d,E1,count_sketch,27,0.1415793001651764,gray,0.06277374178171158,0.07880555838346481,defense_worse
image,S1d,E1,count_sketch,27,0.1415793001651764,cifar_mean,0.061842501163482666,0.07973679900169373,defense_worse
image,S1d,E1,count_sketch,28,0.14483536779880524,undefended,0.005889512598514557,0.13894585520029068,defense_worse
image,S1d,E1,count_sketch,28,0.14483536779880524,gray,0.04194873571395874,0.1028866320848465,defense_worse
image,S1d,E1,count_sketch,28,0.14483536779880524,cifar_mean,0.04929010942578316,0.09554525837302208,defense_worse
image,S1d,E1,count_sketch,29,0.1586894392967224,undefended,0.005623289849609137,0.15306614944711328,defense_worse
image,S1d,E1,count_sketch,29,0.1586894392967224,gray,0.06350965797901154,0.09517978131771088,defense_worse
image,S1d,E1,count_sketch,29,0.1586894392967224,cifar_mean,0.05271456763148308,0.10597487166523933,defense_worse
image,S1d,E1,count_sketch,30,0.1821228712797165,undefended,0.006101055070757866,0.17602181620895863,defense_worse
image,S1d,E1,count_sketch,30,0.1821228712797165,gray,0.08670685440301895,0.09541601687669754,defense_worse
image,S1d,E1,count_sketch,30,0.1821228712797165,cifar_mean,0.10104735940694809,0.0810755118727684,defense_worse
image,S1d,E1,count_sketch,31,0.1404370665550232,undefended,0.0014946659794077277,0.13894240057561547,defense_worse
image,S1d,E1,count_sketch,31,0.1404370665550232,gray,0.035539742559194565,0.10489732399582863,defense_worse
image,S1d,E1,count_sketch,31,0.1404370665550232,cifar_mean,0.03675774857401848,0.10367931798100471,defense_worse
image,S1d,E1,count_sketch,32,0.13483834266662598,undefended,0.0027496712282299995,0.13208867143839598,defense_worse
image,S1d,E1,count_sketch,32,0.13483834266662598,gray,0.029493385925889015,0.10534495674073696,defense_worse
image,S1d,E1,count_sketch,32,0.13483834266662598,cifar_mean,0.026593109592795372,0.1082452330738306,defense_worse
image,S1d,E1,count_sketch,33,0.14518944919109344,undefended,0.0043803732842206955,0.14080907590687275,defense_worse
image,S1d,E1,count_sketch,33,0.14518944919109344,gray,0.058785274624824524,0.08640417456626892,defense_worse
image,S1d,E1,count_sketch,33,0.14518944919109344,cifar_mean,0.05640130117535591,0.08878814801573753,defense_worse
image,S1d,E1,count_sketch,34,0.20810537040233612,undefended,0.007073973771184683,0.20103139663115144,defense_worse
image,S1d,E1,count_sketch,34,0.20810537040233612,gray,0.12103021144866943,0.08707515895366669,defense_worse
image,S1d,E1,count_sketch,34,0.20810537040233612,cifar_mean,0.1298164576292038,0.07828891277313232,defense_worse
image,S1d,E1,count_sketch,35,0.16529645025730133,undefended,0.004572827834635973,0.16072362242266536,defense_worse
image,S1d,E1,count_sketch,35,0.16529645025730133,gray,0.06155921146273613,0.1037372387945652,defense_worse
image,S1d,E1,count_sketch,35,0.16529645025730133,cifar_mean,0.05889547988772392,0.10640097036957741,defense_worse
image,S1d,E1,count_sketch,36,0.1471613645553589,undefended,0.004215894732624292,0.1429454698227346,defense_worse
image,S1d,E1,count_sketch,36,0.1471613645553589,gray,0.04162457585334778,0.10553678870201111,defense_worse
image,S1d,E1,count_sketch,36,0.1471613645553589,cifar_mean,0.0423029363155365,0.10485842823982239,defense_worse
image,S1d,E1,count_sketch,37,0.1357177495956421,undefended,0.003518519224599004,0.13219923037104309,defense_worse
image,S1d,E1,count_sketch,37,0.1357177495956421,gray,0.038340095430612564,0.09737765416502953,defense_worse
image,S1d,E1,count_sketch,37,0.1357177495956421,cifar_mean,0.032948438078165054,0.10276931151747704,defense_worse
image,S1d,E1,count_sketch,38,0.1578115075826645,undefended,0.006433777045458555,0.15137773053720593,defense_worse
image,S1d,E1,count_sketch,38,0.1578115075826645,gray,0.06247740983963013,0.09533409774303436,defense_worse
image,S1d,E1,count_sketch,38,0.1578115075826645,cifar_mean,0.056935086846351624,0.10087642073631287,defense_worse
image,S1d,E2,count_sketch,0,0.007376987487077713,undefended,0.004706770647317171,0.002670216839760542,defense_worse
image,S1d,E2,count_sketch,0,0.007376987487077713,gray,0.06836853176355362,-0.060991544276475906,defense_better
image,S1d,E2,count_sketch,0,0.007376987487077713,cifar_mean,0.05908755585551262,-0.051710568368434906,defense_better
image,S1d,E2,count_sketch,1,0.03829808160662651,undefended,0.024980826303362846,0.013317255303263664,defense_worse
image,S1d,E2,count_sketch,1,0.03829808160662651,gray,0.08852749317884445,-0.05022941157221794,defense_better
image,S1d,E2,count_sketch,1,0.03829808160662651,cifar_mean,0.07898834347724915,-0.040690261870622635,defense_better
image,S1d,E2,count_sketch,2,0.007284030318260193,undefended,0.004142375197261572,0.003141655120998621,defense_worse
image,S1d,E2,count_sketch,2,0.007284030318260193,gray,0.03789061680436134,-0.03060658648610115,defense_better
image,S1d,E2,count_sketch,2,0.007284030318260193,cifar_mean,0.03774023428559303,-0.03045620396733284,defense_better
image,S1d,E2,count_sketch,3,0.0011557789985090494,undefended,0.0008231056854128838,0.00033267331309616566,defense_worse
image,S1d,E2,count_sketch,3,0.0011557789985090494,gray,0.01722257398068905,-0.01606679498218,defense_better
image,S1d,E2,count_sketch,3,0.0011557789985090494,cifar_mean,0.012870135717093945,-0.011714356718584895,defense_better
image,S1d,E2,count_sketch,4,0.005923071876168251,undefended,0.003277108073234558,0.002645963802933693,defense_worse
image,S1d,E2,count_sketch,4,0.005923071876168251,gray,0.036615367978811264,-0.030692296102643013,defense_better
image,S1d,E2,count_sketch,4,0.005923071876168251,cifar_mean,0.04208303615450859,-0.03615996427834034,defense_better
image,S1d,E2,count_sketch,5,0.002806004835292697,undefended,0.0018688412383198738,0.0009371635969728231,defense_worse
image,S1d,E2,count_sketch,5,0.002806004835292697,gray,0.026727141812443733,-0.023921136977151036,defense_better
image,S1d,E2,count_sketch,5,0.002806004835292697,cifar_mean,0.03304671123623848,-0.030240706400945783,defense_better
image,S1d,E2,count_sketch,6,0.006324924062937498,undefended,0.004536319524049759,0.0017886045388877392,defense_worse
image,S1d,E2,count_sketch,6,0.006324924062937498,gray,0.07497305423021317,-0.06864813016727567,defense_better
image,S1d,E2,count_sketch,6,0.006324924062937498,cifar_mean,0.07600322365760803,-0.06967829959467053,defense_better
image,S1d,E2,count_sketch,7,0.009268694557249546,undefended,0.005362140480428934,0.003906554076820612,defense_worse
image,S1d,E2,count_sketch,7,0.009268694557249546,gray,0.06829913705587387,-0.059030442498624325,defense_better
image,S1d,E2,count_sketch,7,0.009268694557249546,cifar_mean,0.06208273768424988,-0.05281404312700033,defense_better
image,S1d,E2,count_sketch,8,0.019076161086559296,undefended,0.010855219326913357,0.008220941759645939,defense_worse
image,S1d,E2,count_sketch,8,0.019076161086559296,gray,0.09810922294855118,-0.07903306186199188,defense_better
image,S1d,E2,count_sketch,8,0.019076161086559296,cifar_mean,0.09977050870656967,-0.08069434762001038,defense_better
image,S1d,E2,count_sketch,9,0.0020456237252801657,undefended,0.00146502407733351,0.0005805996479466558,defense_worse
image,S1d,E2,count_sketch,9,0.0020456237252801657,gray,0.019798846915364265,-0.0177532231900841,defense_better
image,S1d,E2,count_sketch,9,0.0020456237252801657,cifar_mean,0.01531787496060133,-0.013272251235321164,defense_better
image,S1d,E2,count_sketch,10,0.013297331519424915,undefended,0.006761723663657904,0.006535607855767012,defense_worse
image,S1d,E2,count_sketch,10,0.013297331519424915,gray,0.06507482379674911,-0.0517774922773242,defense_better
image,S1d,E2,count_sketch,10,0.013297331519424915,cifar_mean,0.057298582047224045,-0.04400125052779913,defense_better
image,S1d,E2,count_sketch,11,0.010790873318910599,undefended,0.006578516215085983,0.0042123571038246155,defense_worse
image,S1d,E2,count_sketch,11,0.010790873318910599,gray,0.07745186239480972,-0.06666098907589912,defense_better
image,S1d,E2,count_sketch,11,0.010790873318910599,cifar_mean,0.08220136165618896,-0.07141048833727837,defense_better
image,S1d,E2,count_sketch,12,0.00793861597776413,undefended,0.0041951690800487995,0.00374344689771533,defense_worse
image,S1d,E2,count_sketch,12,0.00793861597776413,gray,0.06793449074029922,-0.059995874762535095,defense_better
image,S1d,E2,count_sketch,12,0.00793861597776413,cifar_mean,0.07632744312286377,-0.06838882714509964,defense_better
image,S1d,E2,count_sketch,13,0.01053419429808855,undefended,0.005629302468150854,0.0049048918299376965,defense_worse
image,S1d,E2,count_sketch,13,0.01053419429808855,gray,0.11894144862890244,-0.10840725433081388,defense_better
image,S1d,E2,count_sketch,13,0.01053419429808855,cifar_mean,0.10724415630102158,-0.09670996200293303,defense_better
image,S1d,E2,count_sketch,14,0.002962427446618676,undefended,0.0021304308902472258,0.0008319965563714504,defense_worse
image,S1d,E2,count_sketch,14,0.002962427446618676,gray,0.03928070887923241,-0.03631828143261373,defense_better
image,S1d,E2,count_sketch,14,0.002962427446618676,cifar_mean,0.030334383249282837,-0.02737195580266416,defense_better
image,S1d,E2,count_sketch,15,0.008503364399075508,undefended,0.004315893165767193,0.004187471233308315,defense_worse
image,S1d,E2,count_sketch,15,0.008503364399075508,gray,0.04617581143975258,-0.03767244704067707,defense_better
image,S1d,E2,count_sketch,15,0.008503364399075508,cifar_mean,0.04367084428668022,-0.03516747988760471,defense_better
image,S1d,E2,count_sketch,16,0.004741450771689415,undefended,0.0029802408535033464,0.0017612099181860685,defense_worse
image,S1d,E2,count_sketch,16,0.004741450771689415,gray,0.09657040238380432,-0.0918289516121149,defense_better
image,S1d,E2,count_sketch,16,0.004741450771689415,cifar_mean,0.07972066104412079,-0.07497921027243137,defense_better
image,S1d,E2,count_sketch,17,0.05490701273083687,undefended,0.033151447772979736,0.021755564957857132,defense_worse
image,S1d,E2,count_sketch,17,0.05490701273083687,gray,0.06958158314228058,-0.01467457041144371,defense_better
image,S1d,E2,count_sketch,17,0.05490701273083687,cifar_mean,0.0689285472035408,-0.014021534472703934,defense_better
image,S1d,E2,count_sketch,18,0.01320591475814581,undefended,0.006348513066768646,0.006857401691377163,defense_worse
image,S1d,E2,count_sketch,18,0.01320591475814581,gray,0.0656706690788269,-0.052464754320681095,defense_better
image,S1d,E2,count_sketch,18,0.01320591475814581,cifar_mean,0.061703283339738846,-0.04849736858159304,defense_better
image,S1d,E2,count_sketch,19,0.006998108234256506,undefended,0.0038600533735007048,0.003138054860755801,defense_worse
image,S1d,E2,count_sketch,19,0.006998108234256506,gray,0.06584482640028,-0.05884671816602349,defense_better
image,S1d,E2,count_sketch,19,0.006998108234256506,cifar_mean,0.05957019329071045,-0.05257208505645394,defense_better
image,S1d,E2,count_sketch,20,0.0034833254758268595,undefended,0.0020342699717730284,0.001449055504053831,defense_worse
image,S1d,E2,count_sketch,20,0.0034833254758268595,gray,0.06611363589763641,-0.06263031042180955,defense_better
image,S1d,E2,count_sketch,20,0.0034833254758268595,cifar_mean,0.07447463274002075,-0.07099130726419389,defense_better
image,S1d,E2,count_sketch,21,0.049874067306518555,undefended,0.021703770384192467,0.028170296922326088,defense_worse
image,S1d,E2,count_sketch,21,0.049874067306518555,gray,0.060139626264572144,-0.010265558958053589,defense_better
image,S1d,E2,count_sketch,21,0.049874067306518555,cifar_mean,0.05936254933476448,-0.009488482028245926,defense_better
image,S1d,E2,count_sketch,22,0.05745243653655052,undefended,0.02298809587955475,0.03446434065699577,defense_worse
image,S1d,E2,count_sketch,22,0.05745243653655052,gray,0.08097526431083679,-0.02352282777428627,defense_better
image,S1d,E2,count_sketch,22,0.05745243653655052,cifar_mean,0.08214011788368225,-0.02468768134713173,defense_better
image,S1d,E2,count_sketch,23,0.003103404538705945,undefended,0.0017326842062175274,0.0013707203324884176,defense_worse
image,S1d,E2,count_sketch,23,0.003103404538705945,gray,0.04683154821395874,-0.043728143675252795,defense_better
image,S1d,E2,count_sketch,23,0.003103404538705945,cifar_mean,0.04805588722229004,-0.044952482683584094,defense_better
image,S1d,E2,count_sketch,24,0.004714298062026501,undefended,0.0031201550737023354,0.0015941429883241653,defense_worse
image,S1d,E2,count_sketch,24,0.004714298062026501,gray,0.03787555173039436,-0.03316125366836786,defense_better
image,S1d,E2,count_sketch,24,0.004714298062026501,cifar_mean,0.039189670234918594,-0.034475372172892094,defense_better
image,S1d,E2,count_sketch,25,0.0031941875349730253,undefended,0.0018969556549564004,0.001297231880016625,defense_worse
image,S1d,E2,count_sketch,25,0.0031941875349730253,gray,0.046686362475156784,-0.04349217494018376,defense_better
image,S1d,E2,count_sketch,25,0.0031941875349730253,cifar_mean,0.047312136739492416,-0.04411794920451939,defense_better
image,S1d,E2,count_sketch,26,0.007087988313287497,undefended,0.0046823457814753056,0.002405642531812191,defense_worse
image,S1d,E2,count_sketch,26,0.007087988313287497,gray,0.06430754065513611,-0.05721955234184861,defense_better
image,S1d,E2,count_sketch,26,0.007087988313287497,cifar_mean,0.07318823784589767,-0.06610024953261018,defense_better
image,S1d,E2,count_sketch,27,0.02512231469154358,undefended,0.01737160235643387,0.007750712335109711,defense_worse
image,S1d,E2,count_sketch,27,0.02512231469154358,gray,0.06277374178171158,-0.037651427090168,defense_better
image,S1d,E2,count_sketch,27,0.02512231469154358,cifar_mean,0.061842501163482666,-0.03672018647193909,defense_better
image,S1d,E2,count_sketch,28,0.00839979574084282,undefended,0.005889512598514557,0.0025102831423282623,defense_worse
image,S1d,E2,count_sketch,28,0.00839979574084282,gray,0.04194873571395874,-0.03354893997311592,defense_better
image,S1d,E2,count_sketch,28,0.00839979574084282,cifar_mean,0.04929010942578316,-0.04089031368494034,defense_better
image,S1d,E2,count_sketch,29,0.009005018509924412,undefended,0.005623289849609137,0.003381728660315275,defense_worse
image,S1d,E2,count_sketch,29,0.009005018509924412,gray,0.06350965797901154,-0.054504639469087124,defense_better
image,S1d,E2,count_sketch,29,0.009005018509924412,cifar_mean,0.05271456763148308,-0.043709549121558666,defense_better
image,S1d,E2,count_sketch,30,0.007658865302801132,undefended,0.006101055070757866,0.0015578102320432663,defense_worse
image,S1d,E2,count_sketch,30,0.007658865302801132,gray,0.08670685440301895,-0.07904798910021782,defense_better
image,S1d,E2,count_sketch,30,0.007658865302801132,cifar_mean,0.10104735940694809,-0.09338849410414696,defense_better
image,S1d,E2,count_sketch,31,0.002828150289133191,undefended,0.0014946659794077277,0.0013334843097254634,defense_worse
image,S1d,E2,count_sketch,31,0.002828150289133191,gray,0.035539742559194565,-0.032711592270061374,defense_better
image,S1d,E2,count_sketch,31,0.002828150289133191,cifar_mean,0.03675774857401848,-0.03392959828488529,defense_better
image,S1d,E2,count_sketch,32,0.004434304777532816,undefended,0.0027496712282299995,0.0016846335493028164,defense_worse
image,S1d,E2,count_sketch,32,0.004434304777532816,gray,0.029493385925889015,-0.0250590811483562,defense_better
image,S1d,E2,count_sketch,32,0.004434304777532816,cifar_mean,0.026593109592795372,-0.022158804815262556,defense_better
image,S1d,E2,count_sketch,33,0.00829203799366951,undefended,0.0043803732842206955,0.003911664709448814,defense_worse
image,S1d,E2,count_sketch,33,0.00829203799366951,gray,0.058785274624824524,-0.050493236631155014,defense_better
image,S1d,E2,count_sketch,33,0.00829203799366951,cifar_mean,0.05640130117535591,-0.0481092631816864,defense_better
image,S1d,E2,count_sketch,34,0.013991031795740128,undefended,0.007073973771184683,0.006917058024555445,defense_worse
image,S1d,E2,count_sketch,34,0.013991031795740128,gray,0.12103021144866943,-0.1070391796529293,defense_better
image,S1d,E2,count_sketch,34,0.013991031795740128,cifar_mean,0.1298164576292038,-0.11582542583346367,defense_better
image,S1d,E2,count_sketch,35,0.00865238718688488,undefended,0.004572827834635973,0.004079559352248907,defense_worse
image,S1d,E2,count_sketch,35,0.00865238718688488,gray,0.06155921146273613,-0.05290682427585125,defense_better
image,S1d,E2,count_sketch,35,0.00865238718688488,cifar_mean,0.05889547988772392,-0.05024309270083904,defense_better
image,S1d,E2,count_sketch,36,0.007429321762174368,undefended,0.004215894732624292,0.0032134270295500755,defense_worse
image,S1d,E2,count_sketch,36,0.007429321762174368,gray,0.04162457585334778,-0.03419525409117341,defense_better
image,S1d,E2,count_sketch,36,0.007429321762174368,cifar_mean,0.0423029363155365,-0.03487361455336213,defense_better
image,S1d,E2,count_sketch,37,0.0063367499969899654,undefended,0.003518519224599004,0.0028182307723909616,defense_worse
image,S1d,E2,count_sketch,37,0.0063367499969899654,gray,0.038340095430612564,-0.0320033454336226,defense_better
image,S1d,E2,count_sketch,37,0.0063367499969899654,cifar_mean,0.032948438078165054,-0.02661168808117509,defense_better
image,S1d,E2,count_sketch,38,0.011156291700899601,undefended,0.006433777045458555,0.004722514655441046,defense_worse
image,S1d,E2,count_sketch,38,0.011156291700899601,gray,0.06247740983963013,-0.051321118138730526,defense_better
image,S1d,E2,count_sketch,38,0.011156291700899601,cifar_mean,0.056935086846351624,-0.04577879514545202,defense_better
adult,S2,E1,dna_v1_conservative,0,0.0,undefended,0.0,0.0,tie
adult,S2,E1,dna_v1_conservative,0,0.0,mean_mode,46.42857142857143,-46.42857142857143,defense_better
adult,S2,E1,dna_v1_conservative,0,0.0,empirical_marginal,45.53571428571428,-45.53571428571428,defense_better
adult,S2,E1,dna_v1_conservative,1,33.92857142857143,undefended,29.464285714285722,4.464285714285708,defense_worse
adult,S2,E1,dna_v1_conservative,1,33.92857142857143,mean_mode,43.75,-9.82142857142857,defense_better
adult,S2,E1,dna_v1_conservative,1,33.92857142857143,empirical_marginal,42.85714285714286,-8.92857142857143,defense_better
adult,S2,E1,dna_v1_conservative,2,1.7857142857142918,undefended,0.8928571428571388,0.892857142857153,defense_worse
adult,S2,E1,dna_v1_conservative,2,1.7857142857142918,mean_mode,46.42857142857143,-44.64285714285714,defense_better
adult,S2,E1,dna_v1_conservative,2,1.7857142857142918,empirical_marginal,44.64285714285714,-42.85714285714285,defense_better
adult,S2,E1,dna_v1_conservative,3,42.85714285714285,undefended,33.92857142857143,8.928571428571416,defense_worse
adult,S2,E1,dna_v1_conservative,3,42.85714285714285,mean_mode,44.64285714285714,-1.7857142857142918,defense_better
adult,S2,E1,dna_v1_conservative,3,42.85714285714285,empirical_marginal,38.39285714285714,4.464285714285708,defense_worse
adult,S2,E1,dna_v1_conservative,4,8.035714285714278,undefended,0.0,8.035714285714278,defense_worse
adult,S2,E1,dna_v1_conservative,4,8.035714285714278,mean_mode,54.46428571428572,-46.428571428571445,defense_better
adult,S2,E1,dna_v1_conservative,4,8.035714285714278,empirical_marginal,48.21428571428571,-40.17857142857143,defense_better
adult,S2,E1,dna_v1_conservative,5,0.0,undefended,0.0,0.0,tie
adult,S2,E1,dna_v1_conservative,5,0.0,mean_mode,47.32142857142857,-47.32142857142857,defense_better
adult,S2,E1,dna_v1_conservative,5,0.0,empirical_marginal,40.17857142857143,-40.17857142857143,defense_better
adult,S2,E1,dna_v1_conservative,6,1.7857142857142918,undefended,0.0,1.7857142857142918,defense_worse
adult,S2,E1,dna_v1_conservative,6,1.7857142857142918,mean_mode,50.0,-48.21428571428571,defense_better
adult,S2,E1,dna_v1_conservative,6,1.7857142857142918,empirical_marginal,43.75,-41.96428571428571,defense_better
adult,S2,E1,dna_v1_conservative,7,1.7857142857142918,undefended,8.92857142857143,-7.142857142857139,defense_better
adult,S2,E1,dna_v1_conservative,7,1.7857142857142918,mean_mode,49.10714285714286,-47.32142857142857,defense_better
adult,S2,E1,dna_v1_conservative,7,1.7857142857142918,empirical_marginal,50.0,-48.21428571428571,defense_better
adult,S2,E1,dna_v1_conservative,8,3.5714285714285694,undefended,0.0,3.5714285714285694,defense_worse
adult,S2,E1,dna_v1_conservative,8,3.5714285714285694,mean_mode,48.21428571428571,-44.64285714285714,defense_better
adult,S2,E1,dna_v1_conservative,8,3.5714285714285694,empirical_marginal,44.64285714285714,-41.07142857142857,defense_better
adult,S2,E1,dna_v1_conservative,9,0.0,undefended,0.0,0.0,tie
adult,S2,E1,dna_v1_conservative,9,0.0,mean_mode,44.64285714285714,-44.64285714285714,defense_better
adult,S2,E1,dna_v1_conservative,9,0.0,empirical_marginal,39.28571428571428,-39.28571428571428,defense_better
adult,S2,E1,dna_v1_conservative,10,8.92857142857143,undefended,5.357142857142861,3.5714285714285694,defense_worse
adult,S2,E1,dna_v1_conservative,10,8.92857142857143,mean_mode,50.89285714285714,-41.96428571428571,defense_better
adult,S2,E1,dna_v1_conservative,10,8.92857142857143,empirical_marginal,46.42857142857143,-37.5,defense_better
adult,S2,E1,dna_v1_conservative,11,2.6785714285714306,undefended,4.464285714285708,-1.7857142857142776,defense_better
adult,S2,E1,dna_v1_conservative,11,2.6785714285714306,mean_mode,39.28571428571428,-36.60714285714285,defense_better
adult,S2,E1,dna_v1_conservative,11,2.6785714285714306,empirical_marginal,39.28571428571428,-36.60714285714285,defense_better
adult,S2,E1,dna_v1_conservative,12,1.7857142857142918,undefended,0.0,1.7857142857142918,defense_worse
adult,S2,E1,dna_v1_conservative,12,1.7857142857142918,mean_mode,48.21428571428572,-46.42857142857143,defense_better
adult,S2,E1,dna_v1_conservative,12,1.7857142857142918,empirical_marginal,48.21428571428572,-46.42857142857143,defense_better
adult,S2,E1,dna_v1_conservative,13,9.82142857142857,undefended,15.17857142857143,-5.357142857142861,defense_better
adult,S2,E1,dna_v1_conservative,13,9.82142857142857,mean_mode,46.42857142857143,-36.60714285714286,defense_better
adult,S2,E1,dna_v1_conservative,13,9.82142857142857,empirical_marginal,45.53571428571429,-35.71428571428572,defense_better
adult,S2,E1,dna_v1_conservative,14,0.0,undefended,0.0,0.0,tie
adult,S2,E1,dna_v1_conservative,14,0.0,mean_mode,48.21428571428572,-48.21428571428572,defense_better
adult,S2,E1,dna_v1_conservative,14,0.0,empirical_marginal,47.32142857142857,-47.32142857142857,defense_better
adult,S2,E1,dna_v1_conservative,15,30.35714285714286,undefended,27.67857142857143,2.6785714285714306,defense_worse
adult,S2,E1,dna_v1_conservative,15,30.35714285714286,mean_mode,46.428571428571416,-16.071428571428555,defense_better
adult,S2,E1,dna_v1_conservative,15,30.35714285714286,empirical_marginal,42.85714285714286,-12.5,defense_better
adult,S2,E1,dna_v1_conservative,16,8.92857142857143,undefended,8.92857142857143,0.0,tie
adult,S2,E1,dna_v1_conservative,16,8.92857142857143,mean_mode,44.64285714285714,-35.71428571428571,defense_better
adult,S2,E1,dna_v1_conservative,16,8.92857142857143,empirical_marginal,40.17857142857143,-31.25,defense_better
adult,S2,E1,dna_v1_conservative,17,13.392857142857139,undefended,16.964285714285722,-3.5714285714285836,defense_better
adult,S2,E1,dna_v1_conservative,17,13.392857142857139,mean_mode,53.571428571428584,-40.178571428571445,defense_better
adult,S2,E1,dna_v1_conservative,17,13.392857142857139,empirical_marginal,46.42857142857143,-33.03571428571429,defense_better
adult,S2,E1,dna_v1_conservative,18,2.6785714285714306,undefended,2.6785714285714306,0.0,tie
adult,S2,E1,dna_v1_conservative,18,2.6785714285714306,mean_mode,40.17857142857143,-37.5,defense_better
adult,S2,E1,dna_v1_conservative,18,2.6785714285714306,empirical_marginal,30.35714285714286,-27.67857142857143,defense_better
adult,S2,E1,dna_v1_conservative,19,1.7857142857142918,undefended,0.0,1.7857142857142918,defense_worse
adult,S2,E1,dna_v1_conservative,19,1.7857142857142918,mean_mode,44.64285714285714,-42.85714285714285,defense_better
adult,S2,E1,dna_v1_conservative,19,1.7857142857142918,empirical_marginal,44.64285714285714,-42.85714285714285,defense_better
adult,S2,E1,dna_v1_conservative,20,4.464285714285708,undefended,0.0,4.464285714285708,defense_worse
adult,S2,E1,dna_v1_conservative,20,4.464285714285708,mean_mode,54.46428571428572,-50.000000000000014,defense_better
adult,S2,E1,dna_v1_conservative,20,4.464285714285708,empirical_marginal,49.10714285714286,-44.64285714285715,defense_better
adult,S2,E1,dna_v1_conservative,21,2.6785714285714306,undefended,3.5714285714285694,-0.8928571428571388,defense_better
adult,S2,E1,dna_v1_conservative,21,2.6785714285714306,mean_mode,46.42857142857143,-43.75,defense_better
adult,S2,E1,dna_v1_conservative,21,2.6785714285714306,empirical_marginal,44.64285714285714,-41.96428571428571,defense_better
adult,S2,E1,dna_v1_conservative,22,12.5,undefended,1.7857142857142918,10.714285714285708,defense_worse
adult,S2,E1,dna_v1_conservative,22,12.5,mean_mode,57.14285714285715,-44.64285714285715,defense_better
adult,S2,E1,dna_v1_conservative,22,12.5,empirical_marginal,57.14285714285714,-44.64285714285714,defense_better
adult,S2,E1,dna_v1_conservative,23,12.5,undefended,8.035714285714278,4.464285714285722,defense_worse
adult,S2,E1,dna_v1_conservative,23,12.5,mean_mode,47.32142857142857,-34.82142857142857,defense_better
adult,S2,E1,dna_v1_conservative,23,12.5,empirical_marginal,48.21428571428572,-35.71428571428572,defense_better
adult,S2,E1,dna_v1_conservative,24,1.7857142857142918,undefended,0.8928571428571388,0.892857142857153,defense_worse
adult,S2,E1,dna_v1_conservative,24,1.7857142857142918,mean_mode,49.10714285714286,-47.32142857142857,defense_better
adult,S2,E1,dna_v1_conservative,24,1.7857142857142918,empirical_marginal,44.64285714285714,-42.85714285714285,defense_better
adult,S2,E1,dna_v1_conservative,25,0.0,undefended,0.8928571428571388,-0.8928571428571388,defense_better
adult,S2,E1,dna_v1_conservative,25,0.0,mean_mode,57.14285714285714,-57.14285714285714,defense_better
adult,S2,E1,dna_v1_conservative,25,0.0,empirical_marginal,55.35714285714286,-55.35714285714286,defense_better
adult,S2,E1,dna_v1_conservative,26,0.8928571428571388,undefended,0.0,0.8928571428571388,defense_worse
adult,S2,E1,dna_v1_conservative,26,0.8928571428571388,mean_mode,47.32142857142857,-46.42857142857143,defense_better
adult,S2,E1,dna_v1_conservative,26,0.8928571428571388,empirical_marginal,41.07142857142857,-40.17857142857143,defense_better
adult,S2,E1,dna_v1_conservative,27,0.0,undefended,1.7857142857142918,-1.7857142857142918,defense_better
adult,S2,E1,dna_v1_conservative,27,0.0,mean_mode,50.89285714285714,-50.89285714285714,defense_better
adult,S2,E1,dna_v1_conservative,27,0.0,empirical_marginal,53.57142857142857,-53.57142857142857,defense_better
adult,S2,E1,dna_v1_conservative,28,3.5714285714285694,undefended,0.0,3.5714285714285694,defense_worse
adult,S2,E1,dna_v1_conservative,28,3.5714285714285694,mean_mode,44.64285714285714,-41.07142857142857,defense_better
adult,S2,E1,dna_v1_conservative,28,3.5714285714285694,empirical_marginal,46.42857142857143,-42.85714285714286,defense_better
adult,S2,E1,dna_v1_conservative,29,0.0,undefended,1.7857142857142918,-1.7857142857142918,defense_better
adult,S2,E1,dna_v1_conservative,29,0.0,mean_mode,42.85714285714286,-42.85714285714286,defense_better
adult,S2,E1,dna_v1_conservative,29,0.0,empirical_marginal,45.53571428571429,-45.53571428571429,defense_better
adult,S2,E1,dna_v1_conservative,30,2.6785714285714306,undefended,0.0,2.6785714285714306,defense_worse
adult,S2,E1,dna_v1_conservative,30,2.6785714285714306,mean_mode,46.42857142857143,-43.75,defense_better
adult,S2,E1,dna_v1_conservative,30,2.6785714285714306,empirical_marginal,43.75,-41.07142857142857,defense_better
adult,S2,E1,dna_v1_conservative,31,0.0,undefended,0.0,0.0,tie
adult,S2,E1,dna_v1_conservative,31,0.0,mean_mode,43.75,-43.75,defense_better
adult,S2,E1,dna_v1_conservative,31,0.0,empirical_marginal,36.60714285714286,-36.60714285714286,defense_better
adult,S2,E1,dna_v1_conservative,32,2.6785714285714306,undefended,0.0,2.6785714285714306,defense_worse
adult,S2,E1,dna_v1_conservative,32,2.6785714285714306,mean_mode,52.67857142857143,-50.0,defense_better
adult,S2,E1,dna_v1_conservative,32,2.6785714285714306,empirical_marginal,51.78571428571429,-49.10714285714286,defense_better
adult,S2,E1,dna_v1_conservative,33,4.464285714285708,undefended,0.0,4.464285714285708,defense_worse
adult,S2,E1,dna_v1_conservative,33,4.464285714285708,mean_mode,49.10714285714286,-44.64285714285715,defense_better
adult,S2,E1,dna_v1_conservative,33,4.464285714285708,empirical_marginal,45.53571428571429,-41.071428571428584,defense_better
adult,S2,E1,dna_v1_conservative,34,6.25,undefended,0.0,6.25,defense_worse
adult,S2,E1,dna_v1_conservative,34,6.25,mean_mode,51.78571428571428,-45.53571428571428,defense_better
adult,S2,E1,dna_v1_conservative,34,6.25,empirical_marginal,49.10714285714286,-42.85714285714286,defense_better
adult,S2,E1,dna_v1_conservative,35,1.7857142857142918,undefended,0.0,1.7857142857142918,defense_worse
adult,S2,E1,dna_v1_conservative,35,1.7857142857142918,mean_mode,44.64285714285714,-42.85714285714285,defense_better
adult,S2,E1,dna_v1_conservative,35,1.7857142857142918,empirical_marginal,44.64285714285714,-42.85714285714285,defense_better
adult,S2,E1,dna_v1_conservative,36,0.0,undefended,0.8928571428571388,-0.8928571428571388,defense_better
adult,S2,E1,dna_v1_conservative,36,0.0,mean_mode,46.428571428571416,-46.428571428571416,defense_better
adult,S2,E1,dna_v1_conservative,36,0.0,empirical_marginal,41.96428571428572,-41.96428571428572,defense_better
adult,S2,E1,dna_v1_conservative,37,4.464285714285708,undefended,3.5714285714285694,0.8928571428571388,defense_worse
adult,S2,E1,dna_v1_conservative,37,4.464285714285708,mean_mode,52.67857142857143,-48.21428571428572,defense_better
adult,S2,E1,dna_v1_conservative,37,4.464285714285708,empirical_marginal,53.57142857142857,-49.10714285714286,defense_better
adult,S2,E1,dna_v1_conservative,38,5.357142857142861,undefended,0.8928571428571388,4.464285714285722,defense_worse
adult,S2,E1,dna_v1_conservative,38,5.357142857142861,mean_mode,48.21428571428571,-42.85714285714285,defense_better
adult,S2,E1,dna_v1_conservative,38,5.357142857142861,empirical_marginal,45.53571428571428,-40.178571428571416,defense_better
adult,S2,E1,dna_v2_0p95,0,3.5714285714285694,undefended,0.0,3.5714285714285694,defense_worse
adult,S2,E1,dna_v2_0p95,0,3.5714285714285694,mean_mode,46.42857142857143,-42.85714285714286,defense_better
adult,S2,E1,dna_v2_0p95,0,3.5714285714285694,empirical_marginal,45.53571428571428,-41.96428571428571,defense_better
adult,S2,E1,dna_v2_0p95,1,30.35714285714286,undefended,29.464285714285722,0.8928571428571388,defense_worse
adult,S2,E1,dna_v2_0p95,1,30.35714285714286,mean_mode,43.75,-13.392857142857139,defense_better
adult,S2,E1,dna_v2_0p95,1,30.35714285714286,empirical_marginal,42.85714285714286,-12.5,defense_better
adult,S2,E1,dna_v2_0p95,2,8.035714285714278,undefended,0.8928571428571388,7.142857142857139,defense_worse
adult,S2,E1,dna_v2_0p95,2,8.035714285714278,mean_mode,46.42857142857143,-38.39285714285715,defense_better
adult,S2,E1,dna_v2_0p95,2,8.035714285714278,empirical_marginal,44.64285714285714,-36.60714285714286,defense_better
adult,S2,E1,dna_v2_0p95,3,29.464285714285708,undefended,33.92857142857143,-4.464285714285722,defense_better
adult,S2,E1,dna_v2_0p95,3,29.464285714285708,mean_mode,44.64285714285714,-15.17857142857143,defense_better
adult,S2,E1,dna_v2_0p95,3,29.464285714285708,empirical_marginal,38.39285714285714,-8.92857142857143,defense_better
adult,S2,E1,dna_v2_0p95,4,8.92857142857143,undefended,0.0,8.92857142857143,defense_worse
adult,S2,E1,dna_v2_0p95,4,8.92857142857143,mean_mode,54.46428571428572,-45.53571428571429,defense_better
adult,S2,E1,dna_v2_0p95,4,8.92857142857143,empirical_marginal,48.21428571428571,-39.28571428571428,defense_better
adult,S2,E1,dna_v2_0p95,5,1.7857142857142918,undefended,0.0,1.7857142857142918,defense_worse
adult,S2,E1,dna_v2_0p95,5,1.7857142857142918,mean_mode,47.32142857142857,-45.53571428571428,defense_better
adult,S2,E1,dna_v2_0p95,5,1.7857142857142918,empirical_marginal,40.17857142857143,-38.39285714285714,defense_better
adult,S2,E1,dna_v2_0p95,6,11.607142857142861,undefended,0.0,11.607142857142861,defense_worse
adult,S2,E1,dna_v2_0p95,6,11.607142857142861,mean_mode,50.0,-38.39285714285714,defense_better
adult,S2,E1,dna_v2_0p95,6,11.607142857142861,empirical_marginal,43.75,-32.14285714285714,defense_better
adult,S2,E1,dna_v2_0p95,7,6.25,undefended,8.92857142857143,-2.6785714285714306,defense_better
adult,S2,E1,dna_v2_0p95,7,6.25,mean_mode,49.10714285714286,-42.85714285714286,defense_better
adult,S2,E1,dna_v2_0p95,7,6.25,empirical_marginal,50.0,-43.75,defense_better
adult,S2,E1,dna_v2_0p95,8,5.357142857142861,undefended,0.0,5.357142857142861,defense_worse
adult,S2,E1,dna_v2_0p95,8,5.357142857142861,mean_mode,48.21428571428571,-42.85714285714285,defense_better
adult,S2,E1,dna_v2_0p95,8,5.357142857142861,empirical_marginal,44.64285714285714,-39.28571428571428,defense_better
adult,S2,E1,dna_v2_0p95,9,3.5714285714285694,undefended,0.0,3.5714285714285694,defense_worse
adult,S2,E1,dna_v2_0p95,9,3.5714285714285694,mean_mode,44.64285714285714,-41.07142857142857,defense_better
adult,S2,E1,dna_v2_0p95,9,3.5714285714285694,empirical_marginal,39.28571428571428,-35.71428571428571,defense_better
adult,S2,E1,dna_v2_0p95,10,14.285714285714278,undefended,5.357142857142861,8.928571428571416,defense_worse
adult,S2,E1,dna_v2_0p95,10,14.285714285714278,mean_mode,50.89285714285714,-36.60714285714286,defense_better
adult,S2,E1,dna_v2_0p95,10,14.285714285714278,empirical_marginal,46.42857142857143,-32.14285714285715,defense_better
adult,S2,E1,dna_v2_0p95,11,0.0,undefended,4.464285714285708,-4.464285714285708,defense_better
adult,S2,E1,dna_v2_0p95,11,0.0,mean_mode,39.28571428571428,-39.28571428571428,defense_better
adult,S2,E1,dna_v2_0p95,11,0.0,empirical_marginal,39.28571428571428,-39.28571428571428,defense_better
adult,S2,E1,dna_v2_0p95,12,11.607142857142861,undefended,0.0,11.607142857142861,defense_worse
adult,S2,E1,dna_v2_0p95,12,11.607142857142861,mean_mode,48.21428571428572,-36.60714285714286,defense_better
adult,S2,E1,dna_v2_0p95,12,11.607142857142861,empirical_marginal,48.21428571428572,-36.60714285714286,defense_better
adult,S2,E1,dna_v2_0p95,13,28.57142857142857,undefended,15.17857142857143,13.392857142857139,defense_worse
adult,S2,E1,dna_v2_0p95,13,28.57142857142857,mean_mode,46.42857142857143,-17.85714285714286,defense_better
adult,S2,E1,dna_v2_0p95,13,28.57142857142857,empirical_marginal,45.53571428571429,-16.964285714285722,defense_better
adult,S2,E1,dna_v2_0p95,14,3.5714285714285694,undefended,0.0,3.5714285714285694,defense_worse
adult,S2,E1,dna_v2_0p95,14,3.5714285714285694,mean_mode,48.21428571428572,-44.64285714285715,defense_better
adult,S2,E1,dna_v2_0p95,14,3.5714285714285694,empirical_marginal,47.32142857142857,-43.75,defense_better
adult,S2,E1,dna_v2_0p95,15,36.60714285714286,undefended,27.67857142857143,8.92857142857143,defense_worse
adult,S2,E1,dna_v2_0p95,15,36.60714285714286,mean_mode,46.428571428571416,-9.821428571428555,defense_better
adult,S2,E1,dna_v2_0p95,15,36.60714285714286,empirical_marginal,42.85714285714286,-6.25,defense_better
adult,S2,E1,dna_v2_0p95,16,7.142857142857139,undefended,8.92857142857143,-1.7857142857142918,defense_better
adult,S2,E1,dna_v2_0p95,16,7.142857142857139,mean_mode,44.64285714285714,-37.5,defense_better
adult,S2,E1,dna_v2_0p95,16,7.142857142857139,empirical_marginal,40.17857142857143,-33.03571428571429,defense_better
adult,S2,E1,dna_v2_0p95,17,25.0,undefended,16.964285714285722,8.035714285714278,defense_worse
adult,S2,E1,dna_v2_0p95,17,25.0,mean_mode,53.571428571428584,-28.571428571428584,defense_better
adult,S2,E1,dna_v2_0p95,17,25.0,empirical_marginal,46.42857142857143,-21.42857142857143,defense_better
adult,S2,E1,dna_v2_0p95,18,0.8928571428571388,undefended,2.6785714285714306,-1.7857142857142918,defense_better
adult,S2,E1,dna_v2_0p95,18,0.8928571428571388,mean_mode,40.17857142857143,-39.28571428571429,defense_better
adult,S2,E1,dna_v2_0p95,18,0.8928571428571388,empirical_marginal,30.35714285714286,-29.464285714285722,defense_better
adult,S2,E1,dna_v2_0p95,19,5.357142857142861,undefended,0.0,5.357142857142861,defense_worse
adult,S2,E1,dna_v2_0p95,19,5.357142857142861,mean_mode,44.64285714285714,-39.28571428571428,defense_better
adult,S2,E1,dna_v2_0p95,19,5.357142857142861,empirical_marginal,44.64285714285714,-39.28571428571428,defense_better
adult,S2,E1,dna_v2_0p95,20,0.8928571428571388,undefended,0.0,0.8928571428571388,defense_worse
adult,S2,E1,dna_v2_0p95,20,0.8928571428571388,mean_mode,54.46428571428572,-53.571428571428584,defense_better
adult,S2,E1,dna_v2_0p95,20,0.8928571428571388,empirical_marginal,49.10714285714286,-48.21428571428572,defense_better
adult,S2,E1,dna_v2_0p95,21,4.464285714285708,undefended,3.5714285714285694,0.8928571428571388,defense_worse
adult,S2,E1,dna_v2_0p95,21,4.464285714285708,mean_mode,46.42857142857143,-41.96428571428572,defense_better
adult,S2,E1,dna_v2_0p95,21,4.464285714285708,empirical_marginal,44.64285714285714,-40.17857142857143,defense_better
adult,S2,E1,dna_v2_0p95,22,11.607142857142861,undefended,1.7857142857142918,9.82142857142857,defense_worse
adult,S2,E1,dna_v2_0p95,22,11.607142857142861,mean_mode,57.14285714285715,-45.53571428571429,defense_better
adult,S2,E1,dna_v2_0p95,22,11.607142857142861,empirical_marginal,57.14285714285714,-45.53571428571428,defense_better
adult,S2,E1,dna_v2_0p95,23,22.32142857142857,undefended,8.035714285714278,14.285714285714292,defense_worse
adult,S2,E1,dna_v2_0p95,23,22.32142857142857,mean_mode,47.32142857142857,-25.0,defense_better
adult,S2,E1,dna_v2_0p95,23,22.32142857142857,empirical_marginal,48.21428571428572,-25.892857142857153,defense_better
adult,S2,E1,dna_v2_0p95,24,0.0,undefended,0.8928571428571388,-0.8928571428571388,defense_better
adult,S2,E1,dna_v2_0p95,24,0.0,mean_mode,49.10714285714286,-49.10714285714286,defense_better
adult,S2,E1,dna_v2_0p95,24,0.0,empirical_marginal,44.64285714285714,-44.64285714285714,defense_better
adult,S2,E1,dna_v2_0p95,25,8.035714285714278,undefended,0.8928571428571388,7.142857142857139,defense_worse
adult,S2,E1,dna_v2_0p95,25,8.035714285714278,mean_mode,57.14285714285714,-49.10714285714286,defense_better
adult,S2,E1,dna_v2_0p95,25,8.035714285714278,empirical_marginal,55.35714285714286,-47.321428571428584,defense_better
adult,S2,E1,dna_v2_0p95,26,7.142857142857139,undefended,0.0,7.142857142857139,defense_worse
adult,S2,E1,dna_v2_0p95,26,7.142857142857139,mean_mode,47.32142857142857,-40.17857142857143,defense_better
adult,S2,E1,dna_v2_0p95,26,7.142857142857139,empirical_marginal,41.07142857142857,-33.92857142857143,defense_better
adult,S2,E1,dna_v2_0p95,27,14.285714285714278,undefended,1.7857142857142918,12.499999999999986,defense_worse
adult,S2,E1,dna_v2_0p95,27,14.285714285714278,mean_mode,50.89285714285714,-36.60714285714286,defense_better
adult,S2,E1,dna_v2_0p95,27,14.285714285714278,empirical_marginal,53.57142857142857,-39.28571428571429,defense_better
adult,S2,E1,dna_v2_0p95,28,3.5714285714285694,undefended,0.0,3.5714285714285694,defense_worse
adult,S2,E1,dna_v2_0p95,28,3.5714285714285694,mean_mode,44.64285714285714,-41.07142857142857,defense_better
adult,S2,E1,dna_v2_0p95,28,3.5714285714285694,empirical_marginal,46.42857142857143,-42.85714285714286,defense_better
adult,S2,E1,dna_v2_0p95,29,2.6785714285714306,undefended,1.7857142857142918,0.8928571428571388,defense_worse
adult,S2,E1,dna_v2_0p95,29,2.6785714285714306,mean_mode,42.85714285714286,-40.17857142857143,defense_better
adult,S2,E1,dna_v2_0p95,29,2.6785714285714306,empirical_marginal,45.53571428571429,-42.85714285714286,defense_better
adult,S2,E1,dna_v2_0p95,30,2.6785714285714306,undefended,0.0,2.6785714285714306,defense_worse
adult,S2,E1,dna_v2_0p95,30,2.6785714285714306,mean_mode,46.42857142857143,-43.75,defense_better
adult,S2,E1,dna_v2_0p95,30,2.6785714285714306,empirical_marginal,43.75,-41.07142857142857,defense_better
adult,S2,E1,dna_v2_0p95,31,0.8928571428571388,undefended,0.0,0.8928571428571388,defense_worse
adult,S2,E1,dna_v2_0p95,31,0.8928571428571388,mean_mode,43.75,-42.85714285714286,defense_better
adult,S2,E1,dna_v2_0p95,31,0.8928571428571388,empirical_marginal,36.60714285714286,-35.71428571428572,defense_better
adult,S2,E1,dna_v2_0p95,32,8.035714285714278,undefended,0.0,8.035714285714278,defense_worse
adult,S2,E1,dna_v2_0p95,32,8.035714285714278,mean_mode,52.67857142857143,-44.64285714285715,defense_better
adult,S2,E1,dna_v2_0p95,32,8.035714285714278,empirical_marginal,51.78571428571429,-43.750000000000014,defense_better
adult,S2,E1,dna_v2_0p95,33,10.714285714285708,undefended,0.0,10.714285714285708,defense_worse
adult,S2,E1,dna_v2_0p95,33,10.714285714285708,mean_mode,49.10714285714286,-38.39285714285715,defense_better
adult,S2,E1,dna_v2_0p95,33,10.714285714285708,empirical_marginal,45.53571428571429,-34.821428571428584,defense_better
adult,S2,E1,dna_v2_0p95,34,4.464285714285708,undefended,0.0,4.464285714285708,defense_worse
adult,S2,E1,dna_v2_0p95,34,4.464285714285708,mean_mode,51.78571428571428,-47.32142857142857,defense_better
adult,S2,E1,dna_v2_0p95,34,4.464285714285708,empirical_marginal,49.10714285714286,-44.64285714285715,defense_better
adult,S2,E1,dna_v2_0p95,35,18.75,undefended,0.0,18.75,defense_worse
adult,S2,E1,dna_v2_0p95,35,18.75,mean_mode,44.64285714285714,-25.89285714285714,defense_better
adult,S2,E1,dna_v2_0p95,35,18.75,empirical_marginal,44.64285714285714,-25.89285714285714,defense_better
adult,S2,E1,dna_v2_0p95,36,0.8928571428571388,undefended,0.8928571428571388,0.0,tie
adult,S2,E1,dna_v2_0p95,36,0.8928571428571388,mean_mode,46.428571428571416,-45.53571428571428,defense_better
adult,S2,E1,dna_v2_0p95,36,0.8928571428571388,empirical_marginal,41.96428571428572,-41.071428571428584,defense_better
adult,S2,E1,dna_v2_0p95,37,5.357142857142861,undefended,3.5714285714285694,1.7857142857142918,defense_worse
adult,S2,E1,dna_v2_0p95,37,5.357142857142861,mean_mode,52.67857142857143,-47.32142857142857,defense_better
adult,S2,E1,dna_v2_0p95,37,5.357142857142861,empirical_marginal,53.57142857142857,-48.21428571428571,defense_better
adult,S2,E1,dna_v2_0p95,38,11.607142857142861,undefended,0.8928571428571388,10.714285714285722,defense_worse
adult,S2,E1,dna_v2_0p95,38,11.607142857142861,mean_mode,48.21428571428571,-36.60714285714285,defense_better
adult,S2,E1,dna_v2_0p95,38,11.607142857142861,empirical_marginal,45.53571428571428,-33.928571428571416,defense_better
adult,S2,E1,gradient_pruning,0,25.89285714285714,undefended,0.0,25.89285714285714,defense_worse
adult,S2,E1,gradient_pruning,0,25.89285714285714,mean_mode,46.42857142857143,-20.535714285714292,defense_better
adult,S2,E1,gradient_pruning,0,25.89285714285714,empirical_marginal,45.53571428571428,-19.64285714285714,defense_better
adult,S2,E1,gradient_pruning,1,44.64285714285714,undefended,29.464285714285722,15.178571428571416,defense_worse
adult,S2,E1,gradient_pruning,1,44.64285714285714,mean_mode,43.75,0.8928571428571388,defense_worse
adult,S2,E1,gradient_pruning,1,44.64285714285714,empirical_marginal,42.85714285714286,1.7857142857142776,defense_worse
adult,S2,E1,gradient_pruning,2,25.89285714285714,undefended,0.8928571428571388,25.0,defense_worse
adult,S2,E1,gradient_pruning,2,25.89285714285714,mean_mode,46.42857142857143,-20.535714285714292,defense_better
adult,S2,E1,gradient_pruning,2,25.89285714285714,empirical_marginal,44.64285714285714,-18.75,defense_better
adult,S2,E1,gradient_pruning,3,42.85714285714286,undefended,33.92857142857143,8.92857142857143,defense_worse
adult,S2,E1,gradient_pruning,3,42.85714285714286,mean_mode,44.64285714285714,-1.7857142857142776,defense_better
adult,S2,E1,gradient_pruning,3,42.85714285714286,empirical_marginal,38.39285714285714,4.464285714285722,defense_worse
adult,S2,E1,gradient_pruning,4,36.60714285714286,undefended,0.0,36.60714285714286,defense_worse
adult,S2,E1,gradient_pruning,4,36.60714285714286,mean_mode,54.46428571428572,-17.85714285714286,defense_better
adult,S2,E1,gradient_pruning,4,36.60714285714286,empirical_marginal,48.21428571428571,-11.607142857142847,defense_better
adult,S2,E1,gradient_pruning,5,19.64285714285714,undefended,0.0,19.64285714285714,defense_worse
adult,S2,E1,gradient_pruning,5,19.64285714285714,mean_mode,47.32142857142857,-27.67857142857143,defense_better
adult,S2,E1,gradient_pruning,5,19.64285714285714,empirical_marginal,40.17857142857143,-20.535714285714292,defense_better
adult,S2,E1,gradient_pruning,6,32.14285714285714,undefended,0.0,32.14285714285714,defense_worse
adult,S2,E1,gradient_pruning,6,32.14285714285714,mean_mode,50.0,-17.85714285714286,defense_better
adult,S2,E1,gradient_pruning,6,32.14285714285714,empirical_marginal,43.75,-11.607142857142861,defense_better
adult,S2,E1,gradient_pruning,7,22.32142857142857,undefended,8.92857142857143,13.392857142857139,defense_worse
adult,S2,E1,gradient_pruning,7,22.32142857142857,mean_mode,49.10714285714286,-26.785714285714292,defense_better
adult,S2,E1,gradient_pruning,7,22.32142857142857,empirical_marginal,50.0,-27.67857142857143,defense_better
adult,S2,E1,gradient_pruning,8,16.964285714285708,undefended,0.0,16.964285714285708,defense_worse
adult,S2,E1,gradient_pruning,8,16.964285714285708,mean_mode,48.21428571428571,-31.25,defense_better
adult,S2,E1,gradient_pruning,8,16.964285714285708,empirical_marginal,44.64285714285714,-27.67857142857143,defense_better
adult,S2,E1,gradient_pruning,9,25.0,undefended,0.0,25.0,defense_worse
adult,S2,E1,gradient_pruning,9,25.0,mean_mode,44.64285714285714,-19.64285714285714,defense_better
adult,S2,E1,gradient_pruning,9,25.0,empirical_marginal,39.28571428571428,-14.285714285714278,defense_better
adult,S2,E1,gradient_pruning,10,44.64285714285714,undefended,5.357142857142861,39.28571428571428,defense_worse
adult,S2,E1,gradient_pruning,10,44.64285714285714,mean_mode,50.89285714285714,-6.25,defense_better
adult,S2,E1,gradient_pruning,10,44.64285714285714,empirical_marginal,46.42857142857143,-1.7857142857142918,defense_better
adult,S2,E1,gradient_pruning,11,28.57142857142857,undefended,4.464285714285708,24.10714285714286,defense_worse
adult,S2,E1,gradient_pruning,11,28.57142857142857,mean_mode,39.28571428571428,-10.714285714285708,defense_better
adult,S2,E1,gradient_pruning,11,28.57142857142857,empirical_marginal,39.28571428571428,-10.714285714285708,defense_better
adult,S2,E1,gradient_pruning,12,27.678571428571416,undefended,0.0,27.678571428571416,defense_worse
adult,S2,E1,gradient_pruning,12,27.678571428571416,mean_mode,48.21428571428572,-20.535714285714306,defense_better
adult,S2,E1,gradient_pruning,12,27.678571428571416,empirical_marginal,48.21428571428572,-20.535714285714306,defense_better
adult,S2,E1,gradient_pruning,13,41.96428571428572,undefended,15.17857142857143,26.785714285714292,defense_worse
adult,S2,E1,gradient_pruning,13,41.96428571428572,mean_mode,46.42857142857143,-4.464285714285708,defense_better
adult,S2,E1,gradient_pruning,13,41.96428571428572,empirical_marginal,45.53571428571429,-3.5714285714285694,defense_better
adult,S2,E1,gradient_pruning,14,8.92857142857143,undefended,0.0,8.92857142857143,defense_worse
adult,S2,E1,gradient_pruning,14,8.92857142857143,mean_mode,48.21428571428572,-39.28571428571429,defense_better
adult,S2,E1,gradient_pruning,14,8.92857142857143,empirical_marginal,47.32142857142857,-38.39285714285714,defense_better
adult,S2,E1,gradient_pruning,15,36.60714285714286,undefended,27.67857142857143,8.92857142857143,defense_worse
adult,S2,E1,gradient_pruning,15,36.60714285714286,mean_mode,46.428571428571416,-9.821428571428555,defense_better
adult,S2,E1,gradient_pruning,15,36.60714285714286,empirical_marginal,42.85714285714286,-6.25,defense_better
adult,S2,E1,gradient_pruning,16,28.57142857142857,undefended,8.92857142857143,19.64285714285714,defense_worse
adult,S2,E1,gradient_pruning,16,28.57142857142857,mean_mode,44.64285714285714,-16.07142857142857,defense_better
adult,S2,E1,gradient_pruning,16,28.57142857142857,empirical_marginal,40.17857142857143,-11.607142857142861,defense_better
adult,S2,E1,gradient_pruning,17,31.25,undefended,16.964285714285722,14.285714285714278,defense_worse
adult,S2,E1,gradient_pruning,17,31.25,mean_mode,53.571428571428584,-22.321428571428584,defense_better
adult,S2,E1,gradient_pruning,17,31.25,empirical_marginal,46.42857142857143,-15.17857142857143,defense_better
adult,S2,E1,gradient_pruning,18,19.64285714285714,undefended,2.6785714285714306,16.964285714285708,defense_worse
adult,S2,E1,gradient_pruning,18,19.64285714285714,mean_mode,40.17857142857143,-20.535714285714292,defense_better
adult,S2,E1,gradient_pruning,18,19.64285714285714,empirical_marginal,30.35714285714286,-10.714285714285722,defense_better
adult,S2,E1,gradient_pruning,19,16.07142857142857,undefended,0.0,16.07142857142857,defense_worse
adult,S2,E1,gradient_pruning,19,16.07142857142857,mean_mode,44.64285714285714,-28.57142857142857,defense_better
adult,S2,E1,gradient_pruning,19,16.07142857142857,empirical_marginal,44.64285714285714,-28.57142857142857,defense_better
adult,S2,E1,gradient_pruning,20,25.89285714285714,undefended,0.0,25.89285714285714,defense_worse
adult,S2,E1,gradient_pruning,20,25.89285714285714,mean_mode,54.46428571428572,-28.571428571428584,defense_better
adult,S2,E1,gradient_pruning,20,25.89285714285714,empirical_marginal,49.10714285714286,-23.214285714285722,defense_better
adult,S2,E1,gradient_pruning,21,26.785714285714278,undefended,3.5714285714285694,23.214285714285708,defense_worse
adult,S2,E1,gradient_pruning,21,26.785714285714278,mean_mode,46.42857142857143,-19.642857142857153,defense_better
adult,S2,E1,gradient_pruning,21,26.785714285714278,empirical_marginal,44.64285714285714,-17.85714285714286,defense_better
adult,S2,E1,gradient_pruning,22,24.10714285714286,undefended,1.7857142857142918,22.32142857142857,defense_worse
adult,S2,E1,gradient_pruning,22,24.10714285714286,mean_mode,57.14285714285715,-33.03571428571429,defense_better
adult,S2,E1,gradient_pruning,22,24.10714285714286,empirical_marginal,57.14285714285714,-33.03571428571428,defense_better
adult,S2,E1,gradient_pruning,23,34.82142857142857,undefended,8.035714285714278,26.785714285714292,defense_worse
adult,S2,E1,gradient_pruning,23,34.82142857142857,mean_mode,47.32142857142857,-12.5,defense_better
adult,S2,E1,gradient_pruning,23,34.82142857142857,empirical_marginal,48.21428571428572,-13.392857142857153,defense_better
adult,S2,E1,gradient_pruning,24,27.67857142857143,undefended,0.8928571428571388,26.785714285714292,defense_worse
adult,S2,E1,gradient_pruning,24,27.67857142857143,mean_mode,49.10714285714286,-21.42857142857143,defense_better
adult,S2,E1,gradient_pruning,24,27.67857142857143,empirical_marginal,44.64285714285714,-16.964285714285708,defense_better
adult,S2,E1,gradient_pruning,25,25.89285714285714,undefended,0.8928571428571388,25.0,defense_worse
adult,S2,E1,gradient_pruning,25,25.89285714285714,mean_mode,57.14285714285714,-31.25,defense_better
adult,S2,E1,gradient_pruning,25,25.89285714285714,empirical_marginal,55.35714285714286,-29.464285714285722,defense_better
adult,S2,E1,gradient_pruning,26,28.57142857142857,undefended,0.0,28.57142857142857,defense_worse
adult,S2,E1,gradient_pruning,26,28.57142857142857,mean_mode,47.32142857142857,-18.75,defense_better
adult,S2,E1,gradient_pruning,26,28.57142857142857,empirical_marginal,41.07142857142857,-12.5,defense_better
adult,S2,E1,gradient_pruning,27,36.60714285714286,undefended,1.7857142857142918,34.82142857142857,defense_worse
adult,S2,E1,gradient_pruning,27,36.60714285714286,mean_mode,50.89285714285714,-14.285714285714278,defense_better
adult,S2,E1,gradient_pruning,27,36.60714285714286,empirical_marginal,53.57142857142857,-16.964285714285708,defense_better
adult,S2,E1,gradient_pruning,28,30.35714285714286,undefended,0.0,30.35714285714286,defense_worse
adult,S2,E1,gradient_pruning,28,30.35714285714286,mean_mode,44.64285714285714,-14.285714285714278,defense_better
adult,S2,E1,gradient_pruning,28,30.35714285714286,empirical_marginal,46.42857142857143,-16.07142857142857,defense_better
adult,S2,E1,gradient_pruning,29,5.357142857142861,undefended,1.7857142857142918,3.5714285714285694,defense_worse
adult,S2,E1,gradient_pruning,29,5.357142857142861,mean_mode,42.85714285714286,-37.5,defense_better
adult,S2,E1,gradient_pruning,29,5.357142857142861,empirical_marginal,45.53571428571429,-40.17857142857143,defense_better
adult,S2,E1,gradient_pruning,30,21.428571428571416,undefended,0.0,21.428571428571416,defense_worse
adult,S2,E1,gradient_pruning,30,21.428571428571416,mean_mode,46.42857142857143,-25.000000000000014,defense_better
adult,S2,E1,gradient_pruning,30,21.428571428571416,empirical_marginal,43.75,-22.321428571428584,defense_better
adult,S2,E1,gradient_pruning,31,16.07142857142857,undefended,0.0,16.07142857142857,defense_worse
adult,S2,E1,gradient_pruning,31,16.07142857142857,mean_mode,43.75,-27.67857142857143,defense_better
adult,S2,E1,gradient_pruning,31,16.07142857142857,empirical_marginal,36.60714285714286,-20.535714285714292,defense_better
adult,S2,E1,gradient_pruning,32,31.25,undefended,0.0,31.25,defense_worse
adult,S2,E1,gradient_pruning,32,31.25,mean_mode,52.67857142857143,-21.42857142857143,defense_better
adult,S2,E1,gradient_pruning,32,31.25,empirical_marginal,51.78571428571429,-20.535714285714292,defense_better
adult,S2,E1,gradient_pruning,33,31.25,undefended,0.0,31.25,defense_worse
adult,S2,E1,gradient_pruning,33,31.25,mean_mode,49.10714285714286,-17.85714285714286,defense_better
adult,S2,E1,gradient_pruning,33,31.25,empirical_marginal,45.53571428571429,-14.285714285714292,defense_better
adult,S2,E1,gradient_pruning,34,32.14285714285714,undefended,0.0,32.14285714285714,defense_worse
adult,S2,E1,gradient_pruning,34,32.14285714285714,mean_mode,51.78571428571428,-19.64285714285714,defense_better
adult,S2,E1,gradient_pruning,34,32.14285714285714,empirical_marginal,49.10714285714286,-16.964285714285722,defense_better
adult,S2,E1,gradient_pruning,35,33.928571428571416,undefended,0.0,33.928571428571416,defense_worse
adult,S2,E1,gradient_pruning,35,33.928571428571416,mean_mode,44.64285714285714,-10.714285714285722,defense_better
adult,S2,E1,gradient_pruning,35,33.928571428571416,empirical_marginal,44.64285714285714,-10.714285714285722,defense_better
adult,S2,E1,gradient_pruning,36,7.142857142857139,undefended,0.8928571428571388,6.25,defense_worse
adult,S2,E1,gradient_pruning,36,7.142857142857139,mean_mode,46.428571428571416,-39.28571428571428,defense_better
adult,S2,E1,gradient_pruning,36,7.142857142857139,empirical_marginal,41.96428571428572,-34.821428571428584,defense_better
adult,S2,E1,gradient_pruning,37,29.464285714285708,undefended,3.5714285714285694,25.89285714285714,defense_worse
adult,S2,E1,gradient_pruning,37,29.464285714285708,mean_mode,52.67857142857143,-23.214285714285722,defense_better
adult,S2,E1,gradient_pruning,37,29.464285714285708,empirical_marginal,53.57142857142857,-24.10714285714286,defense_better
adult,S2,E1,gradient_pruning,38,42.85714285714286,undefended,0.8928571428571388,41.96428571428572,defense_worse
adult,S2,E1,gradient_pruning,38,42.85714285714286,mean_mode,48.21428571428571,-5.357142857142847,defense_better
adult,S2,E1,gradient_pruning,38,42.85714285714286,empirical_marginal,45.53571428571428,-2.6785714285714164,defense_better
adult,S2,E1,precode,0,77.67857142857142,undefended,0.0,77.67857142857142,defense_worse
adult,S2,E1,precode,0,77.67857142857142,mean_mode,46.42857142857143,31.249999999999986,defense_worse
adult,S2,E1,precode,0,77.67857142857142,empirical_marginal,45.53571428571428,32.14285714285714,defense_worse
adult,S2,E1,precode,1,78.57142857142857,undefended,29.464285714285722,49.10714285714285,defense_worse
adult,S2,E1,precode,1,78.57142857142857,mean_mode,43.75,34.82142857142857,defense_worse
adult,S2,E1,precode,1,78.57142857142857,empirical_marginal,42.85714285714286,35.71428571428571,defense_worse
adult,S2,E1,precode,2,82.14285714285714,undefended,0.8928571428571388,81.25,defense_worse
adult,S2,E1,precode,2,82.14285714285714,mean_mode,46.42857142857143,35.71428571428571,defense_worse
adult,S2,E1,precode,2,82.14285714285714,empirical_marginal,44.64285714285714,37.5,defense_worse
adult,S2,E1,precode,3,83.03571428571428,undefended,33.92857142857143,49.10714285714285,defense_worse
adult,S2,E1,precode,3,83.03571428571428,mean_mode,44.64285714285714,38.39285714285714,defense_worse
adult,S2,E1,precode,3,83.03571428571428,empirical_marginal,38.39285714285714,44.64285714285714,defense_worse
adult,S2,E1,precode,4,76.78571428571428,undefended,0.0,76.78571428571428,defense_worse
adult,S2,E1,precode,4,76.78571428571428,mean_mode,54.46428571428572,22.321428571428555,defense_worse
adult,S2,E1,precode,4,76.78571428571428,empirical_marginal,48.21428571428571,28.57142857142857,defense_worse
adult,S2,E1,precode,5,86.60714285714286,undefended,0.0,86.60714285714286,defense_worse
adult,S2,E1,precode,5,86.60714285714286,mean_mode,47.32142857142857,39.28571428571429,defense_worse
adult,S2,E1,precode,5,86.60714285714286,empirical_marginal,40.17857142857143,46.42857142857143,defense_worse
adult,S2,E1,precode,6,81.25,undefended,0.0,81.25,defense_worse
adult,S2,E1,precode,6,81.25,mean_mode,50.0,31.25,defense_worse
adult,S2,E1,precode,6,81.25,empirical_marginal,43.75,37.5,defense_worse
adult,S2,E1,precode,7,78.57142857142857,undefended,8.92857142857143,69.64285714285714,defense_worse
adult,S2,E1,precode,7,78.57142857142857,mean_mode,49.10714285714286,29.464285714285708,defense_worse
adult,S2,E1,precode,7,78.57142857142857,empirical_marginal,50.0,28.57142857142857,defense_worse
adult,S2,E1,precode,8,82.14285714285714,undefended,0.0,82.14285714285714,defense_worse
adult,S2,E1,precode,8,82.14285714285714,mean_mode,48.21428571428571,33.92857142857143,defense_worse
adult,S2,E1,precode,8,82.14285714285714,empirical_marginal,44.64285714285714,37.5,defense_worse
adult,S2,E1,precode,9,84.82142857142857,undefended,0.0,84.82142857142857,defense_worse
adult,S2,E1,precode,9,84.82142857142857,mean_mode,44.64285714285714,40.17857142857143,defense_worse
adult,S2,E1,precode,9,84.82142857142857,empirical_marginal,39.28571428571428,45.53571428571429,defense_worse
adult,S2,E1,precode,10,74.10714285714286,undefended,5.357142857142861,68.75,defense_worse
adult,S2,E1,precode,10,74.10714285714286,mean_mode,50.89285714285714,23.214285714285722,defense_worse
adult,S2,E1,precode,10,74.10714285714286,empirical_marginal,46.42857142857143,27.67857142857143,defense_worse
adult,S2,E1,precode,11,80.35714285714285,undefended,4.464285714285708,75.89285714285714,defense_worse
adult,S2,E1,precode,11,80.35714285714285,mean_mode,39.28571428571428,41.07142857142857,defense_worse
adult,S2,E1,precode,11,80.35714285714285,empirical_marginal,39.28571428571428,41.07142857142857,defense_worse
adult,S2,E1,precode,12,72.32142857142857,undefended,0.0,72.32142857142857,defense_worse
adult,S2,E1,precode,12,72.32142857142857,mean_mode,48.21428571428572,24.107142857142847,defense_worse
adult,S2,E1,precode,12,72.32142857142857,empirical_marginal,48.21428571428572,24.107142857142847,defense_worse
adult,S2,E1,precode,13,75.0,undefended,15.17857142857143,59.82142857142857,defense_worse
adult,S2,E1,precode,13,75.0,mean_mode,46.42857142857143,28.57142857142857,defense_worse
adult,S2,E1,precode,13,75.0,empirical_marginal,45.53571428571429,29.464285714285708,defense_worse
adult,S2,E1,precode,14,81.25,undefended,0.0,81.25,defense_worse
adult,S2,E1,precode,14,81.25,mean_mode,48.21428571428572,33.03571428571428,defense_worse
adult,S2,E1,precode,14,81.25,empirical_marginal,47.32142857142857,33.92857142857143,defense_worse
adult,S2,E1,precode,15,82.14285714285714,undefended,27.67857142857143,54.46428571428571,defense_worse
adult,S2,E1,precode,15,82.14285714285714,mean_mode,46.428571428571416,35.71428571428572,defense_worse
adult,S2,E1,precode,15,82.14285714285714,empirical_marginal,42.85714285714286,39.28571428571428,defense_worse
adult,S2,E1,precode,16,83.92857142857142,undefended,8.92857142857143,74.99999999999999,defense_worse
adult,S2,E1,precode,16,83.92857142857142,mean_mode,44.64285714285714,39.28571428571428,defense_worse
adult,S2,E1,precode,16,83.92857142857142,empirical_marginal,40.17857142857143,43.749999999999986,defense_worse
adult,S2,E1,precode,17,78.57142857142857,undefended,16.964285714285722,61.60714285714285,defense_worse
adult,S2,E1,precode,17,78.57142857142857,mean_mode,53.571428571428584,24.999999999999986,defense_worse
adult,S2,E1,precode,17,78.57142857142857,empirical_marginal,46.42857142857143,32.14285714285714,defense_worse
adult,S2,E1,precode,18,83.92857142857142,undefended,2.6785714285714306,81.24999999999999,defense_worse
adult,S2,E1,precode,18,83.92857142857142,mean_mode,40.17857142857143,43.749999999999986,defense_worse
adult,S2,E1,precode,18,83.92857142857142,empirical_marginal,30.35714285714286,53.571428571428555,defense_worse
adult,S2,E1,precode,19,80.35714285714286,undefended,0.0,80.35714285714286,defense_worse
adult,S2,E1,precode,19,80.35714285714286,mean_mode,44.64285714285714,35.71428571428572,defense_worse
adult,S2,E1,precode,19,80.35714285714286,empirical_marginal,44.64285714285714,35.71428571428572,defense_worse
adult,S2,E1,precode,20,77.67857142857142,undefended,0.0,77.67857142857142,defense_worse
adult,S2,E1,precode,20,77.67857142857142,mean_mode,54.46428571428572,23.214285714285694,defense_worse
adult,S2,E1,precode,20,77.67857142857142,empirical_marginal,49.10714285714286,28.571428571428555,defense_worse
adult,S2,E1,precode,21,66.96428571428572,undefended,3.5714285714285694,63.39285714285715,defense_worse
adult,S2,E1,precode,21,66.96428571428572,mean_mode,46.42857142857143,20.535714285714292,defense_worse
adult,S2,E1,precode,21,66.96428571428572,empirical_marginal,44.64285714285714,22.321428571428584,defense_worse
adult,S2,E1,precode,22,77.67857142857143,undefended,1.7857142857142918,75.89285714285714,defense_worse
adult,S2,E1,precode,22,77.67857142857143,mean_mode,57.14285714285715,20.535714285714278,defense_worse
adult,S2,E1,precode,22,77.67857142857143,empirical_marginal,57.14285714285714,20.535714285714292,defense_worse
adult,S2,E1,precode,23,82.14285714285714,undefended,8.035714285714278,74.10714285714286,defense_worse
adult,S2,E1,precode,23,82.14285714285714,mean_mode,47.32142857142857,34.82142857142857,defense_worse
adult,S2,E1,precode,23,82.14285714285714,empirical_marginal,48.21428571428572,33.928571428571416,defense_worse
adult,S2,E1,precode,24,79.46428571428572,undefended,0.8928571428571388,78.57142857142858,defense_worse
adult,S2,E1,precode,24,79.46428571428572,mean_mode,49.10714285714286,30.35714285714286,defense_worse
adult,S2,E1,precode,24,79.46428571428572,empirical_marginal,44.64285714285714,34.821428571428584,defense_worse
adult,S2,E1,precode,25,80.35714285714286,undefended,0.8928571428571388,79.46428571428572,defense_worse
adult,S2,E1,precode,25,80.35714285714286,mean_mode,57.14285714285714,23.214285714285722,defense_worse
adult,S2,E1,precode,25,80.35714285714286,empirical_marginal,55.35714285714286,25.0,defense_worse
adult,S2,E1,precode,26,77.67857142857142,undefended,0.0,77.67857142857142,defense_worse
adult,S2,E1,precode,26,77.67857142857142,mean_mode,47.32142857142857,30.357142857142847,defense_worse
adult,S2,E1,precode,26,77.67857142857142,empirical_marginal,41.07142857142857,36.60714285714285,defense_worse
adult,S2,E1,precode,27,83.03571428571428,undefended,1.7857142857142918,81.24999999999999,defense_worse
adult,S2,E1,precode,27,83.03571428571428,mean_mode,50.89285714285714,32.14285714285714,defense_worse
adult,S2,E1,precode,27,83.03571428571428,empirical_marginal,53.57142857142857,29.464285714285708,defense_worse
adult,S2,E1,precode,28,76.78571428571428,undefended,0.0,76.78571428571428,defense_worse
adult,S2,E1,precode,28,76.78571428571428,mean_mode,44.64285714285714,32.14285714285714,defense_worse
adult,S2,E1,precode,28,76.78571428571428,empirical_marginal,46.42857142857143,30.357142857142847,defense_worse
adult,S2,E1,precode,29,80.35714285714286,undefended,1.7857142857142918,78.57142857142857,defense_worse
adult,S2,E1,precode,29,80.35714285714286,mean_mode,42.85714285714286,37.5,defense_worse
adult,S2,E1,precode,29,80.35714285714286,empirical_marginal,45.53571428571429,34.82142857142857,defense_worse
adult,S2,E1,precode,30,87.5,undefended,0.0,87.5,defense_worse
adult,S2,E1,precode,30,87.5,mean_mode,46.42857142857143,41.07142857142857,defense_worse
adult,S2,E1,precode,30,87.5,empirical_marginal,43.75,43.75,defense_worse
adult,S2,E1,precode,31,86.60714285714286,undefended,0.0,86.60714285714286,defense_worse
adult,S2,E1,precode,31,86.60714285714286,mean_mode,43.75,42.85714285714286,defense_worse
adult,S2,E1,precode,31,86.60714285714286,empirical_marginal,36.60714285714286,50.0,defense_worse
adult,S2,E1,precode,32,82.14285714285714,undefended,0.0,82.14285714285714,defense_worse
adult,S2,E1,precode,32,82.14285714285714,mean_mode,52.67857142857143,29.464285714285708,defense_worse
adult,S2,E1,precode,32,82.14285714285714,empirical_marginal,51.78571428571429,30.357142857142847,defense_worse
adult,S2,E1,precode,33,77.67857142857143,undefended,0.0,77.67857142857143,defense_worse
adult,S2,E1,precode,33,77.67857142857143,mean_mode,49.10714285714286,28.57142857142857,defense_worse
adult,S2,E1,precode,33,77.67857142857143,empirical_marginal,45.53571428571429,32.14285714285714,defense_worse
adult,S2,E1,precode,34,77.67857142857142,undefended,0.0,77.67857142857142,defense_worse
adult,S2,E1,precode,34,77.67857142857142,mean_mode,51.78571428571428,25.89285714285714,defense_worse
adult,S2,E1,precode,34,77.67857142857142,empirical_marginal,49.10714285714286,28.571428571428555,defense_worse
adult,S2,E1,precode,35,78.57142857142857,undefended,0.0,78.57142857142857,defense_worse
adult,S2,E1,precode,35,78.57142857142857,mean_mode,44.64285714285714,33.92857142857143,defense_worse
adult,S2,E1,precode,35,78.57142857142857,empirical_marginal,44.64285714285714,33.92857142857143,defense_worse
adult,S2,E1,precode,36,77.67857142857142,undefended,0.8928571428571388,76.78571428571428,defense_worse
adult,S2,E1,precode,36,77.67857142857142,mean_mode,46.428571428571416,31.25,defense_worse
adult,S2,E1,precode,36,77.67857142857142,empirical_marginal,41.96428571428572,35.714285714285694,defense_worse
adult,S2,E1,precode,37,80.35714285714286,undefended,3.5714285714285694,76.78571428571429,defense_worse
adult,S2,E1,precode,37,80.35714285714286,mean_mode,52.67857142857143,27.67857142857143,defense_worse
adult,S2,E1,precode,37,80.35714285714286,empirical_marginal,53.57142857142857,26.785714285714292,defense_worse
adult,S2,E1,precode,38,75.89285714285714,undefended,0.8928571428571388,75.0,defense_worse
adult,S2,E1,precode,38,75.89285714285714,mean_mode,48.21428571428571,27.67857142857143,defense_worse
adult,S2,E1,precode,38,75.89285714285714,empirical_marginal,45.53571428571428,30.35714285714286,defense_worse
adult,S2,E1,soteria,0,26.785714285714278,undefended,0.0,26.785714285714278,defense_worse
adult,S2,E1,soteria,0,26.785714285714278,mean_mode,46.42857142857143,-19.642857142857153,defense_better
adult,S2,E1,soteria,0,26.785714285714278,empirical_marginal,45.53571428571428,-18.75,defense_better
adult,S2,E1,soteria,1,39.28571428571428,undefended,29.464285714285722,9.821428571428555,defense_worse
adult,S2,E1,soteria,1,39.28571428571428,mean_mode,43.75,-4.464285714285722,defense_better
adult,S2,E1,soteria,1,39.28571428571428,empirical_marginal,42.85714285714286,-3.5714285714285836,defense_better
adult,S2,E1,soteria,2,19.64285714285714,undefended,0.8928571428571388,18.75,defense_worse
adult,S2,E1,soteria,2,19.64285714285714,mean_mode,46.42857142857143,-26.785714285714292,defense_better
adult,S2,E1,soteria,2,19.64285714285714,empirical_marginal,44.64285714285714,-25.0,defense_better
adult,S2,E1,soteria,3,37.5,undefended,33.92857142857143,3.5714285714285694,defense_worse
adult,S2,E1,soteria,3,37.5,mean_mode,44.64285714285714,-7.142857142857139,defense_better
adult,S2,E1,soteria,3,37.5,empirical_marginal,38.39285714285714,-0.8928571428571388,defense_better
adult,S2,E1,soteria,4,40.178571428571416,undefended,0.0,40.178571428571416,defense_worse
adult,S2,E1,soteria,4,40.178571428571416,mean_mode,54.46428571428572,-14.285714285714306,defense_better
adult,S2,E1,soteria,4,40.178571428571416,empirical_marginal,48.21428571428571,-8.035714285714292,defense_better
adult,S2,E1,soteria,5,25.0,undefended,0.0,25.0,defense_worse
adult,S2,E1,soteria,5,25.0,mean_mode,47.32142857142857,-22.32142857142857,defense_better
adult,S2,E1,soteria,5,25.0,empirical_marginal,40.17857142857143,-15.17857142857143,defense_better
adult,S2,E1,soteria,6,23.214285714285722,undefended,0.0,23.214285714285722,defense_worse
adult,S2,E1,soteria,6,23.214285714285722,mean_mode,50.0,-26.785714285714278,defense_better
adult,S2,E1,soteria,6,23.214285714285722,empirical_marginal,43.75,-20.535714285714278,defense_better
adult,S2,E1,soteria,7,21.428571428571416,undefended,8.92857142857143,12.499999999999986,defense_worse
adult,S2,E1,soteria,7,21.428571428571416,mean_mode,49.10714285714286,-27.678571428571445,defense_better
adult,S2,E1,soteria,7,21.428571428571416,empirical_marginal,50.0,-28.571428571428584,defense_better
adult,S2,E1,soteria,8,16.07142857142857,undefended,0.0,16.07142857142857,defense_worse
adult,S2,E1,soteria,8,16.07142857142857,mean_mode,48.21428571428571,-32.14285714285714,defense_better
adult,S2,E1,soteria,8,16.07142857142857,empirical_marginal,44.64285714285714,-28.57142857142857,defense_better
adult,S2,E1,soteria,9,24.10714285714286,undefended,0.0,24.10714285714286,defense_worse
adult,S2,E1,soteria,9,24.10714285714286,mean_mode,44.64285714285714,-20.535714285714278,defense_better
adult,S2,E1,soteria,9,24.10714285714286,empirical_marginal,39.28571428571428,-15.178571428571416,defense_better
adult,S2,E1,soteria,10,36.60714285714286,undefended,5.357142857142861,31.25,defense_worse
adult,S2,E1,soteria,10,36.60714285714286,mean_mode,50.89285714285714,-14.285714285714278,defense_better
adult,S2,E1,soteria,10,36.60714285714286,empirical_marginal,46.42857142857143,-9.82142857142857,defense_better
adult,S2,E1,soteria,11,15.17857142857143,undefended,4.464285714285708,10.714285714285722,defense_worse
adult,S2,E1,soteria,11,15.17857142857143,mean_mode,39.28571428571428,-24.107142857142847,defense_better
adult,S2,E1,soteria,11,15.17857142857143,empirical_marginal,39.28571428571428,-24.107142857142847,defense_better
adult,S2,E1,soteria,12,25.89285714285714,undefended,0.0,25.89285714285714,defense_worse
adult,S2,E1,soteria,12,25.89285714285714,mean_mode,48.21428571428572,-22.321428571428584,defense_better
adult,S2,E1,soteria,12,25.89285714285714,empirical_marginal,48.21428571428572,-22.321428571428584,defense_better
adult,S2,E1,soteria,13,45.53571428571429,undefended,15.17857142857143,30.35714285714286,defense_worse
adult,S2,E1,soteria,13,45.53571428571429,mean_mode,46.42857142857143,-0.8928571428571388,defense_better
adult,S2,E1,soteria,13,45.53571428571429,empirical_marginal,45.53571428571429,0.0,tie
adult,S2,E1,soteria,14,17.85714285714286,undefended,0.0,17.85714285714286,defense_worse
adult,S2,E1,soteria,14,17.85714285714286,mean_mode,48.21428571428572,-30.35714285714286,defense_better
adult,S2,E1,soteria,14,17.85714285714286,empirical_marginal,47.32142857142857,-29.464285714285708,defense_better
adult,S2,E1,soteria,15,33.03571428571428,undefended,27.67857142857143,5.357142857142847,defense_worse
adult,S2,E1,soteria,15,33.03571428571428,mean_mode,46.428571428571416,-13.392857142857139,defense_better
adult,S2,E1,soteria,15,33.03571428571428,empirical_marginal,42.85714285714286,-9.821428571428584,defense_better
adult,S2,E1,soteria,16,18.75,undefended,8.92857142857143,9.82142857142857,defense_worse
adult,S2,E1,soteria,16,18.75,mean_mode,44.64285714285714,-25.89285714285714,defense_better
adult,S2,E1,soteria,16,18.75,empirical_marginal,40.17857142857143,-21.42857142857143,defense_better
adult,S2,E1,soteria,17,37.5,undefended,16.964285714285722,20.535714285714278,defense_worse
adult,S2,E1,soteria,17,37.5,mean_mode,53.571428571428584,-16.071428571428584,defense_better
adult,S2,E1,soteria,17,37.5,empirical_marginal,46.42857142857143,-8.92857142857143,defense_better
adult,S2,E1,soteria,18,21.42857142857143,undefended,2.6785714285714306,18.75,defense_worse
adult,S2,E1,soteria,18,21.42857142857143,mean_mode,40.17857142857143,-18.75,defense_better
adult,S2,E1,soteria,18,21.42857142857143,empirical_marginal,30.35714285714286,-8.92857142857143,defense_better
adult,S2,E1,soteria,19,16.964285714285722,undefended,0.0,16.964285714285722,defense_worse
adult,S2,E1,soteria,19,16.964285714285722,mean_mode,44.64285714285714,-27.678571428571416,defense_better
adult,S2,E1,soteria,19,16.964285714285722,empirical_marginal,44.64285714285714,-27.678571428571416,defense_better
adult,S2,E1,soteria,20,31.25,undefended,0.0,31.25,defense_worse
adult,S2,E1,soteria,20,31.25,mean_mode,54.46428571428572,-23.214285714285722,defense_better
adult,S2,E1,soteria,20,31.25,empirical_marginal,49.10714285714286,-17.85714285714286,defense_better
adult,S2,E1,soteria,21,21.42857142857143,undefended,3.5714285714285694,17.85714285714286,defense_worse
adult,S2,E1,soteria,21,21.42857142857143,mean_mode,46.42857142857143,-25.0,defense_better
adult,S2,E1,soteria,21,21.42857142857143,empirical_marginal,44.64285714285714,-23.214285714285708,defense_better
adult,S2,E1,soteria,22,25.89285714285714,undefended,1.7857142857142918,24.107142857142847,defense_worse
adult,S2,E1,soteria,22,25.89285714285714,mean_mode,57.14285714285715,-31.250000000000014,defense_better
adult,S2,E1,soteria,22,25.89285714285714,empirical_marginal,57.14285714285714,-31.25,defense_better
adult,S2,E1,soteria,23,36.60714285714286,undefended,8.035714285714278,28.571428571428584,defense_worse
adult,S2,E1,soteria,23,36.60714285714286,mean_mode,47.32142857142857,-10.714285714285708,defense_better
adult,S2,E1,soteria,23,36.60714285714286,empirical_marginal,48.21428571428572,-11.607142857142861,defense_better
adult,S2,E1,soteria,24,25.89285714285714,undefended,0.8928571428571388,25.0,defense_worse
adult,S2,E1,soteria,24,25.89285714285714,mean_mode,49.10714285714286,-23.214285714285722,defense_better
adult,S2,E1,soteria,24,25.89285714285714,empirical_marginal,44.64285714285714,-18.75,defense_better
adult,S2,E1,soteria,25,28.57142857142857,undefended,0.8928571428571388,27.67857142857143,defense_worse
adult,S2,E1,soteria,25,28.57142857142857,mean_mode,57.14285714285714,-28.57142857142857,defense_better
adult,S2,E1,soteria,25,28.57142857142857,empirical_marginal,55.35714285714286,-26.785714285714292,defense_better
adult,S2,E1,soteria,26,18.75,undefended,0.0,18.75,defense_worse
adult,S2,E1,soteria,26,18.75,mean_mode,47.32142857142857,-28.57142857142857,defense_better
adult,S2,E1,soteria,26,18.75,empirical_marginal,41.07142857142857,-22.32142857142857,defense_better
adult,S2,E1,soteria,27,31.25,undefended,1.7857142857142918,29.464285714285708,defense_worse
adult,S2,E1,soteria,27,31.25,mean_mode,50.89285714285714,-19.64285714285714,defense_better
adult,S2,E1,soteria,27,31.25,empirical_marginal,53.57142857142857,-22.32142857142857,defense_better
adult,S2,E1,soteria,28,36.60714285714286,undefended,0.0,36.60714285714286,defense_worse
adult,S2,E1,soteria,28,36.60714285714286,mean_mode,44.64285714285714,-8.035714285714278,defense_better
adult,S2,E1,soteria,28,36.60714285714286,empirical_marginal,46.42857142857143,-9.82142857142857,defense_better
adult,S2,E1,soteria,29,5.357142857142861,undefended,1.7857142857142918,3.5714285714285694,defense_worse
adult,S2,E1,soteria,29,5.357142857142861,mean_mode,42.85714285714286,-37.5,defense_better
adult,S2,E1,soteria,29,5.357142857142861,empirical_marginal,45.53571428571429,-40.17857142857143,defense_better
adult,S2,E1,soteria,30,19.64285714285714,undefended,0.0,19.64285714285714,defense_worse
adult,S2,E1,soteria,30,19.64285714285714,mean_mode,46.42857142857143,-26.785714285714292,defense_better
adult,S2,E1,soteria,30,19.64285714285714,empirical_marginal,43.75,-24.10714285714286,defense_better
adult,S2,E1,soteria,31,8.92857142857143,undefended,0.0,8.92857142857143,defense_worse
adult,S2,E1,soteria,31,8.92857142857143,mean_mode,43.75,-34.82142857142857,defense_better
adult,S2,E1,soteria,31,8.92857142857143,empirical_marginal,36.60714285714286,-27.67857142857143,defense_better
adult,S2,E1,soteria,32,41.07142857142857,undefended,0.0,41.07142857142857,defense_worse
adult,S2,E1,soteria,32,41.07142857142857,mean_mode,52.67857142857143,-11.607142857142861,defense_better
adult,S2,E1,soteria,32,41.07142857142857,empirical_marginal,51.78571428571429,-10.714285714285722,defense_better
adult,S2,E1,soteria,33,32.14285714285714,undefended,0.0,32.14285714285714,defense_worse
adult,S2,E1,soteria,33,32.14285714285714,mean_mode,49.10714285714286,-16.964285714285722,defense_better
adult,S2,E1,soteria,33,32.14285714285714,empirical_marginal,45.53571428571429,-13.392857142857153,defense_better
adult,S2,E1,soteria,34,28.57142857142857,undefended,0.0,28.57142857142857,defense_worse
adult,S2,E1,soteria,34,28.57142857142857,mean_mode,51.78571428571428,-23.214285714285708,defense_better
adult,S2,E1,soteria,34,28.57142857142857,empirical_marginal,49.10714285714286,-20.535714285714292,defense_better
adult,S2,E1,soteria,35,36.60714285714286,undefended,0.0,36.60714285714286,defense_worse
adult,S2,E1,soteria,35,36.60714285714286,mean_mode,44.64285714285714,-8.035714285714278,defense_better
adult,S2,E1,soteria,35,36.60714285714286,empirical_marginal,44.64285714285714,-8.035714285714278,defense_better
adult,S2,E1,soteria,36,19.64285714285714,undefended,0.8928571428571388,18.75,defense_worse
adult,S2,E1,soteria,36,19.64285714285714,mean_mode,46.428571428571416,-26.785714285714278,defense_better
adult,S2,E1,soteria,36,19.64285714285714,empirical_marginal,41.96428571428572,-22.321428571428584,defense_better
adult,S2,E1,soteria,37,43.75,undefended,3.5714285714285694,40.17857142857143,defense_worse
adult,S2,E1,soteria,37,43.75,mean_mode,52.67857142857143,-8.92857142857143,defense_better
adult,S2,E1,soteria,37,43.75,empirical_marginal,53.57142857142857,-9.82142857142857,defense_better
adult,S2,E1,soteria,38,27.67857142857143,undefended,0.8928571428571388,26.785714285714292,defense_worse
adult,S2,E1,soteria,38,27.67857142857143,mean_mode,48.21428571428571,-20.535714285714278,defense_better
adult,S2,E1,soteria,38,27.67857142857143,empirical_marginal,45.53571428571428,-17.857142857142847,defense_better
adult,S2b,E2,dna_v1_conservative,0,3.5714285714285694,undefended,0.0,3.5714285714285694,defense_worse
adult,S2b,E2,dna_v1_conservative,0,3.5714285714285694,mean_mode,46.42857142857143,-42.85714285714286,defense_better
adult,S2b,E2,dna_v1_conservative,0,3.5714285714285694,empirical_marginal,45.53571428571428,-41.96428571428571,defense_better
adult,S2b,E2,dna_v1_conservative,1,31.25,undefended,29.464285714285722,1.7857142857142776,defense_worse
adult,S2b,E2,dna_v1_conservative,1,31.25,mean_mode,43.75,-12.5,defense_better
adult,S2b,E2,dna_v1_conservative,1,31.25,empirical_marginal,42.85714285714286,-11.607142857142861,defense_better
adult,S2b,E2,dna_v1_conservative,2,8.92857142857143,undefended,0.8928571428571388,8.035714285714292,defense_worse
adult,S2b,E2,dna_v1_conservative,2,8.92857142857143,mean_mode,46.42857142857143,-37.5,defense_better
adult,S2b,E2,dna_v1_conservative,2,8.92857142857143,empirical_marginal,44.64285714285714,-35.71428571428571,defense_better
adult,S2b,E2,dna_v1_conservative,3,30.35714285714286,undefended,33.92857142857143,-3.5714285714285694,defense_better
adult,S2b,E2,dna_v1_conservative,3,30.35714285714286,mean_mode,44.64285714285714,-14.285714285714278,defense_better
adult,S2b,E2,dna_v1_conservative,3,30.35714285714286,empirical_marginal,38.39285714285714,-8.035714285714278,defense_better
adult,S2b,E2,dna_v1_conservative,4,6.25,undefended,0.0,6.25,defense_worse
adult,S2b,E2,dna_v1_conservative,4,6.25,mean_mode,54.46428571428572,-48.21428571428572,defense_better
adult,S2b,E2,dna_v1_conservative,4,6.25,empirical_marginal,48.21428571428571,-41.96428571428571,defense_better
adult,S2b,E2,dna_v1_conservative,5,1.7857142857142918,undefended,0.0,1.7857142857142918,defense_worse
adult,S2b,E2,dna_v1_conservative,5,1.7857142857142918,mean_mode,47.32142857142857,-45.53571428571428,defense_better
adult,S2b,E2,dna_v1_conservative,5,1.7857142857142918,empirical_marginal,40.17857142857143,-38.39285714285714,defense_better
adult,S2b,E2,dna_v1_conservative,6,3.5714285714285694,undefended,0.0,3.5714285714285694,defense_worse
adult,S2b,E2,dna_v1_conservative,6,3.5714285714285694,mean_mode,50.0,-46.42857142857143,defense_better
adult,S2b,E2,dna_v1_conservative,6,3.5714285714285694,empirical_marginal,43.75,-40.17857142857143,defense_better
adult,S2b,E2,dna_v1_conservative,7,6.25,undefended,8.92857142857143,-2.6785714285714306,defense_better
adult,S2b,E2,dna_v1_conservative,7,6.25,mean_mode,49.10714285714286,-42.85714285714286,defense_better
adult,S2b,E2,dna_v1_conservative,7,6.25,empirical_marginal,50.0,-43.75,defense_better
adult,S2b,E2,dna_v1_conservative,8,0.0,undefended,0.0,0.0,tie
adult,S2b,E2,dna_v1_conservative,8,0.0,mean_mode,48.21428571428571,-48.21428571428571,defense_better
adult,S2b,E2,dna_v1_conservative,8,0.0,empirical_marginal,44.64285714285714,-44.64285714285714,defense_better
adult,S2b,E2,dna_v1_conservative,9,0.0,undefended,0.0,0.0,tie
adult,S2b,E2,dna_v1_conservative,9,0.0,mean_mode,44.64285714285714,-44.64285714285714,defense_better
adult,S2b,E2,dna_v1_conservative,9,0.0,empirical_marginal,39.28571428571428,-39.28571428571428,defense_better
adult,S2b,E2,dna_v1_conservative,10,6.25,undefended,5.357142857142861,0.8928571428571388,defense_worse
adult,S2b,E2,dna_v1_conservative,10,6.25,mean_mode,50.89285714285714,-44.64285714285714,defense_better
adult,S2b,E2,dna_v1_conservative,10,6.25,empirical_marginal,46.42857142857143,-40.17857142857143,defense_better
adult,S2b,E2,dna_v1_conservative,11,5.357142857142861,undefended,4.464285714285708,0.892857142857153,defense_worse
adult,S2b,E2,dna_v1_conservative,11,5.357142857142861,mean_mode,39.28571428571428,-33.928571428571416,defense_better
adult,S2b,E2,dna_v1_conservative,11,5.357142857142861,empirical_marginal,39.28571428571428,-33.928571428571416,defense_better
adult,S2b,E2,dna_v1_conservative,12,5.357142857142861,undefended,0.0,5.357142857142861,defense_worse
adult,S2b,E2,dna_v1_conservative,12,5.357142857142861,mean_mode,48.21428571428572,-42.85714285714286,defense_better
adult,S2b,E2,dna_v1_conservative,12,5.357142857142861,empirical_marginal,48.21428571428572,-42.85714285714286,defense_better
adult,S2b,E2,dna_v1_conservative,13,29.464285714285722,undefended,15.17857142857143,14.285714285714292,defense_worse
adult,S2b,E2,dna_v1_conservative,13,29.464285714285722,mean_mode,46.42857142857143,-16.964285714285708,defense_better
adult,S2b,E2,dna_v1_conservative,13,29.464285714285722,empirical_marginal,45.53571428571429,-16.07142857142857,defense_better
adult,S2b,E2,dna_v1_conservative,14,1.7857142857142918,undefended,0.0,1.7857142857142918,defense_worse
adult,S2b,E2,dna_v1_conservative,14,1.7857142857142918,mean_mode,48.21428571428572,-46.42857142857143,defense_better
adult,S2b,E2,dna_v1_conservative,14,1.7857142857142918,empirical_marginal,47.32142857142857,-45.53571428571428,defense_better
adult,S2b,E2,dna_v1_conservative,15,28.57142857142857,undefended,27.67857142857143,0.8928571428571388,defense_worse
adult,S2b,E2,dna_v1_conservative,15,28.57142857142857,mean_mode,46.428571428571416,-17.857142857142847,defense_better
adult,S2b,E2,dna_v1_conservative,15,28.57142857142857,empirical_marginal,42.85714285714286,-14.285714285714292,defense_better
adult,S2b,E2,dna_v1_conservative,16,9.82142857142857,undefended,8.92857142857143,0.8928571428571388,defense_worse
adult,S2b,E2,dna_v1_conservative,16,9.82142857142857,mean_mode,44.64285714285714,-34.82142857142857,defense_better
adult,S2b,E2,dna_v1_conservative,16,9.82142857142857,empirical_marginal,40.17857142857143,-30.35714285714286,defense_better
adult,S2b,E2,dna_v1_conservative,17,15.17857142857143,undefended,16.964285714285722,-1.7857142857142918,defense_better
adult,S2b,E2,dna_v1_conservative,17,15.17857142857143,mean_mode,53.571428571428584,-38.39285714285715,defense_better
adult,S2b,E2,dna_v1_conservative,17,15.17857142857143,empirical_marginal,46.42857142857143,-31.25,defense_better
adult,S2b,E2,dna_v1_conservative,18,4.464285714285708,undefended,2.6785714285714306,1.7857142857142776,defense_worse
adult,S2b,E2,dna_v1_conservative,18,4.464285714285708,mean_mode,40.17857142857143,-35.71428571428572,defense_better
adult,S2b,E2,dna_v1_conservative,18,4.464285714285708,empirical_marginal,30.35714285714286,-25.892857142857153,defense_better
adult,S2b,E2,dna_v1_conservative,19,1.7857142857142918,undefended,0.0,1.7857142857142918,defense_worse
adult,S2b,E2,dna_v1_conservative,19,1.7857142857142918,mean_mode,44.64285714285714,-42.85714285714285,defense_better
adult,S2b,E2,dna_v1_conservative,19,1.7857142857142918,empirical_marginal,44.64285714285714,-42.85714285714285,defense_better
adult,S2b,E2,dna_v1_conservative,20,6.25,undefended,0.0,6.25,defense_worse
adult,S2b,E2,dna_v1_conservative,20,6.25,mean_mode,54.46428571428572,-48.21428571428572,defense_better
adult,S2b,E2,dna_v1_conservative,20,6.25,empirical_marginal,49.10714285714286,-42.85714285714286,defense_better
adult,S2b,E2,dna_v1_conservative,21,1.7857142857142918,undefended,3.5714285714285694,-1.7857142857142776,defense_better
adult,S2b,E2,dna_v1_conservative,21,1.7857142857142918,mean_mode,46.42857142857143,-44.64285714285714,defense_better
adult,S2b,E2,dna_v1_conservative,21,1.7857142857142918,empirical_marginal,44.64285714285714,-42.85714285714285,defense_better
adult,S2b,E2,dna_v1_conservative,22,7.142857142857139,undefended,1.7857142857142918,5.357142857142847,defense_worse
adult,S2b,E2,dna_v1_conservative,22,7.142857142857139,mean_mode,57.14285714285715,-50.000000000000014,defense_better
adult,S2b,E2,dna_v1_conservative,22,7.142857142857139,empirical_marginal,57.14285714285714,-50.0,defense_better
adult,S2b,E2,dna_v1_conservative,23,5.357142857142861,undefended,8.035714285714278,-2.6785714285714164,defense_better
adult,S2b,E2,dna_v1_conservative,23,5.357142857142861,mean_mode,47.32142857142857,-41.96428571428571,defense_better
adult,S2b,E2,dna_v1_conservative,23,5.357142857142861,empirical_marginal,48.21428571428572,-42.85714285714286,defense_better
adult,S2b,E2,dna_v1_conservative,24,4.464285714285708,undefended,0.8928571428571388,3.5714285714285694,defense_worse
adult,S2b,E2,dna_v1_conservative,24,4.464285714285708,mean_mode,49.10714285714286,-44.64285714285715,defense_better
adult,S2b,E2,dna_v1_conservative,24,4.464285714285708,empirical_marginal,44.64285714285714,-40.17857142857143,defense_better
adult,S2b,E2,dna_v1_conservative,25,3.5714285714285694,undefended,0.8928571428571388,2.6785714285714306,defense_worse
adult,S2b,E2,dna_v1_conservative,25,3.5714285714285694,mean_mode,57.14285714285714,-53.57142857142857,defense_better
adult,S2b,E2,dna_v1_conservative,25,3.5714285714285694,empirical_marginal,55.35714285714286,-51.78571428571429,defense_better
adult,S2b,E2,dna_v1_conservative,26,0.0,undefended,0.0,0.0,tie
adult,S2b,E2,dna_v1_conservative,26,0.0,mean_mode,47.32142857142857,-47.32142857142857,defense_better
adult,S2b,E2,dna_v1_conservative,26,0.0,empirical_marginal,41.07142857142857,-41.07142857142857,defense_better
adult,S2b,E2,dna_v1_conservative,27,7.142857142857139,undefended,1.7857142857142918,5.357142857142847,defense_worse
adult,S2b,E2,dna_v1_conservative,27,7.142857142857139,mean_mode,50.89285714285714,-43.75,defense_better
adult,S2b,E2,dna_v1_conservative,27,7.142857142857139,empirical_marginal,53.57142857142857,-46.42857142857143,defense_better
adult,S2b,E2,dna_v1_conservative,28,1.7857142857142918,undefended,0.0,1.7857142857142918,defense_worse
adult,S2b,E2,dna_v1_conservative,28,1.7857142857142918,mean_mode,44.64285714285714,-42.85714285714285,defense_better
adult,S2b,E2,dna_v1_conservative,28,1.7857142857142918,empirical_marginal,46.42857142857143,-44.64285714285714,defense_better
adult,S2b,E2,dna_v1_conservative,29,0.0,undefended,1.7857142857142918,-1.7857142857142918,defense_better
adult,S2b,E2,dna_v1_conservative,29,0.0,mean_mode,42.85714285714286,-42.85714285714286,defense_better
adult,S2b,E2,dna_v1_conservative,29,0.0,empirical_marginal,45.53571428571429,-45.53571428571429,defense_better
adult,S2b,E2,dna_v1_conservative,30,0.8928571428571388,undefended,0.0,0.8928571428571388,defense_worse
adult,S2b,E2,dna_v1_conservative,30,0.8928571428571388,mean_mode,46.42857142857143,-45.53571428571429,defense_better
adult,S2b,E2,dna_v1_conservative,30,0.8928571428571388,empirical_marginal,43.75,-42.85714285714286,defense_better
adult,S2b,E2,dna_v1_conservative,31,0.8928571428571388,undefended,0.0,0.8928571428571388,defense_worse
adult,S2b,E2,dna_v1_conservative,31,0.8928571428571388,mean_mode,43.75,-42.85714285714286,defense_better
adult,S2b,E2,dna_v1_conservative,31,0.8928571428571388,empirical_marginal,36.60714285714286,-35.71428571428572,defense_better
adult,S2b,E2,dna_v1_conservative,32,0.0,undefended,0.0,0.0,tie
adult,S2b,E2,dna_v1_conservative,32,0.0,mean_mode,52.67857142857143,-52.67857142857143,defense_better
adult,S2b,E2,dna_v1_conservative,32,0.0,empirical_marginal,51.78571428571429,-51.78571428571429,defense_better
adult,S2b,E2,dna_v1_conservative,33,8.92857142857143,undefended,0.0,8.92857142857143,defense_worse
adult,S2b,E2,dna_v1_conservative,33,8.92857142857143,mean_mode,49.10714285714286,-40.17857142857143,defense_better
adult,S2b,E2,dna_v1_conservative,33,8.92857142857143,empirical_marginal,45.53571428571429,-36.60714285714286,defense_better
adult,S2b,E2,dna_v1_conservative,34,2.6785714285714306,undefended,0.0,2.6785714285714306,defense_worse
adult,S2b,E2,dna_v1_conservative,34,2.6785714285714306,mean_mode,51.78571428571428,-49.10714285714285,defense_better
adult,S2b,E2,dna_v1_conservative,34,2.6785714285714306,empirical_marginal,49.10714285714286,-46.42857142857143,defense_better
adult,S2b,E2,dna_v1_conservative,35,2.6785714285714306,undefended,0.0,2.6785714285714306,defense_worse
adult,S2b,E2,dna_v1_conservative,35,2.6785714285714306,mean_mode,44.64285714285714,-41.96428571428571,defense_better
adult,S2b,E2,dna_v1_conservative,35,2.6785714285714306,empirical_marginal,44.64285714285714,-41.96428571428571,defense_better
adult,S2b,E2,dna_v1_conservative,36,1.7857142857142918,undefended,0.8928571428571388,0.892857142857153,defense_worse
adult,S2b,E2,dna_v1_conservative,36,1.7857142857142918,mean_mode,46.428571428571416,-44.642857142857125,defense_better
adult,S2b,E2,dna_v1_conservative,36,1.7857142857142918,empirical_marginal,41.96428571428572,-40.17857142857143,defense_better
adult,S2b,E2,dna_v1_conservative,37,5.357142857142861,undefended,3.5714285714285694,1.7857142857142918,defense_worse
adult,S2b,E2,dna_v1_conservative,37,5.357142857142861,mean_mode,52.67857142857143,-47.32142857142857,defense_better
adult,S2b,E2,dna_v1_conservative,37,5.357142857142861,empirical_marginal,53.57142857142857,-48.21428571428571,defense_better
adult,S2b,E2,dna_v1_conservative,38,8.92857142857143,undefended,0.8928571428571388,8.035714285714292,defense_worse
adult,S2b,E2,dna_v1_conservative,38,8.92857142857143,mean_mode,48.21428571428571,-39.28571428571428,defense_better
adult,S2b,E2,dna_v1_conservative,38,8.92857142857143,empirical_marginal,45.53571428571428,-36.60714285714285,defense_better
adult,S2b,E2,dna_v2_0p95,0,0.0,undefended,0.0,0.0,tie
adult,S2b,E2,dna_v2_0p95,0,0.0,mean_mode,46.42857142857143,-46.42857142857143,defense_better
adult,S2b,E2,dna_v2_0p95,0,0.0,empirical_marginal,45.53571428571428,-45.53571428571428,defense_better
adult,S2b,E2,dna_v2_0p95,1,33.03571428571428,undefended,29.464285714285722,3.571428571428555,defense_worse
adult,S2b,E2,dna_v2_0p95,1,33.03571428571428,mean_mode,43.75,-10.714285714285722,defense_better
adult,S2b,E2,dna_v2_0p95,1,33.03571428571428,empirical_marginal,42.85714285714286,-9.821428571428584,defense_better
adult,S2b,E2,dna_v2_0p95,2,0.0,undefended,0.8928571428571388,-0.8928571428571388,defense_better
adult,S2b,E2,dna_v2_0p95,2,0.0,mean_mode,46.42857142857143,-46.42857142857143,defense_better
adult,S2b,E2,dna_v2_0p95,2,0.0,empirical_marginal,44.64285714285714,-44.64285714285714,defense_better
adult,S2b,E2,dna_v2_0p95,3,31.25,undefended,33.92857142857143,-2.6785714285714306,defense_better
adult,S2b,E2,dna_v2_0p95,3,31.25,mean_mode,44.64285714285714,-13.392857142857139,defense_better
adult,S2b,E2,dna_v2_0p95,3,31.25,empirical_marginal,38.39285714285714,-7.142857142857139,defense_better
adult,S2b,E2,dna_v2_0p95,4,0.0,undefended,0.0,0.0,tie
adult,S2b,E2,dna_v2_0p95,4,0.0,mean_mode,54.46428571428572,-54.46428571428572,defense_better
adult,S2b,E2,dna_v2_0p95,4,0.0,empirical_marginal,48.21428571428571,-48.21428571428571,defense_better
adult,S2b,E2,dna_v2_0p95,5,0.0,undefended,0.0,0.0,tie
adult,S2b,E2,dna_v2_0p95,5,0.0,mean_mode,47.32142857142857,-47.32142857142857,defense_better
adult,S2b,E2,dna_v2_0p95,5,0.0,empirical_marginal,40.17857142857143,-40.17857142857143,defense_better
adult,S2b,E2,dna_v2_0p95,6,0.0,undefended,0.0,0.0,tie
adult,S2b,E2,dna_v2_0p95,6,0.0,mean_mode,50.0,-50.0,defense_better
adult,S2b,E2,dna_v2_0p95,6,0.0,empirical_marginal,43.75,-43.75,defense_better
adult,S2b,E2,dna_v2_0p95,7,0.0,undefended,8.92857142857143,-8.92857142857143,defense_better
adult,S2b,E2,dna_v2_0p95,7,0.0,mean_mode,49.10714285714286,-49.10714285714286,defense_better
adult,S2b,E2,dna_v2_0p95,7,0.0,empirical_marginal,50.0,-50.0,defense_better
adult,S2b,E2,dna_v2_0p95,8,4.464285714285708,undefended,0.0,4.464285714285708,defense_worse
adult,S2b,E2,dna_v2_0p95,8,4.464285714285708,mean_mode,48.21428571428571,-43.75,defense_better
adult,S2b,E2,dna_v2_0p95,8,4.464285714285708,empirical_marginal,44.64285714285714,-40.17857142857143,defense_better
adult,S2b,E2,dna_v2_0p95,9,0.0,undefended,0.0,0.0,tie
adult,S2b,E2,dna_v2_0p95,9,0.0,mean_mode,44.64285714285714,-44.64285714285714,defense_better
adult,S2b,E2,dna_v2_0p95,9,0.0,empirical_marginal,39.28571428571428,-39.28571428571428,defense_better
adult,S2b,E2,dna_v2_0p95,10,5.357142857142861,undefended,5.357142857142861,0.0,tie
adult,S2b,E2,dna_v2_0p95,10,5.357142857142861,mean_mode,50.89285714285714,-45.53571428571428,defense_better
adult,S2b,E2,dna_v2_0p95,10,5.357142857142861,empirical_marginal,46.42857142857143,-41.07142857142857,defense_better
adult,S2b,E2,dna_v2_0p95,11,5.357142857142861,undefended,4.464285714285708,0.892857142857153,defense_worse
adult,S2b,E2,dna_v2_0p95,11,5.357142857142861,mean_mode,39.28571428571428,-33.928571428571416,defense_better
adult,S2b,E2,dna_v2_0p95,11,5.357142857142861,empirical_marginal,39.28571428571428,-33.928571428571416,defense_better
adult,S2b,E2,dna_v2_0p95,12,0.0,undefended,0.0,0.0,tie
adult,S2b,E2,dna_v2_0p95,12,0.0,mean_mode,48.21428571428572,-48.21428571428572,defense_better
adult,S2b,E2,dna_v2_0p95,12,0.0,empirical_marginal,48.21428571428572,-48.21428571428572,defense_better
adult,S2b,E2,dna_v2_0p95,13,13.392857142857139,undefended,15.17857142857143,-1.7857142857142918,defense_better
adult,S2b,E2,dna_v2_0p95,13,13.392857142857139,mean_mode,46.42857142857143,-33.03571428571429,defense_better
adult,S2b,E2,dna_v2_0p95,13,13.392857142857139,empirical_marginal,45.53571428571429,-32.14285714285715,defense_better
adult,S2b,E2,dna_v2_0p95,14,0.0,undefended,0.0,0.0,tie
adult,S2b,E2,dna_v2_0p95,14,0.0,mean_mode,48.21428571428572,-48.21428571428572,defense_better
adult,S2b,E2,dna_v2_0p95,14,0.0,empirical_marginal,47.32142857142857,-47.32142857142857,defense_better
adult,S2b,E2,dna_v2_0p95,15,28.57142857142857,undefended,27.67857142857143,0.8928571428571388,defense_worse
adult,S2b,E2,dna_v2_0p95,15,28.57142857142857,mean_mode,46.428571428571416,-17.857142857142847,defense_better
adult,S2b,E2,dna_v2_0p95,15,28.57142857142857,empirical_marginal,42.85714285714286,-14.285714285714292,defense_better
adult,S2b,E2,dna_v2_0p95,16,8.92857142857143,undefended,8.92857142857143,0.0,tie
adult,S2b,E2,dna_v2_0p95,16,8.92857142857143,mean_mode,44.64285714285714,-35.71428571428571,defense_better
adult,S2b,E2,dna_v2_0p95,16,8.92857142857143,empirical_marginal,40.17857142857143,-31.25,defense_better
adult,S2b,E2,dna_v2_0p95,17,16.07142857142857,undefended,16.964285714285722,-0.892857142857153,defense_better
adult,S2b,E2,dna_v2_0p95,17,16.07142857142857,mean_mode,53.571428571428584,-37.500000000000014,defense_better
adult,S2b,E2,dna_v2_0p95,17,16.07142857142857,empirical_marginal,46.42857142857143,-30.35714285714286,defense_better
adult,S2b,E2,dna_v2_0p95,18,2.6785714285714306,undefended,2.6785714285714306,0.0,tie
adult,S2b,E2,dna_v2_0p95,18,2.6785714285714306,mean_mode,40.17857142857143,-37.5,defense_better
adult,S2b,E2,dna_v2_0p95,18,2.6785714285714306,empirical_marginal,30.35714285714286,-27.67857142857143,defense_better
adult,S2b,E2,dna_v2_0p95,19,0.0,undefended,0.0,0.0,tie
adult,S2b,E2,dna_v2_0p95,19,0.0,mean_mode,44.64285714285714,-44.64285714285714,defense_better
adult,S2b,E2,dna_v2_0p95,19,0.0,empirical_marginal,44.64285714285714,-44.64285714285714,defense_better
adult,S2b,E2,dna_v2_0p95,20,0.0,undefended,0.0,0.0,tie
adult,S2b,E2,dna_v2_0p95,20,0.0,mean_mode,54.46428571428572,-54.46428571428572,defense_better
adult,S2b,E2,dna_v2_0p95,20,0.0,empirical_marginal,49.10714285714286,-49.10714285714286,defense_better
adult,S2b,E2,dna_v2_0p95,21,0.0,undefended,3.5714285714285694,-3.5714285714285694,defense_better
adult,S2b,E2,dna_v2_0p95,21,0.0,mean_mode,46.42857142857143,-46.42857142857143,defense_better
adult,S2b,E2,dna_v2_0p95,21,0.0,empirical_marginal,44.64285714285714,-44.64285714285714,defense_better
adult,S2b,E2,dna_v2_0p95,22,0.0,undefended,1.7857142857142918,-1.7857142857142918,defense_better
adult,S2b,E2,dna_v2_0p95,22,0.0,mean_mode,57.14285714285715,-57.14285714285715,defense_better
adult,S2b,E2,dna_v2_0p95,22,0.0,empirical_marginal,57.14285714285714,-57.14285714285714,defense_better
adult,S2b,E2,dna_v2_0p95,23,9.82142857142857,undefended,8.035714285714278,1.7857142857142918,defense_worse
adult,S2b,E2,dna_v2_0p95,23,9.82142857142857,mean_mode,47.32142857142857,-37.5,defense_better
adult,S2b,E2,dna_v2_0p95,23,9.82142857142857,empirical_marginal,48.21428571428572,-38.39285714285715,defense_better
adult,S2b,E2,dna_v2_0p95,24,0.8928571428571388,undefended,0.8928571428571388,0.0,tie
adult,S2b,E2,dna_v2_0p95,24,0.8928571428571388,mean_mode,49.10714285714286,-48.21428571428572,defense_better
adult,S2b,E2,dna_v2_0p95,24,0.8928571428571388,empirical_marginal,44.64285714285714,-43.75,defense_better
adult,S2b,E2,dna_v2_0p95,25,0.0,undefended,0.8928571428571388,-0.8928571428571388,defense_better
adult,S2b,E2,dna_v2_0p95,25,0.0,mean_mode,57.14285714285714,-57.14285714285714,defense_better
adult,S2b,E2,dna_v2_0p95,25,0.0,empirical_marginal,55.35714285714286,-55.35714285714286,defense_better
adult,S2b,E2,dna_v2_0p95,26,0.0,undefended,0.0,0.0,tie
adult,S2b,E2,dna_v2_0p95,26,0.0,mean_mode,47.32142857142857,-47.32142857142857,defense_better
adult,S2b,E2,dna_v2_0p95,26,0.0,empirical_marginal,41.07142857142857,-41.07142857142857,defense_better
adult,S2b,E2,dna_v2_0p95,27,3.5714285714285694,undefended,1.7857142857142918,1.7857142857142776,defense_worse
adult,S2b,E2,dna_v2_0p95,27,3.5714285714285694,mean_mode,50.89285714285714,-47.32142857142857,defense_better
adult,S2b,E2,dna_v2_0p95,27,3.5714285714285694,empirical_marginal,53.57142857142857,-50.0,defense_better
adult,S2b,E2,dna_v2_0p95,28,0.0,undefended,0.0,0.0,tie
adult,S2b,E2,dna_v2_0p95,28,0.0,mean_mode,44.64285714285714,-44.64285714285714,defense_better
adult,S2b,E2,dna_v2_0p95,28,0.0,empirical_marginal,46.42857142857143,-46.42857142857143,defense_better
adult,S2b,E2,dna_v2_0p95,29,0.0,undefended,1.7857142857142918,-1.7857142857142918,defense_better
adult,S2b,E2,dna_v2_0p95,29,0.0,mean_mode,42.85714285714286,-42.85714285714286,defense_better
adult,S2b,E2,dna_v2_0p95,29,0.0,empirical_marginal,45.53571428571429,-45.53571428571429,defense_better
adult,S2b,E2,dna_v2_0p95,30,0.0,undefended,0.0,0.0,tie
adult,S2b,E2,dna_v2_0p95,30,0.0,mean_mode,46.42857142857143,-46.42857142857143,defense_better
adult,S2b,E2,dna_v2_0p95,30,0.0,empirical_marginal,43.75,-43.75,defense_better
adult,S2b,E2,dna_v2_0p95,31,0.0,undefended,0.0,0.0,tie
adult,S2b,E2,dna_v2_0p95,31,0.0,mean_mode,43.75,-43.75,defense_better
adult,S2b,E2,dna_v2_0p95,31,0.0,empirical_marginal,36.60714285714286,-36.60714285714286,defense_better
adult,S2b,E2,dna_v2_0p95,32,0.0,undefended,0.0,0.0,tie
adult,S2b,E2,dna_v2_0p95,32,0.0,mean_mode,52.67857142857143,-52.67857142857143,defense_better
adult,S2b,E2,dna_v2_0p95,32,0.0,empirical_marginal,51.78571428571429,-51.78571428571429,defense_better
adult,S2b,E2,dna_v2_0p95,33,0.8928571428571388,undefended,0.0,0.8928571428571388,defense_worse
adult,S2b,E2,dna_v2_0p95,33,0.8928571428571388,mean_mode,49.10714285714286,-48.21428571428572,defense_better
adult,S2b,E2,dna_v2_0p95,33,0.8928571428571388,empirical_marginal,45.53571428571429,-44.64285714285715,defense_better
adult,S2b,E2,dna_v2_0p95,34,0.0,undefended,0.0,0.0,tie
adult,S2b,E2,dna_v2_0p95,34,0.0,mean_mode,51.78571428571428,-51.78571428571428,defense_better
adult,S2b,E2,dna_v2_0p95,34,0.0,empirical_marginal,49.10714285714286,-49.10714285714286,defense_better
adult,S2b,E2,dna_v2_0p95,35,0.0,undefended,0.0,0.0,tie
adult,S2b,E2,dna_v2_0p95,35,0.0,mean_mode,44.64285714285714,-44.64285714285714,defense_better
adult,S2b,E2,dna_v2_0p95,35,0.0,empirical_marginal,44.64285714285714,-44.64285714285714,defense_better
adult,S2b,E2,dna_v2_0p95,36,0.0,undefended,0.8928571428571388,-0.8928571428571388,defense_better
adult,S2b,E2,dna_v2_0p95,36,0.0,mean_mode,46.428571428571416,-46.428571428571416,defense_better
adult,S2b,E2,dna_v2_0p95,36,0.0,empirical_marginal,41.96428571428572,-41.96428571428572,defense_better
adult,S2b,E2,dna_v2_0p95,37,0.0,undefended,3.5714285714285694,-3.5714285714285694,defense_better
adult,S2b,E2,dna_v2_0p95,37,0.0,mean_mode,52.67857142857143,-52.67857142857143,defense_better
adult,S2b,E2,dna_v2_0p95,37,0.0,empirical_marginal,53.57142857142857,-53.57142857142857,defense_better
adult,S2b,E2,dna_v2_0p95,38,0.8928571428571388,undefended,0.8928571428571388,0.0,tie
adult,S2b,E2,dna_v2_0p95,38,0.8928571428571388,mean_mode,48.21428571428571,-47.32142857142857,defense_better
adult,S2b,E2,dna_v2_0p95,38,0.8928571428571388,empirical_marginal,45.53571428571428,-44.64285714285714,defense_better
adult,S2b,E2,gradient_pruning,0,0.0,undefended,0.0,0.0,tie
adult,S2b,E2,gradient_pruning,0,0.0,mean_mode,46.42857142857143,-46.42857142857143,defense_better
adult,S2b,E2,gradient_pruning,0,0.0,empirical_marginal,45.53571428571428,-45.53571428571428,defense_better
adult,S2b,E2,gradient_pruning,1,29.464285714285708,undefended,29.464285714285722,-1.4210854715202004e-14,defense_better
adult,S2b,E2,gradient_pruning,1,29.464285714285708,mean_mode,43.75,-14.285714285714292,defense_better
adult,S2b,E2,gradient_pruning,1,29.464285714285708,empirical_marginal,42.85714285714286,-13.392857142857153,defense_better
adult,S2b,E2,gradient_pruning,2,12.5,undefended,0.8928571428571388,11.607142857142861,defense_worse
adult,S2b,E2,gradient_pruning,2,12.5,mean_mode,46.42857142857143,-33.92857142857143,defense_better
adult,S2b,E2,gradient_pruning,2,12.5,empirical_marginal,44.64285714285714,-32.14285714285714,defense_better
adult,S2b,E2,gradient_pruning,3,27.678571428571416,undefended,33.92857142857143,-6.250000000000014,defense_better
adult,S2b,E2,gradient_pruning,3,27.678571428571416,mean_mode,44.64285714285714,-16.964285714285722,defense_better
adult,S2b,E2,gradient_pruning,3,27.678571428571416,empirical_marginal,38.39285714285714,-10.714285714285722,defense_better
adult,S2b,E2,gradient_pruning,4,1.7857142857142918,undefended,0.0,1.7857142857142918,defense_worse
adult,S2b,E2,gradient_pruning,4,1.7857142857142918,mean_mode,54.46428571428572,-52.67857142857143,defense_better
adult,S2b,E2,gradient_pruning,4,1.7857142857142918,empirical_marginal,48.21428571428571,-46.428571428571416,defense_better
adult,S2b,E2,gradient_pruning,5,3.5714285714285694,undefended,0.0,3.5714285714285694,defense_worse
adult,S2b,E2,gradient_pruning,5,3.5714285714285694,mean_mode,47.32142857142857,-43.75,defense_better
adult,S2b,E2,gradient_pruning,5,3.5714285714285694,empirical_marginal,40.17857142857143,-36.60714285714286,defense_better
adult,S2b,E2,gradient_pruning,6,0.0,undefended,0.0,0.0,tie
adult,S2b,E2,gradient_pruning,6,0.0,mean_mode,50.0,-50.0,defense_better
adult,S2b,E2,gradient_pruning,6,0.0,empirical_marginal,43.75,-43.75,defense_better
adult,S2b,E2,gradient_pruning,7,6.25,undefended,8.92857142857143,-2.6785714285714306,defense_better
adult,S2b,E2,gradient_pruning,7,6.25,mean_mode,49.10714285714286,-42.85714285714286,defense_better
adult,S2b,E2,gradient_pruning,7,6.25,empirical_marginal,50.0,-43.75,defense_better
adult,S2b,E2,gradient_pruning,8,0.8928571428571388,undefended,0.0,0.8928571428571388,defense_worse
adult,S2b,E2,gradient_pruning,8,0.8928571428571388,mean_mode,48.21428571428571,-47.32142857142857,defense_better
adult,S2b,E2,gradient_pruning,8,0.8928571428571388,empirical_marginal,44.64285714285714,-43.75,defense_better
adult,S2b,E2,gradient_pruning,9,0.0,undefended,0.0,0.0,tie
adult,S2b,E2,gradient_pruning,9,0.0,mean_mode,44.64285714285714,-44.64285714285714,defense_better
adult,S2b,E2,gradient_pruning,9,0.0,empirical_marginal,39.28571428571428,-39.28571428571428,defense_better
adult,S2b,E2,gradient_pruning,10,8.92857142857143,undefended,5.357142857142861,3.5714285714285694,defense_worse
adult,S2b,E2,gradient_pruning,10,8.92857142857143,mean_mode,50.89285714285714,-41.96428571428571,defense_better
adult,S2b,E2,gradient_pruning,10,8.92857142857143,empirical_marginal,46.42857142857143,-37.5,defense_better
adult,S2b,E2,gradient_pruning,11,1.7857142857142918,undefended,4.464285714285708,-2.6785714285714164,defense_better
adult,S2b,E2,gradient_pruning,11,1.7857142857142918,mean_mode,39.28571428571428,-37.499999999999986,defense_better
adult,S2b,E2,gradient_pruning,11,1.7857142857142918,empirical_marginal,39.28571428571428,-37.499999999999986,defense_better
adult,S2b,E2,gradient_pruning,12,1.7857142857142918,undefended,0.0,1.7857142857142918,defense_worse
adult,S2b,E2,gradient_pruning,12,1.7857142857142918,mean_mode,48.21428571428572,-46.42857142857143,defense_better
adult,S2b,E2,gradient_pruning,12,1.7857142857142918,empirical_marginal,48.21428571428572,-46.42857142857143,defense_better
adult,S2b,E2,gradient_pruning,13,27.678571428571416,undefended,15.17857142857143,12.499999999999986,defense_worse
adult,S2b,E2,gradient_pruning,13,27.678571428571416,mean_mode,46.42857142857143,-18.750000000000014,defense_better
adult,S2b,E2,gradient_pruning,13,27.678571428571416,empirical_marginal,45.53571428571429,-17.857142857142875,defense_better
adult,S2b,E2,gradient_pruning,14,0.0,undefended,0.0,0.0,tie
adult,S2b,E2,gradient_pruning,14,0.0,mean_mode,48.21428571428572,-48.21428571428572,defense_better
adult,S2b,E2,gradient_pruning,14,0.0,empirical_marginal,47.32142857142857,-47.32142857142857,defense_better
adult,S2b,E2,gradient_pruning,15,25.0,undefended,27.67857142857143,-2.6785714285714306,defense_better
adult,S2b,E2,gradient_pruning,15,25.0,mean_mode,46.428571428571416,-21.428571428571416,defense_better
adult,S2b,E2,gradient_pruning,15,25.0,empirical_marginal,42.85714285714286,-17.85714285714286,defense_better
adult,S2b,E2,gradient_pruning,16,7.142857142857139,undefended,8.92857142857143,-1.7857142857142918,defense_better
adult,S2b,E2,gradient_pruning,16,7.142857142857139,mean_mode,44.64285714285714,-37.5,defense_better
adult,S2b,E2,gradient_pruning,16,7.142857142857139,empirical_marginal,40.17857142857143,-33.03571428571429,defense_better
adult,S2b,E2,gradient_pruning,17,16.964285714285722,undefended,16.964285714285722,0.0,tie
adult,S2b,E2,gradient_pruning,17,16.964285714285722,mean_mode,53.571428571428584,-36.60714285714286,defense_better
adult,S2b,E2,gradient_pruning,17,16.964285714285722,empirical_marginal,46.42857142857143,-29.464285714285708,defense_better
adult,S2b,E2,gradient_pruning,18,0.8928571428571388,undefended,2.6785714285714306,-1.7857142857142918,defense_better
adult,S2b,E2,gradient_pruning,18,0.8928571428571388,mean_mode,40.17857142857143,-39.28571428571429,defense_better
adult,S2b,E2,gradient_pruning,18,0.8928571428571388,empirical_marginal,30.35714285714286,-29.464285714285722,defense_better
adult,S2b,E2,gradient_pruning,19,6.25,undefended,0.0,6.25,defense_worse
adult,S2b,E2,gradient_pruning,19,6.25,mean_mode,44.64285714285714,-38.39285714285714,defense_better
adult,S2b,E2,gradient_pruning,19,6.25,empirical_marginal,44.64285714285714,-38.39285714285714,defense_better
adult,S2b,E2,gradient_pruning,20,8.92857142857143,undefended,0.0,8.92857142857143,defense_worse
adult,S2b,E2,gradient_pruning,20,8.92857142857143,mean_mode,54.46428571428572,-45.53571428571429,defense_better
adult,S2b,E2,gradient_pruning,20,8.92857142857143,empirical_marginal,49.10714285714286,-40.17857142857143,defense_better
adult,S2b,E2,gradient_pruning,21,0.0,undefended,3.5714285714285694,-3.5714285714285694,defense_better
adult,S2b,E2,gradient_pruning,21,0.0,mean_mode,46.42857142857143,-46.42857142857143,defense_better
adult,S2b,E2,gradient_pruning,21,0.0,empirical_marginal,44.64285714285714,-44.64285714285714,defense_better
adult,S2b,E2,gradient_pruning,22,1.7857142857142918,undefended,1.7857142857142918,0.0,tie
adult,S2b,E2,gradient_pruning,22,1.7857142857142918,mean_mode,57.14285714285715,-55.35714285714286,defense_better
adult,S2b,E2,gradient_pruning,22,1.7857142857142918,empirical_marginal,57.14285714285714,-55.35714285714285,defense_better
adult,S2b,E2,gradient_pruning,23,9.82142857142857,undefended,8.035714285714278,1.7857142857142918,defense_worse
adult,S2b,E2,gradient_pruning,23,9.82142857142857,mean_mode,47.32142857142857,-37.5,defense_better
adult,S2b,E2,gradient_pruning,23,9.82142857142857,empirical_marginal,48.21428571428572,-38.39285714285715,defense_better
adult,S2b,E2,gradient_pruning,24,0.8928571428571388,undefended,0.8928571428571388,0.0,tie
adult,S2b,E2,gradient_pruning,24,0.8928571428571388,mean_mode,49.10714285714286,-48.21428571428572,defense_better
adult,S2b,E2,gradient_pruning,24,0.8928571428571388,empirical_marginal,44.64285714285714,-43.75,defense_better
adult,S2b,E2,gradient_pruning,25,0.0,undefended,0.8928571428571388,-0.8928571428571388,defense_better
adult,S2b,E2,gradient_pruning,25,0.0,mean_mode,57.14285714285714,-57.14285714285714,defense_better
adult,S2b,E2,gradient_pruning,25,0.0,empirical_marginal,55.35714285714286,-55.35714285714286,defense_better
adult,S2b,E2,gradient_pruning,26,0.0,undefended,0.0,0.0,tie
adult,S2b,E2,gradient_pruning,26,0.0,mean_mode,47.32142857142857,-47.32142857142857,defense_better
adult,S2b,E2,gradient_pruning,26,0.0,empirical_marginal,41.07142857142857,-41.07142857142857,defense_better
adult,S2b,E2,gradient_pruning,27,0.8928571428571388,undefended,1.7857142857142918,-0.892857142857153,defense_better
adult,S2b,E2,gradient_pruning,27,0.8928571428571388,mean_mode,50.89285714285714,-50.0,defense_better
adult,S2b,E2,gradient_pruning,27,0.8928571428571388,empirical_marginal,53.57142857142857,-52.67857142857143,defense_better
adult,S2b,E2,gradient_pruning,28,2.6785714285714306,undefended,0.0,2.6785714285714306,defense_worse
adult,S2b,E2,gradient_pruning,28,2.6785714285714306,mean_mode,44.64285714285714,-41.96428571428571,defense_better
adult,S2b,E2,gradient_pruning,28,2.6785714285714306,empirical_marginal,46.42857142857143,-43.75,defense_better
adult,S2b,E2,gradient_pruning,29,0.0,undefended,1.7857142857142918,-1.7857142857142918,defense_better
adult,S2b,E2,gradient_pruning,29,0.0,mean_mode,42.85714285714286,-42.85714285714286,defense_better
adult,S2b,E2,gradient_pruning,29,0.0,empirical_marginal,45.53571428571429,-45.53571428571429,defense_better
adult,S2b,E2,gradient_pruning,30,0.0,undefended,0.0,0.0,tie
adult,S2b,E2,gradient_pruning,30,0.0,mean_mode,46.42857142857143,-46.42857142857143,defense_better
adult,S2b,E2,gradient_pruning,30,0.0,empirical_marginal,43.75,-43.75,defense_better
adult,S2b,E2,gradient_pruning,31,4.464285714285708,undefended,0.0,4.464285714285708,defense_worse
adult,S2b,E2,gradient_pruning,31,4.464285714285708,mean_mode,43.75,-39.28571428571429,defense_better
adult,S2b,E2,gradient_pruning,31,4.464285714285708,empirical_marginal,36.60714285714286,-32.14285714285715,defense_better
adult,S2b,E2,gradient_pruning,32,0.0,undefended,0.0,0.0,tie
adult,S2b,E2,gradient_pruning,32,0.0,mean_mode,52.67857142857143,-52.67857142857143,defense_better
adult,S2b,E2,gradient_pruning,32,0.0,empirical_marginal,51.78571428571429,-51.78571428571429,defense_better
adult,S2b,E2,gradient_pruning,33,18.75,undefended,0.0,18.75,defense_worse
adult,S2b,E2,gradient_pruning,33,18.75,mean_mode,49.10714285714286,-30.35714285714286,defense_better
adult,S2b,E2,gradient_pruning,33,18.75,empirical_marginal,45.53571428571429,-26.785714285714292,defense_better
adult,S2b,E2,gradient_pruning,34,1.7857142857142918,undefended,0.0,1.7857142857142918,defense_worse
adult,S2b,E2,gradient_pruning,34,1.7857142857142918,mean_mode,51.78571428571428,-49.999999999999986,defense_better
adult,S2b,E2,gradient_pruning,34,1.7857142857142918,empirical_marginal,49.10714285714286,-47.32142857142857,defense_better
adult,S2b,E2,gradient_pruning,35,6.25,undefended,0.0,6.25,defense_worse
adult,S2b,E2,gradient_pruning,35,6.25,mean_mode,44.64285714285714,-38.39285714285714,defense_better
adult,S2b,E2,gradient_pruning,35,6.25,empirical_marginal,44.64285714285714,-38.39285714285714,defense_better
adult,S2b,E2,gradient_pruning,36,2.6785714285714306,undefended,0.8928571428571388,1.7857142857142918,defense_worse
adult,S2b,E2,gradient_pruning,36,2.6785714285714306,mean_mode,46.428571428571416,-43.749999999999986,defense_better
adult,S2b,E2,gradient_pruning,36,2.6785714285714306,empirical_marginal,41.96428571428572,-39.28571428571429,defense_better
adult,S2b,E2,gradient_pruning,37,0.0,undefended,3.5714285714285694,-3.5714285714285694,defense_better
adult,S2b,E2,gradient_pruning,37,0.0,mean_mode,52.67857142857143,-52.67857142857143,defense_better
adult,S2b,E2,gradient_pruning,37,0.0,empirical_marginal,53.57142857142857,-53.57142857142857,defense_better
adult,S2b,E2,gradient_pruning,38,1.7857142857142918,undefended,0.8928571428571388,0.892857142857153,defense_worse
adult,S2b,E2,gradient_pruning,38,1.7857142857142918,mean_mode,48.21428571428571,-46.428571428571416,defense_better
adult,S2b,E2,gradient_pruning,38,1.7857142857142918,empirical_marginal,45.53571428571428,-43.749999999999986,defense_better
adult,S2b,E2,soteria,0,0.0,undefended,0.0,0.0,tie
adult,S2b,E2,soteria,0,0.0,mean_mode,46.42857142857143,-46.42857142857143,defense_better
adult,S2b,E2,soteria,0,0.0,empirical_marginal,45.53571428571428,-45.53571428571428,defense_better
adult,S2b,E2,soteria,1,23.214285714285722,undefended,29.464285714285722,-6.25,defense_better
adult,S2b,E2,soteria,1,23.214285714285722,mean_mode,43.75,-20.535714285714278,defense_better
adult,S2b,E2,soteria,1,23.214285714285722,empirical_marginal,42.85714285714286,-19.64285714285714,defense_better
adult,S2b,E2,soteria,2,3.5714285714285694,undefended,0.8928571428571388,2.6785714285714306,defense_worse
adult,S2b,E2,soteria,2,3.5714285714285694,mean_mode,46.42857142857143,-42.85714285714286,defense_better
adult,S2b,E2,soteria,2,3.5714285714285694,empirical_marginal,44.64285714285714,-41.07142857142857,defense_better
adult,S2b,E2,soteria,3,39.28571428571429,undefended,33.92857142857143,5.357142857142861,defense_worse
adult,S2b,E2,soteria,3,39.28571428571429,mean_mode,44.64285714285714,-5.357142857142847,defense_better
adult,S2b,E2,soteria,3,39.28571428571429,empirical_marginal,38.39285714285714,0.892857142857153,defense_worse
adult,S2b,E2,soteria,4,0.0,undefended,0.0,0.0,tie
adult,S2b,E2,soteria,4,0.0,mean_mode,54.46428571428572,-54.46428571428572,defense_better
adult,S2b,E2,soteria,4,0.0,empirical_marginal,48.21428571428571,-48.21428571428571,defense_better
adult,S2b,E2,soteria,5,0.0,undefended,0.0,0.0,tie
adult,S2b,E2,soteria,5,0.0,mean_mode,47.32142857142857,-47.32142857142857,defense_better
adult,S2b,E2,soteria,5,0.0,empirical_marginal,40.17857142857143,-40.17857142857143,defense_better
adult,S2b,E2,soteria,6,0.0,undefended,0.0,0.0,tie
adult,S2b,E2,soteria,6,0.0,mean_mode,50.0,-50.0,defense_better
adult,S2b,E2,soteria,6,0.0,empirical_marginal,43.75,-43.75,defense_better
adult,S2b,E2,soteria,7,5.357142857142861,undefended,8.92857142857143,-3.5714285714285694,defense_better
adult,S2b,E2,soteria,7,5.357142857142861,mean_mode,49.10714285714286,-43.75,defense_better
adult,S2b,E2,soteria,7,5.357142857142861,empirical_marginal,50.0,-44.64285714285714,defense_better
adult,S2b,E2,soteria,8,0.0,undefended,0.0,0.0,tie
adult,S2b,E2,soteria,8,0.0,mean_mode,48.21428571428571,-48.21428571428571,defense_better
adult,S2b,E2,soteria,8,0.0,empirical_marginal,44.64285714285714,-44.64285714285714,defense_better
adult,S2b,E2,soteria,9,0.0,undefended,0.0,0.0,tie
adult,S2b,E2,soteria,9,0.0,mean_mode,44.64285714285714,-44.64285714285714,defense_better
adult,S2b,E2,soteria,9,0.0,empirical_marginal,39.28571428571428,-39.28571428571428,defense_better
adult,S2b,E2,soteria,10,1.7857142857142918,undefended,5.357142857142861,-3.5714285714285694,defense_better
adult,S2b,E2,soteria,10,1.7857142857142918,mean_mode,50.89285714285714,-49.10714285714285,defense_better
adult,S2b,E2,soteria,10,1.7857142857142918,empirical_marginal,46.42857142857143,-44.64285714285714,defense_better
adult,S2b,E2,soteria,11,5.357142857142861,undefended,4.464285714285708,0.892857142857153,defense_worse
adult,S2b,E2,soteria,11,5.357142857142861,mean_mode,39.28571428571428,-33.928571428571416,defense_better
adult,S2b,E2,soteria,11,5.357142857142861,empirical_marginal,39.28571428571428,-33.928571428571416,defense_better
adult,S2b,E2,soteria,12,0.0,undefended,0.0,0.0,tie
adult,S2b,E2,soteria,12,0.0,mean_mode,48.21428571428572,-48.21428571428572,defense_better
adult,S2b,E2,soteria,12,0.0,empirical_marginal,48.21428571428572,-48.21428571428572,defense_better
adult,S2b,E2,soteria,13,8.92857142857143,undefended,15.17857142857143,-6.25,defense_better
adult,S2b,E2,soteria,13,8.92857142857143,mean_mode,46.42857142857143,-37.5,defense_better
adult,S2b,E2,soteria,13,8.92857142857143,empirical_marginal,45.53571428571429,-36.60714285714286,defense_better
adult,S2b,E2,soteria,14,0.0,undefended,0.0,0.0,tie
adult,S2b,E2,soteria,14,0.0,mean_mode,48.21428571428572,-48.21428571428572,defense_better
adult,S2b,E2,soteria,14,0.0,empirical_marginal,47.32142857142857,-47.32142857142857,defense_better
adult,S2b,E2,soteria,15,30.35714285714286,undefended,27.67857142857143,2.6785714285714306,defense_worse
adult,S2b,E2,soteria,15,30.35714285714286,mean_mode,46.428571428571416,-16.071428571428555,defense_better
adult,S2b,E2,soteria,15,30.35714285714286,empirical_marginal,42.85714285714286,-12.5,defense_better
adult,S2b,E2,soteria,16,1.7857142857142918,undefended,8.92857142857143,-7.142857142857139,defense_better
adult,S2b,E2,soteria,16,1.7857142857142918,mean_mode,44.64285714285714,-42.85714285714285,defense_better
adult,S2b,E2,soteria,16,1.7857142857142918,empirical_marginal,40.17857142857143,-38.39285714285714,defense_better
adult,S2b,E2,soteria,17,8.92857142857143,undefended,16.964285714285722,-8.035714285714292,defense_better
adult,S2b,E2,soteria,17,8.92857142857143,mean_mode,53.571428571428584,-44.64285714285715,defense_better
adult,S2b,E2,soteria,17,8.92857142857143,empirical_marginal,46.42857142857143,-37.5,defense_better
adult,S2b,E2,soteria,18,0.0,undefended,2.6785714285714306,-2.6785714285714306,defense_better
adult,S2b,E2,soteria,18,0.0,mean_mode,40.17857142857143,-40.17857142857143,defense_better
adult,S2b,E2,soteria,18,0.0,empirical_marginal,30.35714285714286,-30.35714285714286,defense_better
adult,S2b,E2,soteria,19,0.0,undefended,0.0,0.0,tie
adult,S2b,E2,soteria,19,0.0,mean_mode,44.64285714285714,-44.64285714285714,defense_better
adult,S2b,E2,soteria,19,0.0,empirical_marginal,44.64285714285714,-44.64285714285714,defense_better
adult,S2b,E2,soteria,20,0.0,undefended,0.0,0.0,tie
adult,S2b,E2,soteria,20,0.0,mean_mode,54.46428571428572,-54.46428571428572,defense_better
adult,S2b,E2,soteria,20,0.0,empirical_marginal,49.10714285714286,-49.10714285714286,defense_better
adult,S2b,E2,soteria,21,0.0,undefended,3.5714285714285694,-3.5714285714285694,defense_better
adult,S2b,E2,soteria,21,0.0,mean_mode,46.42857142857143,-46.42857142857143,defense_better
adult,S2b,E2,soteria,21,0.0,empirical_marginal,44.64285714285714,-44.64285714285714,defense_better
adult,S2b,E2,soteria,22,0.0,undefended,1.7857142857142918,-1.7857142857142918,defense_better
adult,S2b,E2,soteria,22,0.0,mean_mode,57.14285714285715,-57.14285714285715,defense_better
adult,S2b,E2,soteria,22,0.0,empirical_marginal,57.14285714285714,-57.14285714285714,defense_better
adult,S2b,E2,soteria,23,5.357142857142861,undefended,8.035714285714278,-2.6785714285714164,defense_better
adult,S2b,E2,soteria,23,5.357142857142861,mean_mode,47.32142857142857,-41.96428571428571,defense_better
adult,S2b,E2,soteria,23,5.357142857142861,empirical_marginal,48.21428571428572,-42.85714285714286,defense_better
adult,S2b,E2,soteria,24,0.0,undefended,0.8928571428571388,-0.8928571428571388,defense_better
adult,S2b,E2,soteria,24,0.0,mean_mode,49.10714285714286,-49.10714285714286,defense_better
adult,S2b,E2,soteria,24,0.0,empirical_marginal,44.64285714285714,-44.64285714285714,defense_better
adult,S2b,E2,soteria,25,0.0,undefended,0.8928571428571388,-0.8928571428571388,defense_better
adult,S2b,E2,soteria,25,0.0,mean_mode,57.14285714285714,-57.14285714285714,defense_better
adult,S2b,E2,soteria,25,0.0,empirical_marginal,55.35714285714286,-55.35714285714286,defense_better
adult,S2b,E2,soteria,26,0.0,undefended,0.0,0.0,tie
adult,S2b,E2,soteria,26,0.0,mean_mode,47.32142857142857,-47.32142857142857,defense_better
adult,S2b,E2,soteria,26,0.0,empirical_marginal,41.07142857142857,-41.07142857142857,defense_better
adult,S2b,E2,soteria,27,0.0,undefended,1.7857142857142918,-1.7857142857142918,defense_better
adult,S2b,E2,soteria,27,0.0,mean_mode,50.89285714285714,-50.89285714285714,defense_better
adult,S2b,E2,soteria,27,0.0,empirical_marginal,53.57142857142857,-53.57142857142857,defense_better
adult,S2b,E2,soteria,28,0.0,undefended,0.0,0.0,tie
adult,S2b,E2,soteria,28,0.0,mean_mode,44.64285714285714,-44.64285714285714,defense_better
adult,S2b,E2,soteria,28,0.0,empirical_marginal,46.42857142857143,-46.42857142857143,defense_better
adult,S2b,E2,soteria,29,0.0,undefended,1.7857142857142918,-1.7857142857142918,defense_better
adult,S2b,E2,soteria,29,0.0,mean_mode,42.85714285714286,-42.85714285714286,defense_better
adult,S2b,E2,soteria,29,0.0,empirical_marginal,45.53571428571429,-45.53571428571429,defense_better
adult,S2b,E2,soteria,30,0.0,undefended,0.0,0.0,tie
adult,S2b,E2,soteria,30,0.0,mean_mode,46.42857142857143,-46.42857142857143,defense_better
adult,S2b,E2,soteria,30,0.0,empirical_marginal,43.75,-43.75,defense_better
adult,S2b,E2,soteria,31,0.0,undefended,0.0,0.0,tie
adult,S2b,E2,soteria,31,0.0,mean_mode,43.75,-43.75,defense_better
adult,S2b,E2,soteria,31,0.0,empirical_marginal,36.60714285714286,-36.60714285714286,defense_better
adult,S2b,E2,soteria,32,0.0,undefended,0.0,0.0,tie
adult,S2b,E2,soteria,32,0.0,mean_mode,52.67857142857143,-52.67857142857143,defense_better
adult,S2b,E2,soteria,32,0.0,empirical_marginal,51.78571428571429,-51.78571428571429,defense_better
adult,S2b,E2,soteria,33,11.607142857142861,undefended,0.0,11.607142857142861,defense_worse
adult,S2b,E2,soteria,33,11.607142857142861,mean_mode,49.10714285714286,-37.5,defense_better
adult,S2b,E2,soteria,33,11.607142857142861,empirical_marginal,45.53571428571429,-33.92857142857143,defense_better
adult,S2b,E2,soteria,34,0.0,undefended,0.0,0.0,tie
adult,S2b,E2,soteria,34,0.0,mean_mode,51.78571428571428,-51.78571428571428,defense_better
adult,S2b,E2,soteria,34,0.0,empirical_marginal,49.10714285714286,-49.10714285714286,defense_better
adult,S2b,E2,soteria,35,0.0,undefended,0.0,0.0,tie
adult,S2b,E2,soteria,35,0.0,mean_mode,44.64285714285714,-44.64285714285714,defense_better
adult,S2b,E2,soteria,35,0.0,empirical_marginal,44.64285714285714,-44.64285714285714,defense_better
adult,S2b,E2,soteria,36,0.8928571428571388,undefended,0.8928571428571388,0.0,tie
adult,S2b,E2,soteria,36,0.8928571428571388,mean_mode,46.428571428571416,-45.53571428571428,defense_better
adult,S2b,E2,soteria,36,0.8928571428571388,empirical_marginal,41.96428571428572,-41.071428571428584,defense_better
adult,S2b,E2,soteria,37,8.035714285714278,undefended,3.5714285714285694,4.464285714285708,defense_worse
adult,S2b,E2,soteria,37,8.035714285714278,mean_mode,52.67857142857143,-44.64285714285715,defense_better
adult,S2b,E2,soteria,37,8.035714285714278,empirical_marginal,53.57142857142857,-45.53571428571429,defense_better
adult,S2b,E2,soteria,38,0.0,undefended,0.8928571428571388,-0.8928571428571388,defense_better
adult,S2b,E2,soteria,38,0.0,mean_mode,48.21428571428571,-48.21428571428571,defense_better
adult,S2b,E2,soteria,38,0.0,empirical_marginal,45.53571428571428,-45.53571428571428,defense_better
adult,S2c,E2,precode,0,77.67857142857143,undefended,0.0,77.67857142857143,defense_worse
adult,S2c,E2,precode,0,77.67857142857143,mean_mode,46.42857142857143,31.25,defense_worse
adult,S2c,E2,precode,0,77.67857142857143,empirical_marginal,45.53571428571428,32.14285714285715,defense_worse
adult,S2c,E2,precode,1,75.0,undefended,29.464285714285722,45.53571428571428,defense_worse
adult,S2c,E2,precode,1,75.0,mean_mode,43.75,31.25,defense_worse
adult,S2c,E2,precode,1,75.0,empirical_marginal,42.85714285714286,32.14285714285714,defense_worse
adult,S2c,E2,precode,2,77.67857142857142,undefended,0.8928571428571388,76.78571428571428,defense_worse
adult,S2c,E2,precode,2,77.67857142857142,mean_mode,46.42857142857143,31.249999999999986,defense_worse
adult,S2c,E2,precode,2,77.67857142857142,empirical_marginal,44.64285714285714,33.03571428571428,defense_worse
adult,S2c,E2,precode,3,74.10714285714286,undefended,33.92857142857143,40.17857142857143,defense_worse
adult,S2c,E2,precode,3,74.10714285714286,mean_mode,44.64285714285714,29.464285714285722,defense_worse
adult,S2c,E2,precode,3,74.10714285714286,empirical_marginal,38.39285714285714,35.71428571428572,defense_worse
adult,S2c,E2,precode,4,68.75,undefended,0.0,68.75,defense_worse
adult,S2c,E2,precode,4,68.75,mean_mode,54.46428571428572,14.285714285714278,defense_worse
adult,S2c,E2,precode,4,68.75,empirical_marginal,48.21428571428571,20.535714285714292,defense_worse
adult,S2c,E2,precode,5,79.46428571428571,undefended,0.0,79.46428571428571,defense_worse
adult,S2c,E2,precode,5,79.46428571428571,mean_mode,47.32142857142857,32.14285714285714,defense_worse
adult,S2c,E2,precode,5,79.46428571428571,empirical_marginal,40.17857142857143,39.28571428571428,defense_worse
adult,S2c,E2,precode,6,63.39285714285714,undefended,0.0,63.39285714285714,defense_worse
adult,S2c,E2,precode,6,63.39285714285714,mean_mode,50.0,13.392857142857139,defense_worse
adult,S2c,E2,precode,6,63.39285714285714,empirical_marginal,43.75,19.64285714285714,defense_worse
adult,S2c,E2,precode,7,75.89285714285714,undefended,8.92857142857143,66.96428571428571,defense_worse
adult,S2c,E2,precode,7,75.89285714285714,mean_mode,49.10714285714286,26.785714285714278,defense_worse
adult,S2c,E2,precode,7,75.89285714285714,empirical_marginal,50.0,25.89285714285714,defense_worse
adult,S2c,E2,precode,8,77.67857142857142,undefended,0.0,77.67857142857142,defense_worse
adult,S2c,E2,precode,8,77.67857142857142,mean_mode,48.21428571428571,29.464285714285708,defense_worse
adult,S2c,E2,precode,8,77.67857142857142,empirical_marginal,44.64285714285714,33.03571428571428,defense_worse
adult,S2c,E2,precode,9,79.46428571428571,undefended,0.0,79.46428571428571,defense_worse
adult,S2c,E2,precode,9,79.46428571428571,mean_mode,44.64285714285714,34.82142857142857,defense_worse
adult,S2c,E2,precode,9,79.46428571428571,empirical_marginal,39.28571428571428,40.17857142857143,defense_worse
adult,S2c,E2,precode,10,67.85714285714286,undefended,5.357142857142861,62.5,defense_worse
adult,S2c,E2,precode,10,67.85714285714286,mean_mode,50.89285714285714,16.964285714285722,defense_worse
adult,S2c,E2,precode,10,67.85714285714286,empirical_marginal,46.42857142857143,21.42857142857143,defense_worse
adult,S2c,E2,precode,11,79.46428571428571,undefended,4.464285714285708,75.0,defense_worse
adult,S2c,E2,precode,11,79.46428571428571,mean_mode,39.28571428571428,40.17857142857143,defense_worse
adult,S2c,E2,precode,11,79.46428571428571,empirical_marginal,39.28571428571428,40.17857142857143,defense_worse
adult,S2c,E2,precode,12,71.42857142857143,undefended,0.0,71.42857142857143,defense_worse
adult,S2c,E2,precode,12,71.42857142857143,mean_mode,48.21428571428572,23.214285714285708,defense_worse
adult,S2c,E2,precode,12,71.42857142857143,empirical_marginal,48.21428571428572,23.214285714285708,defense_worse
adult,S2c,E2,precode,13,75.89285714285714,undefended,15.17857142857143,60.71428571428571,defense_worse
adult,S2c,E2,precode,13,75.89285714285714,mean_mode,46.42857142857143,29.464285714285708,defense_worse
adult,S2c,E2,precode,13,75.89285714285714,empirical_marginal,45.53571428571429,30.357142857142847,defense_worse
adult,S2c,E2,precode,14,79.46428571428571,undefended,0.0,79.46428571428571,defense_worse
adult,S2c,E2,precode,14,79.46428571428571,mean_mode,48.21428571428572,31.249999999999986,defense_worse
adult,S2c,E2,precode,14,79.46428571428571,empirical_marginal,47.32142857142857,32.14285714285714,defense_worse
adult,S2c,E2,precode,15,85.71428571428571,undefended,27.67857142857143,58.03571428571428,defense_worse
adult,S2c,E2,precode,15,85.71428571428571,mean_mode,46.428571428571416,39.28571428571429,defense_worse
adult,S2c,E2,precode,15,85.71428571428571,empirical_marginal,42.85714285714286,42.85714285714285,defense_worse
adult,S2c,E2,precode,16,75.89285714285714,undefended,8.92857142857143,66.96428571428571,defense_worse
adult,S2c,E2,precode,16,75.89285714285714,mean_mode,44.64285714285714,31.25,defense_worse
adult,S2c,E2,precode,16,75.89285714285714,empirical_marginal,40.17857142857143,35.71428571428571,defense_worse
adult,S2c,E2,precode,17,79.46428571428572,undefended,16.964285714285722,62.5,defense_worse
adult,S2c,E2,precode,17,79.46428571428572,mean_mode,53.571428571428584,25.89285714285714,defense_worse
adult,S2c,E2,precode,17,79.46428571428572,empirical_marginal,46.42857142857143,33.03571428571429,defense_worse
adult,S2c,E2,precode,18,85.71428571428571,undefended,2.6785714285714306,83.03571428571428,defense_worse
adult,S2c,E2,precode,18,85.71428571428571,mean_mode,40.17857142857143,45.53571428571428,defense_worse
adult,S2c,E2,precode,18,85.71428571428571,empirical_marginal,30.35714285714286,55.35714285714285,defense_worse
adult,S2c,E2,precode,19,77.67857142857143,undefended,0.0,77.67857142857143,defense_worse
adult,S2c,E2,precode,19,77.67857142857143,mean_mode,44.64285714285714,33.03571428571429,defense_worse
adult,S2c,E2,precode,19,77.67857142857143,empirical_marginal,44.64285714285714,33.03571428571429,defense_worse
adult,S2c,E2,precode,20,75.89285714285715,undefended,0.0,75.89285714285715,defense_worse
adult,S2c,E2,precode,20,75.89285714285715,mean_mode,54.46428571428572,21.42857142857143,defense_worse
adult,S2c,E2,precode,20,75.89285714285715,empirical_marginal,49.10714285714286,26.785714285714292,defense_worse
adult,S2c,E2,precode,21,69.64285714285714,undefended,3.5714285714285694,66.07142857142857,defense_worse
adult,S2c,E2,precode,21,69.64285714285714,mean_mode,46.42857142857143,23.214285714285708,defense_worse
adult,S2c,E2,precode,21,69.64285714285714,empirical_marginal,44.64285714285714,25.0,defense_worse
adult,S2c,E2,precode,22,69.64285714285714,undefended,1.7857142857142918,67.85714285714285,defense_worse
adult,S2c,E2,precode,22,69.64285714285714,mean_mode,57.14285714285715,12.499999999999986,defense_worse
adult,S2c,E2,precode,22,69.64285714285714,empirical_marginal,57.14285714285714,12.5,defense_worse
adult,S2c,E2,precode,23,76.78571428571428,undefended,8.035714285714278,68.75,defense_worse
adult,S2c,E2,precode,23,76.78571428571428,mean_mode,47.32142857142857,29.464285714285708,defense_worse
adult,S2c,E2,precode,23,76.78571428571428,empirical_marginal,48.21428571428572,28.571428571428555,defense_worse
adult,S2c,E2,precode,24,77.67857142857142,undefended,0.8928571428571388,76.78571428571428,defense_worse
adult,S2c,E2,precode,24,77.67857142857142,mean_mode,49.10714285714286,28.571428571428555,defense_worse
adult,S2c,E2,precode,24,77.67857142857142,empirical_marginal,44.64285714285714,33.03571428571428,defense_worse
adult,S2c,E2,precode,25,74.10714285714286,undefended,0.8928571428571388,73.21428571428572,defense_worse
adult,S2c,E2,precode,25,74.10714285714286,mean_mode,57.14285714285714,16.964285714285722,defense_worse
adult,S2c,E2,precode,25,74.10714285714286,empirical_marginal,55.35714285714286,18.75,defense_worse
adult,S2c,E2,precode,26,81.25,undefended,0.0,81.25,defense_worse
adult,S2c,E2,precode,26,81.25,mean_mode,47.32142857142857,33.92857142857143,defense_worse
adult,S2c,E2,precode,26,81.25,empirical_marginal,41.07142857142857,40.17857142857143,defense_worse
adult,S2c,E2,precode,27,67.85714285714286,undefended,1.7857142857142918,66.07142857142857,defense_worse
adult,S2c,E2,precode,27,67.85714285714286,mean_mode,50.89285714285714,16.964285714285722,defense_worse
adult,S2c,E2,precode,27,67.85714285714286,empirical_marginal,53.57142857142857,14.285714285714292,defense_worse
adult,S2c,E2,precode,28,64.28571428571429,undefended,0.0,64.28571428571429,defense_worse
adult,S2c,E2,precode,28,64.28571428571429,mean_mode,44.64285714285714,19.642857142857153,defense_worse
adult,S2c,E2,precode,28,64.28571428571429,empirical_marginal,46.42857142857143,17.85714285714286,defense_worse
adult,S2c,E2,precode,29,73.21428571428572,undefended,1.7857142857142918,71.42857142857143,defense_worse
adult,S2c,E2,precode,29,73.21428571428572,mean_mode,42.85714285714286,30.35714285714286,defense_worse
adult,S2c,E2,precode,29,73.21428571428572,empirical_marginal,45.53571428571429,27.67857142857143,defense_worse
adult,S2c,E2,precode,30,76.78571428571429,undefended,0.0,76.78571428571429,defense_worse
adult,S2c,E2,precode,30,76.78571428571429,mean_mode,46.42857142857143,30.35714285714286,defense_worse
adult,S2c,E2,precode,30,76.78571428571429,empirical_marginal,43.75,33.03571428571429,defense_worse
adult,S2c,E2,precode,31,84.82142857142857,undefended,0.0,84.82142857142857,defense_worse
adult,S2c,E2,precode,31,84.82142857142857,mean_mode,43.75,41.07142857142857,defense_worse
adult,S2c,E2,precode,31,84.82142857142857,empirical_marginal,36.60714285714286,48.21428571428571,defense_worse
adult,S2c,E2,precode,32,88.39285714285714,undefended,0.0,88.39285714285714,defense_worse
adult,S2c,E2,precode,32,88.39285714285714,mean_mode,52.67857142857143,35.71428571428571,defense_worse
adult,S2c,E2,precode,32,88.39285714285714,empirical_marginal,51.78571428571429,36.60714285714285,defense_worse
adult,S2c,E2,precode,33,79.46428571428572,undefended,0.0,79.46428571428572,defense_worse
adult,S2c,E2,precode,33,79.46428571428572,mean_mode,49.10714285714286,30.35714285714286,defense_worse
adult,S2c,E2,precode,33,79.46428571428572,empirical_marginal,45.53571428571429,33.92857142857143,defense_worse
adult,S2c,E2,precode,34,74.10714285714286,undefended,0.0,74.10714285714286,defense_worse
adult,S2c,E2,precode,34,74.10714285714286,mean_mode,51.78571428571428,22.321428571428584,defense_worse
adult,S2c,E2,precode,34,74.10714285714286,empirical_marginal,49.10714285714286,25.0,defense_worse
adult,S2c,E2,precode,35,79.46428571428572,undefended,0.0,79.46428571428572,defense_worse
adult,S2c,E2,precode,35,79.46428571428572,mean_mode,44.64285714285714,34.821428571428584,defense_worse
adult,S2c,E2,precode,35,79.46428571428572,empirical_marginal,44.64285714285714,34.821428571428584,defense_worse
adult,S2c,E2,precode,36,83.03571428571428,undefended,0.8928571428571388,82.14285714285714,defense_worse
adult,S2c,E2,precode,36,83.03571428571428,mean_mode,46.428571428571416,36.60714285714286,defense_worse
adult,S2c,E2,precode,36,83.03571428571428,empirical_marginal,41.96428571428572,41.071428571428555,defense_worse
adult,S2c,E2,precode,37,71.42857142857142,undefended,3.5714285714285694,67.85714285714285,defense_worse
adult,S2c,E2,precode,37,71.42857142857142,mean_mode,52.67857142857143,18.749999999999986,defense_worse
adult,S2c,E2,precode,37,71.42857142857142,empirical_marginal,53.57142857142857,17.857142857142847,defense_worse
adult,S2c,E2,precode,38,81.25,undefended,0.8928571428571388,80.35714285714286,defense_worse
adult,S2c,E2,precode,38,81.25,mean_mode,48.21428571428571,33.03571428571429,defense_worse
adult,S2c,E2,precode,38,81.25,empirical_marginal,45.53571428571428,35.71428571428572,defense_worse
adult,S2d,E1,count_sketch,0,30.35714285714286,undefended,0.0,30.35714285714286,defense_worse
adult,S2d,E1,count_sketch,0,30.35714285714286,mean_mode,46.42857142857143,-16.07142857142857,defense_better
adult,S2d,E1,count_sketch,0,30.35714285714286,empirical_marginal,45.53571428571428,-15.178571428571416,defense_better
adult,S2d,E1,count_sketch,1,41.07142857142857,undefended,29.464285714285722,11.607142857142847,defense_worse
adult,S2d,E1,count_sketch,1,41.07142857142857,mean_mode,43.75,-2.6785714285714306,defense_better
adult,S2d,E1,count_sketch,1,41.07142857142857,empirical_marginal,42.85714285714286,-1.7857142857142918,defense_better
adult,S2d,E1,count_sketch,2,30.35714285714286,undefended,0.8928571428571388,29.464285714285722,defense_worse
adult,S2d,E1,count_sketch,2,30.35714285714286,mean_mode,46.42857142857143,-16.07142857142857,defense_better
adult,S2d,E1,count_sketch,2,30.35714285714286,empirical_marginal,44.64285714285714,-14.285714285714278,defense_better
adult,S2d,E1,count_sketch,3,47.32142857142857,undefended,33.92857142857143,13.392857142857139,defense_worse
adult,S2d,E1,count_sketch,3,47.32142857142857,mean_mode,44.64285714285714,2.6785714285714306,defense_worse
adult,S2d,E1,count_sketch,3,47.32142857142857,empirical_marginal,38.39285714285714,8.92857142857143,defense_worse
adult,S2d,E1,count_sketch,4,37.5,undefended,0.0,37.5,defense_worse
adult,S2d,E1,count_sketch,4,37.5,mean_mode,54.46428571428572,-16.964285714285722,defense_better
adult,S2d,E1,count_sketch,4,37.5,empirical_marginal,48.21428571428571,-10.714285714285708,defense_better
adult,S2d,E1,count_sketch,5,33.03571428571428,undefended,0.0,33.03571428571428,defense_worse
adult,S2d,E1,count_sketch,5,33.03571428571428,mean_mode,47.32142857142857,-14.285714285714292,defense_better
adult,S2d,E1,count_sketch,5,33.03571428571428,empirical_marginal,40.17857142857143,-7.142857142857153,defense_better
adult,S2d,E1,count_sketch,6,31.25,undefended,0.0,31.25,defense_worse
adult,S2d,E1,count_sketch,6,31.25,mean_mode,50.0,-18.75,defense_better
adult,S2d,E1,count_sketch,6,31.25,empirical_marginal,43.75,-12.5,defense_better
adult,S2d,E1,count_sketch,7,35.71428571428571,undefended,8.92857142857143,26.785714285714278,defense_worse
adult,S2d,E1,count_sketch,7,35.71428571428571,mean_mode,49.10714285714286,-13.392857142857153,defense_better
adult,S2d,E1,count_sketch,7,35.71428571428571,empirical_marginal,50.0,-14.285714285714292,defense_better
adult,S2d,E1,count_sketch,8,37.5,undefended,0.0,37.5,defense_worse
adult,S2d,E1,count_sketch,8,37.5,mean_mode,48.21428571428571,-10.714285714285708,defense_better
adult,S2d,E1,count_sketch,8,37.5,empirical_marginal,44.64285714285714,-7.142857142857139,defense_better
adult,S2d,E1,count_sketch,9,31.25,undefended,0.0,31.25,defense_worse
adult,S2d,E1,count_sketch,9,31.25,mean_mode,44.64285714285714,-13.392857142857139,defense_better
adult,S2d,E1,count_sketch,9,31.25,empirical_marginal,39.28571428571428,-8.035714285714278,defense_better
adult,S2d,E1,count_sketch,10,35.71428571428572,undefended,5.357142857142861,30.35714285714286,defense_worse
adult,S2d,E1,count_sketch,10,35.71428571428572,mean_mode,50.89285714285714,-15.178571428571416,defense_better
adult,S2d,E1,count_sketch,10,35.71428571428572,empirical_marginal,46.42857142857143,-10.714285714285708,defense_better
adult,S2d,E1,count_sketch,11,29.464285714285708,undefended,4.464285714285708,25.0,defense_worse
adult,S2d,E1,count_sketch,11,29.464285714285708,mean_mode,39.28571428571428,-9.82142857142857,defense_better
adult,S2d,E1,count_sketch,11,29.464285714285708,empirical_marginal,39.28571428571428,-9.82142857142857,defense_better
adult,S2d,E1,count_sketch,12,41.07142857142857,undefended,0.0,41.07142857142857,defense_worse
adult,S2d,E1,count_sketch,12,41.07142857142857,mean_mode,48.21428571428572,-7.142857142857153,defense_better
adult,S2d,E1,count_sketch,12,41.07142857142857,empirical_marginal,48.21428571428572,-7.142857142857153,defense_better
adult,S2d,E1,count_sketch,13,39.28571428571428,undefended,15.17857142857143,24.107142857142847,defense_worse
adult,S2d,E1,count_sketch,13,39.28571428571428,mean_mode,46.42857142857143,-7.142857142857153,defense_better
adult,S2d,E1,count_sketch,13,39.28571428571428,empirical_marginal,45.53571428571429,-6.250000000000014,defense_better
adult,S2d,E1,count_sketch,14,40.17857142857143,undefended,0.0,40.17857142857143,defense_worse
adult,S2d,E1,count_sketch,14,40.17857142857143,mean_mode,48.21428571428572,-8.035714285714292,defense_better
adult,S2d,E1,count_sketch,14,40.17857142857143,empirical_marginal,47.32142857142857,-7.142857142857139,defense_better
adult,S2d,E1,count_sketch,15,45.53571428571428,undefended,27.67857142857143,17.857142857142847,defense_worse
adult,S2d,E1,count_sketch,15,45.53571428571428,mean_mode,46.428571428571416,-0.8928571428571388,defense_better
adult,S2d,E1,count_sketch,15,45.53571428571428,empirical_marginal,42.85714285714286,2.6785714285714164,defense_worse
adult,S2d,E1,count_sketch,16,35.71428571428571,undefended,8.92857142857143,26.785714285714278,defense_worse
adult,S2d,E1,count_sketch,16,35.71428571428571,mean_mode,44.64285714285714,-8.92857142857143,defense_better
adult,S2d,E1,count_sketch,16,35.71428571428571,empirical_marginal,40.17857142857143,-4.464285714285722,defense_better
adult,S2d,E1,count_sketch,17,41.07142857142857,undefended,16.964285714285722,24.107142857142847,defense_worse
adult,S2d,E1,count_sketch,17,41.07142857142857,mean_mode,53.571428571428584,-12.500000000000014,defense_better
adult,S2d,E1,count_sketch,17,41.07142857142857,empirical_marginal,46.42857142857143,-5.357142857142861,defense_better
adult,S2d,E1,count_sketch,18,33.03571428571428,undefended,2.6785714285714306,30.357142857142847,defense_worse
adult,S2d,E1,count_sketch,18,33.03571428571428,mean_mode,40.17857142857143,-7.142857142857153,defense_better
adult,S2d,E1,count_sketch,18,33.03571428571428,empirical_marginal,30.35714285714286,2.6785714285714164,defense_worse
adult,S2d,E1,count_sketch,19,33.03571428571428,undefended,0.0,33.03571428571428,defense_worse
adult,S2d,E1,count_sketch,19,33.03571428571428,mean_mode,44.64285714285714,-11.607142857142861,defense_better
adult,S2d,E1,count_sketch,19,33.03571428571428,empirical_marginal,44.64285714285714,-11.607142857142861,defense_better
adult,S2d,E1,count_sketch,20,36.60714285714286,undefended,0.0,36.60714285714286,defense_worse
adult,S2d,E1,count_sketch,20,36.60714285714286,mean_mode,54.46428571428572,-17.85714285714286,defense_better
adult,S2d,E1,count_sketch,20,36.60714285714286,empirical_marginal,49.10714285714286,-12.5,defense_better
adult,S2d,E1,count_sketch,21,28.57142857142857,undefended,3.5714285714285694,25.0,defense_worse
adult,S2d,E1,count_sketch,21,28.57142857142857,mean_mode,46.42857142857143,-17.85714285714286,defense_better
adult,S2d,E1,count_sketch,21,28.57142857142857,empirical_marginal,44.64285714285714,-16.07142857142857,defense_better
adult,S2d,E1,count_sketch,22,33.03571428571428,undefended,1.7857142857142918,31.249999999999986,defense_worse
adult,S2d,E1,count_sketch,22,33.03571428571428,mean_mode,57.14285714285715,-24.107142857142875,defense_better
adult,S2d,E1,count_sketch,22,33.03571428571428,empirical_marginal,57.14285714285714,-24.10714285714286,defense_better
adult,S2d,E1,count_sketch,23,35.71428571428571,undefended,8.035714285714278,27.67857142857143,defense_worse
adult,S2d,E1,count_sketch,23,35.71428571428571,mean_mode,47.32142857142857,-11.607142857142861,defense_better
adult,S2d,E1,count_sketch,23,35.71428571428571,empirical_marginal,48.21428571428572,-12.500000000000014,defense_better
adult,S2d,E1,count_sketch,24,31.25,undefended,0.8928571428571388,30.35714285714286,defense_worse
adult,S2d,E1,count_sketch,24,31.25,mean_mode,49.10714285714286,-17.85714285714286,defense_better
adult,S2d,E1,count_sketch,24,31.25,empirical_marginal,44.64285714285714,-13.392857142857139,defense_better
adult,S2d,E1,count_sketch,25,39.28571428571428,undefended,0.8928571428571388,38.39285714285714,defense_worse
adult,S2d,E1,count_sketch,25,39.28571428571428,mean_mode,57.14285714285714,-17.85714285714286,defense_better
adult,S2d,E1,count_sketch,25,39.28571428571428,empirical_marginal,55.35714285714286,-16.071428571428584,defense_better
adult,S2d,E1,count_sketch,26,31.25,undefended,0.0,31.25,defense_worse
adult,S2d,E1,count_sketch,26,31.25,mean_mode,47.32142857142857,-16.07142857142857,defense_better
adult,S2d,E1,count_sketch,26,31.25,empirical_marginal,41.07142857142857,-9.82142857142857,defense_better
adult,S2d,E1,count_sketch,27,36.60714285714286,undefended,1.7857142857142918,34.82142857142857,defense_worse
adult,S2d,E1,count_sketch,27,36.60714285714286,mean_mode,50.89285714285714,-14.285714285714278,defense_better
adult,S2d,E1,count_sketch,27,36.60714285714286,empirical_marginal,53.57142857142857,-16.964285714285708,defense_better
adult,S2d,E1,count_sketch,28,41.96428571428572,undefended,0.0,41.96428571428572,defense_worse
adult,S2d,E1,count_sketch,28,41.96428571428572,mean_mode,44.64285714285714,-2.6785714285714164,defense_better
adult,S2d,E1,count_sketch,28,41.96428571428572,empirical_marginal,46.42857142857143,-4.464285714285708,defense_better
adult,S2d,E1,count_sketch,29,20.535714285714278,undefended,1.7857142857142918,18.749999999999986,defense_worse
adult,S2d,E1,count_sketch,29,20.535714285714278,mean_mode,42.85714285714286,-22.321428571428584,defense_better
adult,S2d,E1,count_sketch,29,20.535714285714278,empirical_marginal,45.53571428571429,-25.000000000000014,defense_better
adult,S2d,E1,count_sketch,30,31.25,undefended,0.0,31.25,defense_worse
adult,S2d,E1,count_sketch,30,31.25,mean_mode,46.42857142857143,-15.17857142857143,defense_better
adult,S2d,E1,count_sketch,30,31.25,empirical_marginal,43.75,-12.5,defense_better
adult,S2d,E1,count_sketch,31,28.57142857142857,undefended,0.0,28.57142857142857,defense_worse
adult,S2d,E1,count_sketch,31,28.57142857142857,mean_mode,43.75,-15.17857142857143,defense_better
adult,S2d,E1,count_sketch,31,28.57142857142857,empirical_marginal,36.60714285714286,-8.035714285714292,defense_better
adult,S2d,E1,count_sketch,32,35.71428571428571,undefended,0.0,35.71428571428571,defense_worse
adult,S2d,E1,count_sketch,32,35.71428571428571,mean_mode,52.67857142857143,-16.964285714285722,defense_better
adult,S2d,E1,count_sketch,32,35.71428571428571,empirical_marginal,51.78571428571429,-16.071428571428584,defense_better
adult,S2d,E1,count_sketch,33,31.25,undefended,0.0,31.25,defense_worse
adult,S2d,E1,count_sketch,33,31.25,mean_mode,49.10714285714286,-17.85714285714286,defense_better
adult,S2d,E1,count_sketch,33,31.25,empirical_marginal,45.53571428571429,-14.285714285714292,defense_better
adult,S2d,E1,count_sketch,34,32.14285714285714,undefended,0.0,32.14285714285714,defense_worse
adult,S2d,E1,count_sketch,34,32.14285714285714,mean_mode,51.78571428571428,-19.64285714285714,defense_better
adult,S2d,E1,count_sketch,34,32.14285714285714,empirical_marginal,49.10714285714286,-16.964285714285722,defense_better
adult,S2d,E1,count_sketch,35,35.71428571428572,undefended,0.0,35.71428571428572,defense_worse
adult,S2d,E1,count_sketch,35,35.71428571428572,mean_mode,44.64285714285714,-8.928571428571416,defense_better
adult,S2d,E1,count_sketch,35,35.71428571428572,empirical_marginal,44.64285714285714,-8.928571428571416,defense_better
adult,S2d,E1,count_sketch,36,28.57142857142857,undefended,0.8928571428571388,27.67857142857143,defense_worse
adult,S2d,E1,count_sketch,36,28.57142857142857,mean_mode,46.428571428571416,-17.857142857142847,defense_better
adult,S2d,E1,count_sketch,36,28.57142857142857,empirical_marginal,41.96428571428572,-13.392857142857153,defense_better
adult,S2d,E1,count_sketch,37,43.75,undefended,3.5714285714285694,40.17857142857143,defense_worse
adult,S2d,E1,count_sketch,37,43.75,mean_mode,52.67857142857143,-8.92857142857143,defense_better
adult,S2d,E1,count_sketch,37,43.75,empirical_marginal,53.57142857142857,-9.82142857142857,defense_better
adult,S2d,E1,count_sketch,38,39.28571428571428,undefended,0.8928571428571388,38.39285714285714,defense_worse
adult,S2d,E1,count_sketch,38,39.28571428571428,mean_mode,48.21428571428571,-8.92857142857143,defense_better
adult,S2d,E1,count_sketch,38,39.28571428571428,empirical_marginal,45.53571428571428,-6.25,defense_better
adult,S2d,E2,count_sketch,0,6.25,undefended,0.0,6.25,defense_worse
adult,S2d,E2,count_sketch,0,6.25,mean_mode,46.42857142857143,-40.17857142857143,defense_better
adult,S2d,E2,count_sketch,0,6.25,empirical_marginal,45.53571428571428,-39.28571428571428,defense_better
adult,S2d,E2,count_sketch,1,32.14285714285714,undefended,29.464285714285722,2.6785714285714164,defense_worse
adult,S2d,E2,count_sketch,1,32.14285714285714,mean_mode,43.75,-11.607142857142861,defense_better
adult,S2d,E2,count_sketch,1,32.14285714285714,empirical_marginal,42.85714285714286,-10.714285714285722,defense_better
adult,S2d,E2,count_sketch,2,8.92857142857143,undefended,0.8928571428571388,8.035714285714292,defense_worse
adult,S2d,E2,count_sketch,2,8.92857142857143,mean_mode,46.42857142857143,-37.5,defense_better
adult,S2d,E2,count_sketch,2,8.92857142857143,empirical_marginal,44.64285714285714,-35.71428571428571,defense_better
adult,S2d,E2,count_sketch,3,43.75,undefended,33.92857142857143,9.82142857142857,defense_worse
adult,S2d,E2,count_sketch,3,43.75,mean_mode,44.64285714285714,-0.8928571428571388,defense_better
adult,S2d,E2,count_sketch,3,43.75,empirical_marginal,38.39285714285714,5.357142857142861,defense_worse
adult,S2d,E2,count_sketch,4,0.8928571428571388,undefended,0.0,0.8928571428571388,defense_worse
adult,S2d,E2,count_sketch,4,0.8928571428571388,mean_mode,54.46428571428572,-53.571428571428584,defense_better
adult,S2d,E2,count_sketch,4,0.8928571428571388,empirical_marginal,48.21428571428571,-47.32142857142857,defense_better
adult,S2d,E2,count_sketch,5,11.607142857142861,undefended,0.0,11.607142857142861,defense_worse
adult,S2d,E2,count_sketch,5,11.607142857142861,mean_mode,47.32142857142857,-35.71428571428571,defense_better
adult,S2d,E2,count_sketch,5,11.607142857142861,empirical_marginal,40.17857142857143,-28.57142857142857,defense_better
adult,S2d,E2,count_sketch,6,11.607142857142861,undefended,0.0,11.607142857142861,defense_worse
adult,S2d,E2,count_sketch,6,11.607142857142861,mean_mode,50.0,-38.39285714285714,defense_better
adult,S2d,E2,count_sketch,6,11.607142857142861,empirical_marginal,43.75,-32.14285714285714,defense_better
adult,S2d,E2,count_sketch,7,16.964285714285722,undefended,8.92857142857143,8.035714285714292,defense_worse
adult,S2d,E2,count_sketch,7,16.964285714285722,mean_mode,49.10714285714286,-32.14285714285714,defense_better
adult,S2d,E2,count_sketch,7,16.964285714285722,empirical_marginal,50.0,-33.03571428571428,defense_better
adult,S2d,E2,count_sketch,8,3.5714285714285694,undefended,0.0,3.5714285714285694,defense_worse
adult,S2d,E2,count_sketch,8,3.5714285714285694,mean_mode,48.21428571428571,-44.64285714285714,defense_better
adult,S2d,E2,count_sketch,8,3.5714285714285694,empirical_marginal,44.64285714285714,-41.07142857142857,defense_better
adult,S2d,E2,count_sketch,9,2.6785714285714306,undefended,0.0,2.6785714285714306,defense_worse
adult,S2d,E2,count_sketch,9,2.6785714285714306,mean_mode,44.64285714285714,-41.96428571428571,defense_better
adult,S2d,E2,count_sketch,9,2.6785714285714306,empirical_marginal,39.28571428571428,-36.60714285714285,defense_better
adult,S2d,E2,count_sketch,10,20.535714285714278,undefended,5.357142857142861,15.178571428571416,defense_worse
adult,S2d,E2,count_sketch,10,20.535714285714278,mean_mode,50.89285714285714,-30.35714285714286,defense_better
adult,S2d,E2,count_sketch,10,20.535714285714278,empirical_marginal,46.42857142857143,-25.892857142857153,defense_better
adult,S2d,E2,count_sketch,11,15.17857142857143,undefended,4.464285714285708,10.714285714285722,defense_worse
adult,S2d,E2,count_sketch,11,15.17857142857143,mean_mode,39.28571428571428,-24.107142857142847,defense_better
adult,S2d,E2,count_sketch,11,15.17857142857143,empirical_marginal,39.28571428571428,-24.107142857142847,defense_better
adult,S2d,E2,count_sketch,12,0.0,undefended,0.0,0.0,tie
adult,S2d,E2,count_sketch,12,0.0,mean_mode,48.21428571428572,-48.21428571428572,defense_better
adult,S2d,E2,count_sketch,12,0.0,empirical_marginal,48.21428571428572,-48.21428571428572,defense_better
adult,S2d,E2,count_sketch,13,29.464285714285722,undefended,15.17857142857143,14.285714285714292,defense_worse
adult,S2d,E2,count_sketch,13,29.464285714285722,mean_mode,46.42857142857143,-16.964285714285708,defense_better
adult,S2d,E2,count_sketch,13,29.464285714285722,empirical_marginal,45.53571428571429,-16.07142857142857,defense_better
adult,S2d,E2,count_sketch,14,20.535714285714278,undefended,0.0,20.535714285714278,defense_worse
adult,S2d,E2,count_sketch,14,20.535714285714278,mean_mode,48.21428571428572,-27.678571428571445,defense_better
adult,S2d,E2,count_sketch,14,20.535714285714278,empirical_marginal,47.32142857142857,-26.785714285714292,defense_better
adult,S2d,E2,count_sketch,15,34.82142857142857,undefended,27.67857142857143,7.142857142857139,defense_worse
adult,S2d,E2,count_sketch,15,34.82142857142857,mean_mode,46.428571428571416,-11.607142857142847,defense_better
adult,S2d,E2,count_sketch,15,34.82142857142857,empirical_marginal,42.85714285714286,-8.035714285714292,defense_better
adult,S2d,E2,count_sketch,16,25.0,undefended,8.92857142857143,16.07142857142857,defense_worse
adult,S2d,E2,count_sketch,16,25.0,mean_mode,44.64285714285714,-19.64285714285714,defense_better
adult,S2d,E2,count_sketch,16,25.0,empirical_marginal,40.17857142857143,-15.17857142857143,defense_better
adult,S2d,E2,count_sketch,17,28.57142857142857,undefended,16.964285714285722,11.607142857142847,defense_worse
adult,S2d,E2,count_sketch,17,28.57142857142857,mean_mode,53.571428571428584,-25.000000000000014,defense_better
adult,S2d,E2,count_sketch,17,28.57142857142857,empirical_marginal,46.42857142857143,-17.85714285714286,defense_better
adult,S2d,E2,count_sketch,18,16.07142857142857,undefended,2.6785714285714306,13.392857142857139,defense_worse
adult,S2d,E2,count_sketch,18,16.07142857142857,mean_mode,40.17857142857143,-24.10714285714286,defense_better
adult,S2d,E2,count_sketch,18,16.07142857142857,empirical_marginal,30.35714285714286,-14.285714285714292,defense_better
adult,S2d,E2,count_sketch,19,5.357142857142861,undefended,0.0,5.357142857142861,defense_worse
adult,S2d,E2,count_sketch,19,5.357142857142861,mean_mode,44.64285714285714,-39.28571428571428,defense_better
adult,S2d,E2,count_sketch,19,5.357142857142861,empirical_marginal,44.64285714285714,-39.28571428571428,defense_better
adult,S2d,E2,count_sketch,20,9.82142857142857,undefended,0.0,9.82142857142857,defense_worse
adult,S2d,E2,count_sketch,20,9.82142857142857,mean_mode,54.46428571428572,-44.64285714285715,defense_better
adult,S2d,E2,count_sketch,20,9.82142857142857,empirical_marginal,49.10714285714286,-39.28571428571429,defense_better
adult,S2d,E2,count_sketch,21,14.285714285714278,undefended,3.5714285714285694,10.714285714285708,defense_worse
adult,S2d,E2,count_sketch,21,14.285714285714278,mean_mode,46.42857142857143,-32.14285714285715,defense_better
adult,S2d,E2,count_sketch,21,14.285714285714278,empirical_marginal,44.64285714285714,-30.35714285714286,defense_better
adult,S2d,E2,count_sketch,22,14.285714285714278,undefended,1.7857142857142918,12.499999999999986,defense_worse
adult,S2d,E2,count_sketch,22,14.285714285714278,mean_mode,57.14285714285715,-42.857142857142875,defense_better
adult,S2d,E2,count_sketch,22,14.285714285714278,empirical_marginal,57.14285714285714,-42.85714285714286,defense_better
adult,S2d,E2,count_sketch,23,14.285714285714278,undefended,8.035714285714278,6.25,defense_worse
adult,S2d,E2,count_sketch,23,14.285714285714278,mean_mode,47.32142857142857,-33.03571428571429,defense_better
adult,S2d,E2,count_sketch,23,14.285714285714278,empirical_marginal,48.21428571428572,-33.928571428571445,defense_better
adult,S2d,E2,count_sketch,24,13.392857142857139,undefended,0.8928571428571388,12.5,defense_worse
adult,S2d,E2,count_sketch,24,13.392857142857139,mean_mode,49.10714285714286,-35.71428571428572,defense_better
adult,S2d,E2,count_sketch,24,13.392857142857139,empirical_marginal,44.64285714285714,-31.25,defense_better
adult,S2d,E2,count_sketch,25,11.607142857142861,undefended,0.8928571428571388,10.714285714285722,defense_worse
adult,S2d,E2,count_sketch,25,11.607142857142861,mean_mode,57.14285714285714,-45.53571428571428,defense_better
adult,S2d,E2,count_sketch,25,11.607142857142861,empirical_marginal,55.35714285714286,-43.75,defense_better
adult,S2d,E2,count_sketch,26,7.142857142857139,undefended,0.0,7.142857142857139,defense_worse
adult,S2d,E2,count_sketch,26,7.142857142857139,mean_mode,47.32142857142857,-40.17857142857143,defense_better
adult,S2d,E2,count_sketch,26,7.142857142857139,empirical_marginal,41.07142857142857,-33.92857142857143,defense_better
adult,S2d,E2,count_sketch,27,8.035714285714278,undefended,1.7857142857142918,6.249999999999986,defense_worse
adult,S2d,E2,count_sketch,27,8.035714285714278,mean_mode,50.89285714285714,-42.85714285714286,defense_better
adult,S2d,E2,count_sketch,27,8.035714285714278,empirical_marginal,53.57142857142857,-45.53571428571429,defense_better
adult,S2d,E2,count_sketch,28,7.142857142857139,undefended,0.0,7.142857142857139,defense_worse
adult,S2d,E2,count_sketch,28,7.142857142857139,mean_mode,44.64285714285714,-37.5,defense_better
adult,S2d,E2,count_sketch,28,7.142857142857139,empirical_marginal,46.42857142857143,-39.28571428571429,defense_better
adult,S2d,E2,count_sketch,29,2.6785714285714306,undefended,1.7857142857142918,0.8928571428571388,defense_worse
adult,S2d,E2,count_sketch,29,2.6785714285714306,mean_mode,42.85714285714286,-40.17857142857143,defense_better
adult,S2d,E2,count_sketch,29,2.6785714285714306,empirical_marginal,45.53571428571429,-42.85714285714286,defense_better
adult,S2d,E2,count_sketch,30,0.0,undefended,0.0,0.0,tie
adult,S2d,E2,count_sketch,30,0.0,mean_mode,46.42857142857143,-46.42857142857143,defense_better
adult,S2d,E2,count_sketch,30,0.0,empirical_marginal,43.75,-43.75,defense_better
adult,S2d,E2,count_sketch,31,16.07142857142857,undefended,0.0,16.07142857142857,defense_worse
adult,S2d,E2,count_sketch,31,16.07142857142857,mean_mode,43.75,-27.67857142857143,defense_better
adult,S2d,E2,count_sketch,31,16.07142857142857,empirical_marginal,36.60714285714286,-20.535714285714292,defense_better
adult,S2d,E2,count_sketch,32,7.142857142857139,undefended,0.0,7.142857142857139,defense_worse
adult,S2d,E2,count_sketch,32,7.142857142857139,mean_mode,52.67857142857143,-45.53571428571429,defense_better
adult,S2d,E2,count_sketch,32,7.142857142857139,empirical_marginal,51.78571428571429,-44.64285714285715,defense_better
adult,S2d,E2,count_sketch,33,12.5,undefended,0.0,12.5,defense_worse
adult,S2d,E2,count_sketch,33,12.5,mean_mode,49.10714285714286,-36.60714285714286,defense_better
adult,S2d,E2,count_sketch,33,12.5,empirical_marginal,45.53571428571429,-33.03571428571429,defense_better
adult,S2d,E2,count_sketch,34,9.82142857142857,undefended,0.0,9.82142857142857,defense_worse
adult,S2d,E2,count_sketch,34,9.82142857142857,mean_mode,51.78571428571428,-41.96428571428571,defense_better
adult,S2d,E2,count_sketch,34,9.82142857142857,empirical_marginal,49.10714285714286,-39.28571428571429,defense_better
adult,S2d,E2,count_sketch,35,7.142857142857139,undefended,0.0,7.142857142857139,defense_worse
adult,S2d,E2,count_sketch,35,7.142857142857139,mean_mode,44.64285714285714,-37.5,defense_better
adult,S2d,E2,count_sketch,35,7.142857142857139,empirical_marginal,44.64285714285714,-37.5,defense_better
adult,S2d,E2,count_sketch,36,14.285714285714278,undefended,0.8928571428571388,13.392857142857139,defense_worse
adult,S2d,E2,count_sketch,36,14.285714285714278,mean_mode,46.428571428571416,-32.14285714285714,defense_better
adult,S2d,E2,count_sketch,36,14.285714285714278,empirical_marginal,41.96428571428572,-27.678571428571445,defense_better
adult,S2d,E2,count_sketch,37,9.82142857142857,undefended,3.5714285714285694,6.25,defense_worse
adult,S2d,E2,count_sketch,37,9.82142857142857,mean_mode,52.67857142857143,-42.85714285714286,defense_better
adult,S2d,E2,count_sketch,37,9.82142857142857,empirical_marginal,53.57142857142857,-43.75,defense_better
adult,S2d,E2,count_sketch,38,16.964285714285708,undefended,0.8928571428571388,16.07142857142857,defense_worse
adult,S2d,E2,count_sketch,38,16.964285714285708,mean_mode,48.21428571428571,-31.25,defense_better
adult,S2d,E2,count_sketch,38,16.964285714285708,empirical_marginal,45.53571428571428,-28.57142857142857,defense_better
