{"at":"2026-10-03T13:07:27Z","part":"protocol_direction","status":"REQUIRES_DIRECTION","done":0,"total":0,"failed":0,"scientific_jobs_launched":0,"reason":"P34B trusted-central epsilon does not protect raw individual uploads; comparator release model requires explicit choice before execution."}
{"at":"2026-10-03T13:33:51Z","part":"waiting_local_DP_utility_extension","status":"WAITING_PREREQUISITE","done":0,"total":0,"failed":0,"scientific_jobs_launched":0,"direction":"user authorized option2 client-side noise before individual upload","prerequisite":"264 local utility jobs and independent completion audit","optional_aggregate_scheduled":false}
{"at":"2026-10-03T16:33:52Z","part":"execution_annex_and_implementation_preparation","status":"PREPARING_NOT_EXECUTION_FROZEN","done":0,"total":0,"failed":0,"scientific_jobs_launched":0,"target_records_accessed":false,"prerequisite":"local P34B COMPLETE PASS:264jobs/1254bitexact arrays/39600noBN/78paired endpoints; no live workers","pending":"implementation, solver tests, exact seeds and source firewall, additive execution annex/freeze"}
{"at":"2026-10-03T17:03:52Z","part":"solver_preflight","status":"PASS","synthetic_tests":4,"scientific_jobs_launched":0,"target_records_accessed":false,"execution_frozen":false,"pending":"adapters, exact seeds/source firewall, job/gate drivers, full tests and execution freeze"}
{"at":"2026-10-03T17:33:52Z","part":"firewall_preflight","status":"PASS","synthetic_tests":7,"git_diff_check":"PASS","scientific_jobs_launched":0,"target_records_accessed":false,"real_target_ids_allocated":false,"execution_frozen":false,"pending":"historical exclusion provenance, adapters, job/gate drivers, full execution annex/freeze"}
{"at":"2026-10-03T17:48:44Z","part":"integration_preflight","status":"SYNTHETIC_PASS_HISTORY_AUDIT_IN_PROGRESS","synthetic_tests":17,"scientific_jobs_launched":0,"real_target_ids_allocated":false,"execution_frozen":false,"pending":"complete historical audit, adapters, final qualification preflight/freeze; later development/confirmatory drivers"}
{"comparator": "mean_mode_and_empirical_marginal", "dataset": "paysim", "defense": "unprotected", "done": 1, "eta_minutes": 5.170678166548411, "failed": 0, "last_update": "2026-10-03T17:58:07.531910+00:00", "part": "qualification_n8", "total": 72}
{"comparator": "mean_mode_and_empirical_marginal", "dataset": "paysim", "defense": "unprotected", "done": 2, "eta_minutes": 2.555298666159312, "failed": 0, "last_update": "2026-10-03T17:58:07.542850+00:00", "part": "qualification_n8", "total": 72}
{"comparator": "mean_mode_and_empirical_marginal", "dataset": "paysim", "defense": "unprotected", "done": 3, "eta_minutes": 1.6859027425448099, "failed": 0, "last_update": "2026-10-03T17:58:07.560346+00:00", "part": "qualification_n8", "total": 72}
{"comparator": "mean_mode_and_empirical_marginal", "dataset": "paysim", "defense": "unprotected", "done": 4, "eta_minutes": 1.24887611468633, "failed": 0, "last_update": "2026-10-03T17:58:07.570134+00:00", "part": "qualification_n8", "total": 72}
{"comparator": "mean_mode_and_empirical_marginal", "dataset": "paysim", "defense": "unprotected", "done": 5, "eta_minutes": 1.8875204491615294, "failed": 0, "last_update": "2026-10-03T17:58:11.613914+00:00", "part": "qualification_n8", "total": 72}
{"comparator": "mean_mode_and_empirical_marginal", "dataset": "paysim", "defense": "unprotected", "done": 6, "eta_minutes": 1.5512489795684814, "failed": 0, "last_update": "2026-10-03T17:58:11.623686+00:00", "part": "qualification_n8", "total": 72}
{"comparator": "mean_mode_and_empirical_marginal", "dataset": "paysim", "defense": "unprotected", "done": 7, "eta_minutes": 1.3111037271363395, "failed": 0, "last_update": "2026-10-03T17:58:11.634084+00:00", "part": "qualification_n8", "total": 72}
{"comparator": "mean_mode_and_empirical_marginal", "dataset": "paysim", "defense": "unprotected", "done": 8, "eta_minutes": 1.1305801391601562, "failed": 0, "last_update": "2026-10-03T17:58:11.641681+00:00", "part": "qualification_n8", "total": 72}
{"comparator": "mean_mode_and_empirical_marginal", "dataset": "paysim", "defense": "unprotected", "done": 9, "eta_minutes": 10.551602510611216, "failed": 0, "last_update": "2026-10-03T17:59:33.604637+00:00", "part": "qualification_n8", "total": 72}
{"comparator": "mean_mode_and_empirical_marginal", "dataset": "paysim", "defense": "unprotected", "done": 10, "eta_minutes": 9.438910806179047, "failed": 0, "last_update": "2026-10-03T17:59:34.506629+00:00", "part": "qualification_n8", "total": 72}
{"comparator": "mean_mode_and_empirical_marginal", "dataset": "paysim", "defense": "unprotected", "done": 11, "eta_minutes": 8.484027149460534, "failed": 0, "last_update": "2026-10-03T17:59:34.956716+00:00", "part": "qualification_n8", "total": 72}
{"comparator": "mean_mode_and_empirical_marginal", "dataset": "paysim", "defense": "unprotected", "done": 12, "eta_minutes": 9.621162354946136, "failed": 0, "last_update": "2026-10-03T17:59:58.616279+00:00", "part": "qualification_n8", "total": 72}
{"comparator": "mean_mode_and_empirical_marginal", "dataset": "paysim", "defense": "unprotected", "done": 13, "eta_minutes": 13.538499246193814, "failed": 0, "last_update": "2026-10-03T18:01:02.145879+00:00", "part": "qualification_n8", "total": 72}
{"comparator": "mean_mode_and_empirical_marginal", "dataset": "paysim", "defense": "unprotected", "done": 14, "eta_minutes": 12.440308162711915, "failed": 0, "last_update": "2026-10-03T18:01:03.332309+00:00", "part": "qualification_n8", "total": 72}
{"comparator": "mean_mode_and_empirical_marginal", "dataset": "paysim", "defense": "unprotected", "done": 15, "eta_minutes": 11.544698053995768, "failed": 0, "last_update": "2026-10-03T18:01:05.447035+00:00", "part": "qualification_n8", "total": 72}
{"comparator": "mean_mode_and_empirical_marginal", "dataset": "paysim", "defense": "unprotected", "done": 16, "eta_minutes": 13.228919782241185, "failed": 0, "last_update": "2026-10-03T18:01:49.943811+00:00", "part": "qualification_n8", "total": 72}
{"comparator": "mean_mode_and_empirical_marginal", "dataset": "paysim", "defense": "unprotected", "done": 17, "eta_minutes": 14.515801684529174, "failed": 0, "last_update": "2026-10-03T18:02:32.364470+00:00", "part": "qualification_n8", "total": 72}
{"comparator": "mean_mode_and_empirical_marginal", "dataset": "paysim", "defense": "unprotected", "done": 18, "eta_minutes": 13.556108462810517, "failed": 0, "last_update": "2026-10-03T18:02:34.284501+00:00", "part": "qualification_n8", "total": 72}
{"comparator": "mean_mode_and_empirical_marginal", "dataset": "paysim", "defense": "unprotected", "done": 19, "eta_minutes": 13.521983788724532, "failed": 0, "last_update": "2026-10-03T18:02:54.012548+00:00", "part": "qualification_n8", "total": 72}
{"comparator": "mean_mode_and_empirical_marginal", "dataset": "paysim", "defense": "unprotected", "done": 20, "eta_minutes": 13.624360717137655, "failed": 0, "last_update": "2026-10-03T18:03:17.570651+00:00", "part": "qualification_n8", "total": 72}
{"comparator": "mean_mode_and_empirical_marginal", "dataset": "paysim", "defense": "unprotected", "done": 21, "eta_minutes": 14.402677430993036, "failed": 0, "last_update": "2026-10-03T18:03:58.993184+00:00", "part": "qualification_n8", "total": 72}
{"comparator": "mean_mode_and_empirical_marginal", "dataset": "paysim", "defense": "unprotected", "done": 22, "eta_minutes": 13.520145949089168, "failed": 0, "last_update": "2026-10-03T18:04:00.094185+00:00", "part": "qualification_n8", "total": 72}
{"comparator": "mean_mode_and_empirical_marginal", "dataset": "ieee_cis", "defense": "unprotected", "done": 23, "eta_minutes": 12.91403461781101, "failed": 0, "last_update": "2026-10-03T18:04:06.863712+00:00", "part": "qualification_n8", "total": 72}
{"comparator": "mean_mode_and_empirical_marginal", "dataset": "ieee_cis", "defense": "unprotected", "done": 24, "eta_minutes": 12.124129637082417, "failed": 0, "last_update": "2026-10-03T18:04:06.886221+00:00", "part": "qualification_n8", "total": 72}
{"comparator": "mean_mode_and_empirical_marginal", "dataset": "ieee_cis", "defense": "unprotected", "done": 25, "eta_minutes": 11.601217615127563, "failed": 0, "last_update": "2026-10-03T18:04:13.413933+00:00", "part": "qualification_n8", "total": 72}
{"comparator": "mean_mode_and_empirical_marginal", "dataset": "ieee_cis", "defense": "unprotected", "done": 26, "eta_minutes": 10.917963866392771, "failed": 0, "last_update": "2026-10-03T18:04:13.423718+00:00", "part": "qualification_n8", "total": 72}
{"comparator": "mean_mode_and_empirical_marginal", "dataset": "ieee_cis", "defense": "unprotected", "done": 27, "eta_minutes": 10.459995336002773, "failed": 0, "last_update": "2026-10-03T18:04:19.722162+00:00", "part": "qualification_n8", "total": 72}
{"comparator": "mean_mode_and_empirical_marginal", "dataset": "ieee_cis", "defense": "unprotected", "done": 28, "eta_minutes": 9.86232367186319, "failed": 0, "last_update": "2026-10-03T18:04:19.723787+00:00", "part": "qualification_n8", "total": 72}
{"comparator": "mean_mode_and_empirical_marginal", "dataset": "paysim", "defense": "unprotected", "done": 29, "eta_minutes": 9.349476215346106, "failed": 0, "last_update": "2026-10-03T18:04:21.489973+00:00", "part": "qualification_n8", "total": 72}
{"comparator": "mean_mode_and_empirical_marginal", "dataset": "ieee_cis", "defense": "unprotected", "done": 30, "eta_minutes": 8.932001334031423, "failed": 0, "last_update": "2026-10-03T18:04:25.962389+00:00", "part": "qualification_n8", "total": 72}
{"comparator": "mean_mode_and_empirical_marginal", "dataset": "ieee_cis", "defense": "unprotected", "done": 31, "eta_minutes": 8.4397775018087, "failed": 0, "last_update": "2026-10-03T18:04:26.040042+00:00", "part": "qualification_n8", "total": 72}
{"comparator": "mean_mode_and_empirical_marginal", "dataset": "paysim", "defense": "unprotected", "done": 32, "eta_minutes": 8.383670275410017, "failed": 0, "last_update": "2026-10-03T18:04:45.578495+00:00", "part": "qualification_n8", "total": 72}
{"comparator": "mean_mode_and_empirical_marginal", "dataset": "ieee_cis", "defense": "unprotected", "done": 33, "eta_minutes": 12.386766350269317, "failed": 0, "last_update": "2026-10-03T18:08:32.028927+00:00", "part": "qualification_n8", "total": 72}
{"comparator": "mean_mode_and_empirical_marginal", "dataset": "ieee_cis", "defense": "unprotected", "done": 34, "eta_minutes": 11.836182872688068, "failed": 0, "last_update": "2026-10-03T18:08:38.578456+00:00", "part": "qualification_n8", "total": 72}
{"comparator": "mean_mode_and_empirical_marginal", "dataset": "ieee_cis", "defense": "unprotected", "done": 35, "eta_minutes": 11.238319939885821, "failed": 0, "last_update": "2026-10-03T18:08:41.012919+00:00", "part": "qualification_n8", "total": 72}
{"comparator": "mean_mode_and_empirical_marginal", "dataset": "ieee_cis", "defense": "unprotected", "done": 36, "eta_minutes": 10.935527201493581, "failed": 0, "last_update": "2026-10-03T18:08:59.293956+00:00", "part": "qualification_n8", "total": 72}
{"comparator": "mean_mode_and_empirical_marginal", "dataset": "ieee_cis", "defense": "unprotected", "done": 37, "eta_minutes": 13.996706204908389, "failed": 0, "last_update": "2026-10-03T18:12:50.953408+00:00", "part": "qualification_n8", "total": 72}
{"comparator": "mean_mode_and_empirical_marginal", "dataset": "ieee_cis", "defense": "unprotected", "done": 38, "eta_minutes": 13.396093099786523, "failed": 0, "last_update": "2026-10-03T18:13:01.488573+00:00", "part": "qualification_n8", "total": 72}
{"comparator": "mean_mode_and_empirical_marginal", "dataset": "ieee_cis", "defense": "unprotected", "done": 39, "eta_minutes": 12.875450163926834, "failed": 0, "last_update": "2026-10-03T18:13:16.148794+00:00", "part": "qualification_n8", "total": 72}
{"comparator": "mean_mode_and_empirical_marginal", "dataset": "ieee_cis", "defense": "unprotected", "done": 40, "eta_minutes": 12.874844551086426, "failed": 0, "last_update": "2026-10-03T18:14:08.775662+00:00", "part": "qualification_n8", "total": 72}
{"comparator": "mean_mode_and_empirical_marginal", "dataset": "ieee_cis", "defense": "unprotected", "done": 41, "eta_minutes": 14.20544148780466, "failed": 0, "last_update": "2026-10-03T18:16:50.432842+00:00", "part": "qualification_n8", "total": 72}
{"comparator": "mean_mode_and_empirical_marginal", "dataset": "ieee_cis", "defense": "unprotected", "done": 42, "eta_minutes": 13.752755727086749, "failed": 0, "last_update": "2026-10-03T18:17:18.393805+00:00", "part": "qualification_n8", "total": 72}
{"comparator": "mean_mode_and_empirical_marginal", "dataset": "ieee_cis", "defense": "unprotected", "done": 43, "eta_minutes": 13.546910571405132, "failed": 0, "last_update": "2026-10-03T18:18:08.370233+00:00", "part": "qualification_n8", "total": 72}
{"comparator": "mean_mode_and_empirical_marginal", "dataset": "ieee_cis", "defense": "unprotected", "done": 44, "eta_minutes": 12.83385865435456, "failed": 0, "last_update": "2026-10-03T18:18:13.211861+00:00", "part": "qualification_n8", "total": 72}
{"comparator": "mean_mode_and_empirical_marginal", "dataset": "ieee_cis", "defense": "unprotected", "done": 45, "eta_minutes": 13.706172461509704, "failed": 0, "last_update": "2026-10-03T18:20:53.779574+00:00", "part": "qualification_n8", "total": 72}
{"comparator": "mean_mode_and_empirical_marginal", "dataset": "baf", "defense": "unprotected", "done": 46, "eta_minutes": 12.960412174204123, "failed": 0, "last_update": "2026-10-03T18:20:58.959927+00:00", "part": "qualification_n8", "total": 72}
{"comparator": "mean_mode_and_empirical_marginal", "dataset": "baf", "defense": "unprotected", "done": 47, "eta_minutes": 12.235788529646312, "failed": 0, "last_update": "2026-10-03T18:21:03.359277+00:00", "part": "qualification_n8", "total": 72}
{"comparator": "mean_mode_and_empirical_marginal", "dataset": "baf", "defense": "unprotected", "done": 48, "eta_minutes": 11.535945943991344, "failed": 0, "last_update": "2026-10-03T18:21:07.475834+00:00", "part": "qualification_n8", "total": 72}
{"comparator": "mean_mode_and_empirical_marginal", "dataset": "baf", "defense": "unprotected", "done": 49, "eta_minutes": 10.861859267504036, "failed": 0, "last_update": "2026-10-03T18:21:11.591296+00:00", "part": "qualification_n8", "total": 72}
{"comparator": "mean_mode_and_empirical_marginal", "dataset": "baf", "defense": "unprotected", "done": 50, "eta_minutes": 10.212714225769043, "failed": 0, "last_update": "2026-10-03T18:21:15.805174+00:00", "part": "qualification_n8", "total": 72}
{"comparator": "mean_mode_and_empirical_marginal", "dataset": "baf", "defense": "unprotected", "done": 51, "eta_minutes": 9.585646565521465, "failed": 0, "last_update": "2026-10-03T18:21:19.927971+00:00", "part": "qualification_n8", "total": 72}
{"comparator": "mean_mode_and_empirical_marginal", "dataset": "baf", "defense": "unprotected", "done": 52, "eta_minutes": 8.982973334116814, "failed": 0, "last_update": "2026-10-03T18:21:24.506165+00:00", "part": "qualification_n8", "total": 72}
{"comparator": "mean_mode_and_empirical_marginal", "dataset": "baf", "defense": "unprotected", "done": 53, "eta_minutes": 8.399312566361338, "failed": 0, "last_update": "2026-10-03T18:21:28.942013+00:00", "part": "qualification_n8", "total": 72}
{"comparator": "mean_mode_and_empirical_marginal", "dataset": "ieee_cis", "defense": "unprotected", "done": 54, "eta_minutes": 8.070164879163107, "failed": 0, "last_update": "2026-10-03T18:22:15.792007+00:00", "part": "qualification_n8", "total": 72}
{"comparator": "mean_mode_and_empirical_marginal", "dataset": "ieee_cis", "defense": "unprotected", "done": 55, "eta_minutes": 7.567204396363461, "failed": 0, "last_update": "2026-10-03T18:22:32.090243+00:00", "part": "qualification_n8", "total": 72}
{"comparator": "mean_mode_and_empirical_marginal", "dataset": "ieee_cis", "defense": "unprotected", "done": 56, "eta_minutes": 7.2074835436684745, "failed": 0, "last_update": "2026-10-03T18:23:16.733875+00:00", "part": "qualification_n8", "total": 72}
{"comparator": "mean_mode_and_empirical_marginal", "dataset": "baf", "defense": "unprotected", "done": 57, "eta_minutes": 6.959517715270059, "failed": 0, "last_update": "2026-10-03T18:24:29.932364+00:00", "part": "qualification_n8", "total": 72}
{"comparator": "mean_mode_and_empirical_marginal", "dataset": "baf", "defense": "unprotected", "done": 58, "eta_minutes": 6.554695829851875, "failed": 0, "last_update": "2026-10-03T18:25:12.472434+00:00", "part": "qualification_n8", "total": 72}
{"comparator": "mean_mode_and_empirical_marginal", "dataset": "baf", "defense": "unprotected", "done": 59, "eta_minutes": 6.038487324404851, "failed": 0, "last_update": "2026-10-03T18:25:27.488874+00:00", "part": "qualification_n8", "total": 72}
{"comparator": "mean_mode_and_empirical_marginal", "dataset": "baf", "defense": "unprotected", "done": 60, "eta_minutes": 5.631231594085693, "failed": 0, "last_update": "2026-10-03T18:26:12.531803+00:00", "part": "qualification_n8", "total": 72}
{"comparator": "mean_mode_and_empirical_marginal", "dataset": "baf", "defense": "unprotected", "done": 61, "eta_minutes": 5.297006484263581, "failed": 0, "last_update": "2026-10-03T18:27:25.620847+00:00", "part": "qualification_n8", "total": 72}
{"comparator": "mean_mode_and_empirical_marginal", "dataset": "baf", "defense": "unprotected", "done": 62, "eta_minutes": 4.856630841890971, "failed": 0, "last_update": "2026-10-03T18:28:09.829000+00:00", "part": "qualification_n8", "total": 72}
{"comparator": "mean_mode_and_empirical_marginal", "dataset": "baf", "defense": "unprotected", "done": 63, "eta_minutes": 4.335235931759788, "failed": 0, "last_update": "2026-10-03T18:28:23.961423+00:00", "part": "qualification_n8", "total": 72}
{"comparator": "mean_mode_and_empirical_marginal", "dataset": "baf", "defense": "unprotected", "done": 64, "eta_minutes": 3.899295723438263, "failed": 0, "last_update": "2026-10-03T18:29:14.824273+00:00", "part": "qualification_n8", "total": 72}
{"comparator": "mean_mode_and_empirical_marginal", "dataset": "baf", "defense": "unprotected", "done": 65, "eta_minutes": 3.4892725844872303, "failed": 0, "last_update": "2026-10-03T18:30:27.185627+00:00", "part": "qualification_n8", "total": 72}
{"comparator": "mean_mode_and_empirical_marginal", "dataset": "baf", "defense": "unprotected", "done": 66, "eta_minutes": 3.0107459353678157, "failed": 0, "last_update": "2026-10-03T18:31:10.254643+00:00", "part": "qualification_n8", "total": 72}
{"comparator": "mean_mode_and_empirical_marginal", "dataset": "baf", "defense": "unprotected", "done": 67, "eta_minutes": 2.549031888371083, "failed": 0, "last_update": "2026-10-03T18:32:12.583962+00:00", "part": "qualification_n8", "total": 72}
{"comparator": "mean_mode_and_empirical_marginal", "dataset": "baf", "defense": "unprotected", "done": 68, "eta_minutes": 2.0118319041588726, "failed": 0, "last_update": "2026-10-03T18:32:15.230869+00:00", "part": "qualification_n8", "total": 72}
{"comparator": "mean_mode_and_empirical_marginal", "dataset": "baf", "defense": "unprotected", "done": 69, "eta_minutes": 1.5401993841364763, "failed": 0, "last_update": "2026-10-03T18:33:28.637480+00:00", "part": "qualification_n8", "total": 72}
{"comparator": "mean_mode_and_empirical_marginal", "dataset": "baf", "defense": "unprotected", "done": 70, "eta_minutes": 1.0316719514983042, "failed": 0, "last_update": "2026-10-03T18:34:09.673428+00:00", "part": "qualification_n8", "total": 72}
{"comparator": "mean_mode_and_empirical_marginal", "dataset": "baf", "defense": "unprotected", "done": 71, "eta_minutes": 0.5222328657835302, "failed": 0, "last_update": "2026-10-03T18:35:07.874341+00:00", "part": "qualification_n8", "total": 72}
{"comparator": "mean_mode_and_empirical_marginal", "dataset": "baf", "defense": "unprotected", "done": 72, "eta_minutes": 0.0, "failed": 0, "last_update": "2026-10-03T18:35:09.142745+00:00", "part": "qualification_n8", "total": 72}
{"comparator": "mean_mode_and_empirical_marginal", "dataset": "paysim", "defense": "unprotected", "done": 1, "eta_minutes": 13.8619997382164, "failed": 0, "last_update": "2026-10-03T18:35:13.499494+00:00", "part": "qualification_n24", "total": 192}
{"comparator": "mean_mode_and_empirical_marginal", "dataset": "paysim", "defense": "unprotected", "done": 2, "eta_minutes": 6.9125897487004595, "failed": 0, "last_update": "2026-10-03T18:35:13.510791+00:00", "part": "qualification_n24", "total": 192}
{"comparator": "mean_mode_and_empirical_marginal", "dataset": "paysim", "defense": "unprotected", "done": 3, "eta_minutes": 4.593329930305481, "failed": 0, "last_update": "2026-10-03T18:35:13.519522+00:00", "part": "qualification_n24", "total": 192}
{"comparator": "mean_mode_and_empirical_marginal", "dataset": "paysim", "defense": "unprotected", "done": 4, "eta_minutes": 3.4311620116233827, "failed": 0, "last_update": "2026-10-03T18:35:13.525155+00:00", "part": "qualification_n24", "total": 192}
{"comparator": "mean_mode_and_empirical_marginal", "dataset": "paysim", "defense": "unprotected", "done": 5, "eta_minutes": 5.294246738751729, "failed": 0, "last_update": "2026-10-03T18:35:17.638385+00:00", "part": "qualification_n24", "total": 192}
{"comparator": "mean_mode_and_empirical_marginal", "dataset": "paysim", "defense": "unprotected", "done": 6, "eta_minutes": 4.391578837235769, "failed": 0, "last_update": "2026-10-03T18:35:17.644766+00:00", "part": "qualification_n24", "total": 192}
{"comparator": "mean_mode_and_empirical_marginal", "dataset": "paysim", "defense": "unprotected", "done": 7, "eta_minutes": 3.749094980103629, "failed": 0, "last_update": "2026-10-03T18:35:17.656399+00:00", "part": "qualification_n24", "total": 192}
{"comparator": "mean_mode_and_empirical_marginal", "dataset": "paysim", "defense": "unprotected", "done": 8, "eta_minutes": 3.2676894068717957, "failed": 0, "last_update": "2026-10-03T18:35:17.669350+00:00", "part": "qualification_n24", "total": 192}
{"comparator": "mean_mode_and_empirical_marginal", "dataset": "paysim", "defense": "unprotected", "done": 9, "eta_minutes": 4.229352003998226, "failed": 0, "last_update": "2026-10-03T18:35:21.624995+00:00", "part": "qualification_n24", "total": 192}
{"comparator": "mean_mode_and_empirical_marginal", "dataset": "paysim", "defense": "unprotected", "done": 10, "eta_minutes": 3.7885532776514688, "failed": 0, "last_update": "2026-10-03T18:35:21.634686+00:00", "part": "qualification_n24", "total": 192}
{"comparator": "mean_mode_and_empirical_marginal", "dataset": "paysim", "defense": "unprotected", "done": 11, "eta_minutes": 3.4267084901983087, "failed": 0, "last_update": "2026-10-03T18:35:21.640129+00:00", "part": "qualification_n24", "total": 192}
{"comparator": "mean_mode_and_empirical_marginal", "dataset": "paysim", "defense": "unprotected", "done": 12, "eta_minutes": 3.127335011959076, "failed": 0, "last_update": "2026-10-03T18:35:21.654282+00:00", "part": "qualification_n24", "total": 192}
{"comparator": "mean_mode_and_empirical_marginal", "dataset": "paysim", "defense": "unprotected", "done": 13, "eta_minutes": 3.799918006016658, "failed": 0, "last_update": "2026-10-03T18:35:25.703243+00:00", "part": "qualification_n24", "total": 192}
{"comparator": "mean_mode_and_empirical_marginal", "dataset": "paysim", "defense": "unprotected", "done": 14, "eta_minutes": 3.512616184211913, "failed": 0, "last_update": "2026-10-03T18:35:25.721293+00:00", "part": "qualification_n24", "total": 192}
{"comparator": "mean_mode_and_empirical_marginal", "dataset": "paysim", "defense": "unprotected", "done": 15, "eta_minutes": 3.2602800424893696, "failed": 0, "last_update": "2026-10-03T18:35:25.722645+00:00", "part": "qualification_n24", "total": 192}
{"comparator": "mean_mode_and_empirical_marginal", "dataset": "paysim", "defense": "unprotected", "done": 16, "eta_minutes": 3.039340356985728, "failed": 0, "last_update": "2026-10-03T18:35:25.723171+00:00", "part": "qualification_n24", "total": 192}
{"comparator": "mean_mode_and_empirical_marginal", "dataset": "paysim", "defense": "unprotected", "done": 17, "eta_minutes": 3.526161272151797, "failed": 0, "last_update": "2026-10-03T18:35:29.697427+00:00", "part": "qualification_n24", "total": 192}
{"comparator": "mean_mode_and_empirical_marginal", "dataset": "paysim", "defense": "unprotected", "done": 18, "eta_minutes": 3.311438965797424, "failed": 0, "last_update": "2026-10-03T18:35:29.698708+00:00", "part": "qualification_n24", "total": 192}
{"comparator": "mean_mode_and_empirical_marginal", "dataset": "paysim", "defense": "unprotected", "done": 19, "eta_minutes": 3.120757932621136, "failed": 0, "last_update": "2026-10-03T18:35:29.709474+00:00", "part": "qualification_n24", "total": 192}
{"comparator": "mean_mode_and_empirical_marginal", "dataset": "paysim", "defense": "unprotected", "done": 20, "eta_minutes": 2.948409647146861, "failed": 0, "last_update": "2026-10-03T18:35:29.715249+00:00", "part": "qualification_n24", "total": 192}
{"comparator": "mean_mode_and_empirical_marginal", "dataset": "paysim", "defense": "unprotected", "done": 21, "eta_minutes": 3.3694426247051785, "failed": 0, "last_update": "2026-10-03T18:35:33.972414+00:00", "part": "qualification_n24", "total": 192}
{"comparator": "mean_mode_and_empirical_marginal", "dataset": "paysim", "defense": "unprotected", "done": 22, "eta_minutes": 3.1992548342907066, "failed": 0, "last_update": "2026-10-03T18:35:33.986217+00:00", "part": "qualification_n24", "total": 192}
{"comparator": "mean_mode_and_empirical_marginal", "dataset": "paysim", "defense": "unprotected", "done": 23, "eta_minutes": 3.0423098056212714, "failed": 0, "last_update": "2026-10-03T18:35:33.987480+00:00", "part": "qualification_n24", "total": 192}
{"comparator": "mean_mode_and_empirical_marginal", "dataset": "paysim", "defense": "unprotected", "done": 24, "eta_minutes": 2.8989158431688944, "failed": 0, "last_update": "2026-10-03T18:35:33.992799+00:00", "part": "qualification_n24", "total": 192}
{"comparator": "mean_mode_and_empirical_marginal", "dataset": "paysim", "defense": "unprotected", "done": 25, "eta_minutes": 11.600564059416454, "failed": 0, "last_update": "2026-10-03T18:36:53.341623+00:00", "part": "qualification_n24", "total": 192}
{"comparator": "mean_mode_and_empirical_marginal", "dataset": "paysim", "defense": "unprotected", "done": 26, "eta_minutes": 11.187379084183618, "failed": 0, "last_update": "2026-10-03T18:36:54.279348+00:00", "part": "qualification_n24", "total": 192}
{"comparator": "mean_mode_and_empirical_marginal", "dataset": "paysim", "defense": "unprotected", "done": 27, "eta_minutes": 10.75438149328585, "failed": 0, "last_update": "2026-10-03T18:36:54.733411+00:00", "part": "qualification_n24", "total": 192}
{"comparator": "mean_mode_and_empirical_marginal", "dataset": "paysim", "defense": "unprotected", "done": 28, "eta_minutes": 12.311713110832942, "failed": 0, "last_update": "2026-10-03T18:37:15.264929+00:00", "part": "qualification_n24", "total": 192}
{"comparator": "mean_mode_and_empirical_marginal", "dataset": "paysim", "defense": "unprotected", "done": 29, "eta_minutes": 17.24075609842936, "failed": 0, "last_update": "2026-10-03T18:38:13.187342+00:00", "part": "qualification_n24", "total": 192}
{"comparator": "mean_mode_and_empirical_marginal", "dataset": "paysim", "defense": "unprotected", "done": 30, "eta_minutes": 16.58685148715973, "failed": 0, "last_update": "2026-10-03T18:38:13.443288+00:00", "part": "qualification_n24", "total": 192}
{"comparator": "mean_mode_and_empirical_marginal", "dataset": "paysim", "defense": "unprotected", "done": 31, "eta_minutes": 16.032404316625286, "failed": 0, "last_update": "2026-10-03T18:38:14.364023+00:00", "part": "qualification_n24", "total": 192}
{"comparator": "mean_mode_and_empirical_marginal", "dataset": "paysim", "defense": "unprotected", "done": 32, "eta_minutes": 18.775766491889954, "failed": 0, "last_update": "2026-10-03T18:38:54.454138+00:00", "part": "qualification_n24", "total": 192}
{"comparator": "mean_mode_and_empirical_marginal", "dataset": "paysim", "defense": "unprotected", "done": 33, "eta_minutes": 22.818904043327677, "failed": 0, "last_update": "2026-10-03T18:39:53.304870+00:00", "part": "qualification_n24", "total": 192}
{"comparator": "mean_mode_and_empirical_marginal", "dataset": "paysim", "defense": "unprotected", "done": 34, "eta_minutes": 22.00921380449744, "failed": 0, "last_update": "2026-10-03T18:39:53.314539+00:00", "part": "qualification_n24", "total": 192}
{"comparator": "mean_mode_and_empirical_marginal", "dataset": "paysim", "defense": "unprotected", "done": 35, "eta_minutes": 21.273172754106067, "failed": 0, "last_update": "2026-10-03T18:39:53.690565+00:00", "part": "qualification_n24", "total": 192}
{"comparator": "mean_mode_and_empirical_marginal", "dataset": "paysim", "defense": "unprotected", "done": 36, "eta_minutes": 22.046368779076474, "failed": 0, "last_update": "2026-10-03T18:40:14.402351+00:00", "part": "qualification_n24", "total": 192}
{"comparator": "mean_mode_and_empirical_marginal", "dataset": "paysim", "defense": "unprotected", "done": 37, "eta_minutes": 25.181650508631456, "failed": 0, "last_update": "2026-10-03T18:41:09.811162+00:00", "part": "qualification_n24", "total": 192}
{"comparator": "mean_mode_and_empirical_marginal", "dataset": "paysim", "defense": "unprotected", "done": 38, "eta_minutes": 24.39835846612328, "failed": 0, "last_update": "2026-10-03T18:41:10.367386+00:00", "part": "qualification_n24", "total": 192}
{"comparator": "mean_mode_and_empirical_marginal", "dataset": "paysim", "defense": "unprotected", "done": 39, "eta_minutes": 23.638444813398213, "failed": 0, "last_update": "2026-10-03T18:41:10.674099+00:00", "part": "qualification_n24", "total": 192}
{"comparator": "mean_mode_and_empirical_marginal", "dataset": "paysim", "defense": "unprotected", "done": 40, "eta_minutes": 24.199440887769065, "failed": 0, "last_update": "2026-10-03T18:41:31.241378+00:00", "part": "qualification_n24", "total": 192}
{"comparator": "mean_mode_and_empirical_marginal", "dataset": "paysim", "defense": "unprotected", "done": 41, "eta_minutes": 26.839422198233567, "failed": 0, "last_update": "2026-10-03T18:42:26.396456+00:00", "part": "qualification_n24", "total": 192}
{"comparator": "mean_mode_and_empirical_marginal", "dataset": "paysim", "defense": "unprotected", "done": 42, "eta_minutes": 26.099209402288707, "failed": 0, "last_update": "2026-10-03T18:42:27.611658+00:00", "part": "qualification_n24", "total": 192}
{"comparator": "mean_mode_and_empirical_marginal", "dataset": "paysim", "defense": "unprotected", "done": 43, "eta_minutes": 26.47336565330047, "failed": 0, "last_update": "2026-10-03T18:42:47.542817+00:00", "part": "qualification_n24", "total": 192}
{"comparator": "mean_mode_and_empirical_marginal", "dataset": "paysim", "defense": "unprotected", "done": 44, "eta_minutes": 25.707793248422217, "failed": 0, "last_update": "2026-10-03T18:42:47.716390+00:00", "part": "qualification_n24", "total": 192}
{"comparator": "mean_mode_and_empirical_marginal", "dataset": "paysim", "defense": "unprotected", "done": 45, "eta_minutes": 28.012994942135283, "failed": 0, "last_update": "2026-10-03T18:43:43.669340+00:00", "part": "qualification_n24", "total": 192}
{"comparator": "mean_mode_and_empirical_marginal", "dataset": "paysim", "defense": "unprotected", "done": 46, "eta_minutes": 27.227328936086185, "failed": 0, "last_update": "2026-10-03T18:43:43.853348+00:00", "part": "qualification_n24", "total": 192}
{"comparator": "mean_mode_and_empirical_marginal", "dataset": "paysim", "defense": "unprotected", "done": 47, "eta_minutes": 27.48015242350017, "failed": 0, "last_update": "2026-10-03T18:44:03.586527+00:00", "part": "qualification_n24", "total": 192}
{"comparator": "mean_mode_and_empirical_marginal", "dataset": "paysim", "defense": "unprotected", "done": 48, "eta_minutes": 27.762447202205657, "failed": 0, "last_update": "2026-10-03T18:44:24.393883+00:00", "part": "qualification_n24", "total": 192}
{"comparator": "mean_mode_and_empirical_marginal", "dataset": "paysim", "defense": "unprotected", "done": 49, "eta_minutes": 28.856496283553895, "failed": 0, "last_update": "2026-10-03T18:45:02.418362+00:00", "part": "qualification_n24", "total": 192}
{"comparator": "mean_mode_and_empirical_marginal", "dataset": "paysim", "defense": "unprotected", "done": 50, "eta_minutes": 29.043926349957783, "failed": 0, "last_update": "2026-10-03T18:45:22.749020+00:00", "part": "qualification_n24", "total": 192}
{"comparator": "mean_mode_and_empirical_marginal", "dataset": "paysim", "defense": "unprotected", "done": 51, "eta_minutes": 29.219875899716918, "failed": 0, "last_update": "2026-10-03T18:45:43.278419+00:00", "part": "qualification_n24", "total": 192}
{"comparator": "mean_mode_and_empirical_marginal", "dataset": "paysim", "defense": "unprotected", "done": 52, "eta_minutes": 28.526569160131306, "failed": 0, "last_update": "2026-10-03T18:45:44.879912+00:00", "part": "qualification_n24", "total": 192}
{"comparator": "mean_mode_and_empirical_marginal", "dataset": "paysim", "defense": "unprotected", "done": 53, "eta_minutes": 29.617548787293945, "failed": 0, "last_update": "2026-10-03T18:46:26.726274+00:00", "part": "qualification_n24", "total": 192}
{"comparator": "mean_mode_and_empirical_marginal", "dataset": "paysim", "defense": "unprotected", "done": 54, "eta_minutes": 29.81109307695318, "failed": 0, "last_update": "2026-10-03T18:46:49.057561+00:00", "part": "qualification_n24", "total": 192}
{"comparator": "mean_mode_and_empirical_marginal", "dataset": "paysim", "defense": "unprotected", "done": 55, "eta_minutes": 29.889096413814663, "failed": 0, "last_update": "2026-10-03T18:47:09.101276+00:00", "part": "qualification_n24", "total": 192}
{"comparator": "mean_mode_and_empirical_marginal", "dataset": "paysim", "defense": "unprotected", "done": 56, "eta_minutes": 29.240626567318326, "failed": 0, "last_update": "2026-10-03T18:47:11.560420+00:00", "part": "qualification_n24", "total": 192}
{"comparator": "mean_mode_and_empirical_marginal", "dataset": "paysim", "defense": "unprotected", "done": 57, "eta_minutes": 30.1976674261846, "failed": 0, "last_update": "2026-10-03T18:47:54.152513+00:00", "part": "qualification_n24", "total": 192}
{"comparator": "mean_mode_and_empirical_marginal", "dataset": "paysim", "defense": "unprotected", "done": 58, "eta_minutes": 30.26383970044125, "failed": 0, "last_update": "2026-10-03T18:48:15.101357+00:00", "part": "qualification_n24", "total": 192}
{"comparator": "mean_mode_and_empirical_marginal", "dataset": "paysim", "defense": "unprotected", "done": 59, "eta_minutes": 30.378811174260697, "failed": 0, "last_update": "2026-10-03T18:48:37.723822+00:00", "part": "qualification_n24", "total": 192}
{"comparator": "mean_mode_and_empirical_marginal", "dataset": "paysim", "defense": "unprotected", "done": 60, "eta_minutes": 30.310186864535012, "failed": 0, "last_update": "2026-10-03T18:48:55.786398+00:00", "part": "qualification_n24", "total": 192}
{"comparator": "mean_mode_and_empirical_marginal", "dataset": "paysim", "defense": "unprotected", "done": 61, "eta_minutes": 30.546624420640246, "failed": 0, "last_update": "2026-10-03T18:49:22.584956+00:00", "part": "qualification_n24", "total": 192}
{"comparator": "mean_mode_and_empirical_marginal", "dataset": "paysim", "defense": "unprotected", "done": 62, "eta_minutes": 30.589286631153474, "failed": 0, "last_update": "2026-10-03T18:49:44.469142+00:00", "part": "qualification_n24", "total": 192}
{"comparator": "mean_mode_and_empirical_marginal", "dataset": "paysim", "defense": "unprotected", "done": 63, "eta_minutes": 30.583660415429918, "failed": 0, "last_update": "2026-10-03T18:50:05.317317+00:00", "part": "qualification_n24", "total": 192}
{"comparator": "mean_mode_and_empirical_marginal", "dataset": "paysim", "defense": "unprotected", "done": 64, "eta_minutes": 30.446141997973125, "failed": 0, "last_update": "2026-10-03T18:50:22.529203+00:00", "part": "qualification_n24", "total": 192}
{"comparator": "mean_mode_and_empirical_marginal", "dataset": "paysim", "defense": "unprotected", "done": 65, "eta_minutes": 31.126009991535774, "failed": 0, "last_update": "2026-10-03T18:51:04.983040+00:00", "part": "qualification_n24", "total": 192}
{"comparator": "mean_mode_and_empirical_marginal", "dataset": "paysim", "defense": "unprotected", "done": 66, "eta_minutes": 30.460934541442175, "failed": 0, "last_update": "2026-10-03T18:51:06.488599+00:00", "part": "qualification_n24", "total": 192}
{"comparator": "mean_mode_and_empirical_marginal", "dataset": "paysim", "defense": "unprotected", "done": 67, "eta_minutes": 30.40416128748092, "failed": 0, "last_update": "2026-10-03T18:51:26.942766+00:00", "part": "qualification_n24", "total": 192}
{"comparator": "mean_mode_and_empirical_marginal", "dataset": "paysim", "defense": "unprotected", "done": 68, "eta_minutes": 30.845622489732854, "failed": 0, "last_update": "2026-10-03T18:52:04.065424+00:00", "part": "qualification_n24", "total": 192}
{"comparator": "mean_mode_and_empirical_marginal", "dataset": "paysim", "defense": "unprotected", "done": 69, "eta_minutes": 30.850979524591697, "failed": 0, "last_update": "2026-10-03T18:52:27.543764+00:00", "part": "qualification_n24", "total": 192}
{"comparator": "mean_mode_and_empirical_marginal", "dataset": "ieee_cis", "defense": "unprotected", "done": 70, "eta_minutes": 30.359320554506212, "failed": 0, "last_update": "2026-10-03T18:52:34.301876+00:00", "part": "qualification_n24", "total": 192}
{"comparator": "mean_mode_and_empirical_marginal", "dataset": "ieee_cis", "defense": "unprotected", "done": 71, "eta_minutes": 29.859773208837556, "failed": 0, "last_update": "2026-10-03T18:52:40.406377+00:00", "part": "qualification_n24", "total": 192}
{"comparator": "mean_mode_and_empirical_marginal", "dataset": "ieee_cis", "defense": "unprotected", "done": 72, "eta_minutes": 29.37012110816108, "failed": 0, "last_update": "2026-10-03T18:52:46.469299+00:00", "part": "qualification_n24", "total": 192}
{"comparator": "mean_mode_and_empirical_marginal", "dataset": "paysim", "defense": "unprotected", "done": 73, "eta_minutes": 28.749174899815426, "failed": 0, "last_update": "2026-10-03T18:52:47.307850+00:00", "part": "qualification_n24", "total": 192}
{"comparator": "mean_mode_and_empirical_marginal", "dataset": "ieee_cis", "defense": "unprotected", "done": 74, "eta_minutes": 28.26626617489634, "failed": 0, "last_update": "2026-10-03T18:52:52.723089+00:00", "part": "qualification_n24", "total": 192}
{"comparator": "mean_mode_and_empirical_marginal", "dataset": "ieee_cis", "defense": "unprotected", "done": 75, "eta_minutes": 27.67377336978912, "failed": 0, "last_update": "2026-10-03T18:52:53.520839+00:00", "part": "qualification_n24", "total": 192}
{"comparator": "mean_mode_and_empirical_marginal", "dataset": "ieee_cis", "defense": "unprotected", "done": 76, "eta_minutes": 27.214916622429563, "failed": 0, "last_update": "2026-10-03T18:52:58.972698+00:00", "part": "qualification_n24", "total": 192}
{"comparator": "mean_mode_and_empirical_marginal", "dataset": "ieee_cis", "defense": "unprotected", "done": 77, "eta_minutes": 26.648488208845063, "failed": 0, "last_update": "2026-10-03T18:52:59.718988+00:00", "part": "qualification_n24", "total": 192}
{"comparator": "mean_mode_and_empirical_marginal", "dataset": "ieee_cis", "defense": "unprotected", "done": 78, "eta_minutes": 26.215085212389628, "failed": 0, "last_update": "2026-10-03T18:53:05.343175+00:00", "part": "qualification_n24", "total": 192}
{"comparator": "mean_mode_and_empirical_marginal", "dataset": "ieee_cis", "defense": "unprotected", "done": 79, "eta_minutes": 25.67095968949644, "failed": 0, "last_update": "2026-10-03T18:53:05.962187+00:00", "part": "qualification_n24", "total": 192}
{"comparator": "mean_mode_and_empirical_marginal", "dataset": "paysim", "defense": "unprotected", "done": 80, "eta_minutes": 25.22482785463333, "failed": 0, "last_update": "2026-10-03T18:53:10.208991+00:00", "part": "qualification_n24", "total": 192}
{"comparator": "mean_mode_and_empirical_marginal", "dataset": "ieee_cis", "defense": "unprotected", "done": 81, "eta_minutes": 24.726489774238917, "failed": 0, "last_update": "2026-10-03T18:53:11.764221+00:00", "part": "qualification_n24", "total": 192}
{"comparator": "mean_mode_and_empirical_marginal", "dataset": "ieee_cis", "defense": "unprotected", "done": 82, "eta_minutes": 24.215488064095258, "failed": 0, "last_update": "2026-10-03T18:53:12.237672+00:00", "part": "qualification_n24", "total": 192}
{"comparator": "mean_mode_and_empirical_marginal", "dataset": "ieee_cis", "defense": "unprotected", "done": 83, "eta_minutes": 23.807399115313487, "failed": 0, "last_update": "2026-10-03T18:53:16.859140+00:00", "part": "qualification_n24", "total": 192}
{"comparator": "mean_mode_and_empirical_marginal", "dataset": "ieee_cis", "defense": "unprotected", "done": 84, "eta_minutes": 23.33964928047998, "failed": 0, "last_update": "2026-10-03T18:53:18.328575+00:00", "part": "qualification_n24", "total": 192}
{"comparator": "mean_mode_and_empirical_marginal", "dataset": "ieee_cis", "defense": "unprotected", "done": 85, "eta_minutes": 22.859008108167085, "failed": 0, "last_update": "2026-10-03T18:53:18.686449+00:00", "part": "qualification_n24", "total": 192}
{"comparator": "mean_mode_and_empirical_marginal", "dataset": "ieee_cis", "defense": "unprotected", "done": 86, "eta_minutes": 22.47725628706836, "failed": 0, "last_update": "2026-10-03T18:53:23.320812+00:00", "part": "qualification_n24", "total": 192}
{"comparator": "mean_mode_and_empirical_marginal", "dataset": "ieee_cis", "defense": "unprotected", "done": 87, "eta_minutes": 22.03918244235817, "failed": 0, "last_update": "2026-10-03T18:53:24.807152+00:00", "part": "qualification_n24", "total": 192}
{"comparator": "mean_mode_and_empirical_marginal", "dataset": "ieee_cis", "defense": "unprotected", "done": 88, "eta_minutes": 21.584368806535547, "failed": 0, "last_update": "2026-10-03T18:53:24.966744+00:00", "part": "qualification_n24", "total": 192}
{"comparator": "mean_mode_and_empirical_marginal", "dataset": "ieee_cis", "defense": "unprotected", "done": 89, "eta_minutes": 21.22964936052815, "failed": 0, "last_update": "2026-10-03T18:53:29.788897+00:00", "part": "qualification_n24", "total": 192}
{"comparator": "mean_mode_and_empirical_marginal", "dataset": "ieee_cis", "defense": "unprotected", "done": 90, "eta_minutes": 20.816737944020165, "failed": 0, "last_update": "2026-10-03T18:53:31.207539+00:00", "part": "qualification_n24", "total": 192}
{"comparator": "mean_mode_and_empirical_marginal", "dataset": "ieee_cis", "defense": "unprotected", "done": 91, "eta_minutes": 20.389297417406635, "failed": 0, "last_update": "2026-10-03T18:53:31.378247+00:00", "part": "qualification_n24", "total": 192}
{"comparator": "mean_mode_and_empirical_marginal", "dataset": "paysim", "defense": "unprotected", "done": 92, "eta_minutes": 19.998187647349592, "failed": 0, "last_update": "2026-10-03T18:53:33.044897+00:00", "part": "qualification_n24", "total": 192}
{"comparator": "mean_mode_and_empirical_marginal", "dataset": "ieee_cis", "defense": "unprotected", "done": 93, "eta_minutes": 19.641154111200763, "failed": 0, "last_update": "2026-10-03T18:53:36.191808+00:00", "part": "qualification_n24", "total": 192}
{"comparator": "mean_mode_and_empirical_marginal", "dataset": "ieee_cis", "defense": "unprotected", "done": 94, "eta_minutes": 19.26041827337116, "failed": 0, "last_update": "2026-10-03T18:53:37.601667+00:00", "part": "qualification_n24", "total": 192}
{"comparator": "mean_mode_and_empirical_marginal", "dataset": "ieee_cis", "defense": "unprotected", "done": 95, "eta_minutes": 18.867953772293895, "failed": 0, "last_update": "2026-10-03T18:53:37.880371+00:00", "part": "qualification_n24", "total": 192}
{"comparator": "mean_mode_and_empirical_marginal", "dataset": "ieee_cis", "defense": "unprotected", "done": 96, "eta_minutes": 18.505893516540528, "failed": 0, "last_update": "2026-10-03T18:53:39.498550+00:00", "part": "qualification_n24", "total": 192}
{"comparator": "mean_mode_and_empirical_marginal", "dataset": "ieee_cis", "defense": "unprotected", "done": 97, "eta_minutes": 22.043592634274784, "failed": 0, "last_update": "2026-10-03T18:57:39.605040+00:00", "part": "qualification_n24", "total": 192}
{"comparator": "mean_mode_and_empirical_marginal", "dataset": "ieee_cis", "defense": "unprotected", "done": 98, "eta_minutes": 21.609396800946218, "failed": 0, "last_update": "2026-10-03T18:57:40.881677+00:00", "part": "qualification_n24", "total": 192}
{"comparator": "mean_mode_and_empirical_marginal", "dataset": "ieee_cis", "defense": "unprotected", "done": 99, "eta_minutes": 22.175010726789033, "failed": 0, "last_update": "2026-10-03T18:58:45.484335+00:00", "part": "qualification_n24", "total": 192}
{"comparator": "mean_mode_and_empirical_marginal", "dataset": "ieee_cis", "defense": "unprotected", "done": 100, "eta_minutes": 21.828946380615232, "failed": 0, "last_update": "2026-10-03T18:58:52.771875+00:00", "part": "qualification_n24", "total": 192}
{"comparator": "mean_mode_and_empirical_marginal", "dataset": "ieee_cis", "defense": "unprotected", "done": 101, "eta_minutes": 23.982911308449093, "failed": 0, "last_update": "2026-10-03T19:01:46.248703+00:00", "part": "qualification_n24", "total": 192}
{"comparator": "mean_mode_and_empirical_marginal", "dataset": "ieee_cis", "defense": "unprotected", "done": 102, "eta_minutes": 24.417164027690887, "failed": 0, "last_update": "2026-10-03T19:02:49.512096+00:00", "part": "qualification_n24", "total": 192}
{"comparator": "mean_mode_and_empirical_marginal", "dataset": "ieee_cis", "defense": "unprotected", "done": 103, "eta_minutes": 23.995962149387037, "failed": 0, "last_update": "2026-10-03T19:02:55.381415+00:00", "part": "qualification_n24", "total": 192}
{"comparator": "mean_mode_and_empirical_marginal", "dataset": "ieee_cis", "defense": "unprotected", "done": 104, "eta_minutes": 24.509082582975047, "failed": 0, "last_update": "2026-10-03T19:04:07.061708+00:00", "part": "qualification_n24", "total": 192}
{"comparator": "mean_mode_and_empirical_marginal", "dataset": "ieee_cis", "defense": "unprotected", "done": 105, "eta_minutes": 25.43844506604331, "failed": 0, "last_update": "2026-10-03T19:05:51.239237+00:00", "part": "qualification_n24", "total": 192}
{"comparator": "mean_mode_and_empirical_marginal", "dataset": "ieee_cis", "defense": "unprotected", "done": 106, "eta_minutes": 25.788685200874163, "failed": 0, "last_update": "2026-10-03T19:06:56.308170+00:00", "part": "qualification_n24", "total": 192}
{"comparator": "mean_mode_and_empirical_marginal", "dataset": "ieee_cis", "defense": "unprotected", "done": 107, "eta_minutes": 26.209273283726702, "failed": 0, "last_update": "2026-10-03T19:08:08.715931+00:00", "part": "qualification_n24", "total": 192}
{"comparator": "mean_mode_and_empirical_marginal", "dataset": "ieee_cis", "defense": "unprotected", "done": 108, "eta_minutes": 25.696355142858295, "failed": 0, "last_update": "2026-10-03T19:08:11.435195+00:00", "part": "qualification_n24", "total": 192}
{"comparator": "mean_mode_and_empirical_marginal", "dataset": "ieee_cis", "defense": "unprotected", "done": 109, "eta_minutes": 26.45247889210325, "failed": 0, "last_update": "2026-10-03T19:09:53.472794+00:00", "part": "qualification_n24", "total": 192}
{"comparator": "mean_mode_and_empirical_marginal", "dataset": "ieee_cis", "defense": "unprotected", "done": 110, "eta_minutes": 27.64870570356196, "failed": 0, "last_update": "2026-10-03T19:12:14.528573+00:00", "part": "qualification_n24", "total": 192}
{"comparator": "mean_mode_and_empirical_marginal", "dataset": "ieee_cis", "defense": "unprotected", "done": 111, "eta_minutes": 27.087056440598257, "failed": 0, "last_update": "2026-10-03T19:12:16.302917+00:00", "part": "qualification_n24", "total": 192}
{"comparator": "mean_mode_and_empirical_marginal", "dataset": "ieee_cis", "defense": "unprotected", "done": 112, "eta_minutes": 27.337354081017633, "failed": 0, "last_update": "2026-10-03T19:13:25.482684+00:00", "part": "qualification_n24", "total": 192}
{"comparator": "mean_mode_and_empirical_marginal", "dataset": "ieee_cis", "defense": "unprotected", "done": 113, "eta_minutes": 27.966599712224134, "failed": 0, "last_update": "2026-10-03T19:15:09.316410+00:00", "part": "qualification_n24", "total": 192}
{"comparator": "mean_mode_and_empirical_marginal", "dataset": "ieee_cis", "defense": "unprotected", "done": 114, "eta_minutes": 28.186964433444174, "failed": 0, "last_update": "2026-10-03T19:16:20.924899+00:00", "part": "qualification_n24", "total": 192}
{"comparator": "mean_mode_and_empirical_marginal", "dataset": "ieee_cis", "defense": "unprotected", "done": 115, "eta_minutes": 28.38529007770013, "failed": 0, "last_update": "2026-10-03T19:17:32.761844+00:00", "part": "qualification_n24", "total": 192}
{"comparator": "mean_mode_and_empirical_marginal", "dataset": "ieee_cis", "defense": "unprotected", "done": 116, "eta_minutes": 28.533494040335732, "failed": 0, "last_update": "2026-10-03T19:18:42.212290+00:00", "part": "qualification_n24", "total": 192}
{"comparator": "mean_mode_and_empirical_marginal", "dataset": "ieee_cis", "defense": "unprotected", "done": 117, "eta_minutes": 29.019009017536785, "failed": 0, "last_update": "2026-10-03T19:20:25.324184+00:00", "part": "qualification_n24", "total": 192}
{"comparator": "mean_mode_and_empirical_marginal", "dataset": "ieee_cis", "defense": "unprotected", "done": 118, "eta_minutes": 28.405547080942465, "failed": 0, "last_update": "2026-10-03T19:20:26.864849+00:00", "part": "qualification_n24", "total": 192}
{"comparator": "mean_mode_and_empirical_marginal", "dataset": "baf", "defense": "unprotected", "done": 119, "eta_minutes": 27.824281742192113, "failed": 0, "last_update": "2026-10-03T19:20:30.588383+00:00", "part": "qualification_n24", "total": 192}
{"comparator": "mean_mode_and_empirical_marginal", "dataset": "baf", "defense": "unprotected", "done": 120, "eta_minutes": 27.218941860198974, "failed": 0, "last_update": "2026-10-03T19:20:31.039126+00:00", "part": "qualification_n24", "total": 192}
{"comparator": "mean_mode_and_empirical_marginal", "dataset": "baf", "defense": "unprotected", "done": 121, "eta_minutes": 26.655463636282718, "failed": 0, "last_update": "2026-10-03T19:20:34.759954+00:00", "part": "qualification_n24", "total": 192}
{"comparator": "mean_mode_and_empirical_marginal", "dataset": "baf", "defense": "unprotected", "done": 122, "eta_minutes": 26.067304705335797, "failed": 0, "last_update": "2026-10-03T19:20:35.040235+00:00", "part": "qualification_n24", "total": 192}
{"comparator": "mean_mode_and_empirical_marginal", "dataset": "baf", "defense": "unprotected", "done": 123, "eta_minutes": 25.521805333315843, "failed": 0, "last_update": "2026-10-03T19:20:38.868467+00:00", "part": "qualification_n24", "total": 192}
{"comparator": "mean_mode_and_empirical_marginal", "dataset": "baf", "defense": "unprotected", "done": 124, "eta_minutes": 24.951196229842402, "failed": 0, "last_update": "2026-10-03T19:20:39.099353+00:00", "part": "qualification_n24", "total": 192}
{"comparator": "mean_mode_and_empirical_marginal", "dataset": "baf", "defense": "unprotected", "done": 125, "eta_minutes": 24.42215032892227, "failed": 0, "last_update": "2026-10-03T19:20:42.967740+00:00", "part": "qualification_n24", "total": 192}
{"comparator": "mean_mode_and_empirical_marginal", "dataset": "baf", "defense": "unprotected", "done": 126, "eta_minutes": 23.867849672975993, "failed": 0, "last_update": "2026-10-03T19:20:43.098630+00:00", "part": "qualification_n24", "total": 192}
{"comparator": "mean_mode_and_empirical_marginal", "dataset": "baf", "defense": "unprotected", "done": 127, "eta_minutes": 23.355196053900432, "failed": 0, "last_update": "2026-10-03T19:20:47.092536+00:00", "part": "qualification_n24", "total": 192}
{"comparator": "mean_mode_and_empirical_marginal", "dataset": "baf", "defense": "unprotected", "done": 128, "eta_minutes": 22.81637846628825, "failed": 0, "last_update": "2026-10-03T19:20:47.110326+00:00", "part": "qualification_n24", "total": 192}
{"comparator": "mean_mode_and_empirical_marginal", "dataset": "baf", "defense": "unprotected", "done": 129, "eta_minutes": 22.321625410678777, "failed": 0, "last_update": "2026-10-03T19:20:51.516062+00:00", "part": "qualification_n24", "total": 192}
{"comparator": "mean_mode_and_empirical_marginal", "dataset": "baf", "defense": "unprotected", "done": 130, "eta_minutes": 21.798456159065932, "failed": 0, "last_update": "2026-10-03T19:20:51.531363+00:00", "part": "qualification_n24", "total": 192}
{"comparator": "mean_mode_and_empirical_marginal", "dataset": "baf", "defense": "unprotected", "done": 131, "eta_minutes": 21.314399850641497, "failed": 0, "last_update": "2026-10-03T19:20:55.557776+00:00", "part": "qualification_n24", "total": 192}
{"comparator": "mean_mode_and_empirical_marginal", "dataset": "baf", "defense": "unprotected", "done": 132, "eta_minutes": 20.80622034181248, "failed": 0, "last_update": "2026-10-03T19:20:55.566026+00:00", "part": "qualification_n24", "total": 192}
{"comparator": "mean_mode_and_empirical_marginal", "dataset": "baf", "defense": "unprotected", "done": 133, "eta_minutes": 20.337069678784612, "failed": 0, "last_update": "2026-10-03T19:20:59.819789+00:00", "part": "qualification_n24", "total": 192}
{"comparator": "mean_mode_and_empirical_marginal", "dataset": "baf", "defense": "unprotected", "done": 134, "eta_minutes": 19.843226367679996, "failed": 0, "last_update": "2026-10-03T19:20:59.826671+00:00", "part": "qualification_n24", "total": 192}
{"comparator": "mean_mode_and_empirical_marginal", "dataset": "baf", "defense": "unprotected", "done": 135, "eta_minutes": 19.38771952311198, "failed": 0, "last_update": "2026-10-03T19:21:04.241926+00:00", "part": "qualification_n24", "total": 192}
{"comparator": "mean_mode_and_empirical_marginal", "dataset": "baf", "defense": "unprotected", "done": 136, "eta_minutes": 18.907649853416515, "failed": 0, "last_update": "2026-10-03T19:21:04.259634+00:00", "part": "qualification_n24", "total": 192}
{"comparator": "mean_mode_and_empirical_marginal", "dataset": "baf", "defense": "unprotected", "done": 137, "eta_minutes": 18.462086968178298, "failed": 0, "last_update": "2026-10-03T19:21:08.387755+00:00", "part": "qualification_n24", "total": 192}
{"comparator": "mean_mode_and_empirical_marginal", "dataset": "baf", "defense": "unprotected", "done": 138, "eta_minutes": 17.995206430683968, "failed": 0, "last_update": "2026-10-03T19:21:08.409925+00:00", "part": "qualification_n24", "total": 192}
{"comparator": "mean_mode_and_empirical_marginal", "dataset": "baf", "defense": "unprotected", "done": 139, "eta_minutes": 17.560792119011317, "failed": 0, "last_update": "2026-10-03T19:21:12.484689+00:00", "part": "qualification_n24", "total": 192}
{"comparator": "mean_mode_and_empirical_marginal", "dataset": "baf", "defense": "unprotected", "done": 140, "eta_minutes": 17.106441479183378, "failed": 0, "last_update": "2026-10-03T19:21:12.493169+00:00", "part": "qualification_n24", "total": 192}
{"comparator": "mean_mode_and_empirical_marginal", "dataset": "baf", "defense": "unprotected", "done": 141, "eta_minutes": 16.68371642878715, "failed": 0, "last_update": "2026-10-03T19:21:16.679075+00:00", "part": "qualification_n24", "total": 192}
{"comparator": "mean_mode_and_empirical_marginal", "dataset": "baf", "defense": "unprotected", "done": 142, "eta_minutes": 16.241439319272555, "failed": 0, "last_update": "2026-10-03T19:21:16.686205+00:00", "part": "qualification_n24", "total": 192}
{"comparator": "mean_mode_and_empirical_marginal", "dataset": "ieee_cis", "defense": "unprotected", "done": 143, "eta_minutes": 15.94768797706613, "failed": 0, "last_update": "2026-10-03T19:21:41.617653+00:00", "part": "qualification_n24", "total": 192}
{"comparator": "mean_mode_and_empirical_marginal", "dataset": "ieee_cis", "defense": "unprotected", "done": 144, "eta_minutes": 15.913521848784551, "failed": 0, "last_update": "2026-10-03T19:22:53.578875+00:00", "part": "qualification_n24", "total": 192}
{"comparator": "mean_mode_and_empirical_marginal", "dataset": "baf", "defense": "unprotected", "done": 145, "eta_minutes": 15.914866876300724, "failed": 0, "last_update": "2026-10-03T19:24:15.088384+00:00", "part": "qualification_n24", "total": 192}
{"comparator": "mean_mode_and_empirical_marginal", "dataset": "baf", "defense": "unprotected", "done": 146, "eta_minutes": 15.484568836427716, "failed": 0, "last_update": "2026-10-03T19:24:17.945442+00:00", "part": "qualification_n24", "total": 192}
{"comparator": "mean_mode_and_empirical_marginal", "dataset": "baf", "defense": "unprotected", "done": 147, "eta_minutes": 15.422269658166533, "failed": 0, "last_update": "2026-10-03T19:25:31.909795+00:00", "part": "qualification_n24", "total": 192}
{"comparator": "mean_mode_and_empirical_marginal", "dataset": "baf", "defense": "unprotected", "done": 148, "eta_minutes": 15.348361029818252, "failed": 0, "last_update": "2026-10-03T19:26:46.723258+00:00", "part": "qualification_n24", "total": 192}
{"comparator": "mean_mode_and_empirical_marginal", "dataset": "baf", "defense": "unprotected", "done": 149, "eta_minutes": 15.044125425735578, "failed": 0, "last_update": "2026-10-03T19:27:16.923575+00:00", "part": "qualification_n24", "total": 192}
{"comparator": "mean_mode_and_empirical_marginal", "dataset": "baf", "defense": "unprotected", "done": 150, "eta_minutes": 14.602395756721497, "failed": 0, "last_update": "2026-10-03T19:27:18.229748+00:00", "part": "qualification_n24", "total": 192}
{"comparator": "mean_mode_and_empirical_marginal", "dataset": "baf", "defense": "unprotected", "done": 151, "eta_minutes": 14.51292350550098, "failed": 0, "last_update": "2026-10-03T19:28:36.147058+00:00", "part": "qualification_n24", "total": 192}
{"comparator": "mean_mode_and_empirical_marginal", "dataset": "baf", "defense": "unprotected", "done": 152, "eta_minutes": 14.404609662398958, "failed": 0, "last_update": "2026-10-03T19:29:53.395944+00:00", "part": "qualification_n24", "total": 192}
{"comparator": "mean_mode_and_empirical_marginal", "dataset": "baf", "defense": "unprotected", "done": 153, "eta_minutes": 14.060924562519672, "failed": 0, "last_update": "2026-10-03T19:30:18.870262+00:00", "part": "qualification_n24", "total": 192}
{"comparator": "mean_mode_and_empirical_marginal", "dataset": "baf", "defense": "unprotected", "done": 154, "eta_minutes": 13.617267054087156, "failed": 0, "last_update": "2026-10-03T19:30:20.290931+00:00", "part": "qualification_n24", "total": 192}
{"comparator": "mean_mode_and_empirical_marginal", "dataset": "baf", "defense": "unprotected", "done": 155, "eta_minutes": 13.461506074551611, "failed": 0, "last_update": "2026-10-03T19:31:32.712685+00:00", "part": "qualification_n24", "total": 192}
{"comparator": "mean_mode_and_empirical_marginal", "dataset": "baf", "defense": "unprotected", "done": 156, "eta_minutes": 13.403486938659961, "failed": 0, "last_update": "2026-10-03T19:33:14.051545+00:00", "part": "qualification_n24", "total": 192}
{"comparator": "mean_mode_and_empirical_marginal", "dataset": "baf", "defense": "unprotected", "done": 157, "eta_minutes": 12.953282821203747, "failed": 0, "last_update": "2026-10-03T19:33:15.428486+00:00", "part": "qualification_n24", "total": 192}
{"comparator": "mean_mode_and_empirical_marginal", "dataset": "baf", "defense": "unprotected", "done": 158, "eta_minutes": 12.58339327251861, "failed": 0, "last_update": "2026-10-03T19:33:37.691066+00:00", "part": "qualification_n24", "total": 192}
{"comparator": "mean_mode_and_empirical_marginal", "dataset": "baf", "defense": "unprotected", "done": 159, "eta_minutes": 12.30756760963104, "failed": 0, "last_update": "2026-10-03T19:34:27.150847+00:00", "part": "qualification_n24", "total": 192}
{"comparator": "mean_mode_and_empirical_marginal", "dataset": "baf", "defense": "unprotected", "done": 160, "eta_minutes": 12.199375232855479, "failed": 0, "last_update": "2026-10-03T19:36:08.957504+00:00", "part": "qualification_n24", "total": 192}
{"comparator": "mean_mode_and_empirical_marginal", "dataset": "baf", "defense": "unprotected", "done": 161, "eta_minutes": 11.7465701779717, "failed": 0, "last_update": "2026-10-03T19:36:09.527776+00:00", "part": "qualification_n24", "total": 192}
{"comparator": "mean_mode_and_empirical_marginal", "dataset": "baf", "defense": "unprotected", "done": 162, "eta_minutes": 11.367843830291138, "failed": 0, "last_update": "2026-10-03T19:36:32.326343+00:00", "part": "qualification_n24", "total": 192}
{"comparator": "mean_mode_and_empirical_marginal", "dataset": "baf", "defense": "unprotected", "done": 163, "eta_minutes": 11.072014705169419, "failed": 0, "last_update": "2026-10-03T19:37:23.086451+00:00", "part": "qualification_n24", "total": 192}
{"comparator": "mean_mode_and_empirical_marginal", "dataset": "baf", "defense": "unprotected", "done": 164, "eta_minutes": 10.913187767819661, "failed": 0, "last_update": "2026-10-03T19:39:04.350927+00:00", "part": "qualification_n24", "total": 192}
{"comparator": "mean_mode_and_empirical_marginal", "dataset": "baf", "defense": "unprotected", "done": 165, "eta_minutes": 10.469253278212113, "failed": 0, "last_update": "2026-10-03T19:39:07.871139+00:00", "part": "qualification_n24", "total": 192}
{"comparator": "mean_mode_and_empirical_marginal", "dataset": "baf", "defense": "unprotected", "done": 166, "eta_minutes": 10.079796104450303, "failed": 0, "last_update": "2026-10-03T19:39:30.482219+00:00", "part": "qualification_n24", "total": 192}
{"comparator": "mean_mode_and_empirical_marginal", "dataset": "baf", "defense": "unprotected", "done": 167, "eta_minutes": 9.766932193509595, "failed": 0, "last_update": "2026-10-03T19:40:23.731363+00:00", "part": "qualification_n24", "total": 192}
{"comparator": "mean_mode_and_empirical_marginal", "dataset": "baf", "defense": "unprotected", "done": 168, "eta_minutes": 9.54382776646387, "failed": 0, "last_update": "2026-10-03T19:41:57.552598+00:00", "part": "qualification_n24", "total": 192}
{"comparator": "mean_mode_and_empirical_marginal", "dataset": "baf", "defense": "unprotected", "done": 169, "eta_minutes": 9.099312473236926, "failed": 0, "last_update": "2026-10-03T19:42:00.754870+00:00", "part": "qualification_n24", "total": 192}
{"comparator": "mean_mode_and_empirical_marginal", "dataset": "baf", "defense": "unprotected", "done": 170, "eta_minutes": 8.799014098223518, "failed": 0, "last_update": "2026-10-03T19:43:08.687838+00:00", "part": "qualification_n24", "total": 192}
{"comparator": "mean_mode_and_empirical_marginal", "dataset": "baf", "defense": "unprotected", "done": 171, "eta_minutes": 8.45795834231795, "failed": 0, "last_update": "2026-10-03T19:44:01.461729+00:00", "part": "qualification_n24", "total": 192}
{"comparator": "mean_mode_and_empirical_marginal", "dataset": "baf", "defense": "unprotected", "done": 172, "eta_minutes": 8.105056257673011, "failed": 0, "last_update": "2026-10-03T19:44:51.353971+00:00", "part": "qualification_n24", "total": 192}
{"comparator": "mean_mode_and_empirical_marginal", "dataset": "baf", "defense": "unprotected", "done": 173, "eta_minutes": 7.657058605040659, "failed": 0, "last_update": "2026-10-03T19:44:52.316957+00:00", "part": "qualification_n24", "total": 192}
{"comparator": "mean_mode_and_empirical_marginal", "dataset": "baf", "defense": "unprotected", "done": 174, "eta_minutes": 7.331524636416599, "failed": 0, "last_update": "2026-10-03T19:46:01.429230+00:00", "part": "qualification_n24", "total": 192}
{"comparator": "mean_mode_and_empirical_marginal", "dataset": "baf", "defense": "unprotected", "done": 175, "eta_minutes": 7.04389049362001, "failed": 0, "last_update": "2026-10-03T19:47:39.783188+00:00", "part": "qualification_n24", "total": 192}
{"comparator": "mean_mode_and_empirical_marginal", "dataset": "baf", "defense": "unprotected", "done": 176, "eta_minutes": 6.597168512055368, "failed": 0, "last_update": "2026-10-03T19:47:43.276154+00:00", "part": "qualification_n24", "total": 192}
{"comparator": "mean_mode_and_empirical_marginal", "dataset": "baf", "defense": "unprotected", "done": 177, "eta_minutes": 6.211409321949307, "failed": 0, "last_update": "2026-10-03T19:48:26.822740+00:00", "part": "qualification_n24", "total": 192}
{"comparator": "mean_mode_and_empirical_marginal", "dataset": "baf", "defense": "unprotected", "done": 178, "eta_minutes": 5.800079226315245, "failed": 0, "last_update": "2026-10-03T19:48:53.776807+00:00", "part": "qualification_n24", "total": 192}
{"comparator": "mean_mode_and_empirical_marginal", "dataset": "baf", "defense": "unprotected", "done": 179, "eta_minutes": 5.473098655985721, "failed": 0, "last_update": "2026-10-03T19:50:30.766447+00:00", "part": "qualification_n24", "total": 192}
{"comparator": "mean_mode_and_empirical_marginal", "dataset": "baf", "defense": "unprotected", "done": 180, "eta_minutes": 5.024419595400492, "failed": 0, "last_update": "2026-10-03T19:50:31.122570+00:00", "part": "qualification_n24", "total": 192}
{"comparator": "mean_mode_and_empirical_marginal", "dataset": "baf", "defense": "unprotected", "done": 181, "eta_minutes": 4.623919276769649, "failed": 0, "last_update": "2026-10-03T19:51:14.214336+00:00", "part": "qualification_n24", "total": 192}
{"comparator": "mean_mode_and_empirical_marginal", "dataset": "baf", "defense": "unprotected", "done": 182, "eta_minutes": 4.207821584228195, "failed": 0, "last_update": "2026-10-03T19:51:44.086110+00:00", "part": "qualification_n24", "total": 192}
{"comparator": "mean_mode_and_empirical_marginal", "dataset": "baf", "defense": "unprotected", "done": 183, "eta_minutes": 3.8447664706433407, "failed": 0, "last_update": "2026-10-03T19:53:19.760032+00:00", "part": "qualification_n24", "total": 192}
{"comparator": "mean_mode_and_empirical_marginal", "dataset": "baf", "defense": "unprotected", "done": 184, "eta_minutes": 3.4013507333354673, "failed": 0, "last_update": "2026-10-03T19:53:23.008950+00:00", "part": "qualification_n24", "total": 192}
{"comparator": "mean_mode_and_empirical_marginal", "dataset": "baf", "defense": "unprotected", "done": 185, "eta_minutes": 2.9873124582488257, "failed": 0, "last_update": "2026-10-03T19:54:06.168983+00:00", "part": "qualification_n24", "total": 192}
{"comparator": "mean_mode_and_empirical_marginal", "dataset": "baf", "defense": "unprotected", "done": 186, "eta_minutes": 2.588542983865225, "failed": 0, "last_update": "2026-10-03T19:55:23.834889+00:00", "part": "qualification_n24", "total": 192}
{"comparator": "mean_mode_and_empirical_marginal", "dataset": "baf", "defense": "unprotected", "done": 187, "eta_minutes": 2.165977958583152, "failed": 0, "last_update": "2026-10-03T19:56:09.599480+00:00", "part": "qualification_n24", "total": 192}
{"comparator": "mean_mode_and_empirical_marginal", "dataset": "baf", "defense": "unprotected", "done": 188, "eta_minutes": 1.724745017755116, "failed": 0, "last_update": "2026-10-03T19:56:12.925888+00:00", "part": "qualification_n24", "total": 192}
{"comparator": "mean_mode_and_empirical_marginal", "dataset": "baf", "defense": "unprotected", "done": 189, "eta_minutes": 1.2983673237618947, "failed": 0, "last_update": "2026-10-03T19:56:56.973423+00:00", "part": "qualification_n24", "total": 192}
{"comparator": "mean_mode_and_empirical_marginal", "dataset": "baf", "defense": "unprotected", "done": 190, "eta_minutes": 0.8832628194909347, "failed": 0, "last_update": "2026-10-03T19:59:03.743008+00:00", "part": "qualification_n24", "total": 192}
{"comparator": "mean_mode_and_empirical_marginal", "dataset": "baf", "defense": "unprotected", "done": 191, "eta_minutes": 0.43947604337079776, "failed": 0, "last_update": "2026-10-03T19:59:05.540396+00:00", "part": "qualification_n24", "total": 192}
{"comparator": "mean_mode_and_empirical_marginal", "dataset": "baf", "defense": "unprotected", "done": 192, "eta_minutes": 0.0, "failed": 0, "last_update": "2026-10-03T19:59:08.483362+00:00", "part": "qualification_n24", "total": 192}
{"comparator": "client_distortion_DP_calibration", "dataset": "baf", "defense": "v1_and_v2", "done": 1, "eta_minutes": 13.362818817297617, "failed": 0, "last_update": "2026-10-03T20:18:19.368812+00:00", "part": "development24", "total": 192}
{"comparator": "client_distortion_DP_calibration", "dataset": "baf", "defense": "v1_and_v2", "done": 2, "eta_minutes": 6.684952437877655, "failed": 0, "last_update": "2026-10-03T20:18:19.393159+00:00", "part": "development24", "total": 192}
{"comparator": "client_distortion_DP_calibration", "dataset": "baf", "defense": "v1_and_v2", "done": 3, "eta_minutes": 4.441177833080292, "failed": 0, "last_update": "2026-10-03T20:18:19.400759+00:00", "part": "development24", "total": 192}
{"comparator": "client_distortion_DP_calibration", "dataset": "baf", "defense": "v1_and_v2", "done": 4, "eta_minutes": 3.314110350608826, "failed": 0, "last_update": "2026-10-03T20:18:19.401865+00:00", "part": "development24", "total": 192}
{"comparator": "client_distortion_DP_calibration", "dataset": "baf", "defense": "v1_and_v2", "done": 5, "eta_minutes": 5.244700531959534, "failed": 0, "last_update": "2026-10-03T20:18:23.585038+00:00", "part": "development24", "total": 192}
{"comparator": "client_distortion_DP_calibration", "dataset": "baf", "defense": "v1_and_v2", "done": 6, "eta_minutes": 4.353938690821329, "failed": 0, "last_update": "2026-10-03T20:18:23.598063+00:00", "part": "development24", "total": 192}
{"comparator": "client_distortion_DP_calibration", "dataset": "baf", "defense": "v1_and_v2", "done": 7, "eta_minutes": 3.7185498447645275, "failed": 0, "last_update": "2026-10-03T20:18:23.613199+00:00", "part": "development24", "total": 192}
{"comparator": "client_distortion_DP_calibration", "dataset": "baf", "defense": "v1_and_v2", "done": 8, "eta_minutes": 3.2395431359608966, "failed": 0, "last_update": "2026-10-03T20:18:23.622049+00:00", "part": "development24", "total": 192}
{"comparator": "client_distortion_DP_calibration", "dataset": "baf", "defense": "v1_and_v2", "done": 9, "eta_minutes": 4.25570060412089, "failed": 0, "last_update": "2026-10-03T20:18:27.728884+00:00", "part": "development24", "total": 192}
{"comparator": "client_distortion_DP_calibration", "dataset": "baf", "defense": "v1_and_v2", "done": 10, "eta_minutes": 3.8127902698516847, "failed": 0, "last_update": "2026-10-03T20:18:27.740723+00:00", "part": "development24", "total": 192}
{"comparator": "client_distortion_DP_calibration", "dataset": "baf", "defense": "v1_and_v2", "done": 11, "eta_minutes": 3.4527300130237233, "failed": 0, "last_update": "2026-10-03T20:18:27.761149+00:00", "part": "development24", "total": 192}
{"comparator": "client_distortion_DP_calibration", "dataset": "baf", "defense": "v1_and_v2", "done": 12, "eta_minutes": 3.1477585434913635, "failed": 0, "last_update": "2026-10-03T20:18:27.762121+00:00", "part": "development24", "total": 192}
{"comparator": "client_distortion_DP_calibration", "dataset": "baf", "defense": "v1_and_v2", "done": 13, "eta_minutes": 3.811637965226785, "failed": 0, "last_update": "2026-10-03T20:18:31.780449+00:00", "part": "development24", "total": 192}
{"comparator": "client_distortion_DP_calibration", "dataset": "baf", "defense": "v1_and_v2", "done": 14, "eta_minutes": 3.522017576580956, "failed": 0, "last_update": "2026-10-03T20:18:31.791841+00:00", "part": "development24", "total": 192}
{"comparator": "client_distortion_DP_calibration", "dataset": "baf", "defense": "v1_and_v2", "done": 15, "eta_minutes": 3.2713293385505677, "failed": 0, "last_update": "2026-10-03T20:18:31.804964+00:00", "part": "development24", "total": 192}
{"comparator": "client_distortion_DP_calibration", "dataset": "baf", "defense": "v1_and_v2", "done": 16, "eta_minutes": 3.0509518067042034, "failed": 0, "last_update": "2026-10-03T20:18:31.812640+00:00", "part": "development24", "total": 192}
{"comparator": "client_distortion_DP_calibration", "dataset": "baf", "defense": "v1_and_v2", "done": 17, "eta_minutes": 3.550030817003811, "failed": 0, "last_update": "2026-10-03T20:18:35.862688+00:00", "part": "development24", "total": 192}
{"comparator": "client_distortion_DP_calibration", "dataset": "baf", "defense": "v1_and_v2", "done": 18, "eta_minutes": 3.336555688911014, "failed": 0, "last_update": "2026-10-03T20:18:35.880737+00:00", "part": "development24", "total": 192}
{"comparator": "client_distortion_DP_calibration", "dataset": "baf", "defense": "v1_and_v2", "done": 19, "eta_minutes": 3.1448037599262437, "failed": 0, "last_update": "2026-10-03T20:18:35.894069+00:00", "part": "development24", "total": 192}
{"comparator": "client_distortion_DP_calibration", "dataset": "baf", "defense": "v1_and_v2", "done": 20, "eta_minutes": 2.970427660147349, "failed": 0, "last_update": "2026-10-03T20:18:35.895002+00:00", "part": "development24", "total": 192}
{"comparator": "client_distortion_DP_calibration", "dataset": "baf", "defense": "v1_and_v2", "done": 21, "eta_minutes": 3.363799500465393, "failed": 0, "last_update": "2026-10-03T20:18:39.956968+00:00", "part": "development24", "total": 192}
{"comparator": "client_distortion_DP_calibration", "dataset": "baf", "defense": "v1_and_v2", "done": 22, "eta_minutes": 3.1943361018643235, "failed": 0, "last_update": "2026-10-03T20:18:39.974162+00:00", "part": "development24", "total": 192}
{"comparator": "client_distortion_DP_calibration", "dataset": "baf", "defense": "v1_and_v2", "done": 23, "eta_minutes": 3.039787947267726, "failed": 0, "last_update": "2026-10-03T20:18:39.993020+00:00", "part": "development24", "total": 192}
{"comparator": "client_distortion_DP_calibration", "dataset": "baf", "defense": "v1_and_v2", "done": 24, "eta_minutes": 2.8960212230682374, "failed": 0, "last_update": "2026-10-03T20:18:39.994126+00:00", "part": "development24", "total": 192}
{"comparator": "client_distortion_DP_calibration", "dataset": "baf", "defense": "v1_and_v2", "done": 25, "eta_minutes": 3.226534312725067, "failed": 0, "last_update": "2026-10-03T20:18:44.151926+00:00", "part": "development24", "total": 192}
{"comparator": "client_distortion_DP_calibration", "dataset": "baf", "defense": "v1_and_v2", "done": 26, "eta_minutes": 3.085174284225855, "failed": 0, "last_update": "2026-10-03T20:18:44.164286+00:00", "part": "development24", "total": 192}
{"comparator": "client_distortion_DP_calibration", "dataset": "baf", "defense": "v1_and_v2", "done": 27, "eta_minutes": 2.955071294749225, "failed": 0, "last_update": "2026-10-03T20:18:44.184482+00:00", "part": "development24", "total": 192}
{"comparator": "client_distortion_DP_calibration", "dataset": "baf", "defense": "v1_and_v2", "done": 28, "eta_minutes": 2.832384674889701, "failed": 0, "last_update": "2026-10-03T20:18:44.185759+00:00", "part": "development24", "total": 192}
{"comparator": "client_distortion_DP_calibration", "dataset": "baf", "defense": "v1_and_v2", "done": 29, "eta_minutes": 3.1229638494294263, "failed": 0, "last_update": "2026-10-03T20:18:48.508237+00:00", "part": "development24", "total": 192}
{"comparator": "client_distortion_DP_calibration", "dataset": "baf", "defense": "v1_and_v2", "done": 30, "eta_minutes": 3.002107050418854, "failed": 0, "last_update": "2026-10-03T20:18:48.527827+00:00", "part": "development24", "total": 192}
{"comparator": "client_distortion_DP_calibration", "dataset": "baf", "defense": "v1_and_v2", "done": 31, "eta_minutes": 2.889061653742226, "failed": 0, "last_update": "2026-10-03T20:18:48.547811+00:00", "part": "development24", "total": 192}
{"comparator": "client_distortion_DP_calibration", "dataset": "baf", "defense": "v1_and_v2", "done": 32, "eta_minutes": 2.7814665039380393, "failed": 0, "last_update": "2026-10-03T20:18:48.548686+00:00", "part": "development24", "total": 192}
{"comparator": "client_distortion_DP_calibration", "dataset": "baf", "defense": "v1_and_v2", "done": 33, "eta_minutes": 3.0136461142337683, "failed": 0, "last_update": "2026-10-03T20:18:52.699504+00:00", "part": "development24", "total": 192}
{"comparator": "client_distortion_DP_calibration", "dataset": "baf", "defense": "v1_and_v2", "done": 34, "eta_minutes": 2.9076549602489843, "failed": 0, "last_update": "2026-10-03T20:18:52.712956+00:00", "part": "development24", "total": 192}
{"comparator": "client_distortion_DP_calibration", "dataset": "baf", "defense": "v1_and_v2", "done": 35, "eta_minutes": 2.8082775579180037, "failed": 0, "last_update": "2026-10-03T20:18:52.734014+00:00", "part": "development24", "total": 192}
{"comparator": "client_distortion_DP_calibration", "dataset": "baf", "defense": "v1_and_v2", "done": 36, "eta_minutes": 2.7129484706454807, "failed": 0, "last_update": "2026-10-03T20:18:52.734990+00:00", "part": "development24", "total": 192}
{"comparator": "client_distortion_DP_calibration", "dataset": "baf", "defense": "v1_and_v2", "done": 37, "eta_minutes": 2.9026168692219367, "failed": 0, "last_update": "2026-10-03T20:18:56.744044+00:00", "part": "development24", "total": 192}
{"comparator": "client_distortion_DP_calibration", "dataset": "baf", "defense": "v1_and_v2", "done": 38, "eta_minutes": 2.8092258511928088, "failed": 0, "last_update": "2026-10-03T20:18:56.762219+00:00", "part": "development24", "total": 192}
{"comparator": "client_distortion_DP_calibration", "dataset": "baf", "defense": "v1_and_v2", "done": 39, "eta_minutes": 2.7203574006374063, "failed": 0, "last_update": "2026-10-03T20:18:56.776552+00:00", "part": "development24", "total": 192}
{"comparator": "client_distortion_DP_calibration", "dataset": "baf", "defense": "v1_and_v2", "done": 40, "eta_minutes": 2.635066489378611, "failed": 0, "last_update": "2026-10-03T20:18:56.777401+00:00", "part": "development24", "total": 192}
{"comparator": "client_distortion_DP_calibration", "dataset": "baf", "defense": "v1_and_v2", "done": 41, "eta_minutes": 2.800200672556714, "failed": 0, "last_update": "2026-10-03T20:19:00.790239+00:00", "part": "development24", "total": 192}
{"comparator": "client_distortion_DP_calibration", "dataset": "baf", "defense": "v1_and_v2", "done": 42, "eta_minutes": 2.7164313764799206, "failed": 0, "last_update": "2026-10-03T20:19:00.807131+00:00", "part": "development24", "total": 192}
{"comparator": "client_distortion_DP_calibration", "dataset": "baf", "defense": "v1_and_v2", "done": 43, "eta_minutes": 2.636730929030928, "failed": 0, "last_update": "2026-10-03T20:19:00.827216+00:00", "part": "development24", "total": 192}
{"comparator": "client_distortion_DP_calibration", "dataset": "baf", "defense": "v1_and_v2", "done": 44, "eta_minutes": 2.5595739039507777, "failed": 0, "last_update": "2026-10-03T20:19:00.828352+00:00", "part": "development24", "total": 192}
{"comparator": "client_distortion_DP_calibration", "dataset": "baf", "defense": "v1_and_v2", "done": 45, "eta_minutes": 2.7102470649613277, "failed": 0, "last_update": "2026-10-03T20:19:04.951123+00:00", "part": "development24", "total": 192}
{"comparator": "client_distortion_DP_calibration", "dataset": "baf", "defense": "v1_and_v2", "done": 46, "eta_minutes": 2.6343865550082666, "failed": 0, "last_update": "2026-10-03T20:19:04.971804+00:00", "part": "development24", "total": 192}
{"comparator": "client_distortion_DP_calibration", "dataset": "baf", "defense": "v1_and_v2", "done": 47, "eta_minutes": 2.561472822165658, "failed": 0, "last_update": "2026-10-03T20:19:04.987300+00:00", "part": "development24", "total": 192}
{"comparator": "client_distortion_DP_calibration", "dataset": "baf", "defense": "v1_and_v2", "done": 48, "eta_minutes": 2.490854263305664, "failed": 0, "last_update": "2026-10-03T20:19:04.988172+00:00", "part": "development24", "total": 192}
{"comparator": "client_distortion_DP_calibration", "dataset": "baf", "defense": "v1_and_v2", "done": 49, "eta_minutes": 2.621711028108791, "failed": 0, "last_update": "2026-10-03T20:19:09.071983+00:00", "part": "development24", "total": 192}
{"comparator": "client_distortion_DP_calibration", "dataset": "baf", "defense": "v1_and_v2", "done": 50, "eta_minutes": 2.55191850121816, "failed": 0, "last_update": "2026-10-03T20:19:09.084858+00:00", "part": "development24", "total": 192}
{"comparator": "client_distortion_DP_calibration", "dataset": "baf", "defense": "v1_and_v2", "done": 51, "eta_minutes": 2.4846663970573273, "failed": 0, "last_update": "2026-10-03T20:19:09.093628+00:00", "part": "development24", "total": 192}
{"comparator": "client_distortion_DP_calibration", "dataset": "baf", "defense": "v1_and_v2", "done": 52, "eta_minutes": 2.420238971710205, "failed": 0, "last_update": "2026-10-03T20:19:09.107836+00:00", "part": "development24", "total": 192}
{"comparator": "client_distortion_DP_calibration", "dataset": "baf", "defense": "v1_and_v2", "done": 53, "eta_minutes": 2.5357684290634013, "failed": 0, "last_update": "2026-10-03T20:19:13.183622+00:00", "part": "development24", "total": 192}
{"comparator": "client_distortion_DP_calibration", "dataset": "baf", "defense": "v1_and_v2", "done": 54, "eta_minutes": 2.4714617239104375, "failed": 0, "last_update": "2026-10-03T20:19:13.196708+00:00", "part": "development24", "total": 192}
{"comparator": "client_distortion_DP_calibration", "dataset": "baf", "defense": "v1_and_v2", "done": 55, "eta_minutes": 2.4097162495237407, "failed": 0, "last_update": "2026-10-03T20:19:13.215346+00:00", "part": "development24", "total": 192}
{"comparator": "client_distortion_DP_calibration", "dataset": "baf", "defense": "v1_and_v2", "done": 56, "eta_minutes": 2.349445333367302, "failed": 0, "last_update": "2026-10-03T20:19:13.216207+00:00", "part": "development24", "total": 192}
{"comparator": "client_distortion_DP_calibration", "dataset": "baf", "defense": "v1_and_v2", "done": 57, "eta_minutes": 2.450715394396531, "failed": 0, "last_update": "2026-10-03T20:19:17.255867+00:00", "part": "development24", "total": 192}
{"comparator": "client_distortion_DP_calibration", "dataset": "baf", "defense": "v1_and_v2", "done": 58, "eta_minutes": 2.3914130957647304, "failed": 0, "last_update": "2026-10-03T20:19:17.276414+00:00", "part": "development24", "total": 192}
{"comparator": "client_distortion_DP_calibration", "dataset": "baf", "defense": "v1_and_v2", "done": 59, "eta_minutes": 2.333807888408165, "failed": 0, "last_update": "2026-10-03T20:19:17.288979+00:00", "part": "development24", "total": 192}
{"comparator": "client_distortion_DP_calibration", "dataset": "baf", "defense": "v1_and_v2", "done": 60, "eta_minutes": 2.2776939201354978, "failed": 0, "last_update": "2026-10-03T20:19:17.290012+00:00", "part": "development24", "total": 192}
{"comparator": "client_distortion_DP_calibration", "dataset": "baf", "defense": "v1_and_v2", "done": 61, "eta_minutes": 2.3665527999075384, "failed": 0, "last_update": "2026-10-03T20:19:21.290034+00:00", "part": "development24", "total": 192}
{"comparator": "client_distortion_DP_calibration", "dataset": "baf", "defense": "v1_and_v2", "done": 62, "eta_minutes": 2.31105637486263, "failed": 0, "last_update": "2026-10-03T20:19:21.302847+00:00", "part": "development24", "total": 192}
{"comparator": "client_distortion_DP_calibration", "dataset": "baf", "defense": "v1_and_v2", "done": 63, "eta_minutes": 2.25760484214813, "failed": 0, "last_update": "2026-10-03T20:19:21.324143+00:00", "part": "development24", "total": 192}
{"comparator": "client_distortion_DP_calibration", "dataset": "baf", "defense": "v1_and_v2", "done": 64, "eta_minutes": 2.205144270261129, "failed": 0, "last_update": "2026-10-03T20:19:21.325416+00:00", "part": "development24", "total": 192}
{"comparator": "client_distortion_DP_calibration", "dataset": "baf", "defense": "v1_and_v2", "done": 65, "eta_minutes": 2.2999101542815183, "failed": 0, "last_update": "2026-10-03T20:19:25.798241+00:00", "part": "development24", "total": 192}
{"comparator": "client_distortion_DP_calibration", "dataset": "baf", "defense": "v1_and_v2", "done": 66, "eta_minutes": 2.2479110197587446, "failed": 0, "last_update": "2026-10-03T20:19:25.819711+00:00", "part": "development24", "total": 192}
{"comparator": "client_distortion_DP_calibration", "dataset": "baf", "defense": "v1_and_v2", "done": 67, "eta_minutes": 2.1971668251118257, "failed": 0, "last_update": "2026-10-03T20:19:25.831971+00:00", "part": "development24", "total": 192}
{"comparator": "client_distortion_DP_calibration", "dataset": "baf", "defense": "v1_and_v2", "done": 68, "eta_minutes": 2.147962228457133, "failed": 0, "last_update": "2026-10-03T20:19:25.845951+00:00", "part": "development24", "total": 192}
{"comparator": "client_distortion_DP_calibration", "dataset": "baf", "defense": "v1_and_v2", "done": 69, "eta_minutes": 2.2230079738990116, "failed": 0, "last_update": "2026-10-03T20:19:29.994274+00:00", "part": "development24", "total": 192}
{"comparator": "client_distortion_DP_calibration", "dataset": "baf", "defense": "v1_and_v2", "done": 70, "eta_minutes": 2.1739352825709752, "failed": 0, "last_update": "2026-10-03T20:19:30.011478+00:00", "part": "development24", "total": 192}
{"comparator": "client_distortion_DP_calibration", "dataset": "baf", "defense": "v1_and_v2", "done": 71, "eta_minutes": 2.1263055947464955, "failed": 0, "last_update": "2026-10-03T20:19:30.031091+00:00", "part": "development24", "total": 192}
{"comparator": "client_distortion_DP_calibration", "dataset": "baf", "defense": "v1_and_v2", "done": 72, "eta_minutes": 2.079469839731852, "failed": 0, "last_update": "2026-10-03T20:19:30.032001+00:00", "part": "development24", "total": 192}
{"comparator": "client_distortion_DP_calibration", "dataset": "ieee_cis", "defense": "v1_and_v2", "done": 73, "eta_minutes": 2.2258851690923787, "failed": 0, "last_update": "2026-10-03T20:19:37.098585+00:00", "part": "development24", "total": 192}
{"comparator": "client_distortion_DP_calibration", "dataset": "ieee_cis", "defense": "v1_and_v2", "done": 74, "eta_minutes": 2.1777219185958034, "failed": 0, "last_update": "2026-10-03T20:19:37.112487+00:00", "part": "development24", "total": 192}
{"comparator": "client_distortion_DP_calibration", "dataset": "ieee_cis", "defense": "v1_and_v2", "done": 75, "eta_minutes": 2.130608146190643, "failed": 0, "last_update": "2026-10-03T20:19:37.117551+00:00", "part": "development24", "total": 192}
{"comparator": "client_distortion_DP_calibration", "dataset": "ieee_cis", "defense": "v1_and_v2", "done": 76, "eta_minutes": 2.086254147688548, "failed": 0, "last_update": "2026-10-03T20:19:37.182445+00:00", "part": "development24", "total": 192}
{"comparator": "client_distortion_DP_calibration", "dataset": "ieee_cis", "defense": "v1_and_v2", "done": 77, "eta_minutes": 2.181435303254561, "failed": 0, "last_update": "2026-10-03T20:19:42.807867+00:00", "part": "development24", "total": 192}
{"comparator": "client_distortion_DP_calibration", "dataset": "ieee_cis", "defense": "v1_and_v2", "done": 78, "eta_minutes": 2.135243264528421, "failed": 0, "last_update": "2026-10-03T20:19:42.828437+00:00", "part": "development24", "total": 192}
{"comparator": "client_distortion_DP_calibration", "dataset": "ieee_cis", "defense": "v1_and_v2", "done": 79, "eta_minutes": 2.089913380146027, "failed": 0, "last_update": "2026-10-03T20:19:42.836469+00:00", "part": "development24", "total": 192}
{"comparator": "client_distortion_DP_calibration", "dataset": "ieee_cis", "defense": "v1_and_v2", "done": 80, "eta_minutes": 2.045874389807383, "failed": 0, "last_update": "2026-10-03T20:19:42.851412+00:00", "part": "development24", "total": 192}
{"comparator": "client_distortion_DP_calibration", "dataset": "ieee_cis", "defense": "v1_and_v2", "done": 81, "eta_minutes": 2.128238632943895, "failed": 0, "last_update": "2026-10-03T20:19:48.353419+00:00", "part": "development24", "total": 192}
{"comparator": "client_distortion_DP_calibration", "dataset": "ieee_cis", "defense": "v1_and_v2", "done": 82, "eta_minutes": 2.083902402621944, "failed": 0, "last_update": "2026-10-03T20:19:48.378348+00:00", "part": "development24", "total": 192}
{"comparator": "client_distortion_DP_calibration", "dataset": "ieee_cis", "defense": "v1_and_v2", "done": 83, "eta_minutes": 2.040182749669715, "failed": 0, "last_update": "2026-10-03T20:19:48.383104+00:00", "part": "development24", "total": 192}
{"comparator": "client_distortion_DP_calibration", "dataset": "ieee_cis", "defense": "v1_and_v2", "done": 84, "eta_minutes": 1.9980704171316965, "failed": 0, "last_update": "2026-10-03T20:19:48.414366+00:00", "part": "development24", "total": 192}
{"comparator": "client_distortion_DP_calibration", "dataset": "ieee_cis", "defense": "v1_and_v2", "done": 85, "eta_minutes": 2.076054263722663, "failed": 0, "last_update": "2026-10-03T20:19:54.123195+00:00", "part": "development24", "total": 192}
{"comparator": "client_distortion_DP_calibration", "dataset": "ieee_cis", "defense": "v1_and_v2", "done": 86, "eta_minutes": 2.032931971919629, "failed": 0, "last_update": "2026-10-03T20:19:54.132675+00:00", "part": "development24", "total": 192}
{"comparator": "client_distortion_DP_calibration", "dataset": "ieee_cis", "defense": "v1_and_v2", "done": 87, "eta_minutes": 1.9909164076563957, "failed": 0, "last_update": "2026-10-03T20:19:54.148067+00:00", "part": "development24", "total": 192}
{"comparator": "client_distortion_DP_calibration", "dataset": "ieee_cis", "defense": "v1_and_v2", "done": 88, "eta_minutes": 1.94968374895327, "failed": 0, "last_update": "2026-10-03T20:19:54.155028+00:00", "part": "development24", "total": 192}
{"comparator": "client_distortion_DP_calibration", "dataset": "ieee_cis", "defense": "v1_and_v2", "done": 89, "eta_minutes": 2.0185290032558227, "failed": 0, "last_update": "2026-10-03T20:19:59.821028+00:00", "part": "development24", "total": 192}
{"comparator": "client_distortion_DP_calibration", "dataset": "ieee_cis", "defense": "v1_and_v2", "done": 90, "eta_minutes": 1.9768862896495396, "failed": 0, "last_update": "2026-10-03T20:19:59.829749+00:00", "part": "development24", "total": 192}
{"comparator": "client_distortion_DP_calibration", "dataset": "ieee_cis", "defense": "v1_and_v2", "done": 91, "eta_minutes": 1.936494329866472, "failed": 0, "last_update": "2026-10-03T20:19:59.856811+00:00", "part": "development24", "total": 192}
{"comparator": "client_distortion_DP_calibration", "dataset": "ieee_cis", "defense": "v1_and_v2", "done": 92, "eta_minutes": 1.8965910871823628, "failed": 0, "last_update": "2026-10-03T20:19:59.862914+00:00", "part": "development24", "total": 192}
{"comparator": "client_distortion_DP_calibration", "dataset": "ieee_cis", "defense": "v1_and_v2", "done": 93, "eta_minutes": 1.9593791538669219, "failed": 0, "last_update": "2026-10-03T20:20:05.608810+00:00", "part": "development24", "total": 192}
{"comparator": "client_distortion_DP_calibration", "dataset": "ieee_cis", "defense": "v1_and_v2", "done": 94, "eta_minutes": 1.919297196763627, "failed": 0, "last_update": "2026-10-03T20:20:05.628591+00:00", "part": "development24", "total": 192}
{"comparator": "client_distortion_DP_calibration", "dataset": "ieee_cis", "defense": "v1_and_v2", "done": 95, "eta_minutes": 1.8798783971552264, "failed": 0, "last_update": "2026-10-03T20:20:05.638160+00:00", "part": "development24", "total": 192}
{"comparator": "client_distortion_DP_calibration", "dataset": "ieee_cis", "defense": "v1_and_v2", "done": 96, "eta_minutes": 1.8413370847702026, "failed": 0, "last_update": "2026-10-03T20:20:05.651301+00:00", "part": "development24", "total": 192}
{"comparator": "client_distortion_DP_calibration", "dataset": "ieee_cis", "defense": "v1_and_v2", "done": 97, "eta_minutes": 1.8717532694544579, "failed": 0, "last_update": "2026-10-03T20:20:09.840581+00:00", "part": "development24", "total": 192}
{"comparator": "client_distortion_DP_calibration", "dataset": "ieee_cis", "defense": "v1_and_v2", "done": 98, "eta_minutes": 1.8333806054932729, "failed": 0, "last_update": "2026-10-03T20:20:09.854895+00:00", "part": "development24", "total": 192}
{"comparator": "client_distortion_DP_calibration", "dataset": "ieee_cis", "defense": "v1_and_v2", "done": 99, "eta_minutes": 1.7956210152067318, "failed": 0, "last_update": "2026-10-03T20:20:09.859089+00:00", "part": "development24", "total": 192}
{"comparator": "client_distortion_DP_calibration", "dataset": "ieee_cis", "defense": "v1_and_v2", "done": 100, "eta_minutes": 1.7586260158220925, "failed": 0, "last_update": "2026-10-03T20:20:09.864086+00:00", "part": "development24", "total": 192}
{"comparator": "client_distortion_DP_calibration", "dataset": "ieee_cis", "defense": "v1_and_v2", "done": 101, "eta_minutes": 1.785051178814161, "failed": 0, "last_update": "2026-10-03T20:20:14.043718+00:00", "part": "development24", "total": 192}
{"comparator": "client_distortion_DP_calibration", "dataset": "ieee_cis", "defense": "v1_and_v2", "done": 102, "eta_minutes": 1.748258120873395, "failed": 0, "last_update": "2026-10-03T20:20:14.052634+00:00", "part": "development24", "total": 192}
{"comparator": "client_distortion_DP_calibration", "dataset": "ieee_cis", "defense": "v1_and_v2", "done": 103, "eta_minutes": 1.7121747422758429, "failed": 0, "last_update": "2026-10-03T20:20:14.061421+00:00", "part": "development24", "total": 192}
{"comparator": "client_distortion_DP_calibration", "dataset": "ieee_cis", "defense": "v1_and_v2", "done": 104, "eta_minutes": 1.676723471054664, "failed": 0, "last_update": "2026-10-03T20:20:14.066007+00:00", "part": "development24", "total": 192}
{"comparator": "client_distortion_DP_calibration", "dataset": "ieee_cis", "defense": "v1_and_v2", "done": 105, "eta_minutes": 1.700370908918835, "failed": 0, "last_update": "2026-10-03T20:20:18.301378+00:00", "part": "development24", "total": 192}
{"comparator": "client_distortion_DP_calibration", "dataset": "ieee_cis", "defense": "v1_and_v2", "done": 106, "eta_minutes": 1.6651418865851637, "failed": 0, "last_update": "2026-10-03T20:20:18.314136+00:00", "part": "development24", "total": 192}
{"comparator": "client_distortion_DP_calibration", "dataset": "ieee_cis", "defense": "v1_and_v2", "done": 107, "eta_minutes": 1.630542859852871, "failed": 0, "last_update": "2026-10-03T20:20:18.325027+00:00", "part": "development24", "total": 192}
{"comparator": "client_distortion_DP_calibration", "dataset": "ieee_cis", "defense": "v1_and_v2", "done": 108, "eta_minutes": 1.5964866307046677, "failed": 0, "last_update": "2026-10-03T20:20:18.328620+00:00", "part": "development24", "total": 192}
{"comparator": "client_distortion_DP_calibration", "dataset": "ieee_cis", "defense": "v1_and_v2", "done": 109, "eta_minutes": 1.6159139166549077, "failed": 0, "last_update": "2026-10-03T20:20:22.497307+00:00", "part": "development24", "total": 192}
{"comparator": "client_distortion_DP_calibration", "dataset": "ieee_cis", "defense": "v1_and_v2", "done": 110, "eta_minutes": 1.5821164508299395, "failed": 0, "last_update": "2026-10-03T20:20:22.512162+00:00", "part": "development24", "total": 192}
{"comparator": "client_distortion_DP_calibration", "dataset": "ieee_cis", "defense": "v1_and_v2", "done": 111, "eta_minutes": 1.548852118608114, "failed": 0, "last_update": "2026-10-03T20:20:22.521136+00:00", "part": "development24", "total": 192}
{"comparator": "client_distortion_DP_calibration", "dataset": "ieee_cis", "defense": "v1_and_v2", "done": 112, "eta_minutes": 1.516083666256496, "failed": 0, "last_update": "2026-10-03T20:20:22.522115+00:00", "part": "development24", "total": 192}
{"comparator": "client_distortion_DP_calibration", "dataset": "ieee_cis", "defense": "v1_and_v2", "done": 113, "eta_minutes": 1.5319250163778795, "failed": 0, "last_update": "2026-10-03T20:20:26.645148+00:00", "part": "development24", "total": 192}
{"comparator": "client_distortion_DP_calibration", "dataset": "ieee_cis", "defense": "v1_and_v2", "done": 114, "eta_minutes": 1.4993835445035968, "failed": 0, "last_update": "2026-10-03T20:20:26.655486+00:00", "part": "development24", "total": 192}
{"comparator": "client_distortion_DP_calibration", "dataset": "ieee_cis", "defense": "v1_and_v2", "done": 115, "eta_minutes": 1.4673767048725184, "failed": 0, "last_update": "2026-10-03T20:20:26.663283+00:00", "part": "development24", "total": 192}
{"comparator": "client_distortion_DP_calibration", "dataset": "ieee_cis", "defense": "v1_and_v2", "done": 116, "eta_minutes": 1.43592059982234, "failed": 0, "last_update": "2026-10-03T20:20:26.671177+00:00", "part": "development24", "total": 192}
{"comparator": "client_distortion_DP_calibration", "dataset": "ieee_cis", "defense": "v1_and_v2", "done": 117, "eta_minutes": 1.4488200524933317, "failed": 0, "last_update": "2026-10-03T20:20:30.780636+00:00", "part": "development24", "total": 192}
{"comparator": "client_distortion_DP_calibration", "dataset": "ieee_cis", "defense": "v1_and_v2", "done": 118, "eta_minutes": 1.4174846245070636, "failed": 0, "last_update": "2026-10-03T20:20:30.789842+00:00", "part": "development24", "total": 192}
{"comparator": "client_distortion_DP_calibration", "dataset": "ieee_cis", "defense": "v1_and_v2", "done": 119, "eta_minutes": 1.3866707549375648, "failed": 0, "last_update": "2026-10-03T20:20:30.798881+00:00", "part": "development24", "total": 192}
{"comparator": "client_distortion_DP_calibration", "dataset": "ieee_cis", "defense": "v1_and_v2", "done": 120, "eta_minutes": 1.3562870812416075, "failed": 0, "last_update": "2026-10-03T20:20:30.799794+00:00", "part": "development24", "total": 192}
{"comparator": "client_distortion_DP_calibration", "dataset": "paysim", "defense": "v1_and_v2", "done": 121, "eta_minutes": 1.3653124367238405, "failed": 0, "last_update": "2026-10-03T20:20:34.779084+00:00", "part": "development24", "total": 192}
{"comparator": "client_distortion_DP_calibration", "dataset": "paysim", "defense": "v1_and_v2", "done": 122, "eta_minutes": 1.335128169893567, "failed": 0, "last_update": "2026-10-03T20:20:34.787346+00:00", "part": "development24", "total": 192}
{"comparator": "client_distortion_DP_calibration", "dataset": "paysim", "defense": "v1_and_v2", "done": 123, "eta_minutes": 1.3054649672857146, "failed": 0, "last_update": "2026-10-03T20:20:34.799066+00:00", "part": "development24", "total": 192}
{"comparator": "client_distortion_DP_calibration", "dataset": "paysim", "defense": "v1_and_v2", "done": 124, "eta_minutes": 1.2761789053998966, "failed": 0, "last_update": "2026-10-03T20:20:34.800071+00:00", "part": "development24", "total": 192}
{"comparator": "client_distortion_DP_calibration", "dataset": "paysim", "defense": "v1_and_v2", "done": 125, "eta_minutes": 1.2837537333488462, "failed": 0, "last_update": "2026-10-03T20:20:38.874855+00:00", "part": "development24", "total": 192}
{"comparator": "client_distortion_DP_calibration", "dataset": "paysim", "defense": "v1_and_v2", "done": 126, "eta_minutes": 1.2546619837246242, "failed": 0, "last_update": "2026-10-03T20:20:38.886911+00:00", "part": "development24", "total": 192}
{"comparator": "client_distortion_DP_calibration", "dataset": "paysim", "defense": "v1_and_v2", "done": 127, "eta_minutes": 1.2259910946755896, "failed": 0, "last_update": "2026-10-03T20:20:38.894965+00:00", "part": "development24", "total": 192}
{"comparator": "client_distortion_DP_calibration", "dataset": "paysim", "defense": "v1_and_v2", "done": 128, "eta_minutes": 1.197704017162323, "failed": 0, "last_update": "2026-10-03T20:20:38.895570+00:00", "part": "development24", "total": 192}
{"comparator": "client_distortion_DP_calibration", "dataset": "paysim", "defense": "v1_and_v2", "done": 129, "eta_minutes": 1.2021807989408804, "failed": 0, "last_update": "2026-10-03T20:20:42.867578+00:00", "part": "development24", "total": 192}
{"comparator": "client_distortion_DP_calibration", "dataset": "paysim", "defense": "v1_and_v2", "done": 130, "eta_minutes": 1.1740828172365825, "failed": 0, "last_update": "2026-10-03T20:20:42.878280+00:00", "part": "development24", "total": 192}
{"comparator": "client_distortion_DP_calibration", "dataset": "paysim", "defense": "v1_and_v2", "done": 131, "eta_minutes": 1.1463941031739913, "failed": 0, "last_update": "2026-10-03T20:20:42.886757+00:00", "part": "development24", "total": 192}
{"comparator": "client_distortion_DP_calibration", "dataset": "paysim", "defense": "v1_and_v2", "done": 132, "eta_minutes": 1.1190674774574512, "failed": 0, "last_update": "2026-10-03T20:20:42.887995+00:00", "part": "development24", "total": 192}
{"comparator": "client_distortion_DP_calibration", "dataset": "paysim", "defense": "v1_and_v2", "done": 133, "eta_minutes": 1.1210272458860449, "failed": 0, "last_update": "2026-10-03T20:20:46.794761+00:00", "part": "development24", "total": 192}
{"comparator": "client_distortion_DP_calibration", "dataset": "paysim", "defense": "v1_and_v2", "done": 134, "eta_minutes": 1.0938727875254048, "failed": 0, "last_update": "2026-10-03T20:20:46.804486+00:00", "part": "development24", "total": 192}
{"comparator": "client_distortion_DP_calibration", "dataset": "paysim", "defense": "v1_and_v2", "done": 135, "eta_minutes": 1.0670922016214444, "failed": 0, "last_update": "2026-10-03T20:20:46.810500+00:00", "part": "development24", "total": 192}
{"comparator": "client_distortion_DP_calibration", "dataset": "paysim", "defense": "v1_and_v2", "done": 136, "eta_minutes": 1.0407183927648207, "failed": 0, "last_update": "2026-10-03T20:20:46.818622+00:00", "part": "development24", "total": 192}
{"comparator": "client_distortion_DP_calibration", "dataset": "paysim", "defense": "v1_and_v2", "done": 137, "eta_minutes": 1.0413163260821878, "failed": 0, "last_update": "2026-10-03T20:20:50.800537+00:00", "part": "development24", "total": 192}
{"comparator": "client_distortion_DP_calibration", "dataset": "paysim", "defense": "v1_and_v2", "done": 138, "eta_minutes": 1.015071966337121, "failed": 0, "last_update": "2026-10-03T20:20:50.815454+00:00", "part": "development24", "total": 192}
{"comparator": "client_distortion_DP_calibration", "dataset": "paysim", "defense": "v1_and_v2", "done": 139, "eta_minutes": 0.9891380031903585, "failed": 0, "last_update": "2026-10-03T20:20:50.820338+00:00", "part": "development24", "total": 192}
{"comparator": "client_distortion_DP_calibration", "dataset": "paysim", "defense": "v1_and_v2", "done": 140, "eta_minutes": 0.9635493095715841, "failed": 0, "last_update": "2026-10-03T20:20:50.821360+00:00", "part": "development24", "total": 192}
{"comparator": "client_distortion_DP_calibration", "dataset": "paysim", "defense": "v1_and_v2", "done": 141, "eta_minutes": 0.964492794385193, "failed": 0, "last_update": "2026-10-03T20:20:55.163414+00:00", "part": "development24", "total": 192}
{"comparator": "client_distortion_DP_calibration", "dataset": "paysim", "defense": "v1_and_v2", "done": 142, "eta_minutes": 0.9390006280840842, "failed": 0, "last_update": "2026-10-03T20:20:55.176788+00:00", "part": "development24", "total": 192}
{"comparator": "client_distortion_DP_calibration", "dataset": "paysim", "defense": "v1_and_v2", "done": 143, "eta_minutes": 0.9138338961523452, "failed": 0, "last_update": "2026-10-03T20:20:55.185228+00:00", "part": "development24", "total": 192}
{"comparator": "client_distortion_DP_calibration", "dataset": "paysim", "defense": "v1_and_v2", "done": 144, "eta_minutes": 0.8889763063854641, "failed": 0, "last_update": "2026-10-03T20:20:55.186822+00:00", "part": "development24", "total": 192}
{"comparator": "client_distortion_DP_calibration", "dataset": "paysim", "defense": "v1_and_v2", "done": 145, "eta_minutes": 0.8873635654339845, "failed": 0, "last_update": "2026-10-03T20:20:59.427739+00:00", "part": "development24", "total": 192}
{"comparator": "client_distortion_DP_calibration", "dataset": "paysim", "defense": "v1_and_v2", "done": 146, "eta_minutes": 0.8625864923272502, "failed": 0, "last_update": "2026-10-03T20:20:59.437558+00:00", "part": "development24", "total": 192}
{"comparator": "client_distortion_DP_calibration", "dataset": "paysim", "defense": "v1_and_v2", "done": 147, "eta_minutes": 0.8381421845786424, "failed": 0, "last_update": "2026-10-03T20:20:59.446954+00:00", "part": "development24", "total": 192}
{"comparator": "client_distortion_DP_calibration", "dataset": "paysim", "defense": "v1_and_v2", "done": 148, "eta_minutes": 0.8140074175757331, "failed": 0, "last_update": "2026-10-03T20:20:59.452572+00:00", "part": "development24", "total": 192}
{"comparator": "client_distortion_DP_calibration", "dataset": "paysim", "defense": "v1_and_v2", "done": 149, "eta_minutes": 0.810267056554756, "failed": 0, "last_update": "2026-10-03T20:21:03.631253+00:00", "part": "development24", "total": 192}
{"comparator": "client_distortion_DP_calibration", "dataset": "paysim", "defense": "v1_and_v2", "done": 150, "eta_minutes": 0.7862188792228699, "failed": 0, "last_update": "2026-10-03T20:21:03.646558+00:00", "part": "development24", "total": 192}
{"comparator": "client_distortion_DP_calibration", "dataset": "paysim", "defense": "v1_and_v2", "done": 151, "eta_minutes": 0.7624405398537254, "failed": 0, "last_update": "2026-10-03T20:21:03.651849+00:00", "part": "development24", "total": 192}
{"comparator": "client_distortion_DP_calibration", "dataset": "paysim", "defense": "v1_and_v2", "done": 152, "eta_minutes": 0.7389529870267499, "failed": 0, "last_update": "2026-10-03T20:21:03.652369+00:00", "part": "development24", "total": 192}
{"comparator": "client_distortion_DP_calibration", "dataset": "paysim", "defense": "v1_and_v2", "done": 153, "eta_minutes": 0.7334891651970109, "failed": 0, "last_update": "2026-10-03T20:21:07.823143+00:00", "part": "development24", "total": 192}
{"comparator": "client_distortion_DP_calibration", "dataset": "paysim", "defense": "v1_and_v2", "done": 154, "eta_minutes": 0.710080341291634, "failed": 0, "last_update": "2026-10-03T20:21:07.832723+00:00", "part": "development24", "total": 192}
{"comparator": "client_distortion_DP_calibration", "dataset": "paysim", "defense": "v1_and_v2", "done": 155, "eta_minutes": 0.6869874752465115, "failed": 0, "last_update": "2026-10-03T20:21:07.846289+00:00", "part": "development24", "total": 192}
{"comparator": "client_distortion_DP_calibration", "dataset": "paysim", "defense": "v1_and_v2", "done": 156, "eta_minutes": 0.664139788884383, "failed": 0, "last_update": "2026-10-03T20:21:07.847432+00:00", "part": "development24", "total": 192}
{"comparator": "client_distortion_DP_calibration", "dataset": "paysim", "defense": "v1_and_v2", "done": 157, "eta_minutes": 0.6568191033766274, "failed": 0, "last_update": "2026-10-03T20:21:11.949248+00:00", "part": "development24", "total": 192}
{"comparator": "client_distortion_DP_calibration", "dataset": "paysim", "defense": "v1_and_v2", "done": 158, "eta_minutes": 0.6340486735231263, "failed": 0, "last_update": "2026-10-03T20:21:11.958775+00:00", "part": "development24", "total": 192}
{"comparator": "client_distortion_DP_calibration", "dataset": "paysim", "defense": "v1_and_v2", "done": 159, "eta_minutes": 0.6115695846905499, "failed": 0, "last_update": "2026-10-03T20:21:11.970271+00:00", "part": "development24", "total": 192}
{"comparator": "client_distortion_DP_calibration", "dataset": "paysim", "defense": "v1_and_v2", "done": 160, "eta_minutes": 0.5893344004948934, "failed": 0, "last_update": "2026-10-03T20:21:11.971407+00:00", "part": "development24", "total": 192}
{"comparator": "client_distortion_DP_calibration", "dataset": "paysim", "defense": "v1_and_v2", "done": 161, "eta_minutes": 0.5805877846220265, "failed": 0, "last_update": "2026-10-03T20:21:16.089723+00:00", "part": "development24", "total": 192}
{"comparator": "client_distortion_DP_calibration", "dataset": "paysim", "defense": "v1_and_v2", "done": 162, "eta_minutes": 0.5584120007208836, "failed": 0, "last_update": "2026-10-03T20:21:16.096575+00:00", "part": "development24", "total": 192}
{"comparator": "client_distortion_DP_calibration", "dataset": "paysim", "defense": "v1_and_v2", "done": 163, "eta_minutes": 0.536523259417411, "failed": 0, "last_update": "2026-10-03T20:21:16.108925+00:00", "part": "development24", "total": 192}
{"comparator": "client_distortion_DP_calibration", "dataset": "paysim", "defense": "v1_and_v2", "done": 164, "eta_minutes": 0.5148793211797389, "failed": 0, "last_update": "2026-10-03T20:21:16.114387+00:00", "part": "development24", "total": 192}
{"comparator": "client_distortion_DP_calibration", "dataset": "paysim", "defense": "v1_and_v2", "done": 165, "eta_minutes": 0.505107423175465, "failed": 0, "last_update": "2026-10-03T20:21:20.377129+00:00", "part": "development24", "total": 192}
{"comparator": "client_distortion_DP_calibration", "dataset": "paysim", "defense": "v1_and_v2", "done": 166, "eta_minutes": 0.483499088392679, "failed": 0, "last_update": "2026-10-03T20:21:20.388375+00:00", "part": "development24", "total": 192}
{"comparator": "client_distortion_DP_calibration", "dataset": "paysim", "defense": "v1_and_v2", "done": 167, "eta_minutes": 0.46212493540522104, "failed": 0, "last_update": "2026-10-03T20:21:20.390760+00:00", "part": "development24", "total": 192}
{"comparator": "client_distortion_DP_calibration", "dataset": "paysim", "defense": "v1_and_v2", "done": 168, "eta_minutes": 0.44101243870598933, "failed": 0, "last_update": "2026-10-03T20:21:20.396310+00:00", "part": "development24", "total": 192}
{"comparator": "client_distortion_DP_calibration", "dataset": "paysim", "defense": "v1_and_v2", "done": 169, "eta_minutes": 0.4297988429342266, "failed": 0, "last_update": "2026-10-03T20:21:24.656305+00:00", "part": "development24", "total": 192}
{"comparator": "client_distortion_DP_calibration", "dataset": "paysim", "defense": "v1_and_v2", "done": 170, "eta_minutes": 0.4087159871120079, "failed": 0, "last_update": "2026-10-03T20:21:24.666676+00:00", "part": "development24", "total": 192}
{"comparator": "client_distortion_DP_calibration", "dataset": "paysim", "defense": "v1_and_v2", "done": 171, "eta_minutes": 0.387882387428953, "failed": 0, "last_update": "2026-10-03T20:21:24.679317+00:00", "part": "development24", "total": 192}
{"comparator": "client_distortion_DP_calibration", "dataset": "paysim", "defense": "v1_and_v2", "done": 172, "eta_minutes": 0.36727346375931147, "failed": 0, "last_update": "2026-10-03T20:21:24.684165+00:00", "part": "development24", "total": 192}
{"comparator": "client_distortion_DP_calibration", "dataset": "paysim", "defense": "v1_and_v2", "done": 173, "eta_minutes": 0.3546731355792066, "failed": 0, "last_update": "2026-10-03T20:21:28.934613+00:00", "part": "development24", "total": 192}
{"comparator": "client_distortion_DP_calibration", "dataset": "paysim", "defense": "v1_and_v2", "done": 174, "eta_minutes": 0.33409045359184003, "failed": 0, "last_update": "2026-10-03T20:21:28.943524+00:00", "part": "development24", "total": 192}
{"comparator": "client_distortion_DP_calibration", "dataset": "paysim", "defense": "v1_and_v2", "done": 175, "eta_minutes": 0.31374145049140567, "failed": 0, "last_update": "2026-10-03T20:21:28.952555+00:00", "part": "development24", "total": 192}
{"comparator": "client_distortion_DP_calibration", "dataset": "paysim", "defense": "v1_and_v2", "done": 176, "eta_minutes": 0.2936105561978889, "failed": 0, "last_update": "2026-10-03T20:21:28.954050+00:00", "part": "development24", "total": 192}
{"comparator": "client_distortion_DP_calibration", "dataset": "paysim", "defense": "v1_and_v2", "done": 177, "eta_minutes": 0.2797801582153234, "failed": 0, "last_update": "2026-10-03T20:21:33.255430+00:00", "part": "development24", "total": 192}
{"comparator": "client_distortion_DP_calibration", "dataset": "paysim", "defense": "v1_and_v2", "done": 178, "eta_minutes": 0.25966945712486006, "failed": 0, "last_update": "2026-10-03T20:21:33.261785+00:00", "part": "development24", "total": 192}
{"comparator": "client_distortion_DP_calibration", "dataset": "paysim", "defense": "v1_and_v2", "done": 179, "eta_minutes": 0.23978773455380062, "failed": 0, "last_update": "2026-10-03T20:21:33.272645+00:00", "part": "development24", "total": 192}
{"comparator": "client_distortion_DP_calibration", "dataset": "paysim", "defense": "v1_and_v2", "done": 180, "eta_minutes": 0.22011762460072834, "failed": 0, "last_update": "2026-10-03T20:21:33.276939+00:00", "part": "development24", "total": 192}
{"comparator": "client_distortion_DP_calibration", "dataset": "paysim", "defense": "v1_and_v2", "done": 181, "eta_minutes": 0.20491266544791656, "failed": 0, "last_update": "2026-10-03T20:21:37.475764+00:00", "part": "development24", "total": 192}
{"comparator": "client_distortion_DP_calibration", "dataset": "paysim", "defense": "v1_and_v2", "done": 182, "eta_minutes": 0.18526803945010398, "failed": 0, "last_update": "2026-10-03T20:21:37.483780+00:00", "part": "development24", "total": 192}
{"comparator": "client_distortion_DP_calibration", "dataset": "paysim", "defense": "v1_and_v2", "done": 183, "eta_minutes": 0.16583876648887258, "failed": 0, "last_update": "2026-10-03T20:21:37.494377+00:00", "part": "development24", "total": 192}
{"comparator": "client_distortion_DP_calibration", "dataset": "paysim", "defense": "v1_and_v2", "done": 184, "eta_minutes": 0.14661778850831847, "failed": 0, "last_update": "2026-10-03T20:21:37.503611+00:00", "part": "development24", "total": 192}
{"comparator": "client_distortion_DP_calibration", "dataset": "paysim", "defense": "v1_and_v2", "done": 185, "eta_minutes": 0.13022936477317465, "failed": 0, "last_update": "2026-10-03T20:21:41.677643+00:00", "part": "development24", "total": 192}
{"comparator": "client_distortion_DP_calibration", "dataset": "paysim", "defense": "v1_and_v2", "done": 186, "eta_minutes": 0.11103110274960916, "failed": 0, "last_update": "2026-10-03T20:21:41.688927+00:00", "part": "development24", "total": 192}
{"comparator": "client_distortion_DP_calibration", "dataset": "paysim", "defense": "v1_and_v2", "done": 187, "eta_minutes": 0.09203444083956686, "failed": 0, "last_update": "2026-10-03T20:21:41.696369+00:00", "part": "development24", "total": 192}
{"comparator": "client_distortion_DP_calibration", "dataset": "paysim", "defense": "v1_and_v2", "done": 188, "eta_minutes": 0.07323846918471316, "failed": 0, "last_update": "2026-10-03T20:21:41.703568+00:00", "part": "development24", "total": 192}
{"comparator": "client_distortion_DP_calibration", "dataset": "paysim", "defense": "v1_and_v2", "done": 189, "eta_minutes": 0.05575789925913332, "failed": 0, "last_update": "2026-10-03T20:21:45.935937+00:00", "part": "development24", "total": 192}
{"comparator": "client_distortion_DP_calibration", "dataset": "paysim", "defense": "v1_and_v2", "done": 190, "eta_minutes": 0.03697657723175852, "failed": 0, "last_update": "2026-10-03T20:21:45.937576+00:00", "part": "development24", "total": 192}
{"comparator": "client_distortion_DP_calibration", "dataset": "paysim", "defense": "v1_and_v2", "done": 191, "eta_minutes": 0.018391552354236753, "failed": 0, "last_update": "2026-10-03T20:21:45.938278+00:00", "part": "development24", "total": 192}
{"comparator": "client_distortion_DP_calibration", "dataset": "paysim", "defense": "v1_and_v2", "done": 192, "eta_minutes": 0.0, "failed": 0, "last_update": "2026-10-03T20:21:45.945692+00:00", "part": "development24", "total": 192}
{"comparator": "individual_gradient", "dataset": "baf", "defense": "dp_local_eps10", "done": 1, "eta_minutes": 91.96638911962509, "failed": 0, "last_update": "2026-10-03T20:23:07.620263+00:00", "part": "confirmatory_n39", "total": 1326}
{"comparator": "individual_gradient", "dataset": "baf", "defense": "unprotected", "done": 2, "eta_minutes": 46.049027315775554, "failed": 0, "last_update": "2026-10-03T20:23:07.629408+00:00", "part": "confirmatory_n39", "total": 1326}
{"comparator": "individual_gradient", "dataset": "baf", "defense": "dna_v1_conservative", "done": 3, "eta_minutes": 30.797388875484465, "failed": 0, "last_update": "2026-10-03T20:23:07.645901+00:00", "part": "confirmatory_n39", "total": 1326}
{"comparator": "individual_gradient", "dataset": "baf", "defense": "dna_v2_0p95", "done": 4, "eta_minutes": 23.166759530703228, "failed": 0, "last_update": "2026-10-03T20:23:07.661531+00:00", "part": "confirmatory_n39", "total": 1326}
{"comparator": "individual_gradient", "dataset": "baf", "defense": "unprotected", "done": 5, "eta_minutes": 37.3651142803828, "failed": 0, "last_update": "2026-10-03T20:23:11.941421+00:00", "part": "confirmatory_n39", "total": 1326}
{"comparator": "individual_gradient", "dataset": "baf", "defense": "dp_local_eps10", "done": 6, "eta_minutes": 31.15096163749695, "failed": 0, "last_update": "2026-10-03T20:23:11.951498+00:00", "part": "confirmatory_n39", "total": 1326}
{"comparator": "individual_gradient", "dataset": "baf", "defense": "dna_v1_conservative", "done": 7, "eta_minutes": 26.726026640619548, "failed": 0, "last_update": "2026-10-03T20:23:11.965959+00:00", "part": "confirmatory_n39", "total": 1326}
{"comparator": "individual_gradient", "dataset": "baf", "defense": "dna_v2_0p95", "done": 8, "eta_minutes": 23.392564124862353, "failed": 0, "last_update": "2026-10-03T20:23:11.975075+00:00", "part": "confirmatory_n39", "total": 1326}
{"comparator": "individual_gradient", "dataset": "baf", "defense": "unprotected", "done": 9, "eta_minutes": 30.852122608820597, "failed": 0, "last_update": "2026-10-03T20:23:16.105846+00:00", "part": "confirmatory_n39", "total": 1326}
{"comparator": "individual_gradient", "dataset": "baf", "defense": "dp_local_eps10", "done": 10, "eta_minutes": 27.77470839500427, "failed": 0, "last_update": "2026-10-03T20:23:16.119021+00:00", "part": "confirmatory_n39", "total": 1326}
{"comparator": "individual_gradient", "dataset": "baf", "defense": "dna_v1_conservative", "done": 11, "eta_minutes": 25.259109412178848, "failed": 0, "last_update": "2026-10-03T20:23:16.133357+00:00", "part": "confirmatory_n39", "total": 1326}
{"comparator": "individual_gradient", "dataset": "baf", "defense": "dna_v2_0p95", "done": 12, "eta_minutes": 23.16251998543739, "failed": 0, "last_update": "2026-10-03T20:23:16.147562+00:00", "part": "confirmatory_n39", "total": 1326}
{"comparator": "individual_gradient", "dataset": "baf", "defense": "unprotected", "done": 13, "eta_minutes": 28.457946340243023, "failed": 0, "last_update": "2026-10-03T20:23:20.361469+00:00", "part": "confirmatory_n39", "total": 1326}
{"comparator": "individual_gradient", "dataset": "baf", "defense": "dp_local_eps10", "done": 14, "eta_minutes": 26.43437259310768, "failed": 0, "last_update": "2026-10-03T20:23:20.380225+00:00", "part": "confirmatory_n39", "total": 1326}
{"comparator": "individual_gradient", "dataset": "baf", "defense": "dna_v1_conservative", "done": 15, "eta_minutes": 24.655148074626926, "failed": 0, "last_update": "2026-10-03T20:23:20.381516+00:00", "part": "confirmatory_n39", "total": 1326}
{"comparator": "individual_gradient", "dataset": "baf", "defense": "dna_v2_0p95", "done": 16, "eta_minutes": 23.130484327673912, "failed": 0, "last_update": "2026-10-03T20:23:20.406361+00:00", "part": "confirmatory_n39", "total": 1326}
{"comparator": "individual_gradient", "dataset": "baf", "defense": "dp_local_eps10", "done": 17, "eta_minutes": 26.97288690010707, "failed": 0, "last_update": "2026-10-03T20:23:24.473611+00:00", "part": "confirmatory_n39", "total": 1326}
{"comparator": "individual_gradient", "dataset": "baf", "defense": "unprotected", "done": 18, "eta_minutes": 25.46613635751936, "failed": 0, "last_update": "2026-10-03T20:23:24.482833+00:00", "part": "confirmatory_n39", "total": 1326}
{"comparator": "individual_gradient", "dataset": "baf", "defense": "dna_v1_conservative", "done": 19, "eta_minutes": 24.123199071173083, "failed": 0, "last_update": "2026-10-03T20:23:24.496671+00:00", "part": "confirmatory_n39", "total": 1326}
{"comparator": "individual_gradient", "dataset": "baf", "defense": "dna_v2_0p95", "done": 20, "eta_minutes": 22.915307563940683, "failed": 0, "last_update": "2026-10-03T20:23:24.511177+00:00", "part": "confirmatory_n39", "total": 1326}
{"comparator": "individual_gradient", "dataset": "baf", "defense": "dp_local_eps10", "done": 21, "eta_minutes": 26.090148142405916, "failed": 0, "last_update": "2026-10-03T20:23:28.646263+00:00", "part": "confirmatory_n39", "total": 1326}
{"comparator": "individual_gradient", "dataset": "baf", "defense": "unprotected", "done": 22, "eta_minutes": 24.89893057418592, "failed": 0, "last_update": "2026-10-03T20:23:28.660215+00:00", "part": "confirmatory_n39", "total": 1326}
{"comparator": "individual_gradient", "dataset": "baf", "defense": "dna_v1_conservative", "done": 23, "eta_minutes": 23.810590321084728, "failed": 0, "last_update": "2026-10-03T20:23:28.673442+00:00", "part": "confirmatory_n39", "total": 1326}
{"comparator": "individual_gradient", "dataset": "baf", "defense": "dna_v2_0p95", "done": 24, "eta_minutes": 22.809317431847255, "failed": 0, "last_update": "2026-10-03T20:23:28.682674+00:00", "part": "confirmatory_n39", "total": 1326}
{"comparator": "individual_gradient", "dataset": "baf", "defense": "dp_local_eps10", "done": 25, "eta_minutes": 25.461480505784355, "failed": 0, "last_update": "2026-10-03T20:23:32.811797+00:00", "part": "confirmatory_n39", "total": 1326}
{"comparator": "individual_gradient", "dataset": "baf", "defense": "unprotected", "done": 26, "eta_minutes": 24.465201695760086, "failed": 0, "last_update": "2026-10-03T20:23:32.814024+00:00", "part": "confirmatory_n39", "total": 1326}
{"comparator": "individual_gradient", "dataset": "baf", "defense": "dna_v1_conservative", "done": 27, "eta_minutes": 23.552032531632317, "failed": 0, "last_update": "2026-10-03T20:23:32.827832+00:00", "part": "confirmatory_n39", "total": 1326}
{"comparator": "individual_gradient", "dataset": "baf", "defense": "dna_v2_0p95", "done": 28, "eta_minutes": 22.700800681681862, "failed": 0, "last_update": "2026-10-03T20:23:32.837402+00:00", "part": "confirmatory_n39", "total": 1326}
{"comparator": "individual_gradient", "dataset": "baf", "defense": "unprotected", "done": 29, "eta_minutes": 25.031569880726696, "failed": 0, "last_update": "2026-10-03T20:23:37.037064+00:00", "part": "confirmatory_n39", "total": 1326}
{"comparator": "individual_gradient", "dataset": "baf", "defense": "dp_local_eps10", "done": 30, "eta_minutes": 24.195254287719727, "failed": 0, "last_update": "2026-10-03T20:23:37.060299+00:00", "part": "confirmatory_n39", "total": 1326}
{"comparator": "individual_gradient", "dataset": "baf", "defense": "dna_v1_conservative", "done": 31, "eta_minutes": 23.405917658600753, "failed": 0, "last_update": "2026-10-03T20:23:37.073547+00:00", "part": "confirmatory_n39", "total": 1326}
{"comparator": "individual_gradient", "dataset": "baf", "defense": "dna_v2_0p95", "done": 32, "eta_minutes": 22.666952770203352, "failed": 0, "last_update": "2026-10-03T20:23:37.088335+00:00", "part": "confirmatory_n39", "total": 1326}
{"comparator": "individual_gradient", "dataset": "baf", "defense": "unprotected", "done": 33, "eta_minutes": 24.638291217341568, "failed": 0, "last_update": "2026-10-03T20:23:41.184945+00:00", "part": "confirmatory_n39", "total": 1326}
{"comparator": "individual_gradient", "dataset": "baf", "defense": "dp_local_eps10", "done": 34, "eta_minutes": 23.904094958305357, "failed": 0, "last_update": "2026-10-03T20:23:41.199085+00:00", "part": "confirmatory_n39", "total": 1326}
{"comparator": "individual_gradient", "dataset": "baf", "defense": "dna_v1_conservative", "done": 35, "eta_minutes": 23.21884391830081, "failed": 0, "last_update": "2026-10-03T20:23:41.224617+00:00", "part": "confirmatory_n39", "total": 1326}
{"comparator": "individual_gradient", "dataset": "baf", "defense": "dna_v2_0p95", "done": 36, "eta_minutes": 22.56431026922332, "failed": 0, "last_update": "2026-10-03T20:23:41.237880+00:00", "part": "confirmatory_n39", "total": 1326}
{"comparator": "individual_gradient", "dataset": "baf", "defense": "dp_local_eps10", "done": 37, "eta_minutes": 24.29121002323993, "failed": 0, "last_update": "2026-10-03T20:23:45.291684+00:00", "part": "confirmatory_n39", "total": 1326}
{"comparator": "individual_gradient", "dataset": "baf", "defense": "unprotected", "done": 38, "eta_minutes": 23.638763964803594, "failed": 0, "last_update": "2026-10-03T20:23:45.300797+00:00", "part": "confirmatory_n39", "total": 1326}
{"comparator": "individual_gradient", "dataset": "baf", "defense": "dna_v1_conservative", "done": 39, "eta_minutes": 23.02285976409912, "failed": 0, "last_update": "2026-10-03T20:23:45.315522+00:00", "part": "confirmatory_n39", "total": 1326}
{"comparator": "individual_gradient", "dataset": "baf", "defense": "dna_v2_0p95", "done": 40, "eta_minutes": 22.435075879891713, "failed": 0, "last_update": "2026-10-03T20:23:45.325284+00:00", "part": "confirmatory_n39", "total": 1326}
{"comparator": "individual_gradient", "dataset": "baf", "defense": "unprotected", "done": 41, "eta_minutes": 24.066439047576935, "failed": 0, "last_update": "2026-10-03T20:23:49.528493+00:00", "part": "confirmatory_n39", "total": 1326}
{"comparator": "individual_gradient", "dataset": "baf", "defense": "dp_local_eps10", "done": 42, "eta_minutes": 23.481254389172513, "failed": 0, "last_update": "2026-10-03T20:23:49.540481+00:00", "part": "confirmatory_n39", "total": 1326}
{"comparator": "individual_gradient", "dataset": "baf", "defense": "dna_v1_conservative", "done": 43, "eta_minutes": 22.924990013773126, "failed": 0, "last_update": "2026-10-03T20:23:49.555911+00:00", "part": "confirmatory_n39", "total": 1326}
{"comparator": "individual_gradient", "dataset": "baf", "defense": "dna_v2_0p95", "done": 44, "eta_minutes": 22.393162084348273, "failed": 0, "last_update": "2026-10-03T20:23:49.569621+00:00", "part": "confirmatory_n39", "total": 1326}
{"comparator": "individual_gradient", "dataset": "baf", "defense": "unprotected", "done": 45, "eta_minutes": 23.825337408648593, "failed": 0, "last_update": "2026-10-03T20:23:53.673112+00:00", "part": "confirmatory_n39", "total": 1326}
{"comparator": "individual_gradient", "dataset": "baf", "defense": "dp_local_eps10", "done": 46, "eta_minutes": 23.29708508477695, "failed": 0, "last_update": "2026-10-03T20:23:53.690118+00:00", "part": "confirmatory_n39", "total": 1326}
{"comparator": "individual_gradient", "dataset": "baf", "defense": "dna_v1_conservative", "done": 47, "eta_minutes": 22.788842401098698, "failed": 0, "last_update": "2026-10-03T20:23:53.701704+00:00", "part": "confirmatory_n39", "total": 1326}
{"comparator": "individual_gradient", "dataset": "baf", "defense": "dna_v2_0p95", "done": 48, "eta_minutes": 22.300314995646477, "failed": 0, "last_update": "2026-10-03T20:23:53.710016+00:00", "part": "confirmatory_n39", "total": 1326}
{"comparator": "individual_gradient", "dataset": "baf", "defense": "unprotected", "done": 49, "eta_minutes": 23.674015786372074, "failed": 0, "last_update": "2026-10-03T20:23:57.959772+00:00", "part": "confirmatory_n39", "total": 1326}
{"comparator": "individual_gradient", "dataset": "baf", "defense": "dp_local_eps10", "done": 50, "eta_minutes": 23.193019605318703, "failed": 0, "last_update": "2026-10-03T20:23:57.984818+00:00", "part": "confirmatory_n39", "total": 1326}
{"comparator": "individual_gradient", "dataset": "baf", "defense": "dna_v2_0p95", "done": 51, "eta_minutes": 22.728000779946644, "failed": 0, "last_update": "2026-10-03T20:23:58.002926+00:00", "part": "confirmatory_n39", "total": 1326}
{"comparator": "individual_gradient", "dataset": "baf", "defense": "dna_v1_conservative", "done": 52, "eta_minutes": 22.279040191570918, "failed": 0, "last_update": "2026-10-03T20:23:58.016690+00:00", "part": "confirmatory_n39", "total": 1326}
{"comparator": "individual_gradient", "dataset": "baf", "defense": "unprotected", "done": 53, "eta_minutes": 23.502579100926717, "failed": 0, "last_update": "2026-10-03T20:24:02.166067+00:00", "part": "confirmatory_n39", "total": 1326}
{"comparator": "individual_gradient", "dataset": "baf", "defense": "dp_local_eps10", "done": 54, "eta_minutes": 23.054064791290845, "failed": 0, "last_update": "2026-10-03T20:24:02.178397+00:00", "part": "confirmatory_n39", "total": 1326}
{"comparator": "individual_gradient", "dataset": "baf", "defense": "dna_v1_conservative", "done": 55, "eta_minutes": 22.622489720257843, "failed": 0, "last_update": "2026-10-03T20:24:02.192379+00:00", "part": "confirmatory_n39", "total": 1326}
{"comparator": "individual_gradient", "dataset": "baf", "defense": "dna_v2_0p95", "done": 56, "eta_minutes": 22.203888018216404, "failed": 0, "last_update": "2026-10-03T20:24:02.199905+00:00", "part": "confirmatory_n39", "total": 1326}
{"comparator": "individual_gradient", "dataset": "baf", "defense": "dp_local_eps10", "done": 57, "eta_minutes": 23.33051605036384, "failed": 0, "last_update": "2026-10-03T20:24:06.332336+00:00", "part": "confirmatory_n39", "total": 1326}
{"comparator": "individual_gradient", "dataset": "baf", "defense": "unprotected", "done": 58, "eta_minutes": 22.913896458998497, "failed": 0, "last_update": "2026-10-03T20:24:06.342500+00:00", "part": "confirmatory_n39", "total": 1326}
{"comparator": "individual_gradient", "dataset": "baf", "defense": "dna_v1_conservative", "done": 59, "eta_minutes": 22.51369020817644, "failed": 0, "last_update": "2026-10-03T20:24:06.359064+00:00", "part": "confirmatory_n39", "total": 1326}
{"comparator": "individual_gradient", "dataset": "baf", "defense": "dna_v2_0p95", "done": 60, "eta_minutes": 22.123730429808298, "failed": 0, "last_update": "2026-10-03T20:24:06.366834+00:00", "part": "confirmatory_n39", "total": 1326}
{"comparator": "individual_gradient", "dataset": "baf", "defense": "dp_local_eps10", "done": 61, "eta_minutes": 23.150558209484394, "failed": 0, "last_update": "2026-10-03T20:24:10.436812+00:00", "part": "confirmatory_n39", "total": 1326}
{"comparator": "individual_gradient", "dataset": "baf", "defense": "unprotected", "done": 62, "eta_minutes": 22.762637978215373, "failed": 0, "last_update": "2026-10-03T20:24:10.447085+00:00", "part": "confirmatory_n39", "total": 1326}
{"comparator": "individual_gradient", "dataset": "baf", "defense": "dna_v1_conservative", "done": 63, "eta_minutes": 22.388426757048045, "failed": 0, "last_update": "2026-10-03T20:24:10.461526+00:00", "part": "confirmatory_n39", "total": 1326}
{"comparator": "individual_gradient", "dataset": "baf", "defense": "dna_v2_0p95", "done": 64, "eta_minutes": 22.02381990539531, "failed": 0, "last_update": "2026-10-03T20:24:10.469627+00:00", "part": "confirmatory_n39", "total": 1326}
{"comparator": "individual_gradient", "dataset": "baf", "defense": "unprotected", "done": 65, "eta_minutes": 23.10348158359528, "failed": 0, "last_update": "2026-10-03T20:24:14.909841+00:00", "part": "confirmatory_n39", "total": 1326}
{"comparator": "individual_gradient", "dataset": "baf", "defense": "dp_local_eps10", "done": 66, "eta_minutes": 22.738740715113554, "failed": 0, "last_update": "2026-10-03T20:24:14.920395+00:00", "part": "confirmatory_n39", "total": 1326}
{"comparator": "individual_gradient", "dataset": "baf", "defense": "dna_v1_conservative", "done": 67, "eta_minutes": 22.386034677040517, "failed": 0, "last_update": "2026-10-03T20:24:14.934619+00:00", "part": "confirmatory_n39", "total": 1326}
{"comparator": "individual_gradient", "dataset": "baf", "defense": "dna_v2_0p95", "done": 68, "eta_minutes": 22.0422544558843, "failed": 0, "last_update": "2026-10-03T20:24:14.944177+00:00", "part": "confirmatory_n39", "total": 1326}
{"comparator": "individual_gradient", "dataset": "baf", "defense": "unprotected", "done": 69, "eta_minutes": 23.025882058385488, "failed": 0, "last_update": "2026-10-03T20:24:19.292807+00:00", "part": "confirmatory_n39", "total": 1326}
{"comparator": "individual_gradient", "dataset": "baf", "defense": "dna_v1_conservative", "done": 70, "eta_minutes": 22.68284023330325, "failed": 0, "last_update": "2026-10-03T20:24:19.306040+00:00", "part": "confirmatory_n39", "total": 1326}
{"comparator": "individual_gradient", "dataset": "baf", "defense": "dna_v2_0p95", "done": 71, "eta_minutes": 22.349490115899993, "failed": 0, "last_update": "2026-10-03T20:24:19.319388+00:00", "part": "confirmatory_n39", "total": 1326}
{"comparator": "individual_gradient", "dataset": "baf", "defense": "dp_local_eps10", "done": 72, "eta_minutes": 22.024434189332858, "failed": 0, "last_update": "2026-10-03T20:24:19.329432+00:00", "part": "confirmatory_n39", "total": 1326}
{"comparator": "individual_gradient", "dataset": "baf", "defense": "dp_local_eps10", "done": 73, "eta_minutes": 22.906503196775095, "failed": 0, "last_update": "2026-10-03T20:24:23.527990+00:00", "part": "confirmatory_n39", "total": 1326}
{"comparator": "individual_gradient", "dataset": "baf", "defense": "unprotected", "done": 74, "eta_minutes": 22.581957669086286, "failed": 0, "last_update": "2026-10-03T20:24:23.538761+00:00", "part": "confirmatory_n39", "total": 1326}
{"comparator": "individual_gradient", "dataset": "baf", "defense": "dna_v1_conservative", "done": 75, "eta_minutes": 22.266596520900727, "failed": 0, "last_update": "2026-10-03T20:24:23.551451+00:00", "part": "confirmatory_n39", "total": 1326}
{"comparator": "individual_gradient", "dataset": "baf", "defense": "dna_v2_0p95", "done": 76, "eta_minutes": 21.960141627412092, "failed": 0, "last_update": "2026-10-03T20:24:23.566375+00:00", "part": "confirmatory_n39", "total": 1326}
{"comparator": "individual_gradient", "dataset": "baf", "defense": "unprotected", "done": 77, "eta_minutes": 22.78639397533425, "failed": 0, "last_update": "2026-10-03T20:24:27.741718+00:00", "part": "confirmatory_n39", "total": 1326}
{"comparator": "individual_gradient", "dataset": "baf", "defense": "dp_local_eps10", "done": 78, "eta_minutes": 22.479112243652345, "failed": 0, "last_update": "2026-10-03T20:24:27.752384+00:00", "part": "confirmatory_n39", "total": 1326}
{"comparator": "individual_gradient", "dataset": "baf", "defense": "dna_v1_conservative", "done": 79, "eta_minutes": 22.180657325112872, "failed": 0, "last_update": "2026-10-03T20:24:27.767179+00:00", "part": "confirmatory_n39", "total": 1326}
{"comparator": "individual_gradient", "dataset": "baf", "defense": "dna_v2_0p95", "done": 80, "eta_minutes": 21.889669277668, "failed": 0, "last_update": "2026-10-03T20:24:27.781928+00:00", "part": "confirmatory_n39", "total": 1326}
{"comparator": "individual_gradient", "dataset": "baf", "defense": "dp_local_eps10", "done": 81, "eta_minutes": 22.693589169302108, "failed": 0, "last_update": "2026-10-03T20:24:32.042799+00:00", "part": "confirmatory_n39", "total": 1326}
{"comparator": "individual_gradient", "dataset": "baf", "defense": "dna_v1_conservative", "done": 82, "eta_minutes": 22.402393932458832, "failed": 0, "last_update": "2026-10-03T20:24:32.056889+00:00", "part": "confirmatory_n39", "total": 1326}
{"comparator": "individual_gradient", "dataset": "baf", "defense": "unprotected", "done": 83, "eta_minutes": 22.118785837759457, "failed": 0, "last_update": "2026-10-03T20:24:32.073283+00:00", "part": "confirmatory_n39", "total": 1326}
{"comparator": "individual_gradient", "dataset": "baf", "defense": "dna_v2_0p95", "done": 84, "eta_minutes": 21.838207968643736, "failed": 0, "last_update": "2026-10-03T20:24:32.074600+00:00", "part": "confirmatory_n39", "total": 1326}
{"comparator": "individual_gradient", "dataset": "baf", "defense": "unprotected", "done": 85, "eta_minutes": 22.569136730829875, "failed": 0, "last_update": "2026-10-03T20:24:36.205652+00:00", "part": "confirmatory_n39", "total": 1326}
{"comparator": "individual_gradient", "dataset": "baf", "defense": "dp_local_eps10", "done": 86, "eta_minutes": 22.29301603265511, "failed": 0, "last_update": "2026-10-03T20:24:36.223466+00:00", "part": "confirmatory_n39", "total": 1326}
{"comparator": "individual_gradient", "dataset": "baf", "defense": "dna_v1_conservative", "done": 87, "eta_minutes": 22.022153533738233, "failed": 0, "last_update": "2026-10-03T20:24:36.236765+00:00", "part": "confirmatory_n39", "total": 1326}
{"comparator": "individual_gradient", "dataset": "baf", "defense": "dna_v2_0p95", "done": 88, "eta_minutes": 21.756279995134385, "failed": 0, "last_update": "2026-10-03T20:24:36.245086+00:00", "part": "confirmatory_n39", "total": 1326}
{"comparator": "individual_gradient", "dataset": "baf", "defense": "dp_local_eps10", "done": 89, "eta_minutes": 22.45276056912061, "failed": 0, "last_update": "2026-10-03T20:24:40.382002+00:00", "part": "confirmatory_n39", "total": 1326}
{"comparator": "individual_gradient", "dataset": "baf", "defense": "unprotected", "done": 90, "eta_minutes": 22.1883663892746, "failed": 0, "last_update": "2026-10-03T20:24:40.395242+00:00", "part": "confirmatory_n39", "total": 1326}
{"comparator": "individual_gradient", "dataset": "baf", "defense": "dna_v1_conservative", "done": 91, "eta_minutes": 21.929341512066976, "failed": 0, "last_update": "2026-10-03T20:24:40.406556+00:00", "part": "confirmatory_n39", "total": 1326}
{"comparator": "individual_gradient", "dataset": "baf", "defense": "dna_v2_0p95", "done": 92, "eta_minutes": 21.67689937119899, "failed": 0, "last_update": "2026-10-03T20:24:40.422094+00:00", "part": "confirmatory_n39", "total": 1326}
{"comparator": "individual_gradient", "dataset": "baf", "defense": "unprotected", "done": 93, "eta_minutes": 22.341044018730038, "failed": 0, "last_update": "2026-10-03T20:24:44.561226+00:00", "part": "confirmatory_n39", "total": 1326}
{"comparator": "individual_gradient", "dataset": "baf", "defense": "dp_local_eps10", "done": 94, "eta_minutes": 22.08771825952733, "failed": 0, "last_update": "2026-10-03T20:24:44.571636+00:00", "part": "confirmatory_n39", "total": 1326}
{"comparator": "individual_gradient", "dataset": "baf", "defense": "dna_v1_conservative", "done": 95, "eta_minutes": 21.840010009481198, "failed": 0, "last_update": "2026-10-03T20:24:44.583342+00:00", "part": "confirmatory_n39", "total": 1326}
{"comparator": "individual_gradient", "dataset": "baf", "defense": "dna_v2_0p95", "done": 96, "eta_minutes": 21.600272299100954, "failed": 0, "last_update": "2026-10-03T20:24:44.608273+00:00", "part": "confirmatory_n39", "total": 1326}
{"comparator": "individual_gradient", "dataset": "baf", "defense": "unprotected", "done": 97, "eta_minutes": 22.269631796931893, "failed": 0, "last_update": "2026-10-03T20:24:48.914890+00:00", "part": "confirmatory_n39", "total": 1326}
{"comparator": "individual_gradient", "dataset": "baf", "defense": "dp_local_eps10", "done": 98, "eta_minutes": 22.027032724854088, "failed": 0, "last_update": "2026-10-03T20:24:48.927237+00:00", "part": "confirmatory_n39", "total": 1326}
{"comparator": "individual_gradient", "dataset": "baf", "defense": "dna_v1_conservative", "done": 99, "eta_minutes": 21.79030557172467, "failed": 0, "last_update": "2026-10-03T20:24:48.944301+00:00", "part": "confirmatory_n39", "total": 1326}
{"comparator": "individual_gradient", "dataset": "baf", "defense": "dna_v2_0p95", "done": 100, "eta_minutes": 21.55661168416341, "failed": 0, "last_update": "2026-10-03T20:24:48.953051+00:00", "part": "confirmatory_n39", "total": 1326}
{"comparator": "individual_gradient", "dataset": "baf", "defense": "dp_local_eps10", "done": 101, "eta_minutes": 22.23662326831629, "failed": 0, "last_update": "2026-10-03T20:24:53.458987+00:00", "part": "confirmatory_n39", "total": 1326}
{"comparator": "individual_gradient", "dataset": "baf", "defense": "unprotected", "done": 102, "eta_minutes": 22.004033756256103, "failed": 0, "last_update": "2026-10-03T20:24:53.475945+00:00", "part": "confirmatory_n39", "total": 1326}
{"comparator": "individual_gradient", "dataset": "baf", "defense": "dna_v1_conservative", "done": 103, "eta_minutes": 21.77519004638141, "failed": 0, "last_update": "2026-10-03T20:24:53.489037+00:00", "part": "confirmatory_n39", "total": 1326}
{"comparator": "individual_gradient", "dataset": "baf", "defense": "dna_v2_0p95", "done": 104, "eta_minutes": 21.551042546828587, "failed": 0, "last_update": "2026-10-03T20:24:53.503644+00:00", "part": "confirmatory_n39", "total": 1326}
{"comparator": "individual_gradient", "dataset": "baf", "defense": "unprotected", "done": 105, "eta_minutes": 22.177246258599418, "failed": 0, "last_update": "2026-10-03T20:24:57.883825+00:00", "part": "confirmatory_n39", "total": 1326}
{"comparator": "individual_gradient", "dataset": "baf", "defense": "dp_local_eps10", "done": 106, "eta_minutes": 21.95229705324713, "failed": 0, "last_update": "2026-10-03T20:24:57.895625+00:00", "part": "confirmatory_n39", "total": 1326}
{"comparator": "individual_gradient", "dataset": "baf", "defense": "dna_v1_conservative", "done": 107, "eta_minutes": 21.73252240527085, "failed": 0, "last_update": "2026-10-03T20:24:57.912542+00:00", "part": "confirmatory_n39", "total": 1326}
{"comparator": "individual_gradient", "dataset": "baf", "defense": "dna_v2_0p95", "done": 108, "eta_minutes": 21.51608972306605, "failed": 0, "last_update": "2026-10-03T20:24:57.925606+00:00", "part": "confirmatory_n39", "total": 1326}
{"comparator": "individual_gradient", "dataset": "baf", "defense": "dp_local_eps10", "done": 109, "eta_minutes": 22.079565559359498, "failed": 0, "last_update": "2026-10-03T20:25:02.108495+00:00", "part": "confirmatory_n39", "total": 1326}
{"comparator": "individual_gradient", "dataset": "baf", "defense": "unprotected", "done": 110, "eta_minutes": 21.86346589753122, "failed": 0, "last_update": "2026-10-03T20:25:02.122616+00:00", "part": "confirmatory_n39", "total": 1326}
{"comparator": "individual_gradient", "dataset": "baf", "defense": "dna_v1_conservative", "done": 111, "eta_minutes": 21.651691288561434, "failed": 0, "last_update": "2026-10-03T20:25:02.139122+00:00", "part": "confirmatory_n39", "total": 1326}
{"comparator": "individual_gradient", "dataset": "baf", "defense": "dna_v2_0p95", "done": 112, "eta_minutes": 21.442550469154405, "failed": 0, "last_update": "2026-10-03T20:25:02.149310+00:00", "part": "confirmatory_n39", "total": 1326}
{"comparator": "individual_gradient", "dataset": "baf", "defense": "dp_local_eps10", "done": 113, "eta_minutes": 22.008829097058573, "failed": 0, "last_update": "2026-10-03T20:25:06.472975+00:00", "part": "confirmatory_n39", "total": 1326}
{"comparator": "individual_gradient", "dataset": "baf", "defense": "unprotected", "done": 114, "eta_minutes": 21.800288486480714, "failed": 0, "last_update": "2026-10-03T20:25:06.487107+00:00", "part": "confirmatory_n39", "total": 1326}
{"comparator": "individual_gradient", "dataset": "baf", "defense": "dna_v1_conservative", "done": 115, "eta_minutes": 21.595447273012518, "failed": 0, "last_update": "2026-10-03T20:25:06.501679+00:00", "part": "confirmatory_n39", "total": 1326}
{"comparator": "individual_gradient", "dataset": "baf", "defense": "dna_v2_0p95", "done": 116, "eta_minutes": 21.393371449804853, "failed": 0, "last_update": "2026-10-03T20:25:06.511870+00:00", "part": "confirmatory_n39", "total": 1326}
{"comparator": "individual_gradient", "dataset": "baf", "defense": "dp_local_eps10", "done": 117, "eta_minutes": 21.91127203305562, "failed": 0, "last_update": "2026-10-03T20:25:10.682518+00:00", "part": "confirmatory_n39", "total": 1326}
{"comparator": "individual_gradient", "dataset": "baf", "defense": "unprotected", "done": 118, "eta_minutes": 21.709223048700448, "failed": 0, "last_update": "2026-10-03T20:25:10.691959+00:00", "part": "confirmatory_n39", "total": 1326}
{"comparator": "individual_gradient", "dataset": "baf", "defense": "dna_v2_0p95", "done": 119, "eta_minutes": 21.5114288239252, "failed": 0, "last_update": "2026-10-03T20:25:10.706488+00:00", "part": "confirmatory_n39", "total": 1326}
{"comparator": "individual_gradient", "dataset": "baf", "defense": "dna_v1_conservative", "done": 120, "eta_minutes": 21.31599940061569, "failed": 0, "last_update": "2026-10-03T20:25:10.715479+00:00", "part": "confirmatory_n39", "total": 1326}
{"comparator": "individual_gradient", "dataset": "baf", "defense": "unprotected", "done": 121, "eta_minutes": 21.80276903370524, "failed": 0, "last_update": "2026-10-03T20:25:14.815196+00:00", "part": "confirmatory_n39", "total": 1326}
{"comparator": "individual_gradient", "dataset": "baf", "defense": "dp_local_eps10", "done": 122, "eta_minutes": 21.60786938120107, "failed": 0, "last_update": "2026-10-03T20:25:14.825865+00:00", "part": "confirmatory_n39", "total": 1326}
{"comparator": "individual_gradient", "dataset": "baf", "defense": "dna_v1_conservative", "done": 123, "eta_minutes": 21.416882164982276, "failed": 0, "last_update": "2026-10-03T20:25:14.841145+00:00", "part": "confirmatory_n39", "total": 1326}
{"comparator": "individual_gradient", "dataset": "baf", "defense": "dna_v2_0p95", "done": 124, "eta_minutes": 21.229179017197698, "failed": 0, "last_update": "2026-10-03T20:25:14.857673+00:00", "part": "confirmatory_n39", "total": 1326}
{"comparator": "individual_gradient", "dataset": "baf", "defense": "unprotected", "done": 125, "eta_minutes": 21.711675104522705, "failed": 0, "last_update": "2026-10-03T20:25:19.040759+00:00", "part": "confirmatory_n39", "total": 1326}
{"comparator": "individual_gradient", "dataset": "baf", "defense": "dp_local_eps10", "done": 126, "eta_minutes": 21.524222502632746, "failed": 0, "last_update": "2026-10-03T20:25:19.058380+00:00", "part": "confirmatory_n39", "total": 1326}
{"comparator": "individual_gradient", "dataset": "baf", "defense": "dna_v1_conservative", "done": 127, "eta_minutes": 21.33854618156989, "failed": 0, "last_update": "2026-10-03T20:25:19.068560+00:00", "part": "confirmatory_n39", "total": 1326}
{"comparator": "individual_gradient", "dataset": "baf", "defense": "dna_v2_0p95", "done": 128, "eta_minutes": 21.155952422879636, "failed": 0, "last_update": "2026-10-03T20:25:19.079917+00:00", "part": "confirmatory_n39", "total": 1326}
{"comparator": "individual_gradient", "dataset": "baf", "defense": "unprotected", "done": 129, "eta_minutes": 21.62008978350218, "failed": 0, "last_update": "2026-10-03T20:25:23.254851+00:00", "part": "confirmatory_n39", "total": 1326}
{"comparator": "individual_gradient", "dataset": "baf", "defense": "dna_v1_conservative", "done": 130, "eta_minutes": 21.438307027816776, "failed": 0, "last_update": "2026-10-03T20:25:23.270799+00:00", "part": "confirmatory_n39", "total": 1326}
{"comparator": "individual_gradient", "dataset": "baf", "defense": "dp_local_eps10", "done": 131, "eta_minutes": 21.258665634475594, "failed": 0, "last_update": "2026-10-03T20:25:23.282645+00:00", "part": "confirmatory_n39", "total": 1326}
{"comparator": "individual_gradient", "dataset": "baf", "defense": "dna_v2_0p95", "done": 132, "eta_minutes": 21.081222381916913, "failed": 0, "last_update": "2026-10-03T20:25:23.291029+00:00", "part": "confirmatory_n39", "total": 1326}
{"comparator": "individual_gradient", "dataset": "baf", "defense": "dp_local_eps10", "done": 133, "eta_minutes": 21.53024108194767, "failed": 0, "last_update": "2026-10-03T20:25:27.471954+00:00", "part": "confirmatory_n39", "total": 1326}
{"comparator": "individual_gradient", "dataset": "baf", "defense": "unprotected", "done": 134, "eta_minutes": 21.35310474960365, "failed": 0, "last_update": "2026-10-03T20:25:27.481724+00:00", "part": "confirmatory_n39", "total": 1326}
{"comparator": "individual_gradient", "dataset": "baf", "defense": "dna_v2_0p95", "done": 135, "eta_minutes": 21.179485163865266, "failed": 0, "last_update": "2026-10-03T20:25:27.497618+00:00", "part": "confirmatory_n39", "total": 1326}
{"comparator": "individual_gradient", "dataset": "baf", "defense": "dna_v1_conservative", "done": 136, "eta_minutes": 21.008265515168507, "failed": 0, "last_update": "2026-10-03T20:25:27.512447+00:00", "part": "confirmatory_n39", "total": 1326}
{"comparator": "individual_gradient", "dataset": "baf", "defense": "unprotected", "done": 137, "eta_minutes": 21.43279421117764, "failed": 0, "last_update": "2026-10-03T20:25:31.628667+00:00", "part": "confirmatory_n39", "total": 1326}
{"comparator": "individual_gradient", "dataset": "baf", "defense": "dp_local_eps10", "done": 138, "eta_minutes": 21.26168792973394, "failed": 0, "last_update": "2026-10-03T20:25:31.643301+00:00", "part": "confirmatory_n39", "total": 1326}
{"comparator": "individual_gradient", "dataset": "baf", "defense": "dna_v2_0p95", "done": 139, "eta_minutes": 21.09317926079821, "failed": 0, "last_update": "2026-10-03T20:25:31.658909+00:00", "part": "confirmatory_n39", "total": 1326}
{"comparator": "individual_gradient", "dataset": "baf", "defense": "dna_v1_conservative", "done": 140, "eta_minutes": 20.92617818310147, "failed": 0, "last_update": "2026-10-03T20:25:31.668172+00:00", "part": "confirmatory_n39", "total": 1326}
{"comparator": "individual_gradient", "dataset": "baf", "defense": "dp_local_eps10", "done": 141, "eta_minutes": 21.346718723469596, "failed": 0, "last_update": "2026-10-03T20:25:35.855134+00:00", "part": "confirmatory_n39", "total": 1326}
{"comparator": "individual_gradient", "dataset": "baf", "defense": "unprotected", "done": 142, "eta_minutes": 21.18003401241392, "failed": 0, "last_update": "2026-10-03T20:25:35.866159+00:00", "part": "confirmatory_n39", "total": 1326}
{"comparator": "individual_gradient", "dataset": "baf", "defense": "dna_v1_conservative", "done": 143, "eta_minutes": 21.017080770839343, "failed": 0, "last_update": "2026-10-03T20:25:35.887353+00:00", "part": "confirmatory_n39", "total": 1326}
{"comparator": "individual_gradient", "dataset": "baf", "defense": "dna_v2_0p95", "done": 144, "eta_minutes": 20.85515639781952, "failed": 0, "last_update": "2026-10-03T20:25:35.899541+00:00", "part": "confirmatory_n39", "total": 1326}
{"comparator": "individual_gradient", "dataset": "baf", "defense": "unprotected", "done": 145, "eta_minutes": 21.25051051877011, "failed": 0, "last_update": "2026-10-03T20:25:40.000605+00:00", "part": "confirmatory_n39", "total": 1326}
{"comparator": "individual_gradient", "dataset": "baf", "defense": "dp_local_eps10", "done": 146, "eta_minutes": 21.088546974473893, "failed": 0, "last_update": "2026-10-03T20:25:40.011434+00:00", "part": "confirmatory_n39", "total": 1326}
{"comparator": "individual_gradient", "dataset": "baf", "defense": "dna_v1_conservative", "done": 147, "eta_minutes": 20.929550785191207, "failed": 0, "last_update": "2026-10-03T20:25:40.027994+00:00", "part": "confirmatory_n39", "total": 1326}
{"comparator": "individual_gradient", "dataset": "baf", "defense": "dna_v2_0p95", "done": 148, "eta_minutes": 20.772433693237133, "failed": 0, "last_update": "2026-10-03T20:25:40.042525+00:00", "part": "confirmatory_n39", "total": 1326}
{"comparator": "individual_gradient", "dataset": "baf", "defense": "unprotected", "done": 149, "eta_minutes": 21.171860062275957, "failed": 0, "last_update": "2026-10-03T20:25:44.268374+00:00", "part": "confirmatory_n39", "total": 1326}
{"comparator": "individual_gradient", "dataset": "baf", "defense": "dp_local_eps10", "done": 150, "eta_minutes": 21.01460723686218, "failed": 0, "last_update": "2026-10-03T20:25:44.281855+00:00", "part": "confirmatory_n39", "total": 1326}
{"comparator": "individual_gradient", "dataset": "baf", "defense": "dna_v1_conservative", "done": 151, "eta_minutes": 20.85918073622596, "failed": 0, "last_update": "2026-10-03T20:25:44.293379+00:00", "part": "confirmatory_n39", "total": 1326}
{"comparator": "individual_gradient", "dataset": "baf", "defense": "dna_v2_0p95", "done": 152, "eta_minutes": 20.70552376576683, "failed": 0, "last_update": "2026-10-03T20:25:44.302779+00:00", "part": "confirmatory_n39", "total": 1326}
{"comparator": "individual_gradient", "dataset": "baf", "defense": "unprotected", "done": 153, "eta_minutes": 21.08571240504583, "failed": 0, "last_update": "2026-10-03T20:25:48.474368+00:00", "part": "confirmatory_n39", "total": 1326}
{"comparator": "individual_gradient", "dataset": "baf", "defense": "dp_local_eps10", "done": 154, "eta_minutes": 20.933072434256086, "failed": 0, "last_update": "2026-10-03T20:25:48.491264+00:00", "part": "confirmatory_n39", "total": 1326}
{"comparator": "individual_gradient", "dataset": "baf", "defense": "dna_v1_conservative", "done": 155, "eta_minutes": 20.78151891146937, "failed": 0, "last_update": "2026-10-03T20:25:48.501149+00:00", "part": "confirmatory_n39", "total": 1326}
{"comparator": "individual_gradient", "dataset": "baf", "defense": "dna_v2_0p95", "done": 156, "eta_minutes": 20.631848841905597, "failed": 0, "last_update": "2026-10-03T20:25:48.510576+00:00", "part": "confirmatory_n39", "total": 1326}
{"comparator": "individual_gradient", "dataset": "baf", "defense": "dp_local_eps10", "done": 157, "eta_minutes": 42.3447536267799, "failed": 0, "last_update": "2026-10-03T20:28:44.676975+00:00", "part": "confirmatory_n39", "total": 1326}
{"comparator": "individual_gradient", "dataset": "baf", "defense": "unprotected", "done": 158, "eta_minutes": 48.128058482624816, "failed": 0, "last_update": "2026-10-03T20:29:34.084198+00:00", "part": "confirmatory_n39", "total": 1326}
{"comparator": "individual_gradient", "dataset": "baf", "defense": "dna_v1_conservative", "done": 159, "eta_minutes": 62.6078732556517, "failed": 0, "last_update": "2026-10-03T20:31:35.263069+00:00", "part": "confirmatory_n39", "total": 1326}
{"comparator": "individual_gradient", "dataset": "baf", "defense": "unprotected", "done": 160, "eta_minutes": 63.25373312652111, "failed": 0, "last_update": "2026-10-03T20:31:44.241229+00:00", "part": "confirmatory_n39", "total": 1326}
{"comparator": "individual_gradient", "dataset": "baf", "defense": "dna_v2_0p95", "done": 161, "eta_minutes": 69.4148299568188, "failed": 0, "last_update": "2026-10-03T20:32:39.032805+00:00", "part": "confirmatory_n39", "total": 1326}
{"comparator": "individual_gradient", "dataset": "baf", "defense": "dp_local_eps10", "done": 162, "eta_minutes": 83.55559759552096, "failed": 0, "last_update": "2026-10-03T20:34:41.188086+00:00", "part": "confirmatory_n39", "total": 1326}
{"comparator": "individual_gradient", "dataset": "baf", "defense": "unprotected", "done": 163, "eta_minutes": 89.41116339777632, "failed": 0, "last_update": "2026-10-03T20:35:35.339848+00:00", "part": "confirmatory_n39", "total": 1326}
{"comparator": "individual_gradient", "dataset": "baf", "defense": "dna_v2_0p95", "done": 164, "eta_minutes": 97.85278366775047, "failed": 0, "last_update": "2026-10-03T20:36:52.088644+00:00", "part": "confirmatory_n39", "total": 1326}
{"comparator": "individual_gradient", "dataset": "baf", "defense": "dna_v1_conservative", "done": 165, "eta_minutes": 98.60211337176237, "failed": 0, "last_update": "2026-10-03T20:37:04.248988+00:00", "part": "confirmatory_n39", "total": 1326}
{"comparator": "individual_gradient", "dataset": "baf", "defense": "dp_local_eps10", "done": 166, "eta_minutes": 117.17358792546284, "failed": 0, "last_update": "2026-10-03T20:39:49.532445+00:00", "part": "confirmatory_n39", "total": 1326}
{"comparator": "individual_gradient", "dataset": "baf", "defense": "unprotected", "done": 167, "eta_minutes": 117.73826200652742, "failed": 0, "last_update": "2026-10-03T20:40:01.348257+00:00", "part": "confirmatory_n39", "total": 1326}
{"comparator": "individual_gradient", "dataset": "baf", "defense": "dna_v1_conservative", "done": 168, "eta_minutes": 120.4474697524593, "failed": 0, "last_update": "2026-10-03T20:40:31.910436+00:00", "part": "confirmatory_n39", "total": 1326}
{"comparator": "individual_gradient", "dataset": "baf", "defense": "dna_v2_0p95", "done": 169, "eta_minutes": 121.95623811299984, "failed": 0, "last_update": "2026-10-03T20:40:52.285724+00:00", "part": "confirmatory_n39", "total": 1326}
{"comparator": "individual_gradient", "dataset": "baf", "defense": "dp_local_eps10", "done": 170, "eta_minutes": 138.61685825347902, "failed": 0, "last_update": "2026-10-03T20:43:26.545698+00:00", "part": "confirmatory_n39", "total": 1326}
{"comparator": "individual_gradient", "dataset": "baf", "defense": "unprotected", "done": 171, "eta_minutes": 140.02048347637668, "failed": 0, "last_update": "2026-10-03T20:43:47.274093+00:00", "part": "confirmatory_n39", "total": 1326}
{"comparator": "individual_gradient", "dataset": "baf", "defense": "dna_v2_0p95", "done": 172, "eta_minutes": 149.11747715607171, "failed": 0, "last_update": "2026-10-03T20:45:16.984688+00:00", "part": "confirmatory_n39", "total": 1326}
{"comparator": "individual_gradient", "dataset": "baf", "defense": "dna_v1_conservative", "done": 173, "eta_minutes": 150.2389086811299, "failed": 0, "last_update": "2026-10-03T20:45:35.996857+00:00", "part": "confirmatory_n39", "total": 1326}
{"comparator": "individual_gradient", "dataset": "baf", "defense": "dp_local_eps10", "done": 174, "eta_minutes": 166.74683353818696, "failed": 0, "last_update": "2026-10-03T20:48:14.598957+00:00", "part": "confirmatory_n39", "total": 1326}
{"comparator": "individual_gradient", "dataset": "baf", "defense": "unprotected", "done": 175, "eta_minutes": 167.85706879963192, "failed": 0, "last_update": "2026-10-03T20:48:34.732250+00:00", "part": "confirmatory_n39", "total": 1326}
{"comparator": "individual_gradient", "dataset": "baf", "defense": "dna_v2_0p95", "done": 176, "eta_minutes": 169.92707733629328, "failed": 0, "last_update": "2026-10-03T20:49:03.829631+00:00", "part": "confirmatory_n39", "total": 1326}
{"comparator": "individual_gradient", "dataset": "baf", "defense": "dna_v1_conservative", "done": 177, "eta_minutes": 181.83874026691848, "failed": 0, "last_update": "2026-10-03T20:51:04.158484+00:00", "part": "confirmatory_n39", "total": 1326}
{"comparator": "individual_gradient", "dataset": "baf", "defense": "dp_local_eps10", "done": 178, "eta_minutes": 187.04904654374286, "failed": 0, "last_update": "2026-10-03T20:52:03.598449+00:00", "part": "confirmatory_n39", "total": 1326}
{"comparator": "individual_gradient", "dataset": "baf", "defense": "unprotected", "done": 179, "eta_minutes": 198.207989556341, "failed": 0, "last_update": "2026-10-03T20:53:59.387606+00:00", "part": "confirmatory_n39", "total": 1326}
{"comparator": "individual_gradient", "dataset": "baf", "defense": "dna_v1_conservative", "done": 180, "eta_minutes": 197.67360483672883, "failed": 0, "last_update": "2026-10-03T20:54:06.348387+00:00", "part": "confirmatory_n39", "total": 1326}
{"comparator": "individual_gradient", "dataset": "baf", "defense": "dna_v2_0p95", "done": 181, "eta_minutes": 204.17816649747817, "failed": 0, "last_update": "2026-10-03T20:55:20.027731+00:00", "part": "confirmatory_n39", "total": 1326}
{"comparator": "individual_gradient", "dataset": "baf", "defense": "dp_local_eps10", "done": 182, "eta_minutes": 213.63457802363803, "failed": 0, "last_update": "2026-10-03T20:57:02.694929+00:00", "part": "confirmatory_n39", "total": 1326}
{"comparator": "individual_gradient", "dataset": "baf", "defense": "unprotected", "done": 183, "eta_minutes": 219.7694585800171, "failed": 0, "last_update": "2026-10-03T20:58:14.626953+00:00", "part": "confirmatory_n39", "total": 1326}
{"comparator": "individual_gradient", "dataset": "baf", "defense": "dna_v2_0p95", "done": 184, "eta_minutes": 224.32418388724327, "failed": 0, "last_update": "2026-10-03T20:59:12.053842+00:00", "part": "confirmatory_n39", "total": 1326}
{"comparator": "individual_gradient", "dataset": "baf", "defense": "dna_v1_conservative", "done": 185, "eta_minutes": 224.48990762787898, "failed": 0, "last_update": "2026-10-03T20:59:27.362854+00:00", "part": "confirmatory_n39", "total": 1326}
{"comparator": "individual_gradient", "dataset": "baf", "defense": "dp_local_eps10", "done": 186, "eta_minutes": 239.0822425644885, "failed": 0, "last_update": "2026-10-03T21:02:03.945074+00:00", "part": "confirmatory_n39", "total": 1326}
{"comparator": "individual_gradient", "dataset": "baf", "defense": "dna_v1_conservative", "done": 187, "eta_minutes": 241.60762189951808, "failed": 0, "last_update": "2026-10-03T21:02:43.471156+00:00", "part": "confirmatory_n39", "total": 1326}
{"comparator": "individual_gradient", "dataset": "baf", "defense": "unprotected", "done": 188, "eta_minutes": 242.56532538550118, "failed": 0, "last_update": "2026-10-03T21:03:07.793975+00:00", "part": "confirmatory_n39", "total": 1326}
{"comparator": "individual_gradient", "dataset": "baf", "defense": "dna_v2_0p95", "done": 189, "eta_minutes": 242.73681431352776, "failed": 0, "last_update": "2026-10-03T21:03:24.419254+00:00", "part": "confirmatory_n39", "total": 1326}
{"comparator": "individual_gradient", "dataset": "baf", "defense": "dp_local_eps10", "done": 190, "eta_minutes": 256.8634073605454, "failed": 0, "last_update": "2026-10-03T21:06:01.134337+00:00", "part": "confirmatory_n39", "total": 1326}
{"comparator": "individual_gradient", "dataset": "baf", "defense": "unprotected", "done": 191, "eta_minutes": 261.7344824347196, "failed": 0, "last_update": "2026-10-03T21:07:06.166939+00:00", "part": "confirmatory_n39", "total": 1326}
{"comparator": "individual_gradient", "dataset": "baf", "defense": "dna_v1_conservative", "done": 192, "eta_minutes": 264.4834363158792, "failed": 0, "last_update": "2026-10-03T21:07:50.271638+00:00", "part": "confirmatory_n39", "total": 1326}
{"comparator": "individual_gradient", "dataset": "baf", "defense": "dna_v2_0p95", "done": 193, "eta_minutes": 263.6001354881725, "failed": 0, "last_update": "2026-10-03T21:07:57.621327+00:00", "part": "confirmatory_n39", "total": 1326}
{"comparator": "individual_gradient", "dataset": "baf", "defense": "dp_local_eps10", "done": 194, "eta_minutes": 278.35076718584367, "failed": 0, "last_update": "2026-10-03T21:10:45.649177+00:00", "part": "confirmatory_n39", "total": 1326}
{"comparator": "individual_gradient", "dataset": "baf", "defense": "unprotected", "done": 195, "eta_minutes": 277.62563251892726, "failed": 0, "last_update": "2026-10-03T21:10:55.445079+00:00", "part": "confirmatory_n39", "total": 1326}
{"comparator": "individual_gradient", "dataset": "baf", "defense": "dna_v1_conservative", "done": 196, "eta_minutes": 281.35595128163186, "failed": 0, "last_update": "2026-10-03T21:11:51.549569+00:00", "part": "confirmatory_n39", "total": 1326}
{"comparator": "individual_gradient", "dataset": "baf", "defense": "dna_v2_0p95", "done": 197, "eta_minutes": 283.3594639997595, "failed": 0, "last_update": "2026-10-03T21:12:30.071245+00:00", "part": "confirmatory_n39", "total": 1326}
{"comparator": "individual_gradient", "dataset": "baf", "defense": "unprotected", "done": 198, "eta_minutes": 298.9070832363283, "failed": 0, "last_update": "2026-10-03T21:15:31.519739+00:00", "part": "confirmatory_n39", "total": 1326}
{"comparator": "individual_gradient", "dataset": "baf", "defense": "dp_local_eps10", "done": 199, "eta_minutes": 298.22705468935783, "failed": 0, "last_update": "2026-10-03T21:15:43.021908+00:00", "part": "confirmatory_n39", "total": 1326}
{"comparator": "individual_gradient", "dataset": "baf", "defense": "dna_v1_conservative", "done": 200, "eta_minutes": 302.04562147871655, "failed": 0, "last_update": "2026-10-03T21:16:42.414438+00:00", "part": "confirmatory_n39", "total": 1326}
{"comparator": "individual_gradient", "dataset": "baf", "defense": "dna_v2_0p95", "done": 201, "eta_minutes": 306.1368748100836, "failed": 0, "last_update": "2026-10-03T21:17:45.243076+00:00", "part": "confirmatory_n39", "total": 1326}
{"comparator": "individual_gradient", "dataset": "baf", "defense": "dp_local_eps10", "done": 202, "eta_minutes": 314.56880400896864, "failed": 0, "last_update": "2026-10-03T21:19:35.425437+00:00", "part": "confirmatory_n39", "total": 1326}
{"comparator": "individual_gradient", "dataset": "baf", "defense": "unprotected", "done": 203, "eta_minutes": 318.6768722760266, "failed": 0, "last_update": "2026-10-03T21:20:39.808675+00:00", "part": "confirmatory_n39", "total": 1326}
{"comparator": "individual_gradient", "dataset": "baf", "defense": "dna_v1_conservative", "done": 204, "eta_minutes": 320.1488304674625, "failed": 0, "last_update": "2026-10-03T21:21:15.988470+00:00", "part": "confirmatory_n39", "total": 1326}
{"comparator": "individual_gradient", "dataset": "baf", "defense": "dna_v2_0p95", "done": 205, "eta_minutes": 324.53588411447475, "failed": 0, "last_update": "2026-10-03T21:22:24.375824+00:00", "part": "confirmatory_n39", "total": 1326}
{"comparator": "individual_gradient", "dataset": "baf", "defense": "dp_local_eps10", "done": 206, "eta_minutes": 332.06012849900327, "failed": 0, "last_update": "2026-10-03T21:24:07.976477+00:00", "part": "confirmatory_n39", "total": 1326}
{"comparator": "individual_gradient", "dataset": "baf", "defense": "unprotected", "done": 207, "eta_minutes": 336.74353288895844, "failed": 0, "last_update": "2026-10-03T21:25:21.038150+00:00", "part": "confirmatory_n39", "total": 1326}
{"comparator": "individual_gradient", "dataset": "baf", "defense": "dna_v1_conservative", "done": 208, "eta_minutes": 343.5099726070961, "failed": 0, "last_update": "2026-10-03T21:26:57.985702+00:00", "part": "confirmatory_n39", "total": 1326}
{"comparator": "individual_gradient", "dataset": "baf", "defense": "dna_v2_0p95", "done": 209, "eta_minutes": 343.7573796544349, "failed": 0, "last_update": "2026-10-03T21:27:22.647831+00:00", "part": "confirmatory_n39", "total": 1326}
{"comparator": "individual_gradient", "dataset": "baf", "defense": "dp_local_eps10", "done": 210, "eta_minutes": 355.075428282874, "failed": 0, "last_update": "2026-10-03T21:29:52.371889+00:00", "part": "confirmatory_n39", "total": 1326}
{"comparator": "individual_gradient", "dataset": "baf", "defense": "dna_v1_conservative", "done": 211, "eta_minutes": 353.4524951949127, "failed": 0, "last_update": "2026-10-03T21:29:56.647329+00:00", "part": "confirmatory_n39", "total": 1326}
{"comparator": "individual_gradient", "dataset": "baf", "defense": "dna_v2_0p95", "done": 212, "eta_minutes": 354.5206311949769, "failed": 0, "last_update": "2026-10-03T21:30:31.483091+00:00", "part": "confirmatory_n39", "total": 1326}
{"comparator": "individual_gradient", "dataset": "baf", "defense": "unprotected", "done": 213, "eta_minutes": 355.43647925663447, "failed": 0, "last_update": "2026-10-03T21:31:04.747966+00:00", "part": "confirmatory_n39", "total": 1326}
{"comparator": "individual_gradient", "dataset": "baf", "defense": "dp_local_eps10", "done": 214, "eta_minutes": 364.5503380828929, "failed": 0, "last_update": "2026-10-03T21:33:12.831980+00:00", "part": "confirmatory_n39", "total": 1326}
{"comparator": "individual_gradient", "dataset": "baf", "defense": "unprotected", "done": 215, "eta_minutes": 365.5903796676333, "failed": 0, "last_update": "2026-10-03T21:33:48.384579+00:00", "part": "confirmatory_n39", "total": 1326}
{"comparator": "individual_gradient", "dataset": "baf", "defense": "dna_v2_0p95", "done": 216, "eta_minutes": 369.3424993582346, "failed": 0, "last_update": "2026-10-03T21:34:55.778993+00:00", "part": "confirmatory_n39", "total": 1326}
{"comparator": "individual_gradient", "dataset": "baf", "defense": "dna_v1_conservative", "done": 217, "eta_minutes": 369.9223208021458, "failed": 0, "last_update": "2026-10-03T21:35:26.457232+00:00", "part": "confirmatory_n39", "total": 1326}
{"comparator": "individual_gradient", "dataset": "baf", "defense": "dp_local_eps10", "done": 218, "eta_minutes": 384.28825787258444, "failed": 0, "last_update": "2026-10-03T21:38:39.999472+00:00", "part": "confirmatory_n39", "total": 1326}
{"comparator": "individual_gradient", "dataset": "baf", "defense": "dna_v1_conservative", "done": 219, "eta_minutes": 382.3447555014532, "failed": 0, "last_update": "2026-10-03T21:38:41.856926+00:00", "part": "confirmatory_n39", "total": 1326}
{"comparator": "individual_gradient", "dataset": "baf", "defense": "dna_v2_0p95", "done": 220, "eta_minutes": 381.41451323386394, "failed": 0, "last_update": "2026-10-03T21:38:55.600059+00:00", "part": "confirmatory_n39", "total": 1326}
{"comparator": "individual_gradient", "dataset": "baf", "defense": "unprotected", "done": 221, "eta_minutes": 380.4460943341255, "failed": 0, "last_update": "2026-10-03T21:39:08.808906+00:00", "part": "confirmatory_n39", "total": 1326}
{"comparator": "individual_gradient", "dataset": "baf", "defense": "dp_local_eps10", "done": 222, "eta_minutes": 390.8391758618054, "failed": 0, "last_update": "2026-10-03T21:41:39.015399+00:00", "part": "confirmatory_n39", "total": 1326}
{"comparator": "individual_gradient", "dataset": "baf", "defense": "unprotected", "done": 223, "eta_minutes": 389.6399234583025, "failed": 0, "last_update": "2026-10-03T21:41:50.003526+00:00", "part": "confirmatory_n39", "total": 1326}
{"comparator": "individual_gradient", "dataset": "baf", "defense": "dna_v1_conservative", "done": 224, "eta_minutes": 398.57716838068194, "failed": 0, "last_update": "2026-10-03T21:44:04.505812+00:00", "part": "confirmatory_n39", "total": 1326}
{"comparator": "individual_gradient", "dataset": "baf", "defense": "dna_v2_0p95", "done": 225, "eta_minutes": 400.9532491721577, "failed": 0, "last_update": "2026-10-03T21:44:59.776271+00:00", "part": "confirmatory_n39", "total": 1326}
{"comparator": "individual_gradient", "dataset": "baf", "defense": "dna_v2_0p95", "done": 226, "eta_minutes": 407.11495151913624, "failed": 0, "last_update": "2026-10-03T21:46:42.072813+00:00", "part": "confirmatory_n39", "total": 1326}
{"comparator": "individual_gradient", "dataset": "baf", "defense": "dp_local_eps10", "done": 227, "eta_minutes": 405.49202833938875, "failed": 0, "last_update": "2026-10-03T21:46:48.752800+00:00", "part": "confirmatory_n39", "total": 1326}
{"comparator": "individual_gradient", "dataset": "baf", "defense": "dna_v1_conservative", "done": 228, "eta_minutes": 403.8177488370946, "failed": 0, "last_update": "2026-10-03T21:46:54.627719+00:00", "part": "confirmatory_n39", "total": 1326}
{"comparator": "individual_gradient", "dataset": "baf", "defense": "unprotected", "done": 229, "eta_minutes": 405.6249490625473, "failed": 0, "last_update": "2026-10-03T21:47:43.935996+00:00", "part": "confirmatory_n39", "total": 1326}
{"comparator": "individual_gradient", "dataset": "baf", "defense": "dp_local_eps10", "done": 230, "eta_minutes": 412.1357286409019, "failed": 0, "last_update": "2026-10-03T21:49:32.756011+00:00", "part": "confirmatory_n39", "total": 1326}
{"comparator": "individual_gradient", "dataset": "baf", "defense": "unprotected", "done": 231, "eta_minutes": 414.15944233936665, "failed": 0, "last_update": "2026-10-03T21:50:25.693103+00:00", "part": "confirmatory_n39", "total": 1326}
{"comparator": "individual_gradient", "dataset": "baf", "defense": "dna_v2_0p95", "done": 232, "eta_minutes": 417.58682713190035, "failed": 0, "last_update": "2026-10-03T21:51:36.809190+00:00", "part": "confirmatory_n39", "total": 1326}
{"comparator": "individual_gradient", "dataset": "baf", "defense": "dna_v1_conservative", "done": 233, "eta_minutes": 417.2262042261671, "failed": 0, "last_update": "2026-10-03T21:51:59.981241+00:00", "part": "confirmatory_n39", "total": 1326}
{"comparator": "individual_gradient", "dataset": "baf", "defense": "dp_local_eps10", "done": 234, "eta_minutes": 425.7883442454868, "failed": 0, "last_update": "2026-10-03T21:54:17.877329+00:00", "part": "confirmatory_n39", "total": 1326}
{"comparator": "individual_gradient", "dataset": "baf", "defense": "unprotected", "done": 235, "eta_minutes": 425.24378604263273, "failed": 0, "last_update": "2026-10-03T21:54:39.273727+00:00", "part": "confirmatory_n39", "total": 1326}
{"comparator": "individual_gradient", "dataset": "baf", "defense": "dna_v1_conservative", "done": 236, "eta_minutes": 423.80376351081725, "failed": 0, "last_update": "2026-10-03T21:54:49.016596+00:00", "part": "confirmatory_n39", "total": 1326}
{"comparator": "individual_gradient", "dataset": "baf", "defense": "dna_v2_0p95", "done": 237, "eta_minutes": 423.522119938271, "failed": 0, "last_update": "2026-10-03T21:55:13.744615+00:00", "part": "confirmatory_n39", "total": 1326}
{"comparator": "individual_gradient", "dataset": "baf", "defense": "dp_local_eps10", "done": 238, "eta_minutes": 431.753738058181, "failed": 0, "last_update": "2026-10-03T21:57:30.223587+00:00", "part": "confirmatory_n39", "total": 1326}
{"comparator": "individual_gradient", "dataset": "baf", "defense": "unprotected", "done": 239, "eta_minutes": 431.25702309723175, "failed": 0, "last_update": "2026-10-03T21:57:52.715858+00:00", "part": "confirmatory_n39", "total": 1326}
{"comparator": "individual_gradient", "dataset": "baf", "defense": "dna_v2_0p95", "done": 240, "eta_minutes": 436.10393022666375, "failed": 0, "last_update": "2026-10-03T21:59:26.049324+00:00", "part": "confirmatory_n39", "total": 1326}
{"comparator": "individual_gradient", "dataset": "baf", "defense": "dna_v1_conservative", "done": 241, "eta_minutes": 434.9930213976698, "failed": 0, "last_update": "2026-10-03T21:59:40.689955+00:00", "part": "confirmatory_n39", "total": 1326}
{"comparator": "individual_gradient", "dataset": "baf", "defense": "dp_local_eps10", "done": 242, "eta_minutes": 443.6868518640187, "failed": 0, "last_update": "2026-10-03T22:02:06.567480+00:00", "part": "confirmatory_n39", "total": 1326}
{"comparator": "individual_gradient", "dataset": "baf", "defense": "unprotected", "done": 243, "eta_minutes": 442.6982930633757, "failed": 0, "last_update": "2026-10-03T22:02:23.327533+00:00", "part": "confirmatory_n39", "total": 1326}
{"comparator": "individual_gradient", "dataset": "baf", "defense": "dna_v2_0p95", "done": 244, "eta_minutes": 442.22482675594057, "failed": 0, "last_update": "2026-10-03T22:02:46.978388+00:00", "part": "confirmatory_n39", "total": 1326}
{"comparator": "individual_gradient", "dataset": "baf", "defense": "dna_v1_conservative", "done": 245, "eta_minutes": 440.5710416975637, "failed": 0, "last_update": "2026-10-03T22:02:54.569847+00:00", "part": "confirmatory_n39", "total": 1326}
{"comparator": "individual_gradient", "dataset": "baf", "defense": "dp_local_eps10", "done": 246, "eta_minutes": 449.90322298538393, "failed": 0, "last_update": "2026-10-03T22:05:32.133129+00:00", "part": "confirmatory_n39", "total": 1326}
{"comparator": "individual_gradient", "dataset": "baf", "defense": "unprotected", "done": 247, "eta_minutes": 448.159839633264, "failed": 0, "last_update": "2026-10-03T22:05:38.904178+00:00", "part": "confirmatory_n39", "total": 1326}
{"comparator": "individual_gradient", "dataset": "baf", "defense": "dna_v2_0p95", "done": 248, "eta_minutes": 453.2971575365912, "failed": 0, "last_update": "2026-10-03T22:07:20.470278+00:00", "part": "confirmatory_n39", "total": 1326}
{"comparator": "individual_gradient", "dataset": "baf", "defense": "dna_v1_conservative", "done": 249, "eta_minutes": 452.80314703916446, "failed": 0, "last_update": "2026-10-03T22:07:44.680478+00:00", "part": "confirmatory_n39", "total": 1326}
{"comparator": "individual_gradient", "dataset": "baf", "defense": "dp_local_eps10", "done": 250, "eta_minutes": 460.9343360490163, "failed": 0, "last_update": "2026-10-03T22:10:09.120308+00:00", "part": "confirmatory_n39", "total": 1326}
{"comparator": "individual_gradient", "dataset": "baf", "defense": "dna_v2_0p95", "done": 251, "eta_minutes": 461.0126945372439, "failed": 0, "last_update": "2026-10-03T22:10:41.921994+00:00", "part": "confirmatory_n39", "total": 1326}
{"comparator": "individual_gradient", "dataset": "baf", "defense": "dna_v1_conservative", "done": 252, "eta_minutes": 460.31990377004183, "failed": 0, "last_update": "2026-10-03T22:11:03.937100+00:00", "part": "confirmatory_n39", "total": 1326}
{"comparator": "individual_gradient", "dataset": "baf", "defense": "unprotected", "done": 253, "eta_minutes": 459.166610532787, "failed": 0, "last_update": "2026-10-03T22:11:19.400920+00:00", "part": "confirmatory_n39", "total": 1326}
{"comparator": "individual_gradient", "dataset": "baf", "defense": "unprotected", "done": 254, "eta_minutes": 468.49089179677287, "failed": 0, "last_update": "2026-10-03T22:14:03.718080+00:00", "part": "confirmatory_n39", "total": 1326}
{"comparator": "individual_gradient", "dataset": "baf", "defense": "dp_local_eps10", "done": 255, "eta_minutes": 468.50571388721465, "failed": 0, "last_update": "2026-10-03T22:14:36.394544+00:00", "part": "confirmatory_n39", "total": 1326}
{"comparator": "individual_gradient", "dataset": "baf", "defense": "dna_v1_conservative", "done": 256, "eta_minutes": 470.0260430088577, "failed": 0, "last_update": "2026-10-03T22:15:30.745511+00:00", "part": "confirmatory_n39", "total": 1326}
{"comparator": "individual_gradient", "dataset": "baf", "defense": "dna_v2_0p95", "done": 257, "eta_minutes": 468.1585078381842, "failed": 0, "last_update": "2026-10-03T22:15:36.499918+00:00", "part": "confirmatory_n39", "total": 1326}
{"comparator": "individual_gradient", "dataset": "baf", "defense": "dp_local_eps10", "done": 258, "eta_minutes": 476.8186730760013, "failed": 0, "last_update": "2026-10-03T22:18:14.647778+00:00", "part": "confirmatory_n39", "total": 1326}
{"comparator": "individual_gradient", "dataset": "baf", "defense": "unprotected", "done": 259, "eta_minutes": 474.70244068987427, "failed": 0, "last_update": "2026-10-03T22:18:17.116422+00:00", "part": "confirmatory_n39", "total": 1326}
{"comparator": "individual_gradient", "dataset": "baf", "defense": "dna_v1_conservative", "done": 260, "eta_minutes": 477.1232810660203, "failed": 0, "last_update": "2026-10-03T22:19:25.747694+00:00", "part": "confirmatory_n39", "total": 1326}
{"comparator": "individual_gradient", "dataset": "baf", "defense": "dna_v2_0p95", "done": 261, "eta_minutes": 475.01965458411365, "failed": 0, "last_update": "2026-10-03T22:19:28.251821+00:00", "part": "confirmatory_n39", "total": 1326}
{"comparator": "individual_gradient", "dataset": "baf", "defense": "unprotected", "done": 262, "eta_minutes": 483.42230852978827, "failed": 0, "last_update": "2026-10-03T22:22:05.747779+00:00", "part": "confirmatory_n39", "total": 1326}
{"comparator": "individual_gradient", "dataset": "baf", "defense": "dp_local_eps10", "done": 263, "eta_minutes": 481.1388079757322, "failed": 0, "last_update": "2026-10-03T22:22:05.855016+00:00", "part": "confirmatory_n39", "total": 1326}
{"comparator": "individual_gradient", "dataset": "baf", "defense": "dna_v2_0p95", "done": 264, "eta_minutes": 483.2348977836696, "failed": 0, "last_update": "2026-10-03T22:23:11.027134+00:00", "part": "confirmatory_n39", "total": 1326}
{"comparator": "individual_gradient", "dataset": "baf", "defense": "dna_v1_conservative", "done": 265, "eta_minutes": 482.36832847877116, "failed": 0, "last_update": "2026-10-03T22:23:32.161168+00:00", "part": "confirmatory_n39", "total": 1326}
{"comparator": "individual_gradient", "dataset": "baf", "defense": "dp_local_eps10", "done": 266, "eta_minutes": 489.1219703735863, "failed": 0, "last_update": "2026-10-03T22:25:47.971465+00:00", "part": "confirmatory_n39", "total": 1326}
{"comparator": "individual_gradient", "dataset": "baf", "defense": "unprotected", "done": 267, "eta_minutes": 488.6315393513061, "failed": 0, "last_update": "2026-10-03T22:26:15.218992+00:00", "part": "confirmatory_n39", "total": 1326}
{"comparator": "individual_gradient", "dataset": "baf", "defense": "dna_v2_0p95", "done": 268, "eta_minutes": 489.14819462495063, "failed": 0, "last_update": "2026-10-03T22:26:57.768588+00:00", "part": "confirmatory_n39", "total": 1326}
{"comparator": "individual_gradient", "dataset": "baf", "defense": "dna_v1_conservative", "done": 269, "eta_minutes": 489.02662569474995, "failed": 0, "last_update": "2026-10-03T22:27:30.711913+00:00", "part": "confirmatory_n39", "total": 1326}
{"comparator": "individual_gradient", "dataset": "baf", "defense": "dp_local_eps10", "done": 270, "eta_minutes": 495.1179390857838, "failed": 0, "last_update": "2026-10-03T22:29:39.015067+00:00", "part": "confirmatory_n39", "total": 1326}
{"comparator": "individual_gradient", "dataset": "baf", "defense": "unprotected", "done": 271, "eta_minutes": 494.9828816103906, "failed": 0, "last_update": "2026-10-03T22:30:12.291452+00:00", "part": "confirmatory_n39", "total": 1326}
{"comparator": "individual_gradient", "dataset": "baf", "defense": "dna_v2_0p95", "done": 272, "eta_minutes": 496.10791550129653, "failed": 0, "last_update": "2026-10-03T22:31:05.126728+00:00", "part": "confirmatory_n39", "total": 1326}
{"comparator": "individual_gradient", "dataset": "baf", "defense": "dna_v1_conservative", "done": 273, "eta_minutes": 494.02788330827445, "failed": 0, "last_update": "2026-10-03T22:31:08.333958+00:00", "part": "confirmatory_n39", "total": 1326}
{"comparator": "individual_gradient", "dataset": "baf", "defense": "dp_local_eps10", "done": 274, "eta_minutes": 501.7917939627548, "failed": 0, "last_update": "2026-10-03T22:33:45.145025+00:00", "part": "confirmatory_n39", "total": 1326}
{"comparator": "individual_gradient", "dataset": "baf", "defense": "unprotected", "done": 275, "eta_minutes": 499.76775007301393, "failed": 0, "last_update": "2026-10-03T22:33:49.476587+00:00", "part": "confirmatory_n39", "total": 1326}
{"comparator": "individual_gradient", "dataset": "baf", "defense": "dna_v2_0p95", "done": 276, "eta_minutes": 501.9701167746731, "failed": 0, "last_update": "2026-10-03T22:35:00.241620+00:00", "part": "confirmatory_n39", "total": 1326}
{"comparator": "individual_gradient", "dataset": "baf", "defense": "dna_v1_conservative", "done": 277, "eta_minutes": 499.7263100471164, "failed": 0, "last_update": "2026-10-03T22:35:00.949837+00:00", "part": "confirmatory_n39", "total": 1326}
{"comparator": "individual_gradient", "dataset": "baf", "defense": "dp_local_eps10", "done": 278, "eta_minutes": 507.45073555710786, "failed": 0, "last_update": "2026-10-03T22:37:40.057177+00:00", "part": "confirmatory_n39", "total": 1326}
{"comparator": "individual_gradient", "dataset": "baf", "defense": "unprotected", "done": 279, "eta_minutes": 508.29023287057026, "failed": 0, "last_update": "2026-10-03T22:38:30.273828+00:00", "part": "confirmatory_n39", "total": 1326}
{"comparator": "individual_gradient", "dataset": "baf", "defense": "dna_v2_0p95", "done": 280, "eta_minutes": 506.03053994857135, "failed": 0, "last_update": "2026-10-03T22:38:30.906129+00:00", "part": "confirmatory_n39", "total": 1326}
{"comparator": "individual_gradient", "dataset": "baf", "defense": "dna_v1_conservative", "done": 281, "eta_minutes": 505.97340190813634, "failed": 0, "last_update": "2026-10-03T22:39:06.816118+00:00", "part": "confirmatory_n39", "total": 1326}
{"comparator": "individual_gradient", "dataset": "baf", "defense": "dp_local_eps10", "done": 282, "eta_minutes": 511.4020716814284, "failed": 0, "last_update": "2026-10-03T22:41:11.696245+00:00", "part": "confirmatory_n39", "total": 1326}
{"comparator": "individual_gradient", "dataset": "baf", "defense": "unprotected", "done": 283, "eta_minutes": 511.3586930560279, "failed": 0, "last_update": "2026-10-03T22:41:48.355686+00:00", "part": "confirmatory_n39", "total": 1326}
{"comparator": "individual_gradient", "dataset": "baf", "defense": "dna_v1_conservative", "done": 284, "eta_minutes": 513.5087470686492, "failed": 0, "last_update": "2026-10-03T22:43:00.950067+00:00", "part": "confirmatory_n39", "total": 1326}
{"comparator": "individual_gradient", "dataset": "baf", "defense": "dna_v2_0p95", "done": 285, "eta_minutes": 512.4090338645901, "failed": 0, "last_update": "2026-10-03T22:43:20.549414+00:00", "part": "confirmatory_n39", "total": 1326}
{"comparator": "individual_gradient", "dataset": "baf", "defense": "dp_local_eps10", "done": 286, "eta_minutes": 518.7942653280317, "failed": 0, "last_update": "2026-10-03T22:45:43.561137+00:00", "part": "confirmatory_n39", "total": 1326}
{"comparator": "individual_gradient", "dataset": "baf", "defense": "unprotected", "done": 287, "eta_minutes": 517.729312048875, "failed": 0, "last_update": "2026-10-03T22:46:04.109052+00:00", "part": "confirmatory_n39", "total": 1326}
{"comparator": "individual_gradient", "dataset": "baf", "defense": "dna_v1_conservative", "done": 288, "eta_minutes": 516.7536236981551, "failed": 0, "last_update": "2026-10-03T22:46:26.059454+00:00", "part": "confirmatory_n39", "total": 1326}
{"comparator": "individual_gradient", "dataset": "baf", "defense": "dna_v2_0p95", "done": 289, "eta_minutes": 515.268306768408, "failed": 0, "last_update": "2026-10-03T22:46:39.417626+00:00", "part": "confirmatory_n39", "total": 1326}
{"comparator": "individual_gradient", "dataset": "baf", "defense": "dp_local_eps10", "done": 290, "eta_minutes": 521.9155650911661, "failed": 0, "last_update": "2026-10-03T22:49:09.219125+00:00", "part": "confirmatory_n39", "total": 1326}
{"comparator": "individual_gradient", "dataset": "baf", "defense": "unprotected", "done": 291, "eta_minutes": 520.380477422906, "failed": 0, "last_update": "2026-10-03T22:49:22.048180+00:00", "part": "confirmatory_n39", "total": 1326}
{"comparator": "individual_gradient", "dataset": "baf", "defense": "dna_v2_0p95", "done": 292, "eta_minutes": 523.4143015571382, "failed": 0, "last_update": "2026-10-03T22:50:52.139107+00:00", "part": "confirmatory_n39", "total": 1326}
{"comparator": "individual_gradient", "dataset": "baf", "defense": "dna_v1_conservative", "done": 293, "eta_minutes": 521.6388257861815, "failed": 0, "last_update": "2026-10-03T22:51:00.910322+00:00", "part": "confirmatory_n39", "total": 1326}
{"comparator": "individual_gradient", "dataset": "baf", "defense": "dp_local_eps10", "done": 294, "eta_minutes": 528.3869361624426, "failed": 0, "last_update": "2026-10-03T22:53:35.185966+00:00", "part": "confirmatory_n39", "total": 1326}
{"comparator": "individual_gradient", "dataset": "baf", "defense": "unprotected", "done": 295, "eta_minutes": 526.5025296334493, "failed": 0, "last_update": "2026-10-03T22:53:42.344974+00:00", "part": "confirmatory_n39", "total": 1326}
{"comparator": "individual_gradient", "dataset": "baf", "defense": "dna_v2_0p95", "done": 296, "eta_minutes": 526.0807610534065, "failed": 0, "last_update": "2026-10-03T22:54:14.518221+00:00", "part": "confirmatory_n39", "total": 1326}
{"comparator": "individual_gradient", "dataset": "baf", "defense": "dna_v1_conservative", "done": 297, "eta_minutes": 524.689731102921, "failed": 0, "last_update": "2026-10-03T22:54:29.919342+00:00", "part": "confirmatory_n39", "total": 1326}
{"comparator": "individual_gradient", "dataset": "baf", "defense": "dp_local_eps10", "done": 298, "eta_minutes": 530.6623526570514, "failed": 0, "last_update": "2026-10-03T22:56:53.263994+00:00", "part": "confirmatory_n39", "total": 1326}
{"comparator": "individual_gradient", "dataset": "baf", "defense": "unprotected", "done": 299, "eta_minutes": 529.3148730566537, "failed": 0, "last_update": "2026-10-03T22:57:09.715575+00:00", "part": "confirmatory_n39", "total": 1326}
{"comparator": "individual_gradient", "dataset": "baf", "defense": "dna_v2_0p95", "done": 300, "eta_minutes": 531.6518243694305, "failed": 0, "last_update": "2026-10-03T22:58:30.680767+00:00", "part": "confirmatory_n39", "total": 1326}
{"comparator": "individual_gradient", "dataset": "baf", "defense": "dna_v1_conservative", "done": 301, "eta_minutes": 530.8797936311461, "failed": 0, "last_update": "2026-10-03T22:58:57.298776+00:00", "part": "confirmatory_n39", "total": 1326}
{"comparator": "individual_gradient", "dataset": "baf", "defense": "dp_local_eps10", "done": 302, "eta_minutes": 536.3333743198555, "failed": 0, "last_update": "2026-10-03T23:01:14.042427+00:00", "part": "confirmatory_n39", "total": 1326}
{"comparator": "individual_gradient", "dataset": "baf", "defense": "unprotected", "done": 303, "eta_minutes": 535.6168751596618, "failed": 0, "last_update": "2026-10-03T23:01:42.043060+00:00", "part": "confirmatory_n39", "total": 1326}
{"comparator": "individual_gradient", "dataset": "baf", "defense": "dna_v2_0p95", "done": 304, "eta_minutes": 534.66838357195, "failed": 0, "last_update": "2026-10-03T23:02:05.873895+00:00", "part": "confirmatory_n39", "total": 1326}
{"comparator": "individual_gradient", "dataset": "baf", "defense": "dna_v1_conservative", "done": 305, "eta_minutes": 533.2019580289444, "failed": 0, "last_update": "2026-10-03T23:02:20.356691+00:00", "part": "confirmatory_n39", "total": 1326}
{"comparator": "individual_gradient", "dataset": "baf", "defense": "dp_local_eps10", "done": 306, "eta_minutes": 539.206226322386, "failed": 0, "last_update": "2026-10-03T23:04:49.167853+00:00", "part": "confirmatory_n39", "total": 1326}
{"comparator": "individual_gradient", "dataset": "baf", "defense": "unprotected", "done": 307, "eta_minutes": 537.7445403154846, "failed": 0, "last_update": "2026-10-03T23:05:04.019495+00:00", "part": "confirmatory_n39", "total": 1326}
{"comparator": "individual_gradient", "dataset": "baf", "defense": "dna_v2_0p95", "done": 308, "eta_minutes": 540.3684057534257, "failed": 0, "last_update": "2026-10-03T23:06:32.894029+00:00", "part": "confirmatory_n39", "total": 1326}
{"comparator": "individual_gradient", "dataset": "baf", "defense": "dna_v1_conservative", "done": 309, "eta_minutes": 538.2912156022868, "failed": 0, "last_update": "2026-10-03T23:06:36.552276+00:00", "part": "confirmatory_n39", "total": 1326}
{"comparator": "individual_gradient", "dataset": "baf", "defense": "unprotected", "done": 310, "eta_minutes": 544.4977936140697, "failed": 0, "last_update": "2026-10-03T23:09:11.624031+00:00", "part": "confirmatory_n39", "total": 1326}
{"comparator": "individual_gradient", "dataset": "baf", "defense": "dp_local_eps10", "done": 311, "eta_minutes": 542.3838486900795, "failed": 0, "last_update": "2026-10-03T23:09:14.768680+00:00", "part": "confirmatory_n39", "total": 1326}
{"comparator": "individual_gradient", "dataset": "baf", "defense": "dna_v2_0p95", "done": 312, "eta_minutes": 542.3289962967236, "failed": 0, "last_update": "2026-10-03T23:09:55.683401+00:00", "part": "confirmatory_n39", "total": 1326}
{"comparator": "individual_gradient", "dataset": "baf", "defense": "dna_v1_conservative", "done": 313, "eta_minutes": 540.8741156749832, "failed": 0, "last_update": "2026-10-03T23:10:10.717270+00:00", "part": "confirmatory_n39", "total": 1326}
{"comparator": "individual_gradient", "dataset": "baf", "defense": "dp_local_eps10", "done": 314, "eta_minutes": 546.3541206741029, "failed": 0, "last_update": "2026-10-03T23:12:34.712334+00:00", "part": "confirmatory_n39", "total": 1326}
{"comparator": "individual_gradient", "dataset": "baf", "defense": "unprotected", "done": 315, "eta_minutes": 544.8082272154187, "failed": 0, "last_update": "2026-10-03T23:12:48.298005+00:00", "part": "confirmatory_n39", "total": 1326}
{"comparator": "individual_gradient", "dataset": "baf", "defense": "dna_v2_0p95", "done": 316, "eta_minutes": 546.8486711151489, "failed": 0, "last_update": "2026-10-03T23:14:09.050634+00:00", "part": "confirmatory_n39", "total": 1326}
{"comparator": "individual_gradient", "dataset": "baf", "defense": "dna_v1_conservative", "done": 317, "eta_minutes": 545.5070436810595, "failed": 0, "last_update": "2026-10-03T23:14:26.452772+00:00", "part": "confirmatory_n39", "total": 1326}
{"comparator": "individual_gradient", "dataset": "baf", "defense": "dp_local_eps10", "done": 318, "eta_minutes": 550.81385122875, "failed": 0, "last_update": "2026-10-03T23:16:49.575105+00:00", "part": "confirmatory_n39", "total": 1326}
{"comparator": "individual_gradient", "dataset": "baf", "defense": "unprotected", "done": 319, "eta_minutes": 549.2949722836009, "failed": 0, "last_update": "2026-10-03T23:17:03.878587+00:00", "part": "confirmatory_n39", "total": 1326}
{"comparator": "individual_gradient", "dataset": "baf", "defense": "dna_v2_0p95", "done": 320, "eta_minutes": 548.8363552578289, "failed": 0, "last_update": "2026-10-03T23:17:38.264940+00:00", "part": "confirmatory_n39", "total": 1326}
{"comparator": "individual_gradient", "dataset": "baf", "defense": "dna_v1_conservative", "done": 321, "eta_minutes": 547.5794971683686, "failed": 0, "last_update": "2026-10-03T23:17:57.367323+00:00", "part": "confirmatory_n39", "total": 1326}
{"comparator": "individual_gradient", "dataset": "baf", "defense": "dp_local_eps10", "done": 322, "eta_minutes": 552.7833156881865, "failed": 0, "last_update": "2026-10-03T23:20:20.680534+00:00", "part": "confirmatory_n39", "total": 1326}
{"comparator": "individual_gradient", "dataset": "baf", "defense": "unprotected", "done": 323, "eta_minutes": 551.4265490383433, "failed": 0, "last_update": "2026-10-03T23:20:38.138249+00:00", "part": "confirmatory_n39", "total": 1326}
{"comparator": "individual_gradient", "dataset": "baf", "defense": "dna_v2_0p95", "done": 324, "eta_minutes": 553.457687029132, "failed": 0, "last_update": "2026-10-03T23:22:01.197730+00:00", "part": "confirmatory_n39", "total": 1326}
{"comparator": "individual_gradient", "dataset": "baf", "defense": "dna_v1_conservative", "done": 325, "eta_minutes": 551.8372809526126, "failed": 0, "last_update": "2026-10-03T23:22:13.532666+00:00", "part": "confirmatory_n39", "total": 1326}
{"comparator": "individual_gradient", "dataset": "baf", "defense": "dp_local_eps10", "done": 326, "eta_minutes": 557.2133193596253, "failed": 0, "last_update": "2026-10-03T23:24:42.548305+00:00", "part": "confirmatory_n39", "total": 1326}
{"comparator": "individual_gradient", "dataset": "baf", "defense": "unprotected", "done": 327, "eta_minutes": 555.5734950463706, "failed": 0, "last_update": "2026-10-03T23:24:54.719012+00:00", "part": "confirmatory_n39", "total": 1326}
{"comparator": "individual_gradient", "dataset": "baf", "defense": "dna_v2_0p95", "done": 328, "eta_minutes": 555.1138722883007, "failed": 0, "last_update": "2026-10-03T23:25:29.989853+00:00", "part": "confirmatory_n39", "total": 1326}
{"comparator": "individual_gradient", "dataset": "baf", "defense": "dna_v1_conservative", "done": 329, "eta_minutes": 553.3160878130246, "failed": 0, "last_update": "2026-10-03T23:25:38.781328+00:00", "part": "confirmatory_n39", "total": 1326}
{"comparator": "individual_gradient", "dataset": "baf", "defense": "dp_local_eps10", "done": 330, "eta_minutes": 558.6829593428698, "failed": 0, "last_update": "2026-10-03T23:28:09.803764+00:00", "part": "confirmatory_n39", "total": 1326}
{"comparator": "individual_gradient", "dataset": "baf", "defense": "unprotected", "done": 331, "eta_minutes": 556.8813716292622, "failed": 0, "last_update": "2026-10-03T23:28:18.696000+00:00", "part": "confirmatory_n39", "total": 1326}
{"comparator": "individual_gradient", "dataset": "baf", "defense": "dna_v2_0p95", "done": 332, "eta_minutes": 558.8168182779748, "failed": 0, "last_update": "2026-10-03T23:29:42.279742+00:00", "part": "confirmatory_n39", "total": 1326}
{"comparator": "individual_gradient", "dataset": "baf", "defense": "dna_v1_conservative", "done": 333, "eta_minutes": 557.2100717059843, "failed": 0, "last_update": "2026-10-03T23:29:54.993776+00:00", "part": "confirmatory_n39", "total": 1326}
{"comparator": "individual_gradient", "dataset": "baf", "defense": "dp_local_eps10", "done": 334, "eta_minutes": 562.326451173276, "failed": 0, "last_update": "2026-10-03T23:32:23.357058+00:00", "part": "confirmatory_n39", "total": 1326}
{"comparator": "individual_gradient", "dataset": "baf", "defense": "unprotected", "done": 335, "eta_minutes": 560.5305796122907, "failed": 0, "last_update": "2026-10-03T23:32:32.441283+00:00", "part": "confirmatory_n39", "total": 1326}
{"comparator": "individual_gradient", "dataset": "baf", "defense": "dna_v2_0p95", "done": 336, "eta_minutes": 560.2143918243903, "failed": 0, "last_update": "2026-10-03T23:33:11.457941+00:00", "part": "confirmatory_n39", "total": 1326}
{"comparator": "individual_gradient", "dataset": "baf", "defense": "dna_v1_conservative", "done": 337, "eta_minutes": 558.8419072104491, "failed": 0, "last_update": "2026-10-03T23:33:28.919240+00:00", "part": "confirmatory_n39", "total": 1326}
{"comparator": "individual_gradient", "dataset": "baf", "defense": "dp_local_eps10", "done": 338, "eta_minutes": 563.5751331353799, "failed": 0, "last_update": "2026-10-03T23:35:51.576931+00:00", "part": "confirmatory_n39", "total": 1326}
{"comparator": "individual_gradient", "dataset": "baf", "defense": "unprotected", "done": 339, "eta_minutes": 562.2301965735654, "failed": 0, "last_update": "2026-10-03T23:36:09.840980+00:00", "part": "confirmatory_n39", "total": 1326}
{"comparator": "individual_gradient", "dataset": "baf", "defense": "dna_v2_0p95", "done": 340, "eta_minutes": 563.5316403194267, "failed": 0, "last_update": "2026-10-03T23:37:22.731094+00:00", "part": "confirmatory_n39", "total": 1326}
{"comparator": "individual_gradient", "dataset": "baf", "defense": "dna_v1_conservative", "done": 341, "eta_minutes": 562.2432742679922, "failed": 0, "last_update": "2026-10-03T23:37:42.133333+00:00", "part": "confirmatory_n39", "total": 1326}
{"comparator": "individual_gradient", "dataset": "baf", "defense": "dp_local_eps10", "done": 342, "eta_minutes": 566.7038599990265, "failed": 0, "last_update": "2026-10-03T23:40:01.304554+00:00", "part": "confirmatory_n39", "total": 1326}
{"comparator": "individual_gradient", "dataset": "baf", "defense": "unprotected", "done": 343, "eta_minutes": 565.4111051958203, "failed": 0, "last_update": "2026-10-03T23:40:20.852045+00:00", "part": "confirmatory_n39", "total": 1326}
{"comparator": "individual_gradient", "dataset": "baf", "defense": "dna_v2_0p95", "done": 344, "eta_minutes": 565.094732239034, "failed": 0, "last_update": "2026-10-03T23:41:00.803306+00:00", "part": "confirmatory_n39", "total": 1326}
{"comparator": "individual_gradient", "dataset": "baf", "defense": "dna_v1_conservative", "done": 345, "eta_minutes": 563.2320471663061, "failed": 0, "last_update": "2026-10-03T23:41:08.168701+00:00", "part": "confirmatory_n39", "total": 1326}
{"comparator": "individual_gradient", "dataset": "baf", "defense": "dp_local_eps10", "done": 346, "eta_minutes": 568.2450733655679, "failed": 0, "last_update": "2026-10-03T23:43:40.973869+00:00", "part": "confirmatory_n39", "total": 1326}
{"comparator": "individual_gradient", "dataset": "baf", "defense": "unprotected", "done": 347, "eta_minutes": 566.4317260368299, "failed": 0, "last_update": "2026-10-03T23:43:49.531902+00:00", "part": "confirmatory_n39", "total": 1326}
{"comparator": "individual_gradient", "dataset": "baf", "defense": "dna_v2_0p95", "done": 348, "eta_minutes": 568.0373620403909, "failed": 0, "last_update": "2026-10-03T23:45:10.879212+00:00", "part": "confirmatory_n39", "total": 1326}
{"comparator": "individual_gradient", "dataset": "baf", "defense": "dna_v1_conservative", "done": 349, "eta_minutes": 565.9460538299401, "failed": 0, "last_update": "2026-10-03T23:45:13.353798+00:00", "part": "confirmatory_n39", "total": 1326}
{"comparator": "individual_gradient", "dataset": "baf", "defense": "dp_local_eps10", "done": 350, "eta_minutes": 570.9028684358143, "failed": 0, "last_update": "2026-10-03T23:47:47.226511+00:00", "part": "confirmatory_n39", "total": 1326}
{"comparator": "individual_gradient", "dataset": "baf", "defense": "unprotected", "done": 351, "eta_minutes": 569.0201307778005, "failed": 0, "last_update": "2026-10-03T23:47:54.290588+00:00", "part": "confirmatory_n39", "total": 1326}
{"comparator": "individual_gradient", "dataset": "baf", "defense": "dna_v2_0p95", "done": 352, "eta_minutes": 569.043263341351, "failed": 0, "last_update": "2026-10-03T23:48:42.463705+00:00", "part": "confirmatory_n39", "total": 1326}
{"comparator": "individual_gradient", "dataset": "baf", "defense": "dna_v1_conservative", "done": 353, "eta_minutes": 567.7717954379302, "failed": 0, "last_update": "2026-10-03T23:49:02.558168+00:00", "part": "confirmatory_n39", "total": 1326}
{"comparator": "individual_gradient", "dataset": "baf", "defense": "dp_local_eps10", "done": 354, "eta_minutes": 572.2305508326676, "failed": 0, "last_update": "2026-10-03T23:51:27.752995+00:00", "part": "confirmatory_n39", "total": 1326}
{"comparator": "individual_gradient", "dataset": "baf", "defense": "unprotected", "done": 355, "eta_minutes": 570.9313302391013, "failed": 0, "last_update": "2026-10-03T23:51:47.490105+00:00", "part": "confirmatory_n39", "total": 1326}
{"comparator": "individual_gradient", "dataset": "baf", "defense": "dna_v2_0p95", "done": 356, "eta_minutes": 571.5154062277368, "failed": 0, "last_update": "2026-10-03T23:52:48.578537+00:00", "part": "confirmatory_n39", "total": 1326}
{"comparator": "individual_gradient", "dataset": "baf", "defense": "dna_v1_conservative", "done": 357, "eta_minutes": 570.3998902298155, "failed": 0, "last_update": "2026-10-03T23:53:12.295456+00:00", "part": "confirmatory_n39", "total": 1326}
{"comparator": "individual_gradient", "dataset": "baf", "defense": "dp_local_eps10", "done": 358, "eta_minutes": 574.3151351029203, "failed": 0, "last_update": "2026-10-03T23:55:27.556076+00:00", "part": "confirmatory_n39", "total": 1326}
{"comparator": "individual_gradient", "dataset": "baf", "defense": "unprotected", "done": 359, "eta_minutes": 573.3009583768959, "failed": 0, "last_update": "2026-10-03T23:55:53.779075+00:00", "part": "confirmatory_n39", "total": 1326}
{"comparator": "individual_gradient", "dataset": "baf", "defense": "dna_v2_0p95", "done": 360, "eta_minutes": 573.21209373143, "failed": 0, "last_update": "2026-10-03T23:56:40.620593+00:00", "part": "confirmatory_n39", "total": 1326}
{"comparator": "individual_gradient", "dataset": "baf", "defense": "dna_v1_conservative", "done": 361, "eta_minutes": 571.0618442737274, "failed": 0, "last_update": "2026-10-03T23:56:41.279142+00:00", "part": "confirmatory_n39", "total": 1326}
{"comparator": "individual_gradient", "dataset": "baf", "defense": "unprotected", "done": 362, "eta_minutes": 575.8407170975845, "failed": 0, "last_update": "2026-10-03T23:59:17.792267+00:00", "part": "confirmatory_n39", "total": 1326}
{"comparator": "individual_gradient", "dataset": "baf", "defense": "dp_local_eps10", "done": 363, "eta_minutes": 573.7711025931618, "failed": 0, "last_update": "2026-10-03T23:59:20.334907+00:00", "part": "confirmatory_n39", "total": 1326}
{"comparator": "individual_gradient", "dataset": "baf", "defense": "dna_v1_conservative", "done": 364, "eta_minutes": 575.3128537981282, "failed": 0, "last_update": "2026-10-04T00:00:44.612458+00:00", "part": "confirmatory_n39", "total": 1326}
{"comparator": "individual_gradient", "dataset": "baf", "defense": "dna_v2_0p95", "done": 365, "eta_minutes": 573.3384938187033, "failed": 0, "last_update": "2026-10-04T00:00:49.130088+00:00", "part": "confirmatory_n39", "total": 1326}
{"comparator": "individual_gradient", "dataset": "baf", "defense": "dp_local_eps10", "done": 366, "eta_minutes": 578.021600994256, "failed": 0, "last_update": "2026-10-04T00:03:25.699899+00:00", "part": "confirmatory_n39", "total": 1326}
{"comparator": "individual_gradient", "dataset": "baf", "defense": "unprotected", "done": 367, "eta_minutes": 575.8563103964933, "failed": 0, "last_update": "2026-10-04T00:03:25.933311+00:00", "part": "confirmatory_n39", "total": 1326}
{"comparator": "individual_gradient", "dataset": "baf", "defense": "dna_v2_0p95", "done": 368, "eta_minutes": 575.7277934045679, "failed": 0, "last_update": "2026-10-04T00:04:12.839559+00:00", "part": "confirmatory_n39", "total": 1326}
{"comparator": "individual_gradient", "dataset": "baf", "defense": "dna_v1_conservative", "done": 369, "eta_minutes": 574.4945143300343, "failed": 0, "last_update": "2026-10-04T00:04:34.269307+00:00", "part": "confirmatory_n39", "total": 1326}
{"comparator": "individual_gradient", "dataset": "baf", "defense": "dp_local_eps10", "done": 370, "eta_minutes": 578.2619463540843, "failed": 0, "last_update": "2026-10-04T00:06:51.714363+00:00", "part": "confirmatory_n39", "total": 1326}
{"comparator": "individual_gradient", "dataset": "baf", "defense": "unprotected", "done": 371, "eta_minutes": 577.0213369039514, "failed": 0, "last_update": "2026-10-04T00:07:13.188701+00:00", "part": "confirmatory_n39", "total": 1326}
{"comparator": "individual_gradient", "dataset": "baf", "defense": "dna_v2_0p95", "done": 372, "eta_minutes": 577.4522602110139, "failed": 0, "last_update": "2026-10-04T00:08:13.659600+00:00", "part": "confirmatory_n39", "total": 1326}
{"comparator": "individual_gradient", "dataset": "baf", "defense": "dna_v1_conservative", "done": 373, "eta_minutes": 576.4754655198927, "failed": 0, "last_update": "2026-10-04T00:08:41.253173+00:00", "part": "confirmatory_n39", "total": 1326}
{"comparator": "individual_gradient", "dataset": "baf", "defense": "dp_local_eps10", "done": 374, "eta_minutes": 579.8644964348186, "failed": 0, "last_update": "2026-10-04T00:10:51.690335+00:00", "part": "confirmatory_n39", "total": 1326}
{"comparator": "individual_gradient", "dataset": "baf", "defense": "unprotected", "done": 375, "eta_minutes": 578.8846000593821, "failed": 0, "last_update": "2026-10-04T00:11:19.463664+00:00", "part": "confirmatory_n39", "total": 1326}
{"comparator": "individual_gradient", "dataset": "baf", "defense": "dna_v1_conservative", "done": 376, "eta_minutes": 578.4044286233526, "failed": 0, "last_update": "2026-10-04T00:11:59.038829+00:00", "part": "confirmatory_n39", "total": 1326}
{"comparator": "individual_gradient", "dataset": "baf", "defense": "dna_v2_0p95", "done": 377, "eta_minutes": 576.5009451101565, "failed": 0, "last_update": "2026-10-04T00:12:04.711182+00:00", "part": "confirmatory_n39", "total": 1326}
{"comparator": "individual_gradient", "dataset": "baf", "defense": "dp_local_eps10", "done": 378, "eta_minutes": 580.7534613560116, "failed": 0, "last_update": "2026-10-04T00:14:37.430993+00:00", "part": "confirmatory_n39", "total": 1326}
{"comparator": "individual_gradient", "dataset": "baf", "defense": "unprotected", "done": 379, "eta_minutes": 578.7725781433186, "failed": 0, "last_update": "2026-10-04T00:14:41.331606+00:00", "part": "confirmatory_n39", "total": 1326}
{"comparator": "individual_gradient", "dataset": "baf", "defense": "dna_v1_conservative", "done": 380, "eta_minutes": 580.295830385204, "failed": 0, "last_update": "2026-10-04T00:16:09.444079+00:00", "part": "confirmatory_n39", "total": 1326}
{"comparator": "individual_gradient", "dataset": "baf", "defense": "dna_v2_0p95", "done": 381, "eta_minutes": 578.2623468304245, "failed": 0, "last_update": "2026-10-04T00:16:11.897309+00:00", "part": "confirmatory_n39", "total": 1326}
{"comparator": "individual_gradient", "dataset": "baf", "defense": "dp_local_eps10", "done": 382, "eta_minutes": 582.510911336536, "failed": 0, "last_update": "2026-10-04T00:18:46.623243+00:00", "part": "confirmatory_n39", "total": 1326}
{"comparator": "individual_gradient", "dataset": "baf", "defense": "unprotected", "done": 383, "eta_minutes": 580.4320465756978, "failed": 0, "last_update": "2026-10-04T00:18:48.024618+00:00", "part": "confirmatory_n39", "total": 1326}
{"comparator": "individual_gradient", "dataset": "baf", "defense": "dna_v2_0p95", "done": 384, "eta_minutes": 579.9897409375136, "failed": 0, "last_update": "2026-10-04T00:19:29.192116+00:00", "part": "confirmatory_n39", "total": 1326}
{"comparator": "individual_gradient", "dataset": "baf", "defense": "dna_v1_conservative", "done": 385, "eta_minutes": 578.6508492596428, "failed": 0, "last_update": "2026-10-04T00:19:48.380982+00:00", "part": "confirmatory_n39", "total": 1326}
{"comparator": "individual_gradient", "dataset": "baf", "defense": "dp_local_eps10", "done": 386, "eta_minutes": 582.1890064893815, "failed": 0, "last_update": "2026-10-04T00:22:07.601936+00:00", "part": "confirmatory_n39", "total": 1326}
{"comparator": "individual_gradient", "dataset": "baf", "defense": "unprotected", "done": 387, "eta_minutes": 580.8663491822953, "failed": 0, "last_update": "2026-10-04T00:22:27.371232+00:00", "part": "confirmatory_n39", "total": 1326}
{"comparator": "individual_gradient", "dataset": "baf", "defense": "dna_v2_0p95", "done": 388, "eta_minutes": 581.3914084410955, "failed": 0, "last_update": "2026-10-04T00:23:32.871543+00:00", "part": "confirmatory_n39", "total": 1326}
{"comparator": "individual_gradient", "dataset": "baf", "defense": "dna_v1_conservative", "done": 389, "eta_minutes": 580.0804025419369, "failed": 0, "last_update": "2026-10-04T00:23:52.843819+00:00", "part": "confirmatory_n39", "total": 1326}
{"comparator": "individual_gradient", "dataset": "baf", "defense": "dp_local_eps10", "done": 390, "eta_minutes": 583.4993483924866, "failed": 0, "last_update": "2026-10-04T00:26:10.939486+00:00", "part": "confirmatory_n39", "total": 1326}
{"comparator": "individual_gradient", "dataset": "baf", "defense": "unprotected", "done": 391, "eta_minutes": 582.2076748644097, "failed": 0, "last_update": "2026-10-04T00:26:31.575605+00:00", "part": "confirmatory_n39", "total": 1326}
{"comparator": "individual_gradient", "dataset": "baf", "defense": "dna_v2_0p95", "done": 392, "eta_minutes": 581.6886612462349, "failed": 0, "last_update": "2026-10-04T00:27:11.547116+00:00", "part": "confirmatory_n39", "total": 1326}
{"comparator": "individual_gradient", "dataset": "baf", "defense": "dna_v1_conservative", "done": 393, "eta_minutes": 580.0523647423615, "failed": 0, "last_update": "2026-10-04T00:27:23.300109+00:00", "part": "confirmatory_n39", "total": 1326}
{"comparator": "individual_gradient", "dataset": "baf", "defense": "dp_local_eps10", "done": 394, "eta_minutes": 583.597876437142, "failed": 0, "last_update": "2026-10-04T00:29:46.303201+00:00", "part": "confirmatory_n39", "total": 1326}
{"comparator": "individual_gradient", "dataset": "baf", "defense": "unprotected", "done": 395, "eta_minutes": 582.1563456389371, "failed": 0, "last_update": "2026-10-04T00:30:03.117835+00:00", "part": "confirmatory_n39", "total": 1326}
{"comparator": "individual_gradient", "dataset": "baf", "defense": "dna_v2_0p95", "done": 396, "eta_minutes": 583.017458606549, "failed": 0, "last_update": "2026-10-04T00:31:18.611493+00:00", "part": "confirmatory_n39", "total": 1326}
{"comparator": "individual_gradient", "dataset": "baf", "defense": "dna_v1_conservative", "done": 397, "eta_minutes": 581.1851307557172, "failed": 0, "last_update": "2026-10-04T00:31:25.317795+00:00", "part": "confirmatory_n39", "total": 1326}
{"comparator": "individual_gradient", "dataset": "baf", "defense": "dp_local_eps10", "done": 398, "eta_minutes": 585.0472589742, "failed": 0, "last_update": "2026-10-04T00:33:58.335673+00:00", "part": "confirmatory_n39", "total": 1326}
{"comparator": "individual_gradient", "dataset": "baf", "defense": "unprotected", "done": 399, "eta_minutes": 583.199511502291, "failed": 0, "last_update": "2026-10-04T00:34:04.724701+00:00", "part": "confirmatory_n39", "total": 1326}
{"comparator": "individual_gradient", "dataset": "baf", "defense": "dna_v2_0p95", "done": 400, "eta_minutes": 582.9766428790491, "failed": 0, "last_update": "2026-10-04T00:34:53.001596+00:00", "part": "confirmatory_n39", "total": 1326}
{"comparator": "individual_gradient", "dataset": "baf", "defense": "dna_v1_conservative", "done": 401, "eta_minutes": 581.0839294086669, "failed": 0, "last_update": "2026-10-04T00:34:57.919930+00:00", "part": "confirmatory_n39", "total": 1326}
{"comparator": "individual_gradient", "dataset": "baf", "defense": "dp_local_eps10", "done": 402, "eta_minutes": 584.8750360191166, "failed": 0, "last_update": "2026-10-04T00:37:30.972950+00:00", "part": "confirmatory_n39", "total": 1326}
{"comparator": "individual_gradient", "dataset": "baf", "defense": "unprotected", "done": 403, "eta_minutes": 582.8662278088191, "failed": 0, "last_update": "2026-10-04T00:37:32.909056+00:00", "part": "confirmatory_n39", "total": 1326}
{"comparator": "individual_gradient", "dataset": "baf", "defense": "dna_v2_0p95", "done": 404, "eta_minutes": 583.7261629353656, "failed": 0, "last_update": "2026-10-04T00:38:50.009128+00:00", "part": "confirmatory_n39", "total": 1326}
{"comparator": "individual_gradient", "dataset": "baf", "defense": "dna_v1_conservative", "done": 405, "eta_minutes": 582.3823154055924, "failed": 0, "last_update": "2026-10-04T00:39:09.243252+00:00", "part": "confirmatory_n39", "total": 1326}
{"comparator": "individual_gradient", "dataset": "baf", "defense": "dp_local_eps10", "done": 406, "eta_minutes": 585.5879964832405, "failed": 0, "last_update": "2026-10-04T00:41:28.807495+00:00", "part": "confirmatory_n39", "total": 1326}
{"comparator": "individual_gradient", "dataset": "baf", "defense": "unprotected", "done": 407, "eta_minutes": 584.197796819417, "failed": 0, "last_update": "2026-10-04T00:41:46.970668+00:00", "part": "confirmatory_n39", "total": 1326}
{"comparator": "individual_gradient", "dataset": "baf", "defense": "dna_v2_0p95", "done": 408, "eta_minutes": 583.4287864834071, "failed": 0, "last_update": "2026-10-04T00:42:21.556749+00:00", "part": "confirmatory_n39", "total": 1326}
{"comparator": "individual_gradient", "dataset": "baf", "defense": "dna_v1_conservative", "done": 409, "eta_minutes": 582.067111478021, "failed": 0, "last_update": "2026-10-04T00:42:40.257212+00:00", "part": "confirmatory_n39", "total": 1326}
{"comparator": "individual_gradient", "dataset": "baf", "defense": "dp_local_eps10", "done": 410, "eta_minutes": 585.2247136362587, "failed": 0, "last_update": "2026-10-04T00:45:00.189341+00:00", "part": "confirmatory_n39", "total": 1326}
{"comparator": "individual_gradient", "dataset": "baf", "defense": "unprotected", "done": 411, "eta_minutes": 583.8498842463875, "failed": 0, "last_update": "2026-10-04T00:45:18.688705+00:00", "part": "confirmatory_n39", "total": 1326}
{"comparator": "individual_gradient", "dataset": "baf", "defense": "dna_v2_0p95", "done": 412, "eta_minutes": 584.6613004706825, "failed": 0, "last_update": "2026-10-04T00:46:36.177163+00:00", "part": "confirmatory_n39", "total": 1326}
{"comparator": "individual_gradient", "dataset": "baf", "defense": "dna_v1_conservative", "done": 413, "eta_minutes": 582.8197727962017, "failed": 0, "last_update": "2026-10-04T00:46:41.937673+00:00", "part": "confirmatory_n39", "total": 1326}
{"comparator": "individual_gradient", "dataset": "baf", "defense": "dp_local_eps10", "done": 414, "eta_minutes": 586.3584021992153, "failed": 0, "last_update": "2026-10-04T00:49:14.006995+00:00", "part": "confirmatory_n39", "total": 1326}
{"comparator": "individual_gradient", "dataset": "baf", "defense": "unprotected", "done": 415, "eta_minutes": 584.4847900516728, "failed": 0, "last_update": "2026-10-04T00:49:18.945637+00:00", "part": "confirmatory_n39", "total": 1326}
{"comparator": "individual_gradient", "dataset": "baf", "defense": "dna_v2_0p95", "done": 416, "eta_minutes": 584.3344784379005, "failed": 0, "last_update": "2026-10-04T00:50:10.915754+00:00", "part": "confirmatory_n39", "total": 1326}
{"comparator": "individual_gradient", "dataset": "baf", "defense": "dna_v1_conservative", "done": 417, "eta_minutes": 582.423303107049, "failed": 0, "last_update": "2026-10-04T00:50:14.513027+00:00", "part": "confirmatory_n39", "total": 1326}
{"comparator": "individual_gradient", "dataset": "baf", "defense": "dp_local_eps10", "done": 418, "eta_minutes": 586.1262916637189, "failed": 0, "last_update": "2026-10-04T00:52:52.935289+00:00", "part": "confirmatory_n39", "total": 1326}
{"comparator": "individual_gradient", "dataset": "baf", "defense": "unprotected", "done": 419, "eta_minutes": 584.1095978898668, "failed": 0, "last_update": "2026-10-04T00:52:53.660056+00:00", "part": "confirmatory_n39", "total": 1326}
{"comparator": "individual_gradient", "dataset": "baf", "defense": "dna_v2_0p95", "done": 420, "eta_minutes": 584.9263181160178, "failed": 0, "last_update": "2026-10-04T00:54:12.929525+00:00", "part": "confirmatory_n39", "total": 1326}
{"comparator": "individual_gradient", "dataset": "baf", "defense": "dna_v1_conservative", "done": 421, "eta_minutes": 583.5704197211107, "failed": 0, "last_update": "2026-10-04T00:54:31.841196+00:00", "part": "confirmatory_n39", "total": 1326}
{"comparator": "individual_gradient", "dataset": "baf", "defense": "dp_local_eps10", "done": 422, "eta_minutes": 586.6022897187756, "failed": 0, "last_update": "2026-10-04T00:56:53.511049+00:00", "part": "confirmatory_n39", "total": 1326}
{"comparator": "individual_gradient", "dataset": "baf", "defense": "unprotected", "done": 423, "eta_minutes": 585.27607214448, "failed": 0, "last_update": "2026-10-04T00:57:13.407837+00:00", "part": "confirmatory_n39", "total": 1326}
{"comparator": "individual_gradient", "dataset": "baf", "defense": "dna_v2_0p95", "done": 424, "eta_minutes": 584.4450821267359, "failed": 0, "last_update": "2026-10-04T00:57:47.139692+00:00", "part": "confirmatory_n39", "total": 1326}
{"comparator": "individual_gradient", "dataset": "baf", "defense": "dna_v1_conservative", "done": 425, "eta_minutes": 583.2937204472223, "failed": 0, "last_update": "2026-10-04T00:58:11.768620+00:00", "part": "confirmatory_n39", "total": 1326}
{"comparator": "individual_gradient", "dataset": "baf", "defense": "dp_local_eps10", "done": 426, "eta_minutes": 586.0452459143921, "failed": 0, "last_update": "2026-10-04T01:00:27.140764+00:00", "part": "confirmatory_n39", "total": 1326}
{"comparator": "individual_gradient", "dataset": "baf", "defense": "unprotected", "done": 427, "eta_minutes": 584.792663877779, "failed": 0, "last_update": "2026-10-04T01:00:49.070949+00:00", "part": "confirmatory_n39", "total": 1326}
{"comparator": "individual_gradient", "dataset": "baf", "defense": "dna_v2_0p95", "done": 428, "eta_minutes": 585.3706528681274, "failed": 0, "last_update": "2026-10-04T01:02:03.231241+00:00", "part": "confirmatory_n39", "total": 1326}
{"comparator": "individual_gradient", "dataset": "baf", "defense": "dna_v1_conservative", "done": 429, "eta_minutes": 583.5878436059662, "failed": 0, "last_update": "2026-10-04T01:02:09.889552+00:00", "part": "confirmatory_n39", "total": 1326}
{"comparator": "individual_gradient", "dataset": "baf", "defense": "dp_local_eps10", "done": 430, "eta_minutes": 586.8798497269505, "failed": 0, "last_update": "2026-10-04T01:04:42.451439+00:00", "part": "confirmatory_n39", "total": 1326}
{"comparator": "individual_gradient", "dataset": "baf", "defense": "unprotected", "done": 431, "eta_minutes": 585.0963185760556, "failed": 0, "last_update": "2026-10-04T01:04:49.143808+00:00", "part": "confirmatory_n39", "total": 1326}
{"comparator": "individual_gradient", "dataset": "baf", "defense": "dna_v1_conservative", "done": 432, "eta_minutes": 585.0127363445031, "failed": 0, "last_update": "2026-10-04T01:05:44.898872+00:00", "part": "confirmatory_n39", "total": 1326}
{"comparator": "individual_gradient", "dataset": "baf", "defense": "dna_v2_0p95", "done": 433, "eta_minutes": 583.0338609508224, "failed": 0, "last_update": "2026-10-04T01:05:45.627903+00:00", "part": "confirmatory_n39", "total": 1326}
{"comparator": "individual_gradient", "dataset": "baf", "defense": "unprotected", "done": 434, "eta_minutes": 586.5151608023958, "failed": 0, "last_update": "2026-10-04T01:08:25.490293+00:00", "part": "confirmatory_n39", "total": 1326}
{"comparator": "individual_gradient", "dataset": "baf", "defense": "dp_local_eps10", "done": 435, "eta_minutes": 584.5592394871547, "failed": 0, "last_update": "2026-10-04T01:08:26.908231+00:00", "part": "confirmatory_n39", "total": 1326}
{"comparator": "individual_gradient", "dataset": "baf", "defense": "dna_v2_0p95", "done": 436, "eta_minutes": 585.0571721959004, "failed": 0, "last_update": "2026-10-04T01:09:40.192436+00:00", "part": "confirmatory_n39", "total": 1326}
{"comparator": "individual_gradient", "dataset": "baf", "defense": "dna_v1_conservative", "done": 437, "eta_minutes": 583.744352222853, "failed": 0, "last_update": "2026-10-04T01:10:00.302701+00:00", "part": "confirmatory_n39", "total": 1326}
{"comparator": "individual_gradient", "dataset": "baf", "defense": "dp_local_eps10", "done": 438, "eta_minutes": 586.5013167272419, "failed": 0, "last_update": "2026-10-04T01:12:20.724452+00:00", "part": "confirmatory_n39", "total": 1326}
{"comparator": "individual_gradient", "dataset": "baf", "defense": "unprotected", "done": 439, "eta_minutes": 585.2521391497478, "failed": 0, "last_update": "2026-10-04T01:12:42.871049+00:00", "part": "confirmatory_n39", "total": 1326}
{"comparator": "individual_gradient", "dataset": "baf", "defense": "dna_v2_0p95", "done": 440, "eta_minutes": 584.4584577100205, "failed": 0, "last_update": "2026-10-04T01:13:18.470757+00:00", "part": "confirmatory_n39", "total": 1326}
{"comparator": "individual_gradient", "dataset": "baf", "defense": "dna_v1_conservative", "done": 441, "eta_minutes": 583.1574276635706, "failed": 0, "last_update": "2026-10-04T01:13:38.874448+00:00", "part": "confirmatory_n39", "total": 1326}
{"comparator": "individual_gradient", "dataset": "baf", "defense": "dp_local_eps10", "done": 442, "eta_minutes": 585.8290746212006, "failed": 0, "last_update": "2026-10-04T01:15:58.328001+00:00", "part": "confirmatory_n39", "total": 1326}
{"comparator": "individual_gradient", "dataset": "baf", "defense": "unprotected", "done": 443, "eta_minutes": 584.597875845199, "failed": 0, "last_update": "2026-10-04T01:16:20.977326+00:00", "part": "confirmatory_n39", "total": 1326}
{"comparator": "individual_gradient", "dataset": "baf", "defense": "dna_v1_conservative", "done": 444, "eta_minutes": 584.9071680668238, "failed": 0, "last_update": "2026-10-04T01:17:30.039630+00:00", "part": "confirmatory_n39", "total": 1326}
{"comparator": "individual_gradient", "dataset": "baf", "defense": "dna_v2_0p95", "done": 445, "eta_minutes": 582.9326635300622, "failed": 0, "last_update": "2026-10-04T01:17:30.087011+00:00", "part": "confirmatory_n39", "total": 1326}
{"comparator": "individual_gradient", "dataset": "baf", "defense": "dp_local_eps10", "done": 446, "eta_minutes": 586.2233480844085, "failed": 0, "last_update": "2026-10-04T01:20:09.974860+00:00", "part": "confirmatory_n39", "total": 1326}
{"comparator": "individual_gradient", "dataset": "baf", "defense": "unprotected", "done": 447, "eta_minutes": 584.2987712015776, "failed": 0, "last_update": "2026-10-04T01:20:11.547975+00:00", "part": "confirmatory_n39", "total": 1326}
{"comparator": "individual_gradient", "dataset": "baf", "defense": "dna_v2_0p95", "done": 448, "eta_minutes": 584.4564099228098, "failed": 0, "last_update": "2026-10-04T01:21:16.608737+00:00", "part": "confirmatory_n39", "total": 1326}
{"comparator": "individual_gradient", "dataset": "baf", "defense": "dna_v1_conservative", "done": 449, "eta_minutes": 582.5817417524352, "failed": 0, "last_update": "2026-10-04T01:21:19.410308+00:00", "part": "confirmatory_n39", "total": 1326}
{"comparator": "individual_gradient", "dataset": "baf", "defense": "dp_local_eps10", "done": 450, "eta_minutes": 585.7522605578105, "failed": 0, "last_update": "2026-10-04T01:23:57.463810+00:00", "part": "confirmatory_n39", "total": 1326}
{"comparator": "individual_gradient", "dataset": "baf", "defense": "unprotected", "done": 451, "eta_minutes": 583.8214454171574, "failed": 0, "last_update": "2026-10-04T01:23:58.550978+00:00", "part": "confirmatory_n39", "total": 1326}
{"comparator": "individual_gradient", "dataset": "baf", "defense": "dna_v2_0p95", "done": 452, "eta_minutes": 583.9903100786659, "failed": 0, "last_update": "2026-10-04T01:25:04.528101+00:00", "part": "confirmatory_n39", "total": 1326}
{"comparator": "individual_gradient", "dataset": "baf", "defense": "dna_v1_conservative", "done": 453, "eta_minutes": 582.7531259476744, "failed": 0, "last_update": "2026-10-04T01:25:26.903616+00:00", "part": "confirmatory_n39", "total": 1326}
{"comparator": "individual_gradient", "dataset": "baf", "defense": "dp_local_eps10", "done": 454, "eta_minutes": 585.3119933890175, "failed": 0, "last_update": "2026-10-04T01:27:47.743264+00:00", "part": "confirmatory_n39", "total": 1326}
{"comparator": "individual_gradient", "dataset": "baf", "defense": "unprotected", "done": 455, "eta_minutes": 583.9554701086454, "failed": 0, "last_update": "2026-10-04T01:28:06.537677+00:00", "part": "confirmatory_n39", "total": 1326}
{"comparator": "individual_gradient", "dataset": "baf", "defense": "dna_v2_0p95", "done": 456, "eta_minutes": 583.2896427300416, "failed": 0, "last_update": "2026-10-04T01:28:46.909368+00:00", "part": "confirmatory_n39", "total": 1326}
{"comparator": "individual_gradient", "dataset": "baf", "defense": "dna_v1_conservative", "done": 457, "eta_minutes": 582.2979185882753, "failed": 0, "last_update": "2026-10-04T01:29:16.998849+00:00", "part": "confirmatory_n39", "total": 1326}
{"comparator": "individual_gradient", "dataset": "baf", "defense": "dp_local_eps10", "done": 458, "eta_minutes": 584.5332807094596, "failed": 0, "last_update": "2026-10-04T01:31:29.186832+00:00", "part": "confirmatory_n39", "total": 1326}
{"comparator": "individual_gradient", "dataset": "baf", "defense": "unprotected", "done": 459, "eta_minutes": 583.4796224033391, "failed": 0, "last_update": "2026-10-04T01:31:57.514373+00:00", "part": "confirmatory_n39", "total": 1326}
{"comparator": "individual_gradient", "dataset": "baf", "defense": "dna_v2_0p95", "done": 460, "eta_minutes": 583.3593416160431, "failed": 0, "last_update": "2026-10-04T01:32:55.508685+00:00", "part": "confirmatory_n39", "total": 1326}
{"comparator": "individual_gradient", "dataset": "baf", "defense": "dna_v1_conservative", "done": 461, "eta_minutes": 581.6805190469852, "failed": 0, "last_update": "2026-10-04T01:33:03.783125+00:00", "part": "confirmatory_n39", "total": 1326}
{"comparator": "individual_gradient", "dataset": "baf", "defense": "dp_local_eps10", "done": 462, "eta_minutes": 584.4162598027812, "failed": 0, "last_update": "2026-10-04T01:35:33.477446+00:00", "part": "confirmatory_n39", "total": 1326}
{"comparator": "individual_gradient", "dataset": "baf", "defense": "unprotected", "done": 463, "eta_minutes": 582.7873474034926, "failed": 0, "last_update": "2026-10-04T01:35:43.400738+00:00", "part": "confirmatory_n39", "total": 1326}
{"comparator": "individual_gradient", "dataset": "baf", "defense": "dna_v1_conservative", "done": 464, "eta_minutes": 582.8794640232777, "failed": 0, "last_update": "2026-10-04T01:36:48.704359+00:00", "part": "confirmatory_n39", "total": 1326}
{"comparator": "individual_gradient", "dataset": "baf", "defense": "dna_v2_0p95", "done": 465, "eta_minutes": 580.9695156775239, "failed": 0, "last_update": "2026-10-04T01:36:49.297227+00:00", "part": "confirmatory_n39", "total": 1326}
{"comparator": "individual_gradient", "dataset": "ieee_cis", "defense": "unprotected", "done": 466, "eta_minutes": 579.1941583426044, "failed": 0, "last_update": "2026-10-04T01:36:54.000718+00:00", "part": "confirmatory_n39", "total": 1326}
{"comparator": "individual_gradient", "dataset": "ieee_cis", "defense": "dna_v1_conservative", "done": 467, "eta_minutes": 577.426226797366, "failed": 0, "last_update": "2026-10-04T01:36:58.709412+00:00", "part": "confirmatory_n39", "total": 1326}
{"comparator": "individual_gradient", "dataset": "ieee_cis", "defense": "dna_v2_0p95", "done": 468, "eta_minutes": 575.6745492683516, "failed": 0, "last_update": "2026-10-04T01:37:03.713749+00:00", "part": "confirmatory_n39", "total": 1326}
{"comparator": "individual_gradient", "dataset": "ieee_cis", "defense": "dp_local_eps10", "done": 469, "eta_minutes": 573.918473492282, "failed": 0, "last_update": "2026-10-04T01:37:08.340073+00:00", "part": "confirmatory_n39", "total": 1326}
{"comparator": "individual_gradient", "dataset": "ieee_cis", "defense": "unprotected", "done": 470, "eta_minutes": 572.1705296290513, "failed": 0, "last_update": "2026-10-04T01:37:12.998925+00:00", "part": "confirmatory_n39", "total": 1326}
{"comparator": "individual_gradient", "dataset": "ieee_cis", "defense": "dna_v1_conservative", "done": 471, "eta_minutes": 570.4301403962123, "failed": 0, "last_update": "2026-10-04T01:37:17.673051+00:00", "part": "confirmatory_n39", "total": 1326}
{"comparator": "individual_gradient", "dataset": "ieee_cis", "defense": "dna_v2_0p95", "done": 472, "eta_minutes": 568.7054369171965, "failed": 0, "last_update": "2026-10-04T01:37:22.633722+00:00", "part": "confirmatory_n39", "total": 1326}
{"comparator": "individual_gradient", "dataset": "ieee_cis", "defense": "dp_local_eps10", "done": 473, "eta_minutes": 566.9794979732418, "failed": 0, "last_update": "2026-10-04T01:37:27.322307+00:00", "part": "confirmatory_n39", "total": 1326}
{"comparator": "individual_gradient", "dataset": "ieee_cis", "defense": "unprotected", "done": 474, "eta_minutes": 565.258787963159, "failed": 0, "last_update": "2026-10-04T01:37:31.953346+00:00", "part": "confirmatory_n39", "total": 1326}
{"comparator": "individual_gradient", "dataset": "ieee_cis", "defense": "dna_v1_conservative", "done": 475, "eta_minutes": 563.5466718332391, "failed": 0, "last_update": "2026-10-04T01:37:36.640425+00:00", "part": "confirmatory_n39", "total": 1326}
{"comparator": "individual_gradient", "dataset": "ieee_cis", "defense": "dna_v2_0p95", "done": 476, "eta_minutes": 561.8490999085562, "failed": 0, "last_update": "2026-10-04T01:37:41.585531+00:00", "part": "confirmatory_n39", "total": 1326}
{"comparator": "individual_gradient", "dataset": "ieee_cis", "defense": "dp_local_eps10", "done": 477, "eta_minutes": 560.1491376468722, "failed": 0, "last_update": "2026-10-04T01:37:46.221747+00:00", "part": "confirmatory_n39", "total": 1326}
{"comparator": "individual_gradient", "dataset": "ieee_cis", "defense": "unprotected", "done": 478, "eta_minutes": 558.4560969133257, "failed": 0, "last_update": "2026-10-04T01:37:50.862453+00:00", "part": "confirmatory_n39", "total": 1326}
{"comparator": "individual_gradient", "dataset": "ieee_cis", "defense": "dna_v1_conservative", "done": 479, "eta_minutes": 556.7727963534012, "failed": 0, "last_update": "2026-10-04T01:37:55.604723+00:00", "part": "confirmatory_n39", "total": 1326}
{"comparator": "individual_gradient", "dataset": "ieee_cis", "defense": "dna_v2_0p95", "done": 480, "eta_minutes": 555.101823810786, "failed": 0, "last_update": "2026-10-04T01:38:00.539140+00:00", "part": "confirmatory_n39", "total": 1326}
{"comparator": "individual_gradient", "dataset": "ieee_cis", "defense": "dp_local_eps10", "done": 481, "eta_minutes": 553.4287176508086, "failed": 0, "last_update": "2026-10-04T01:38:05.175046+00:00", "part": "confirmatory_n39", "total": 1326}
{"comparator": "individual_gradient", "dataset": "ieee_cis", "defense": "unprotected", "done": 482, "eta_minutes": 551.7613724564781, "failed": 0, "last_update": "2026-10-04T01:38:09.781469+00:00", "part": "confirmatory_n39", "total": 1326}
{"comparator": "individual_gradient", "dataset": "ieee_cis", "defense": "dna_v1_conservative", "done": 483, "eta_minutes": 550.1035498782221, "failed": 0, "last_update": "2026-10-04T01:38:14.488832+00:00", "part": "confirmatory_n39", "total": 1326}
{"comparator": "individual_gradient", "dataset": "ieee_cis", "defense": "dna_v2_0p95", "done": 484, "eta_minutes": 548.4589222995703, "failed": 0, "last_update": "2026-10-04T01:38:19.426207+00:00", "part": "confirmatory_n39", "total": 1326}
{"comparator": "individual_gradient", "dataset": "ieee_cis", "defense": "dp_local_eps10", "done": 485, "eta_minutes": 546.812176931863, "failed": 0, "last_update": "2026-10-04T01:38:24.067358+00:00", "part": "confirmatory_n39", "total": 1326}
{"comparator": "individual_gradient", "dataset": "ieee_cis", "defense": "unprotected", "done": 486, "eta_minutes": 545.1720976937455, "failed": 0, "last_update": "2026-10-04T01:38:28.715737+00:00", "part": "confirmatory_n39", "total": 1326}
{"comparator": "individual_gradient", "dataset": "ieee_cis", "defense": "dna_v1_conservative", "done": 487, "eta_minutes": 543.5401862055531, "failed": 0, "last_update": "2026-10-04T01:38:33.425070+00:00", "part": "confirmatory_n39", "total": 1326}
{"comparator": "individual_gradient", "dataset": "ieee_cis", "defense": "dna_v2_0p95", "done": 488, "eta_minutes": 541.9212280028668, "failed": 0, "last_update": "2026-10-04T01:38:38.364557+00:00", "part": "confirmatory_n39", "total": 1326}
{"comparator": "individual_gradient", "dataset": "ieee_cis", "defense": "dp_local_eps10", "done": 489, "eta_minutes": 540.2994583943139, "failed": 0, "last_update": "2026-10-04T01:38:42.985176+00:00", "part": "confirmatory_n39", "total": 1326}
{"comparator": "individual_gradient", "dataset": "ieee_cis", "defense": "unprotected", "done": 490, "eta_minutes": 538.6845688627204, "failed": 0, "last_update": "2026-10-04T01:38:47.626013+00:00", "part": "confirmatory_n39", "total": 1326}
{"comparator": "individual_gradient", "dataset": "ieee_cis", "defense": "dna_v1_conservative", "done": 491, "eta_minutes": 537.0776176286327, "failed": 0, "last_update": "2026-10-04T01:38:52.325976+00:00", "part": "confirmatory_n39", "total": 1326}
{"comparator": "individual_gradient", "dataset": "ieee_cis", "defense": "dna_v2_0p95", "done": 492, "eta_minutes": 535.4840178382105, "failed": 0, "last_update": "2026-10-04T01:38:57.278556+00:00", "part": "confirmatory_n39", "total": 1326}
{"comparator": "individual_gradient", "dataset": "ieee_cis", "defense": "dp_local_eps10", "done": 493, "eta_minutes": 533.8892181319751, "failed": 0, "last_update": "2026-10-04T01:39:01.970863+00:00", "part": "confirmatory_n39", "total": 1326}
{"comparator": "individual_gradient", "dataset": "ieee_cis", "defense": "unprotected", "done": 494, "eta_minutes": 532.2989189817195, "failed": 0, "last_update": "2026-10-04T01:39:06.604763+00:00", "part": "confirmatory_n39", "total": 1326}
{"comparator": "individual_gradient", "dataset": "ieee_cis", "defense": "dna_v1_conservative", "done": 495, "eta_minutes": 530.7176556251987, "failed": 0, "last_update": "2026-10-04T01:39:11.343109+00:00", "part": "confirmatory_n39", "total": 1326}
{"comparator": "individual_gradient", "dataset": "ieee_cis", "defense": "dna_v2_0p95", "done": 496, "eta_minutes": 529.1480160691244, "failed": 0, "last_update": "2026-10-04T01:39:16.281025+00:00", "part": "confirmatory_n39", "total": 1326}
{"comparator": "individual_gradient", "dataset": "ieee_cis", "defense": "dp_local_eps10", "done": 497, "eta_minutes": 527.5764763420576, "failed": 0, "last_update": "2026-10-04T01:39:20.935298+00:00", "part": "confirmatory_n39", "total": 1326}
{"comparator": "individual_gradient", "dataset": "ieee_cis", "defense": "unprotected", "done": 498, "eta_minutes": 526.0115185458976, "failed": 0, "last_update": "2026-10-04T01:39:25.610577+00:00", "part": "confirmatory_n39", "total": 1326}
{"comparator": "individual_gradient", "dataset": "ieee_cis", "defense": "dna_v1_conservative", "done": 499, "eta_minutes": 524.4525910972114, "failed": 0, "last_update": "2026-10-04T01:39:30.288400+00:00", "part": "confirmatory_n39", "total": 1326}
{"comparator": "individual_gradient", "dataset": "ieee_cis", "defense": "dna_v2_0p95", "done": 500, "eta_minutes": 522.9084321985563, "failed": 0, "last_update": "2026-10-04T01:39:35.287452+00:00", "part": "confirmatory_n39", "total": 1326}
{"comparator": "individual_gradient", "dataset": "baf", "defense": "dp_local_eps10", "done": 501, "eta_minutes": 521.2349621460824, "failed": 0, "last_update": "2026-10-04T01:39:35.362385+00:00", "part": "confirmatory_n39", "total": 1326}
{"comparator": "individual_gradient", "dataset": "ieee_cis", "defense": "dp_local_eps10", "done": 502, "eta_minutes": 519.6973713560725, "failed": 0, "last_update": "2026-10-04T01:39:40.160657+00:00", "part": "confirmatory_n39", "total": 1326}
{"comparator": "individual_gradient", "dataset": "ieee_cis", "defense": "unprotected", "done": 503, "eta_minutes": 518.0349374455202, "failed": 0, "last_update": "2026-10-04T01:39:40.168290+00:00", "part": "confirmatory_n39", "total": 1326}
{"comparator": "individual_gradient", "dataset": "ieee_cis", "defense": "dna_v1_conservative", "done": 504, "eta_minutes": 516.5091907899058, "failed": 0, "last_update": "2026-10-04T01:39:44.961760+00:00", "part": "confirmatory_n39", "total": 1326}
{"comparator": "individual_gradient", "dataset": "ieee_cis", "defense": "dna_v2_0p95", "done": 505, "eta_minutes": 514.8660735112448, "failed": 0, "last_update": "2026-10-04T01:39:45.212189+00:00", "part": "confirmatory_n39", "total": 1326}
{"comparator": "individual_gradient", "dataset": "ieee_cis", "defense": "dp_local_eps10", "done": 506, "eta_minutes": 513.3447702119472, "failed": 0, "last_update": "2026-10-04T01:39:49.732880+00:00", "part": "confirmatory_n39", "total": 1326}
{"comparator": "individual_gradient", "dataset": "ieee_cis", "defense": "unprotected", "done": 507, "eta_minutes": 511.7124128791002, "failed": 0, "last_update": "2026-10-04T01:39:49.916828+00:00", "part": "confirmatory_n39", "total": 1326}
{"comparator": "individual_gradient", "dataset": "ieee_cis", "defense": "dna_v1_conservative", "done": 508, "eta_minutes": 510.2059401926093, "failed": 0, "last_update": "2026-10-04T01:39:54.552424+00:00", "part": "confirmatory_n39", "total": 1326}
{"comparator": "individual_gradient", "dataset": "ieee_cis", "defense": "dna_v2_0p95", "done": 509, "eta_minutes": 508.59130144700083, "failed": 0, "last_update": "2026-10-04T01:39:54.934783+00:00", "part": "confirmatory_n39", "total": 1326}
{"comparator": "individual_gradient", "dataset": "ieee_cis", "defense": "dp_local_eps10", "done": 510, "eta_minutes": 507.09129178365066, "failed": 0, "last_update": "2026-10-04T01:39:59.379215+00:00", "part": "confirmatory_n39", "total": 1326}
{"comparator": "individual_gradient", "dataset": "ieee_cis", "defense": "unprotected", "done": 511, "eta_minutes": 505.48720919141095, "failed": 0, "last_update": "2026-10-04T01:39:59.698515+00:00", "part": "confirmatory_n39", "total": 1326}
{"comparator": "individual_gradient", "dataset": "ieee_cis", "defense": "dna_v1_conservative", "done": 512, "eta_minutes": 504.0006225895292, "failed": 0, "last_update": "2026-10-04T01:40:04.216373+00:00", "part": "confirmatory_n39", "total": 1326}
{"comparator": "individual_gradient", "dataset": "ieee_cis", "defense": "dna_v2_0p95", "done": 513, "eta_minutes": 502.4139871989774, "failed": 0, "last_update": "2026-10-04T01:40:04.738093+00:00", "part": "confirmatory_n39", "total": 1326}
{"comparator": "individual_gradient", "dataset": "ieee_cis", "defense": "dp_local_eps10", "done": 514, "eta_minutes": 500.93216221555195, "failed": 0, "last_update": "2026-10-04T01:40:09.007355+00:00", "part": "confirmatory_n39", "total": 1326}
{"comparator": "individual_gradient", "dataset": "ieee_cis", "defense": "unprotected", "done": 515, "eta_minutes": 499.35599257568714, "failed": 0, "last_update": "2026-10-04T01:40:09.473246+00:00", "part": "confirmatory_n39", "total": 1326}
{"comparator": "individual_gradient", "dataset": "ieee_cis", "defense": "dna_v1_conservative", "done": 516, "eta_minutes": 497.8893957886585, "failed": 0, "last_update": "2026-10-04T01:40:13.894906+00:00", "part": "confirmatory_n39", "total": 1326}
{"comparator": "individual_gradient", "dataset": "ieee_cis", "defense": "dna_v2_0p95", "done": 517, "eta_minutes": 496.32851185086923, "failed": 0, "last_update": "2026-10-04T01:40:14.494639+00:00", "part": "confirmatory_n39", "total": 1326}
{"comparator": "individual_gradient", "dataset": "ieee_cis", "defense": "dp_local_eps10", "done": 518, "eta_minutes": 494.86793017289193, "failed": 0, "last_update": "2026-10-04T01:40:18.722199+00:00", "part": "confirmatory_n39", "total": 1326}
{"comparator": "individual_gradient", "dataset": "ieee_cis", "defense": "unprotected", "done": 519, "eta_minutes": 493.31761735930377, "failed": 0, "last_update": "2026-10-04T01:40:19.280567+00:00", "part": "confirmatory_n39", "total": 1326}
{"comparator": "individual_gradient", "dataset": "ieee_cis", "defense": "dna_v1_conservative", "done": 520, "eta_minutes": 491.8705811061461, "failed": 0, "last_update": "2026-10-04T01:40:23.607302+00:00", "part": "confirmatory_n39", "total": 1326}
{"comparator": "individual_gradient", "dataset": "ieee_cis", "defense": "dna_v2_0p95", "done": 521, "eta_minutes": 490.3359928624186, "failed": 0, "last_update": "2026-10-04T01:40:24.329238+00:00", "part": "confirmatory_n39", "total": 1326}
{"comparator": "individual_gradient", "dataset": "ieee_cis", "defense": "dp_local_eps10", "done": 522, "eta_minutes": 488.8953256472774, "failed": 0, "last_update": "2026-10-04T01:40:28.482644+00:00", "part": "confirmatory_n39", "total": 1326}
{"comparator": "individual_gradient", "dataset": "ieee_cis", "defense": "unprotected", "done": 523, "eta_minutes": 487.36804818162653, "failed": 0, "last_update": "2026-10-04T01:40:29.046503+00:00", "part": "confirmatory_n39", "total": 1326}
{"comparator": "individual_gradient", "dataset": "ieee_cis", "defense": "dna_v1_conservative", "done": 524, "eta_minutes": 485.94303963063027, "failed": 0, "last_update": "2026-10-04T01:40:33.392394+00:00", "part": "confirmatory_n39", "total": 1326}
{"comparator": "individual_gradient", "dataset": "ieee_cis", "defense": "dna_v2_0p95", "done": 525, "eta_minutes": 484.42948510803495, "failed": 0, "last_update": "2026-10-04T01:40:34.053507+00:00", "part": "confirmatory_n39", "total": 1326}
{"comparator": "individual_gradient", "dataset": "ieee_cis", "defense": "dp_local_eps10", "done": 526, "eta_minutes": 483.0107778650726, "failed": 0, "last_update": "2026-10-04T01:40:38.230964+00:00", "part": "confirmatory_n39", "total": 1326}
{"comparator": "individual_gradient", "dataset": "ieee_cis", "defense": "unprotected", "done": 527, "eta_minutes": 481.50592333360385, "failed": 0, "last_update": "2026-10-04T01:40:38.796568+00:00", "part": "confirmatory_n39", "total": 1326}
{"comparator": "individual_gradient", "dataset": "baf", "defense": "dna_v2_0p95", "done": 528, "eta_minutes": 479.9950222529245, "failed": 0, "last_update": "2026-10-04T01:40:38.897258+00:00", "part": "confirmatory_n39", "total": 1326}
{"comparator": "individual_gradient", "dataset": "ieee_cis", "defense": "dna_v1_conservative", "done": 529, "eta_minutes": 478.598073147473, "failed": 0, "last_update": "2026-10-04T01:40:43.308774+00:00", "part": "confirmatory_n39", "total": 1326}
{"comparator": "individual_gradient", "dataset": "ieee_cis", "defense": "dp_local_eps10", "done": 530, "eta_minutes": 477.1071948464412, "failed": 0, "last_update": "2026-10-04T01:40:43.768335+00:00", "part": "confirmatory_n39", "total": 1326}
{"comparator": "individual_gradient", "dataset": "ieee_cis", "defense": "dna_v2_0p95", "done": 531, "eta_minutes": 475.61625665830354, "failed": 0, "last_update": "2026-10-04T01:40:44.001610+00:00", "part": "confirmatory_n39", "total": 1326}
{"comparator": "individual_gradient", "dataset": "ieee_cis", "defense": "unprotected", "done": 532, "eta_minutes": 474.2322241290171, "failed": 0, "last_update": "2026-10-04T01:40:48.307911+00:00", "part": "confirmatory_n39", "total": 1326}
{"comparator": "individual_gradient", "dataset": "ieee_cis", "defense": "dna_v1_conservative", "done": 533, "eta_minutes": 472.75554690361025, "failed": 0, "last_update": "2026-10-04T01:40:48.679472+00:00", "part": "confirmatory_n39", "total": 1326}
{"comparator": "individual_gradient", "dataset": "ieee_cis", "defense": "dna_v2_0p95", "done": 534, "eta_minutes": 471.28690748214717, "failed": 0, "last_update": "2026-10-04T01:40:49.153396+00:00", "part": "confirmatory_n39", "total": 1326}
{"comparator": "individual_gradient", "dataset": "ieee_cis", "defense": "dp_local_eps10", "done": 535, "eta_minutes": 469.9144021875464, "failed": 0, "last_update": "2026-10-04T01:40:53.306989+00:00", "part": "confirmatory_n39", "total": 1326}
{"comparator": "individual_gradient", "dataset": "ieee_cis", "defense": "unprotected", "done": 536, "eta_minutes": 468.4520606139851, "failed": 0, "last_update": "2026-10-04T01:40:53.605471+00:00", "part": "confirmatory_n39", "total": 1326}
{"comparator": "individual_gradient", "dataset": "ieee_cis", "defense": "dna_v1_conservative", "done": 537, "eta_minutes": 467.00000962121084, "failed": 0, "last_update": "2026-10-04T01:40:54.102556+00:00", "part": "confirmatory_n39", "total": 1326}
{"comparator": "individual_gradient", "dataset": "ieee_cis", "defense": "dp_local_eps10", "done": 538, "eta_minutes": 465.64992427365047, "failed": 0, "last_update": "2026-10-04T01:40:58.556731+00:00", "part": "confirmatory_n39", "total": 1326}
{"comparator": "individual_gradient", "dataset": "ieee_cis", "defense": "dna_v2_0p95", "done": 539, "eta_minutes": 464.1977757934073, "failed": 0, "last_update": "2026-10-04T01:40:58.622315+00:00", "part": "confirmatory_n39", "total": 1326}
{"comparator": "individual_gradient", "dataset": "baf", "defense": "dna_v1_conservative", "done": 540, "eta_minutes": 462.7528599518758, "failed": 0, "last_update": "2026-10-04T01:40:58.764506+00:00", "part": "confirmatory_n39", "total": 1326}
{"comparator": "individual_gradient", "dataset": "ieee_cis", "defense": "unprotected", "done": 541, "eta_minutes": 461.3178317377175, "failed": 0, "last_update": "2026-10-04T01:40:59.095035+00:00", "part": "confirmatory_n39", "total": 1326}
{"comparator": "individual_gradient", "dataset": "ieee_cis", "defense": "dna_v1_conservative", "done": 542, "eta_minutes": 459.99104053349515, "failed": 0, "last_update": "2026-10-04T01:41:03.696386+00:00", "part": "confirmatory_n39", "total": 1326}
{"comparator": "individual_gradient", "dataset": "ieee_cis", "defense": "dp_local_eps10", "done": 543, "eta_minutes": 458.561592440974, "failed": 0, "last_update": "2026-10-04T01:41:03.834641+00:00", "part": "confirmatory_n39", "total": 1326}
{"comparator": "individual_gradient", "dataset": "ieee_cis", "defense": "dna_v2_0p95", "done": 544, "eta_minutes": 457.1368837629755, "failed": 0, "last_update": "2026-10-04T01:41:03.951788+00:00", "part": "confirmatory_n39", "total": 1326}
{"comparator": "individual_gradient", "dataset": "ieee_cis", "defense": "unprotected", "done": 545, "eta_minutes": 455.7214858286388, "failed": 0, "last_update": "2026-10-04T01:41:04.240136+00:00", "part": "confirmatory_n39", "total": 1326}
{"comparator": "individual_gradient", "dataset": "ieee_cis", "defense": "dna_v1_conservative", "done": 546, "eta_minutes": 454.4153191418875, "failed": 0, "last_update": "2026-10-04T01:41:08.899172+00:00", "part": "confirmatory_n39", "total": 1326}
{"comparator": "individual_gradient", "dataset": "ieee_cis", "defense": "dp_local_eps10", "done": 547, "eta_minutes": 453.0061413299812, "failed": 0, "last_update": "2026-10-04T01:41:09.029010+00:00", "part": "confirmatory_n39", "total": 1326}
{"comparator": "individual_gradient", "dataset": "ieee_cis", "defense": "dna_v2_0p95", "done": 548, "eta_minutes": 451.60196324481, "failed": 0, "last_update": "2026-10-04T01:41:09.153145+00:00", "part": "confirmatory_n39", "total": 1326}
{"comparator": "individual_gradient", "dataset": "ieee_cis", "defense": "unprotected", "done": 549, "eta_minutes": 450.20311288701157, "failed": 0, "last_update": "2026-10-04T01:41:09.286584+00:00", "part": "confirmatory_n39", "total": 1326}
{"comparator": "individual_gradient", "dataset": "ieee_cis", "defense": "dna_v1_conservative", "done": 550, "eta_minutes": 448.9182989356301, "failed": 0, "last_update": "2026-10-04T01:41:14.053540+00:00", "part": "confirmatory_n39", "total": 1326}
{"comparator": "individual_gradient", "dataset": "ieee_cis", "defense": "dp_local_eps10", "done": 551, "eta_minutes": 447.52838098472785, "failed": 0, "last_update": "2026-10-04T01:41:14.150313+00:00", "part": "confirmatory_n39", "total": 1326}
{"comparator": "individual_gradient", "dataset": "ieee_cis", "defense": "unprotected", "done": 552, "eta_minutes": 446.1441220729247, "failed": 0, "last_update": "2026-10-04T01:41:14.274022+00:00", "part": "confirmatory_n39", "total": 1326}
{"comparator": "individual_gradient", "dataset": "ieee_cis", "defense": "dna_v2_0p95", "done": 553, "eta_minutes": 444.7632002832805, "failed": 0, "last_update": "2026-10-04T01:41:14.326389+00:00", "part": "confirmatory_n39", "total": 1326}
{"comparator": "individual_gradient", "dataset": "ieee_cis", "defense": "dna_v1_conservative", "done": 554, "eta_minutes": 443.4994790596795, "failed": 0, "last_update": "2026-10-04T01:41:19.210548+00:00", "part": "confirmatory_n39", "total": 1326}
{"comparator": "individual_gradient", "dataset": "ieee_cis", "defense": "dp_local_eps10", "done": 555, "eta_minutes": 442.1295072844007, "failed": 0, "last_update": "2026-10-04T01:41:19.321647+00:00", "part": "confirmatory_n39", "total": 1326}
{"comparator": "individual_gradient", "dataset": "ieee_cis", "defense": "unprotected", "done": 556, "eta_minutes": 440.76256147084194, "failed": 0, "last_update": "2026-10-04T01:41:19.350649+00:00", "part": "confirmatory_n39", "total": 1326}
{"comparator": "individual_gradient", "dataset": "ieee_cis", "defense": "dna_v2_0p95", "done": 557, "eta_minutes": 439.4032910369957, "failed": 0, "last_update": "2026-10-04T01:41:19.499971+00:00", "part": "confirmatory_n39", "total": 1326}
{"comparator": "individual_gradient", "dataset": "ieee_cis", "defense": "dp_local_eps10", "done": 558, "eta_minutes": 438.16043338570546, "failed": 0, "last_update": "2026-10-04T01:41:24.512167+00:00", "part": "confirmatory_n39", "total": 1326}
{"comparator": "individual_gradient", "dataset": "ieee_cis", "defense": "dna_v1_conservative", "done": 559, "eta_minutes": 436.80742826498755, "failed": 0, "last_update": "2026-10-04T01:41:24.526370+00:00", "part": "confirmatory_n39", "total": 1326}
{"comparator": "individual_gradient", "dataset": "ieee_cis", "defense": "unprotected", "done": 560, "eta_minutes": 435.4627182840024, "failed": 0, "last_update": "2026-10-04T01:41:24.692502+00:00", "part": "confirmatory_n39", "total": 1326}
{"comparator": "individual_gradient", "dataset": "ieee_cis", "defense": "dna_v2_0p95", "done": 561, "eta_minutes": 434.12087683786046, "failed": 0, "last_update": "2026-10-04T01:41:24.774356+00:00", "part": "confirmatory_n39", "total": 1326}
{"comparator": "individual_gradient", "dataset": "ieee_cis", "defense": "dna_v1_conservative", "done": 562, "eta_minutes": 432.89127186408103, "failed": 0, "last_update": "2026-10-04T01:41:29.599341+00:00", "part": "confirmatory_n39", "total": 1326}
{"comparator": "individual_gradient", "dataset": "ieee_cis", "defense": "dp_local_eps10", "done": 563, "eta_minutes": 431.55846822115, "failed": 0, "last_update": "2026-10-04T01:41:29.674725+00:00", "part": "confirmatory_n39", "total": 1326}
{"comparator": "individual_gradient", "dataset": "ieee_cis", "defense": "unprotected", "done": 564, "eta_minutes": 430.2304047005397, "failed": 0, "last_update": "2026-10-04T01:41:29.750896+00:00", "part": "confirmatory_n39", "total": 1326}
{"comparator": "individual_gradient", "dataset": "ieee_cis", "defense": "dna_v2_0p95", "done": 565, "eta_minutes": 428.9074322345193, "failed": 0, "last_update": "2026-10-04T01:41:29.844675+00:00", "part": "confirmatory_n39", "total": 1326}
{"comparator": "individual_gradient", "dataset": "ieee_cis", "defense": "dna_v1_conservative", "done": 566, "eta_minutes": 427.6970222970762, "failed": 0, "last_update": "2026-10-04T01:41:34.759564+00:00", "part": "confirmatory_n39", "total": 1326}
{"comparator": "individual_gradient", "dataset": "ieee_cis", "defense": "dp_local_eps10", "done": 567, "eta_minutes": 426.38110230673345, "failed": 0, "last_update": "2026-10-04T01:41:34.766852+00:00", "part": "confirmatory_n39", "total": 1326}
{"comparator": "individual_gradient", "dataset": "ieee_cis", "defense": "unprotected", "done": 568, "eta_minutes": 425.0727484614077, "failed": 0, "last_update": "2026-10-04T01:41:34.905995+00:00", "part": "confirmatory_n39", "total": 1326}
{"comparator": "individual_gradient", "dataset": "ieee_cis", "defense": "dna_v2_0p95", "done": 569, "eta_minutes": 423.7688261434008, "failed": 0, "last_update": "2026-10-04T01:41:35.037974+00:00", "part": "confirmatory_n39", "total": 1326}
{"comparator": "individual_gradient", "dataset": "ieee_cis", "defense": "dna_v1_conservative", "done": 570, "eta_minutes": 422.57621695669076, "failed": 0, "last_update": "2026-10-04T01:41:39.998918+00:00", "part": "confirmatory_n39", "total": 1326}
{"comparator": "individual_gradient", "dataset": "ieee_cis", "defense": "dp_local_eps10", "done": 571, "eta_minutes": 421.2784446832108, "failed": 0, "last_update": "2026-10-04T01:41:40.011426+00:00", "part": "confirmatory_n39", "total": 1326}
{"comparator": "individual_gradient", "dataset": "ieee_cis", "defense": "unprotected", "done": 572, "eta_minutes": 419.98779212832443, "failed": 0, "last_update": "2026-10-04T01:41:40.141489+00:00", "part": "confirmatory_n39", "total": 1326}
{"comparator": "individual_gradient", "dataset": "ieee_cis", "defense": "dna_v2_0p95", "done": 573, "eta_minutes": 418.70068159652624, "failed": 0, "last_update": "2026-10-04T01:41:40.227935+00:00", "part": "confirmatory_n39", "total": 1326}
{"comparator": "individual_gradient", "dataset": "ieee_cis", "defense": "dna_v1_conservative", "done": 574, "eta_minutes": 417.5220837051445, "failed": 0, "last_update": "2026-10-04T01:41:45.078866+00:00", "part": "confirmatory_n39", "total": 1326}
{"comparator": "individual_gradient", "dataset": "ieee_cis", "defense": "dp_local_eps10", "done": 575, "eta_minutes": 416.2422451965291, "failed": 0, "last_update": "2026-10-04T01:41:45.103513+00:00", "part": "confirmatory_n39", "total": 1326}
{"comparator": "individual_gradient", "dataset": "ieee_cis", "defense": "unprotected", "done": 576, "eta_minutes": 414.9688583333045, "failed": 0, "last_update": "2026-10-04T01:41:45.220752+00:00", "part": "confirmatory_n39", "total": 1326}
{"comparator": "individual_gradient", "dataset": "ieee_cis", "defense": "dna_v2_0p95", "done": 577, "eta_minutes": 413.6997258295013, "failed": 0, "last_update": "2026-10-04T01:41:45.330954+00:00", "part": "confirmatory_n39", "total": 1326}
{"comparator": "individual_gradient", "dataset": "ieee_cis", "defense": "dp_local_eps10", "done": 578, "eta_minutes": 412.5369132593567, "failed": 0, "last_update": "2026-10-04T01:41:50.167208+00:00", "part": "confirmatory_n39", "total": 1326}
{"comparator": "individual_gradient", "dataset": "ieee_cis", "defense": "dna_v1_conservative", "done": 579, "eta_minutes": 411.27404566367056, "failed": 0, "last_update": "2026-10-04T01:41:50.176436+00:00", "part": "confirmatory_n39", "total": 1326}
{"comparator": "individual_gradient", "dataset": "ieee_cis", "defense": "unprotected", "done": 580, "eta_minutes": 410.01759961737986, "failed": 0, "last_update": "2026-10-04T01:41:50.282136+00:00", "part": "confirmatory_n39", "total": 1326}
{"comparator": "individual_gradient", "dataset": "ieee_cis", "defense": "dna_v2_0p95", "done": 581, "eta_minutes": 408.7655827018356, "failed": 0, "last_update": "2026-10-04T01:41:50.392977+00:00", "part": "confirmatory_n39", "total": 1326}
{"comparator": "individual_gradient", "dataset": "ieee_cis", "defense": "dp_local_eps10", "done": 582, "eta_minutes": 407.616821279067, "failed": 0, "last_update": "2026-10-04T01:41:55.148518+00:00", "part": "confirmatory_n39", "total": 1326}
{"comparator": "individual_gradient", "dataset": "ieee_cis", "defense": "dna_v1_conservative", "done": 583, "eta_minutes": 406.37186414241927, "failed": 0, "last_update": "2026-10-04T01:41:55.202474+00:00", "part": "confirmatory_n39", "total": 1326}
{"comparator": "individual_gradient", "dataset": "ieee_cis", "defense": "unprotected", "done": 584, "eta_minutes": 405.131746437125, "failed": 0, "last_update": "2026-10-04T01:41:55.283801+00:00", "part": "confirmatory_n39", "total": 1326}
{"comparator": "individual_gradient", "dataset": "ieee_cis", "defense": "dna_v2_0p95", "done": 585, "eta_minutes": 403.89712679333155, "failed": 0, "last_update": "2026-10-04T01:41:55.424938+00:00", "part": "confirmatory_n39", "total": 1326}
{"comparator": "individual_gradient", "dataset": "ieee_cis", "defense": "dp_local_eps10", "done": 586, "eta_minutes": 402.76707655849174, "failed": 0, "last_update": "2026-10-04T01:42:00.334701+00:00", "part": "confirmatory_n39", "total": 1326}
{"comparator": "individual_gradient", "dataset": "ieee_cis", "defense": "dna_v1_conservative", "done": 587, "eta_minutes": 401.53825464889724, "failed": 0, "last_update": "2026-10-04T01:42:00.366910+00:00", "part": "confirmatory_n39", "total": 1326}
{"comparator": "individual_gradient", "dataset": "ieee_cis", "defense": "unprotected", "done": 588, "eta_minutes": 400.3161826996171, "failed": 0, "last_update": "2026-10-04T01:42:00.522065+00:00", "part": "confirmatory_n39", "total": 1326}
{"comparator": "individual_gradient", "dataset": "ieee_cis", "defense": "dna_v2_0p95", "done": 589, "eta_minutes": 399.0969583627594, "failed": 0, "last_update": "2026-10-04T01:42:00.615208+00:00", "part": "confirmatory_n39", "total": 1326}
{"comparator": "individual_gradient", "dataset": "ieee_cis", "defense": "dna_v1_conservative", "done": 590, "eta_minutes": 397.9796880672476, "failed": 0, "last_update": "2026-10-04T01:42:05.413596+00:00", "part": "confirmatory_n39", "total": 1326}
{"comparator": "individual_gradient", "dataset": "ieee_cis", "defense": "dp_local_eps10", "done": 591, "eta_minutes": 396.76823520609975, "failed": 0, "last_update": "2026-10-04T01:42:05.498799+00:00", "part": "confirmatory_n39", "total": 1326}
{"comparator": "individual_gradient", "dataset": "ieee_cis", "defense": "unprotected", "done": 592, "eta_minutes": 395.5601104957026, "failed": 0, "last_update": "2026-10-04T01:42:05.547226+00:00", "part": "confirmatory_n39", "total": 1326}
{"comparator": "individual_gradient", "dataset": "ieee_cis", "defense": "dna_v2_0p95", "done": 593, "eta_minutes": 394.3564155395143, "failed": 0, "last_update": "2026-10-04T01:42:05.613031+00:00", "part": "confirmatory_n39", "total": 1326}
{"comparator": "individual_gradient", "dataset": "ieee_cis", "defense": "dna_v1_conservative", "done": 594, "eta_minutes": 393.25549123022296, "failed": 0, "last_update": "2026-10-04T01:42:10.485433+00:00", "part": "confirmatory_n39", "total": 1326}
{"comparator": "individual_gradient", "dataset": "ieee_cis", "defense": "dp_local_eps10", "done": 595, "eta_minutes": 392.0584345306669, "failed": 0, "last_update": "2026-10-04T01:42:10.495601+00:00", "part": "confirmatory_n39", "total": 1326}
{"comparator": "individual_gradient", "dataset": "ieee_cis", "defense": "unprotected", "done": 596, "eta_minutes": 390.86747450869893, "failed": 0, "last_update": "2026-10-04T01:42:10.607679+00:00", "part": "confirmatory_n39", "total": 1326}
{"comparator": "individual_gradient", "dataset": "ieee_cis", "defense": "dna_v2_0p95", "done": 597, "eta_minutes": 389.6805711874411, "failed": 0, "last_update": "2026-10-04T01:42:10.723349+00:00", "part": "confirmatory_n39", "total": 1326}
{"comparator": "individual_gradient", "dataset": "ieee_cis", "defense": "dp_local_eps10", "done": 598, "eta_minutes": 388.5933435578278, "failed": 0, "last_update": "2026-10-04T01:42:15.556282+00:00", "part": "confirmatory_n39", "total": 1326}
{"comparator": "individual_gradient", "dataset": "ieee_cis", "defense": "dna_v1_conservative", "done": 599, "eta_minutes": 387.41198339555814, "failed": 0, "last_update": "2026-10-04T01:42:15.569505+00:00", "part": "confirmatory_n39", "total": 1326}
{"comparator": "individual_gradient", "dataset": "ieee_cis", "defense": "unprotected", "done": 600, "eta_minutes": 386.236670740366, "failed": 0, "last_update": "2026-10-04T01:42:15.687380+00:00", "part": "confirmatory_n39", "total": 1326}
{"comparator": "individual_gradient", "dataset": "ieee_cis", "defense": "dna_v2_0p95", "done": 601, "eta_minutes": 385.064707003695, "failed": 0, "last_update": "2026-10-04T01:42:15.777619+00:00", "part": "confirmatory_n39", "total": 1326}
{"comparator": "individual_gradient", "dataset": "ieee_cis", "defense": "dna_v1_conservative", "done": 602, "eta_minutes": 383.9921940535802, "failed": 0, "last_update": "2026-10-04T01:42:20.635390+00:00", "part": "confirmatory_n39", "total": 1326}
{"comparator": "individual_gradient", "dataset": "ieee_cis", "defense": "dp_local_eps10", "done": 603, "eta_minutes": 382.8260792029833, "failed": 0, "last_update": "2026-10-04T01:42:20.644642+00:00", "part": "confirmatory_n39", "total": 1326}
{"comparator": "individual_gradient", "dataset": "ieee_cis", "defense": "unprotected", "done": 604, "eta_minutes": 381.6656903846506, "failed": 0, "last_update": "2026-10-04T01:42:20.747495+00:00", "part": "confirmatory_n39", "total": 1326}
{"comparator": "individual_gradient", "dataset": "ieee_cis", "defense": "dna_v2_0p95", "done": 605, "eta_minutes": 380.50927605440467, "failed": 0, "last_update": "2026-10-04T01:42:20.857605+00:00", "part": "confirmatory_n39", "total": 1326}
{"comparator": "individual_gradient", "dataset": "ieee_cis", "defense": "dna_v1_conservative", "done": 606, "eta_minutes": 379.4504798993026, "failed": 0, "last_update": "2026-10-04T01:42:25.705010+00:00", "part": "confirmatory_n39", "total": 1326}
{"comparator": "individual_gradient", "dataset": "ieee_cis", "defense": "dp_local_eps10", "done": 607, "eta_minutes": 378.29935136478986, "failed": 0, "last_update": "2026-10-04T01:42:25.712210+00:00", "part": "confirmatory_n39", "total": 1326}
{"comparator": "individual_gradient", "dataset": "ieee_cis", "defense": "unprotected", "done": 608, "eta_minutes": 377.1538407077523, "failed": 0, "last_update": "2026-10-04T01:42:25.812460+00:00", "part": "confirmatory_n39", "total": 1326}
{"comparator": "individual_gradient", "dataset": "ieee_cis", "defense": "dna_v2_0p95", "done": 609, "eta_minutes": 376.0122207613023, "failed": 0, "last_update": "2026-10-04T01:42:25.919580+00:00", "part": "confirmatory_n39", "total": 1326}
{"comparator": "individual_gradient", "dataset": "ieee_cis", "defense": "dp_local_eps10", "done": 610, "eta_minutes": 374.96623786837677, "failed": 0, "last_update": "2026-10-04T01:42:30.724362+00:00", "part": "confirmatory_n39", "total": 1326}
{"comparator": "individual_gradient", "dataset": "ieee_cis", "defense": "dna_v1_conservative", "done": 611, "eta_minutes": 373.8313208480253, "failed": 0, "last_update": "2026-10-04T01:42:30.807119+00:00", "part": "confirmatory_n39", "total": 1326}
{"comparator": "individual_gradient", "dataset": "ieee_cis", "defense": "unprotected", "done": 612, "eta_minutes": 372.6989138192601, "failed": 0, "last_update": "2026-10-04T01:42:30.828491+00:00", "part": "confirmatory_n39", "total": 1326}
{"comparator": "individual_gradient", "dataset": "ieee_cis", "defense": "dna_v2_0p95", "done": 613, "eta_minutes": 371.5738059253327, "failed": 0, "last_update": "2026-10-04T01:42:31.035834+00:00", "part": "confirmatory_n39", "total": 1326}
{"comparator": "individual_gradient", "dataset": "ieee_cis", "defense": "dna_v1_conservative", "done": 614, "eta_minutes": 370.5408890327077, "failed": 0, "last_update": "2026-10-04T01:42:35.824249+00:00", "part": "confirmatory_n39", "total": 1326}
{"comparator": "individual_gradient", "dataset": "ieee_cis", "defense": "dp_local_eps10", "done": 615, "eta_minutes": 369.419014124347, "failed": 0, "last_update": "2026-10-04T01:42:35.834992+00:00", "part": "confirmatory_n39", "total": 1326}
{"comparator": "individual_gradient", "dataset": "ieee_cis", "defense": "unprotected", "done": 616, "eta_minutes": 368.3040720339849, "failed": 0, "last_update": "2026-10-04T01:42:36.017031+00:00", "part": "confirmatory_n39", "total": 1326}
{"comparator": "individual_gradient", "dataset": "ieee_cis", "defense": "dna_v2_0p95", "done": 617, "eta_minutes": 367.1900882831655, "failed": 0, "last_update": "2026-10-04T01:42:36.060953+00:00", "part": "confirmatory_n39", "total": 1326}
{"comparator": "individual_gradient", "dataset": "ieee_cis", "defense": "dna_v1_conservative", "done": 618, "eta_minutes": 366.17039953636123, "failed": 0, "last_update": "2026-10-04T01:42:40.854667+00:00", "part": "confirmatory_n39", "total": 1326}
{"comparator": "individual_gradient", "dataset": "ieee_cis", "defense": "dp_local_eps10", "done": 619, "eta_minutes": 365.064046849836, "failed": 0, "last_update": "2026-10-04T01:42:40.936259+00:00", "part": "confirmatory_n39", "total": 1326}
{"comparator": "individual_gradient", "dataset": "ieee_cis", "defense": "unprotected", "done": 620, "eta_minutes": 363.9598604173686, "failed": 0, "last_update": "2026-10-04T01:42:40.944176+00:00", "part": "confirmatory_n39", "total": 1326}
{"comparator": "individual_gradient", "dataset": "ieee_cis", "defense": "dna_v2_0p95", "done": 621, "eta_minutes": 362.8615497821003, "failed": 0, "last_update": "2026-10-04T01:42:41.074708+00:00", "part": "confirmatory_n39", "total": 1326}
{"comparator": "individual_gradient", "dataset": "ieee_cis", "defense": "dp_local_eps10", "done": 622, "eta_minutes": 361.85168545018695, "failed": 0, "last_update": "2026-10-04T01:42:45.707050+00:00", "part": "confirmatory_n39", "total": 1326}
{"comparator": "individual_gradient", "dataset": "ieee_cis", "defense": "dna_v1_conservative", "done": 623, "eta_minutes": 360.7584245594317, "failed": 0, "last_update": "2026-10-04T01:42:45.745838+00:00", "part": "confirmatory_n39", "total": 1326}
{"comparator": "individual_gradient", "dataset": "ieee_cis", "defense": "dna_v2_0p95", "done": 624, "eta_minutes": 359.6724207133055, "failed": 0, "last_update": "2026-10-04T01:42:45.984883+00:00", "part": "confirmatory_n39", "total": 1326}
{"comparator": "individual_gradient", "dataset": "ieee_cis", "defense": "dp_local_eps10", "done": 625, "eta_minutes": 362.75595327320735, "failed": 0, "last_update": "2026-10-04T01:46:29.088085+00:00", "part": "confirmatory_n39", "total": 1326}
{"comparator": "individual_gradient", "dataset": "ieee_cis", "defense": "unprotected", "done": 626, "eta_minutes": 362.77249343288594, "failed": 0, "last_update": "2026-10-04T01:47:28.791282+00:00", "part": "confirmatory_n39", "total": 1326}
{"comparator": "individual_gradient", "dataset": "ieee_cis", "defense": "dna_v2_0p95", "done": 627, "eta_minutes": 362.8449883171816, "failed": 0, "last_update": "2026-10-04T01:48:31.679613+00:00", "part": "confirmatory_n39", "total": 1326}
{"comparator": "individual_gradient", "dataset": "ieee_cis", "defense": "dna_v1_conservative", "done": 628, "eta_minutes": 363.3779499868805, "failed": 0, "last_update": "2026-10-04T01:49:59.617885+00:00", "part": "confirmatory_n39", "total": 1326}
{"comparator": "individual_gradient", "dataset": "ieee_cis", "defense": "dp_distortion_dna_v1_conservative", "done": 629, "eta_minutes": 362.4029241580147, "failed": 0, "last_update": "2026-10-04T01:50:06.248258+00:00", "part": "confirmatory_n39", "total": 1326}
{"comparator": "individual_gradient", "dataset": "ieee_cis", "defense": "dp_distortion_dna_v2_0p95", "done": 630, "eta_minutes": 362.52003638403755, "failed": 0, "last_update": "2026-10-04T01:51:12.043961+00:00", "part": "confirmatory_n39", "total": 1326}
{"comparator": "individual_gradient", "dataset": "ieee_cis", "defense": "unprotected", "done": 631, "eta_minutes": 362.51152930216256, "failed": 0, "last_update": "2026-10-04T01:52:11.206134+00:00", "part": "confirmatory_n39", "total": 1326}
{"comparator": "individual_gradient", "dataset": "ieee_cis", "defense": "dp_local_eps10", "done": 632, "eta_minutes": 364.32036890503224, "failed": 0, "last_update": "2026-10-04T01:54:49.836741+00:00", "part": "confirmatory_n39", "total": 1326}
{"comparator": "individual_gradient", "dataset": "ieee_cis", "defense": "dp_distortion_dna_v1_conservative", "done": 633, "eta_minutes": 364.305141963326, "failed": 0, "last_update": "2026-10-04T01:55:49.270051+00:00", "part": "confirmatory_n39", "total": 1326}
{"comparator": "individual_gradient", "dataset": "ieee_cis", "defense": "dna_v2_0p95", "done": 634, "eta_minutes": 363.2646836014326, "failed": 0, "last_update": "2026-10-04T01:55:52.514380+00:00", "part": "confirmatory_n39", "total": 1326}
{"comparator": "individual_gradient", "dataset": "ieee_cis", "defense": "dna_v1_conservative", "done": 635, "eta_minutes": 363.5495070740244, "failed": 0, "last_update": "2026-10-04T01:57:08.660147+00:00", "part": "confirmatory_n39", "total": 1326}
{"comparator": "individual_gradient", "dataset": "ieee_cis", "defense": "dp_distortion_dna_v2_0p95", "done": 636, "eta_minutes": 363.887932665693, "failed": 0, "last_update": "2026-10-04T01:58:28.040575+00:00", "part": "confirmatory_n39", "total": 1326}
{"comparator": "individual_gradient", "dataset": "ieee_cis", "defense": "unprotected", "done": 637, "eta_minutes": 363.85430951824, "failed": 0, "last_update": "2026-10-04T01:59:27.072175+00:00", "part": "confirmatory_n39", "total": 1326}
{"comparator": "individual_gradient", "dataset": "ieee_cis", "defense": "dp_local_eps10", "done": 638, "eta_minutes": 365.62992482688605, "failed": 0, "last_update": "2026-10-04T02:02:06.934735+00:00", "part": "confirmatory_n39", "total": 1326}
{"comparator": "individual_gradient", "dataset": "ieee_cis", "defense": "dna_v2_0p95", "done": 639, "eta_minutes": 365.40048159976516, "failed": 0, "last_update": "2026-10-04T02:02:55.674795+00:00", "part": "confirmatory_n39", "total": 1326}
{"comparator": "individual_gradient", "dataset": "ieee_cis", "defense": "dna_v1_conservative", "done": 640, "eta_minutes": 364.47068741322806, "failed": 0, "last_update": "2026-10-04T02:03:05.313498+00:00", "part": "confirmatory_n39", "total": 1326}
{"comparator": "individual_gradient", "dataset": "ieee_cis", "defense": "dp_distortion_dna_v1_conservative", "done": 641, "eta_minutes": 363.4224035936411, "failed": 0, "last_update": "2026-10-04T02:03:08.164745+00:00", "part": "confirmatory_n39", "total": 1326}
{"comparator": "individual_gradient", "dataset": "ieee_cis", "defense": "dp_distortion_dna_v2_0p95", "done": 642, "eta_minutes": 365.17076230138264, "failed": 0, "last_update": "2026-10-04T02:05:48.335548+00:00", "part": "confirmatory_n39", "total": 1326}
{"comparator": "individual_gradient", "dataset": "ieee_cis", "defense": "unprotected", "done": 643, "eta_minutes": 364.91307282358207, "failed": 0, "last_update": "2026-10-04T02:06:35.968734+00:00", "part": "confirmatory_n39", "total": 1326}
{"comparator": "individual_gradient", "dataset": "ieee_cis", "defense": "dna_v2_0p95", "done": 644, "eta_minutes": 366.29499914346275, "failed": 0, "last_update": "2026-10-04T02:08:56.591799+00:00", "part": "confirmatory_n39", "total": 1326}
{"comparator": "individual_gradient", "dataset": "ieee_cis", "defense": "dp_local_eps10", "done": 645, "eta_minutes": 365.78631648736405, "failed": 0, "last_update": "2026-10-04T02:09:30.431471+00:00", "part": "confirmatory_n39", "total": 1326}
{"comparator": "individual_gradient", "dataset": "ieee_cis", "defense": "dp_distortion_dna_v1_conservative", "done": 646, "eta_minutes": 365.526857100035, "failed": 0, "last_update": "2026-10-04T02:10:18.486632+00:00", "part": "confirmatory_n39", "total": 1326}
{"comparator": "individual_gradient", "dataset": "ieee_cis", "defense": "dna_v1_conservative", "done": 647, "eta_minutes": 364.4693034159222, "failed": 0, "last_update": "2026-10-04T02:10:21.008587+00:00", "part": "confirmatory_n39", "total": 1326}
{"comparator": "individual_gradient", "dataset": "ieee_cis", "defense": "dp_distortion_dna_v2_0p95", "done": 648, "eta_minutes": 365.7332435489436, "failed": 0, "last_update": "2026-10-04T02:12:36.477177+00:00", "part": "confirmatory_n39", "total": 1326}
{"comparator": "individual_gradient", "dataset": "ieee_cis", "defense": "unprotected", "done": 649, "eta_minutes": 365.183884236411, "failed": 0, "last_update": "2026-10-04T02:13:08.271806+00:00", "part": "confirmatory_n39", "total": 1326}
{"comparator": "individual_gradient", "dataset": "ieee_cis", "defense": "dna_v2_0p95", "done": 650, "eta_minutes": 367.1410417779287, "failed": 0, "last_update": "2026-10-04T02:16:04.669726+00:00", "part": "confirmatory_n39", "total": 1326}
{"comparator": "individual_gradient", "dataset": "ieee_cis", "defense": "dp_local_eps10", "done": 651, "eta_minutes": 366.1805113985242, "failed": 0, "last_update": "2026-10-04T02:16:13.101369+00:00", "part": "confirmatory_n39", "total": 1326}
{"comparator": "individual_gradient", "dataset": "ieee_cis", "defense": "dp_distortion_dna_v1_conservative", "done": 652, "eta_minutes": 365.69566241878186, "failed": 0, "last_update": "2026-10-04T02:16:48.996302+00:00", "part": "confirmatory_n39", "total": 1326}
{"comparator": "individual_gradient", "dataset": "ieee_cis", "defense": "dna_v1_conservative", "done": 653, "eta_minutes": 365.3210709388369, "failed": 0, "last_update": "2026-10-04T02:17:31.330309+00:00", "part": "confirmatory_n39", "total": 1326}
{"comparator": "individual_gradient", "dataset": "ieee_cis", "defense": "dp_distortion_dna_v2_0p95", "done": 654, "eta_minutes": 366.44690152264513, "failed": 0, "last_update": "2026-10-04T02:19:41.337349+00:00", "part": "confirmatory_n39", "total": 1326}
{"comparator": "individual_gradient", "dataset": "ieee_cis", "defense": "unprotected", "done": 655, "eta_minutes": 365.560118190587, "failed": 0, "last_update": "2026-10-04T02:19:54.055845+00:00", "part": "confirmatory_n39", "total": 1326}
{"comparator": "individual_gradient", "dataset": "ieee_cis", "defense": "dna_v2_0p95", "done": 656, "eta_minutes": 367.8353510592284, "failed": 0, "last_update": "2026-10-04T02:23:12.410130+00:00", "part": "confirmatory_n39", "total": 1326}
{"comparator": "individual_gradient", "dataset": "ieee_cis", "defense": "dp_local_eps10", "done": 657, "eta_minutes": 366.90348282268604, "failed": 0, "last_update": "2026-10-04T02:23:22.791043+00:00", "part": "confirmatory_n39", "total": 1326}
{"comparator": "individual_gradient", "dataset": "ieee_cis", "defense": "dp_distortion_dna_v1_conservative", "done": 658, "eta_minutes": 365.94351342292055, "failed": 0, "last_update": "2026-10-04T02:23:31.374790+00:00", "part": "confirmatory_n39", "total": 1326}
{"comparator": "individual_gradient", "dataset": "ieee_cis", "defense": "dna_v1_conservative", "done": 659, "eta_minutes": 365.2223400915519, "failed": 0, "last_update": "2026-10-04T02:23:53.967512+00:00", "part": "confirmatory_n39", "total": 1326}
{"comparator": "individual_gradient", "dataset": "ieee_cis", "defense": "dp_distortion_dna_v2_0p95", "done": 660, "eta_minutes": 367.0732124751264, "failed": 0, "last_update": "2026-10-04T02:26:49.430571+00:00", "part": "confirmatory_n39", "total": 1326}
{"comparator": "individual_gradient", "dataset": "ieee_cis", "defense": "unprotected", "done": 661, "eta_minutes": 366.2335720992846, "failed": 0, "last_update": "2026-10-04T02:27:05.295579+00:00", "part": "confirmatory_n39", "total": 1326}
{"comparator": "individual_gradient", "dataset": "ieee_cis", "defense": "dna_v2_0p95", "done": 662, "eta_minutes": 367.75572568301834, "failed": 0, "last_update": "2026-10-04T02:29:42.337439+00:00", "part": "confirmatory_n39", "total": 1326}
{"comparator": "individual_gradient", "dataset": "ieee_cis", "defense": "dp_local_eps10", "done": 663, "eta_minutes": 367.4767444173495, "failed": 0, "last_update": "2026-10-04T02:30:32.060439+00:00", "part": "confirmatory_n39", "total": 1326}
{"comparator": "individual_gradient", "dataset": "ieee_cis", "defense": "dna_v1_conservative", "done": 664, "eta_minutes": 366.471766719653, "failed": 0, "last_update": "2026-10-04T02:30:38.191708+00:00", "part": "confirmatory_n39", "total": 1326}
{"comparator": "individual_gradient", "dataset": "ieee_cis", "defense": "dp_distortion_dna_v1_conservative", "done": 665, "eta_minutes": 365.48481500451726, "failed": 0, "last_update": "2026-10-04T02:30:45.247183+00:00", "part": "confirmatory_n39", "total": 1326}
{"comparator": "individual_gradient", "dataset": "ieee_cis", "defense": "dp_distortion_dna_v2_0p95", "done": 666, "eta_minutes": 366.94100489773905, "failed": 0, "last_update": "2026-10-04T02:33:20.065693+00:00", "part": "confirmatory_n39", "total": 1326}
{"comparator": "individual_gradient", "dataset": "ieee_cis", "defense": "unprotected", "done": 667, "eta_minutes": 366.71950680484537, "failed": 0, "last_update": "2026-10-04T02:34:13.735992+00:00", "part": "confirmatory_n39", "total": 1326}
{"comparator": "individual_gradient", "dataset": "ieee_cis", "defense": "dna_v2_0p95", "done": 668, "eta_minutes": 367.8153398191263, "failed": 0, "last_update": "2026-10-04T02:36:27.770089+00:00", "part": "confirmatory_n39", "total": 1326}
{"comparator": "individual_gradient", "dataset": "ieee_cis", "defense": "dp_local_eps10", "done": 669, "eta_minutes": 367.2414780757887, "failed": 0, "last_update": "2026-10-04T02:37:00.400875+00:00", "part": "confirmatory_n39", "total": 1326}
{"comparator": "individual_gradient", "dataset": "ieee_cis", "defense": "dp_distortion_dna_v1_conservative", "done": 670, "eta_minutes": 367.00852596510697, "failed": 0, "last_update": "2026-10-04T02:37:53.917276+00:00", "part": "confirmatory_n39", "total": 1326}
{"comparator": "individual_gradient", "dataset": "ieee_cis", "defense": "dna_v1_conservative", "done": 671, "eta_minutes": 365.9593786743524, "failed": 0, "last_update": "2026-10-04T02:37:57.386443+00:00", "part": "confirmatory_n39", "total": 1326}
{"comparator": "individual_gradient", "dataset": "ieee_cis", "defense": "dp_distortion_dna_v2_0p95", "done": 672, "eta_minutes": 366.95596948340534, "failed": 0, "last_update": "2026-10-04T02:40:06.796281+00:00", "part": "confirmatory_n39", "total": 1326}
{"comparator": "individual_gradient", "dataset": "ieee_cis", "defense": "unprotected", "done": 673, "eta_minutes": 366.32799039681754, "failed": 0, "last_update": "2026-10-04T02:40:36.325994+00:00", "part": "confirmatory_n39", "total": 1326}
{"comparator": "individual_gradient", "dataset": "ieee_cis", "defense": "dna_v2_0p95", "done": 674, "eta_minutes": 368.23905278487916, "failed": 0, "last_update": "2026-10-04T02:43:43.313591+00:00", "part": "confirmatory_n39", "total": 1326}
{"comparator": "individual_gradient", "dataset": "ieee_cis", "defense": "dp_local_eps10", "done": 675, "eta_minutes": 367.2237810543731, "failed": 0, "last_update": "2026-10-04T02:43:49.174875+00:00", "part": "confirmatory_n39", "total": 1326}
{"comparator": "individual_gradient", "dataset": "ieee_cis", "defense": "dp_distortion_dna_v1_conservative", "done": 676, "eta_minutes": 366.5036810896336, "failed": 0, "last_update": "2026-10-04T02:44:13.285477+00:00", "part": "confirmatory_n39", "total": 1326}
{"comparator": "individual_gradient", "dataset": "ieee_cis", "defense": "dna_v1_conservative", "done": 677, "eta_minutes": 366.36128287170396, "failed": 0, "last_update": "2026-10-04T02:45:13.494776+00:00", "part": "confirmatory_n39", "total": 1326}
{"comparator": "individual_gradient", "dataset": "ieee_cis", "defense": "dp_distortion_dna_v2_0p95", "done": 678, "eta_minutes": 367.3512205630277, "failed": 0, "last_update": "2026-10-04T02:47:24.949068+00:00", "part": "confirmatory_n39", "total": 1326}
{"comparator": "individual_gradient", "dataset": "ieee_cis", "defense": "unprotected", "done": 679, "eta_minutes": 366.36653932378056, "failed": 0, "last_update": "2026-10-04T02:47:32.656414+00:00", "part": "confirmatory_n39", "total": 1326}
{"comparator": "individual_gradient", "dataset": "ieee_cis", "defense": "dna_v2_0p95", "done": 680, "eta_minutes": 368.63619824290276, "failed": 0, "last_update": "2026-10-04T02:51:05.741980+00:00", "part": "confirmatory_n39", "total": 1326}
{"comparator": "individual_gradient", "dataset": "ieee_cis", "defense": "dp_local_eps10", "done": 681, "eta_minutes": 367.6357039985152, "failed": 0, "last_update": "2026-10-04T02:51:12.750123+00:00", "part": "confirmatory_n39", "total": 1326}
{"comparator": "individual_gradient", "dataset": "ieee_cis", "defense": "dp_distortion_dna_v1_conservative", "done": 682, "eta_minutes": 366.60954951328733, "failed": 0, "last_update": "2026-10-04T02:51:17.963164+00:00", "part": "confirmatory_n39", "total": 1326}
{"comparator": "individual_gradient", "dataset": "ieee_cis", "defense": "dna_v1_conservative", "done": 683, "eta_minutes": 365.63549048248996, "failed": 0, "last_update": "2026-10-04T02:51:26.321095+00:00", "part": "confirmatory_n39", "total": 1326}
{"comparator": "individual_gradient", "dataset": "ieee_cis", "defense": "dp_distortion_dna_v2_0p95", "done": 684, "eta_minutes": 367.66411962352305, "failed": 0, "last_update": "2026-10-04T02:54:46.470515+00:00", "part": "confirmatory_n39", "total": 1326}
{"comparator": "individual_gradient", "dataset": "ieee_cis", "defense": "unprotected", "done": 685, "eta_minutes": 366.63983373996405, "failed": 0, "last_update": "2026-10-04T02:54:51.875696+00:00", "part": "confirmatory_n39", "total": 1326}
{"comparator": "individual_gradient", "dataset": "ieee_cis", "defense": "dna_v2_0p95", "done": 686, "eta_minutes": 367.803425009443, "failed": 0, "last_update": "2026-10-04T02:57:17.813550+00:00", "part": "confirmatory_n39", "total": 1326}
{"comparator": "individual_gradient", "dataset": "ieee_cis", "defense": "dp_local_eps10", "done": 687, "eta_minutes": 367.7965338369644, "failed": 0, "last_update": "2026-10-04T02:58:28.922326+00:00", "part": "confirmatory_n39", "total": 1326}
{"comparator": "individual_gradient", "dataset": "ieee_cis", "defense": "dna_v1_conservative", "done": 688, "eta_minutes": 366.73117068658274, "failed": 0, "last_update": "2026-10-04T02:58:31.767260+00:00", "part": "confirmatory_n39", "total": 1326}
{"comparator": "individual_gradient", "dataset": "ieee_cis", "defense": "dp_distortion_dna_v1_conservative", "done": 689, "eta_minutes": 365.6739924858951, "failed": 0, "last_update": "2026-10-04T02:58:34.951617+00:00", "part": "confirmatory_n39", "total": 1326}
{"comparator": "individual_gradient", "dataset": "ieee_cis", "defense": "dp_distortion_dna_v2_0p95", "done": 690, "eta_minutes": 366.8619235756086, "failed": 0, "last_update": "2026-10-04T03:01:04.090425+00:00", "part": "confirmatory_n39", "total": 1326}
{"comparator": "individual_gradient", "dataset": "ieee_cis", "defense": "unprotected", "done": 691, "eta_minutes": 366.7647950824079, "failed": 0, "last_update": "2026-10-04T03:02:10.020194+00:00", "part": "confirmatory_n39", "total": 1326}
{"comparator": "individual_gradient", "dataset": "ieee_cis", "defense": "dna_v2_0p95", "done": 692, "eta_minutes": 367.7660483102119, "failed": 0, "last_update": "2026-10-04T03:04:28.071434+00:00", "part": "confirmatory_n39", "total": 1326}
{"comparator": "individual_gradient", "dataset": "ieee_cis", "defense": "dp_local_eps10", "done": 693, "eta_minutes": 367.00433238909875, "failed": 0, "last_update": "2026-10-04T03:04:50.944153+00:00", "part": "confirmatory_n39", "total": 1326}
{"comparator": "individual_gradient", "dataset": "ieee_cis", "defense": "dna_v1_conservative", "done": 694, "eta_minutes": 366.73369424171335, "failed": 0, "last_update": "2026-10-04T03:05:46.099811+00:00", "part": "confirmatory_n39", "total": 1326}
{"comparator": "individual_gradient", "dataset": "ieee_cis", "defense": "dp_distortion_dna_v1_conservative", "done": 695, "eta_minutes": 365.72727755497976, "failed": 0, "last_update": "2026-10-04T03:05:52.754469+00:00", "part": "confirmatory_n39", "total": 1326}
{"comparator": "individual_gradient", "dataset": "ieee_cis", "defense": "dp_distortion_dna_v2_0p95", "done": 696, "eta_minutes": 366.723298706885, "failed": 0, "last_update": "2026-10-04T03:08:11.971578+00:00", "part": "confirmatory_n39", "total": 1326}
{"comparator": "individual_gradient", "dataset": "ieee_cis", "defense": "unprotected", "done": 697, "eta_minutes": 365.93622881426074, "failed": 0, "last_update": "2026-10-04T03:08:33.269909+00:00", "part": "confirmatory_n39", "total": 1326}
{"comparator": "individual_gradient", "dataset": "ieee_cis", "defense": "dna_v2_0p95", "done": 698, "eta_minutes": 367.62060309950243, "failed": 0, "last_update": "2026-10-04T03:11:39.301094+00:00", "part": "confirmatory_n39", "total": 1326}
{"comparator": "individual_gradient", "dataset": "ieee_cis", "defense": "dp_local_eps10", "done": 699, "eta_minutes": 366.7079824579803, "failed": 0, "last_update": "2026-10-04T03:11:52.535177+00:00", "part": "confirmatory_n39", "total": 1326}
{"comparator": "individual_gradient", "dataset": "ieee_cis", "defense": "dp_distortion_dna_v1_conservative", "done": 700, "eta_minutes": 365.93695689479506, "failed": 0, "last_update": "2026-10-04T03:12:15.136592+00:00", "part": "confirmatory_n39", "total": 1326}
{"comparator": "individual_gradient", "dataset": "ieee_cis", "defense": "dna_v1_conservative", "done": 701, "eta_minutes": 365.71581737163575, "failed": 0, "last_update": "2026-10-04T03:13:14.667423+00:00", "part": "confirmatory_n39", "total": 1326}
{"comparator": "individual_gradient", "dataset": "ieee_cis", "defense": "dp_distortion_dna_v2_0p95", "done": 702, "eta_minutes": 366.4600095395689, "failed": 0, "last_update": "2026-10-04T03:15:19.506421+00:00", "part": "confirmatory_n39", "total": 1326}
{"comparator": "individual_gradient", "dataset": "ieee_cis", "defense": "unprotected", "done": 703, "eta_minutes": 365.56614630046533, "failed": 0, "last_update": "2026-10-04T03:15:33.985555+00:00", "part": "confirmatory_n39", "total": 1326}
{"comparator": "individual_gradient", "dataset": "ieee_cis", "defense": "dp_local_eps10", "done": 704, "eta_minutes": 367.4795948311574, "failed": 0, "last_update": "2026-10-04T03:18:58.983247+00:00", "part": "confirmatory_n39", "total": 1326}
{"comparator": "individual_gradient", "dataset": "ieee_cis", "defense": "dna_v2_0p95", "done": 705, "eta_minutes": 366.466147502889, "failed": 0, "last_update": "2026-10-04T03:19:05.642637+00:00", "part": "confirmatory_n39", "total": 1326}
{"comparator": "individual_gradient", "dataset": "ieee_cis", "defense": "dp_distortion_dna_v1_conservative", "done": 706, "eta_minutes": 365.43514452935165, "failed": 0, "last_update": "2026-10-04T03:19:10.927909+00:00", "part": "confirmatory_n39", "total": 1326}
{"comparator": "individual_gradient", "dataset": "ieee_cis", "defense": "dna_v1_conservative", "done": 707, "eta_minutes": 364.7573958798603, "failed": 0, "last_update": "2026-10-04T03:19:40.238866+00:00", "part": "confirmatory_n39", "total": 1326}
{"comparator": "individual_gradient", "dataset": "ieee_cis", "defense": "dp_distortion_dna_v2_0p95", "done": 708, "eta_minutes": 366.29134165819755, "failed": 0, "last_update": "2026-10-04T03:22:41.540235+00:00", "part": "confirmatory_n39", "total": 1326}
{"comparator": "individual_gradient", "dataset": "ieee_cis", "defense": "unprotected", "done": 709, "eta_minutes": 365.23060212541645, "failed": 0, "last_update": "2026-10-04T03:22:44.833111+00:00", "part": "confirmatory_n39", "total": 1326}
{"comparator": "individual_gradient", "dataset": "ieee_cis", "defense": "dna_v2_0p95", "done": 710, "eta_minutes": 366.5013930662361, "failed": 0, "last_update": "2026-10-04T03:25:29.168999+00:00", "part": "confirmatory_n39", "total": 1326}
{"comparator": "individual_gradient", "dataset": "ieee_cis", "defense": "dp_distortion_dna_v1_conservative", "done": 711, "eta_minutes": 366.1697904672133, "failed": 0, "last_update": "2026-10-04T03:26:23.135860+00:00", "part": "confirmatory_n39", "total": 1326}
{"comparator": "individual_gradient", "dataset": "ieee_cis", "defense": "dp_local_eps10", "done": 712, "eta_minutes": 365.09893801211194, "failed": 0, "last_update": "2026-10-04T03:26:25.779283+00:00", "part": "confirmatory_n39", "total": 1326}
{"comparator": "individual_gradient", "dataset": "ieee_cis", "defense": "dna_v1_conservative", "done": 713, "eta_minutes": 363.9938095170352, "failed": 0, "last_update": "2026-10-04T03:26:25.829631+00:00", "part": "confirmatory_n39", "total": 1326}
{"comparator": "individual_gradient", "dataset": "ieee_cis", "defense": "dp_distortion_dna_v2_0p95", "done": 714, "eta_minutes": 365.2978751557214, "failed": 0, "last_update": "2026-10-04T03:29:14.307039+00:00", "part": "confirmatory_n39", "total": 1326}
{"comparator": "individual_gradient", "dataset": "ieee_cis", "defense": "unprotected", "done": 715, "eta_minutes": 364.92756652550264, "failed": 0, "last_update": "2026-10-04T03:30:06.029599+00:00", "part": "confirmatory_n39", "total": 1326}
{"comparator": "individual_gradient", "dataset": "ieee_cis", "defense": "dna_v2_0p95", "done": 716, "eta_minutes": 365.66932950561494, "failed": 0, "last_update": "2026-10-04T03:32:16.167901+00:00", "part": "confirmatory_n39", "total": 1326}
{"comparator": "individual_gradient", "dataset": "ieee_cis", "defense": "dp_local_eps10", "done": 717, "eta_minutes": 365.1304181368115, "failed": 0, "last_update": "2026-10-04T03:32:56.412410+00:00", "part": "confirmatory_n39", "total": 1326}
{"comparator": "individual_gradient", "dataset": "ieee_cis", "defense": "dna_v1_conservative", "done": 718, "eta_minutes": 364.7296827937899, "failed": 0, "last_update": "2026-10-04T03:33:46.473434+00:00", "part": "confirmatory_n39", "total": 1326}
{"comparator": "individual_gradient", "dataset": "ieee_cis", "defense": "dp_distortion_dna_v1_conservative", "done": 719, "eta_minutes": 363.6732422864155, "failed": 0, "last_update": "2026-10-04T03:33:50.018665+00:00", "part": "confirmatory_n39", "total": 1326}
{"comparator": "individual_gradient", "dataset": "ieee_cis", "defense": "dp_distortion_dna_v2_0p95", "done": 720, "eta_minutes": 364.38111696862507, "failed": 0, "last_update": "2026-10-04T03:35:59.139360+00:00", "part": "confirmatory_n39", "total": 1326}
{"comparator": "individual_gradient", "dataset": "ieee_cis", "defense": "unprotected", "done": 721, "eta_minutes": 363.8254585275758, "failed": 0, "last_update": "2026-10-04T03:36:38.479473+00:00", "part": "confirmatory_n39", "total": 1326}
{"comparator": "individual_gradient", "dataset": "ieee_cis", "defense": "dna_v2_0p95", "done": 722, "eta_minutes": 365.24286182813916, "failed": 0, "last_update": "2026-10-04T03:39:39.351100+00:00", "part": "confirmatory_n39", "total": 1326}
{"comparator": "individual_gradient", "dataset": "ieee_cis", "defense": "dp_local_eps10", "done": 723, "eta_minutes": 364.2027203324424, "failed": 0, "last_update": "2026-10-04T03:39:44.308197+00:00", "part": "confirmatory_n39", "total": 1326}
{"comparator": "individual_gradient", "dataset": "ieee_cis", "defense": "dp_distortion_dna_v1_conservative", "done": 724, "eta_minutes": 363.58443226535456, "failed": 0, "last_update": "2026-10-04T03:40:19.515142+00:00", "part": "confirmatory_n39", "total": 1326}
{"comparator": "individual_gradient", "dataset": "ieee_cis", "defense": "dna_v1_conservative", "done": 725, "eta_minutes": 363.01243024562416, "failed": 0, "last_update": "2026-10-04T03:40:58.065954+00:00", "part": "confirmatory_n39", "total": 1326}
{"comparator": "individual_gradient", "dataset": "ieee_cis", "defense": "dp_distortion_dna_v2_0p95", "done": 726, "eta_minutes": 363.91833804527255, "failed": 0, "last_update": "2026-10-04T03:43:23.927120+00:00", "part": "confirmatory_n39", "total": 1326}
{"comparator": "individual_gradient", "dataset": "ieee_cis", "defense": "unprotected", "done": 727, "eta_minutes": 362.8532713616949, "failed": 0, "last_update": "2026-10-04T03:43:26.927706+00:00", "part": "confirmatory_n39", "total": 1326}
{"comparator": "individual_gradient", "dataset": "ieee_cis", "defense": "dna_v2_0p95", "done": 728, "eta_minutes": 364.58514208027293, "failed": 0, "last_update": "2026-10-04T03:46:54.022677+00:00", "part": "confirmatory_n39", "total": 1326}
{"comparator": "individual_gradient", "dataset": "ieee_cis", "defense": "dp_local_eps10", "done": 729, "eta_minutes": 363.66081311428013, "failed": 0, "last_update": "2026-10-04T03:47:07.549508+00:00", "part": "confirmatory_n39", "total": 1326}
{"comparator": "individual_gradient", "dataset": "ieee_cis", "defense": "dp_distortion_dna_v1_conservative", "done": 730, "eta_minutes": 362.5784280582977, "failed": 0, "last_update": "2026-10-04T03:47:09.320122+00:00", "part": "confirmatory_n39", "total": 1326}
{"comparator": "individual_gradient", "dataset": "ieee_cis", "defense": "dna_v1_conservative", "done": 731, "eta_minutes": 361.9088217320368, "failed": 0, "last_update": "2026-10-04T03:47:41.306065+00:00", "part": "confirmatory_n39", "total": 1326}
{"comparator": "individual_gradient", "dataset": "ieee_cis", "defense": "dp_distortion_dna_v2_0p95", "done": 732, "eta_minutes": 363.15037960468743, "failed": 0, "last_update": "2026-10-04T03:50:34.574753+00:00", "part": "confirmatory_n39", "total": 1326}
{"comparator": "individual_gradient", "dataset": "ieee_cis", "defense": "unprotected", "done": 733, "eta_minutes": 362.30680450587556, "failed": 0, "last_update": "2026-10-04T03:50:54.034636+00:00", "part": "confirmatory_n39", "total": 1326}
{"comparator": "individual_gradient", "dataset": "ieee_cis", "defense": "dna_v2_0p95", "done": 734, "eta_minutes": 363.37870363847003, "failed": 0, "last_update": "2026-10-04T03:53:35.885015+00:00", "part": "confirmatory_n39", "total": 1326}
{"comparator": "individual_gradient", "dataset": "ieee_cis", "defense": "dp_local_eps10", "done": 735, "eta_minutes": 362.831543724472, "failed": 0, "last_update": "2026-10-04T03:54:17.687720+00:00", "part": "confirmatory_n39", "total": 1326}
{"comparator": "individual_gradient", "dataset": "ieee_cis", "defense": "dna_v1_conservative", "done": 736, "eta_minutes": 361.9303905134076, "failed": 0, "last_update": "2026-10-04T03:54:33.025345+00:00", "part": "confirmatory_n39", "total": 1326}
{"comparator": "individual_gradient", "dataset": "ieee_cis", "defense": "dp_distortion_dna_v1_conservative", "done": 737, "eta_minutes": 360.8842689178261, "failed": 0, "last_update": "2026-10-04T03:54:37.347748+00:00", "part": "confirmatory_n39", "total": 1326}
{"comparator": "individual_gradient", "dataset": "ieee_cis", "defense": "dp_distortion_dna_v2_0p95", "done": 738, "eta_minutes": 361.90697720813233, "failed": 0, "last_update": "2026-10-04T03:57:17.266919+00:00", "part": "confirmatory_n39", "total": 1326}
{"comparator": "individual_gradient", "dataset": "ieee_cis", "defense": "unprotected", "done": 739, "eta_minutes": 361.2990941474499, "failed": 0, "last_update": "2026-10-04T03:57:54.770657+00:00", "part": "confirmatory_n39", "total": 1326}
{"comparator": "individual_gradient", "dataset": "ieee_cis", "defense": "dna_v2_0p95", "done": 740, "eta_minutes": 362.15455362997614, "failed": 0, "last_update": "2026-10-04T04:00:23.152330+00:00", "part": "confirmatory_n39", "total": 1326}
{"comparator": "individual_gradient", "dataset": "ieee_cis", "defense": "dp_local_eps10", "done": 741, "eta_minutes": 361.52368957745404, "failed": 0, "last_update": "2026-10-04T04:00:59.256185+00:00", "part": "confirmatory_n39", "total": 1326}
{"comparator": "individual_gradient", "dataset": "ieee_cis", "defense": "dp_distortion_dna_v1_conservative", "done": 742, "eta_minutes": 360.9248792983344, "failed": 0, "last_update": "2026-10-04T04:01:37.797603+00:00", "part": "confirmatory_n39", "total": 1326}
{"comparator": "individual_gradient", "dataset": "ieee_cis", "defense": "dna_v1_conservative", "done": 743, "eta_minutes": 359.98779835591887, "failed": 0, "last_update": "2026-10-04T04:01:50.481592+00:00", "part": "confirmatory_n39", "total": 1326}
{"comparator": "individual_gradient", "dataset": "ieee_cis", "defense": "dp_distortion_dna_v2_0p95", "done": 744, "eta_minutes": 360.62198797634215, "failed": 0, "last_update": "2026-10-04T04:04:03.534026+00:00", "part": "confirmatory_n39", "total": 1326}
{"comparator": "individual_gradient", "dataset": "ieee_cis", "defense": "unprotected", "done": 745, "eta_minutes": 360.03499970764653, "failed": 0, "last_update": "2026-10-04T04:04:43.222536+00:00", "part": "confirmatory_n39", "total": 1326}
{"comparator": "individual_gradient", "dataset": "ieee_cis", "defense": "dna_v2_0p95", "done": 746, "eta_minutes": 361.12032063045706, "failed": 0, "last_update": "2026-10-04T04:07:31.982590+00:00", "part": "confirmatory_n39", "total": 1326}
{"comparator": "individual_gradient", "dataset": "ieee_cis", "defense": "dp_local_eps10", "done": 747, "eta_minutes": 360.13745012897726, "failed": 0, "last_update": "2026-10-04T04:07:41.453212+00:00", "part": "confirmatory_n39", "total": 1326}
{"comparator": "individual_gradient", "dataset": "ieee_cis", "defense": "dp_distortion_dna_v1_conservative", "done": 748, "eta_minutes": 359.61381032141776, "failed": 0, "last_update": "2026-10-04T04:08:26.410462+00:00", "part": "confirmatory_n39", "total": 1326}
{"comparator": "individual_gradient", "dataset": "ieee_cis", "defense": "dna_v1_conservative", "done": 749, "eta_minutes": 358.89417846517455, "failed": 0, "last_update": "2026-10-04T04:08:56.149678+00:00", "part": "confirmatory_n39", "total": 1326}
{"comparator": "individual_gradient", "dataset": "ieee_cis", "defense": "dp_distortion_dna_v2_0p95", "done": 750, "eta_minutes": 359.5574110046387, "failed": 0, "last_update": "2026-10-04T04:11:13.878511+00:00", "part": "confirmatory_n39", "total": 1326}
{"comparator": "individual_gradient", "dataset": "ieee_cis", "defense": "unprotected", "done": 751, "eta_minutes": 358.49050736974937, "failed": 0, "last_update": "2026-10-04T04:11:16.642318+00:00", "part": "confirmatory_n39", "total": 1326}
{"comparator": "individual_gradient", "dataset": "ieee_cis", "defense": "dna_v2_0p95", "done": 752, "eta_minutes": 360.0443787896569, "failed": 0, "last_update": "2026-10-04T04:14:45.202068+00:00", "part": "confirmatory_n39", "total": 1326}
{"comparator": "individual_gradient", "dataset": "ieee_cis", "defense": "dp_local_eps10", "done": 753, "eta_minutes": 359.09283873761, "failed": 0, "last_update": "2026-10-04T04:14:57.268089+00:00", "part": "confirmatory_n39", "total": 1326}
{"comparator": "individual_gradient", "dataset": "ieee_cis", "defense": "dp_distortion_dna_v1_conservative", "done": 754, "eta_minutes": 358.01423023870626, "failed": 0, "last_update": "2026-10-04T04:14:59.126713+00:00", "part": "confirmatory_n39", "total": 1326}
{"comparator": "individual_gradient", "dataset": "ieee_cis", "defense": "dna_v1_conservative", "done": 755, "eta_minutes": 357.40383034985587, "failed": 0, "last_update": "2026-10-04T04:15:37.910269+00:00", "part": "confirmatory_n39", "total": 1326}
{"comparator": "individual_gradient", "dataset": "ieee_cis", "defense": "dp_distortion_dna_v2_0p95", "done": 756, "eta_minutes": 358.43675889350754, "failed": 0, "last_update": "2026-10-04T04:18:27.475747+00:00", "part": "confirmatory_n39", "total": 1326}
{"comparator": "individual_gradient", "dataset": "ieee_cis", "defense": "unprotected", "done": 757, "eta_minutes": 357.45240298980974, "failed": 0, "last_update": "2026-10-04T04:18:36.826856+00:00", "part": "confirmatory_n39", "total": 1326}
{"comparator": "individual_gradient", "dataset": "ieee_cis", "defense": "dna_v2_0p95", "done": 758, "eta_minutes": 358.49950472107037, "failed": 0, "last_update": "2026-10-04T04:21:28.662597+00:00", "part": "confirmatory_n39", "total": 1326}
{"comparator": "individual_gradient", "dataset": "ieee_cis", "defense": "dp_local_eps10", "done": 759, "eta_minutes": 357.9585270905683, "failed": 0, "last_update": "2026-10-04T04:22:13.775567+00:00", "part": "confirmatory_n39", "total": 1326}
{"comparator": "individual_gradient", "dataset": "ieee_cis", "defense": "dp_distortion_dna_v1_conservative", "done": 760, "eta_minutes": 356.920541319387, "failed": 0, "last_update": "2026-10-04T04:22:18.891602+00:00", "part": "confirmatory_n39", "total": 1326}
{"comparator": "individual_gradient", "dataset": "ieee_cis", "defense": "dna_v1_conservative", "done": 761, "eta_minutes": 357.4298384332416, "failed": 0, "last_update": "2026-10-04T04:24:28.847676+00:00", "part": "confirmatory_n39", "total": 1326}
{"comparator": "individual_gradient", "dataset": "ieee_cis", "defense": "dp_distortion_dna_v2_0p95", "done": 762, "eta_minutes": 356.8402625286047, "failed": 0, "last_update": "2026-10-04T04:25:10.294059+00:00", "part": "confirmatory_n39", "total": 1326}
{"comparator": "individual_gradient", "dataset": "ieee_cis", "defense": "unprotected", "done": 763, "eta_minutes": 356.23046378931036, "failed": 0, "last_update": "2026-10-04T04:25:50.117646+00:00", "part": "confirmatory_n39", "total": 1326}
{"comparator": "individual_gradient", "dataset": "ieee_cis", "defense": "dp_local_eps10", "done": 764, "eta_minutes": 357.33534881171965, "failed": 0, "last_update": "2026-10-04T04:28:49.812341+00:00", "part": "confirmatory_n39", "total": 1326}
{"comparator": "individual_gradient", "dataset": "ieee_cis", "defense": "dp_distortion_dna_v1_conservative", "done": 765, "eta_minutes": 356.7323873917261, "failed": 0, "last_update": "2026-10-04T04:29:30.651104+00:00", "part": "confirmatory_n39", "total": 1326}
{"comparator": "individual_gradient", "dataset": "ieee_cis", "defense": "dna_v1_conservative", "done": 766, "eta_minutes": 355.65796571321545, "failed": 0, "last_update": "2026-10-04T04:29:32.813106+00:00", "part": "confirmatory_n39", "total": 1326}
{"comparator": "individual_gradient", "dataset": "ieee_cis", "defense": "dna_v2_0p95", "done": 767, "eta_minutes": 355.156807109663, "failed": 0, "last_update": "2026-10-04T04:30:21.946409+00:00", "part": "confirmatory_n39", "total": 1326}
{"comparator": "individual_gradient", "dataset": "ieee_cis", "defense": "dp_distortion_dna_v2_0p95", "done": 768, "eta_minutes": 355.596247795783, "failed": 0, "last_update": "2026-10-04T04:32:28.823338+00:00", "part": "confirmatory_n39", "total": 1326}
{"comparator": "individual_gradient", "dataset": "ieee_cis", "defense": "unprotected", "done": 769, "eta_minutes": 354.97861366658486, "failed": 0, "last_update": "2026-10-04T04:33:08.686001+00:00", "part": "confirmatory_n39", "total": 1326}
{"comparator": "individual_gradient", "dataset": "ieee_cis", "defense": "dp_local_eps10", "done": 770, "eta_minutes": 356.0131839628137, "failed": 0, "last_update": "2026-10-04T04:36:05.846243+00:00", "part": "confirmatory_n39", "total": 1326}
{"comparator": "individual_gradient", "dataset": "ieee_cis", "defense": "dna_v2_0p95", "done": 771, "eta_minutes": 355.0423539510496, "failed": 0, "last_update": "2026-10-04T04:36:16.715766+00:00", "part": "confirmatory_n39", "total": 1326}
{"comparator": "individual_gradient", "dataset": "ieee_cis", "defense": "dna_v1_conservative", "done": 772, "eta_minutes": 354.24783532528886, "failed": 0, "last_update": "2026-10-04T04:36:42.155655+00:00", "part": "confirmatory_n39", "total": 1326}
{"comparator": "individual_gradient", "dataset": "ieee_cis", "defense": "dp_distortion_dna_v1_conservative", "done": 773, "eta_minutes": 353.2230665464091, "failed": 0, "last_update": "2026-10-04T04:36:48.204086+00:00", "part": "confirmatory_n39", "total": 1326}
{"comparator": "individual_gradient", "dataset": "ieee_cis", "defense": "dp_distortion_dna_v2_0p95", "done": 774, "eta_minutes": 354.2506896562354, "failed": 0, "last_update": "2026-10-04T04:39:46.720322+00:00", "part": "confirmatory_n39", "total": 1326}
{"comparator": "individual_gradient", "dataset": "ieee_cis", "defense": "unprotected", "done": 775, "eta_minutes": 353.24727317673677, "failed": 0, "last_update": "2026-10-04T04:39:54.704785+00:00", "part": "confirmatory_n39", "total": 1326}
{"comparator": "individual_gradient", "dataset": "ieee_cis", "defense": "dna_v2_0p95", "done": 776, "eta_minutes": 354.12255684585915, "failed": 0, "last_update": "2026-10-04T04:42:41.539862+00:00", "part": "confirmatory_n39", "total": 1326}
{"comparator": "individual_gradient", "dataset": "ieee_cis", "defense": "dp_local_eps10", "done": 777, "eta_minutes": 353.5361560756175, "failed": 0, "last_update": "2026-10-04T04:43:25.050653+00:00", "part": "confirmatory_n39", "total": 1326}
{"comparator": "individual_gradient", "dataset": "ieee_cis", "defense": "dp_distortion_dna_v1_conservative", "done": 778, "eta_minutes": 352.5739314965744, "failed": 0, "last_update": "2026-10-04T04:43:36.578262+00:00", "part": "confirmatory_n39", "total": 1326}
{"comparator": "individual_gradient", "dataset": "ieee_cis", "defense": "dna_v1_conservative", "done": 779, "eta_minutes": 351.73033231705443, "failed": 0, "last_update": "2026-10-04T04:43:58.073205+00:00", "part": "confirmatory_n39", "total": 1326}
{"comparator": "individual_gradient", "dataset": "ieee_cis", "defense": "dp_distortion_dna_v2_0p95", "done": 780, "eta_minutes": 352.31775519251823, "failed": 0, "last_update": "2026-10-04T04:46:22.120508+00:00", "part": "confirmatory_n39", "total": 1326}
{"comparator": "individual_gradient", "dataset": "ieee_cis", "defense": "unprotected", "done": 781, "eta_minutes": 351.7635404642352, "failed": 0, "last_update": "2026-10-04T04:47:08.665863+00:00", "part": "confirmatory_n39", "total": 1326}
{"comparator": "individual_gradient", "dataset": "ieee_cis", "defense": "dna_v2_0p95", "done": 782, "eta_minutes": 352.5443007869997, "failed": 0, "last_update": "2026-10-04T04:49:50.401720+00:00", "part": "confirmatory_n39", "total": 1326}
{"comparator": "individual_gradient", "dataset": "ieee_cis", "defense": "dp_local_eps10", "done": 783, "eta_minutes": 351.6139399572199, "failed": 0, "last_update": "2026-10-04T04:50:04.860749+00:00", "part": "confirmatory_n39", "total": 1326}
{"comparator": "individual_gradient", "dataset": "ieee_cis", "defense": "dna_v1_conservative", "done": 784, "eta_minutes": 350.99765067818214, "failed": 0, "last_update": "2026-10-04T04:50:46.425313+00:00", "part": "confirmatory_n39", "total": 1326}
{"comparator": "individual_gradient", "dataset": "ieee_cis", "defense": "dp_distortion_dna_v1_conservative", "done": 785, "eta_minutes": 349.92368048650195, "failed": 0, "last_update": "2026-10-04T04:50:48.160660+00:00", "part": "confirmatory_n39", "total": 1326}
{"comparator": "individual_gradient", "dataset": "ieee_cis", "defense": "dp_distortion_dna_v2_0p95", "done": 786, "eta_minutes": 350.73032326643704, "failed": 0, "last_update": "2026-10-04T04:53:33.904009+00:00", "part": "confirmatory_n39", "total": 1326}
{"comparator": "individual_gradient", "dataset": "ieee_cis", "defense": "unprotected", "done": 787, "eta_minutes": 349.75251368073174, "failed": 0, "last_update": "2026-10-04T04:53:44.111968+00:00", "part": "confirmatory_n39", "total": 1326}
{"comparator": "individual_gradient", "dataset": "ieee_cis", "defense": "dna_v2_0p95", "done": 788, "eta_minutes": 350.6512769180203, "failed": 0, "last_update": "2026-10-04T04:56:39.054984+00:00", "part": "confirmatory_n39", "total": 1326}
{"comparator": "individual_gradient", "dataset": "ieee_cis", "defense": "dp_local_eps10", "done": 789, "eta_minutes": 349.91494185803657, "failed": 0, "last_update": "2026-10-04T04:57:10.705945+00:00", "part": "confirmatory_n39", "total": 1326}
{"comparator": "individual_gradient", "dataset": "ieee_cis", "defense": "dp_distortion_dna_v1_conservative", "done": 790, "eta_minutes": 348.9708036891117, "failed": 0, "last_update": "2026-10-04T04:57:23.933567+00:00", "part": "confirmatory_n39", "total": 1326}
{"comparator": "individual_gradient", "dataset": "ieee_cis", "defense": "dna_v1_conservative", "done": 791, "eta_minutes": 348.36982319840286, "failed": 0, "last_update": "2026-10-04T04:58:07.440467+00:00", "part": "confirmatory_n39", "total": 1326}
{"comparator": "individual_gradient", "dataset": "ieee_cis", "defense": "dp_distortion_dna_v2_0p95", "done": 792, "eta_minutes": 348.77021447411084, "failed": 0, "last_update": "2026-10-04T05:00:20.086099+00:00", "part": "confirmatory_n39", "total": 1326}
{"comparator": "individual_gradient", "dataset": "ieee_cis", "defense": "unprotected", "done": 793, "eta_minutes": 348.0064268417697, "failed": 0, "last_update": "2026-10-04T05:00:49.395345+00:00", "part": "confirmatory_n39", "total": 1326}
{"comparator": "individual_gradient", "dataset": "ieee_cis", "defense": "dna_v2_0p95", "done": 794, "eta_minutes": 349.0438033644038, "failed": 0, "last_update": "2026-10-04T05:03:59.934712+00:00", "part": "confirmatory_n39", "total": 1326}
{"comparator": "individual_gradient", "dataset": "ieee_cis", "defense": "dp_local_eps10", "done": 795, "eta_minutes": 347.99124783727353, "failed": 0, "last_update": "2026-10-04T05:04:03.686513+00:00", "part": "confirmatory_n39", "total": 1326}
{"comparator": "individual_gradient", "dataset": "ieee_cis", "defense": "dp_distortion_dna_v1_conservative", "done": 796, "eta_minutes": 347.20442942314014, "failed": 0, "last_update": "2026-10-04T05:04:31.160589+00:00", "part": "confirmatory_n39", "total": 1326}
{"comparator": "individual_gradient", "dataset": "ieee_cis", "defense": "dna_v1_conservative", "done": 797, "eta_minutes": 346.17374840879586, "failed": 0, "last_update": "2026-10-04T05:04:36.515606+00:00", "part": "confirmatory_n39", "total": 1326}
{"comparator": "individual_gradient", "dataset": "ieee_cis", "defense": "dp_distortion_dna_v2_0p95", "done": 798, "eta_minutes": 347.1487007518759, "failed": 0, "last_update": "2026-10-04T05:07:43.531143+00:00", "part": "confirmatory_n39", "total": 1326}
{"comparator": "individual_gradient", "dataset": "ieee_cis", "defense": "unprotected", "done": 799, "eta_minutes": 346.1292592285373, "failed": 0, "last_update": "2026-10-04T05:07:50.052907+00:00", "part": "confirmatory_n39", "total": 1326}
{"comparator": "individual_gradient", "dataset": "ieee_cis", "defense": "dna_v2_0p95", "done": 800, "eta_minutes": 346.7329828652839, "failed": 0, "last_update": "2026-10-04T05:10:24.488435+00:00", "part": "confirmatory_n39", "total": 1326}
{"comparator": "individual_gradient", "dataset": "ieee_cis", "defense": "dp_local_eps10", "done": 801, "eta_minutes": 346.3349510753497, "failed": 0, "last_update": "2026-10-04T05:11:27.946727+00:00", "part": "confirmatory_n39", "total": 1326}
{"comparator": "individual_gradient", "dataset": "ieee_cis", "defense": "dp_distortion_dna_v1_conservative", "done": 802, "eta_minutes": 345.31787032666847, "failed": 0, "last_update": "2026-10-04T05:11:34.707533+00:00", "part": "confirmatory_n39", "total": 1326}
{"comparator": "individual_gradient", "dataset": "ieee_cis", "defense": "dna_v1_conservative", "done": 803, "eta_minutes": 344.46978556940104, "failed": 0, "last_update": "2026-10-04T05:11:56.829139+00:00", "part": "confirmatory_n39", "total": 1326}
{"comparator": "individual_gradient", "dataset": "ieee_cis", "defense": "dp_distortion_dna_v2_0p95", "done": 804, "eta_minutes": 344.763577133684, "failed": 0, "last_update": "2026-10-04T05:14:04.365663+00:00", "part": "confirmatory_n39", "total": 1326}
{"comparator": "individual_gradient", "dataset": "ieee_cis", "defense": "unprotected", "done": 805, "eta_minutes": 344.4001353888383, "failed": 0, "last_update": "2026-10-04T05:15:11.529751+00:00", "part": "confirmatory_n39", "total": 1326}
{"comparator": "individual_gradient", "dataset": "ieee_cis", "defense": "dp_local_eps10", "done": 806, "eta_minutes": 345.0288411263497, "failed": 0, "last_update": "2026-10-04T05:17:51.138005+00:00", "part": "confirmatory_n39", "total": 1326}
{"comparator": "individual_gradient", "dataset": "ieee_cis", "defense": "dna_v2_0p95", "done": 807, "eta_minutes": 343.9403331065267, "failed": 0, "last_update": "2026-10-04T05:17:51.299559+00:00", "part": "confirmatory_n39", "total": 1326}
{"comparator": "individual_gradient", "dataset": "ieee_cis", "defense": "dp_distortion_dna_v1_conservative", "done": 808, "eta_minutes": 343.5455357544788, "failed": 0, "last_update": "2026-10-04T05:18:56.134490+00:00", "part": "confirmatory_n39", "total": 1326}
{"comparator": "individual_gradient", "dataset": "ieee_cis", "defense": "dna_v1_conservative", "done": 809, "eta_minutes": 342.46907553575045, "failed": 0, "last_update": "2026-10-04T05:18:57.128750+00:00", "part": "confirmatory_n39", "total": 1326}
{"comparator": "individual_gradient", "dataset": "ieee_cis", "defense": "dp_distortion_dna_v2_0p95", "done": 810, "eta_minutes": 343.16149257907165, "failed": 0, "last_update": "2026-10-04T05:21:44.480054+00:00", "part": "confirmatory_n39", "total": 1326}
{"comparator": "individual_gradient", "dataset": "ieee_cis", "defense": "unprotected", "done": 811, "eta_minutes": 342.0793980290701, "failed": 0, "last_update": "2026-10-04T05:21:44.977149+00:00", "part": "confirmatory_n39", "total": 1326}
{"comparator": "individual_gradient", "dataset": "ieee_cis", "defense": "dna_v2_0p95", "done": 812, "eta_minutes": 343.1585172330413, "failed": 0, "last_update": "2026-10-04T05:25:10.076319+00:00", "part": "confirmatory_n39", "total": 1326}
{"comparator": "individual_gradient", "dataset": "ieee_cis", "defense": "dp_local_eps10", "done": 813, "eta_minutes": 342.37571218502035, "failed": 0, "last_update": "2026-10-04T05:25:39.181392+00:00", "part": "confirmatory_n39", "total": 1326}
{"comparator": "individual_gradient", "dataset": "ieee_cis", "defense": "dp_distortion_dna_v1_conservative", "done": 814, "eta_minutes": 341.2989677110527, "failed": 0, "last_update": "2026-10-04T05:25:40.177620+00:00", "part": "confirmatory_n39", "total": 1326}
{"comparator": "individual_gradient", "dataset": "ieee_cis", "defense": "dna_v1_conservative", "done": 815, "eta_minutes": 340.8485495409643, "failed": 0, "last_update": "2026-10-04T05:26:40.860991+00:00", "part": "confirmatory_n39", "total": 1326}
{"comparator": "individual_gradient", "dataset": "ieee_cis", "defense": "dp_distortion_dna_v2_0p95", "done": 816, "eta_minutes": 341.2549625088771, "failed": 0, "last_update": "2026-10-04T05:29:03.932162+00:00", "part": "confirmatory_n39", "total": 1326}
{"comparator": "individual_gradient", "dataset": "ieee_cis", "defense": "unprotected", "done": 817, "eta_minutes": 341.15904643083775, "failed": 0, "last_update": "2026-10-04T05:30:39.283785+00:00", "part": "confirmatory_n39", "total": 1326}
{"comparator": "individual_gradient", "dataset": "ieee_cis", "defense": "dna_v2_0p95", "done": 818, "eta_minutes": 341.3976451989977, "failed": 0, "last_update": "2026-10-04T05:32:47.306990+00:00", "part": "confirmatory_n39", "total": 1326}
{"comparator": "individual_gradient", "dataset": "ieee_cis", "defense": "dp_local_eps10", "done": 819, "eta_minutes": 340.42783431287796, "failed": 0, "last_update": "2026-10-04T05:32:58.768937+00:00", "part": "confirmatory_n39", "total": 1326}
{"comparator": "individual_gradient", "dataset": "ieee_cis", "defense": "dna_v1_conservative", "done": 820, "eta_minutes": 339.61081347581813, "failed": 0, "last_update": "2026-10-04T05:33:24.902463+00:00", "part": "confirmatory_n39", "total": 1326}
{"comparator": "individual_gradient", "dataset": "ieee_cis", "defense": "dp_distortion_dna_v1_conservative", "done": 821, "eta_minutes": 339.23980607436624, "failed": 0, "last_update": "2026-10-04T05:34:34.451512+00:00", "part": "confirmatory_n39", "total": 1326}
{"comparator": "individual_gradient", "dataset": "ieee_cis", "defense": "dp_distortion_dna_v2_0p95", "done": 822, "eta_minutes": 339.4420582179606, "failed": 0, "last_update": "2026-10-04T05:36:40.285760+00:00", "part": "confirmatory_n39", "total": 1326}
{"comparator": "individual_gradient", "dataset": "ieee_cis", "defense": "unprotected", "done": 823, "eta_minutes": 339.1515999340345, "failed": 0, "last_update": "2026-10-04T05:37:58.298728+00:00", "part": "confirmatory_n39", "total": 1326}
{"comparator": "individual_gradient", "dataset": "ieee_cis", "defense": "dp_local_eps10", "done": 824, "eta_minutes": 339.61911689015074, "failed": 0, "last_update": "2026-10-04T05:40:31.203049+00:00", "part": "confirmatory_n39", "total": 1326}
{"comparator": "individual_gradient", "dataset": "ieee_cis", "defense": "dna_v2_0p95", "done": 825, "eta_minutes": 338.6302211084366, "failed": 0, "last_update": "2026-10-04T05:40:40.932678+00:00", "part": "confirmatory_n39", "total": 1326}
{"comparator": "individual_gradient", "dataset": "ieee_cis", "defense": "dna_v1_conservative", "done": 826, "eta_minutes": 337.7747039336943, "failed": 0, "last_update": "2026-10-04T05:41:03.684411+00:00", "part": "confirmatory_n39", "total": 1326}
{"comparator": "individual_gradient", "dataset": "ieee_cis", "defense": "dp_distortion_dna_v1_conservative", "done": 827, "eta_minutes": 337.17257935288256, "failed": 0, "last_update": "2026-10-04T05:41:51.518664+00:00", "part": "confirmatory_n39", "total": 1326}
{"comparator": "individual_gradient", "dataset": "ieee_cis", "defense": "dp_distortion_dna_v2_0p95", "done": 828, "eta_minutes": 337.6385629662569, "failed": 0, "last_update": "2026-10-04T05:44:25.953386+00:00", "part": "confirmatory_n39", "total": 1326}
{"comparator": "individual_gradient", "dataset": "ieee_cis", "defense": "unprotected", "done": 829, "eta_minutes": 336.64779830642334, "failed": 0, "last_update": "2026-10-04T05:44:35.329997+00:00", "part": "confirmatory_n39", "total": 1326}
{"comparator": "individual_gradient", "dataset": "ieee_cis", "defense": "dp_local_eps10", "done": 830, "eta_minutes": 337.80556415741705, "failed": 0, "last_update": "2026-10-04T05:48:20.224110+00:00", "part": "confirmatory_n39", "total": 1326}
{"comparator": "individual_gradient", "dataset": "ieee_cis", "defense": "dp_distortion_dna_v1_conservative", "done": 831, "eta_minutes": 336.80709263994373, "failed": 0, "last_update": "2026-10-04T05:48:29.115654+00:00", "part": "confirmatory_n39", "total": 1326}
{"comparator": "individual_gradient", "dataset": "ieee_cis", "defense": "dna_v1_conservative", "done": 832, "eta_minutes": 335.9033633030951, "failed": 0, "last_update": "2026-10-04T05:48:47.374575+00:00", "part": "confirmatory_n39", "total": 1326}
{"comparator": "individual_gradient", "dataset": "ieee_cis", "defense": "dna_v2_0p95", "done": 833, "eta_minutes": 335.4292331549586, "failed": 0, "last_update": "2026-10-04T05:49:49.040101+00:00", "part": "confirmatory_n39", "total": 1326}
{"comparator": "individual_gradient", "dataset": "ieee_cis", "defense": "dp_distortion_dna_v2_0p95", "done": 834, "eta_minutes": 335.7731994876473, "failed": 0, "last_update": "2026-10-04T05:52:14.047042+00:00", "part": "confirmatory_n39", "total": 1326}
{"comparator": "individual_gradient", "dataset": "ieee_cis", "defense": "unprotected", "done": 835, "eta_minutes": 334.76555690448447, "failed": 0, "last_update": "2026-10-04T05:52:21.815040+00:00", "part": "confirmatory_n39", "total": 1326}
{"comparator": "individual_gradient", "dataset": "ieee_cis", "defense": "dna_v2_0p95", "done": 836, "eta_minutes": 335.81445875949265, "failed": 0, "last_update": "2026-10-04T05:55:59.890977+00:00", "part": "confirmatory_n39", "total": 1326}
{"comparator": "individual_gradient", "dataset": "ieee_cis", "defense": "dp_local_eps10", "done": 837, "eta_minutes": 334.79400393437317, "failed": 0, "last_update": "2026-10-04T05:56:06.594548+00:00", "part": "confirmatory_n39", "total": 1326}
{"comparator": "individual_gradient", "dataset": "ieee_cis", "defense": "dp_distortion_dna_v1_conservative", "done": 838, "eta_minutes": 333.79025324394325, "failed": 0, "last_update": "2026-10-04T05:56:14.795804+00:00", "part": "confirmatory_n39", "total": 1326}
{"comparator": "individual_gradient", "dataset": "ieee_cis", "defense": "dna_v1_conservative", "done": 839, "eta_minutes": 332.8317120030517, "failed": 0, "last_update": "2026-10-04T05:56:27.456564+00:00", "part": "confirmatory_n39", "total": 1326}
{"comparator": "individual_gradient", "dataset": "ieee_cis", "defense": "dp_distortion_dna_v2_0p95", "done": 840, "eta_minutes": 333.7309924880096, "failed": 0, "last_update": "2026-10-04T05:59:52.595731+00:00", "part": "confirmatory_n39", "total": 1326}
{"comparator": "individual_gradient", "dataset": "ieee_cis", "defense": "unprotected", "done": 841, "eta_minutes": 332.7206159623143, "failed": 0, "last_update": "2026-10-04T06:00:00.120275+00:00", "part": "confirmatory_n39", "total": 1326}
{"comparator": "individual_gradient", "dataset": "ieee_cis", "defense": "dna_v2_0p95", "done": 842, "eta_minutes": 333.1499954273469, "failed": 0, "last_update": "2026-10-04T06:02:37.707364+00:00", "part": "confirmatory_n39", "total": 1326}
{"comparator": "individual_gradient", "dataset": "ieee_cis", "defense": "dp_local_eps10", "done": 843, "eta_minutes": 332.6691712047706, "failed": 0, "last_update": "2026-10-04T06:03:40.736684+00:00", "part": "confirmatory_n39", "total": 1326}
{"comparator": "individual_gradient", "dataset": "ieee_cis", "defense": "dna_v1_conservative", "done": 844, "eta_minutes": 331.76424151616635, "failed": 0, "last_update": "2026-10-04T06:03:59.350349+00:00", "part": "confirmatory_n39", "total": 1326}
{"comparator": "individual_gradient", "dataset": "ieee_cis", "defense": "dp_distortion_dna_v1_conservative", "done": 845, "eta_minutes": 330.7091212055622, "failed": 0, "last_update": "2026-10-04T06:04:01.984767+00:00", "part": "confirmatory_n39", "total": 1326}
{"comparator": "individual_gradient", "dataset": "ieee_cis", "defense": "dp_distortion_dna_v2_0p95", "done": 846, "eta_minutes": 331.04356121847815, "failed": 0, "last_update": "2026-10-04T06:06:31.312371+00:00", "part": "confirmatory_n39", "total": 1326}
{"comparator": "individual_gradient", "dataset": "ieee_cis", "defense": "unprotected", "done": 847, "eta_minutes": 330.54987967188833, "failed": 0, "last_update": "2026-10-04T06:07:33.486849+00:00", "part": "confirmatory_n39", "total": 1326}
{"comparator": "individual_gradient", "dataset": "ieee_cis", "defense": "dna_v2_0p95", "done": 848, "eta_minutes": 330.93015551670163, "failed": 0, "last_update": "2026-10-04T06:10:08.824614+00:00", "part": "confirmatory_n39", "total": 1326}
{"comparator": "individual_gradient", "dataset": "ieee_cis", "defense": "dp_local_eps10", "done": 849, "eta_minutes": 329.99389040937695, "failed": 0, "last_update": "2026-10-04T06:10:24.312749+00:00", "part": "confirmatory_n39", "total": 1326}
{"comparator": "individual_gradient", "dataset": "ieee_cis", "defense": "dp_distortion_dna_v1_conservative", "done": 850, "eta_minutes": 329.50163424046826, "failed": 0, "last_update": "2026-10-04T06:11:27.202305+00:00", "part": "confirmatory_n39", "total": 1326}
{"comparator": "individual_gradient", "dataset": "ieee_cis", "defense": "dna_v1_conservative", "done": 851, "eta_minutes": 329.7991226204367, "failed": 0, "last_update": "2026-10-04T06:13:55.125671+00:00", "part": "confirmatory_n39", "total": 1326}
{"comparator": "individual_gradient", "dataset": "ieee_cis", "defense": "dp_distortion_dna_v2_0p95", "done": 852, "eta_minutes": 328.7845848247759, "failed": 0, "last_update": "2026-10-04T06:14:02.248971+00:00", "part": "confirmatory_n39", "total": 1326}
{"comparator": "individual_gradient", "dataset": "ieee_cis", "defense": "unprotected", "done": 853, "eta_minutes": 327.84214011524375, "failed": 0, "last_update": "2026-10-04T06:14:16.945695+00:00", "part": "confirmatory_n39", "total": 1326}
{"comparator": "individual_gradient", "dataset": "ieee_cis", "defense": "dp_local_eps10", "done": 854, "eta_minutes": 328.7504600540164, "failed": 0, "last_update": "2026-10-04T06:17:52.382821+00:00", "part": "confirmatory_n39", "total": 1326}
{"comparator": "individual_gradient", "dataset": "ieee_cis", "defense": "dp_distortion_dna_v1_conservative", "done": 855, "eta_minutes": 327.804514604772, "failed": 0, "last_update": "2026-10-04T06:18:07.004818+00:00", "part": "confirmatory_n39", "total": 1326}
{"comparator": "individual_gradient", "dataset": "paysim", "defense": "unprotected", "done": 856, "eta_minutes": 326.7673173423775, "failed": 0, "last_update": "2026-10-04T06:18:11.475810+00:00", "part": "confirmatory_n39", "total": 1326}
{"comparator": "individual_gradient", "dataset": "paysim", "defense": "dna_v1_conservative", "done": 857, "eta_minutes": 325.7252358844845, "failed": 0, "last_update": "2026-10-04T06:18:15.165008+00:00", "part": "confirmatory_n39", "total": 1326}
{"comparator": "individual_gradient", "dataset": "paysim", "defense": "dna_v2_0p95", "done": 858, "eta_minutes": 324.685862753608, "failed": 0, "last_update": "2026-10-04T06:18:18.900680+00:00", "part": "confirmatory_n39", "total": 1326}
{"comparator": "individual_gradient", "dataset": "paysim", "defense": "dp_local_eps10", "done": 859, "eta_minutes": 323.6494482027591, "failed": 0, "last_update": "2026-10-04T06:18:22.711790+00:00", "part": "confirmatory_n39", "total": 1326}
{"comparator": "individual_gradient", "dataset": "paysim", "defense": "unprotected", "done": 860, "eta_minutes": 322.6142984650671, "failed": 0, "last_update": "2026-10-04T06:18:26.412432+00:00", "part": "confirmatory_n39", "total": 1326}
{"comparator": "individual_gradient", "dataset": "paysim", "defense": "dna_v1_conservative", "done": 861, "eta_minutes": 321.58223183437514, "failed": 0, "last_update": "2026-10-04T06:18:30.204372+00:00", "part": "confirmatory_n39", "total": 1326}
{"comparator": "individual_gradient", "dataset": "paysim", "defense": "dna_v2_0p95", "done": 862, "eta_minutes": 320.5522094304675, "failed": 0, "last_update": "2026-10-04T06:18:33.973601+00:00", "part": "confirmatory_n39", "total": 1326}
{"comparator": "individual_gradient", "dataset": "paysim", "defense": "dp_local_eps10", "done": 863, "eta_minutes": 319.5253865748909, "failed": 0, "last_update": "2026-10-04T06:18:37.849978+00:00", "part": "confirmatory_n39", "total": 1326}
{"comparator": "individual_gradient", "dataset": "paysim", "defense": "unprotected", "done": 864, "eta_minutes": 318.49936996905336, "failed": 0, "last_update": "2026-10-04T06:18:41.566897+00:00", "part": "confirmatory_n39", "total": 1326}
{"comparator": "individual_gradient", "dataset": "paysim", "defense": "dna_v1_conservative", "done": 865, "eta_minutes": 317.4764859833883, "failed": 0, "last_update": "2026-10-04T06:18:45.385540+00:00", "part": "confirmatory_n39", "total": 1326}
{"comparator": "individual_gradient", "dataset": "paysim", "defense": "dna_v2_0p95", "done": 866, "eta_minutes": 316.454978301582, "failed": 0, "last_update": "2026-10-04T06:18:49.109409+00:00", "part": "confirmatory_n39", "total": 1326}
{"comparator": "individual_gradient", "dataset": "paysim", "defense": "dp_local_eps10", "done": 867, "eta_minutes": 315.4365355652921, "failed": 0, "last_update": "2026-10-04T06:18:52.929802+00:00", "part": "confirmatory_n39", "total": 1326}
{"comparator": "individual_gradient", "dataset": "paysim", "defense": "unprotected", "done": 868, "eta_minutes": 314.41906630092865, "failed": 0, "last_update": "2026-10-04T06:18:56.610738+00:00", "part": "confirmatory_n39", "total": 1326}
{"comparator": "individual_gradient", "dataset": "paysim", "defense": "dna_v1_conservative", "done": 869, "eta_minutes": 313.40457296279544, "failed": 0, "last_update": "2026-10-04T06:19:00.380136+00:00", "part": "confirmatory_n39", "total": 1326}
{"comparator": "individual_gradient", "dataset": "paysim", "defense": "dna_v2_0p95", "done": 870, "eta_minutes": 312.3930521991335, "failed": 0, "last_update": "2026-10-04T06:19:04.239378+00:00", "part": "confirmatory_n39", "total": 1326}
{"comparator": "individual_gradient", "dataset": "paysim", "defense": "dp_local_eps10", "done": 871, "eta_minutes": 311.3832466415505, "failed": 0, "last_update": "2026-10-04T06:19:08.045822+00:00", "part": "confirmatory_n39", "total": 1326}
{"comparator": "individual_gradient", "dataset": "paysim", "defense": "unprotected", "done": 872, "eta_minutes": 310.3749683235855, "failed": 0, "last_update": "2026-10-04T06:19:11.778118+00:00", "part": "confirmatory_n39", "total": 1326}
{"comparator": "individual_gradient", "dataset": "ieee_cis", "defense": "dna_v1_conservative", "done": 873, "eta_minutes": 309.36420937290444, "failed": 0, "last_update": "2026-10-04T06:19:14.972966+00:00", "part": "confirmatory_n39", "total": 1326}
{"comparator": "individual_gradient", "dataset": "paysim", "defense": "dna_v1_conservative", "done": 874, "eta_minutes": 308.332665040564, "failed": 0, "last_update": "2026-10-04T06:19:15.502131+00:00", "part": "confirmatory_n39", "total": 1326}
{"comparator": "individual_gradient", "dataset": "paysim", "defense": "dna_v2_0p95", "done": 875, "eta_minutes": 307.3270637106124, "failed": 0, "last_update": "2026-10-04T06:19:18.779157+00:00", "part": "confirmatory_n39", "total": 1326}
{"comparator": "individual_gradient", "dataset": "paysim", "defense": "dp_local_eps10", "done": 876, "eta_minutes": 306.2999199392044, "failed": 0, "last_update": "2026-10-04T06:19:19.286426+00:00", "part": "confirmatory_n39", "total": 1326}
{"comparator": "individual_gradient", "dataset": "paysim", "defense": "unprotected", "done": 877, "eta_minutes": 305.29876571957124, "failed": 0, "last_update": "2026-10-04T06:19:22.567252+00:00", "part": "confirmatory_n39", "total": 1326}
{"comparator": "individual_gradient", "dataset": "paysim", "defense": "dna_v1_conservative", "done": 878, "eta_minutes": 304.2763973221601, "failed": 0, "last_update": "2026-10-04T06:19:23.099999+00:00", "part": "confirmatory_n39", "total": 1326}
{"comparator": "individual_gradient", "dataset": "paysim", "defense": "dna_v2_0p95", "done": 879, "eta_minutes": 303.2806344728557, "failed": 0, "last_update": "2026-10-04T06:19:26.499748+00:00", "part": "confirmatory_n39", "total": 1326}
{"comparator": "individual_gradient", "dataset": "paysim", "defense": "dp_local_eps10", "done": 880, "eta_minutes": 302.26261580791436, "failed": 0, "last_update": "2026-10-04T06:19:27.012077+00:00", "part": "confirmatory_n39", "total": 1326}
{"comparator": "individual_gradient", "dataset": "paysim", "defense": "unprotected", "done": 881, "eta_minutes": 301.2716041416595, "failed": 0, "last_update": "2026-10-04T06:19:30.460258+00:00", "part": "confirmatory_n39", "total": 1326}
{"comparator": "individual_gradient", "dataset": "paysim", "defense": "dna_v1_conservative", "done": 882, "eta_minutes": 300.25731934587435, "failed": 0, "last_update": "2026-10-04T06:19:30.882211+00:00", "part": "confirmatory_n39", "total": 1326}
{"comparator": "individual_gradient", "dataset": "paysim", "defense": "dna_v2_0p95", "done": 883, "eta_minutes": 299.2707891418332, "failed": 0, "last_update": "2026-10-04T06:19:34.350599+00:00", "part": "confirmatory_n39", "total": 1326}
{"comparator": "individual_gradient", "dataset": "paysim", "defense": "dp_local_eps10", "done": 884, "eta_minutes": 298.2596959074338, "failed": 0, "last_update": "2026-10-04T06:19:34.619283+00:00", "part": "confirmatory_n39", "total": 1326}
{"comparator": "individual_gradient", "dataset": "paysim", "defense": "unprotected", "done": 885, "eta_minutes": 297.2788516748153, "failed": 0, "last_update": "2026-10-04T06:19:38.256285+00:00", "part": "confirmatory_n39", "total": 1326}
{"comparator": "individual_gradient", "dataset": "paysim", "defense": "dna_v1_conservative", "done": 886, "eta_minutes": 296.2711452883469, "failed": 0, "last_update": "2026-10-04T06:19:38.396877+00:00", "part": "confirmatory_n39", "total": 1326}
{"comparator": "individual_gradient", "dataset": "paysim", "defense": "dna_v2_0p95", "done": 887, "eta_minutes": 295.2968613480455, "failed": 0, "last_update": "2026-10-04T06:19:42.314412+00:00", "part": "confirmatory_n39", "total": 1326}
{"comparator": "individual_gradient", "dataset": "paysim", "defense": "dp_local_eps10", "done": 888, "eta_minutes": 294.2928871273189, "failed": 0, "last_update": "2026-10-04T06:19:42.371360+00:00", "part": "confirmatory_n39", "total": 1326}
{"comparator": "individual_gradient", "dataset": "paysim", "defense": "unprotected", "done": 889, "eta_minutes": 293.3217838326911, "failed": 0, "last_update": "2026-10-04T06:19:46.165037+00:00", "part": "confirmatory_n39", "total": 1326}
{"comparator": "individual_gradient", "dataset": "paysim", "defense": "dna_v1_conservative", "done": 890, "eta_minutes": 292.3218605541915, "failed": 0, "last_update": "2026-10-04T06:19:46.179052+00:00", "part": "confirmatory_n39", "total": 1326}
{"comparator": "individual_gradient", "dataset": "paysim", "defense": "dp_local_eps10", "done": 891, "eta_minutes": 291.3553034433077, "failed": 0, "last_update": "2026-10-04T06:19:50.017867+00:00", "part": "confirmatory_n39", "total": 1326}
{"comparator": "individual_gradient", "dataset": "paysim", "defense": "dna_v2_0p95", "done": 892, "eta_minutes": 290.3596505222923, "failed": 0, "last_update": "2026-10-04T06:19:50.019140+00:00", "part": "confirmatory_n39", "total": 1326}
{"comparator": "individual_gradient", "dataset": "paysim", "defense": "unprotected", "done": 893, "eta_minutes": 289.39742553917586, "failed": 0, "last_update": "2026-10-04T06:19:53.880858+00:00", "part": "confirmatory_n39", "total": 1326}
{"comparator": "individual_gradient", "dataset": "paysim", "defense": "dna_v1_conservative", "done": 894, "eta_minutes": 288.40618157098754, "failed": 0, "last_update": "2026-10-04T06:19:53.889993+00:00", "part": "confirmatory_n39", "total": 1326}
{"comparator": "individual_gradient", "dataset": "paysim", "defense": "dp_local_eps10", "done": 895, "eta_minutes": 287.44809744197784, "failed": 0, "last_update": "2026-10-04T06:19:57.754691+00:00", "part": "confirmatory_n39", "total": 1326}
{"comparator": "individual_gradient", "dataset": "paysim", "defense": "dna_v2_0p95", "done": 896, "eta_minutes": 286.46115210080256, "failed": 0, "last_update": "2026-10-04T06:19:57.761678+00:00", "part": "confirmatory_n39", "total": 1326}
{"comparator": "individual_gradient", "dataset": "paysim", "defense": "unprotected", "done": 897, "eta_minutes": 285.5066349722337, "failed": 0, "last_update": "2026-10-04T06:20:01.560892+00:00", "part": "confirmatory_n39", "total": 1326}
{"comparator": "individual_gradient", "dataset": "paysim", "defense": "dna_v1_conservative", "done": 898, "eta_minutes": 284.5240089733156, "failed": 0, "last_update": "2026-10-04T06:20:01.571672+00:00", "part": "confirmatory_n39", "total": 1326}
{"comparator": "individual_gradient", "dataset": "paysim", "defense": "dp_local_eps10", "done": 899, "eta_minutes": 283.5736940096076, "failed": 0, "last_update": "2026-10-04T06:20:05.387990+00:00", "part": "confirmatory_n39", "total": 1326}
{"comparator": "individual_gradient", "dataset": "paysim", "defense": "dna_v2_0p95", "done": 900, "eta_minutes": 282.5953384131856, "failed": 0, "last_update": "2026-10-04T06:20:05.400083+00:00", "part": "confirmatory_n39", "total": 1326}
{"comparator": "individual_gradient", "dataset": "paysim", "defense": "unprotected", "done": 901, "eta_minutes": 281.64930464524144, "failed": 0, "last_update": "2026-10-04T06:20:09.247328+00:00", "part": "confirmatory_n39", "total": 1326}
{"comparator": "individual_gradient", "dataset": "paysim", "defense": "dna_v1_conservative", "done": 902, "eta_minutes": 280.67515937293444, "failed": 0, "last_update": "2026-10-04T06:20:09.256782+00:00", "part": "confirmatory_n39", "total": 1326}
{"comparator": "individual_gradient", "dataset": "ieee_cis", "defense": "dna_v2_0p95", "done": 903, "eta_minutes": 279.7036565252713, "failed": 0, "last_update": "2026-10-04T06:20:09.328347+00:00", "part": "confirmatory_n39", "total": 1326}
{"comparator": "individual_gradient", "dataset": "paysim", "defense": "unprotected", "done": 904, "eta_minutes": 278.7634561944852, "failed": 0, "last_update": "2026-10-04T06:20:13.147398+00:00", "part": "confirmatory_n39", "total": 1326}
{"comparator": "individual_gradient", "dataset": "paysim", "defense": "dp_local_eps10", "done": 905, "eta_minutes": 277.795674154034, "failed": 0, "last_update": "2026-10-04T06:20:13.159089+00:00", "part": "confirmatory_n39", "total": 1326}
{"comparator": "individual_gradient", "dataset": "paysim", "defense": "dna_v2_0p95", "done": 906, "eta_minutes": 276.8299476337222, "failed": 0, "last_update": "2026-10-04T06:20:13.160436+00:00", "part": "confirmatory_n39", "total": 1326}
{"comparator": "individual_gradient", "dataset": "paysim", "defense": "dp_local_eps10", "done": 907, "eta_minutes": 275.89595174989205, "failed": 0, "last_update": "2026-10-04T06:20:17.006360+00:00", "part": "confirmatory_n39", "total": 1326}
{"comparator": "individual_gradient", "dataset": "paysim", "defense": "dna_v2_0p95", "done": 908, "eta_minutes": 274.93443128813203, "failed": 0, "last_update": "2026-10-04T06:20:17.015153+00:00", "part": "confirmatory_n39", "total": 1326}
{"comparator": "individual_gradient", "dataset": "paysim", "defense": "dna_v1_conservative", "done": 909, "eta_minutes": 273.9750400149652, "failed": 0, "last_update": "2026-10-04T06:20:17.025760+00:00", "part": "confirmatory_n39", "total": 1326}
{"comparator": "individual_gradient", "dataset": "paysim", "defense": "unprotected", "done": 910, "eta_minutes": 273.04719471886045, "failed": 0, "last_update": "2026-10-04T06:20:20.900081+00:00", "part": "confirmatory_n39", "total": 1326}
{"comparator": "individual_gradient", "dataset": "paysim", "defense": "dna_v2_0p95", "done": 911, "eta_minutes": 272.0918435492971, "failed": 0, "last_update": "2026-10-04T06:20:20.901973+00:00", "part": "confirmatory_n39", "total": 1326}
{"comparator": "individual_gradient", "dataset": "paysim", "defense": "dna_v1_conservative", "done": 912, "eta_minutes": 271.1386662443217, "failed": 0, "last_update": "2026-10-04T06:20:20.914274+00:00", "part": "confirmatory_n39", "total": 1326}
{"comparator": "individual_gradient", "dataset": "paysim", "defense": "dp_local_eps10", "done": 913, "eta_minutes": 270.21636919862556, "failed": 0, "last_update": "2026-10-04T06:20:24.745619+00:00", "part": "confirmatory_n39", "total": 1326}
{"comparator": "individual_gradient", "dataset": "paysim", "defense": "unprotected", "done": 914, "eta_minutes": 269.2672474394394, "failed": 0, "last_update": "2026-10-04T06:20:24.756383+00:00", "part": "confirmatory_n39", "total": 1326}
{"comparator": "individual_gradient", "dataset": "paysim", "defense": "dna_v1_conservative", "done": 915, "eta_minutes": 268.3202229693678, "failed": 0, "last_update": "2026-10-04T06:20:24.770216+00:00", "part": "confirmatory_n39", "total": 1326}
{"comparator": "individual_gradient", "dataset": "paysim", "defense": "dp_local_eps10", "done": 916, "eta_minutes": 267.40387850782935, "failed": 0, "last_update": "2026-10-04T06:20:28.619589+00:00", "part": "confirmatory_n39", "total": 1326}
{"comparator": "individual_gradient", "dataset": "paysim", "defense": "unprotected", "done": 917, "eta_minutes": 266.46088151518364, "failed": 0, "last_update": "2026-10-04T06:20:28.633525+00:00", "part": "confirmatory_n39", "total": 1326}
{"comparator": "individual_gradient", "dataset": "paysim", "defense": "dna_v2_0p95", "done": 918, "eta_minutes": 265.5198872283653, "failed": 0, "last_update": "2026-10-04T06:20:28.640559+00:00", "part": "confirmatory_n39", "total": 1326}
{"comparator": "individual_gradient", "dataset": "paysim", "defense": "dp_local_eps10", "done": 919, "eta_minutes": 264.60919643587334, "failed": 0, "last_update": "2026-10-04T06:20:32.475653+00:00", "part": "confirmatory_n39", "total": 1326}
{"comparator": "individual_gradient", "dataset": "paysim", "defense": "dna_v2_0p95", "done": 920, "eta_minutes": 263.6722243567308, "failed": 0, "last_update": "2026-10-04T06:20:32.487267+00:00", "part": "confirmatory_n39", "total": 1326}
{"comparator": "individual_gradient", "dataset": "paysim", "defense": "dna_v1_conservative", "done": 921, "eta_minutes": 262.73725133920726, "failed": 0, "last_update": "2026-10-04T06:20:32.494077+00:00", "part": "confirmatory_n39", "total": 1326}
{"comparator": "individual_gradient", "dataset": "paysim", "defense": "unprotected", "done": 922, "eta_minutes": 261.8320496760842, "failed": 0, "last_update": "2026-10-04T06:20:36.299803+00:00", "part": "confirmatory_n39", "total": 1326}
{"comparator": "individual_gradient", "dataset": "paysim", "defense": "dna_v2_0p95", "done": 923, "eta_minutes": 260.90104832694004, "failed": 0, "last_update": "2026-10-04T06:20:36.309516+00:00", "part": "confirmatory_n39", "total": 1326}
{"comparator": "individual_gradient", "dataset": "paysim", "defense": "dna_v1_conservative", "done": 924, "eta_minutes": 259.97208996652523, "failed": 0, "last_update": "2026-10-04T06:20:36.323094+00:00", "part": "confirmatory_n39", "total": 1326}
{"comparator": "individual_gradient", "dataset": "paysim", "defense": "unprotected", "done": 925, "eta_minutes": 259.0724900658839, "failed": 0, "last_update": "2026-10-04T06:20:40.122105+00:00", "part": "confirmatory_n39", "total": 1326}
{"comparator": "individual_gradient", "dataset": "paysim", "defense": "dp_local_eps10", "done": 926, "eta_minutes": 258.1474040016328, "failed": 0, "last_update": "2026-10-04T06:20:40.130200+00:00", "part": "confirmatory_n39", "total": 1326}
{"comparator": "individual_gradient", "dataset": "paysim", "defense": "dna_v1_conservative", "done": 927, "eta_minutes": 257.22431691065833, "failed": 0, "last_update": "2026-10-04T06:20:40.138757+00:00", "part": "confirmatory_n39", "total": 1326}
{"comparator": "individual_gradient", "dataset": "paysim", "defense": "dp_local_eps10", "done": 928, "eta_minutes": 256.33058596974473, "failed": 0, "last_update": "2026-10-04T06:20:43.975905+00:00", "part": "confirmatory_n39", "total": 1326}
{"comparator": "individual_gradient", "dataset": "paysim", "defense": "unprotected", "done": 929, "eta_minutes": 255.4113849398651, "failed": 0, "last_update": "2026-10-04T06:20:43.986249+00:00", "part": "confirmatory_n39", "total": 1326}
{"comparator": "individual_gradient", "dataset": "paysim", "defense": "dna_v2_0p95", "done": 930, "eta_minutes": 254.4941243062481, "failed": 0, "last_update": "2026-10-04T06:20:43.991443+00:00", "part": "confirmatory_n39", "total": 1326}
{"comparator": "individual_gradient", "dataset": "paysim", "defense": "dna_v1_conservative", "done": 931, "eta_minutes": 253.60622044865303, "failed": 0, "last_update": "2026-10-04T06:20:47.869633+00:00", "part": "confirmatory_n39", "total": 1326}
{"comparator": "individual_gradient", "dataset": "paysim", "defense": "dp_local_eps10", "done": 932, "eta_minutes": 252.69280793969554, "failed": 0, "last_update": "2026-10-04T06:20:47.876646+00:00", "part": "confirmatory_n39", "total": 1326}
{"comparator": "individual_gradient", "dataset": "paysim", "defense": "dna_v2_0p95", "done": 933, "eta_minutes": 251.78134011335567, "failed": 0, "last_update": "2026-10-04T06:20:47.881789+00:00", "part": "confirmatory_n39", "total": 1326}
{"comparator": "individual_gradient", "dataset": "paysim", "defense": "unprotected", "done": 934, "eta_minutes": 250.8983607779904, "failed": 0, "last_update": "2026-10-04T06:20:51.680617+00:00", "part": "confirmatory_n39", "total": 1326}
{"comparator": "individual_gradient", "dataset": "paysim", "defense": "dna_v2_0p95", "done": 935, "eta_minutes": 249.99073769388778, "failed": 0, "last_update": "2026-10-04T06:20:51.692052+00:00", "part": "confirmatory_n39", "total": 1326}
{"comparator": "individual_gradient", "dataset": "paysim", "defense": "dna_v1_conservative", "done": 936, "eta_minutes": 249.0850182423989, "failed": 0, "last_update": "2026-10-04T06:20:51.698396+00:00", "part": "confirmatory_n39", "total": 1326}
{"comparator": "individual_gradient", "dataset": "paysim", "defense": "dp_local_eps10", "done": 937, "eta_minutes": 248.2078154081172, "failed": 0, "last_update": "2026-10-04T06:20:55.546732+00:00", "part": "confirmatory_n39", "total": 1326}
{"comparator": "individual_gradient", "dataset": "paysim", "defense": "dna_v1_conservative", "done": 938, "eta_minutes": 247.30585439506794, "failed": 0, "last_update": "2026-10-04T06:20:55.552391+00:00", "part": "confirmatory_n39", "total": 1326}
{"comparator": "individual_gradient", "dataset": "paysim", "defense": "unprotected", "done": 939, "eta_minutes": 246.4058114495902, "failed": 0, "last_update": "2026-10-04T06:20:55.557638+00:00", "part": "confirmatory_n39", "total": 1326}
{"comparator": "individual_gradient", "dataset": "paysim", "defense": "unprotected", "done": 940, "eta_minutes": 245.534012751537, "failed": 0, "last_update": "2026-10-04T06:20:59.409969+00:00", "part": "confirmatory_n39", "total": 1326}
{"comparator": "individual_gradient", "dataset": "paysim", "defense": "dp_local_eps10", "done": 941, "eta_minutes": 244.63770187131232, "failed": 0, "last_update": "2026-10-04T06:20:59.415886+00:00", "part": "confirmatory_n39", "total": 1326}
{"comparator": "individual_gradient", "dataset": "paysim", "defense": "dna_v2_0p95", "done": 942, "eta_minutes": 243.74331500788404, "failed": 0, "last_update": "2026-10-04T06:20:59.424957+00:00", "part": "confirmatory_n39", "total": 1326}
{"comparator": "individual_gradient", "dataset": "paysim", "defense": "dp_local_eps10", "done": 943, "eta_minutes": 242.87740800834115, "failed": 0, "last_update": "2026-10-04T06:21:03.361101+00:00", "part": "confirmatory_n39", "total": 1326}
{"comparator": "individual_gradient", "dataset": "paysim", "defense": "dna_v2_0p95", "done": 944, "eta_minutes": 241.98671486556194, "failed": 0, "last_update": "2026-10-04T06:21:03.370780+00:00", "part": "confirmatory_n39", "total": 1326}
{"comparator": "individual_gradient", "dataset": "paysim", "defense": "dna_v1_conservative", "done": 945, "eta_minutes": 241.09788762414263, "failed": 0, "last_update": "2026-10-04T06:21:03.377642+00:00", "part": "confirmatory_n39", "total": 1326}
{"comparator": "individual_gradient", "dataset": "paysim", "defense": "unprotected", "done": 946, "eta_minutes": 240.23660541546857, "failed": 0, "last_update": "2026-10-04T06:21:07.218204+00:00", "part": "confirmatory_n39", "total": 1326}
{"comparator": "individual_gradient", "dataset": "paysim", "defense": "dna_v2_0p95", "done": 947, "eta_minutes": 239.35146005162466, "failed": 0, "last_update": "2026-10-04T06:21:07.228758+00:00", "part": "confirmatory_n39", "total": 1326}
{"comparator": "individual_gradient", "dataset": "paysim", "defense": "dna_v1_conservative", "done": 948, "eta_minutes": 238.46816618940497, "failed": 0, "last_update": "2026-10-04T06:21:07.236977+00:00", "part": "confirmatory_n39", "total": 1326}
{"comparator": "individual_gradient", "dataset": "paysim", "defense": "unprotected", "done": 949, "eta_minutes": 237.61175753727352, "failed": 0, "last_update": "2026-10-04T06:21:11.024654+00:00", "part": "confirmatory_n39", "total": 1326}
{"comparator": "individual_gradient", "dataset": "paysim", "defense": "dp_local_eps10", "done": 950, "eta_minutes": 236.73208632295172, "failed": 0, "last_update": "2026-10-04T06:21:11.032698+00:00", "part": "confirmatory_n39", "total": 1326}
{"comparator": "individual_gradient", "dataset": "paysim", "defense": "dna_v1_conservative", "done": 951, "eta_minutes": 235.8542471403329, "failed": 0, "last_update": "2026-10-04T06:21:11.038030+00:00", "part": "confirmatory_n39", "total": 1326}
{"comparator": "individual_gradient", "dataset": "paysim", "defense": "dp_local_eps10", "done": 952, "eta_minutes": 235.00311196574145, "failed": 0, "last_update": "2026-10-04T06:21:14.840151+00:00", "part": "confirmatory_n39", "total": 1326}
{"comparator": "individual_gradient", "dataset": "paysim", "defense": "dna_v2_0p95", "done": 953, "eta_minutes": 234.1288853292367, "failed": 0, "last_update": "2026-10-04T06:21:14.848964+00:00", "part": "confirmatory_n39", "total": 1326}
{"comparator": "individual_gradient", "dataset": "paysim", "defense": "unprotected", "done": 954, "eta_minutes": 233.25646452004054, "failed": 0, "last_update": "2026-10-04T06:21:14.853679+00:00", "part": "confirmatory_n39", "total": 1326}
{"comparator": "individual_gradient", "dataset": "paysim", "defense": "dp_local_eps10", "done": 955, "eta_minutes": 232.4109842300124, "failed": 0, "last_update": "2026-10-04T06:21:18.737166+00:00", "part": "confirmatory_n39", "total": 1326}
{"comparator": "individual_gradient", "dataset": "paysim", "defense": "dna_v1_conservative", "done": 956, "eta_minutes": 231.542167557458, "failed": 0, "last_update": "2026-10-04T06:21:18.749647+00:00", "part": "confirmatory_n39", "total": 1326}
{"comparator": "individual_gradient", "dataset": "paysim", "defense": "dna_v2_0p95", "done": 957, "eta_minutes": 230.67514040974618, "failed": 0, "last_update": "2026-10-04T06:21:18.758091+00:00", "part": "confirmatory_n39", "total": 1326}
{"comparator": "individual_gradient", "dataset": "paysim", "defense": "unprotected", "done": 958, "eta_minutes": 229.8343914967738, "failed": 0, "last_update": "2026-10-04T06:21:22.588441+00:00", "part": "confirmatory_n39", "total": 1326}
{"comparator": "individual_gradient", "dataset": "paysim", "defense": "dna_v1_conservative", "done": 959, "eta_minutes": 228.97092068349065, "failed": 0, "last_update": "2026-10-04T06:21:22.602304+00:00", "part": "confirmatory_n39", "total": 1326}
{"comparator": "individual_gradient", "dataset": "paysim", "defense": "dna_v2_0p95", "done": 960, "eta_minutes": 228.10919405890004, "failed": 0, "last_update": "2026-10-04T06:21:22.607621+00:00", "part": "confirmatory_n39", "total": 1326}
{"comparator": "individual_gradient", "dataset": "paysim", "defense": "dp_local_eps10", "done": 961, "eta_minutes": 227.2731989870624, "failed": 0, "last_update": "2026-10-04T06:21:26.394555+00:00", "part": "confirmatory_n39", "total": 1326}
{"comparator": "individual_gradient", "dataset": "paysim", "defense": "unprotected", "done": 962, "eta_minutes": 226.41496873267064, "failed": 0, "last_update": "2026-10-04T06:21:26.400785+00:00", "part": "confirmatory_n39", "total": 1326}
{"comparator": "individual_gradient", "dataset": "paysim", "defense": "dna_v1_conservative", "done": 963, "eta_minutes": 225.5585247811994, "failed": 0, "last_update": "2026-10-04T06:21:26.407742+00:00", "part": "confirmatory_n39", "total": 1326}
{"comparator": "individual_gradient", "dataset": "paysim", "defense": "unprotected", "done": 964, "eta_minutes": 224.7277910323311, "failed": 0, "last_update": "2026-10-04T06:21:30.238731+00:00", "part": "confirmatory_n39", "total": 1326}
{"comparator": "individual_gradient", "dataset": "paysim", "defense": "dp_local_eps10", "done": 965, "eta_minutes": 223.87483674787282, "failed": 0, "last_update": "2026-10-04T06:21:30.250898+00:00", "part": "confirmatory_n39", "total": 1326}
{"comparator": "individual_gradient", "dataset": "paysim", "defense": "dna_v2_0p95", "done": 966, "eta_minutes": 223.0235811553387, "failed": 0, "last_update": "2026-10-04T06:21:30.252351+00:00", "part": "confirmatory_n39", "total": 1326}
{"comparator": "individual_gradient", "dataset": "paysim", "defense": "dp_local_eps10", "done": 967, "eta_minutes": 222.19794417973102, "failed": 0, "last_update": "2026-10-04T06:21:34.109597+00:00", "part": "confirmatory_n39", "total": 1326}
{"comparator": "individual_gradient", "dataset": "paysim", "defense": "dna_v1_conservative", "done": 968, "eta_minutes": 221.3501753726035, "failed": 0, "last_update": "2026-10-04T06:21:34.121100+00:00", "part": "confirmatory_n39", "total": 1326}
{"comparator": "individual_gradient", "dataset": "paysim", "defense": "dna_v2_0p95", "done": 969, "eta_minutes": 220.50413476396028, "failed": 0, "last_update": "2026-10-04T06:21:34.129149+00:00", "part": "confirmatory_n39", "total": 1326}
{"comparator": "individual_gradient", "dataset": "paysim", "defense": "unprotected", "done": 970, "eta_minutes": 219.68334211705067, "failed": 0, "last_update": "2026-10-04T06:21:37.979684+00:00", "part": "confirmatory_n39", "total": 1326}
{"comparator": "individual_gradient", "dataset": "paysim", "defense": "dna_v2_0p95", "done": 971, "eta_minutes": 218.84074898296885, "failed": 0, "last_update": "2026-10-04T06:21:37.996724+00:00", "part": "confirmatory_n39", "total": 1326}
{"comparator": "individual_gradient", "dataset": "paysim", "defense": "dna_v1_conservative", "done": 972, "eta_minutes": 217.9998356967306, "failed": 0, "last_update": "2026-10-04T06:21:38.004956+00:00", "part": "confirmatory_n39", "total": 1326}
{"comparator": "individual_gradient", "dataset": "paysim", "defense": "dp_local_eps10", "done": 973, "eta_minutes": 217.18399747162903, "failed": 0, "last_update": "2026-10-04T06:21:41.874396+00:00", "part": "confirmatory_n39", "total": 1326}
{"comparator": "individual_gradient", "dataset": "paysim", "defense": "unprotected", "done": 974, "eta_minutes": 216.34645863780412, "failed": 0, "last_update": "2026-10-04T06:21:41.884874+00:00", "part": "confirmatory_n39", "total": 1326}
{"comparator": "individual_gradient", "dataset": "paysim", "defense": "dna_v1_conservative", "done": 975, "eta_minutes": 215.5106298766136, "failed": 0, "last_update": "2026-10-04T06:21:41.894088+00:00", "part": "confirmatory_n39", "total": 1326}
{"comparator": "individual_gradient", "dataset": "paysim", "defense": "unprotected", "done": 976, "eta_minutes": 214.6991453989526, "failed": 0, "last_update": "2026-10-04T06:21:45.689931+00:00", "part": "confirmatory_n39", "total": 1326}
{"comparator": "individual_gradient", "dataset": "paysim", "defense": "dp_local_eps10", "done": 977, "eta_minutes": 213.866632626269, "failed": 0, "last_update": "2026-10-04T06:21:45.696483+00:00", "part": "confirmatory_n39", "total": 1326}
{"comparator": "individual_gradient", "dataset": "paysim", "defense": "dna_v2_0p95", "done": 978, "eta_minutes": 213.0358297854601, "failed": 0, "last_update": "2026-10-04T06:21:45.704320+00:00", "part": "confirmatory_n39", "total": 1326}
{"comparator": "individual_gradient", "dataset": "paysim", "defense": "dp_local_eps10", "done": 979, "eta_minutes": 212.2294236220752, "failed": 0, "last_update": "2026-10-04T06:21:49.554749+00:00", "part": "confirmatory_n39", "total": 1326}
{"comparator": "individual_gradient", "dataset": "paysim", "defense": "dna_v1_conservative", "done": 980, "eta_minutes": 211.40196370278898, "failed": 0, "last_update": "2026-10-04T06:21:49.569837+00:00", "part": "confirmatory_n39", "total": 1326}
{"comparator": "individual_gradient", "dataset": "paysim", "defense": "dna_v2_0p95", "done": 981, "eta_minutes": 210.5761635278586, "failed": 0, "last_update": "2026-10-04T06:21:49.580377+00:00", "part": "confirmatory_n39", "total": 1326}
{"comparator": "individual_gradient", "dataset": "paysim", "defense": "unprotected", "done": 982, "eta_minutes": 209.77427100406888, "failed": 0, "last_update": "2026-10-04T06:21:53.397774+00:00", "part": "confirmatory_n39", "total": 1326}
{"comparator": "individual_gradient", "dataset": "paysim", "defense": "dna_v1_conservative", "done": 983, "eta_minutes": 208.95178577329554, "failed": 0, "last_update": "2026-10-04T06:21:53.415910+00:00", "part": "confirmatory_n39", "total": 1326}
{"comparator": "individual_gradient", "dataset": "paysim", "defense": "dna_v2_0p95", "done": 984, "eta_minutes": 208.1308910268836, "failed": 0, "last_update": "2026-10-04T06:21:53.420104+00:00", "part": "confirmatory_n39", "total": 1326}
{"comparator": "individual_gradient", "dataset": "paysim", "defense": "dp_local_eps10", "done": 985, "eta_minutes": 207.33356594299502, "failed": 0, "last_update": "2026-10-04T06:21:57.220432+00:00", "part": "confirmatory_n39", "total": 1326}
{"comparator": "individual_gradient", "dataset": "paysim", "defense": "unprotected", "done": 986, "eta_minutes": 206.51591943598342, "failed": 0, "last_update": "2026-10-04T06:21:57.225751+00:00", "part": "confirmatory_n39", "total": 1326}
{"comparator": "individual_gradient", "dataset": "paysim", "defense": "dna_v1_conservative", "done": 987, "eta_minutes": 205.69997877537176, "failed": 0, "last_update": "2026-10-04T06:21:57.239676+00:00", "part": "confirmatory_n39", "total": 1326}
{"comparator": "individual_gradient", "dataset": "paysim", "defense": "unprotected", "done": 988, "eta_minutes": 204.90722735785602, "failed": 0, "last_update": "2026-10-04T06:22:01.031031+00:00", "part": "confirmatory_n39", "total": 1326}
{"comparator": "individual_gradient", "dataset": "paysim", "defense": "dp_local_eps10", "done": 989, "eta_minutes": 204.0944897120032, "failed": 0, "last_update": "2026-10-04T06:22:01.043354+00:00", "part": "confirmatory_n39", "total": 1326}
{"comparator": "individual_gradient", "dataset": "paysim", "defense": "dna_v2_0p95", "done": 990, "eta_minutes": 203.2833585858586, "failed": 0, "last_update": "2026-10-04T06:22:01.049517+00:00", "part": "confirmatory_n39", "total": 1326}
{"comparator": "individual_gradient", "dataset": "paysim", "defense": "dp_local_eps10", "done": 991, "eta_minutes": 202.49533027057652, "failed": 0, "last_update": "2026-10-04T06:22:04.865739+00:00", "part": "confirmatory_n39", "total": 1326}
{"comparator": "individual_gradient", "dataset": "paysim", "defense": "dna_v2_0p95", "done": 992, "eta_minutes": 201.68735563755035, "failed": 0, "last_update": "2026-10-04T06:22:04.867185+00:00", "part": "confirmatory_n39", "total": 1326}
{"comparator": "individual_gradient", "dataset": "paysim", "defense": "dna_v1_conservative", "done": 993, "eta_minutes": 200.88106037706044, "failed": 0, "last_update": "2026-10-04T06:22:04.877936+00:00", "part": "confirmatory_n39", "total": 1326}
{"comparator": "individual_gradient", "dataset": "paysim", "defense": "unprotected", "done": 994, "eta_minutes": 200.09775686332796, "failed": 0, "last_update": "2026-10-04T06:22:08.727518+00:00", "part": "confirmatory_n39", "total": 1326}
{"comparator": "individual_gradient", "dataset": "paysim", "defense": "dna_v2_0p95", "done": 995, "eta_minutes": 199.29462911475645, "failed": 0, "last_update": "2026-10-04T06:22:08.740845+00:00", "part": "confirmatory_n39", "total": 1326}
{"comparator": "individual_gradient", "dataset": "paysim", "defense": "dna_v1_conservative", "done": 996, "eta_minutes": 198.49307170306824, "failed": 0, "last_update": "2026-10-04T06:22:08.746574+00:00", "part": "confirmatory_n39", "total": 1326}
{"comparator": "individual_gradient", "dataset": "paysim", "defense": "unprotected", "done": 997, "eta_minutes": 197.71432650080496, "failed": 0, "last_update": "2026-10-04T06:22:12.607788+00:00", "part": "confirmatory_n39", "total": 1326}
{"comparator": "individual_gradient", "dataset": "paysim", "defense": "dp_local_eps10", "done": 998, "eta_minutes": 196.91591162299346, "failed": 0, "last_update": "2026-10-04T06:22:12.616721+00:00", "part": "confirmatory_n39", "total": 1326}
{"comparator": "individual_gradient", "dataset": "paysim", "defense": "dna_v1_conservative", "done": 999, "eta_minutes": 196.11907591149136, "failed": 0, "last_update": "2026-10-04T06:22:12.622176+00:00", "part": "confirmatory_n39", "total": 1326}
{"comparator": "individual_gradient", "dataset": "paysim", "defense": "unprotected", "done": 1000, "eta_minutes": 195.3444669848601, "failed": 0, "last_update": "2026-10-04T06:22:16.425161+00:00", "part": "confirmatory_n39", "total": 1326}
{"comparator": "individual_gradient", "dataset": "paysim", "defense": "dp_local_eps10", "done": 1001, "eta_minutes": 194.55073517251324, "failed": 0, "last_update": "2026-10-04T06:22:16.431644+00:00", "part": "confirmatory_n39", "total": 1326}
{"comparator": "individual_gradient", "dataset": "paysim", "defense": "dna_v2_0p95", "done": 1002, "eta_minutes": 193.7585907367889, "failed": 0, "last_update": "2026-10-04T06:22:16.438731+00:00", "part": "confirmatory_n39", "total": 1326}
{"comparator": "individual_gradient", "dataset": "paysim", "defense": "dp_local_eps10", "done": 1003, "eta_minutes": 192.98840061493513, "failed": 0, "last_update": "2026-10-04T06:22:20.241977+00:00", "part": "confirmatory_n39", "total": 1326}
{"comparator": "individual_gradient", "dataset": "paysim", "defense": "dna_v2_0p95", "done": 1004, "eta_minutes": 192.19935671144907, "failed": 0, "last_update": "2026-10-04T06:22:20.254686+00:00", "part": "confirmatory_n39", "total": 1326}
{"comparator": "individual_gradient", "dataset": "paysim", "defense": "dna_v1_conservative", "done": 1005, "eta_minutes": 191.41186063371487, "failed": 0, "last_update": "2026-10-04T06:22:20.263248+00:00", "part": "confirmatory_n39", "total": 1326}
{"comparator": "individual_gradient", "dataset": "paysim", "defense": "unprotected", "done": 1006, "eta_minutes": 190.64634608906417, "failed": 0, "last_update": "2026-10-04T06:22:24.122805+00:00", "part": "confirmatory_n39", "total": 1326}
{"comparator": "individual_gradient", "dataset": "paysim", "defense": "dna_v2_0p95", "done": 1007, "eta_minutes": 189.86193227010307, "failed": 0, "last_update": "2026-10-04T06:22:24.138999+00:00", "part": "confirmatory_n39", "total": 1326}
{"comparator": "individual_gradient", "dataset": "paysim", "defense": "dna_v1_conservative", "done": 1008, "eta_minutes": 189.0790256267502, "failed": 0, "last_update": "2026-10-04T06:22:24.145938+00:00", "part": "confirmatory_n39", "total": 1326}
{"comparator": "individual_gradient", "dataset": "paysim", "defense": "unprotected", "done": 1009, "eta_minutes": 188.31790904971604, "failed": 0, "last_update": "2026-10-04T06:22:28.017947+00:00", "part": "confirmatory_n39", "total": 1326}
{"comparator": "individual_gradient", "dataset": "paysim", "defense": "dp_local_eps10", "done": 1010, "eta_minutes": 187.53802023772752, "failed": 0, "last_update": "2026-10-04T06:22:28.025488+00:00", "part": "confirmatory_n39", "total": 1326}
{"comparator": "individual_gradient", "dataset": "paysim", "defense": "dna_v1_conservative", "done": 1011, "eta_minutes": 186.75968871289967, "failed": 0, "last_update": "2026-10-04T06:22:28.035826+00:00", "part": "confirmatory_n39", "total": 1326}
{"comparator": "individual_gradient", "dataset": "paysim", "defense": "dp_local_eps10", "done": 1012, "eta_minutes": 186.0027306141511, "failed": 0, "last_update": "2026-10-04T06:22:31.881882+00:00", "part": "confirmatory_n39", "total": 1326}
{"comparator": "individual_gradient", "dataset": "paysim", "defense": "dna_v2_0p95", "done": 1013, "eta_minutes": 185.22738677985026, "failed": 0, "last_update": "2026-10-04T06:22:31.892100+00:00", "part": "confirmatory_n39", "total": 1326}
{"comparator": "individual_gradient", "dataset": "ieee_cis", "defense": "dp_distortion_dna_v2_0p95", "done": 1014, "eta_minutes": 184.6300405746851, "failed": 0, "last_update": "2026-10-04T06:23:06.313689+00:00", "part": "confirmatory_n39", "total": 1326}
{"comparator": "individual_gradient", "dataset": "paysim", "defense": "unprotected", "done": 1015, "eta_minutes": 184.0468381754009, "failed": 0, "last_update": "2026-10-04T06:23:43.495791+00:00", "part": "confirmatory_n39", "total": 1326}
{"comparator": "individual_gradient", "dataset": "paysim", "defense": "dp_local_eps10", "done": 1016, "eta_minutes": 183.5715493580566, "failed": 0, "last_update": "2026-10-04T06:24:41.912709+00:00", "part": "confirmatory_n39", "total": 1326}
{"comparator": "individual_gradient", "dataset": "paysim", "defense": "unprotected", "done": 1017, "eta_minutes": 182.89329372302151, "failed": 0, "last_update": "2026-10-04T06:25:00.442128+00:00", "part": "confirmatory_n39", "total": 1326}
{"comparator": "individual_gradient", "dataset": "paysim", "defense": "dna_v1_conservative", "done": 1018, "eta_minutes": 182.1259876170811, "failed": 0, "last_update": "2026-10-04T06:25:01.167853+00:00", "part": "confirmatory_n39", "total": 1326}
{"comparator": "individual_gradient", "dataset": "paysim", "defense": "dna_v2_0p95", "done": 1019, "eta_minutes": 181.61102469630362, "failed": 0, "last_update": "2026-10-04T06:25:51.853328+00:00", "part": "confirmatory_n39", "total": 1326}
{"comparator": "individual_gradient", "dataset": "paysim", "defense": "dp_local_eps10", "done": 1020, "eta_minutes": 180.97145768404008, "failed": 0, "last_update": "2026-10-04T06:26:17.747300+00:00", "part": "confirmatory_n39", "total": 1326}
{"comparator": "individual_gradient", "dataset": "paysim", "defense": "unprotected", "done": 1021, "eta_minutes": 180.45768760496443, "failed": 0, "last_update": "2026-10-04T06:27:08.826082+00:00", "part": "confirmatory_n39", "total": 1326}
{"comparator": "individual_gradient", "dataset": "paysim", "defense": "dna_v1_conservative", "done": 1022, "eta_minutes": 179.70253258460656, "failed": 0, "last_update": "2026-10-04T06:27:11.348205+00:00", "part": "confirmatory_n39", "total": 1326}
{"comparator": "individual_gradient", "dataset": "paysim", "defense": "dp_local_eps10", "done": 1023, "eta_minutes": 179.31120576436686, "failed": 0, "last_update": "2026-10-04T06:28:27.290133+00:00", "part": "confirmatory_n39", "total": 1326}
{"comparator": "individual_gradient", "dataset": "paysim", "defense": "dna_v2_0p95", "done": 1024, "eta_minutes": 178.5517701883024, "failed": 0, "last_update": "2026-10-04T06:28:28.690066+00:00", "part": "confirmatory_n39", "total": 1326}
{"comparator": "individual_gradient", "dataset": "paysim", "defense": "dna_v1_conservative", "done": 1025, "eta_minutes": 177.8794901700175, "failed": 0, "last_update": "2026-10-04T06:28:47.604090+00:00", "part": "confirmatory_n39", "total": 1326}
{"comparator": "individual_gradient", "dataset": "paysim", "defense": "unprotected", "done": 1026, "eta_minutes": 177.39186617830808, "failed": 0, "last_update": "2026-10-04T06:29:44.266712+00:00", "part": "confirmatory_n39", "total": 1326}
{"comparator": "individual_gradient", "dataset": "paysim", "defense": "dna_v2_0p95", "done": 1027, "eta_minutes": 176.85643957803015, "failed": 0, "last_update": "2026-10-04T06:30:31.261147+00:00", "part": "confirmatory_n39", "total": 1326}
{"comparator": "individual_gradient", "dataset": "paysim", "defense": "dna_v1_conservative", "done": 1028, "eta_minutes": 176.22291351842816, "failed": 0, "last_update": "2026-10-04T06:30:58.050744+00:00", "part": "confirmatory_n39", "total": 1326}
{"comparator": "individual_gradient", "dataset": "paysim", "defense": "dp_local_eps10", "done": 1029, "eta_minutes": 175.47998019022427, "failed": 0, "last_update": "2026-10-04T06:31:02.021353+00:00", "part": "confirmatory_n39", "total": 1326}
{"comparator": "individual_gradient", "dataset": "paysim", "defense": "unprotected", "done": 1030, "eta_minutes": 174.94385967671295, "failed": 0, "last_update": "2026-10-04T06:31:48.896737+00:00", "part": "confirmatory_n39", "total": 1326}
{"comparator": "individual_gradient", "dataset": "paysim", "defense": "dna_v2_0p95", "done": 1031, "eta_minutes": 174.28310372393528, "failed": 0, "last_update": "2026-10-04T06:32:09.736442+00:00", "part": "confirmatory_n39", "total": 1326}
{"comparator": "individual_gradient", "dataset": "paysim", "defense": "dp_local_eps10", "done": 1032, "eta_minutes": 173.7924065744923, "failed": 0, "last_update": "2026-10-04T06:33:06.264671+00:00", "part": "confirmatory_n39", "total": 1326}
{"comparator": "individual_gradient", "dataset": "paysim", "defense": "unprotected", "done": 1033, "eta_minutes": 173.1242060284416, "failed": 0, "last_update": "2026-10-04T06:33:25.429462+00:00", "part": "confirmatory_n39", "total": 1326}
{"comparator": "individual_gradient", "dataset": "paysim", "defense": "dna_v1_conservative", "done": 1034, "eta_minutes": 172.55580896259815, "failed": 0, "last_update": "2026-10-04T06:34:05.655732+00:00", "part": "confirmatory_n39", "total": 1326}
{"comparator": "individual_gradient", "dataset": "paysim", "defense": "dna_v2_0p95", "done": 1035, "eta_minutes": 171.86202785367553, "failed": 0, "last_update": "2026-10-04T06:34:19.166871+00:00", "part": "confirmatory_n39", "total": 1326}
{"comparator": "individual_gradient", "dataset": "paysim", "defense": "dp_local_eps10", "done": 1036, "eta_minutes": 171.39725968974284, "failed": 0, "last_update": "2026-10-04T06:35:21.571853+00:00", "part": "confirmatory_n39", "total": 1326}
{"comparator": "individual_gradient", "dataset": "paysim", "defense": "unprotected", "done": 1037, "eta_minutes": 170.70345260556277, "failed": 0, "last_update": "2026-10-04T06:35:34.904984+00:00", "part": "confirmatory_n39", "total": 1326}
{"comparator": "individual_gradient", "dataset": "paysim", "defense": "dna_v1_conservative", "done": 1038, "eta_minutes": 169.9575752368552, "failed": 0, "last_update": "2026-10-04T06:35:36.781423+00:00", "part": "confirmatory_n39", "total": 1326}
{"comparator": "individual_gradient", "dataset": "paysim", "defense": "dna_v2_0p95", "done": 1039, "eta_minutes": 169.5309958181513, "failed": 0, "last_update": "2026-10-04T06:36:47.714590+00:00", "part": "confirmatory_n39", "total": 1326}
{"comparator": "individual_gradient", "dataset": "paysim", "defense": "dp_local_eps10", "done": 1040, "eta_minutes": 168.7989700504144, "failed": 0, "last_update": "2026-10-04T06:36:52.321960+00:00", "part": "confirmatory_n39", "total": 1326}
{"comparator": "individual_gradient", "dataset": "paysim", "defense": "dna_v1_conservative", "done": 1041, "eta_minutes": 168.31306954780297, "failed": 0, "last_update": "2026-10-04T06:37:50.593754+00:00", "part": "confirmatory_n39", "total": 1326}
{"comparator": "individual_gradient", "dataset": "paysim", "defense": "unprotected", "done": 1042, "eta_minutes": 167.62754875461948, "failed": 0, "last_update": "2026-10-04T06:38:05.125998+00:00", "part": "confirmatory_n39", "total": 1326}
{"comparator": "individual_gradient", "dataset": "paysim", "defense": "dna_v2_0p95", "done": 1043, "eta_minutes": 167.10368831207973, "failed": 0, "last_update": "2026-10-04T06:38:55.218370+00:00", "part": "confirmatory_n39", "total": 1326}
{"comparator": "individual_gradient", "dataset": "paysim", "defense": "dna_v1_conservative", "done": 1044, "eta_minutes": 166.4696940881311, "failed": 0, "last_update": "2026-10-04T06:39:20.979315+00:00", "part": "confirmatory_n39", "total": 1326}
{"comparator": "individual_gradient", "dataset": "paysim", "defense": "dp_local_eps10", "done": 1045, "eta_minutes": 165.8148163062648, "failed": 0, "last_update": "2026-10-04T06:39:41.993073+00:00", "part": "confirmatory_n39", "total": 1326}
{"comparator": "individual_gradient", "dataset": "paysim", "defense": "unprotected", "done": 1046, "eta_minutes": 165.20721932806887, "failed": 0, "last_update": "2026-10-04T06:40:13.473938+00:00", "part": "confirmatory_n39", "total": 1326}
{"comparator": "individual_gradient", "dataset": "paysim", "defense": "dna_v2_0p95", "done": 1047, "eta_minutes": 164.7369177742469, "failed": 0, "last_update": "2026-10-04T06:41:15.832740+00:00", "part": "confirmatory_n39", "total": 1326}
{"comparator": "individual_gradient", "dataset": "paysim", "defense": "dp_local_eps10", "done": 1048, "eta_minutes": 164.0553701944403, "failed": 0, "last_update": "2026-10-04T06:41:30.656053+00:00", "part": "confirmatory_n39", "total": 1326}
{"comparator": "individual_gradient", "dataset": "paysim", "defense": "dna_v1_conservative", "done": 1049, "eta_minutes": 163.57049250222784, "failed": 0, "last_update": "2026-10-04T06:42:29.978516+00:00", "part": "confirmatory_n39", "total": 1326}
{"comparator": "individual_gradient", "dataset": "paysim", "defense": "unprotected", "done": 1050, "eta_minutes": 162.927845848356, "failed": 0, "last_update": "2026-10-04T06:42:53.507546+00:00", "part": "confirmatory_n39", "total": 1326}
{"comparator": "individual_gradient", "dataset": "paysim", "defense": "dna_v1_conservative", "done": 1051, "eta_minutes": 162.46552305111157, "failed": 0, "last_update": "2026-10-04T06:43:58.277170+00:00", "part": "confirmatory_n39", "total": 1326}
{"comparator": "individual_gradient", "dataset": "paysim", "defense": "dna_v2_0p95", "done": 1052, "eta_minutes": 161.75363563617975, "failed": 0, "last_update": "2026-10-04T06:44:05.826144+00:00", "part": "confirmatory_n39", "total": 1326}
{"comparator": "individual_gradient", "dataset": "paysim", "defense": "dp_local_eps10", "done": 1053, "eta_minutes": 161.02831845975214, "failed": 0, "last_update": "2026-10-04T06:44:10.009478+00:00", "part": "confirmatory_n39", "total": 1326}
{"comparator": "individual_gradient", "dataset": "paysim", "defense": "unprotected", "done": 1054, "eta_minutes": 160.64741456329182, "failed": 0, "last_update": "2026-10-04T06:45:33.979654+00:00", "part": "confirmatory_n39", "total": 1326}
{"comparator": "individual_gradient", "dataset": "paysim", "defense": "dna_v2_0p95", "done": 1055, "eta_minutes": 159.9933237885487, "failed": 0, "last_update": "2026-10-04T06:45:54.590078+00:00", "part": "confirmatory_n39", "total": 1326}
{"comparator": "individual_gradient", "dataset": "paysim", "defense": "dna_v1_conservative", "done": 1056, "eta_minutes": 159.4182293130593, "failed": 0, "last_update": "2026-10-04T06:46:33.600256+00:00", "part": "confirmatory_n39", "total": 1326}
{"comparator": "individual_gradient", "dataset": "paysim", "defense": "dp_local_eps10", "done": 1057, "eta_minutes": 158.75606196546585, "failed": 0, "last_update": "2026-10-04T06:46:52.115439+00:00", "part": "confirmatory_n39", "total": 1326}
{"comparator": "individual_gradient", "dataset": "paysim", "defense": "unprotected", "done": 1058, "eta_minutes": 158.09736134535723, "failed": 0, "last_update": "2026-10-04T06:47:11.293456+00:00", "part": "confirmatory_n39", "total": 1326}
{"comparator": "individual_gradient", "dataset": "paysim", "defense": "dna_v2_0p95", "done": 1059, "eta_minutes": 157.68360471727718, "failed": 0, "last_update": "2026-10-04T06:48:28.610247+00:00", "part": "confirmatory_n39", "total": 1326}
{"comparator": "individual_gradient", "dataset": "paysim", "defense": "dp_local_eps10", "done": 1060, "eta_minutes": 157.02606661244758, "failed": 0, "last_update": "2026-10-04T06:48:48.034110+00:00", "part": "confirmatory_n39", "total": 1326}
{"comparator": "individual_gradient", "dataset": "paysim", "defense": "dna_v1_conservative", "done": 1061, "eta_minutes": 156.34019783840515, "failed": 0, "last_update": "2026-10-04T06:49:00.501038+00:00", "part": "confirmatory_n39", "total": 1326}
{"comparator": "individual_gradient", "dataset": "paysim", "defense": "unprotected", "done": 1062, "eta_minutes": 155.79262966597818, "failed": 0, "last_update": "2026-10-04T06:49:46.131389+00:00", "part": "confirmatory_n39", "total": 1326}
{"comparator": "individual_gradient", "dataset": "paysim", "defense": "dna_v2_0p95", "done": 1063, "eta_minutes": 155.18043968492856, "failed": 0, "last_update": "2026-10-04T06:50:16.187491+00:00", "part": "confirmatory_n39", "total": 1326}
{"comparator": "individual_gradient", "dataset": "paysim", "defense": "dp_local_eps10", "done": 1064, "eta_minutes": 154.6402165794208, "failed": 0, "last_update": "2026-10-04T06:51:03.728378+00:00", "part": "confirmatory_n39", "total": 1326}
{"comparator": "individual_gradient", "dataset": "paysim", "defense": "dna_v1_conservative", "done": 1065, "eta_minutes": 153.96285637069755, "failed": 0, "last_update": "2026-10-04T06:51:17.810268+00:00", "part": "confirmatory_n39", "total": 1326}
{"comparator": "individual_gradient", "dataset": "paysim", "defense": "unprotected", "done": 1066, "eta_minutes": 153.2932667393025, "failed": 0, "last_update": "2026-10-04T06:51:33.599394+00:00", "part": "confirmatory_n39", "total": 1326}
{"comparator": "individual_gradient", "dataset": "paysim", "defense": "dp_local_eps10", "done": 1067, "eta_minutes": 152.86710025178235, "failed": 0, "last_update": "2026-10-04T06:52:49.369900+00:00", "part": "confirmatory_n39", "total": 1326}
{"comparator": "individual_gradient", "dataset": "paysim", "defense": "dna_v2_0p95", "done": 1068, "eta_minutes": 152.27435732227138, "failed": 0, "last_update": "2026-10-04T06:53:24.156615+00:00", "part": "confirmatory_n39", "total": 1326}
{"comparator": "individual_gradient", "dataset": "paysim", "defense": "dna_v1_conservative", "done": 1069, "eta_minutes": 151.58263566861615, "failed": 0, "last_update": "2026-10-04T06:53:34.234951+00:00", "part": "confirmatory_n39", "total": 1326}
{"comparator": "individual_gradient", "dataset": "paysim", "defense": "unprotected", "done": 1070, "eta_minutes": 150.98530329053648, "failed": 0, "last_update": "2026-10-04T06:54:07.738868+00:00", "part": "confirmatory_n39", "total": 1326}
{"comparator": "individual_gradient", "dataset": "paysim", "defense": "dna_v2_0p95", "done": 1071, "eta_minutes": 150.39622362265513, "failed": 0, "last_update": "2026-10-04T06:54:43.304125+00:00", "part": "confirmatory_n39", "total": 1326}
{"comparator": "individual_gradient", "dataset": "paysim", "defense": "dp_local_eps10", "done": 1072, "eta_minutes": 149.8386869117914, "failed": 0, "last_update": "2026-10-04T06:55:26.858681+00:00", "part": "confirmatory_n39", "total": 1326}
{"comparator": "individual_gradient", "dataset": "paysim", "defense": "dna_v1_conservative", "done": 1073, "eta_minutes": 149.21963634523553, "failed": 0, "last_update": "2026-10-04T06:55:54.839901+00:00", "part": "confirmatory_n39", "total": 1326}
{"comparator": "individual_gradient", "dataset": "paysim", "defense": "unprotected", "done": 1074, "eta_minutes": 148.5160912892006, "failed": 0, "last_update": "2026-10-04T06:56:01.141955+00:00", "part": "confirmatory_n39", "total": 1326}
{"comparator": "individual_gradient", "dataset": "paysim", "defense": "dp_local_eps10", "done": 1075, "eta_minutes": 148.08458343918747, "failed": 0, "last_update": "2026-10-04T06:57:17.063857+00:00", "part": "confirmatory_n39", "total": 1326}
{"comparator": "individual_gradient", "dataset": "paysim", "defense": "dna_v1_conservative", "done": 1076, "eta_minutes": 147.50915809985725, "failed": 0, "last_update": "2026-10-04T06:57:56.220765+00:00", "part": "confirmatory_n39", "total": 1326}
{"comparator": "individual_gradient", "dataset": "paysim", "defense": "dna_v2_0p95", "done": 1077, "eta_minutes": 146.79985476823015, "failed": 0, "last_update": "2026-10-04T06:58:00.671095+00:00", "part": "confirmatory_n39", "total": 1326}
{"comparator": "individual_gradient", "dataset": "paysim", "defense": "unprotected", "done": 1078, "eta_minutes": 146.20431424602728, "failed": 0, "last_update": "2026-10-04T06:58:34.484186+00:00", "part": "confirmatory_n39", "total": 1326}
{"comparator": "individual_gradient", "dataset": "paysim", "defense": "dp_local_eps10", "done": 1079, "eta_minutes": 145.76809506421108, "failed": 0, "last_update": "2026-10-04T06:59:50.040690+00:00", "part": "confirmatory_n39", "total": 1326}
{"comparator": "individual_gradient", "dataset": "paysim", "defense": "dna_v2_0p95", "done": 1080, "eta_minutes": 145.13808798288858, "failed": 0, "last_update": "2026-10-04T07:00:14.952108+00:00", "part": "confirmatory_n39", "total": 1326}
{"comparator": "individual_gradient", "dataset": "paysim", "defense": "dna_v1_conservative", "done": 1081, "eta_minutes": 144.4569917932874, "failed": 0, "last_update": "2026-10-04T07:00:26.233272+00:00", "part": "confirmatory_n39", "total": 1326}
{"comparator": "individual_gradient", "dataset": "paysim", "defense": "unprotected", "done": 1082, "eta_minutes": 143.88703287441055, "failed": 0, "last_update": "2026-10-04T07:01:06.841738+00:00", "part": "confirmatory_n39", "total": 1326}
{"comparator": "individual_gradient", "dataset": "paysim", "defense": "dna_v2_0p95", "done": 1083, "eta_minutes": 143.22167414955155, "failed": 0, "last_update": "2026-10-04T07:01:21.992345+00:00", "part": "confirmatory_n39", "total": 1326}
{"comparator": "individual_gradient", "dataset": "paysim", "defense": "dp_local_eps10", "done": 1084, "eta_minutes": 142.7281955277788, "failed": 0, "last_update": "2026-10-04T07:02:23.132790+00:00", "part": "confirmatory_n39", "total": 1326}
{"comparator": "individual_gradient", "dataset": "paysim", "defense": "unprotected", "done": 1085, "eta_minutes": 142.06197978139838, "failed": 0, "last_update": "2026-10-04T07:02:37.874382+00:00", "part": "confirmatory_n39", "total": 1326}
{"comparator": "individual_gradient", "dataset": "paysim", "defense": "dna_v1_conservative", "done": 1086, "eta_minutes": 141.36836689831364, "failed": 0, "last_update": "2026-10-04T07:02:44.967387+00:00", "part": "confirmatory_n39", "total": 1326}
{"comparator": "individual_gradient", "dataset": "paysim", "defense": "dna_v2_0p95", "done": 1087, "eta_minutes": 140.8805028699176, "failed": 0, "last_update": "2026-10-04T07:03:47.917675+00:00", "part": "confirmatory_n39", "total": 1326}
{"comparator": "individual_gradient", "dataset": "paysim", "defense": "dp_local_eps10", "done": 1088, "eta_minutes": 140.28555367576578, "failed": 0, "last_update": "2026-10-04T07:04:21.779056+00:00", "part": "confirmatory_n39", "total": 1326}
{"comparator": "individual_gradient", "dataset": "paysim", "defense": "dna_v1_conservative", "done": 1089, "eta_minutes": 139.6806735866107, "failed": 0, "last_update": "2026-10-04T07:04:52.887040+00:00", "part": "confirmatory_n39", "total": 1326}
{"comparator": "individual_gradient", "dataset": "paysim", "defense": "unprotected", "done": 1090, "eta_minutes": 139.0101086108765, "failed": 0, "last_update": "2026-10-04T07:05:05.748587+00:00", "part": "confirmatory_n39", "total": 1326}
{"comparator": "individual_gradient", "dataset": "paysim", "defense": "dp_local_eps10", "done": 1091, "eta_minutes": 138.63959087742384, "failed": 0, "last_update": "2026-10-04T07:06:41.956272+00:00", "part": "confirmatory_n39", "total": 1326}
{"comparator": "individual_gradient", "dataset": "paysim", "defense": "dna_v1_conservative", "done": 1092, "eta_minutes": 137.9677500997271, "failed": 0, "last_update": "2026-10-04T07:06:54.425803+00:00", "part": "confirmatory_n39", "total": 1326}
{"comparator": "individual_gradient", "dataset": "paysim", "defense": "dna_v2_0p95", "done": 1093, "eta_minutes": 137.27611317039083, "failed": 0, "last_update": "2026-10-04T07:07:01.084540+00:00", "part": "confirmatory_n39", "total": 1326}
{"comparator": "individual_gradient", "dataset": "paysim", "defense": "unprotected", "done": 1094, "eta_minutes": 136.76449405282537, "failed": 0, "last_update": "2026-10-04T07:07:58.375561+00:00", "part": "confirmatory_n39", "total": 1326}
{"comparator": "individual_gradient", "dataset": "paysim", "defense": "dna_v2_0p95", "done": 1095, "eta_minutes": 136.12417306721483, "failed": 0, "last_update": "2026-10-04T07:08:19.292009+00:00", "part": "confirmatory_n39", "total": 1326}
{"comparator": "individual_gradient", "dataset": "paysim", "defense": "dp_local_eps10", "done": 1096, "eta_minutes": 135.60652397014655, "failed": 0, "last_update": "2026-10-04T07:09:15.129761+00:00", "part": "confirmatory_n39", "total": 1326}
{"comparator": "individual_gradient", "dataset": "paysim", "defense": "unprotected", "done": 1097, "eta_minutes": 134.96180031157235, "failed": 0, "last_update": "2026-10-04T07:09:34.659685+00:00", "part": "confirmatory_n39", "total": 1326}
{"comparator": "individual_gradient", "dataset": "paysim", "defense": "dna_v1_conservative", "done": 1098, "eta_minutes": 134.35532920812216, "failed": 0, "last_update": "2026-10-04T07:10:05.074582+00:00", "part": "confirmatory_n39", "total": 1326}
{"comparator": "individual_gradient", "dataset": "paysim", "defense": "dna_v2_0p95", "done": 1099, "eta_minutes": 133.71068766757796, "failed": 0, "last_update": "2026-10-04T07:10:24.348926+00:00", "part": "confirmatory_n39", "total": 1326}
{"comparator": "individual_gradient", "dataset": "paysim", "defense": "dp_local_eps10", "done": 1100, "eta_minutes": 133.19864849824617, "failed": 0, "last_update": "2026-10-04T07:11:22.176135+00:00", "part": "confirmatory_n39", "total": 1326}
{"comparator": "individual_gradient", "dataset": "paysim", "defense": "unprotected", "done": 1101, "eta_minutes": 132.555738528353, "failed": 0, "last_update": "2026-10-04T07:11:41.820607+00:00", "part": "confirmatory_n39", "total": 1326}
{"comparator": "individual_gradient", "dataset": "paysim", "defense": "dna_v1_conservative", "done": 1102, "eta_minutes": 131.86435472104165, "failed": 0, "last_update": "2026-10-04T07:11:46.987624+00:00", "part": "confirmatory_n39", "total": 1326}
{"comparator": "individual_gradient", "dataset": "paysim", "defense": "dna_v2_0p95", "done": 1103, "eta_minutes": 131.39732624109362, "failed": 0, "last_update": "2026-10-04T07:12:58.411157+00:00", "part": "confirmatory_n39", "total": 1326}
{"comparator": "individual_gradient", "dataset": "paysim", "defense": "dp_local_eps10", "done": 1104, "eta_minutes": 130.70153090431208, "failed": 0, "last_update": "2026-10-04T07:13:01.966620+00:00", "part": "confirmatory_n39", "total": 1326}
{"comparator": "individual_gradient", "dataset": "paysim", "defense": "dna_v1_conservative", "done": 1105, "eta_minutes": 130.16128138303756, "failed": 0, "last_update": "2026-10-04T07:13:51.840192+00:00", "part": "confirmatory_n39", "total": 1326}
{"comparator": "individual_gradient", "dataset": "paysim", "defense": "unprotected", "done": 1106, "eta_minutes": 129.5352868227588, "failed": 0, "last_update": "2026-10-04T07:14:16.008652+00:00", "part": "confirmatory_n39", "total": 1326}
{"comparator": "individual_gradient", "dataset": "paysim", "defense": "dna_v2_0p95", "done": 1107, "eta_minutes": 128.99086708585315, "failed": 0, "last_update": "2026-10-04T07:15:04.795465+00:00", "part": "confirmatory_n39", "total": 1326}
{"comparator": "individual_gradient", "dataset": "paysim", "defense": "dna_v1_conservative", "done": 1108, "eta_minutes": 128.37167705899253, "failed": 0, "last_update": "2026-10-04T07:15:30.928655+00:00", "part": "confirmatory_n39", "total": 1326}
{"comparator": "individual_gradient", "dataset": "paysim", "defense": "dp_local_eps10", "done": 1109, "eta_minutes": 127.68214149887511, "failed": 0, "last_update": "2026-10-04T07:15:35.389854+00:00", "part": "confirmatory_n39", "total": 1326}
{"comparator": "individual_gradient", "dataset": "paysim", "defense": "unprotected", "done": 1110, "eta_minutes": 127.13290570619942, "failed": 0, "last_update": "2026-10-04T07:16:22.768369+00:00", "part": "confirmatory_n39", "total": 1326}
{"comparator": "individual_gradient", "dataset": "paysim", "defense": "dna_v2_0p95", "done": 1111, "eta_minutes": 126.60184042633672, "failed": 0, "last_update": "2026-10-04T07:17:15.914767+00:00", "part": "confirmatory_n39", "total": 1326}
{"comparator": "individual_gradient", "dataset": "paysim", "defense": "dp_local_eps10", "done": 1112, "eta_minutes": 125.97731122739022, "failed": 0, "last_update": "2026-10-04T07:17:40.120282+00:00", "part": "confirmatory_n39", "total": 1326}
{"comparator": "individual_gradient", "dataset": "paysim", "defense": "dna_v1_conservative", "done": 1113, "eta_minutes": 125.33805961304705, "failed": 0, "last_update": "2026-10-04T07:17:59.585451+00:00", "part": "confirmatory_n39", "total": 1326}
{"comparator": "individual_gradient", "dataset": "paysim", "defense": "unprotected", "done": 1114, "eta_minutes": 124.7383481450312, "failed": 0, "last_update": "2026-10-04T07:18:31.338734+00:00", "part": "confirmatory_n39", "total": 1326}
{"comparator": "individual_gradient", "dataset": "paysim", "defense": "dp_local_eps10", "done": 1115, "eta_minutes": 124.27867318608124, "failed": 0, "last_update": "2026-10-04T07:19:47.452155+00:00", "part": "confirmatory_n39", "total": 1326}
{"comparator": "individual_gradient", "dataset": "paysim", "defense": "dna_v2_0p95", "done": 1116, "eta_minutes": 123.59718811928586, "failed": 0, "last_update": "2026-10-04T07:19:53.302041+00:00", "part": "confirmatory_n39", "total": 1326}
{"comparator": "individual_gradient", "dataset": "paysim", "defense": "dna_v1_conservative", "done": 1117, "eta_minutes": 123.07476696298927, "failed": 0, "last_update": "2026-10-04T07:20:49.823626+00:00", "part": "confirmatory_n39", "total": 1326}
{"comparator": "individual_gradient", "dataset": "paysim", "defense": "unprotected", "done": 1118, "eta_minutes": 122.42237918395405, "failed": 0, "last_update": "2026-10-04T07:21:04.673058+00:00", "part": "confirmatory_n39", "total": 1326}
{"comparator": "individual_gradient", "dataset": "paysim", "defense": "dna_v1_conservative", "done": 1119, "eta_minutes": 121.96429701442693, "failed": 0, "last_update": "2026-10-04T07:22:22.310371+00:00", "part": "confirmatory_n39", "total": 1326}
{"comparator": "individual_gradient", "dataset": "paysim", "defense": "dna_v2_0p95", "done": 1120, "eta_minutes": 121.27214137532881, "failed": 0, "last_update": "2026-10-04T07:22:24.076646+00:00", "part": "confirmatory_n39", "total": 1326}
{"comparator": "individual_gradient", "dataset": "paysim", "defense": "dp_local_eps10", "done": 1121, "eta_minutes": 120.62885184894884, "failed": 0, "last_update": "2026-10-04T07:22:41.487836+00:00", "part": "confirmatory_n39", "total": 1326}
{"comparator": "individual_gradient", "dataset": "paysim", "defense": "unprotected", "done": 1122, "eta_minutes": 120.10896236968763, "failed": 0, "last_update": "2026-10-04T07:23:39.413344+00:00", "part": "confirmatory_n39", "total": 1326}
{"comparator": "individual_gradient", "dataset": "paysim", "defense": "dna_v2_0p95", "done": 1123, "eta_minutes": 119.52327414288581, "failed": 0, "last_update": "2026-10-04T07:24:15.762235+00:00", "part": "confirmatory_n39", "total": 1326}
{"comparator": "individual_gradient", "dataset": "paysim", "defense": "dna_v1_conservative", "done": 1124, "eta_minutes": 118.94626324203655, "failed": 0, "last_update": "2026-10-04T07:24:55.020071+00:00", "part": "confirmatory_n39", "total": 1326}
{"comparator": "individual_gradient", "dataset": "paysim", "defense": "dp_local_eps10", "done": 1125, "eta_minutes": 118.25981853866577, "failed": 0, "last_update": "2026-10-04T07:24:57.573938+00:00", "part": "confirmatory_n39", "total": 1326}
{"comparator": "individual_gradient", "dataset": "paysim", "defense": "unprotected", "done": 1126, "eta_minutes": 117.679547113099, "failed": 0, "last_update": "2026-10-04T07:25:35.606790+00:00", "part": "confirmatory_n39", "total": 1326}
{"comparator": "individual_gradient", "dataset": "paysim", "defense": "dna_v2_0p95", "done": 1127, "eta_minutes": 117.0848642939895, "failed": 0, "last_update": "2026-10-04T07:26:08.774983+00:00", "part": "confirmatory_n39", "total": 1326}
{"comparator": "individual_gradient", "dataset": "paysim", "defense": "dp_local_eps10", "done": 1128, "eta_minutes": 116.52680244800892, "failed": 0, "last_update": "2026-10-04T07:26:54.435517+00:00", "part": "confirmatory_n39", "total": 1326}
{"comparator": "individual_gradient", "dataset": "paysim", "defense": "dna_v1_conservative", "done": 1129, "eta_minutes": 115.9327160701028, "failed": 0, "last_update": "2026-10-04T07:27:27.832358+00:00", "part": "confirmatory_n39", "total": 1326}
{"comparator": "individual_gradient", "dataset": "paysim", "defense": "unprotected", "done": 1130, "eta_minutes": 115.24232895616232, "failed": 0, "last_update": "2026-10-04T07:27:27.894053+00:00", "part": "confirmatory_n39", "total": 1326}
{"comparator": "individual_gradient", "dataset": "paysim", "defense": "dp_local_eps10", "done": 1131, "eta_minutes": 114.77705976675296, "failed": 0, "last_update": "2026-10-04T07:28:45.872572+00:00", "part": "confirmatory_n39", "total": 1326}
{"comparator": "individual_gradient", "dataset": "paysim", "defense": "dna_v2_0p95", "done": 1132, "eta_minutes": 114.19081208319069, "failed": 0, "last_update": "2026-10-04T07:29:22.012253+00:00", "part": "confirmatory_n39", "total": 1326}
{"comparator": "individual_gradient", "dataset": "paysim", "defense": "dna_v1_conservative", "done": 1133, "eta_minutes": 113.51476445015334, "failed": 0, "last_update": "2026-10-04T07:29:26.531866+00:00", "part": "confirmatory_n39", "total": 1326}
{"comparator": "individual_gradient", "dataset": "paysim", "defense": "unprotected", "done": 1134, "eta_minutes": 112.93902573560281, "failed": 0, "last_update": "2026-10-04T07:30:06.223017+00:00", "part": "confirmatory_n39", "total": 1326}
{"comparator": "individual_gradient", "dataset": "paysim", "defense": "dna_v2_0p95", "done": 1135, "eta_minutes": 112.39351297994367, "failed": 0, "last_update": "2026-10-04T07:30:56.744956+00:00", "part": "confirmatory_n39", "total": 1326}
{"comparator": "individual_gradient", "dataset": "paysim", "defense": "dp_local_eps10", "done": 1136, "eta_minutes": 111.847789930136, "failed": 0, "last_update": "2026-10-04T07:31:47.378720+00:00", "part": "confirmatory_n39", "total": 1326}
{"comparator": "individual_gradient", "dataset": "paysim", "defense": "dna_v1_conservative", "done": 1137, "eta_minutes": 111.19454412224425, "failed": 0, "last_update": "2026-10-04T07:31:59.391224+00:00", "part": "confirmatory_n39", "total": 1326}
{"comparator": "individual_gradient", "dataset": "paysim", "defense": "unprotected", "done": 1138, "eta_minutes": 110.56031220710689, "failed": 0, "last_update": "2026-10-04T07:32:18.020226+00:00", "part": "confirmatory_n39", "total": 1326}
{"comparator": "individual_gradient", "dataset": "paysim", "defense": "dna_v2_0p95", "done": 1139, "eta_minutes": 109.99917706263005, "failed": 0, "last_update": "2026-10-04T07:33:03.155028+00:00", "part": "confirmatory_n39", "total": 1326}
{"comparator": "individual_gradient", "dataset": "paysim", "defense": "dp_local_eps10", "done": 1140, "eta_minutes": 109.41245939160648, "failed": 0, "last_update": "2026-10-04T07:33:39.005352+00:00", "part": "confirmatory_n39", "total": 1326}
{"comparator": "individual_gradient", "dataset": "paysim", "defense": "unprotected", "done": 1141, "eta_minutes": 108.84889018906509, "failed": 0, "last_update": "2026-10-04T07:34:23.428851+00:00", "part": "confirmatory_n39", "total": 1326}
{"comparator": "individual_gradient", "dataset": "paysim", "defense": "dna_v1_conservative", "done": 1142, "eta_minutes": 108.17468524535914, "failed": 0, "last_update": "2026-10-04T07:34:26.767909+00:00", "part": "confirmatory_n39", "total": 1326}
{"comparator": "individual_gradient", "dataset": "paysim", "defense": "dna_v2_0p95", "done": 1143, "eta_minutes": 107.66907156547327, "failed": 0, "last_update": "2026-10-04T07:35:32.881610+00:00", "part": "confirmatory_n39", "total": 1326}
{"comparator": "individual_gradient", "dataset": "paysim", "defense": "dp_local_eps10", "done": 1144, "eta_minutes": 107.01703243851662, "failed": 0, "last_update": "2026-10-04T07:35:44.165152+00:00", "part": "confirmatory_n39", "total": 1326}
{"comparator": "individual_gradient", "dataset": "paysim", "defense": "dna_v1_conservative", "done": 1145, "eta_minutes": 106.51590846214405, "failed": 0, "last_update": "2026-10-04T07:36:52.422134+00:00", "part": "confirmatory_n39", "total": 1326}
{"comparator": "individual_gradient", "dataset": "paysim", "defense": "unprotected", "done": 1146, "eta_minutes": 105.88522098638624, "failed": 0, "last_update": "2026-10-04T07:37:11.610193+00:00", "part": "confirmatory_n39", "total": 1326}
{"comparator": "individual_gradient", "dataset": "paysim", "defense": "dna_v2_0p95", "done": 1147, "eta_minutes": 105.310537756934, "failed": 0, "last_update": "2026-10-04T07:37:52.121742+00:00", "part": "confirmatory_n39", "total": 1326}
{"comparator": "individual_gradient", "dataset": "paysim", "defense": "dna_v1_conservative", "done": 1148, "eta_minutes": 104.6925017637312, "failed": 0, "last_update": "2026-10-04T07:38:15.924983+00:00", "part": "confirmatory_n39", "total": 1326}
{"comparator": "individual_gradient", "dataset": "paysim", "defense": "dp_local_eps10", "done": 1149, "eta_minutes": 104.05213807878336, "failed": 0, "last_update": "2026-10-04T07:38:30.881757+00:00", "part": "confirmatory_n39", "total": 1326}
{"comparator": "individual_gradient", "dataset": "paysim", "defense": "unprotected", "done": 1150, "eta_minutes": 103.52664837220784, "failed": 0, "last_update": "2026-10-04T07:39:30.607693+00:00", "part": "confirmatory_n39", "total": 1326}
{"comparator": "individual_gradient", "dataset": "paysim", "defense": "dna_v2_0p95", "done": 1151, "eta_minutes": 102.97999269464138, "failed": 0, "last_update": "2026-10-04T07:40:22.303177+00:00", "part": "confirmatory_n39", "total": 1326}
{"comparator": "individual_gradient", "dataset": "paysim", "defense": "dna_v1_conservative", "done": 1152, "eta_minutes": 102.36786170270709, "failed": 0, "last_update": "2026-10-04T07:40:48.206351+00:00", "part": "confirmatory_n39", "total": 1326}
{"comparator": "individual_gradient", "dataset": "paysim", "defense": "dp_local_eps10", "done": 1153, "eta_minutes": 101.6985406363207, "failed": 0, "last_update": "2026-10-04T07:40:51.114972+00:00", "part": "confirmatory_n39", "total": 1326}
{"comparator": "individual_gradient", "dataset": "paysim", "defense": "unprotected", "done": 1154, "eta_minutes": 101.14912885105865, "failed": 0, "last_update": "2026-10-04T07:41:41.860884+00:00", "part": "confirmatory_n39", "total": 1326}
{"comparator": "individual_gradient", "dataset": "paysim", "defense": "dna_v2_0p95", "done": 1155, "eta_minutes": 100.51513540828383, "failed": 0, "last_update": "2026-10-04T07:41:58.536969+00:00", "part": "confirmatory_n39", "total": 1326}
{"comparator": "individual_gradient", "dataset": "paysim", "defense": "dp_local_eps10", "done": 1156, "eta_minutes": 99.9901578671792, "failed": 0, "last_update": "2026-10-04T07:42:59.440169+00:00", "part": "confirmatory_n39", "total": 1326}
{"comparator": "individual_gradient", "dataset": "paysim", "defense": "dna_v1_conservative", "done": 1157, "eta_minutes": 99.37299551227119, "failed": 0, "last_update": "2026-10-04T07:43:22.824703+00:00", "part": "confirmatory_n39", "total": 1326}
{"comparator": "individual_gradient", "dataset": "paysim", "defense": "unprotected", "done": 1158, "eta_minutes": 98.73563912964856, "failed": 0, "last_update": "2026-10-04T07:43:37.695079+00:00", "part": "confirmatory_n39", "total": 1326}
{"comparator": "individual_gradient", "dataset": "paysim", "defense": "dna_v2_0p95", "done": 1159, "eta_minutes": 98.16653636764582, "failed": 0, "last_update": "2026-10-04T07:44:20.706903+00:00", "part": "confirmatory_n39", "total": 1326}
{"comparator": "individual_gradient", "dataset": "paysim", "defense": "dp_local_eps10", "done": 1160, "eta_minutes": 97.57945705098669, "failed": 0, "last_update": "2026-10-04T07:44:56.288356+00:00", "part": "confirmatory_n39", "total": 1326}
{"comparator": "individual_gradient", "dataset": "paysim", "defense": "dna_v1_conservative", "done": 1161, "eta_minutes": 97.00096055339063, "failed": 0, "last_update": "2026-10-04T07:45:35.497653+00:00", "part": "confirmatory_n39", "total": 1326}
{"comparator": "individual_gradient", "dataset": "paysim", "defense": "unprotected", "done": 1162, "eta_minutes": 96.34042513036755, "failed": 0, "last_update": "2026-10-04T07:45:39.885275+00:00", "part": "confirmatory_n39", "total": 1326}
{"comparator": "individual_gradient", "dataset": "paysim", "defense": "dna_v2_0p95", "done": 1163, "eta_minutes": 95.83499897294413, "failed": 0, "last_update": "2026-10-04T07:46:50.242452+00:00", "part": "confirmatory_n39", "total": 1326}
{"comparator": "individual_gradient", "dataset": "paysim", "defense": "dp_local_eps10", "done": 1164, "eta_minutes": 95.18182061253134, "failed": 0, "last_update": "2026-10-04T07:46:57.396202+00:00", "part": "confirmatory_n39", "total": 1326}
{"comparator": "individual_gradient", "dataset": "paysim", "defense": "dna_v1_conservative", "done": 1165, "eta_minutes": 94.58768669083734, "failed": 0, "last_update": "2026-10-04T07:47:29.786809+00:00", "part": "confirmatory_n39", "total": 1326}
{"comparator": "individual_gradient", "dataset": "paysim", "defense": "unprotected", "done": 1166, "eta_minutes": 94.01020136528386, "failed": 0, "last_update": "2026-10-04T07:48:09.416311+00:00", "part": "confirmatory_n39", "total": 1326}
{"comparator": "individual_gradient", "dataset": "paysim", "defense": "dna_v2_0p95", "done": 1167, "eta_minutes": 93.46196244034691, "failed": 0, "last_update": "2026-10-04T07:49:01.987896+00:00", "part": "confirmatory_n39", "total": 1326}
{"comparator": "individual_gradient", "dataset": "paysim", "defense": "dp_local_eps10", "done": 1168, "eta_minutes": 92.85704211834903, "failed": 0, "last_update": "2026-10-04T07:49:29.667855+00:00", "part": "confirmatory_n39", "total": 1326}
{"comparator": "individual_gradient", "dataset": "paysim", "defense": "dna_v1_conservative", "done": 1169, "eta_minutes": 92.20084160132595, "failed": 0, "last_update": "2026-10-04T07:49:34.328578+00:00", "part": "confirmatory_n39", "total": 1326}
{"comparator": "individual_gradient", "dataset": "paysim", "defense": "unprotected", "done": 1170, "eta_minutes": 91.64426429748534, "failed": 0, "last_update": "2026-10-04T07:50:23.374711+00:00", "part": "confirmatory_n39", "total": 1326}
{"comparator": "individual_gradient", "dataset": "paysim", "defense": "dna_v2_0p95", "done": 1171, "eta_minutes": 91.10513336942503, "failed": 0, "last_update": "2026-10-04T07:51:20.531067+00:00", "part": "confirmatory_n39", "total": 1326}
{"comparator": "individual_gradient", "dataset": "paysim", "defense": "dp_local_eps10", "done": 1172, "eta_minutes": 90.49337002298665, "failed": 0, "last_update": "2026-10-04T07:51:44.843947+00:00", "part": "confirmatory_n39", "total": 1326}
{"comparator": "individual_gradient", "dataset": "paysim", "defense": "dna_v1_conservative", "done": 1173, "eta_minutes": 89.87754379096238, "failed": 0, "last_update": "2026-10-04T07:52:07.125916+00:00", "part": "confirmatory_n39", "total": 1326}
{"comparator": "individual_gradient", "dataset": "paysim", "defense": "unprotected", "done": 1174, "eta_minutes": 89.28868873307543, "failed": 0, "last_update": "2026-10-04T07:52:41.713895+00:00", "part": "confirmatory_n39", "total": 1326}
{"comparator": "individual_gradient", "dataset": "paysim", "defense": "dna_v2_0p95", "done": 1175, "eta_minutes": 88.68007357637933, "failed": 0, "last_update": "2026-10-04T07:53:07.066282+00:00", "part": "confirmatory_n39", "total": 1326}
{"comparator": "individual_gradient", "dataset": "paysim", "defense": "dp_local_eps10", "done": 1176, "eta_minutes": 88.17057376664107, "failed": 0, "last_update": "2026-10-04T07:54:18.893650+00:00", "part": "confirmatory_n39", "total": 1326}
{"comparator": "individual_gradient", "dataset": "paysim", "defense": "unprotected", "done": 1177, "eta_minutes": 87.5203948506685, "failed": 0, "last_update": "2026-10-04T07:54:24.598622+00:00", "part": "confirmatory_n39", "total": 1326}
{"comparator": "individual_gradient", "dataset": "paysim", "defense": "dna_v1_conservative", "done": 1178, "eta_minutes": 86.92822637089782, "failed": 0, "last_update": "2026-10-04T07:54:57.557395+00:00", "part": "confirmatory_n39", "total": 1326}
{"comparator": "individual_gradient", "dataset": "paysim", "defense": "dna_v2_0p95", "done": 1179, "eta_minutes": 86.34297908352431, "failed": 0, "last_update": "2026-10-04T07:55:33.811824+00:00", "part": "confirmatory_n39", "total": 1326}
{"comparator": "individual_gradient", "dataset": "paysim", "defense": "dp_local_eps10", "done": 1180, "eta_minutes": 85.77143525925733, "failed": 0, "last_update": "2026-10-04T07:56:16.727119+00:00", "part": "confirmatory_n39", "total": 1326}
{"comparator": "individual_gradient", "dataset": "paysim", "defense": "unprotected", "done": 1181, "eta_minutes": 85.18566969690639, "failed": 0, "last_update": "2026-10-04T07:56:52.811311+00:00", "part": "confirmatory_n39", "total": 1326}
{"comparator": "individual_gradient", "dataset": "paysim", "defense": "dna_v1_conservative", "done": 1182, "eta_minutes": 84.60499903538506, "failed": 0, "last_update": "2026-10-04T07:57:31.417798+00:00", "part": "confirmatory_n39", "total": 1326}
{"comparator": "individual_gradient", "dataset": "paysim", "defense": "dna_v2_0p95", "done": 1183, "eta_minutes": 83.98610000990249, "failed": 0, "last_update": "2026-10-04T07:57:51.101779+00:00", "part": "confirmatory_n39", "total": 1326}
{"comparator": "individual_gradient", "dataset": "paysim", "defense": "dp_local_eps10", "done": 1184, "eta_minutes": 83.45192868705537, "failed": 0, "last_update": "2026-10-04T07:58:52.927673+00:00", "part": "confirmatory_n39", "total": 1326}
{"comparator": "individual_gradient", "dataset": "paysim", "defense": "dna_v1_conservative", "done": 1185, "eta_minutes": 82.79716154993838, "failed": 0, "last_update": "2026-10-04T07:58:54.364896+00:00", "part": "confirmatory_n39", "total": 1326}
{"comparator": "individual_gradient", "dataset": "paysim", "defense": "unprotected", "done": 1186, "eta_minutes": 82.17600134130674, "failed": 0, "last_update": "2026-10-04T07:59:12.343316+00:00", "part": "confirmatory_n39", "total": 1326}
{"comparator": "individual_gradient", "dataset": "paysim", "defense": "dna_v2_0p95", "done": 1187, "eta_minutes": 81.65764236723697, "failed": 0, "last_update": "2026-10-04T08:00:22.716849+00:00", "part": "confirmatory_n39", "total": 1326}
{"comparator": "individual_gradient", "dataset": "paysim", "defense": "dp_local_eps10", "done": 1188, "eta_minutes": 81.01502663242294, "failed": 0, "last_update": "2026-10-04T08:00:29.478227+00:00", "part": "confirmatory_n39", "total": 1326}
{"comparator": "individual_gradient", "dataset": "paysim", "defense": "dna_v1_conservative", "done": 1189, "eta_minutes": 80.46453689262249, "failed": 0, "last_update": "2026-10-04T08:01:23.748198+00:00", "part": "confirmatory_n39", "total": 1326}
{"comparator": "individual_gradient", "dataset": "paysim", "defense": "unprotected", "done": 1190, "eta_minutes": 79.84107708749318, "failed": 0, "last_update": "2026-10-04T08:01:40.021247+00:00", "part": "confirmatory_n39", "total": 1326}
{"comparator": "individual_gradient", "dataset": "paysim", "defense": "dna_v2_0p95", "done": 1191, "eta_minutes": 79.26185067880064, "failed": 0, "last_update": "2026-10-04T08:02:19.395400+00:00", "part": "confirmatory_n39", "total": 1326}
{"comparator": "individual_gradient", "dataset": "paysim", "defense": "dp_local_eps10", "done": 1192, "eta_minutes": 78.68216508024891, "failed": 0, "last_update": "2026-10-04T08:02:58.593433+00:00", "part": "confirmatory_n39", "total": 1326}
{"comparator": "individual_gradient", "dataset": "paysim", "defense": "dna_v1_conservative", "done": 1193, "eta_minutes": 78.03461805964422, "failed": 0, "last_update": "2026-10-04T08:03:01.335175+00:00", "part": "confirmatory_n39", "total": 1326}
{"comparator": "individual_gradient", "dataset": "paysim", "defense": "unprotected", "done": 1194, "eta_minutes": 77.4512423554058, "failed": 0, "last_update": "2026-10-04T08:03:38.357309+00:00", "part": "confirmatory_n39", "total": 1326}
{"comparator": "individual_gradient", "dataset": "paysim", "defense": "dna_v2_0p95", "done": 1195, "eta_minutes": 76.9248641145911, "failed": 0, "last_update": "2026-10-04T08:04:46.606594+00:00", "part": "confirmatory_n39", "total": 1326}
{"comparator": "individual_gradient", "dataset": "paysim", "defense": "dp_local_eps10", "done": 1196, "eta_minutes": 76.29431654836822, "failed": 0, "last_update": "2026-10-04T08:04:57.918508+00:00", "part": "confirmatory_n39", "total": 1326}
{"comparator": "individual_gradient", "dataset": "paysim", "defense": "dna_v1_conservative", "done": 1197, "eta_minutes": 75.70782947600038, "failed": 0, "last_update": "2026-10-04T08:05:33.349673+00:00", "part": "confirmatory_n39", "total": 1326}
{"comparator": "individual_gradient", "dataset": "paysim", "defense": "unprotected", "done": 1198, "eta_minutes": 75.1167630296982, "failed": 0, "last_update": "2026-10-04T08:06:06.213014+00:00", "part": "confirmatory_n39", "total": 1326}
{"comparator": "individual_gradient", "dataset": "paysim", "defense": "dna_v2_0p95", "done": 1199, "eta_minutes": 74.50677883037105, "failed": 0, "last_update": "2026-10-04T08:06:28.319309+00:00", "part": "confirmatory_n39", "total": 1326}
{"comparator": "individual_gradient", "dataset": "paysim", "defense": "dp_local_eps10", "done": 1200, "eta_minutes": 73.95303820443154, "failed": 0, "last_update": "2026-10-04T08:07:22.334737+00:00", "part": "confirmatory_n39", "total": 1326}
{"comparator": "individual_gradient", "dataset": "paysim", "defense": "dna_v1_conservative", "done": 1201, "eta_minutes": 73.31926270992663, "failed": 0, "last_update": "2026-10-04T08:07:30.544337+00:00", "part": "confirmatory_n39", "total": 1326}
{"comparator": "individual_gradient", "dataset": "paysim", "defense": "unprotected", "done": 1202, "eta_minutes": 72.73222106172189, "failed": 0, "last_update": "2026-10-04T08:08:05.454026+00:00", "part": "confirmatory_n39", "total": 1326}
{"comparator": "individual_gradient", "dataset": "paysim", "defense": "dna_v2_0p95", "done": 1203, "eta_minutes": 72.1810412951043, "failed": 0, "last_update": "2026-10-04T08:09:01.403425+00:00", "part": "confirmatory_n39", "total": 1326}
{"comparator": "individual_gradient", "dataset": "paysim", "defense": "dp_local_eps10", "done": 1204, "eta_minutes": 71.57075726038725, "failed": 0, "last_update": "2026-10-04T08:09:22.730404+00:00", "part": "confirmatory_n39", "total": 1326}
{"comparator": "individual_gradient", "dataset": "paysim", "defense": "dna_v1_conservative", "done": 1205, "eta_minutes": 70.97846681113064, "failed": 0, "last_update": "2026-10-04T08:09:54.556193+00:00", "part": "confirmatory_n39", "total": 1326}
{"comparator": "individual_gradient", "dataset": "paysim", "defense": "unprotected", "done": 1206, "eta_minutes": 70.37873007764864, "failed": 0, "last_update": "2026-10-04T08:10:21.830012+00:00", "part": "confirmatory_n39", "total": 1326}
{"comparator": "individual_gradient", "dataset": "paysim", "defense": "dna_v2_0p95", "done": 1207, "eta_minutes": 69.79523175221654, "failed": 0, "last_update": "2026-10-04T08:10:58.839671+00:00", "part": "confirmatory_n39", "total": 1326}
{"comparator": "individual_gradient", "dataset": "paysim", "defense": "dp_local_eps10", "done": 1208, "eta_minutes": 69.21984114959409, "failed": 0, "last_update": "2026-10-04T08:11:40.863285+00:00", "part": "confirmatory_n39", "total": 1326}
{"comparator": "individual_gradient", "dataset": "paysim", "defense": "dna_v1_conservative", "done": 1209, "eta_minutes": 68.59885370962083, "failed": 0, "last_update": "2026-10-04T08:11:54.745074+00:00", "part": "confirmatory_n39", "total": 1326}
{"comparator": "individual_gradient", "dataset": "paysim", "defense": "unprotected", "done": 1210, "eta_minutes": 67.9931056889358, "failed": 0, "last_update": "2026-10-04T08:12:17.761576+00:00", "part": "confirmatory_n39", "total": 1326}
{"comparator": "individual_gradient", "dataset": "paysim", "defense": "dna_v2_0p95", "done": 1211, "eta_minutes": 67.45538860567667, "failed": 0, "last_update": "2026-10-04T08:13:23.529984+00:00", "part": "confirmatory_n39", "total": 1326}
{"comparator": "individual_gradient", "dataset": "paysim", "defense": "dp_local_eps10", "done": 1212, "eta_minutes": 66.83805876311295, "failed": 0, "last_update": "2026-10-04T08:13:39.101676+00:00", "part": "confirmatory_n39", "total": 1326}
{"comparator": "individual_gradient", "dataset": "paysim", "defense": "dna_v1_conservative", "done": 1213, "eta_minutes": 66.25675796129181, "failed": 0, "last_update": "2026-10-04T08:14:17.498643+00:00", "part": "confirmatory_n39", "total": 1326}
{"comparator": "individual_gradient", "dataset": "paysim", "defense": "unprotected", "done": 1214, "eta_minutes": 65.66125533754914, "failed": 0, "last_update": "2026-10-04T08:14:46.722193+00:00", "part": "confirmatory_n39", "total": 1326}
{"comparator": "individual_gradient", "dataset": "paysim", "defense": "dna_v2_0p95", "done": 1215, "eta_minutes": 65.08225792747466, "failed": 0, "last_update": "2026-10-04T08:15:26.668413+00:00", "part": "confirmatory_n39", "total": 1326}
{"comparator": "individual_gradient", "dataset": "paysim", "defense": "dp_local_eps10", "done": 1216, "eta_minutes": 64.50409906615683, "failed": 0, "last_update": "2026-10-04T08:16:07.265483+00:00", "part": "confirmatory_n39", "total": 1326}
{"comparator": "individual_gradient", "dataset": "paysim", "defense": "unprotected", "done": 1217, "eta_minutes": 63.92412173470807, "failed": 0, "last_update": "2026-10-04T08:16:46.752735+00:00", "part": "confirmatory_n39", "total": 1326}
{"comparator": "individual_gradient", "dataset": "paysim", "defense": "dna_v1_conservative", "done": 1218, "eta_minutes": 63.29633979750385, "failed": 0, "last_update": "2026-10-04T08:16:53.979040+00:00", "part": "confirmatory_n39", "total": 1326}
{"comparator": "individual_gradient", "dataset": "paysim", "defense": "dna_v2_0p95", "done": 1219, "eta_minutes": 62.73413091063141, "failed": 0, "last_update": "2026-10-04T08:17:45.458904+00:00", "part": "confirmatory_n39", "total": 1326}
{"comparator": "individual_gradient", "dataset": "paysim", "defense": "dp_local_eps10", "done": 1220, "eta_minutes": 62.13648384514402, "failed": 0, "last_update": "2026-10-04T08:18:12.801225+00:00", "part": "confirmatory_n39", "total": 1326}
{"comparator": "individual_gradient", "dataset": "paysim", "defense": "dna_v1_conservative", "done": 1221, "eta_minutes": 61.5435110175346, "failed": 0, "last_update": "2026-10-04T08:18:43.242601+00:00", "part": "confirmatory_n39", "total": 1326}
{"comparator": "individual_gradient", "dataset": "paysim", "defense": "unprotected", "done": 1222, "eta_minutes": 60.940321432275965, "failed": 0, "last_update": "2026-10-04T08:19:06.382383+00:00", "part": "confirmatory_n39", "total": 1326}
{"comparator": "individual_gradient", "dataset": "paysim", "defense": "dna_v2_0p95", "done": 1223, "eta_minutes": 60.404575801253095, "failed": 0, "last_update": "2026-10-04T08:20:17.317639+00:00", "part": "confirmatory_n39", "total": 1326}
{"comparator": "individual_gradient", "dataset": "paysim", "defense": "dp_local_eps10", "done": 1224, "eta_minutes": 59.78125316500664, "failed": 0, "last_update": "2026-10-04T08:20:25.958051+00:00", "part": "confirmatory_n39", "total": 1326}
{"comparator": "individual_gradient", "dataset": "paysim", "defense": "dna_v1_conservative", "done": 1225, "eta_minutes": 59.17838682172088, "failed": 0, "last_update": "2026-10-04T08:20:48.915494+00:00", "part": "confirmatory_n39", "total": 1326}
{"comparator": "individual_gradient", "dataset": "paysim", "defense": "unprotected", "done": 1226, "eta_minutes": 58.61069863357253, "failed": 0, "last_update": "2026-10-04T08:21:37.485692+00:00", "part": "confirmatory_n39", "total": 1326}
{"comparator": "individual_gradient", "dataset": "paysim", "defense": "dna_v2_0p95", "done": 1227, "eta_minutes": 58.03238902526263, "failed": 0, "last_update": "2026-10-04T08:22:18.450525+00:00", "part": "confirmatory_n39", "total": 1326}
{"comparator": "individual_gradient", "dataset": "paysim", "defense": "dp_local_eps10", "done": 1228, "eta_minutes": 57.4514896142431, "failed": 0, "last_update": "2026-10-04T08:22:57.596131+00:00", "part": "confirmatory_n39", "total": 1326}
{"comparator": "individual_gradient", "dataset": "paysim", "defense": "dna_v1_conservative", "done": 1229, "eta_minutes": 56.82369867130318, "failed": 0, "last_update": "2026-10-04T08:23:01.182968+00:00", "part": "confirmatory_n39", "total": 1326}
{"comparator": "individual_gradient", "dataset": "paysim", "defense": "unprotected", "done": 1230, "eta_minutes": 56.24098044728846, "failed": 0, "last_update": "2026-10-04T08:23:38.709496+00:00", "part": "confirmatory_n39", "total": 1326}
{"comparator": "individual_gradient", "dataset": "paysim", "defense": "dna_v2_0p95", "done": 1231, "eta_minutes": 55.66402764585714, "failed": 0, "last_update": "2026-10-04T08:24:20.772409+00:00", "part": "confirmatory_n39", "total": 1326}
{"comparator": "individual_gradient", "dataset": "paysim", "defense": "dp_local_eps10", "done": 1232, "eta_minutes": 55.086771821053254, "failed": 0, "last_update": "2026-10-04T08:25:02.755489+00:00", "part": "confirmatory_n39", "total": 1326}
{"comparator": "individual_gradient", "dataset": "paysim", "defense": "dna_v1_conservative", "done": 1233, "eta_minutes": 54.498528746067755, "failed": 0, "last_update": "2026-10-04T08:25:36.156381+00:00", "part": "confirmatory_n39", "total": 1326}
{"comparator": "individual_gradient", "dataset": "paysim", "defense": "unprotected", "done": 1234, "eta_minutes": 53.87717650770047, "failed": 0, "last_update": "2026-10-04T08:25:42.870435+00:00", "part": "confirmatory_n39", "total": 1326}
{"comparator": "individual_gradient", "dataset": "paysim", "defense": "dp_local_eps10", "done": 1235, "eta_minutes": 53.34247652852745, "failed": 0, "last_update": "2026-10-04T08:26:59.472375+00:00", "part": "confirmatory_n39", "total": 1326}
{"comparator": "individual_gradient", "dataset": "paysim", "defense": "dna_v2_0p95", "done": 1236, "eta_minutes": 52.75278842073043, "failed": 0, "last_update": "2026-10-04T08:27:31.753420+00:00", "part": "confirmatory_n39", "total": 1326}
{"comparator": "individual_gradient", "dataset": "paysim", "defense": "dna_v1_conservative", "done": 1237, "eta_minutes": 52.125378043434424, "failed": 0, "last_update": "2026-10-04T08:27:32.506997+00:00", "part": "confirmatory_n39", "total": 1326}
{"comparator": "individual_gradient", "dataset": "paysim", "defense": "unprotected", "done": 1238, "eta_minutes": 51.553206692810136, "failed": 0, "last_update": "2026-10-04T08:28:19.048880+00:00", "part": "confirmatory_n39", "total": 1326}
{"comparator": "individual_gradient", "dataset": "paysim", "defense": "dna_v2_0p95", "done": 1239, "eta_minutes": 50.981231307935296, "failed": 0, "last_update": "2026-10-04T08:29:06.038942+00:00", "part": "confirmatory_n39", "total": 1326}
{"comparator": "individual_gradient", "dataset": "paysim", "defense": "dp_local_eps10", "done": 1240, "eta_minutes": 50.39528892890741, "failed": 0, "last_update": "2026-10-04T08:29:41.240616+00:00", "part": "confirmatory_n39", "total": 1326}
{"comparator": "individual_gradient", "dataset": "paysim", "defense": "dna_v1_conservative", "done": 1241, "eta_minutes": 49.80236953769101, "failed": 0, "last_update": "2026-10-04T08:30:10.331490+00:00", "part": "confirmatory_n39", "total": 1326}
{"comparator": "individual_gradient", "dataset": "paysim", "defense": "unprotected", "done": 1242, "eta_minutes": 49.19644129856006, "failed": 0, "last_update": "2026-10-04T08:30:27.727272+00:00", "part": "confirmatory_n39", "total": 1326}
{"comparator": "individual_gradient", "dataset": "paysim", "defense": "dna_v2_0p95", "done": 1243, "eta_minutes": 48.60968366291351, "failed": 0, "last_update": "2026-10-04T08:31:01.892013+00:00", "part": "confirmatory_n39", "total": 1326}
{"comparator": "individual_gradient", "dataset": "paysim", "defense": "dp_local_eps10", "done": 1244, "eta_minutes": 48.03758681235078, "failed": 0, "last_update": "2026-10-04T08:31:49.376261+00:00", "part": "confirmatory_n39", "total": 1326}
{"comparator": "individual_gradient", "dataset": "paysim", "defense": "unprotected", "done": 1245, "eta_minutes": 47.45009491009884, "failed": 0, "last_update": "2026-10-04T08:32:22.987748+00:00", "part": "confirmatory_n39", "total": 1326}
{"comparator": "individual_gradient", "dataset": "paysim", "defense": "dna_v1_conservative", "done": 1246, "eta_minutes": 46.86598983915685, "failed": 0, "last_update": "2026-10-04T08:32:59.723283+00:00", "part": "confirmatory_n39", "total": 1326}
{"comparator": "individual_gradient", "dataset": "paysim", "defense": "dna_v2_0p95", "done": 1247, "eta_minutes": 46.285600971512785, "failed": 0, "last_update": "2026-10-04T08:33:40.021153+00:00", "part": "confirmatory_n39", "total": 1326}
{"comparator": "individual_gradient", "dataset": "paysim", "defense": "dp_local_eps10", "done": 1248, "eta_minutes": 45.703588951875766, "failed": 0, "last_update": "2026-10-04T08:34:18.901170+00:00", "part": "confirmatory_n39", "total": 1326}
{"comparator": "individual_gradient", "dataset": "paysim", "defense": "dna_v1_conservative", "done": 1249, "eta_minutes": 45.0881794410831, "failed": 0, "last_update": "2026-10-04T08:34:25.380028+00:00", "part": "confirmatory_n39", "total": 1326}
{"comparator": "individual_gradient", "dataset": "paysim", "defense": "unprotected", "done": 1250, "eta_minutes": 44.502188873634346, "failed": 0, "last_update": "2026-10-04T08:35:00.089535+00:00", "part": "confirmatory_n39", "total": 1326}
{"comparator": "individual_gradient", "dataset": "paysim", "defense": "dp_local_eps10", "done": 1251, "eta_minutes": 43.958040554460574, "failed": 0, "last_update": "2026-10-04T08:36:16.662765+00:00", "part": "confirmatory_n39", "total": 1326}
{"comparator": "individual_gradient", "dataset": "paysim", "defense": "dna_v1_conservative", "done": 1252, "eta_minutes": 43.37110586447584, "failed": 0, "last_update": "2026-10-04T08:36:50.989186+00:00", "part": "confirmatory_n39", "total": 1326}
{"comparator": "individual_gradient", "dataset": "paysim", "defense": "dna_v2_0p95", "done": 1253, "eta_minutes": 42.75220828924321, "failed": 0, "last_update": "2026-10-04T08:36:52.373848+00:00", "part": "confirmatory_n39", "total": 1326}
{"comparator": "individual_gradient", "dataset": "paysim", "defense": "unprotected", "done": 1254, "eta_minutes": 42.1742932045859, "failed": 0, "last_update": "2026-10-04T08:37:35.592175+00:00", "part": "confirmatory_n39", "total": 1326}
{"comparator": "individual_gradient", "dataset": "paysim", "defense": "dna_v2_0p95", "done": 1255, "eta_minutes": 41.57079610860997, "failed": 0, "last_update": "2026-10-04T08:37:51.919812+00:00", "part": "confirmatory_n39", "total": 1326}
{"comparator": "individual_gradient", "dataset": "paysim", "defense": "dp_local_eps10", "done": 1256, "eta_minutes": 41.01024457192218, "failed": 0, "last_update": "2026-10-04T08:38:53.913358+00:00", "part": "confirmatory_n39", "total": 1326}
{"comparator": "individual_gradient", "dataset": "paysim", "defense": "unprotected", "done": 1257, "eta_minutes": 40.40630890386106, "failed": 0, "last_update": "2026-10-04T08:39:09.308205+00:00", "part": "confirmatory_n39", "total": 1326}
{"comparator": "individual_gradient", "dataset": "paysim", "defense": "dna_v1_conservative", "done": 1258, "eta_minutes": 39.800427663863246, "failed": 0, "last_update": "2026-10-04T08:39:21.930483+00:00", "part": "confirmatory_n39", "total": 1326}
{"comparator": "individual_gradient", "dataset": "paysim", "defense": "dna_v2_0p95", "done": 1259, "eta_minutes": 39.232689314485704, "failed": 0, "last_update": "2026-10-04T08:40:16.849072+00:00", "part": "confirmatory_n39", "total": 1326}
{"comparator": "individual_gradient", "dataset": "paysim", "defense": "dp_local_eps10", "done": 1260, "eta_minutes": 38.635053073281334, "failed": 0, "last_update": "2026-10-04T08:40:38.152930+00:00", "part": "confirmatory_n39", "total": 1326}
{"comparator": "individual_gradient", "dataset": "paysim", "defense": "unprotected", "done": 1261, "eta_minutes": 38.067525718220324, "failed": 0, "last_update": "2026-10-04T08:41:34.055709+00:00", "part": "confirmatory_n39", "total": 1326}
{"comparator": "individual_gradient", "dataset": "paysim", "defense": "dna_v1_conservative", "done": 1262, "eta_minutes": 37.4773155599313, "failed": 0, "last_update": "2026-10-04T08:42:03.804749+00:00", "part": "confirmatory_n39", "total": 1326}
{"comparator": "individual_gradient", "dataset": "paysim", "defense": "dp_local_eps10", "done": 1263, "eta_minutes": 36.926790786129274, "failed": 0, "last_update": "2026-10-04T08:43:21.109832+00:00", "part": "confirmatory_n39", "total": 1326}
{"comparator": "individual_gradient", "dataset": "paysim", "defense": "dna_v2_0p95", "done": 1264, "eta_minutes": 36.324641833400925, "failed": 0, "last_update": "2026-10-04T08:43:36.695071+00:00", "part": "confirmatory_n39", "total": 1326}
{"comparator": "individual_gradient", "dataset": "paysim", "defense": "dna_v1_conservative", "done": 1265, "eta_minutes": 35.71890145636673, "failed": 0, "last_update": "2026-10-04T08:43:47.138077+00:00", "part": "confirmatory_n39", "total": 1326}
{"comparator": "individual_gradient", "dataset": "paysim", "defense": "unprotected", "done": 1266, "eta_minutes": 35.1467178229472, "failed": 0, "last_update": "2026-10-04T08:44:39.200540+00:00", "part": "confirmatory_n39", "total": 1326}
{"comparator": "individual_gradient", "dataset": "paysim", "defense": "dna_v2_0p95", "done": 1267, "eta_minutes": 34.549533664556094, "failed": 0, "last_update": "2026-10-04T08:44:59.651521+00:00", "part": "confirmatory_n39", "total": 1326}
{"comparator": "individual_gradient", "dataset": "paysim", "defense": "dp_local_eps10", "done": 1268, "eta_minutes": 33.9822994109772, "failed": 0, "last_update": "2026-10-04T08:45:58.858153+00:00", "part": "confirmatory_n39", "total": 1326}
{"comparator": "individual_gradient", "dataset": "paysim", "defense": "dna_v1_conservative", "done": 1269, "eta_minutes": 33.375413483226275, "failed": 0, "last_update": "2026-10-04T08:46:05.981782+00:00", "part": "confirmatory_n39", "total": 1326}
{"comparator": "individual_gradient", "dataset": "paysim", "defense": "unprotected", "done": 1270, "eta_minutes": 32.77215133113811, "failed": 0, "last_update": "2026-10-04T08:46:16.990260+00:00", "part": "confirmatory_n39", "total": 1326}
{"comparator": "individual_gradient", "dataset": "paysim", "defense": "dp_local_eps10", "done": 1271, "eta_minutes": 32.21703003192554, "failed": 0, "last_update": "2026-10-04T08:47:33.832323+00:00", "part": "confirmatory_n39", "total": 1326}
{"comparator": "individual_gradient", "dataset": "paysim", "defense": "dna_v2_0p95", "done": 1272, "eta_minutes": 31.63146277559253, "failed": 0, "last_update": "2026-10-04T08:48:09.256495+00:00", "part": "confirmatory_n39", "total": 1326}
{"comparator": "individual_gradient", "dataset": "paysim", "defense": "dna_v1_conservative", "done": 1273, "eta_minutes": 31.035849132245048, "failed": 0, "last_update": "2026-10-04T08:48:30.213452+00:00", "part": "confirmatory_n39", "total": 1326}
{"comparator": "individual_gradient", "dataset": "paysim", "defense": "unprotected", "done": 1274, "eta_minutes": 30.44211590727981, "failed": 0, "last_update": "2026-10-04T08:48:53.366161+00:00", "part": "confirmatory_n39", "total": 1326}
{"comparator": "individual_gradient", "dataset": "paysim", "defense": "dp_local_eps10", "done": 1275, "eta_minutes": 29.88584893258413, "failed": 0, "last_update": "2026-10-04T08:50:12.229169+00:00", "part": "confirmatory_n39", "total": 1326}
{"comparator": "individual_gradient", "dataset": "paysim", "defense": "dna_v2_0p95", "done": 1276, "eta_minutes": 29.289636718909193, "failed": 0, "last_update": "2026-10-04T08:50:31.747518+00:00", "part": "confirmatory_n39", "total": 1326}
{"comparator": "individual_gradient", "dataset": "paysim", "defense": "dna_v1_conservative", "done": 1277, "eta_minutes": 28.688289476016642, "failed": 0, "last_update": "2026-10-04T08:50:42.572911+00:00", "part": "confirmatory_n39", "total": 1326}
{"comparator": "individual_gradient", "dataset": "paysim", "defense": "unprotected", "done": 1278, "eta_minutes": 28.12158725750465, "failed": 0, "last_update": "2026-10-04T08:51:47.691403+00:00", "part": "confirmatory_n39", "total": 1326}
{"comparator": "individual_gradient", "dataset": "paysim", "defense": "dna_v2_0p95", "done": 1279, "eta_minutes": 27.519285816148386, "failed": 0, "last_update": "2026-10-04T08:51:56.008827+00:00", "part": "confirmatory_n39", "total": 1326}
{"comparator": "individual_gradient", "dataset": "paysim", "defense": "dp_local_eps10", "done": 1280, "eta_minutes": 26.953757580108938, "failed": 0, "last_update": "2026-10-04T08:53:04.511893+00:00", "part": "confirmatory_n39", "total": 1326}
{"comparator": "individual_gradient", "dataset": "paysim", "defense": "unprotected", "done": 1281, "eta_minutes": 26.35181084128677, "failed": 0, "last_update": "2026-10-04T08:53:12.348692+00:00", "part": "confirmatory_n39", "total": 1326}
{"comparator": "individual_gradient", "dataset": "paysim", "defense": "dna_v1_conservative", "done": 1282, "eta_minutes": 25.761433736123706, "failed": 0, "last_update": "2026-10-04T08:53:39.125845+00:00", "part": "confirmatory_n39", "total": 1326}
{"comparator": "individual_gradient", "dataset": "paysim", "defense": "dna_v2_0p95", "done": 1283, "eta_minutes": 25.176094559791277, "failed": 0, "last_update": "2026-10-04T08:54:14.519939+00:00", "part": "confirmatory_n39", "total": 1326}
{"comparator": "individual_gradient", "dataset": "paysim", "defense": "dp_local_eps10", "done": 1284, "eta_minutes": 24.60519074552527, "failed": 0, "last_update": "2026-10-04T08:55:16.405658+00:00", "part": "confirmatory_n39", "total": 1326}
{"comparator": "individual_gradient", "dataset": "paysim", "defense": "unprotected", "done": 1285, "eta_minutes": 24.009478606432484, "failed": 0, "last_update": "2026-10-04T08:55:32.987498+00:00", "part": "confirmatory_n39", "total": 1326}
{"comparator": "individual_gradient", "dataset": "paysim", "defense": "dna_v1_conservative", "done": 1286, "eta_minutes": 23.407926050723063, "failed": 0, "last_update": "2026-10-04T08:55:37.345129+00:00", "part": "confirmatory_n39", "total": 1326}
{"comparator": "individual_gradient", "dataset": "paysim", "defense": "dna_v2_0p95", "done": 1287, "eta_minutes": 22.833686268570446, "failed": 0, "last_update": "2026-10-04T08:56:34.154589+00:00", "part": "confirmatory_n39", "total": 1326}
{"comparator": "individual_gradient", "dataset": "paysim", "defense": "dp_local_eps10", "done": 1288, "eta_minutes": 22.240806636868303, "failed": 0, "last_update": "2026-10-04T08:56:54.233044+00:00", "part": "confirmatory_n39", "total": 1326}
{"comparator": "individual_gradient", "dataset": "paysim", "defense": "dna_v1_conservative", "done": 1289, "eta_minutes": 21.664617201315206, "failed": 0, "last_update": "2026-10-04T08:57:48.361028+00:00", "part": "confirmatory_n39", "total": 1326}
{"comparator": "individual_gradient", "dataset": "paysim", "defense": "unprotected", "done": 1290, "eta_minutes": 21.064100680351256, "failed": 0, "last_update": "2026-10-04T08:57:51.272223+00:00", "part": "confirmatory_n39", "total": 1326}
{"comparator": "individual_gradient", "dataset": "paysim", "defense": "dna_v2_0p95", "done": 1291, "eta_minutes": 20.49207475223561, "failed": 0, "last_update": "2026-10-04T08:58:55.344619+00:00", "part": "confirmatory_n39", "total": 1326}
{"comparator": "individual_gradient", "dataset": "paysim", "defense": "dp_local_eps10", "done": 1292, "eta_minutes": 19.89641709683234, "failed": 0, "last_update": "2026-10-04T08:59:07.286741+00:00", "part": "confirmatory_n39", "total": 1326}
{"comparator": "individual_gradient", "dataset": "paysim", "defense": "dna_v1_conservative", "done": 1293, "eta_minutes": 19.303437514159445, "failed": 0, "last_update": "2026-10-04T08:59:24.082515+00:00", "part": "confirmatory_n39", "total": 1326}
{"comparator": "individual_gradient", "dataset": "paysim", "defense": "unprotected", "done": 1294, "eta_minutes": 18.72457514718167, "failed": 0, "last_update": "2026-10-04T09:00:13.956229+00:00", "part": "confirmatory_n39", "total": 1326}
{"comparator": "individual_gradient", "dataset": "paysim", "defense": "dna_v2_0p95", "done": 1295, "eta_minutes": 18.148508337691638, "failed": 0, "last_update": "2026-10-04T09:01:11.813772+00:00", "part": "confirmatory_n39", "total": 1326}
{"comparator": "individual_gradient", "dataset": "paysim", "defense": "dp_local_eps10", "done": 1296, "eta_minutes": 17.557245621894612, "failed": 0, "last_update": "2026-10-04T09:01:31.836428+00:00", "part": "confirmatory_n39", "total": 1326}
{"comparator": "individual_gradient", "dataset": "paysim", "defense": "dna_v1_conservative", "done": 1297, "eta_minutes": 16.96107989460176, "failed": 0, "last_update": "2026-10-04T09:01:37.636376+00:00", "part": "confirmatory_n39", "total": 1326}
{"comparator": "individual_gradient", "dataset": "paysim", "defense": "unprotected", "done": 1298, "eta_minutes": 16.382252250491625, "failed": 0, "last_update": "2026-10-04T09:02:29.520249+00:00", "part": "confirmatory_n39", "total": 1326}
{"comparator": "individual_gradient", "dataset": "paysim", "defense": "dna_v2_0p95", "done": 1299, "eta_minutes": 15.790533990039561, "failed": 0, "last_update": "2026-10-04T09:02:45.463891+00:00", "part": "confirmatory_n39", "total": 1326}
{"comparator": "individual_gradient", "dataset": "paysim", "defense": "dp_local_eps10", "done": 1300, "eta_minutes": 15.214280850330988, "failed": 0, "last_update": "2026-10-04T09:03:46.298328+00:00", "part": "confirmatory_n39", "total": 1326}
{"comparator": "individual_gradient", "dataset": "paysim", "defense": "dna_v1_conservative", "done": 1301, "eta_minutes": 14.62289092618931, "failed": 0, "last_update": "2026-10-04T09:04:01.970405+00:00", "part": "confirmatory_n39", "total": 1326}
{"comparator": "individual_gradient", "dataset": "paysim", "defense": "unprotected", "done": 1302, "eta_minutes": 14.027670643260034, "failed": 0, "last_update": "2026-10-04T09:04:03.523721+00:00", "part": "confirmatory_n39", "total": 1326}
{"comparator": "individual_gradient", "dataset": "paysim", "defense": "dna_v2_0p95", "done": 1303, "eta_minutes": 13.449564021165548, "failed": 0, "last_update": "2026-10-04T09:05:00.278176+00:00", "part": "confirmatory_n39", "total": 1326}
{"comparator": "individual_gradient", "dataset": "paysim", "defense": "dp_local_eps10", "done": 1304, "eta_minutes": 12.86089907883379, "failed": 0, "last_update": "2026-10-04T09:05:21.489588+00:00", "part": "confirmatory_n39", "total": 1326}
{"comparator": "individual_gradient", "dataset": "paysim", "defense": "dna_v1_conservative", "done": 1305, "eta_minutes": 12.281292715702936, "failed": 0, "last_update": "2026-10-04T09:06:15.132900+00:00", "part": "confirmatory_n39", "total": 1326}
{"comparator": "individual_gradient", "dataset": "paysim", "defense": "unprotected", "done": 1306, "eta_minutes": 11.6882405456321, "failed": 0, "last_update": "2026-10-04T09:06:17.982236+00:00", "part": "confirmatory_n39", "total": 1326}
{"comparator": "individual_gradient", "dataset": "paysim", "defense": "dna_v2_0p95", "done": 1307, "eta_minutes": 11.11139236808401, "failed": 0, "last_update": "2026-10-04T09:07:24.265751+00:00", "part": "confirmatory_n39", "total": 1326}
{"comparator": "individual_gradient", "dataset": "paysim", "defense": "dna_v1_conservative", "done": 1308, "eta_minutes": 10.52501654537446, "failed": 0, "last_update": "2026-10-04T09:07:52.527911+00:00", "part": "confirmatory_n39", "total": 1326}
{"comparator": "individual_gradient", "dataset": "paysim", "defense": "dp_local_eps10", "done": 1309, "eta_minutes": 9.933120196103017, "failed": 0, "last_update": "2026-10-04T09:07:54.471082+00:00", "part": "confirmatory_n39", "total": 1326}
{"comparator": "individual_gradient", "dataset": "paysim", "defense": "unprotected", "done": 1310, "eta_minutes": 9.351413699094273, "failed": 0, "last_update": "2026-10-04T09:08:42.275573+00:00", "part": "confirmatory_n39", "total": 1326}
{"comparator": "individual_gradient", "dataset": "paysim", "defense": "dna_v2_0p95", "done": 1311, "eta_minutes": 8.771462157698279, "failed": 0, "last_update": "2026-10-04T09:09:41.003332+00:00", "part": "confirmatory_n39", "total": 1326}
{"comparator": "individual_gradient", "dataset": "paysim", "defense": "dp_local_eps10", "done": 1312, "eta_minutes": 8.183780963294875, "failed": 0, "last_update": "2026-10-04T09:09:59.687015+00:00", "part": "confirmatory_n39", "total": 1326}
{"comparator": "individual_gradient", "dataset": "paysim", "defense": "dna_v1_conservative", "done": 1313, "eta_minutes": 7.597187485631937, "failed": 0, "last_update": "2026-10-04T09:10:22.411939+00:00", "part": "confirmatory_n39", "total": 1326}
{"comparator": "individual_gradient", "dataset": "paysim", "defense": "unprotected", "done": 1314, "eta_minutes": 7.01301532005792, "failed": 0, "last_update": "2026-10-04T09:10:58.966416+00:00", "part": "confirmatory_n39", "total": 1326}
{"comparator": "individual_gradient", "dataset": "paysim", "defense": "dp_local_eps10", "done": 1315, "eta_minutes": 6.434383130544945, "failed": 0, "last_update": "2026-10-04T09:12:15.531138+00:00", "part": "confirmatory_n39", "total": 1326}
{"comparator": "individual_gradient", "dataset": "paysim", "defense": "dna_v2_0p95", "done": 1316, "eta_minutes": 5.845590730628947, "failed": 0, "last_update": "2026-10-04T09:12:20.240184+00:00", "part": "confirmatory_n39", "total": 1326}
{"comparator": "individual_gradient", "dataset": "paysim", "defense": "dna_v1_conservative", "done": 1317, "eta_minutes": 5.258037454527982, "failed": 0, "last_update": "2026-10-04T09:12:29.024628+00:00", "part": "confirmatory_n39", "total": 1326}
{"comparator": "individual_gradient", "dataset": "paysim", "defense": "unprotected", "done": 1318, "eta_minutes": 4.676658048760005, "failed": 0, "last_update": "2026-10-04T09:13:32.220589+00:00", "part": "confirmatory_n39", "total": 1326}
{"comparator": "individual_gradient", "dataset": "paysim", "defense": "dna_v2_0p95", "done": 1319, "eta_minutes": 4.095645523300249, "failed": 0, "last_update": "2026-10-04T09:14:47.653864+00:00", "part": "confirmatory_n39", "total": 1326}
{"comparator": "individual_gradient", "dataset": "paysim", "defense": "dp_local_eps10", "done": 1320, "eta_minutes": 3.5080875624129266, "failed": 0, "last_update": "2026-10-04T09:14:50.211603+00:00", "part": "confirmatory_n39", "total": 1326}
{"comparator": "individual_gradient", "dataset": "paysim", "defense": "dna_v1_conservative", "done": 1321, "eta_minutes": 2.9236481631160114, "failed": 0, "last_update": "2026-10-04T09:15:29.126443+00:00", "part": "confirmatory_n39", "total": 1326}
{"comparator": "individual_gradient", "dataset": "paysim", "defense": "unprotected", "done": 1322, "eta_minutes": 2.339148770181807, "failed": 0, "last_update": "2026-10-04T09:16:08.775871+00:00", "part": "confirmatory_n39", "total": 1326}
{"comparator": "individual_gradient", "dataset": "paysim", "defense": "dna_v2_0p95", "done": 1323, "eta_minutes": 1.7547794424667562, "failed": 0, "last_update": "2026-10-04T09:16:54.919826+00:00", "part": "confirmatory_n39", "total": 1326}
{"comparator": "individual_gradient", "dataset": "paysim", "defense": "dp_local_eps10", "done": 1324, "eta_minutes": 1.169770211977781, "failed": 0, "last_update": "2026-10-04T09:17:26.728598+00:00", "part": "confirmatory_n39", "total": 1326}
{"comparator": "individual_gradient", "dataset": "paysim", "defense": "dna_v1_conservative", "done": 1325, "eta_minutes": 0.5848833862130748, "failed": 0, "last_update": "2026-10-04T09:18:01.684982+00:00", "part": "confirmatory_n39", "total": 1326}
{"comparator": "individual_gradient", "dataset": "paysim", "defense": "dna_v2_0p95", "done": 1326, "eta_minutes": 0.0, "failed": 0, "last_update": "2026-10-04T09:18:53.517369+00:00", "part": "confirmatory_n39", "total": 1326}
{"comparator": "fixed72", "dataset": "all", "defense": "all", "done": 1326, "eta_minutes": 0.0, "failed": 0, "last_update": "2026-10-04T09:20:56.692323+00:00", "part": "final_audit_pass", "total": 1326}
