{"at": 1790963795.5367198, "event": "checkpoint_replay_start", "argv": ["/Users/rhys24z/Documents/UNIVERSITY/Capstone/FL-DNA/experiments/priority33c_checkpoint_replay.py"], "source_hashes": {"experiments/priority33c_checkpoint_replay.py": "9ffcf62724ab90755e9c2bd037a5c3785fa287a37ba5e8ca8321e6b69fe43631", "artifacts/priority31_image_utility_dp/utility/baseline/seed_51016.json": "5bc43ed63c084b256f85cb1c58ad7a2baaf5249b9f776a5da74b31087d2f954e", "artifacts/priority31_image_utility_dp/split.json": "05698c874412e93dad2128ee88813f5fbeb35a5b8cca9761a3e7b49f712958e4", "experiments/priority31_image_utility_dp.py": "75778356a27050f2456f3cfdebdce64665058df4bc55b770eb465a8b01e526c8", "protocols/amendments/2026-10-03_priority33c_image_coverage.md": "9eec443d998e10b574ee8d0e8b440a352bda843a2f83ba28a1ea16c5ad14148e"}}
{"at": 1790964117.014318, "event": "checkpoint_replay_passed", "validation": 0.46166666666666667, "test": 0.4629}
{"stage": "image_utility", "dataset": "CIFAR10", "method": "all", "done": 0, "total": 160, "failed": 0, "started_at": 1790964551.7632902, "last_update": 1790964551.7632918, "eta_minutes": null}
{"stage": "image_utility", "dataset": "CIFAR10", "method": "dna_v1_medium", "done": 1, "total": 160, "failed": 0, "started_at": 1790964551.7632902, "last_update": 1790964984.493382, "eta_minutes": 1146.7347432971}
{"stage": "image_utility", "dataset": "CIFAR10", "method": "dna_v1_medium", "done": 2, "total": 160, "failed": 0, "started_at": 1790964551.7632902, "last_update": 1790964984.549709, "eta_minutes": 569.8354515711467}
{"stage": "image_utility", "dataset": "CIFAR10", "method": "dna_v1_medium", "done": 3, "total": 160, "failed": 0, "started_at": 1790964551.7632902, "last_update": 1790964984.625141, "eta_minutes": 377.5517253663804}
{"stage": "image_utility", "dataset": "CIFAR10", "method": "dna_v1_medium", "done": 4, "total": 160, "failed": 0, "started_at": 1790964551.7632902, "last_update": 1790964984.8655732, "eta_minutes": 281.51648395061494}
{"stage": "image_utility", "dataset": "CIFAR10", "method": "dna_v1_medium", "done": 5, "total": 160, "failed": 0, "started_at": 1790964551.7632902, "last_update": 1790965414.109357, "eta_minutes": 445.54546730915706}
{"stage": "image_utility", "dataset": "CIFAR10", "method": "dna_v1_medium", "done": 6, "total": 160, "failed": 0, "started_at": 1790964551.7632902, "last_update": 1790965414.1136472, "eta_minutes": 368.8943194071452}
{"stage": "image_utility", "dataset": "CIFAR10", "method": "dna_v1_medium", "done": 7, "total": 160, "failed": 0, "started_at": 1790964551.7632902, "last_update": 1790965414.2143779, "eta_minutes": 314.17861017669946}
{"stage": "image_utility", "dataset": "CIFAR10", "method": "dna_v1_medium", "done": 8, "total": 160, "failed": 0, "started_at": 1790964551.7632902, "last_update": 1790965415.1576908, "eta_minutes": 273.40822662909824}
{"stage": "image_utility", "dataset": "CIFAR10", "method": "dna_v1_medium", "done": 9, "total": 160, "failed": 0, "started_at": 1790964551.7632902, "last_update": 1790965848.214798, "eta_minutes": 362.5262546941086}
{"stage": "image_utility", "dataset": "CIFAR10", "method": "dna_v1_medium", "done": 10, "total": 160, "failed": 0, "started_at": 1790964551.7632902, "last_update": 1790965848.625226, "eta_minutes": 324.21548372507095}
{"stage": "image_utility", "dataset": "CIFAR10", "method": "dna_v1_medium", "done": 11, "total": 160, "failed": 0, "started_at": 1790964551.7632902, "last_update": 1790965848.90673, "eta_minutes": 292.8399583722606}
{"stage": "image_utility", "dataset": "CIFAR10", "method": "dna_v1_medium", "done": 12, "total": 160, "failed": 0, "started_at": 1790964551.7632902, "last_update": 1790965850.433259, "eta_minutes": 266.94882673290044}
{"stage": "image_utility", "dataset": "CIFAR10", "method": "dna_v1_medium", "done": 13, "total": 160, "failed": 0, "started_at": 1790964551.7632902, "last_update": 1790966274.0350132, "eta_minutes": 324.58197857141494}
{"stage": "image_utility", "dataset": "CIFAR10", "method": "dna_v1_medium", "done": 14, "total": 160, "failed": 0, "started_at": 1790964551.7632902, "last_update": 1790966274.3143628, "eta_minutes": 299.3957816657566}
{"stage": "image_utility", "dataset": "CIFAR10", "method": "dna_v1_medium", "done": 15, "total": 160, "failed": 0, "started_at": 1790964551.7632902, "last_update": 1790966275.3891919, "eta_minutes": 277.6952840089798}
{"stage": "image_utility", "dataset": "CIFAR10", "method": "dna_v1_medium", "done": 16, "total": 160, "failed": 0, "started_at": 1790964551.7632902, "last_update": 1790966276.838567, "eta_minutes": 258.7612915277481}
{"stage": "image_utility", "dataset": "CIFAR10", "method": "dna_v1_stronger", "done": 17, "total": 160, "failed": 0, "started_at": 1790964551.7632902, "last_update": 1790966709.442, "eta_minutes": 302.4980935208938}
{"stage": "image_utility", "dataset": "CIFAR10", "method": "dna_v1_stronger", "done": 18, "total": 160, "failed": 0, "started_at": 1790964551.7632902, "last_update": 1790966709.8865511, "eta_minutes": 283.7532434158855}
{"stage": "image_utility", "dataset": "CIFAR10", "method": "dna_v1_stronger", "done": 19, "total": 160, "failed": 0, "started_at": 1790964551.7632902, "last_update": 1790966711.9089751, "eta_minutes": 267.1759136657966}
{"stage": "image_utility", "dataset": "CIFAR10", "method": "dna_v1_stronger", "done": 20, "total": 160, "failed": 0, "started_at": 1790964551.7632902, "last_update": 1790966712.913385, "eta_minutes": 252.1341776092847}
{"stage": "image_utility", "dataset": "CIFAR10", "method": "dna_v1_stronger", "done": 21, "total": 160, "failed": 0, "started_at": 1790964551.7632902, "last_update": 1790967136.670219, "eta_minutes": 285.1603674345546}
{"stage": "image_utility", "dataset": "CIFAR10", "method": "dna_v1_stronger", "done": 22, "total": 160, "failed": 0, "started_at": 1790964551.7632902, "last_update": 1790967136.952242, "eta_minutes": 270.2697539448738}
{"stage": "image_utility", "dataset": "CIFAR10", "method": "dna_v1_stronger", "done": 23, "total": 160, "failed": 0, "started_at": 1790964551.7632902, "last_update": 1790967139.715935, "eta_minutes": 256.91993638432547}
{"stage": "image_utility", "dataset": "CIFAR10", "method": "dna_v1_stronger", "done": 24, "total": 160, "failed": 0, "started_at": 1790964551.7632902, "last_update": 1790967141.118902, "eta_minutes": 244.5502521355947}
{"stage": "image_utility", "dataset": "CIFAR10", "method": "dna_v1_stronger", "done": 25, "total": 160, "failed": 0, "started_at": 1790964551.7632902, "last_update": 1790967561.1872141, "eta_minutes": 270.84815304994584}
{"stage": "image_utility", "dataset": "CIFAR10", "method": "dna_v1_stronger", "done": 26, "total": 160, "failed": 0, "started_at": 1790964551.7632902, "last_update": 1790967562.0299149, "eta_minutes": 258.5741844284229}
{"stage": "image_utility", "dataset": "CIFAR10", "method": "dna_v1_stronger", "done": 27, "total": 160, "failed": 0, "started_at": 1790964551.7632902, "last_update": 1790967564.595878, "eta_minutes": 247.3498358466007}
{"stage": "image_utility", "dataset": "CIFAR10", "method": "dna_v1_stronger", "done": 28, "total": 160, "failed": 0, "started_at": 1790964551.7632902, "last_update": 1790967566.257684, "eta_minutes": 236.8531309434346}
{"stage": "image_utility", "dataset": "CIFAR10", "method": "dna_v1_stronger", "done": 29, "total": 160, "failed": 0, "started_at": 1790964551.7632902, "last_update": 1790967991.0237901, "eta_minutes": 258.9328307436801}
{"stage": "image_utility", "dataset": "CIFAR10", "method": "dna_v1_stronger", "done": 30, "total": 160, "failed": 0, "started_at": 1790964551.7632902, "last_update": 1790967992.7862241, "eta_minutes": 248.5183230082194}
{"stage": "image_utility", "dataset": "CIFAR10", "method": "dna_v1_stronger", "done": 31, "total": 160, "failed": 0, "started_at": 1790964551.7632902, "last_update": 1790967994.8263848, "eta_minutes": 238.79308552818912}
{"stage": "image_utility", "dataset": "CIFAR10", "method": "dna_v1_stronger", "done": 32, "total": 160, "failed": 0, "started_at": 1790964551.7632902, "last_update": 1790967996.15076, "eta_minutes": 229.6258313179016}
{"stage": "image_utility", "dataset": "CIFAR10", "method": "per_tensor_dp_0.0001", "done": 33, "total": 160, "failed": 0, "started_at": 1790964551.7632902, "last_update": 1790968343.4798238, "eta_minutes": 243.20606049239032}
{"stage": "image_utility", "dataset": "CIFAR10", "method": "per_tensor_dp_0.0001", "done": 34, "total": 160, "failed": 0, "started_at": 1790964551.7632902, "last_update": 1790968344.295594, "eta_minutes": 234.24464229415443}
{"stage": "image_utility", "dataset": "CIFAR10", "method": "per_tensor_dp_0.0001", "done": 35, "total": 160, "failed": 0, "started_at": 1790964551.7632902, "last_update": 1790968346.784972, "eta_minutes": 225.894147668566}
{"stage": "image_utility", "dataset": "CIFAR10", "method": "per_tensor_dp_0.0001", "done": 36, "total": 160, "failed": 0, "started_at": 1790964551.7632902, "last_update": 1790968347.863487, "eta_minutes": 217.92427055924026}
{"stage": "image_utility", "dataset": "CIFAR10", "method": "per_tensor_dp_0.0001", "done": 37, "total": 160, "failed": 0, "started_at": 1790964551.7632902, "last_update": 1790968691.473557, "eta_minutes": 229.36232554171536}
{"stage": "image_utility", "dataset": "CIFAR10", "method": "per_tensor_dp_0.0001", "done": 38, "total": 160, "failed": 0, "started_at": 1790964551.7632902, "last_update": 1790968691.804416, "eta_minutes": 221.5285163791556}
{"stage": "image_utility", "dataset": "CIFAR10", "method": "per_tensor_dp_0.0001", "done": 39, "total": 160, "failed": 0, "started_at": 1790964551.7632902, "last_update": 1790968694.507218, "eta_minutes": 214.2188099375138}
{"stage": "image_utility", "dataset": "CIFAR10", "method": "per_tensor_dp_0.0001", "done": 40, "total": 160, "failed": 0, "started_at": 1790964551.7632902, "last_update": 1790968695.364079, "eta_minutes": 207.18003939390184}
{"stage": "image_utility", "dataset": "CIFAR10", "method": "per_tensor_dp_0.0001", "done": 41, "total": 160, "failed": 0, "started_at": 1790964551.7632902, "last_update": 1790969043.1274261, "eta_minutes": 217.26517562594842}
{"stage": "image_utility", "dataset": "CIFAR10", "method": "per_tensor_dp_0.0001", "done": 42, "total": 160, "failed": 0, "started_at": 1790964551.7632902, "last_update": 1790969044.38528, "eta_minutes": 210.3688074108154}
{"stage": "image_utility", "dataset": "CIFAR10", "method": "per_tensor_dp_0.0001", "done": 43, "total": 160, "failed": 0, "started_at": 1790964551.7632902, "last_update": 1790969046.4505699, "eta_minutes": 203.8288417106451}
{"stage": "image_utility", "dataset": "CIFAR10", "method": "per_tensor_dp_0.0001", "done": 44, "total": 160, "failed": 0, "started_at": 1790964551.7632902, "last_update": 1790969046.90105, "eta_minutes": 197.5136288032387}
{"stage": "image_utility", "dataset": "CIFAR10", "method": "per_tensor_dp_0.0001", "done": 45, "total": 160, "failed": 0, "started_at": 1790964551.7632902, "last_update": 1790969391.5167518, "eta_minutes": 206.13764743849086}
{"stage": "image_utility", "dataset": "CIFAR10", "method": "per_tensor_dp_0.0001", "done": 46, "total": 160, "failed": 0, "started_at": 1790964551.7632902, "last_update": 1790969393.4565032, "eta_minutes": 199.98298048713934}
{"stage": "image_utility", "dataset": "CIFAR10", "method": "per_tensor_dp_0.0001", "done": 47, "total": 160, "failed": 0, "started_at": 1790964551.7632902, "last_update": 1790969395.192971, "eta_minutes": 194.08069284587887}
{"stage": "image_utility", "dataset": "CIFAR10", "method": "per_tensor_dp_0.0001", "done": 48, "total": 160, "failed": 0, "started_at": 1790964551.7632902, "last_update": 1790969395.99702, "eta_minutes": 188.38686727152933}
{"stage": "image_utility", "dataset": "CIFAR10", "method": "per_tensor_dp_0.0003", "done": 49, "total": 160, "failed": 0, "started_at": 1790964551.7632902, "last_update": 1790969740.6634, "eta_minutes": 195.90745312389063}
{"stage": "image_utility", "dataset": "CIFAR10", "method": "per_tensor_dp_0.0003", "done": 50, "total": 160, "failed": 0, "started_at": 1790964551.7632902, "last_update": 1790969743.208853, "eta_minutes": 190.35300397078197}
{"stage": "image_utility", "dataset": "CIFAR10", "method": "per_tensor_dp_0.0003", "done": 51, "total": 160, "failed": 0, "started_at": 1790964551.7632902, "last_update": 1790969744.553258, "eta_minutes": 184.97193019070656}
{"stage": "image_utility", "dataset": "CIFAR10", "method": "per_tensor_dp_0.0003", "done": 52, "total": 160, "failed": 0, "started_at": 1790964551.7632902, "last_update": 1790969746.1178749, "eta_minutes": 179.80458174485426}
{"stage": "image_utility", "dataset": "CIFAR10", "method": "per_tensor_dp_0.0003", "done": 53, "total": 160, "failed": 0, "started_at": 1790964551.7632902, "last_update": 1790970094.704082, "eta_minutes": 186.50775616348912}
{"stage": "image_utility", "dataset": "CIFAR10", "method": "per_tensor_dp_0.0003", "done": 54, "total": 160, "failed": 0, "started_at": 1790964551.7632902, "last_update": 1790970097.986041, "eta_minutes": 181.45049733585785}
{"stage": "image_utility", "dataset": "CIFAR10", "method": "per_tensor_dp_0.0003", "done": 55, "total": 160, "failed": 0, "started_at": 1790964551.7632902, "last_update": 1790970098.895228, "eta_minutes": 176.49965253418142}
{"stage": "image_utility", "dataset": "CIFAR10", "method": "per_tensor_dp_0.0003", "done": 56, "total": 160, "failed": 0, "started_at": 1790964551.7632902, "last_update": 1790970101.001578, "eta_minutes": 171.76213748341516}
{"stage": "image_utility", "dataset": "CIFAR10", "method": "per_tensor_dp_0.0003", "done": 57, "total": 160, "failed": 0, "started_at": 1790964551.7632902, "last_update": 1790970459.407446, "eta_minutes": 177.9202772050573}
{"stage": "image_utility", "dataset": "CIFAR10", "method": "per_tensor_dp_0.0003", "done": 58, "total": 160, "failed": 0, "started_at": 1790964551.7632902, "last_update": 1790970462.443441, "eta_minutes": 173.2440733630082}
{"stage": "image_utility", "dataset": "CIFAR10", "method": "per_tensor_dp_0.0003", "done": 59, "total": 160, "failed": 0, "started_at": 1790964551.7632902, "last_update": 1790970463.037336, "eta_minutes": 168.65499393899563}
{"stage": "image_utility", "dataset": "CIFAR10", "method": "per_tensor_dp_0.0003", "done": 60, "total": 160, "failed": 0, "started_at": 1790964551.7632902, "last_update": 1790970465.192093, "eta_minutes": 164.26191116041608}
{"stage": "image_utility", "dataset": "CIFAR10", "method": "per_tensor_dp_0.0003", "done": 61, "total": 160, "failed": 0, "started_at": 1790964551.7632902, "last_update": 1790970827.942492, "eta_minutes": 169.76550296838164}
{"stage": "image_utility", "dataset": "CIFAR10", "method": "per_tensor_dp_0.0003", "done": 62, "total": 160, "failed": 0, "started_at": 1790964551.7632902, "last_update": 1790970831.9020941, "eta_minutes": 165.44451687848695}
{"stage": "image_utility", "dataset": "CIFAR10", "method": "per_tensor_dp_0.0003", "done": 63, "total": 160, "failed": 0, "started_at": 1790964551.7632902, "last_update": 1790970832.180672, "eta_minutes": 161.16414974366546}
{"stage": "image_utility", "dataset": "CIFAR10", "method": "per_tensor_dp_0.0003", "done": 64, "total": 160, "failed": 0, "started_at": 1790964551.7632902, "last_update": 1790970835.032574, "eta_minutes": 157.081732070446}
{"stage": "image_utility", "dataset": "CIFAR10", "method": "per_tensor_dp_0.001", "done": 65, "total": 160, "failed": 0, "started_at": 1790964551.7632902, "last_update": 1790971216.405117, "eta_minutes": 162.34383937242703}
{"stage": "image_utility", "dataset": "CIFAR10", "method": "per_tensor_dp_0.001", "done": 66, "total": 160, "failed": 0, "started_at": 1790964551.7632902, "last_update": 1790971220.118387, "eta_minutes": 158.28923712402883}
{"stage": "image_utility", "dataset": "CIFAR10", "method": "per_tensor_dp_0.001", "done": 67, "total": 160, "failed": 0, "started_at": 1790964551.7632902, "last_update": 1790971220.843745, "eta_minutes": 154.2846970672038}
{"stage": "image_utility", "dataset": "CIFAR10", "method": "per_tensor_dp_0.001", "done": 68, "total": 160, "failed": 0, "started_at": 1790964551.7632902, "last_update": 1790971224.440942, "eta_minutes": 150.4623392091078}
{"stage": "image_utility", "dataset": "CIFAR10", "method": "per_tensor_dp_0.001", "done": 69, "total": 160, "failed": 0, "started_at": 1790964551.7632902, "last_update": 1790971607.628551, "eta_minutes": 155.09269048983347}
{"stage": "image_utility", "dataset": "CIFAR10", "method": "per_tensor_dp_0.001", "done": 70, "total": 160, "failed": 0, "started_at": 1790964551.7632902, "last_update": 1790971612.064568, "eta_minutes": 151.29217021976197}
{"stage": "image_utility", "dataset": "CIFAR10", "method": "per_tensor_dp_0.001", "done": 71, "total": 160, "failed": 0, "started_at": 1790964551.7632902, "last_update": 1790971612.514625, "eta_minutes": 147.51334948511752}
{"stage": "image_utility", "dataset": "CIFAR10", "method": "per_tensor_dp_0.001", "done": 72, "total": 160, "failed": 0, "started_at": 1790964551.7632902, "last_update": 1790971617.342357, "eta_minutes": 143.9284624709023}
{"stage": "image_utility", "dataset": "CIFAR10", "method": "per_tensor_dp_0.001", "done": 73, "total": 160, "failed": 0, "started_at": 1790964551.7632902, "last_update": 1790972007.3349419, "eta_minutes": 148.09012182983633}
{"stage": "image_utility", "dataset": "CIFAR10", "method": "per_tensor_dp_0.001", "done": 74, "total": 160, "failed": 0, "started_at": 1790964551.7632902, "last_update": 1790972011.1637812, "eta_minutes": 144.4838833657471}
{"stage": "image_utility", "dataset": "CIFAR10", "method": "per_tensor_dp_0.001", "done": 75, "total": 160, "failed": 0, "started_at": 1790964551.7632902, "last_update": 1790972012.1066182, "eta_minutes": 140.91759617302154}
{"stage": "image_utility", "dataset": "CIFAR10", "method": "per_tensor_dp_0.001", "done": 76, "total": 160, "failed": 0, "started_at": 1790964551.7632902, "last_update": 1790972017.523776, "eta_minutes": 137.52716682333696}
{"stage": "image_utility", "dataset": "CIFAR10", "method": "per_tensor_dp_0.001", "done": 77, "total": 160, "failed": 0, "started_at": 1790964551.7632902, "last_update": 1790972390.160264, "eta_minutes": 140.81968587239584}
{"stage": "image_utility", "dataset": "CIFAR10", "method": "per_tensor_dp_0.001", "done": 78, "total": 160, "failed": 0, "started_at": 1790964551.7632902, "last_update": 1790972393.562668, "eta_minutes": 137.39904892933674}
{"stage": "image_utility", "dataset": "CIFAR10", "method": "per_tensor_dp_0.001", "done": 79, "total": 160, "failed": 0, "started_at": 1790964551.7632902, "last_update": 1790972395.07314, "eta_minutes": 134.0312442513961}
{"stage": "image_utility", "dataset": "CIFAR10", "method": "per_tensor_dp_0.001", "done": 80, "total": 160, "failed": 0, "started_at": 1790964551.7632902, "last_update": 1790972400.5386062, "eta_minutes": 130.81292191346486}
{"stage": "image_utility", "dataset": "CIFAR10", "method": "per_tensor_dp_0.003", "done": 81, "total": 160, "failed": 0, "started_at": 1790964551.7632902, "last_update": 1790972770.488106, "eta_minutes": 133.5965556330151}
{"stage": "image_utility", "dataset": "CIFAR10", "method": "per_tensor_dp_0.003", "done": 82, "total": 160, "failed": 0, "started_at": 1790964551.7632902, "last_update": 1790972773.884753, "eta_minutes": 130.3507060990101}
{"stage": "image_utility", "dataset": "CIFAR10", "method": "per_tensor_dp_0.003", "done": 83, "total": 160, "failed": 0, "started_at": 1790964551.7632902, "last_update": 1790972775.548918, "eta_minutes": 127.15491830895705}
{"stage": "image_utility", "dataset": "CIFAR10", "method": "per_tensor_dp_0.003", "done": 84, "total": 160, "failed": 0, "started_at": 1790964551.7632902, "last_update": 1790972781.2137222, "eta_minutes": 124.09488746760384}
{"stage": "image_utility", "dataset": "CIFAR10", "method": "per_tensor_dp_0.003", "done": 85, "total": 160, "failed": 0, "started_at": 1790964551.7632902, "last_update": 1790973140.333154, "eta_minutes": 126.30249798297882}
{"stage": "image_utility", "dataset": "CIFAR10", "method": "per_tensor_dp_0.003", "done": 86, "total": 160, "failed": 0, "started_at": 1790964551.7632902, "last_update": 1790973143.354375, "eta_minutes": 123.21274034856826}
{"stage": "image_utility", "dataset": "CIFAR10", "method": "per_tensor_dp_0.003", "done": 87, "total": 160, "failed": 0, "started_at": 1790964551.7632902, "last_update": 1790973144.9569762, "eta_minutes": 120.17301513582353}
{"stage": "image_utility", "dataset": "CIFAR10", "method": "per_tensor_dp_0.003", "done": 88, "total": 160, "failed": 0, "started_at": 1790964551.7632902, "last_update": 1790973150.2718, "eta_minutes": 117.25238875800912}
{"stage": "image_utility", "dataset": "CIFAR10", "method": "per_tensor_dp_0.003", "done": 89, "total": 160, "failed": 0, "started_at": 1790964551.7632902, "last_update": 1790973493.76047, "eta_minutes": 118.89172280187464}
{"stage": "image_utility", "dataset": "CIFAR10", "method": "per_tensor_dp_0.003", "done": 90, "total": 160, "failed": 0, "started_at": 1790964551.7632902, "last_update": 1790973497.0675688, "eta_minutes": 115.95764805608324}
{"stage": "image_utility", "dataset": "CIFAR10", "method": "per_tensor_dp_0.003", "done": 91, "total": 160, "failed": 0, "started_at": 1790964551.7632902, "last_update": 1790973498.78865, "eta_minutes": 113.06680399834454}
{"stage": "image_utility", "dataset": "CIFAR10", "method": "per_tensor_dp_0.003", "done": 92, "total": 160, "failed": 0, "started_at": 1790964551.7632902, "last_update": 1790973503.955349, "eta_minutes": 110.28062679957652}
{"stage": "image_utility", "dataset": "CIFAR10", "method": "per_tensor_dp_0.003", "done": 93, "total": 160, "failed": 0, "started_at": 1790964551.7632902, "last_update": 1790973851.750722, "eta_minutes": 111.66651575774702}
{"stage": "image_utility", "dataset": "CIFAR10", "method": "per_tensor_dp_0.003", "done": 94, "total": 160, "failed": 0, "started_at": 1790964551.7632902, "last_update": 1790973855.115183, "eta_minutes": 108.86901151322304}
{"stage": "image_utility", "dataset": "CIFAR10", "method": "per_tensor_dp_0.003", "done": 95, "total": 160, "failed": 0, "started_at": 1790964551.7632902, "last_update": 1790973857.42358, "eta_minutes": 106.11717873205218}
{"stage": "image_utility", "dataset": "CIFAR10", "method": "per_tensor_dp_0.003", "done": 96, "total": 160, "failed": 0, "started_at": 1790964551.7632902, "last_update": 1790973862.66561, "eta_minutes": 103.4544702079561}
{"stage": "image_utility", "dataset": "CIFAR10", "method": "per_tensor_dp_0.01", "done": 97, "total": 160, "failed": 0, "started_at": 1790964551.7632902, "last_update": 1790974205.5363991, "eta_minutes": 104.49960581863049}
{"stage": "image_utility", "dataset": "CIFAR10", "method": "per_tensor_dp_0.01", "done": 98, "total": 160, "failed": 0, "started_at": 1790964551.7632902, "last_update": 1790974208.9640708, "eta_minutes": 101.82762727875289}
{"stage": "image_utility", "dataset": "CIFAR10", "method": "per_tensor_dp_0.01", "done": 99, "total": 160, "failed": 0, "started_at": 1790964551.7632902, "last_update": 1790974210.846177, "eta_minutes": 99.1926020375406}
{"stage": "image_utility", "dataset": "CIFAR10", "method": "per_tensor_dp_0.01", "done": 100, "total": 160, "failed": 0, "started_at": 1790964551.7632902, "last_update": 1790974216.1545322, "eta_minutes": 96.6439124083519}
{"stage": "image_utility", "dataset": "CIFAR10", "method": "per_tensor_dp_0.01", "done": 101, "total": 160, "failed": 0, "started_at": 1790964551.7632902, "last_update": 1790974551.676039, "eta_minutes": 97.35888648674432}
{"stage": "image_utility", "dataset": "CIFAR10", "method": "per_tensor_dp_0.01", "done": 102, "total": 160, "failed": 0, "started_at": 1790964551.7632902, "last_update": 1790974555.640168, "eta_minutes": 94.80798348227357}
{"stage": "image_utility", "dataset": "CIFAR10", "method": "per_tensor_dp_0.01", "done": 103, "total": 160, "failed": 0, "started_at": 1790964551.7632902, "last_update": 1790974557.264368, "eta_minutes": 92.28374780578521}
{"stage": "image_utility", "dataset": "CIFAR10", "method": "per_tensor_dp_0.01", "done": 104, "total": 160, "failed": 0, "started_at": 1790964551.7632902, "last_update": 1790974562.716723, "eta_minutes": 89.84188977296535}
{"stage": "image_utility", "dataset": "CIFAR10", "method": "per_tensor_dp_0.01", "done": 105, "total": 160, "failed": 0, "started_at": 1790964551.7632902, "last_update": 1790974898.238409, "eta_minutes": 90.32637007501391}
{"stage": "image_utility", "dataset": "CIFAR10", "method": "per_tensor_dp_0.01", "done": 106, "total": 160, "failed": 0, "started_at": 1790964551.7632902, "last_update": 1790974902.313788, "eta_minutes": 87.88203252014124}
{"stage": "image_utility", "dataset": "CIFAR10", "method": "per_tensor_dp_0.01", "done": 107, "total": 160, "failed": 0, "started_at": 1790964551.7632902, "last_update": 1790974903.954359, "eta_minutes": 85.46201348917505}
{"stage": "image_utility", "dataset": "CIFAR10", "method": "per_tensor_dp_0.01", "done": 108, "total": 160, "failed": 0, "started_at": 1790964551.7632902, "last_update": 1790974909.033077, "eta_minutes": 83.11389334348983}
{"stage": "image_utility", "dataset": "CIFAR10", "method": "per_tensor_dp_0.01", "done": 109, "total": 160, "failed": 0, "started_at": 1790964551.7632902, "last_update": 1790975247.560235, "eta_minutes": 83.40759084694976}
{"stage": "image_utility", "dataset": "CIFAR10", "method": "per_tensor_dp_0.01", "done": 110, "total": 160, "failed": 0, "started_at": 1790964551.7632902, "last_update": 1790975251.699358, "eta_minutes": 81.06012172590603}
{"stage": "image_utility", "dataset": "CIFAR10", "method": "per_tensor_dp_0.01", "done": 111, "total": 160, "failed": 0, "started_at": 1790964551.7632902, "last_update": 1790975253.3744798, "eta_minutes": 78.73557782140938}
{"stage": "image_utility", "dataset": "CIFAR10", "method": "per_tensor_dp_0.01", "done": 112, "total": 160, "failed": 0, "started_at": 1790964551.7632902, "last_update": 1790975258.545953, "eta_minutes": 76.47701901367734}
{"stage": "image_utility", "dataset": "CIFAR10", "method": "per_tensor_dp_0.03", "done": 113, "total": 160, "failed": 0, "started_at": 1790964551.7632902, "last_update": 1790975593.98114, "eta_minutes": 76.54634792586695}
{"stage": "image_utility", "dataset": "CIFAR10", "method": "per_tensor_dp_0.03", "done": 114, "total": 160, "failed": 0, "started_at": 1790964551.7632902, "last_update": 1790975598.715786, "eta_minutes": 74.29237057946578}
{"stage": "image_utility", "dataset": "CIFAR10", "method": "per_tensor_dp_0.03", "done": 115, "total": 160, "failed": 0, "started_at": 1790964551.7632902, "last_update": 1790975600.099155, "eta_minutes": 72.05436432931735}
{"stage": "image_utility", "dataset": "CIFAR10", "method": "per_tensor_dp_0.03", "done": 116, "total": 160, "failed": 0, "started_at": 1790964551.7632902, "last_update": 1790975605.41017, "eta_minutes": 69.87937682702622}
{"stage": "image_utility", "dataset": "CIFAR10", "method": "per_tensor_dp_0.03", "done": 117, "total": 160, "failed": 0, "started_at": 1790964551.7632902, "last_update": 1790975939.992119, "eta_minutes": 69.7569572082612}
{"stage": "image_utility", "dataset": "CIFAR10", "method": "per_tensor_dp_0.03", "done": 118, "total": 160, "failed": 0, "started_at": 1790964551.7632902, "last_update": 1790975945.1388109, "eta_minutes": 67.58782088130208}
{"stage": "image_utility", "dataset": "CIFAR10", "method": "per_tensor_dp_0.03", "done": 119, "total": 160, "failed": 0, "started_at": 1790964551.7632902, "last_update": 1790975946.207647, "eta_minutes": 65.43028272179995}
{"stage": "image_utility", "dataset": "CIFAR10", "method": "per_tensor_dp_0.03", "done": 120, "total": 160, "failed": 0, "started_at": 1790964551.7632902, "last_update": 1790975951.898277, "eta_minutes": 63.334083255132036}
{"stage": "image_utility", "dataset": "CIFAR10", "method": "per_tensor_dp_0.03", "done": 121, "total": 160, "failed": 0, "started_at": 1790964551.7632902, "last_update": 1790976285.711006, "eta_minutes": 63.03360343176472}
{"stage": "image_utility", "dataset": "CIFAR10", "method": "per_tensor_dp_0.03", "done": 122, "total": 160, "failed": 0, "started_at": 1790964551.7632902, "last_update": 1790976291.328809, "eta_minutes": 60.94309968805053}
{"stage": "image_utility", "dataset": "CIFAR10", "method": "per_tensor_dp_0.03", "done": 123, "total": 160, "failed": 0, "started_at": 1790964551.7632902, "last_update": 1790976291.656615, "eta_minutes": 58.85854376958314}
{"stage": "image_utility", "dataset": "CIFAR10", "method": "per_tensor_dp_0.03", "done": 124, "total": 160, "failed": 0, "started_at": 1790964551.7632902, "last_update": 1790976297.880515, "eta_minutes": 56.83605107338198}
{"stage": "image_utility", "dataset": "CIFAR10", "method": "per_tensor_dp_0.03", "done": 125, "total": 160, "failed": 0, "started_at": 1790964551.7632902, "last_update": 1790976634.9845178, "eta_minutes": 56.388365725676216}
{"stage": "image_utility", "dataset": "CIFAR10", "method": "per_tensor_dp_0.03", "done": 126, "total": 160, "failed": 0, "started_at": 1790964551.7632902, "last_update": 1790976641.4404118, "eta_minutes": 54.37156377456806}
{"stage": "image_utility", "dataset": "CIFAR10", "method": "per_tensor_dp_0.03", "done": 127, "total": 160, "failed": 0, "started_at": 1790964551.7632902, "last_update": 1790976641.669546, "eta_minutes": 52.35786173324886}
{"stage": "image_utility", "dataset": "CIFAR10", "method": "per_tensor_dp_0.03", "done": 128, "total": 160, "failed": 0, "started_at": 1790964551.7632902, "last_update": 1790976647.889428, "eta_minutes": 50.40052556991577}
{"stage": "image_utility", "dataset": "CIFAR10", "method": "per_tensor_dp_0.1", "done": 129, "total": 160, "failed": 0, "started_at": 1790964551.7632902, "last_update": 1790976981.2778912, "eta_minutes": 49.782293621545}
{"stage": "image_utility", "dataset": "CIFAR10", "method": "per_tensor_dp_0.1", "done": 130, "total": 160, "failed": 0, "started_at": 1790964551.7632902, "last_update": 1790976988.009556, "eta_minutes": 47.831716402677394}
{"stage": "image_utility", "dataset": "CIFAR10", "method": "per_tensor_dp_0.1", "done": 131, "total": 160, "failed": 0, "started_at": 1790964551.7632902, "last_update": 1790976988.191346, "eta_minutes": 45.8850398968801}
{"stage": "image_utility", "dataset": "CIFAR10", "method": "per_tensor_dp_0.1", "done": 132, "total": 160, "failed": 0, "started_at": 1790964551.7632902, "last_update": 1790976994.096264, "eta_minutes": 43.98804586668207}
{"stage": "image_utility", "dataset": "CIFAR10", "method": "per_tensor_dp_0.1", "done": 133, "total": 160, "failed": 0, "started_at": 1790964551.7632902, "last_update": 1790977327.806716, "eta_minutes": 43.227214594532676}
{"stage": "image_utility", "dataset": "CIFAR10", "method": "per_tensor_dp_0.1", "done": 134, "total": 160, "failed": 0, "started_at": 1790964551.7632902, "last_update": 1790977334.8537889, "eta_minutes": 41.3383523589343}
{"stage": "image_utility", "dataset": "CIFAR10", "method": "per_tensor_dp_0.1", "done": 135, "total": 160, "failed": 0, "started_at": 1790964551.7632902, "last_update": 1790977335.485587, "eta_minutes": 39.455933011608366}
{"stage": "image_utility", "dataset": "CIFAR10", "method": "per_tensor_dp_0.1", "done": 136, "total": 160, "failed": 0, "started_at": 1790964551.7632902, "last_update": 1790977340.86061, "eta_minutes": 37.61499211437562}
{"stage": "image_utility", "dataset": "CIFAR10", "method": "per_tensor_dp_0.1", "done": 137, "total": 160, "failed": 0, "started_at": 1790964551.7632902, "last_update": 1790977677.040929, "eta_minutes": 36.72522939194148}
{"stage": "image_utility", "dataset": "CIFAR10", "method": "per_tensor_dp_0.1", "done": 138, "total": 160, "failed": 0, "started_at": 1790964551.7632902, "last_update": 1790977684.454863, "eta_minutes": 34.89362494962803}
{"stage": "image_utility", "dataset": "CIFAR10", "method": "per_tensor_dp_0.1", "done": 139, "total": 160, "failed": 0, "started_at": 1790964551.7632902, "last_update": 1790977685.2273269, "eta_minutes": 33.06987347131153}
{"stage": "image_utility", "dataset": "CIFAR10", "method": "per_tensor_dp_0.1", "done": 140, "total": 160, "failed": 0, "started_at": 1790964551.7632902, "last_update": 1790977690.3473861, "eta_minutes": 31.28234308333624}
{"stage": "image_utility", "dataset": "CIFAR10", "method": "per_tensor_dp_0.1", "done": 141, "total": 160, "failed": 0, "started_at": 1790964551.7632902, "last_update": 1790978023.8764741, "eta_minutes": 30.256518971102743}
{"stage": "image_utility", "dataset": "CIFAR10", "method": "per_tensor_dp_0.1", "done": 142, "total": 160, "failed": 0, "started_at": 1790964551.7632902, "last_update": 1790978031.184055, "eta_minutes": 28.477649503358652}
{"stage": "image_utility", "dataset": "CIFAR10", "method": "per_tensor_dp_0.1", "done": 143, "total": 160, "failed": 0, "started_at": 1790964551.7632902, "last_update": 1790978032.683219, "eta_minutes": 26.710447411353773}
{"stage": "image_utility", "dataset": "CIFAR10", "method": "per_tensor_dp_0.1", "done": 144, "total": 160, "failed": 0, "started_at": 1790964551.7632902, "last_update": 1790978036.9950342, "eta_minutes": 24.972651375664604}
{"stage": "image_utility", "dataset": "CIFAR10", "method": "per_tensor_dp_0.3", "done": 145, "total": 160, "failed": 0, "started_at": 1790964551.7632902, "last_update": 1790978371.63027, "eta_minutes": 23.827356859733317}
{"stage": "image_utility", "dataset": "CIFAR10", "method": "per_tensor_dp_0.3", "done": 146, "total": 160, "failed": 0, "started_at": 1790964551.7632902, "last_update": 1790978379.445578, "eta_minutes": 22.099035618076584}
{"stage": "image_utility", "dataset": "CIFAR10", "method": "per_tensor_dp_0.3", "done": 147, "total": 160, "failed": 0, "started_at": 1790964551.7632902, "last_update": 1790978381.662184, "eta_minutes": 20.38420471704466}
{"stage": "image_utility", "dataset": "CIFAR10", "method": "per_tensor_dp_0.3", "done": 148, "total": 160, "failed": 0, "started_at": 1790964551.7632902, "last_update": 1790978385.373256, "eta_minutes": 18.694067521353023}
{"stage": "image_utility", "dataset": "CIFAR10", "method": "per_tensor_dp_0.3", "done": 149, "total": 160, "failed": 0, "started_at": 1790964551.7632902, "last_update": 1790978720.021139, "eta_minutes": 17.432979454770184}
{"stage": "image_utility", "dataset": "CIFAR10", "method": "per_tensor_dp_0.3", "done": 150, "total": 160, "failed": 0, "started_at": 1790964551.7632902, "last_update": 1790978727.686823, "eta_minutes": 15.751026147471537}
{"stage": "image_utility", "dataset": "CIFAR10", "method": "per_tensor_dp_0.3", "done": 151, "total": 160, "failed": 0, "started_at": 1790964551.7632902, "last_update": 1790978730.2564778, "eta_minutes": 14.084595881787358}
{"stage": "image_utility", "dataset": "CIFAR10", "method": "per_tensor_dp_0.3", "done": 152, "total": 160, "failed": 0, "started_at": 1790964551.7632902, "last_update": 1790978733.569424, "eta_minutes": 12.440180818448987}
{"stage": "image_utility", "dataset": "CIFAR10", "method": "per_tensor_dp_0.3", "done": 153, "total": 160, "failed": 0, "started_at": 1790964551.7632902, "last_update": 1790979068.6004841, "eta_minutes": 11.069483699102546}
{"stage": "image_utility", "dataset": "CIFAR10", "method": "per_tensor_dp_0.3", "done": 154, "total": 160, "failed": 0, "started_at": 1790964551.7632902, "last_update": 1790979076.106892, "eta_minutes": 9.431391949313028}
{"stage": "image_utility", "dataset": "CIFAR10", "method": "per_tensor_dp_0.3", "done": 155, "total": 160, "failed": 0, "started_at": 1790964551.7632902, "last_update": 1790979079.098898, "eta_minutes": 7.810395488046831}
{"stage": "image_utility", "dataset": "CIFAR10", "method": "per_tensor_dp_0.3", "done": 156, "total": 160, "failed": 0, "started_at": 1790964551.7632902, "last_update": 1790979082.2467241, "eta_minutes": 6.209608304704357}
{"stage": "image_utility", "dataset": "CIFAR10", "method": "per_tensor_dp_0.3", "done": 157, "total": 160, "failed": 0, "started_at": 1790964551.7632902, "last_update": 1790979416.737171, "eta_minutes": 4.734068114590493}
{"stage": "image_utility", "dataset": "CIFAR10", "method": "per_tensor_dp_0.3", "done": 158, "total": 160, "failed": 0, "started_at": 1790964551.7632902, "last_update": 1790979424.268281, "eta_minutes": 3.1376592805616967}
{"stage": "image_utility", "dataset": "CIFAR10", "method": "per_tensor_dp_0.3", "done": 159, "total": 160, "failed": 0, "started_at": 1790964551.7632902, "last_update": 1790979427.121279, "eta_minutes": 1.5592618436933314}
{"stage": "image_utility", "dataset": "CIFAR10", "method": "per_tensor_dp_0.3", "done": 160, "total": 160, "failed": 0, "started_at": 1790964551.7632902, "last_update": 1790979429.941935, "eta_minutes": 0.0}
{"at": 1790979608.496342, "stage": "paysim_utility", "dataset": "PaySim", "method": "baseline", "done": 1, "total": 48, "failed": 0, "started_at": 1790979434.861541, "last_update": 1790979608.494904, "eta_minutes": 136.01280102332433}
{"at": 1790979614.063647, "stage": "paysim_utility", "dataset": "PaySim", "method": "baseline", "done": 2, "total": 48, "failed": 0, "started_at": 1790979434.861541, "last_update": 1790979614.062857, "eta_minutes": 68.69383775393167}
{"at": 1790979616.729955, "stage": "paysim_utility", "dataset": "PaySim", "method": "baseline", "done": 3, "total": 48, "failed": 0, "started_at": 1790979434.861541, "last_update": 1790979616.728048, "eta_minutes": 45.46662676334381}
{"at": 1790979619.2297401, "stage": "paysim_utility", "dataset": "PaySim", "method": "baseline", "done": 4, "total": 48, "failed": 0, "started_at": 1790979434.861541, "last_update": 1790979619.228221, "eta_minutes": 33.80055815776189}
{"at": 1790979771.544414, "stage": "paysim_utility", "dataset": "PaySim", "method": "baseline", "done": 5, "total": 48, "failed": 0, "started_at": 1790979434.861541, "last_update": 1790979771.543777, "eta_minutes": 48.257787153720855}
{"at": 1790979782.463788, "stage": "paysim_utility", "dataset": "PaySim", "method": "baseline", "done": 6, "total": 48, "failed": 0, "started_at": 1790979434.861541, "last_update": 1790979782.462081, "eta_minutes": 40.55339632431666}
{"at": 1790979794.592246, "stage": "paysim_utility", "dataset": "PaySim", "method": "baseline", "done": 7, "total": 48, "failed": 0, "started_at": 1790979434.861541, "last_update": 1790979794.590608, "eta_minutes": 35.11640890666417}
{"at": 1790979820.976474, "stage": "paysim_utility", "dataset": "PaySim", "method": "baseline", "done": 8, "total": 48, "failed": 0, "started_at": 1790979434.861541, "last_update": 1790979820.975959, "eta_minutes": 32.176201502482094}
{"at": 1790979935.854252, "stage": "paysim_utility", "dataset": "PaySim", "method": "baseline", "done": 9, "total": 48, "failed": 0, "started_at": 1790979434.861541, "last_update": 1790979935.852727, "eta_minutes": 36.18269684579637}
{"at": 1790979956.553673, "stage": "paysim_utility", "dataset": "PaySim", "method": "baseline", "done": 10, "total": 48, "failed": 0, "started_at": 1790979434.861541, "last_update": 1790979956.552126, "eta_minutes": 33.04040371020635}
{"at": 1790979973.4135602, "stage": "paysim_utility", "dataset": "PaySim", "method": "baseline", "done": 11, "total": 48, "failed": 0, "started_at": 1790979434.861541, "last_update": 1790979973.4114618, "eta_minutes": 30.191434953790722}
{"at": 1790980000.464719, "stage": "paysim_utility", "dataset": "PaySim", "method": "baseline", "done": 12, "total": 48, "failed": 0, "started_at": 1790979434.861541, "last_update": 1790980000.4627452, "eta_minutes": 28.280060207843782}
{"at": 1790980107.491928, "stage": "paysim_utility", "dataset": "PaySim", "method": "baseline", "done": 13, "total": 48, "failed": 0, "started_at": 1790979434.861541, "last_update": 1790980107.489799, "eta_minutes": 30.18203721749477}
{"at": 1790980121.882845, "stage": "paysim_utility", "dataset": "PaySim", "method": "dna_v1_conservative", "done": 14, "total": 48, "failed": 1, "started_at": 1790979434.861541, "last_update": 1790980121.879771, "eta_minutes": 27.807880736532663}
{"at": 1790980136.001865, "stage": "paysim_utility", "dataset": "PaySim", "method": "baseline", "done": 15, "total": 48, "failed": 1, "started_at": 1790979434.861541, "last_update": 1790980136.000078, "eta_minutes": 25.708413020769754}
{"at": 1790980142.502, "stage": "paysim_utility", "dataset": "PaySim", "method": "dna_v1_conservative", "done": 16, "total": 48, "failed": 2, "started_at": 1790979434.861541, "last_update": 1790980142.499694, "eta_minutes": 23.587938435872395}
{"at": 1790980149.964392, "stage": "paysim_utility", "dataset": "PaySim", "method": "dna_v1_conservative", "done": 17, "total": 48, "failed": 3, "started_at": 1790979434.861541, "last_update": 1790980149.9623418, "eta_minutes": 21.733455709148856}
{"at": 1790980152.958432, "stage": "paysim_utility", "dataset": "PaySim", "method": "baseline", "done": 18, "total": 48, "failed": 3, "started_at": 1790979434.861541, "last_update": 1790980152.955905, "eta_minutes": 19.947065664662254}
{"at": 1790980156.393842, "stage": "paysim_utility", "dataset": "PaySim", "method": "dna_v1_conservative", "done": 19, "total": 48, "failed": 4, "started_at": 1790979434.861541, "last_update": 1790980156.392226, "eta_minutes": 18.35472798075592}
{"at": 1790980163.791719, "stage": "paysim_utility", "dataset": "PaySim", "method": "dna_v1_conservative", "done": 20, "total": 48, "failed": 5, "started_at": 1790979434.861541, "last_update": 1790980163.790226, "eta_minutes": 17.008335982163747}
{"at": 1790980166.3501499, "stage": "paysim_utility", "dataset": "PaySim", "method": "dna_v1_conservative", "done": 21, "total": 48, "failed": 6, "started_at": 1790979434.861541, "last_update": 1790980166.3486679, "eta_minutes": 15.67472416673388}
{"at": 1790980169.807296, "stage": "paysim_utility", "dataset": "PaySim", "method": "dna_v1_conservative", "done": 22, "total": 48, "failed": 7, "started_at": 1790979434.861541, "last_update": 1790980169.806656, "eta_minutes": 14.476191656156022}
{"at": 1790980177.27842, "stage": "paysim_utility", "dataset": "PaySim", "method": "dna_v1_conservative", "done": 23, "total": 48, "failed": 8, "started_at": 1790979434.861541, "last_update": 1790980177.276333, "eta_minutes": 13.449543334435726}
{"at": 1790980179.6608949, "stage": "paysim_utility", "dataset": "PaySim", "method": "dna_v1_conservative", "done": 24, "total": 48, "failed": 9, "started_at": 1790979434.861541, "last_update": 1790980179.659086, "eta_minutes": 12.413292415936787}
{"at": 1790980181.13602, "stage": "paysim_utility", "dataset": "PaySim", "method": "baseline", "done": 25, "total": 48, "failed": 9, "started_at": 1790979434.861541, "last_update": 1790980181.134439, "eta_minutes": 11.442851116657257}
{"at": 1790980183.26372, "stage": "paysim_utility", "dataset": "PaySim", "method": "dna_v1_conservative", "done": 26, "total": 48, "failed": 10, "started_at": 1790979434.861541, "last_update": 1790980183.261365, "eta_minutes": 10.55435650776594}
{"at": 1790980193.787084, "stage": "paysim_utility", "dataset": "PaySim", "method": "dna_v1_conservative", "done": 27, "total": 48, "failed": 11, "started_at": 1790979434.861541, "last_update": 1790980193.786447, "eta_minutes": 9.837915448347728}
{"at": 1790980195.9437282, "stage": "paysim_utility", "dataset": "PaySim", "method": "dna_v1_conservative", "done": 28, "total": 48, "failed": 12, "started_at": 1790979434.861541, "last_update": 1790980195.94189, "eta_minutes": 9.06048035621643}
{"at": 1790980198.369049, "stage": "paysim_utility", "dataset": "PaySim", "method": "dna_v1_conservative", "done": 29, "total": 48, "failed": 13, "started_at": 1790979434.861541, "last_update": 1790980198.36732, "eta_minutes": 8.337132069845309}
{"at": 1790980207.317894, "stage": "paysim_utility", "dataset": "PaySim", "method": "dna_v1_conservative", "done": 30, "total": 48, "failed": 14, "started_at": 1790979434.861541, "last_update": 1790980207.315849, "eta_minutes": 7.7245430803298945}
{"at": 1790980208.321345, "stage": "paysim_utility", "dataset": "PaySim", "method": "dna_v2_0p95", "done": 31, "total": 48, "failed": 15, "started_at": 1790979434.861541, "last_update": 1790980208.319747, "eta_minutes": 7.069241667178369}
{"at": 1790980209.1989682, "stage": "paysim_utility", "dataset": "PaySim", "method": "dna_v1_conservative", "done": 32, "total": 48, "failed": 16, "started_at": 1790979434.861541, "last_update": 1790980209.197257, "eta_minutes": 6.4527976334095}
{"at": 1790980217.3604789, "stage": "paysim_utility", "dataset": "PaySim", "method": "dna_v2_0p95", "done": 33, "total": 48, "failed": 17, "started_at": 1790979434.861541, "last_update": 1790980217.358886, "eta_minutes": 5.928010189171993}
{"at": 1790980218.265971, "stage": "paysim_utility", "dataset": "PaySim", "method": "dna_v2_0p95", "done": 34, "total": 48, "failed": 18, "started_at": 1790979434.861541, "last_update": 1790980218.26416, "eta_minutes": 5.376292482544395}
{"at": 1790980218.9979048, "stage": "paysim_utility", "dataset": "PaySim", "method": "dna_v2_0p95", "done": 35, "total": 48, "failed": 19, "started_at": 1790979434.861541, "last_update": 1790980218.996583, "eta_minutes": 4.85416930732273}
{"at": 1790980223.9151812, "stage": "paysim_utility", "dataset": "PaySim", "method": "dna_v1_conservative", "done": 36, "total": 48, "failed": 20, "started_at": 1790979434.861541, "last_update": 1790980223.9143522, "eta_minutes": 4.38362672858768}
{"at": 1790980227.121321, "stage": "paysim_utility", "dataset": "PaySim", "method": "dna_v2_0p95", "done": 37, "total": 48, "failed": 21, "started_at": 1790979434.861541, "last_update": 1790980227.120673, "eta_minutes": 3.9256083171646874}
{"at": 1790980228.2836092, "stage": "paysim_utility", "dataset": "PaySim", "method": "dna_v2_0p95", "done": 38, "total": 48, "failed": 22, "started_at": 1790979434.861541, "last_update": 1790980228.2821069, "eta_minutes": 3.479914762471852}
{"at": 1790980228.896938, "stage": "paysim_utility", "dataset": "PaySim", "method": "dna_v2_0p95", "done": 39, "total": 48, "failed": 23, "started_at": 1790979434.861541, "last_update": 1790980228.8956091, "eta_minutes": 3.05397718502925}
{"at": 1790980234.366595, "stage": "paysim_utility", "dataset": "PaySim", "method": "dna_v2_0p95", "done": 40, "total": 48, "failed": 24, "started_at": 1790979434.861541, "last_update": 1790980234.364896, "eta_minutes": 2.665011183420817}
{"at": 1790980237.2261288, "stage": "paysim_utility", "dataset": "PaySim", "method": "dna_v2_0p95", "done": 41, "total": 48, "failed": 25, "started_at": 1790979434.861541, "last_update": 1790980237.224312, "eta_minutes": 2.2831460964388963}
{"at": 1790980238.0942059, "stage": "paysim_utility", "dataset": "PaySim", "method": "dna_v2_0p95", "done": 42, "total": 48, "failed": 26, "started_at": 1790979434.861541, "last_update": 1790980238.092535, "eta_minutes": 1.9124547475860232}
{"at": 1790980239.110166, "stage": "paysim_utility", "dataset": "PaySim", "method": "dna_v2_0p95", "done": 43, "total": 48, "failed": 27, "started_at": 1790979434.861541, "last_update": 1790980239.108244, "eta_minutes": 1.5586176412974215}
{"at": 1790980244.4208488, "stage": "paysim_utility", "dataset": "PaySim", "method": "dna_v2_0p95", "done": 44, "total": 48, "failed": 28, "started_at": 1790979434.861541, "last_update": 1790980244.4185972, "eta_minutes": 1.2266016013694532}
{"at": 1790980247.408587, "stage": "paysim_utility", "dataset": "PaySim", "method": "dna_v2_0p95", "done": 45, "total": 48, "failed": 29, "started_at": 1790979434.861541, "last_update": 1790980247.407939, "eta_minutes": 0.9028293323516845}
{"at": 1790980248.089792, "stage": "paysim_utility", "dataset": "PaySim", "method": "dna_v2_0p95", "done": 46, "total": 48, "failed": 30, "started_at": 1790979434.861541, "last_update": 1790980248.089219, "eta_minutes": 0.5892954188844433}
{"at": 1790980249.004364, "stage": "paysim_utility", "dataset": "PaySim", "method": "dna_v2_0p95", "done": 47, "total": 48, "failed": 31, "started_at": 1790979434.861541, "last_update": 1790980249.003884, "eta_minutes": 0.28870295852634076}
{"at": 1790980253.7982662, "stage": "paysim_utility", "dataset": "PaySim", "method": "dna_v2_0p95", "done": 48, "total": 48, "failed": 32, "started_at": 1790979434.861541, "last_update": 1790980253.797886, "eta_minutes": 0.0}
{"stage": "image_recovery", "dataset": "CIFAR10", "method": "unprotected", "done": 1, "total": 669, "failed": 0, "started_at": 1790981282.322034, "last_update": 1790981295.986012, "eta_minutes": 152.12562284469604}
{"stage": "image_recovery", "dataset": "CIFAR10", "method": "unprotected", "done": 2, "total": 669, "failed": 0, "started_at": 1790981282.322034, "last_update": 1790981296.133832, "eta_minutes": 76.7705724477768}
{"stage": "image_recovery", "dataset": "CIFAR10", "method": "unprotected", "done": 3, "total": 669, "failed": 0, "started_at": 1790981282.322034, "last_update": 1790981297.74928, "eta_minutes": 57.08080701828003}
{"stage": "image_recovery", "dataset": "CIFAR10", "method": "unprotected", "done": 4, "total": 669, "failed": 0, "started_at": 1790981282.322034, "last_update": 1790981298.0618722, "eta_minutes": 43.6124654908975}
{"stage": "image_recovery", "dataset": "CIFAR10", "method": "unprotected", "done": 5, "total": 669, "failed": 0, "started_at": 1790981282.322034, "last_update": 1790981307.3995252, "eta_minutes": 55.5048473739624}
{"stage": "image_recovery", "dataset": "CIFAR10", "method": "unprotected", "done": 6, "total": 669, "failed": 0, "started_at": 1790981282.322034, "last_update": 1790981307.609584, "eta_minutes": 46.57123654882113}
{"stage": "image_recovery", "dataset": "CIFAR10", "method": "unprotected", "done": 7, "total": 669, "failed": 0, "started_at": 1790981282.322034, "last_update": 1790981310.918695, "eta_minutes": 45.07378486224583}
{"stage": "image_recovery", "dataset": "CIFAR10", "method": "unprotected", "done": 8, "total": 669, "failed": 0, "started_at": 1790981282.322034, "last_update": 1790981311.396807, "eta_minutes": 40.03838541954756}
{"stage": "image_recovery", "dataset": "CIFAR10", "method": "unprotected", "done": 9, "total": 669, "failed": 0, "started_at": 1790981282.322034, "last_update": 1790981318.7456498, "eta_minutes": 44.517751640743676}
{"stage": "image_recovery", "dataset": "CIFAR10", "method": "unprotected", "done": 10, "total": 669, "failed": 0, "started_at": 1790981282.322034, "last_update": 1790981319.159531, "eta_minutes": 40.45985112905502}
{"stage": "image_recovery", "dataset": "CIFAR10", "method": "unprotected", "done": 11, "total": 669, "failed": 0, "started_at": 1790981282.322034, "last_update": 1790981324.183664, "eta_minutes": 41.73477677648717}
{"stage": "image_recovery", "dataset": "CIFAR10", "method": "unprotected", "done": 12, "total": 669, "failed": 0, "started_at": 1790981282.322034, "last_update": 1790981324.948976, "eta_minutes": 38.897084718942644}
{"stage": "image_recovery", "dataset": "CIFAR10", "method": "unprotected", "done": 13, "total": 669, "failed": 0, "started_at": 1790981282.322034, "last_update": 1790981330.191348, "eta_minutes": 40.259319652655186}
{"stage": "image_recovery", "dataset": "CIFAR10", "method": "unprotected", "done": 14, "total": 669, "failed": 0, "started_at": 1790981282.322034, "last_update": 1790981330.8009229, "eta_minutes": 37.80199026068052}
{"stage": "image_recovery", "dataset": "CIFAR10", "method": "unprotected", "done": 15, "total": 669, "failed": 0, "started_at": 1790981282.322034, "last_update": 1790981337.615857, "eta_minutes": 40.18017804940541}
{"stage": "image_recovery", "dataset": "CIFAR10", "method": "unprotected", "done": 16, "total": 669, "failed": 0, "started_at": 1790981282.322034, "last_update": 1790981338.462671, "eta_minutes": 38.18732858573397}
{"stage": "image_recovery", "dataset": "CIFAR10", "method": "unprotected", "done": 17, "total": 669, "failed": 0, "started_at": 1790981282.322034, "last_update": 1790981341.732399, "eta_minutes": 37.976037302204205}
{"stage": "image_recovery", "dataset": "CIFAR10", "method": "unprotected", "done": 18, "total": 669, "failed": 0, "started_at": 1790981282.322034, "last_update": 1790981342.384511, "eta_minutes": 36.20432648128933}
{"stage": "image_recovery", "dataset": "CIFAR10", "method": "unprotected", "done": 19, "total": 669, "failed": 0, "started_at": 1790981282.322034, "last_update": 1790981350.814556, "eta_minutes": 39.05275322889027}
{"stage": "image_recovery", "dataset": "CIFAR10", "method": "unprotected", "done": 20, "total": 669, "failed": 0, "started_at": 1790981282.322034, "last_update": 1790981351.8106382, "eta_minutes": 37.58175349613031}
{"stage": "image_recovery", "dataset": "CIFAR10", "method": "unprotected", "done": 21, "total": 669, "failed": 0, "started_at": 1790981282.322034, "last_update": 1790981353.205117, "eta_minutes": 36.45415641239711}
{"stage": "image_recovery", "dataset": "CIFAR10", "method": "unprotected", "done": 22, "total": 669, "failed": 0, "started_at": 1790981282.322034, "last_update": 1790981353.9551091, "eta_minutes": 35.11106036251241}
{"stage": "image_recovery", "dataset": "CIFAR10", "method": "unprotected", "done": 23, "total": 669, "failed": 0, "started_at": 1790981282.322034, "last_update": 1790981363.998324, "eta_minutes": 38.233973451282665}
{"stage": "image_recovery", "dataset": "CIFAR10", "method": "unprotected", "done": 24, "total": 669, "failed": 0, "started_at": 1790981282.322034, "last_update": 1790981364.540565, "eta_minutes": 36.827050402760506}
{"stage": "image_recovery", "dataset": "CIFAR10", "method": "unprotected", "done": 25, "total": 669, "failed": 0, "started_at": 1790981282.322034, "last_update": 1790981365.213184, "eta_minutes": 35.58793383471171}
{"stage": "image_recovery", "dataset": "CIFAR10", "method": "unprotected", "done": 26, "total": 669, "failed": 0, "started_at": 1790981282.322034, "last_update": 1790981365.521915, "eta_minutes": 34.293284315635}
{"stage": "image_recovery", "dataset": "CIFAR10", "method": "unprotected", "done": 27, "total": 669, "failed": 0, "started_at": 1790981282.322034, "last_update": 1790981375.952011, "eta_minutes": 37.10521272465034}
{"stage": "image_recovery", "dataset": "CIFAR10", "method": "unprotected", "done": 28, "total": 669, "failed": 0, "started_at": 1790981282.322034, "last_update": 1790981377.075818, "eta_minutes": 36.15308029467151}
{"stage": "image_recovery", "dataset": "CIFAR10", "method": "unprotected", "done": 29, "total": 669, "failed": 0, "started_at": 1790981282.322034, "last_update": 1790981377.2537768, "eta_minutes": 34.91742232750202}
{"stage": "image_recovery", "dataset": "CIFAR10", "method": "unprotected", "done": 30, "total": 669, "failed": 0, "started_at": 1790981282.322034, "last_update": 1790981378.5415711, "eta_minutes": 34.157935726642606}
{"stage": "image_recovery", "dataset": "CIFAR10", "method": "unprotected", "done": 31, "total": 669, "failed": 0, "started_at": 1790981282.322034, "last_update": 1790981387.341732, "eta_minutes": 36.022885379996346}
{"stage": "image_recovery", "dataset": "CIFAR10", "method": "unprotected", "done": 32, "total": 669, "failed": 0, "started_at": 1790981282.322034, "last_update": 1790981388.540863, "eta_minutes": 35.24030906893313}
{"stage": "image_recovery", "dataset": "CIFAR10", "method": "unprotected", "done": 33, "total": 669, "failed": 0, "started_at": 1790981282.322034, "last_update": 1790981390.5137038, "eta_minutes": 34.75247579921376}
{"stage": "image_recovery", "dataset": "CIFAR10", "method": "unprotected", "done": 34, "total": 669, "failed": 0, "started_at": 1790981282.322034, "last_update": 1790981392.0779352, "eta_minutes": 34.16421401559138}
{"stage": "image_recovery", "dataset": "CIFAR10", "method": "unprotected", "done": 35, "total": 669, "failed": 0, "started_at": 1790981282.322034, "last_update": 1790981398.880815, "eta_minutes": 35.18965078217642}
{"stage": "image_recovery", "dataset": "CIFAR10", "method": "unprotected", "done": 36, "total": 669, "failed": 0, "started_at": 1790981282.322034, "last_update": 1790981400.1701288, "eta_minutes": 34.53603865438038}
{"stage": "image_recovery", "dataset": "CIFAR10", "method": "unprotected", "done": 37, "total": 669, "failed": 0, "started_at": 1790981282.322034, "last_update": 1790981403.73715, "eta_minutes": 34.56502376333014}
{"stage": "image_recovery", "dataset": "CIFAR10", "method": "unprotected", "done": 38, "total": 669, "failed": 0, "started_at": 1790981282.322034, "last_update": 1790981405.4930701, "eta_minutes": 34.08812450421484}
{"stage": "image_recovery", "dataset": "CIFAR10", "method": "unprotected", "done": 39, "total": 669, "failed": 0, "started_at": 1790981282.322034, "last_update": 1790981410.337695, "eta_minutes": 34.465754884939926}
{"stage": "image_recovery", "dataset": "CIFAR10", "method": "dna_v1_medium", "done": 40, "total": 669, "failed": 0, "started_at": 1790981282.322034, "last_update": 1790981427.2010639, "eta_minutes": 37.97037910968065}
{"stage": "image_recovery", "dataset": "CIFAR10", "method": "dna_v1_medium", "done": 41, "total": 669, "failed": 0, "started_at": 1790981282.322034, "last_update": 1790981435.055485, "eta_minutes": 38.99049047144448}
{"stage": "image_recovery", "dataset": "CIFAR10", "method": "dna_v1_medium", "done": 42, "total": 669, "failed": 0, "started_at": 1790981282.322034, "last_update": 1790981437.060179, "eta_minutes": 38.500324200732365}
{"stage": "image_recovery", "dataset": "CIFAR10", "method": "dna_v1_medium", "done": 43, "total": 669, "failed": 0, "started_at": 1790981282.322034, "last_update": 1790981437.299812, "eta_minutes": 37.60313509841298}
{"stage": "image_recovery", "dataset": "CIFAR10", "method": "dna_v1_medium", "done": 44, "total": 669, "failed": 0, "started_at": 1790981282.322034, "last_update": 1790981454.152768, "eta_minutes": 40.679624529950544}
{"stage": "image_recovery", "dataset": "CIFAR10", "method": "dna_v1_medium", "done": 45, "total": 669, "failed": 0, "started_at": 1790981282.322034, "last_update": 1790981463.647443, "eta_minutes": 41.90631678687201}
{"stage": "image_recovery", "dataset": "CIFAR10", "method": "dna_v1_medium", "done": 46, "total": 669, "failed": 0, "started_at": 1790981282.322034, "last_update": 1790981466.229481, "eta_minutes": 41.51244186344354}
{"stage": "image_recovery", "dataset": "CIFAR10", "method": "dna_v1_medium", "done": 47, "total": 669, "failed": 0, "started_at": 1790981282.322034, "last_update": 1790981468.9030871, "eta_minutes": 41.15369330703789}
{"stage": "image_recovery", "dataset": "CIFAR10", "method": "dna_v1_medium", "done": 48, "total": 669, "failed": 0, "started_at": 1790981282.322034, "last_update": 1790981481.1993668, "eta_minutes": 42.88292470648885}
{"stage": "image_recovery", "dataset": "CIFAR10", "method": "dna_v1_medium", "done": 49, "total": 669, "failed": 0, "started_at": 1790981282.322034, "last_update": 1790981490.283658, "eta_minutes": 43.85585271095743}
{"stage": "image_recovery", "dataset": "CIFAR10", "method": "dna_v1_medium", "done": 50, "total": 669, "failed": 0, "started_at": 1790981282.322034, "last_update": 1790981497.3560262, "eta_minutes": 44.368680409272514}
{"stage": "image_recovery", "dataset": "CIFAR10", "method": "dna_v1_medium", "done": 51, "total": 669, "failed": 0, "started_at": 1790981282.322034, "last_update": 1790981500.740314, "eta_minutes": 44.111926969827394}
{"stage": "image_recovery", "dataset": "CIFAR10", "method": "dna_v1_medium", "done": 52, "total": 669, "failed": 0, "started_at": 1790981282.322034, "last_update": 1790981508.1263192, "eta_minutes": 44.65424487904097}
{"stage": "image_recovery", "dataset": "CIFAR10", "method": "dna_v1_medium", "done": 53, "total": 669, "failed": 0, "started_at": 1790981282.322034, "last_update": 1790981516.8676748, "eta_minutes": 45.43399837182003}
{"stage": "image_recovery", "dataset": "CIFAR10", "method": "dna_v1_medium", "done": 54, "total": 669, "failed": 0, "started_at": 1790981282.322034, "last_update": 1790981528.542569, "eta_minutes": 46.73630508118205}
{"stage": "image_recovery", "dataset": "CIFAR10", "method": "dna_v1_medium", "done": 55, "total": 669, "failed": 0, "started_at": 1790981282.322034, "last_update": 1790981532.32652, "eta_minutes": 46.51598584377404}
{"stage": "image_recovery", "dataset": "CIFAR10", "method": "dna_v1_medium", "done": 56, "total": 669, "failed": 0, "started_at": 1790981282.322034, "last_update": 1790981535.1577952, "eta_minutes": 46.127476473649345}
{"stage": "image_recovery", "dataset": "CIFAR10", "method": "dna_v1_medium", "done": 57, "total": 669, "failed": 0, "started_at": 1790981282.322034, "last_update": 1790981543.3035572, "eta_minutes": 46.70195662598861}
{"stage": "image_recovery", "dataset": "CIFAR10", "method": "dna_v1_medium", "done": 58, "total": 669, "failed": 0, "started_at": 1790981282.322034, "last_update": 1790981559.5727732, "eta_minutes": 48.67821867986657}
{"stage": "image_recovery", "dataset": "CIFAR10", "method": "dna_v1_medium", "done": 59, "total": 669, "failed": 0, "started_at": 1790981282.322034, "last_update": 1790981562.033974, "eta_minutes": 48.19895012163173}
{"stage": "image_recovery", "dataset": "CIFAR10", "method": "dna_v1_medium", "done": 60, "total": 669, "failed": 0, "started_at": 1790981282.322034, "last_update": 1790981563.81373, "eta_minutes": 47.61901192684969}
{"stage": "image_recovery", "dataset": "CIFAR10", "method": "dna_v1_medium", "done": 61, "total": 669, "failed": 0, "started_at": 1790981282.322034, "last_update": 1790981569.7583911, "eta_minutes": 47.748990297578075}
{"stage": "image_recovery", "dataset": "CIFAR10", "method": "dna_v1_medium", "done": 62, "total": 669, "failed": 0, "started_at": 1790981282.322034, "last_update": 1790981588.733377, "eta_minutes": 49.997764854918245}
{"stage": "image_recovery", "dataset": "CIFAR10", "method": "dna_v1_medium", "done": 63, "total": 669, "failed": 0, "started_at": 1790981282.322034, "last_update": 1790981590.585543, "eta_minutes": 49.42002272416675}
{"stage": "image_recovery", "dataset": "CIFAR10", "method": "dna_v1_medium", "done": 64, "total": 669, "failed": 0, "started_at": 1790981282.322034, "last_update": 1790981595.364087, "eta_minutes": 49.320427656173706}
{"stage": "image_recovery", "dataset": "CIFAR10", "method": "dna_v1_medium", "done": 65, "total": 669, "failed": 0, "started_at": 1790981282.322034, "last_update": 1790981595.899293, "eta_minutes": 48.56427294217623}
{"stage": "image_recovery", "dataset": "CIFAR10", "method": "dna_v1_medium", "done": 66, "total": 669, "failed": 0, "started_at": 1790981282.322034, "last_update": 1790981615.1826591, "eta_minutes": 50.68559502959251}
{"stage": "image_recovery", "dataset": "CIFAR10", "method": "dna_v1_medium", "done": 67, "total": 669, "failed": 0, "started_at": 1790981282.322034, "last_update": 1790981621.277907, "eta_minutes": 50.759063570535}
{"stage": "image_recovery", "dataset": "CIFAR10", "method": "dna_v1_medium", "done": 68, "total": 669, "failed": 0, "started_at": 1790981282.322034, "last_update": 1790981621.801919, "eta_minutes": 50.00671836909125}
{"stage": "image_recovery", "dataset": "CIFAR10", "method": "dna_v1_medium", "done": 69, "total": 669, "failed": 0, "started_at": 1790981282.322034, "last_update": 1790981626.722015, "eta_minutes": 49.913040589595184}
{"stage": "image_recovery", "dataset": "CIFAR10", "method": "dna_v1_medium", "done": 70, "total": 669, "failed": 0, "started_at": 1790981282.322034, "last_update": 1790981641.7035341, "eta_minutes": 51.25464716071174}
{"stage": "image_recovery", "dataset": "CIFAR10", "method": "dna_v1_medium", "done": 71, "total": 669, "failed": 0, "started_at": 1790981282.322034, "last_update": 1790981647.855368, "eta_minutes": 51.31195614360308}
{"stage": "image_recovery", "dataset": "CIFAR10", "method": "dna_v1_medium", "done": 72, "total": 669, "failed": 0, "started_at": 1790981282.322034, "last_update": 1790981652.116736, "eta_minutes": 51.10357340872288}
{"stage": "image_recovery", "dataset": "CIFAR10", "method": "dna_v1_medium", "done": 73, "total": 669, "failed": 0, "started_at": 1790981282.322034, "last_update": 1790981658.139785, "eta_minutes": 51.13867100145174}
{"stage": "image_recovery", "dataset": "CIFAR10", "method": "dna_v1_medium", "done": 74, "total": 669, "failed": 0, "started_at": 1790981282.322034, "last_update": 1790981668.0845299, "eta_minutes": 51.6956496732729}
{"stage": "image_recovery", "dataset": "CIFAR10", "method": "dna_v1_medium", "done": 75, "total": 669, "failed": 0, "started_at": 1790981282.322034, "last_update": 1790981674.171351, "eta_minutes": 51.7241098537445}
{"stage": "image_recovery", "dataset": "CIFAR10", "method": "dna_v1_medium", "done": 76, "total": 669, "failed": 0, "started_at": 1790981282.322034, "last_update": 1790981682.845037, "eta_minutes": 52.0855570775375}
{"stage": "image_recovery", "dataset": "CIFAR10", "method": "dp_distortion_for_dna_v1_medium", "done": 77, "total": 669, "failed": 0, "started_at": 1790981282.322034, "last_update": 1790981685.371448, "eta_minutes": 51.64615857508275}
{"stage": "image_recovery", "dataset": "CIFAR10", "method": "dna_v1_medium", "done": 78, "total": 669, "failed": 0, "started_at": 1790981282.322034, "last_update": 1790981689.332662, "eta_minutes": 51.39813702564973}
{"stage": "image_recovery", "dataset": "CIFAR10", "method": "dna_v1_medium", "done": 79, "total": 669, "failed": 0, "started_at": 1790981282.322034, "last_update": 1790981694.681034, "eta_minutes": 51.32738610158992}
{"stage": "image_recovery", "dataset": "CIFAR10", "method": "dp_distortion_for_dna_v1_medium", "done": 80, "total": 669, "failed": 0, "started_at": 1790981282.322034, "last_update": 1790981695.839571, "eta_minutes": 50.74204778373242}
{"stage": "image_recovery", "dataset": "CIFAR10", "method": "dp_distortion_for_dna_v1_medium", "done": 81, "total": 669, "failed": 0, "started_at": 1790981282.322034, "last_update": 1790981696.559844, "eta_minutes": 50.11766086389989}
{"stage": "image_recovery", "dataset": "CIFAR10", "method": "dp_distortion_for_dna_v1_medium", "done": 82, "total": 669, "failed": 0, "started_at": 1790981282.322034, "last_update": 1790981702.559415, "eta_minutes": 50.13807780001221}
{"stage": "image_recovery", "dataset": "CIFAR10", "method": "dp_distortion_for_dna_v1_medium", "done": 83, "total": 669, "failed": 0, "started_at": 1790981282.322034, "last_update": 1790981705.998892, "eta_minutes": 49.85434516012429}
{"stage": "image_recovery", "dataset": "CIFAR10", "method": "dp_distortion_for_dna_v1_medium", "done": 84, "total": 669, "failed": 0, "started_at": 1790981282.322034, "last_update": 1790981707.7277062, "eta_minutes": 49.377443969249725}
{"stage": "image_recovery", "dataset": "CIFAR10", "method": "dp_distortion_for_dna_v1_medium", "done": 85, "total": 669, "failed": 0, "started_at": 1790981282.322034, "last_update": 1790981708.867767, "eta_minutes": 48.84366813734466}
{"stage": "image_recovery", "dataset": "CIFAR10", "method": "dp_distortion_for_dna_v1_medium", "done": 86, "total": 669, "failed": 0, "started_at": 1790981282.322034, "last_update": 1790981715.719262, "eta_minutes": 48.96716731966929}
{"stage": "image_recovery", "dataset": "CIFAR10", "method": "dp_distortion_for_dna_v1_medium", "done": 87, "total": 669, "failed": 0, "started_at": 1790981282.322034, "last_update": 1790981717.341365, "eta_minutes": 48.502155186664105}
{"stage": "image_recovery", "dataset": "CIFAR10", "method": "dp_distortion_for_dna_v1_medium", "done": 88, "total": 669, "failed": 0, "started_at": 1790981282.322034, "last_update": 1790981718.824578, "eta_minutes": 48.031813940451}
{"stage": "image_recovery", "dataset": "CIFAR10", "method": "dp_distortion_for_dna_v1_medium", "done": 89, "total": 669, "failed": 0, "started_at": 1790981282.322034, "last_update": 1790981721.834429, "eta_minutes": 47.73730134517512}
{"stage": "image_recovery", "dataset": "CIFAR10", "method": "dp_distortion_for_dna_v1_medium", "done": 90, "total": 669, "failed": 0, "started_at": 1790981282.322034, "last_update": 1790981728.604861, "eta_minutes": 47.85143633762995}
{"stage": "image_recovery", "dataset": "CIFAR10", "method": "dp_distortion_for_dna_v1_medium", "done": 91, "total": 669, "failed": 0, "started_at": 1790981282.322034, "last_update": 1790981728.729694, "eta_minutes": 47.257074529871396}
{"stage": "image_recovery", "dataset": "CIFAR10", "method": "dp_distortion_for_dna_v1_medium", "done": 92, "total": 669, "failed": 0, "started_at": 1790981282.322034, "last_update": 1790981729.901852, "eta_minutes": 46.78506431013777}
{"stage": "image_recovery", "dataset": "CIFAR10", "method": "dp_distortion_for_dna_v1_medium", "done": 93, "total": 669, "failed": 0, "started_at": 1790981282.322034, "last_update": 1790981734.733793, "eta_minutes": 46.70056858678018}
{"stage": "image_recovery", "dataset": "CIFAR10", "method": "dp_distortion_for_dna_v1_medium", "done": 94, "total": 669, "failed": 0, "started_at": 1790981282.322034, "last_update": 1790981739.908455, "eta_minutes": 46.651097886951256}
{"stage": "image_recovery", "dataset": "CIFAR10", "method": "dp_distortion_for_dna_v1_medium", "done": 95, "total": 669, "failed": 0, "started_at": 1790981282.322034, "last_update": 1790981741.0549061, "eta_minutes": 46.19520502985569}
{"stage": "image_recovery", "dataset": "CIFAR10", "method": "dp_distortion_for_dna_v1_medium", "done": 96, "total": 669, "failed": 0, "started_at": 1790981282.322034, "last_update": 1790981741.659751, "eta_minutes": 45.69453321645657}
{"stage": "image_recovery", "dataset": "CIFAR10", "method": "dp_distortion_for_dna_v1_medium", "done": 97, "total": 669, "failed": 0, "started_at": 1790981282.322034, "last_update": 1790981747.703476, "eta_minutes": 45.73851973609007}
{"stage": "image_recovery", "dataset": "CIFAR10", "method": "dp_distortion_for_dna_v1_medium", "done": 98, "total": 669, "failed": 0, "started_at": 1790981282.322034, "last_update": 1790981751.219873, "eta_minutes": 45.534126889219095}
{"stage": "image_recovery", "dataset": "CIFAR10", "method": "dp_distortion_for_dna_v1_medium", "done": 99, "total": 669, "failed": 0, "started_at": 1790981282.322034, "last_update": 1790981752.2663481, "eta_minutes": 45.09566640372228}
{"stage": "image_recovery", "dataset": "CIFAR10", "method": "dp_distortion_for_dna_v1_medium", "done": 100, "total": 669, "failed": 0, "started_at": 1790981282.322034, "last_update": 1790981754.875968, "eta_minutes": 44.81386465978622}
{"stage": "image_recovery", "dataset": "CIFAR10", "method": "dp_distortion_for_dna_v1_medium", "done": 101, "total": 669, "failed": 0, "started_at": 1790981282.322034, "last_update": 1790981760.616933, "eta_minutes": 44.83028089410007}
{"stage": "image_recovery", "dataset": "CIFAR10", "method": "dp_distortion_for_dna_v1_medium", "done": 102, "total": 669, "failed": 0, "started_at": 1790981282.322034, "last_update": 1790981762.417464, "eta_minutes": 44.47942946833723}
{"stage": "image_recovery", "dataset": "CIFAR10", "method": "dp_distortion_for_dna_v1_medium", "done": 103, "total": 669, "failed": 0, "started_at": 1790981282.322034, "last_update": 1790981763.420348, "eta_minutes": 44.061754888469736}
{"stage": "image_recovery", "dataset": "CIFAR10", "method": "dp_distortion_for_dna_v1_medium", "done": 104, "total": 669, "failed": 0, "started_at": 1790981282.322034, "last_update": 1790981768.011199, "eta_minutes": 43.97666318752827}
{"stage": "image_recovery", "dataset": "CIFAR10", "method": "dp_distortion_for_dna_v1_medium", "done": 105, "total": 669, "failed": 0, "started_at": 1790981282.322034, "last_update": 1790981773.588862, "eta_minutes": 43.9800778552464}
{"stage": "image_recovery", "dataset": "CIFAR10", "method": "dp_distortion_for_dna_v1_medium", "done": 106, "total": 669, "failed": 0, "started_at": 1790981282.322034, "last_update": 1790981773.8160262, "eta_minutes": 43.50803726570412}
{"stage": "image_recovery", "dataset": "CIFAR10", "method": "dp_distortion_for_dna_v1_medium", "done": 107, "total": 669, "failed": 0, "started_at": 1790981282.322034, "last_update": 1790981774.598974, "eta_minutes": 43.093401922169505}
{"stage": "image_recovery", "dataset": "CIFAR10", "method": "dp_distortion_for_dna_v1_medium", "done": 108, "total": 669, "failed": 0, "started_at": 1790981282.322034, "last_update": 1790981781.174798, "eta_minutes": 43.187716153815934}
{"stage": "image_recovery", "dataset": "CIFAR10", "method": "dp_distortion_for_dna_v1_medium", "done": 109, "total": 669, "failed": 0, "started_at": 1790981282.322034, "last_update": 1790981785.157067, "eta_minutes": 43.05621079202821}
{"stage": "image_recovery", "dataset": "CIFAR10", "method": "dp_distortion_for_dna_v1_medium", "done": 110, "total": 669, "failed": 0, "started_at": 1790981282.322034, "last_update": 1790981785.7459562, "eta_minutes": 42.63848059083476}
{"stage": "image_recovery", "dataset": "CIFAR10", "method": "dp_distortion_for_dna_v1_medium", "done": 111, "total": 669, "failed": 0, "started_at": 1790981282.322034, "last_update": 1790981786.441389, "eta_minutes": 42.23702705744151}
{"stage": "image_recovery", "dataset": "CIFAR10", "method": "dp_distortion_for_dna_v1_medium", "done": 112, "total": 669, "failed": 0, "started_at": 1790981282.322034, "last_update": 1790981794.429966, "eta_minutes": 42.44704139502276}
{"stage": "image_recovery", "dataset": "CIFAR10", "method": "dp_distortion_for_dna_v1_medium", "done": 113, "total": 669, "failed": 0, "started_at": 1790981282.322034, "last_update": 1790981796.492026, "eta_minutes": 42.16497281237689}
{"stage": "image_recovery", "dataset": "CIFAR10", "method": "dp_distortion_for_dna_v1_medium", "done": 114, "total": 669, "failed": 0, "started_at": 1790981282.322034, "last_update": 1790981796.996496, "eta_minutes": 41.76086636332044}
{"stage": "image_recovery", "dataset": "CIFAR10", "method": "dp_distortion_for_dna_v1_medium", "done": 115, "total": 669, "failed": 0, "started_at": 1790981282.322034, "last_update": 1790981799.3442318, "eta_minutes": 41.5116372670298}
{"stage": "image_recovery", "dataset": "CIFAR10", "method": "dp_distortion_for_dna_v1_medium", "done": 116, "total": 669, "failed": 0, "started_at": 1790981282.322034, "last_update": 1790981807.690517, "eta_minutes": 41.74263953100675}
{"stage": "image_recovery", "dataset": "CIFAR10", "method": "dp_distortion_for_dna_v1_medium", "done": 117, "total": 669, "failed": 0, "started_at": 1790981282.322034, "last_update": 1790981807.7780778, "eta_minutes": 41.3179111488864}
{"stage": "image_recovery", "dataset": "CIFAR10", "method": "dp_single_for_dna_v1_medium", "done": 118, "total": 669, "failed": 0, "started_at": 1790981282.322034, "last_update": 1790981808.141674, "eta_minutes": 40.92183913433619}
{"stage": "image_recovery", "dataset": "CIFAR10", "method": "dp_single_for_dna_v1_medium", "done": 119, "total": 669, "failed": 0, "started_at": 1790981282.322034, "last_update": 1790981812.259496, "eta_minutes": 40.82151318631586}
{"stage": "image_recovery", "dataset": "CIFAR10", "method": "dp_single_for_dna_v1_medium", "done": 120, "total": 669, "failed": 0, "started_at": 1790981282.322034, "last_update": 1790981819.005942, "eta_minutes": 40.92214800208807}
{"stage": "image_recovery", "dataset": "CIFAR10", "method": "dp_single_for_dna_v1_medium", "done": 121, "total": 669, "failed": 0, "started_at": 1790981282.322034, "last_update": 1790981819.4142451, "eta_minutes": 40.540844595465124}
{"stage": "image_recovery", "dataset": "CIFAR10", "method": "dp_single_for_dna_v1_medium", "done": 122, "total": 669, "failed": 0, "started_at": 1790981282.322034, "last_update": 1790981820.8673139, "eta_minutes": 40.24375240809278}
{"stage": "image_recovery", "dataset": "CIFAR10", "method": "dp_single_for_dna_v1_medium", "done": 123, "total": 669, "failed": 0, "started_at": 1790981282.322034, "last_update": 1790981825.1767209, "eta_minutes": 40.16241986014979}
{"stage": "image_recovery", "dataset": "CIFAR10", "method": "dp_single_for_dna_v1_medium", "done": 124, "total": 669, "failed": 0, "started_at": 1790981282.322034, "last_update": 1790981830.3102689, "eta_minutes": 40.1416113001685}
{"stage": "image_recovery", "dataset": "CIFAR10", "method": "dp_single_for_dna_v1_medium", "done": 125, "total": 669, "failed": 0, "started_at": 1790981282.322034, "last_update": 1790981830.672947, "eta_minutes": 39.773719559733074}
{"stage": "image_recovery", "dataset": "CIFAR10", "method": "dp_single_for_dna_v1_medium", "done": 126, "total": 669, "failed": 0, "started_at": 1790981282.322034, "last_update": 1790981834.0277178, "eta_minutes": 39.62647962891866}
{"stage": "image_recovery", "dataset": "CIFAR10", "method": "dp_single_for_dna_v1_medium", "done": 127, "total": 669, "failed": 0, "started_at": 1790981282.322034, "last_update": 1790981838.2341802, "eta_minutes": 39.541257652335275}
{"stage": "image_recovery", "dataset": "CIFAR10", "method": "dp_single_for_dna_v1_medium", "done": 128, "total": 669, "failed": 0, "started_at": 1790981282.322034, "last_update": 1790981841.624026, "eta_minutes": 39.398747105244546}
{"stage": "image_recovery", "dataset": "CIFAR10", "method": "dp_single_for_dna_v1_medium", "done": 129, "total": 669, "failed": 0, "started_at": 1790981282.322034, "last_update": 1790981841.896737, "eta_minutes": 39.04009557324786}
{"stage": "image_recovery", "dataset": "CIFAR10", "method": "dp_single_for_dna_v1_medium", "done": 130, "total": 669, "failed": 0, "started_at": 1790981282.322034, "last_update": 1790981847.082987, "eta_minutes": 39.026429970295}
{"stage": "image_recovery", "dataset": "CIFAR10", "method": "dp_single_for_dna_v1_medium", "done": 131, "total": 669, "failed": 0, "started_at": 1790981282.322034, "last_update": 1790981851.171922, "eta_minutes": 38.93654443732351}
{"stage": "image_recovery", "dataset": "CIFAR10", "method": "dp_single_for_dna_v1_medium", "done": 132, "total": 669, "failed": 0, "started_at": 1790981282.322034, "last_update": 1790981852.844179, "eta_minutes": 38.68313022355239}
{"stage": "image_recovery", "dataset": "CIFAR10", "method": "dp_single_for_dna_v1_medium", "done": 133, "total": 669, "failed": 0, "started_at": 1790981282.322034, "last_update": 1790981853.0995681, "eta_minutes": 38.33793964362085}
{"stage": "image_recovery", "dataset": "CIFAR10", "method": "dp_single_for_dna_v1_medium", "done": 134, "total": 669, "failed": 0, "started_at": 1790981282.322034, "last_update": 1790981860.246766, "eta_minutes": 38.45643429495208}
{"stage": "image_recovery", "dataset": "CIFAR10", "method": "dp_single_for_dna_v1_medium", "done": 135, "total": 669, "failed": 0, "started_at": 1790981282.322034, "last_update": 1790981864.054163, "eta_minutes": 38.35122918870714}
{"stage": "image_recovery", "dataset": "CIFAR10", "method": "dp_single_for_dna_v1_medium", "done": 136, "total": 669, "failed": 0, "started_at": 1790981282.322034, "last_update": 1790981864.160436, "eta_minutes": 38.00488581905763}
{"stage": "image_recovery", "dataset": "CIFAR10", "method": "dp_single_for_dna_v1_medium", "done": 137, "total": 669, "failed": 0, "started_at": 1790981282.322034, "last_update": 1790981864.294293, "eta_minutes": 37.6653578846414}
{"stage": "image_recovery", "dataset": "CIFAR10", "method": "dp_single_for_dna_v1_medium", "done": 138, "total": 669, "failed": 0, "started_at": 1790981282.322034, "last_update": 1790981873.4235032, "eta_minutes": 37.90759422545848}
{"stage": "image_recovery", "dataset": "CIFAR10", "method": "dp_single_for_dna_v1_medium", "done": 139, "total": 669, "failed": 0, "started_at": 1790981282.322034, "last_update": 1790981875.436466, "eta_minutes": 37.69192426610622}
{"stage": "image_recovery", "dataset": "CIFAR10", "method": "dp_single_for_dna_v1_medium", "done": 140, "total": 669, "failed": 0, "started_at": 1790981282.322034, "last_update": 1790981875.486808, "eta_minutes": 37.355257742433324}
{"stage": "image_recovery", "dataset": "CIFAR10", "method": "dp_single_for_dna_v1_medium", "done": 141, "total": 669, "failed": 0, "started_at": 1790981282.322034, "last_update": 1790981876.997463, "eta_minutes": 37.114494866175015}
{"stage": "image_recovery", "dataset": "CIFAR10", "method": "dp_single_for_dna_v1_medium", "done": 142, "total": 669, "failed": 0, "started_at": 1790981282.322034, "last_update": 1790981886.681775, "eta_minutes": 37.38234549508967}
{"stage": "image_recovery", "dataset": "CIFAR10", "method": "dp_single_for_dna_v1_medium", "done": 143, "total": 669, "failed": 0, "started_at": 1790981282.322034, "last_update": 1790981886.688769, "eta_minutes": 37.050921063600995}
{"stage": "image_recovery", "dataset": "CIFAR10", "method": "dp_single_for_dna_v1_medium", "done": 144, "total": 669, "failed": 0, "started_at": 1790981282.322034, "last_update": 1790981886.733402, "eta_minutes": 36.72638515838319}
{"stage": "image_recovery", "dataset": "CIFAR10", "method": "dp_single_for_dna_v1_medium", "done": 145, "total": 669, "failed": 0, "started_at": 1790981282.322034, "last_update": 1790981889.886123, "eta_minutes": 36.59351524912077}
{"stage": "image_recovery", "dataset": "CIFAR10", "method": "dp_single_for_dna_v1_medium", "done": 146, "total": 669, "failed": 0, "started_at": 1790981282.322034, "last_update": 1790981897.912499, "eta_minutes": 36.75271840536432}
{"stage": "image_recovery", "dataset": "CIFAR10", "method": "dp_single_for_dna_v1_medium", "done": 147, "total": 669, "failed": 0, "started_at": 1790981282.322034, "last_update": 1790981897.9449348, "eta_minutes": 36.434824750861345}
{"stage": "image_recovery", "dataset": "CIFAR10", "method": "dp_single_for_dna_v1_medium", "done": 148, "total": 669, "failed": 0, "started_at": 1790981282.322034, "last_update": 1790981899.834764, "eta_minutes": 36.23019508934236}
{"stage": "image_recovery", "dataset": "CIFAR10", "method": "dp_single_for_dna_v1_medium", "done": 149, "total": 669, "failed": 0, "started_at": 1790981282.322034, "last_update": 1790981902.810047, "eta_minutes": 36.091025366345775}
{"stage": "image_recovery", "dataset": "CIFAR10", "method": "dp_single_for_dna_v1_medium", "done": 150, "total": 669, "failed": 0, "started_at": 1790981282.322034, "last_update": 1790981909.1193962, "eta_minutes": 36.14531456089019}
{"stage": "image_recovery", "dataset": "CIFAR10", "method": "dp_single_for_dna_v1_medium", "done": 151, "total": 669, "failed": 0, "started_at": 1790981282.322034, "last_update": 1790981909.287366, "eta_minutes": 35.84636225079332}
{"stage": "image_recovery", "dataset": "CIFAR10", "method": "dp_single_for_dna_v1_medium", "done": 152, "total": 669, "failed": 0, "started_at": 1790981282.322034, "last_update": 1790981912.837555, "eta_minutes": 35.74303990016904}
{"stage": "image_recovery", "dataset": "CIFAR10", "method": "dp_single_for_dna_v1_medium", "done": 153, "total": 669, "failed": 0, "started_at": 1790981282.322034, "last_update": 1790981915.729967, "eta_minutes": 35.6033216837964}
{"stage": "image_recovery", "dataset": "CIFAR10", "method": "dp_single_for_dna_v1_medium", "done": 154, "total": 669, "failed": 0, "started_at": 1790981282.322034, "last_update": 1790981920.235712, "eta_minutes": 35.55471258194415}
{"stage": "image_recovery", "dataset": "CIFAR10", "method": "dp_single_for_dna_v1_medium", "done": 155, "total": 669, "failed": 0, "started_at": 1790981282.322034, "last_update": 1790981920.530633, "eta_minutes": 35.273034401350124}
{"stage": "image_recovery", "dataset": "CIFAR10", "method": "dp_single_for_dna_v1_medium", "done": 156, "total": 669, "failed": 0, "started_at": 1790981282.322034, "last_update": 1790981925.871163, "eta_minutes": 35.27144264762219}
{"stage": "image_recovery", "dataset": "CIFAR10", "method": "dna_v1_stronger", "done": 157, "total": 669, "failed": 0, "started_at": 1790981282.322034, "last_update": 1790981946.199968, "eta_minutes": 36.08338659331044}
{"stage": "image_recovery", "dataset": "CIFAR10", "method": "dna_v1_stronger", "done": 158, "total": 669, "failed": 0, "started_at": 1790981282.322034, "last_update": 1790981946.465913, "eta_minutes": 35.79931669393672}
{"stage": "image_recovery", "dataset": "CIFAR10", "method": "dna_v1_stronger", "done": 159, "total": 669, "failed": 0, "started_at": 1790981282.322034, "last_update": 1790981947.064841, "eta_minutes": 35.53656516210088}
{"stage": "image_recovery", "dataset": "CIFAR10", "method": "dna_v1_stronger", "done": 160, "total": 669, "failed": 0, "started_at": 1790981282.322034, "last_update": 1790981957.066283, "eta_minutes": 35.7755023744454}
{"stage": "image_recovery", "dataset": "CIFAR10", "method": "dna_v1_stronger", "done": 161, "total": 669, "failed": 0, "started_at": 1790981282.322034, "last_update": 1790981972.1124961, "eta_minutes": 36.27469511654066}
{"stage": "image_recovery", "dataset": "CIFAR10", "method": "dna_v1_stronger", "done": 162, "total": 669, "failed": 0, "started_at": 1790981282.322034, "last_update": 1790981973.4393978, "eta_minutes": 36.04902295779299}
{"stage": "image_recovery", "dataset": "CIFAR10", "method": "dna_v1_stronger", "done": 163, "total": 669, "failed": 0, "started_at": 1790981282.322034, "last_update": 1790981977.232254, "eta_minutes": 35.953432657869804}
{"stage": "image_recovery", "dataset": "CIFAR10", "method": "dna_v1_stronger", "done": 164, "total": 669, "failed": 0, "started_at": 1790981282.322034, "last_update": 1790981988.090991, "eta_minutes": 36.220866194585476}
{"stage": "image_recovery", "dataset": "CIFAR10", "method": "dna_v1_stronger", "done": 165, "total": 669, "failed": 0, "started_at": 1790981282.322034, "last_update": 1790981998.176357, "eta_minutes": 36.443492814844305}
{"stage": "image_recovery", "dataset": "CIFAR10", "method": "dna_v1_stronger", "done": 166, "total": 669, "failed": 0, "started_at": 1790981282.322034, "last_update": 1790981999.851228, "eta_minutes": 36.23666506435976}
{"stage": "image_recovery", "dataset": "CIFAR10", "method": "dna_v1_stronger", "done": 167, "total": 669, "failed": 0, "started_at": 1790981282.322034, "last_update": 1790982008.012888, "eta_minutes": 36.35696694056193}
{"stage": "image_recovery", "dataset": "CIFAR10", "method": "dna_v1_stronger", "done": 168, "total": 669, "failed": 0, "started_at": 1790981282.322034, "last_update": 1790982018.9664252, "eta_minutes": 36.61298010349274}
{"stage": "image_recovery", "dataset": "CIFAR10", "method": "dna_v1_stronger", "done": 169, "total": 669, "failed": 0, "started_at": 1790981282.322034, "last_update": 1790982024.287776, "eta_minutes": 36.58608191112089}
{"stage": "image_recovery", "dataset": "CIFAR10", "method": "dna_v1_stronger", "done": 170, "total": 669, "failed": 0, "started_at": 1790981282.322034, "last_update": 1790982026.248373, "eta_minutes": 36.39404340781417}
{"stage": "image_recovery", "dataset": "CIFAR10", "method": "dna_v1_stronger", "done": 171, "total": 669, "failed": 0, "started_at": 1790981282.322034, "last_update": 1790982038.856671, "eta_minutes": 36.72068706939095}
{"stage": "image_recovery", "dataset": "CIFAR10", "method": "dna_v1_stronger", "done": 172, "total": 669, "failed": 0, "started_at": 1790981282.322034, "last_update": 1790982050.237509, "eta_minutes": 36.981975839697114}
{"stage": "image_recovery", "dataset": "CIFAR10", "method": "dna_v1_stronger", "done": 173, "total": 669, "failed": 0, "started_at": 1790981282.322034, "last_update": 1790982050.424636, "eta_minutes": 36.70316865072085}
{"stage": "image_recovery", "dataset": "CIFAR10", "method": "dna_v1_stronger", "done": 174, "total": 669, "failed": 0, "started_at": 1790981282.322034, "last_update": 1790982052.779453, "eta_minutes": 36.53030866692806}
{"stage": "image_recovery", "dataset": "CIFAR10", "method": "dna_v1_stronger", "done": 175, "total": 669, "failed": 0, "started_at": 1790981282.322034, "last_update": 1790982069.726224, "eta_minutes": 37.045492370605466}
{"stage": "image_recovery", "dataset": "CIFAR10", "method": "dna_v1_stronger", "done": 176, "total": 669, "failed": 0, "started_at": 1790981282.322034, "last_update": 1790982076.8199959, "eta_minutes": 37.091618869792335}
{"stage": "image_recovery", "dataset": "CIFAR10", "method": "dna_v1_stronger", "done": 177, "total": 669, "failed": 0, "started_at": 1790981282.322034, "last_update": 1790982079.446601, "eta_minutes": 36.9289347438489}
{"stage": "image_recovery", "dataset": "CIFAR10", "method": "dna_v1_stronger", "done": 178, "total": 669, "failed": 0, "started_at": 1790981282.322034, "last_update": 1790982081.518035, "eta_minutes": 36.742063344283935}
{"stage": "image_recovery", "dataset": "CIFAR10", "method": "dna_v1_stronger", "done": 179, "total": 669, "failed": 0, "started_at": 1790981282.322034, "last_update": 1790982100.468118, "eta_minutes": 37.32696282375236}
{"stage": "image_recovery", "dataset": "CIFAR10", "method": "dna_v1_stronger", "done": 180, "total": 669, "failed": 0, "started_at": 1790981282.322034, "last_update": 1790982102.924466, "eta_minutes": 37.155054560568594}
{"stage": "image_recovery", "dataset": "CIFAR10", "method": "dna_v1_stronger", "done": 181, "total": 669, "failed": 0, "started_at": 1790981282.322034, "last_update": 1790982105.79647, "eta_minutes": 37.003271159282704}
{"stage": "image_recovery", "dataset": "CIFAR10", "method": "dna_v1_stronger", "done": 182, "total": 669, "failed": 0, "started_at": 1790981282.322034, "last_update": 1790982112.621999, "eta_minutes": 37.02894528940484}
{"stage": "image_recovery", "dataset": "CIFAR10", "method": "dna_v1_stronger", "done": 183, "total": 669, "failed": 0, "started_at": 1790981282.322034, "last_update": 1790982129.125589, "eta_minutes": 37.481468828388905}
{"stage": "image_recovery", "dataset": "CIFAR10", "method": "dna_v1_stronger", "done": 184, "total": 669, "failed": 0, "started_at": 1790981282.322034, "last_update": 1790982131.1693199, "eta_minutes": 37.29084540223298}
{"stage": "image_recovery", "dataset": "CIFAR10", "method": "dna_v1_stronger", "done": 185, "total": 669, "failed": 0, "started_at": 1790981282.322034, "last_update": 1790982132.1539981, "eta_minutes": 37.055736047040234}
{"stage": "image_recovery", "dataset": "CIFAR10", "method": "dna_v1_stronger", "done": 186, "total": 669, "failed": 0, "started_at": 1790981282.322034, "last_update": 1790982143.927653, "eta_minutes": 37.28992061557309}
{"stage": "image_recovery", "dataset": "CIFAR10", "method": "dna_v1_stronger", "done": 187, "total": 669, "failed": 0, "started_at": 1790981282.322034, "last_update": 1790982155.3522491, "eta_minutes": 37.50450652249144}
{"stage": "image_recovery", "dataset": "CIFAR10", "method": "dna_v1_stronger", "done": 188, "total": 669, "failed": 0, "started_at": 1790981282.322034, "last_update": 1790982158.7080069, "eta_minutes": 37.370713918597986}
{"stage": "image_recovery", "dataset": "CIFAR10", "method": "dna_v1_stronger", "done": 189, "total": 669, "failed": 0, "started_at": 1790981282.322034, "last_update": 1790982162.21755, "eta_minutes": 37.24425465215451}
{"stage": "image_recovery", "dataset": "CIFAR10", "method": "dna_v1_stronger", "done": 190, "total": 669, "failed": 0, "started_at": 1790981282.322034, "last_update": 1790982175.0045922, "eta_minutes": 37.508328495945854}
{"stage": "image_recovery", "dataset": "CIFAR10", "method": "dna_v1_stronger", "done": 191, "total": 669, "failed": 0, "started_at": 1790981282.322034, "last_update": 1790982181.496518, "eta_minutes": 37.50483446920105}
{"stage": "image_recovery", "dataset": "CIFAR10", "method": "dna_v1_stronger", "done": 192, "total": 669, "failed": 0, "started_at": 1790981282.322034, "last_update": 1790982185.166683, "eta_minutes": 37.38341121133417}
{"stage": "image_recovery", "dataset": "CIFAR10", "method": "dna_v1_stronger", "done": 193, "total": 669, "failed": 0, "started_at": 1790981282.322034, "last_update": 1790982192.9027882, "eta_minutes": 37.429744254739795}
{"stage": "image_recovery", "dataset": "CIFAR10", "method": "dp_distortion_for_dna_v1_stronger", "done": 194, "total": 669, "failed": 0, "started_at": 1790981282.322034, "last_update": 1790982196.438328, "eta_minutes": 37.3028556459753}
{"stage": "image_recovery", "dataset": "CIFAR10", "method": "dp_distortion_for_dna_v1_stronger", "done": 195, "total": 669, "failed": 0, "started_at": 1790981282.322034, "last_update": 1790982205.756865, "eta_minutes": 37.41094953072377}
{"stage": "image_recovery", "dataset": "CIFAR10", "method": "dna_v1_stronger", "done": 196, "total": 669, "failed": 0, "started_at": 1790981282.322034, "last_update": 1790982205.997886, "eta_minutes": 37.15124813133762}
{"stage": "image_recovery", "dataset": "CIFAR10", "method": "dp_distortion_for_dna_v1_stronger", "done": 197, "total": 669, "failed": 0, "started_at": 1790981282.322034, "last_update": 1790982207.604049, "eta_minutes": 36.94865576313232}
{"stage": "image_recovery", "dataset": "CIFAR10", "method": "dna_v1_stronger", "done": 198, "total": 669, "failed": 0, "started_at": 1790981282.322034, "last_update": 1790982207.6344478, "eta_minutes": 36.68536587748864}
{"stage": "image_recovery", "dataset": "CIFAR10", "method": "dp_distortion_for_dna_v1_stronger", "done": 199, "total": 669, "failed": 0, "started_at": 1790981282.322034, "last_update": 1790982218.673422, "eta_minutes": 36.85805293243734}
{"stage": "image_recovery", "dataset": "CIFAR10", "method": "dp_distortion_for_dna_v1_stronger", "done": 200, "total": 669, "failed": 0, "started_at": 1790981282.322034, "last_update": 1790982218.774236, "eta_minutes": 36.59967356469234}
{"stage": "image_recovery", "dataset": "CIFAR10", "method": "dp_distortion_for_dna_v1_stronger", "done": 201, "total": 669, "failed": 0, "started_at": 1790981282.322034, "last_update": 1790982218.917624, "eta_minutes": 36.3455005119096}
{"stage": "image_recovery", "dataset": "CIFAR10", "method": "dp_distortion_for_dna_v1_stronger", "done": 202, "total": 669, "failed": 0, "started_at": 1790981282.322034, "last_update": 1790982219.115171, "eta_minutes": 36.09590717931785}
{"stage": "image_recovery", "dataset": "CIFAR10", "method": "dp_distortion_for_dna_v1_stronger", "done": 203, "total": 669, "failed": 0, "started_at": 1790981282.322034, "last_update": 1790982229.846145, "eta_minutes": 36.25174345621726}
{"stage": "image_recovery", "dataset": "CIFAR10", "method": "dp_distortion_for_dna_v1_stronger", "done": 204, "total": 669, "failed": 0, "started_at": 1790981282.322034, "last_update": 1790982230.1126442, "eta_minutes": 36.006751081814954}
{"stage": "image_recovery", "dataset": "CIFAR10", "method": "dp_distortion_for_dna_v1_stronger", "done": 205, "total": 669, "failed": 0, "started_at": 1790981282.322034, "last_update": 1790982231.6047108, "eta_minutes": 35.810338381945606}
{"stage": "image_recovery", "dataset": "CIFAR10", "method": "dp_distortion_for_dna_v1_stronger", "done": 206, "total": 669, "failed": 0, "started_at": 1790981282.322034, "last_update": 1790982232.176351, "eta_minutes": 35.58111232251026}
{"stage": "image_recovery", "dataset": "CIFAR10", "method": "dp_distortion_for_dna_v1_stronger", "done": 207, "total": 669, "failed": 0, "started_at": 1790981282.322034, "last_update": 1790982240.954816, "eta_minutes": 35.659287068118225}
{"stage": "image_recovery", "dataset": "CIFAR10", "method": "dp_distortion_for_dna_v1_stronger", "done": 208, "total": 669, "failed": 0, "started_at": 1790981282.322034, "last_update": 1790982241.3935099, "eta_minutes": 35.427239617628935}
{"stage": "image_recovery", "dataset": "CIFAR10", "method": "dp_distortion_for_dna_v1_stronger", "done": 209, "total": 669, "failed": 0, "started_at": 1790981282.322034, "last_update": 1790982244.526855, "eta_minutes": 35.296189610087325}
{"stage": "image_recovery", "dataset": "CIFAR10", "method": "dp_distortion_for_dna_v1_stronger", "done": 210, "total": 669, "failed": 0, "started_at": 1790981282.322034, "last_update": 1790982245.332746, "eta_minutes": 35.08110451391766}
{"stage": "image_recovery", "dataset": "CIFAR10", "method": "dp_distortion_for_dna_v1_stronger", "done": 211, "total": 669, "failed": 0, "started_at": 1790981282.322034, "last_update": 1790982252.077873, "eta_minutes": 35.08279417947194}
{"stage": "image_recovery", "dataset": "CIFAR10", "method": "dp_distortion_for_dna_v1_stronger", "done": 212, "total": 669, "failed": 0, "started_at": 1790981282.322034, "last_update": 1790982252.736276, "eta_minutes": 34.86472548518166}
{"stage": "image_recovery", "dataset": "CIFAR10", "method": "dp_distortion_for_dna_v1_stronger", "done": 213, "total": 669, "failed": 0, "started_at": 1790981282.322034, "last_update": 1790982257.51663, "eta_minutes": 34.795675693655234}
{"stage": "image_recovery", "dataset": "CIFAR10", "method": "dp_distortion_for_dna_v1_stronger", "done": 214, "total": 669, "failed": 0, "started_at": 1790981282.322034, "last_update": 1790982258.473174, "eta_minutes": 34.59102556499365}
{"stage": "image_recovery", "dataset": "CIFAR10", "method": "dp_distortion_for_dna_v1_stronger", "done": 215, "total": 669, "failed": 0, "started_at": 1790981282.322034, "last_update": 1790982263.210006, "eta_minutes": 34.52117355875267}
{"stage": "image_recovery", "dataset": "CIFAR10", "method": "dp_distortion_for_dna_v1_stronger", "done": 216, "total": 669, "failed": 0, "started_at": 1790981282.322034, "last_update": 1790982263.904159, "eta_minutes": 34.3099307646354}
{"stage": "image_recovery", "dataset": "CIFAR10", "method": "dp_distortion_for_dna_v1_stronger", "done": 217, "total": 669, "failed": 0, "started_at": 1790981282.322034, "last_update": 1790982270.437026, "eta_minutes": 34.30322396443919}
{"stage": "image_recovery", "dataset": "CIFAR10", "method": "dp_distortion_for_dna_v1_stronger", "done": 218, "total": 669, "failed": 0, "started_at": 1790981282.322034, "last_update": 1790982271.470082, "eta_minutes": 34.10594566446197}
{"stage": "image_recovery", "dataset": "CIFAR10", "method": "dp_distortion_for_dna_v1_stronger", "done": 219, "total": 669, "failed": 0, "started_at": 1790981282.322034, "last_update": 1790982274.4227, "eta_minutes": 33.97605020705968}
{"stage": "image_recovery", "dataset": "CIFAR10", "method": "dp_distortion_for_dna_v1_stronger", "done": 220, "total": 669, "failed": 0, "started_at": 1790981282.322034, "last_update": 1790982275.076448, "eta_minutes": 33.768691812320185}
{"stage": "image_recovery", "dataset": "CIFAR10", "method": "dp_distortion_for_dna_v1_stronger", "done": 221, "total": 669, "failed": 0, "started_at": 1790981282.322034, "last_update": 1790982283.426639, "eta_minutes": 33.82314201573621}
{"stage": "image_recovery", "dataset": "CIFAR10", "method": "dp_distortion_for_dna_v1_stronger", "done": 222, "total": 669, "failed": 0, "started_at": 1790981282.322034, "last_update": 1790982284.573046, "eta_minutes": 33.63409924748781}
{"stage": "image_recovery", "dataset": "CIFAR10", "method": "dp_distortion_for_dna_v1_stronger", "done": 223, "total": 669, "failed": 0, "started_at": 1790981282.322034, "last_update": 1790982285.5951538, "eta_minutes": 33.44243729909262}
{"stage": "image_recovery", "dataset": "CIFAR10", "method": "dp_distortion_for_dna_v1_stronger", "done": 224, "total": 669, "failed": 0, "started_at": 1790981282.322034, "last_update": 1790982286.483936, "eta_minutes": 33.24792012456982}
{"stage": "image_recovery", "dataset": "CIFAR10", "method": "dp_distortion_for_dna_v1_stronger", "done": 225, "total": 669, "failed": 0, "started_at": 1790981282.322034, "last_update": 1790982296.427496, "eta_minutes": 33.352801863776314}
{"stage": "image_recovery", "dataset": "CIFAR10", "method": "dp_distortion_for_dna_v1_stronger", "done": 226, "total": 669, "failed": 0, "started_at": 1790981282.322034, "last_update": 1790982296.847404, "eta_minutes": 33.144154790826256}
{"stage": "image_recovery", "dataset": "CIFAR10", "method": "dp_distortion_for_dna_v1_stronger", "done": 227, "total": 669, "failed": 0, "started_at": 1790981282.322034, "last_update": 1790982297.800554, "eta_minutes": 32.954589235064915}
{"stage": "image_recovery", "dataset": "CIFAR10", "method": "dp_distortion_for_dna_v1_stronger", "done": 228, "total": 669, "failed": 0, "started_at": 1790981282.322034, "last_update": 1790982297.838767, "eta_minutes": 32.737052582439624}
{"stage": "image_recovery", "dataset": "CIFAR10", "method": "dp_distortion_for_dna_v1_stronger", "done": 229, "total": 669, "failed": 0, "started_at": 1790981282.322034, "last_update": 1790982308.032485, "eta_minutes": 32.84662288904538}
{"stage": "image_recovery", "dataset": "CIFAR10", "method": "dp_distortion_for_dna_v1_stronger", "done": 230, "total": 669, "failed": 0, "started_at": 1790981282.322034, "last_update": 1790982309.1680288, "eta_minutes": 32.665608069862145}
{"stage": "image_recovery", "dataset": "CIFAR10", "method": "dp_distortion_for_dna_v1_stronger", "done": 231, "total": 669, "failed": 0, "started_at": 1790981282.322034, "last_update": 1790982309.417652, "eta_minutes": 32.45800001951523}
{"stage": "image_recovery", "dataset": "CIFAR10", "method": "dp_distortion_for_dna_v1_stronger", "done": 232, "total": 669, "failed": 0, "started_at": 1790981282.322034, "last_update": 1790982310.953009, "eta_minutes": 32.29250977575437}
{"stage": "image_recovery", "dataset": "CIFAR10", "method": "dp_distortion_for_dna_v1_stronger", "done": 233, "total": 669, "failed": 0, "started_at": 1790981282.322034, "last_update": 1790982319.270957, "eta_minutes": 32.33975176285947}
{"stage": "image_recovery", "dataset": "CIFAR10", "method": "dp_distortion_for_dna_v1_stronger", "done": 234, "total": 669, "failed": 0, "started_at": 1790981282.322034, "last_update": 1790982320.4989939, "eta_minutes": 32.1657391450344}
{"stage": "image_recovery", "dataset": "CIFAR10", "method": "dp_single_for_dna_v1_stronger", "done": 235, "total": 669, "failed": 0, "started_at": 1790981282.322034, "last_update": 1790982322.4681752, "eta_minutes": 32.015845730693634}
{"stage": "image_recovery", "dataset": "CIFAR10", "method": "dp_single_for_dna_v1_stronger", "done": 236, "total": 669, "failed": 0, "started_at": 1790981282.322034, "last_update": 1790982324.267814, "eta_minutes": 31.861760081695973}
{"stage": "image_recovery", "dataset": "CIFAR10", "method": "dp_single_for_dna_v1_stronger", "done": 237, "total": 669, "failed": 0, "started_at": 1790981282.322034, "last_update": 1790982330.565433, "eta_minutes": 31.84536908789526}
{"stage": "image_recovery", "dataset": "CIFAR10", "method": "dp_single_for_dna_v1_stronger", "done": 238, "total": 669, "failed": 0, "started_at": 1790981282.322034, "last_update": 1790982331.804888, "eta_minutes": 31.675567907428878}
{"stage": "image_recovery", "dataset": "CIFAR10", "method": "dp_single_for_dna_v1_stronger", "done": 239, "total": 669, "failed": 0, "started_at": 1790981282.322034, "last_update": 1790982335.421616, "eta_minutes": 31.578299855919894}
{"stage": "image_recovery", "dataset": "CIFAR10", "method": "dp_single_for_dna_v1_stronger", "done": 240, "total": 669, "failed": 0, "started_at": 1790981282.322034, "last_update": 1790982337.3993669, "eta_minutes": 31.432512183090054}
{"stage": "image_recovery", "dataset": "CIFAR10", "method": "dp_single_for_dna_v1_stronger", "done": 241, "total": 669, "failed": 0, "started_at": 1790981282.322034, "last_update": 1790982341.821008, "eta_minutes": 31.359997268336443}
{"stage": "image_recovery", "dataset": "CIFAR10", "method": "dp_single_for_dna_v1_stronger", "done": 242, "total": 669, "failed": 0, "started_at": 1790981282.322034, "last_update": 1790982343.213706, "eta_minutes": 31.198398347203067}
{"stage": "image_recovery", "dataset": "CIFAR10", "method": "dp_single_for_dna_v1_stronger", "done": 243, "total": 669, "failed": 0, "started_at": 1790981282.322034, "last_update": 1790982348.448019, "eta_minutes": 31.150183070245593}
{"stage": "image_recovery", "dataset": "CIFAR10", "method": "dp_single_for_dna_v1_stronger", "done": 244, "total": 669, "failed": 0, "started_at": 1790981282.322034, "last_update": 1790982350.449527, "eta_minutes": 31.007799493566235}
{"stage": "image_recovery", "dataset": "CIFAR10", "method": "dp_single_for_dna_v1_stronger", "done": 245, "total": 669, "failed": 0, "started_at": 1790981282.322034, "last_update": 1790982352.964504, "eta_minutes": 30.88111611749039}
{"stage": "image_recovery", "dataset": "CIFAR10", "method": "dp_single_for_dna_v1_stronger", "done": 246, "total": 669, "failed": 0, "started_at": 1790981282.322034, "last_update": 1790982354.549568, "eta_minutes": 30.728471985241264}
{"stage": "image_recovery", "dataset": "CIFAR10", "method": "dp_single_for_dna_v1_stronger", "done": 247, "total": 669, "failed": 0, "started_at": 1790981282.322034, "last_update": 1790982361.376176, "eta_minutes": 30.72610307836983}
{"stage": "image_recovery", "dataset": "CIFAR10", "method": "dp_single_for_dna_v1_stronger", "done": 248, "total": 669, "failed": 0, "started_at": 1790981282.322034, "last_update": 1790982363.743816, "eta_minutes": 30.59667810679123}
{"stage": "image_recovery", "dataset": "CIFAR10", "method": "dp_single_for_dna_v1_stronger", "done": 249, "total": 669, "failed": 0, "started_at": 1790981282.322034, "last_update": 1790982364.162935, "eta_minutes": 30.413198023914813}
{"stage": "image_recovery", "dataset": "CIFAR10", "method": "dp_single_for_dna_v1_stronger", "done": 250, "total": 669, "failed": 0, "started_at": 1790981282.322034, "last_update": 1790982365.823477, "eta_minutes": 30.26580695195198}
{"stage": "image_recovery", "dataset": "CIFAR10", "method": "dp_single_for_dna_v1_stronger", "done": 251, "total": 669, "failed": 0, "started_at": 1790981282.322034, "last_update": 1790982374.37198, "eta_minutes": 30.310549605478492}
{"stage": "image_recovery", "dataset": "CIFAR10", "method": "dp_single_for_dna_v1_stronger", "done": 252, "total": 669, "failed": 0, "started_at": 1790981282.322034, "last_update": 1790982375.3496408, "eta_minutes": 30.14500741428799}
{"stage": "image_recovery", "dataset": "CIFAR10", "method": "dp_single_for_dna_v1_stronger", "done": 253, "total": 669, "failed": 0, "started_at": 1790981282.322034, "last_update": 1790982376.9785101, "eta_minutes": 29.99849104900134}
{"stage": "image_recovery", "dataset": "CIFAR10", "method": "dp_single_for_dna_v1_stronger", "done": 254, "total": 669, "failed": 0, "started_at": 1790981282.322034, "last_update": 1790982377.2692008, "eta_minutes": 29.816474689742712}
{"stage": "image_recovery", "dataset": "CIFAR10", "method": "dp_single_for_dna_v1_stronger", "done": 255, "total": 669, "failed": 0, "started_at": 1790981282.322034, "last_update": 1790982386.5205162, "eta_minutes": 29.878311873323774}
{"stage": "image_recovery", "dataset": "CIFAR10", "method": "dp_single_for_dna_v1_stronger", "done": 256, "total": 669, "failed": 0, "started_at": 1790981282.322034, "last_update": 1790982387.343559, "eta_minutes": 29.71184178936916}
{"stage": "image_recovery", "dataset": "CIFAR10", "method": "dp_single_for_dna_v1_stronger", "done": 257, "total": 669, "failed": 0, "started_at": 1790981282.322034, "last_update": 1790982388.568328, "eta_minutes": 29.557293952269003}
{"stage": "image_recovery", "dataset": "CIFAR10", "method": "dp_single_for_dna_v1_stronger", "done": 258, "total": 669, "failed": 0, "started_at": 1790981282.322034, "last_update": 1790982389.986718, "eta_minutes": 29.40892668911653}
{"stage": "image_recovery", "dataset": "CIFAR10", "method": "dp_single_for_dna_v1_stronger", "done": 259, "total": 669, "failed": 0, "started_at": 1790981282.322034, "last_update": 1790982397.7486248, "eta_minutes": 29.428886890411377}
{"stage": "image_recovery", "dataset": "CIFAR10", "method": "dp_single_for_dna_v1_stronger", "done": 260, "total": 669, "failed": 0, "started_at": 1790981282.322034, "last_update": 1790982399.951221, "eta_minutes": 29.301944688252913}
{"stage": "image_recovery", "dataset": "CIFAR10", "method": "dp_single_for_dna_v1_stronger", "done": 261, "total": 669, "failed": 0, "started_at": 1790981282.322034, "last_update": 1790982400.3199282, "eta_minutes": 29.127914456115374}
{"stage": "image_recovery", "dataset": "CIFAR10", "method": "dp_single_for_dna_v1_stronger", "done": 262, "total": 669, "failed": 0, "started_at": 1790981282.322034, "last_update": 1790982403.013901, "eta_minutes": 29.01536829051474}
{"stage": "image_recovery", "dataset": "CIFAR10", "method": "dp_single_for_dna_v1_stronger", "done": 263, "total": 669, "failed": 0, "started_at": 1790981282.322034, "last_update": 1790982408.912678, "eta_minutes": 28.98579221330819}
{"stage": "image_recovery", "dataset": "CIFAR10", "method": "dp_single_for_dna_v1_stronger", "done": 264, "total": 669, "failed": 0, "started_at": 1790981282.322034, "last_update": 1790982411.141909, "eta_minutes": 28.86187180402604}
{"stage": "image_recovery", "dataset": "CIFAR10", "method": "dp_single_for_dna_v1_stronger", "done": 265, "total": 669, "failed": 0, "started_at": 1790981282.322034, "last_update": 1790982413.2659369, "eta_minutes": 28.735933132051674}
{"stage": "image_recovery", "dataset": "CIFAR10", "method": "dp_single_for_dna_v1_stronger", "done": 266, "total": 669, "failed": 0, "started_at": 1790981282.322034, "last_update": 1790982416.105529, "eta_minutes": 28.628743620071198}
{"stage": "image_recovery", "dataset": "CIFAR10", "method": "dp_single_for_dna_v1_stronger", "done": 267, "total": 669, "failed": 0, "started_at": 1790981282.322034, "last_update": 1790982420.0427022, "eta_minutes": 28.54954486036122}
{"stage": "image_recovery", "dataset": "CIFAR10", "method": "dp_single_for_dna_v1_stronger", "done": 268, "total": 669, "failed": 0, "started_at": 1790981282.322034, "last_update": 1790982422.430868, "eta_minutes": 28.431818560032703}
{"stage": "image_recovery", "dataset": "CIFAR10", "method": "dp_single_for_dna_v1_stronger", "done": 269, "total": 669, "failed": 0, "started_at": 1790981282.322034, "last_update": 1790982426.1654038, "eta_minutes": 28.348038884934585}
{"stage": "image_recovery", "dataset": "CIFAR10", "method": "dp_single_for_dna_v1_stronger", "done": 270, "total": 669, "failed": 0, "started_at": 1790981282.322034, "last_update": 1790982429.175472, "eta_minutes": 28.246575420829984}
{"stage": "image_recovery", "dataset": "CIFAR10", "method": "dp_single_for_dna_v1_stronger", "done": 271, "total": 669, "failed": 0, "started_at": 1790981282.322034, "last_update": 1790982431.195272, "eta_minutes": 28.12125143781946}
{"stage": "image_recovery", "dataset": "CIFAR10", "method": "dp_single_for_dna_v1_stronger", "done": 272, "total": 669, "failed": 0, "started_at": 1790981282.322034, "last_update": 1790982433.7213461, "eta_minutes": 28.00891709352533}
{"stage": "image_recovery", "dataset": "CIFAR10", "method": "dp_single_for_dna_v1_stronger", "done": 273, "total": 669, "failed": 0, "started_at": 1790981282.322034, "last_update": 1790982439.142313, "eta_minutes": 27.96708367106679}
{"stage": "image_recovery", "dataset": "CIFAR10", "method": "dna_v1_conservative", "done": 274, "total": 669, "failed": 0, "started_at": 1790981282.322034, "last_update": 1790982457.308851, "eta_minutes": 28.23113091801205}
{"stage": "image_recovery", "dataset": "CIFAR10", "method": "dna_v1_conservative", "done": 275, "total": 669, "failed": 0, "started_at": 1790981282.322034, "last_update": 1790982460.116916, "eta_minutes": 28.124314130638584}
{"stage": "image_recovery", "dataset": "CIFAR10", "method": "dna_v1_conservative", "done": 276, "total": 669, "failed": 0, "started_at": 1790981282.322034, "last_update": 1790982460.423931, "eta_minutes": 27.958577628109765}
{"stage": "image_recovery", "dataset": "CIFAR10", "method": "dna_v1_conservative", "done": 277, "total": 669, "failed": 0, "started_at": 1790981282.322034, "last_update": 1790982469.8533099, "eta_minutes": 28.00916126276468}
{"stage": "image_recovery", "dataset": "CIFAR10", "method": "dna_v1_conservative", "done": 278, "total": 669, "failed": 0, "started_at": 1790981282.322034, "last_update": 1790982483.4999838, "eta_minutes": 28.157109017566526}
{"stage": "image_recovery", "dataset": "CIFAR10", "method": "dna_v1_conservative", "done": 279, "total": 669, "failed": 0, "started_at": 1790981282.322034, "last_update": 1790982486.605258, "eta_minutes": 28.056777600319155}
{"stage": "image_recovery", "dataset": "CIFAR10", "method": "dna_v1_conservative", "done": 280, "total": 669, "failed": 0, "started_at": 1790981282.322034, "last_update": 1790982491.599266, "eta_minutes": 28.000526387748263}
{"stage": "image_recovery", "dataset": "CIFAR10", "method": "dna_v1_conservative", "done": 281, "total": 669, "failed": 0, "started_at": 1790981282.322034, "last_update": 1790982500.704115, "eta_minutes": 28.03868608780179}
{"stage": "image_recovery", "dataset": "CIFAR10", "method": "dna_v1_conservative", "done": 282, "total": 669, "failed": 0, "started_at": 1790981282.322034, "last_update": 1790982509.79143, "eta_minutes": 28.075097868036718}
{"stage": "image_recovery", "dataset": "CIFAR10", "method": "dna_v1_conservative", "done": 283, "total": 669, "failed": 0, "started_at": 1790981282.322034, "last_update": 1790982513.1370182, "eta_minutes": 27.979657476333063}
{"stage": "image_recovery", "dataset": "CIFAR10", "method": "dna_v1_conservative", "done": 284, "total": 669, "failed": 0, "started_at": 1790981282.322034, "last_update": 1790982522.8031528, "eta_minutes": 28.027302276010804}
{"stage": "image_recovery", "dataset": "CIFAR10", "method": "dna_v1_conservative", "done": 285, "total": 669, "failed": 0, "started_at": 1790981282.322034, "last_update": 1790982531.354144, "eta_minutes": 28.048440342953327}
{"stage": "image_recovery", "dataset": "CIFAR10", "method": "dna_v1_conservative", "done": 286, "total": 669, "failed": 0, "started_at": 1790981282.322034, "last_update": 1790982535.857307, "eta_minutes": 27.978089136816127}
{"stage": "image_recovery", "dataset": "CIFAR10", "method": "dna_v1_conservative", "done": 287, "total": 669, "failed": 0, "started_at": 1790981282.322034, "last_update": 1790982539.661723, "eta_minutes": 27.892204467538615}
{"stage": "image_recovery", "dataset": "CIFAR10", "method": "dna_v1_conservative", "done": 288, "total": 669, "failed": 0, "started_at": 1790981282.322034, "last_update": 1790982554.195942, "eta_minutes": 28.043053180807167}
{"stage": "image_recovery", "dataset": "CIFAR10", "method": "dna_v1_conservative", "done": 289, "total": 669, "failed": 0, "started_at": 1790981282.322034, "last_update": 1790982562.055669, "eta_minutes": 28.044912420479626}
{"stage": "image_recovery", "dataset": "CIFAR10", "method": "dna_v1_conservative", "done": 290, "total": 669, "failed": 0, "started_at": 1790981282.322034, "last_update": 1790982562.09467, "eta_minutes": 27.87550742013701}
{"stage": "image_recovery", "dataset": "CIFAR10", "method": "dna_v1_conservative", "done": 291, "total": 669, "failed": 0, "started_at": 1790981282.322034, "last_update": 1790982566.2841768, "eta_minutes": 27.79711853794216}
{"stage": "image_recovery", "dataset": "CIFAR10", "method": "dna_v1_conservative", "done": 292, "total": 669, "failed": 0, "started_at": 1790981282.322034, "last_update": 1790982585.320384, "eta_minutes": 28.038263584707423}
{"stage": "image_recovery", "dataset": "CIFAR10", "method": "dna_v1_conservative", "done": 293, "total": 669, "failed": 0, "started_at": 1790981282.322034, "last_update": 1790982588.092801, "eta_minutes": 27.92774789666967}
{"stage": "image_recovery", "dataset": "CIFAR10", "method": "dna_v1_conservative", "done": 294, "total": 669, "failed": 0, "started_at": 1790981282.322034, "last_update": 1790982592.544489, "eta_minutes": 27.853368496408272}
{"stage": "image_recovery", "dataset": "CIFAR10", "method": "dna_v1_conservative", "done": 295, "total": 669, "failed": 0, "started_at": 1790981282.322034, "last_update": 1790982592.720889, "eta_minutes": 27.688653756588863}
{"stage": "image_recovery", "dataset": "CIFAR10", "method": "dna_v1_conservative", "done": 296, "total": 669, "failed": 0, "started_at": 1790981282.322034, "last_update": 1790982614.329959, "eta_minutes": 27.975166443554134}
{"stage": "image_recovery", "dataset": "CIFAR10", "method": "dna_v1_conservative", "done": 297, "total": 669, "failed": 0, "started_at": 1790981282.322034, "last_update": 1790982616.6124318, "eta_minutes": 27.8538736108979}
{"stage": "image_recovery", "dataset": "CIFAR10", "method": "dna_v1_conservative", "done": 298, "total": 669, "failed": 0, "started_at": 1790981282.322034, "last_update": 1790982619.349514, "eta_minutes": 27.742572434369883}
{"stage": "image_recovery", "dataset": "CIFAR10", "method": "dna_v1_conservative", "done": 299, "total": 669, "failed": 0, "started_at": 1790981282.322034, "last_update": 1790982623.267895, "eta_minutes": 27.656074038716064}
{"stage": "image_recovery", "dataset": "CIFAR10", "method": "dna_v1_conservative", "done": 300, "total": 669, "failed": 0, "started_at": 1790981282.322034, "last_update": 1790982640.510496, "eta_minutes": 27.842863451838493}
{"stage": "image_recovery", "dataset": "CIFAR10", "method": "dna_v1_conservative", "done": 301, "total": 669, "failed": 0, "started_at": 1790981282.322034, "last_update": 1790982645.908545, "eta_minutes": 27.785151480994745}
{"stage": "image_recovery", "dataset": "CIFAR10", "method": "dna_v1_conservative", "done": 302, "total": 669, "failed": 0, "started_at": 1790981282.322034, "last_update": 1790982647.999264, "eta_minutes": 27.66023970496313}
{"stage": "image_recovery", "dataset": "CIFAR10", "method": "dna_v1_conservative", "done": 303, "total": 669, "failed": 0, "started_at": 1790981282.322034, "last_update": 1790982654.046805, "eta_minutes": 27.615581198808776}
{"stage": "image_recovery", "dataset": "CIFAR10", "method": "dna_v1_conservative", "done": 304, "total": 669, "failed": 0, "started_at": 1790981282.322034, "last_update": 1790982666.726324, "eta_minutes": 27.70326567558866}
{"stage": "image_recovery", "dataset": "CIFAR10", "method": "dna_v1_conservative", "done": 305, "total": 669, "failed": 0, "started_at": 1790981282.322034, "last_update": 1790982672.499413, "eta_minutes": 27.651615628622917}
{"stage": "image_recovery", "dataset": "CIFAR10", "method": "dna_v1_conservative", "done": 306, "total": 669, "failed": 0, "started_at": 1790981282.322034, "last_update": 1790982679.426384, "eta_minutes": 27.622487967466217}
{"stage": "image_recovery", "dataset": "CIFAR10", "method": "dna_v1_conservative", "done": 307, "total": 669, "failed": 0, "started_at": 1790981282.322034, "last_update": 1790982684.828278, "eta_minutes": 27.562826278440077}
{"stage": "image_recovery", "dataset": "CIFAR10", "method": "dna_v1_conservative", "done": 308, "total": 669, "failed": 0, "started_at": 1790981282.322034, "last_update": 1790982693.105685, "eta_minutes": 27.55913948634744}
{"stage": "image_recovery", "dataset": "CIFAR10", "method": "dna_v1_conservative", "done": 309, "total": 669, "failed": 0, "started_at": 1790981282.322034, "last_update": 1790982699.127448, "eta_minutes": 27.51078472322631}
{"stage": "image_recovery", "dataset": "CIFAR10", "method": "dp_per_tensor_for_dna_v1_conservative", "done": 310, "total": 669, "failed": 0, "started_at": 1790981282.322034, "last_update": 1790982710.442224, "eta_minutes": 27.56425528287888}
{"stage": "image_recovery", "dataset": "CIFAR10", "method": "dna_v1_conservative", "done": 311, "total": 669, "failed": 0, "started_at": 1790981282.322034, "last_update": 1790982710.8453581, "eta_minutes": 27.40682474036181}
{"stage": "image_recovery", "dataset": "CIFAR10", "method": "dna_v1_conservative", "done": 312, "total": 669, "failed": 0, "started_at": 1790981282.322034, "last_update": 1790982715.672961, "eta_minutes": 27.334737231830754}
{"stage": "image_recovery", "dataset": "CIFAR10", "method": "dna_v1_conservative", "done": 313, "total": 669, "failed": 0, "started_at": 1790981282.322034, "last_update": 1790982719.336929, "eta_minutes": 27.240537949491998}
{"stage": "image_recovery", "dataset": "CIFAR10", "method": "dp_per_tensor_for_dna_v1_conservative", "done": 314, "total": 669, "failed": 0, "started_at": 1790981282.322034, "last_update": 1790982721.785771, "eta_minutes": 27.1236532186247}
{"stage": "image_recovery", "dataset": "CIFAR10", "method": "dp_per_tensor_for_dna_v1_conservative", "done": 315, "total": 669, "failed": 0, "started_at": 1790981282.322034, "last_update": 1790982723.9956758, "eta_minutes": 27.002776132386828}
{"stage": "image_recovery", "dataset": "CIFAR10", "method": "dp_per_tensor_for_dna_v1_conservative", "done": 316, "total": 669, "failed": 0, "started_at": 1790981282.322034, "last_update": 1790982728.693718, "eta_minutes": 26.928755492701313}
{"stage": "image_recovery", "dataset": "CIFAR10", "method": "dp_per_tensor_for_dna_v1_conservative", "done": 317, "total": 669, "failed": 0, "started_at": 1790981282.322034, "last_update": 1790982730.638894, "eta_minutes": 26.803761029970513}
{"stage": "image_recovery", "dataset": "CIFAR10", "method": "dp_per_tensor_for_dna_v1_conservative", "done": 318, "total": 669, "failed": 0, "started_at": 1790981282.322034, "last_update": 1790982733.0525792, "eta_minutes": 26.687967556377625}
{"stage": "image_recovery", "dataset": "CIFAR10", "method": "dp_per_tensor_for_dna_v1_conservative", "done": 319, "total": 669, "failed": 0, "started_at": 1790981282.322034, "last_update": 1790982737.3060632, "eta_minutes": 26.606291026780102}
{"stage": "image_recovery", "dataset": "CIFAR10", "method": "dp_per_tensor_for_dna_v1_conservative", "done": 320, "total": 669, "failed": 0, "started_at": 1790981282.322034, "last_update": 1790982741.71374, "eta_minutes": 26.52748463841776}
{"stage": "image_recovery", "dataset": "CIFAR10", "method": "dp_per_tensor_for_dna_v1_conservative", "done": 321, "total": 669, "failed": 0, "started_at": 1790981282.322034, "last_update": 1790982741.899576, "eta_minutes": 26.37242910899106}
{"stage": "image_recovery", "dataset": "CIFAR10", "method": "dp_per_tensor_for_dna_v1_conservative", "done": 322, "total": 669, "failed": 0, "started_at": 1790981282.322034, "last_update": 1790982744.406815, "eta_minutes": 26.26001131740663}
{"stage": "image_recovery", "dataset": "CIFAR10", "method": "dp_per_tensor_for_dna_v1_conservative", "done": 323, "total": 669, "failed": 0, "started_at": 1790981282.322034, "last_update": 1790982750.4619899, "eta_minutes": 26.211373814635973}
{"stage": "image_recovery", "dataset": "CIFAR10", "method": "dp_per_tensor_for_dna_v1_conservative", "done": 324, "total": 669, "failed": 0, "started_at": 1790981282.322034, "last_update": 1790982753.0729332, "eta_minutes": 26.10128910821161}
{"stage": "image_recovery", "dataset": "CIFAR10", "method": "dp_per_tensor_for_dna_v1_conservative", "done": 325, "total": 669, "failed": 0, "started_at": 1790981282.322034, "last_update": 1790982754.642745, "eta_minutes": 25.973247400137097}
{"stage": "image_recovery", "dataset": "CIFAR10", "method": "dp_per_tensor_for_dna_v1_conservative", "done": 326, "total": 669, "failed": 0, "started_at": 1790981282.322034, "last_update": 1790982755.618858, "eta_minutes": 25.835419749360387}
{"stage": "image_recovery", "dataset": "CIFAR10", "method": "dp_per_tensor_for_dna_v1_conservative", "done": 327, "total": 669, "failed": 0, "started_at": 1790981282.322034, "last_update": 1790982763.580704, "eta_minutes": 25.820105241854257}
{"stage": "image_recovery", "dataset": "CIFAR10", "method": "dp_per_tensor_for_dna_v1_conservative", "done": 328, "total": 669, "failed": 0, "started_at": 1790981282.322034, "last_update": 1790982764.342977, "eta_minutes": 25.679326301788894}
{"stage": "image_recovery", "dataset": "CIFAR10", "method": "dp_per_tensor_for_dna_v1_conservative", "done": 329, "total": 669, "failed": 0, "started_at": 1790981282.322034, "last_update": 1790982767.000064, "eta_minutes": 25.571962000026527}
{"stage": "image_recovery", "dataset": "CIFAR10", "method": "dp_per_tensor_for_dna_v1_conservative", "done": 330, "total": 669, "failed": 0, "started_at": 1790981282.322034, "last_update": 1790982767.676762, "eta_minutes": 25.431073377132417}
{"stage": "image_recovery", "dataset": "CIFAR10", "method": "dp_per_tensor_for_dna_v1_conservative", "done": 331, "total": 669, "failed": 0, "started_at": 1790981282.322034, "last_update": 1790982775.602293, "eta_minutes": 25.414336720262046}
{"stage": "image_recovery", "dataset": "CIFAR10", "method": "dp_per_tensor_for_dna_v1_conservative", "done": 332, "total": 669, "failed": 0, "started_at": 1790981282.322034, "last_update": 1790982776.779753, "eta_minutes": 25.282743504487843}
{"stage": "image_recovery", "dataset": "CIFAR10", "method": "dp_per_tensor_for_dna_v1_conservative", "done": 333, "total": 669, "failed": 0, "started_at": 1790981282.322034, "last_update": 1790982778.323704, "eta_minutes": 25.15798604409616}
{"stage": "image_recovery", "dataset": "CIFAR10", "method": "dp_per_tensor_for_dna_v1_conservative", "done": 334, "total": 669, "failed": 0, "started_at": 1790981282.322034, "last_update": 1790982780.6642518, "eta_minutes": 25.04713785850597}
{"stage": "image_recovery", "dataset": "CIFAR10", "method": "dp_per_tensor_for_dna_v1_conservative", "done": 335, "total": 669, "failed": 0, "started_at": 1790981282.322034, "last_update": 1790982786.765976, "eta_minutes": 24.999217743849876}
{"stage": "image_recovery", "dataset": "CIFAR10", "method": "dp_per_tensor_for_dna_v1_conservative", "done": 336, "total": 669, "failed": 0, "started_at": 1790981282.322034, "last_update": 1790982789.575348, "eta_minutes": 24.89659491905144}
{"stage": "image_recovery", "dataset": "CIFAR10", "method": "dp_per_tensor_for_dna_v1_conservative", "done": 337, "total": 669, "failed": 0, "started_at": 1790981282.322034, "last_update": 1790982789.949121, "eta_minutes": 24.75431221179981}
{"stage": "image_recovery", "dataset": "CIFAR10", "method": "dp_per_tensor_for_dna_v1_conservative", "done": 338, "total": 669, "failed": 0, "started_at": 1790981282.322034, "last_update": 1790982793.588189, "eta_minutes": 24.666129058505422}
{"stage": "image_recovery", "dataset": "CIFAR10", "method": "dp_per_tensor_for_dna_v1_conservative", "done": 339, "total": 669, "failed": 0, "started_at": 1790981282.322034, "last_update": 1790982797.9552739, "eta_minutes": 24.589919807284982}
{"stage": "image_recovery", "dataset": "CIFAR10", "method": "dp_per_tensor_for_dna_v1_conservative", "done": 340, "total": 669, "failed": 0, "started_at": 1790981282.322034, "last_update": 1790982800.85728, "eta_minutes": 24.490102728640334}
{"stage": "image_recovery", "dataset": "CIFAR10", "method": "dp_per_tensor_for_dna_v1_conservative", "done": 341, "total": 669, "failed": 0, "started_at": 1790981282.322034, "last_update": 1790982802.916242, "eta_minutes": 24.377072331958967}
{"stage": "image_recovery", "dataset": "CIFAR10", "method": "dp_per_tensor_for_dna_v1_conservative", "done": 342, "total": 669, "failed": 0, "started_at": 1790981282.322034, "last_update": 1790982806.5436502, "eta_minutes": 24.28949651655398}
{"stage": "image_recovery", "dataset": "CIFAR10", "method": "dp_per_tensor_for_dna_v1_conservative", "done": 343, "total": 669, "failed": 0, "started_at": 1790981282.322034, "last_update": 1790982809.148443, "eta_minutes": 24.185879934702946}
{"stage": "image_recovery", "dataset": "CIFAR10", "method": "dp_per_tensor_for_dna_v1_conservative", "done": 344, "total": 669, "failed": 0, "started_at": 1790981282.322034, "last_update": 1790982812.2359629, "eta_minutes": 24.090214482573575}
{"stage": "image_recovery", "dataset": "CIFAR10", "method": "dp_per_tensor_for_dna_v1_conservative", "done": 345, "total": 669, "failed": 0, "started_at": 1790981282.322034, "last_update": 1790982816.1018088, "eta_minutes": 24.00698776991471}
{"stage": "image_recovery", "dataset": "CIFAR10", "method": "dp_per_tensor_for_dna_v1_conservative", "done": 346, "total": 669, "failed": 0, "started_at": 1790981282.322034, "last_update": 1790982819.516363, "eta_minutes": 23.91684818278158}
{"stage": "image_recovery", "dataset": "CIFAR10", "method": "dp_per_tensor_for_dna_v1_conservative", "done": 347, "total": 669, "failed": 0, "started_at": 1790981282.322034, "last_update": 1790982820.330591, "eta_minutes": 23.786683735838317}
{"stage": "image_recovery", "dataset": "CIFAR10", "method": "dp_per_tensor_for_dna_v1_conservative", "done": 348, "total": 669, "failed": 0, "started_at": 1790981282.322034, "last_update": 1790982823.577065, "eta_minutes": 23.694581641753516}
{"stage": "image_recovery", "dataset": "CIFAR10", "method": "dp_per_tensor_for_dna_v1_conservative", "done": 349, "total": 669, "failed": 0, "started_at": 1790981282.322034, "last_update": 1790982829.236931, "eta_minutes": 23.639578180759433}
{"stage": "image_recovery", "dataset": "CIFAR10", "method": "dp_per_tensor_for_dna_v1_conservative", "done": 350, "total": 669, "failed": 0, "started_at": 1790981282.322034, "last_update": 1790982831.557428, "eta_minutes": 23.533623351528533}
{"stage": "image_recovery", "dataset": "CIFAR10", "method": "dp_per_tensor_for_dna_v1_conservative", "done": 351, "total": 669, "failed": 0, "started_at": 1790981282.322034, "last_update": 1790982832.391478, "eta_minutes": 23.405606977484506}
{"stage": "image_recovery", "dataset": "CIFAR10", "method": "dna_v2_0p95", "done": 352, "total": 669, "failed": 0, "started_at": 1790981282.322034, "last_update": 1790982851.452297, "eta_minutes": 23.551813134449446}
{"stage": "image_recovery", "dataset": "CIFAR10", "method": "dna_v2_0p95", "done": 353, "total": 669, "failed": 0, "started_at": 1790981282.322034, "last_update": 1790982859.056014, "eta_minutes": 23.524454095208274}
{"stage": "image_recovery", "dataset": "CIFAR10", "method": "dna_v2_0p95", "done": 354, "total": 669, "failed": 0, "started_at": 1790981282.322034, "last_update": 1790982864.557012, "eta_minutes": 23.465349235272004}
{"stage": "image_recovery", "dataset": "CIFAR10", "method": "dna_v2_0p95", "done": 355, "total": 669, "failed": 0, "started_at": 1790981282.322034, "last_update": 1790982867.299256, "eta_minutes": 23.365391900125243}
{"stage": "image_recovery", "dataset": "CIFAR10", "method": "dna_v2_0p95", "done": 356, "total": 669, "failed": 0, "started_at": 1790981282.322034, "last_update": 1790982879.133537, "eta_minutes": 23.398970060524867}
{"stage": "image_recovery", "dataset": "CIFAR10", "method": "dna_v2_0p95", "done": 357, "total": 669, "failed": 0, "started_at": 1790981282.322034, "last_update": 1790982886.5194418, "eta_minutes": 23.366460830357234}
{"stage": "image_recovery", "dataset": "CIFAR10", "method": "dna_v2_0p95", "done": 358, "total": 669, "failed": 0, "started_at": 1790981282.322034, "last_update": 1790982899.9289758, "eta_minutes": 23.420659158305302}
{"stage": "image_recovery", "dataset": "CIFAR10", "method": "dna_v2_0p95", "done": 359, "total": 669, "failed": 0, "started_at": 1790981282.322034, "last_update": 1790982902.2092988, "eta_minutes": 23.313140754137418}
{"stage": "image_recovery", "dataset": "CIFAR10", "method": "dna_v2_0p95", "done": 360, "total": 669, "failed": 0, "started_at": 1790981282.322034, "last_update": 1790982906.710434, "eta_minutes": 23.237778501113258}
{"stage": "image_recovery", "dataset": "CIFAR10", "method": "dna_v2_0p95", "done": 361, "total": 669, "failed": 0, "started_at": 1790981282.322034, "last_update": 1790982914.015978, "eta_minutes": 23.202296159670297}
{"stage": "image_recovery", "dataset": "CIFAR10", "method": "dna_v2_0p95", "done": 362, "total": 669, "failed": 0, "started_at": 1790981282.322034, "last_update": 1790982934.414121, "eta_minutes": 23.35139366600175}
{"stage": "image_recovery", "dataset": "CIFAR10", "method": "dna_v2_0p95", "done": 363, "total": 669, "failed": 0, "started_at": 1790981282.322034, "last_update": 1790982935.185965, "eta_minutes": 23.22205521804242}
{"stage": "image_recovery", "dataset": "CIFAR10", "method": "dna_v2_0p95", "done": 364, "total": 669, "failed": 0, "started_at": 1790981282.322034, "last_update": 1790982937.09006, "eta_minutes": 23.10916886284893}
{"stage": "image_recovery", "dataset": "CIFAR10", "method": "dna_v2_0p95", "done": 365, "total": 669, "failed": 0, "started_at": 1790981282.322034, "last_update": 1790982941.502435, "eta_minutes": 23.031545293625086}
{"stage": "image_recovery", "dataset": "CIFAR10", "method": "dna_v2_0p95", "done": 366, "total": 669, "failed": 0, "started_at": 1790981282.322034, "last_update": 1790982961.9508748, "eta_minutes": 23.175206684870798}
{"stage": "image_recovery", "dataset": "CIFAR10", "method": "dna_v2_0p95", "done": 367, "total": 669, "failed": 0, "started_at": 1790981282.322034, "last_update": 1790982968.942644, "eta_minutes": 23.131672294804662}
{"stage": "image_recovery", "dataset": "CIFAR10", "method": "dna_v2_0p95", "done": 368, "total": 669, "failed": 0, "started_at": 1790981282.322034, "last_update": 1790982970.435009, "eta_minutes": 23.01277197573496}
{"stage": "image_recovery", "dataset": "CIFAR10", "method": "dna_v2_0p95", "done": 369, "total": 669, "failed": 0, "started_at": 1790981282.322034, "last_update": 1790982971.888628, "eta_minutes": 22.893856288940924}
{"stage": "image_recovery", "dataset": "CIFAR10", "method": "dna_v2_0p95", "done": 370, "total": 669, "failed": 0, "started_at": 1790981282.322034, "last_update": 1790982989.5569658, "eta_minutes": 22.993839839546528}
{"stage": "image_recovery", "dataset": "CIFAR10", "method": "dna_v2_0p95", "done": 371, "total": 669, "failed": 0, "started_at": 1790981282.322034, "last_update": 1790982996.26895, "eta_minutes": 22.945021595445066}
{"stage": "image_recovery", "dataset": "CIFAR10", "method": "dna_v2_0p95", "done": 372, "total": 669, "failed": 0, "started_at": 1790981282.322034, "last_update": 1790983005.4979699, "eta_minutes": 22.92935719999575}
{"stage": "image_recovery", "dataset": "CIFAR10", "method": "dna_v2_0p95", "done": 373, "total": 669, "failed": 0, "started_at": 1790981282.322034, "last_update": 1790983006.619457, "eta_minutes": 22.805721043901215}
{"stage": "image_recovery", "dataset": "CIFAR10", "method": "dna_v2_0p95", "done": 374, "total": 669, "failed": 0, "started_at": 1790981282.322034, "last_update": 1790983017.1346319, "eta_minutes": 22.806137082251634}
{"stage": "image_recovery", "dataset": "CIFAR10", "method": "dna_v2_0p95", "done": 375, "total": 669, "failed": 0, "started_at": 1790981282.322034, "last_update": 1790983023.641907, "eta_minutes": 22.7532463417689}
{"stage": "image_recovery", "dataset": "CIFAR10", "method": "dna_v2_0p95", "done": 376, "total": 669, "failed": 0, "started_at": 1790981282.322034, "last_update": 1790983040.4447842, "eta_minutes": 22.83377506885123}
{"stage": "image_recovery", "dataset": "CIFAR10", "method": "dna_v2_0p95", "done": 377, "total": 669, "failed": 0, "started_at": 1790981282.322034, "last_update": 1790983041.3176131, "eta_minutes": 22.706751039447667}
{"stage": "image_recovery", "dataset": "CIFAR10", "method": "dna_v2_0p95", "done": 378, "total": 669, "failed": 0, "started_at": 1790981282.322034, "last_update": 1790983044.748325, "eta_minutes": 22.613141567334928}
{"stage": "image_recovery", "dataset": "CIFAR10", "method": "dna_v2_0p95", "done": 379, "total": 669, "failed": 0, "started_at": 1790981282.322034, "last_update": 1790983050.958666, "eta_minutes": 22.55517253030678}
{"stage": "image_recovery", "dataset": "CIFAR10", "method": "dna_v2_0p95", "done": 380, "total": 669, "failed": 0, "started_at": 1790981282.322034, "last_update": 1790983072.393791, "eta_minutes": 22.689944640157517}
{"stage": "image_recovery", "dataset": "CIFAR10", "method": "dna_v2_0p95", "done": 381, "total": 669, "failed": 0, "started_at": 1790981282.322034, "last_update": 1790983075.650385, "eta_minutes": 22.593113083726777}
{"stage": "image_recovery", "dataset": "CIFAR10", "method": "dna_v2_0p95", "done": 382, "total": 669, "failed": 0, "started_at": 1790981282.322034, "last_update": 1790983076.120826, "eta_minutes": 22.461616637850305}
{"stage": "image_recovery", "dataset": "CIFAR10", "method": "dna_v2_0p95", "done": 383, "total": 669, "failed": 0, "started_at": 1790981282.322034, "last_update": 1790983078.450454, "eta_minutes": 22.353904619353873}
{"stage": "image_recovery", "dataset": "CIFAR10", "method": "dna_v2_0p95", "done": 384, "total": 669, "failed": 0, "started_at": 1790981282.322034, "last_update": 1790983100.154917, "eta_minutes": 22.48621403720851}
{"stage": "image_recovery", "dataset": "CIFAR10", "method": "dna_v2_0p95", "done": 385, "total": 669, "failed": 0, "started_at": 1790981282.322034, "last_update": 1790983105.994953, "eta_minutes": 22.420913809780433}
{"stage": "image_recovery", "dataset": "CIFAR10", "method": "dna_v2_0p95", "done": 386, "total": 669, "failed": 0, "started_at": 1790981282.322034, "last_update": 1790983110.776206, "eta_minutes": 22.342509950092623}
{"stage": "image_recovery", "dataset": "CIFAR10", "method": "dna_v2_0p95", "done": 387, "total": 669, "failed": 0, "started_at": 1790981282.322034, "last_update": 1790983110.9245179, "eta_minutes": 22.207833784864853}
{"stage": "image_recovery", "dataset": "CIFAR10", "method": "dp_per_tensor_for_dna_v2_0p95", "done": 388, "total": 669, "failed": 0, "started_at": 1790981282.322034, "last_update": 1790983123.687266, "eta_minutes": 22.226100956031544}
{"stage": "image_recovery", "dataset": "CIFAR10", "method": "dna_v2_0p95", "done": 389, "total": 669, "failed": 0, "started_at": 1790981282.322034, "last_update": 1790983127.9008691, "eta_minutes": 22.140620120080392}
{"stage": "image_recovery", "dataset": "CIFAR10", "method": "dna_v2_0p95", "done": 390, "total": 669, "failed": 0, "started_at": 1790981282.322034, "last_update": 1790983133.714761, "eta_minutes": 22.074297886261572}
{"stage": "image_recovery", "dataset": "CIFAR10", "method": "dp_per_tensor_for_dna_v2_0p95", "done": 391, "total": 669, "failed": 0, "started_at": 1790981282.322034, "last_update": 1790983136.533277, "eta_minutes": 21.972324194221137}
{"stage": "image_recovery", "dataset": "CIFAR10", "method": "dp_per_tensor_for_dna_v2_0p95", "done": 392, "total": 669, "failed": 0, "started_at": 1790981282.322034, "last_update": 1790983139.1126668, "eta_minutes": 21.867814852500043}
{"stage": "image_recovery", "dataset": "CIFAR10", "method": "dp_per_tensor_for_dna_v2_0p95", "done": 393, "total": 669, "failed": 0, "started_at": 1790981282.322034, "last_update": 1790983144.894987, "eta_minutes": 21.801108344395956}
{"stage": "image_recovery", "dataset": "CIFAR10", "method": "dna_v2_0p95", "done": 394, "total": 669, "failed": 0, "started_at": 1790981282.322034, "last_update": 1790983146.664834, "eta_minutes": 21.68757487472947}
{"stage": "image_recovery", "dataset": "CIFAR10", "method": "dp_per_tensor_for_dna_v2_0p95", "done": 395, "total": 669, "failed": 0, "started_at": 1790981282.322034, "last_update": 1790983149.5135128, "eta_minutes": 21.586939461482732}
{"stage": "image_recovery", "dataset": "CIFAR10", "method": "dp_per_tensor_for_dna_v2_0p95", "done": 396, "total": 669, "failed": 0, "started_at": 1790981282.322034, "last_update": 1790983150.32749, "eta_minutes": 21.46319399346607}
{"stage": "image_recovery", "dataset": "CIFAR10", "method": "dp_per_tensor_for_dna_v2_0p95", "done": 397, "total": 669, "failed": 0, "started_at": 1790981282.322034, "last_update": 1790983156.172176, "eta_minutes": 21.397449144608427}
{"stage": "image_recovery", "dataset": "CIFAR10", "method": "dp_per_tensor_for_dna_v2_0p95", "done": 398, "total": 669, "failed": 0, "started_at": 1790981282.322034, "last_update": 1790983159.838351, "eta_minutes": 21.306822526884236}
{"stage": "image_recovery", "dataset": "CIFAR10", "method": "dp_per_tensor_for_dna_v2_0p95", "done": 399, "total": 669, "failed": 0, "started_at": 1790981282.322034, "last_update": 1790983161.595124, "eta_minutes": 21.194809276358523}
{"stage": "image_recovery", "dataset": "CIFAR10", "method": "dp_per_tensor_for_dna_v2_0p95", "done": 400, "total": 669, "failed": 0, "started_at": 1790981282.322034, "last_update": 1790983162.479816, "eta_minutes": 21.07343513009945}
{"stage": "image_recovery", "dataset": "CIFAR10", "method": "dp_per_tensor_for_dna_v2_0p95", "done": 401, "total": 669, "failed": 0, "started_at": 1790981282.322034, "last_update": 1790983167.364196, "eta_minutes": 20.997144616135735}
{"stage": "image_recovery", "dataset": "CIFAR10", "method": "dp_per_tensor_for_dna_v2_0p95", "done": 402, "total": 669, "failed": 0, "started_at": 1790981282.322034, "last_update": 1790983172.872044, "eta_minutes": 20.92773019926465}
{"stage": "image_recovery", "dataset": "CIFAR10", "method": "dp_per_tensor_for_dna_v2_0p95", "done": 403, "total": 669, "failed": 0, "started_at": 1790981282.322034, "last_update": 1790983172.919241, "eta_minutes": 20.79813304716541}
{"stage": "image_recovery", "dataset": "CIFAR10", "method": "dp_per_tensor_for_dna_v2_0p95", "done": 404, "total": 669, "failed": 0, "started_at": 1790981282.322034, "last_update": 1790983175.4685152, "eta_minutes": 20.696527126156063}
{"stage": "image_recovery", "dataset": "CIFAR10", "method": "dp_per_tensor_for_dna_v2_0p95", "done": 405, "total": 669, "failed": 0, "started_at": 1790981282.322034, "last_update": 1790983178.50822, "eta_minutes": 20.600541280817104}
{"stage": "image_recovery", "dataset": "CIFAR10", "method": "dp_per_tensor_for_dna_v2_0p95", "done": 406, "total": 669, "failed": 0, "started_at": 1790981282.322034, "last_update": 1790983184.245989, "eta_minutes": 20.533908044636153}
{"stage": "image_recovery", "dataset": "CIFAR10", "method": "dp_per_tensor_for_dna_v2_0p95", "done": 407, "total": 669, "failed": 0, "started_at": 1790981282.322034, "last_update": 1790983186.1636102, "eta_minutes": 20.42614631451709}
{"stage": "image_recovery", "dataset": "CIFAR10", "method": "dp_per_tensor_for_dna_v2_0p95", "done": 408, "total": 669, "failed": 0, "started_at": 1790981282.322034, "last_update": 1790983188.484282, "eta_minutes": 20.32305338084698}
{"stage": "image_recovery", "dataset": "CIFAR10", "method": "dp_per_tensor_for_dna_v2_0p95", "done": 409, "total": 669, "failed": 0, "started_at": 1790981282.322034, "last_update": 1790983189.7443461, "eta_minutes": 20.20903834309535}
{"stage": "image_recovery", "dataset": "CIFAR10", "method": "dp_per_tensor_for_dna_v2_0p95", "done": 410, "total": 669, "failed": 0, "started_at": 1790981282.322034, "last_update": 1790983195.685317, "eta_minutes": 20.144759759786652}
{"stage": "image_recovery", "dataset": "CIFAR10", "method": "dp_per_tensor_for_dna_v2_0p95", "done": 411, "total": 669, "failed": 0, "started_at": 1790981282.322034, "last_update": 1790983199.362647, "eta_minutes": 20.05662928625325}
{"stage": "image_recovery", "dataset": "CIFAR10", "method": "dp_per_tensor_for_dna_v2_0p95", "done": 412, "total": 669, "failed": 0, "started_at": 1790981282.322034, "last_update": 1790983200.888344, "eta_minutes": 19.946259778033955}
{"stage": "image_recovery", "dataset": "CIFAR10", "method": "dp_per_tensor_for_dna_v2_0p95", "done": 413, "total": 669, "failed": 0, "started_at": 1790981282.322034, "last_update": 1790983201.45117, "eta_minutes": 19.826354271101316}
{"stage": "image_recovery", "dataset": "CIFAR10", "method": "dp_per_tensor_for_dna_v2_0p95", "done": 414, "total": 669, "failed": 0, "started_at": 1790981282.322034, "last_update": 1790983207.024919, "eta_minutes": 19.758423337901846}
{"stage": "image_recovery", "dataset": "CIFAR10", "method": "dp_per_tensor_for_dna_v2_0p95", "done": 415, "total": 669, "failed": 0, "started_at": 1790981282.322034, "last_update": 1790983212.1260748, "eta_minutes": 19.68555125338007}
{"stage": "image_recovery", "dataset": "CIFAR10", "method": "dp_per_tensor_for_dna_v2_0p95", "done": 416, "total": 669, "failed": 0, "started_at": 1790981282.322034, "last_update": 1790983212.466795, "eta_minutes": 19.564367961272218}
{"stage": "image_recovery", "dataset": "CIFAR10", "method": "dp_per_tensor_for_dna_v2_0p95", "done": 417, "total": 669, "failed": 0, "started_at": 1790981282.322034, "last_update": 1790983214.458386, "eta_minutes": 19.46036612627318}
{"stage": "image_recovery", "dataset": "CIFAR10", "method": "dp_per_tensor_for_dna_v2_0p95", "done": 418, "total": 669, "failed": 0, "started_at": 1790981282.322034, "last_update": 1790983218.3383071, "eta_minutes": 19.375601446932773}
{"stage": "image_recovery", "dataset": "CIFAR10", "method": "dp_per_tensor_for_dna_v2_0p95", "done": 419, "total": 669, "failed": 0, "started_at": 1790981282.322034, "last_update": 1790983223.362904, "eta_minutes": 19.302315724303824}
{"stage": "image_recovery", "dataset": "CIFAR10", "method": "dp_per_tensor_for_dna_v2_0p95", "done": 420, "total": 669, "failed": 0, "started_at": 1790981282.322034, "last_update": 1790983225.576471, "eta_minutes": 19.2012045581284}
{"stage": "image_recovery", "dataset": "CIFAR10", "method": "dp_per_tensor_for_dna_v2_0p95", "done": 421, "total": 669, "failed": 0, "started_at": 1790981282.322034, "last_update": 1790983227.386168, "eta_minutes": 19.09643330411692}
{"stage": "image_recovery", "dataset": "CIFAR10", "method": "dp_per_tensor_for_dna_v2_0p95", "done": 422, "total": 669, "failed": 0, "started_at": 1790981282.322034, "last_update": 1790983229.657779, "eta_minutes": 18.99652168399538}
{"stage": "image_recovery", "dataset": "CIFAR10", "method": "dp_per_tensor_for_dna_v2_0p95", "done": 423, "total": 669, "failed": 0, "started_at": 1790981282.322034, "last_update": 1790983234.6120288, "eta_minutes": 18.922905379209674}
{"stage": "image_recovery", "dataset": "CIFAR10", "method": "dp_per_tensor_for_dna_v2_0p95", "done": 424, "total": 669, "failed": 0, "started_at": 1790981282.322034, "last_update": 1790983238.519501, "eta_minutes": 18.83916585836208}
{"stage": "image_recovery", "dataset": "CIFAR10", "method": "dp_per_tensor_for_dna_v2_0p95", "done": 425, "total": 669, "failed": 0, "started_at": 1790981282.322034, "last_update": 1790983240.339839, "eta_minutes": 18.735542910257973}
{"stage": "image_recovery", "dataset": "CIFAR10", "method": "dp_per_tensor_for_dna_v2_0p95", "done": 426, "total": 669, "failed": 0, "started_at": 1790981282.322034, "last_update": 1790983240.920011, "eta_minutes": 18.620473726534506}
{"stage": "image_recovery", "dataset": "CIFAR10", "method": "dp_per_tensor_for_dna_v2_0p95", "done": 427, "total": 669, "failed": 0, "started_at": 1790981282.322034, "last_update": 1790983245.879522, "eta_minutes": 18.547264330411313}
{"stage": "image_recovery", "dataset": "CIFAR10", "method": "dp_per_tensor_for_dna_v2_0p95", "done": 428, "total": 669, "failed": 0, "started_at": 1790981282.322034, "last_update": 1790983251.736566, "eta_minutes": 18.482433888492555}
{"stage": "image_recovery", "dataset": "CIFAR10", "method": "dp_per_tensor_for_dna_v2_0p95", "done": 429, "total": 669, "failed": 0, "started_at": 1790981282.322034, "last_update": 1790983253.395133, "eta_minutes": 18.37830394353622}
{"stage": "image_recovery", "dataset": "CIFAR10", "method": "unprotected", "done": 430, "total": 669, "failed": 0, "started_at": 1790981282.322034, "last_update": 1790983264.5558982, "eta_minutes": 18.36255401432052}
{"stage": "image_recovery", "dataset": "CIFAR10", "method": "unprotected", "done": 431, "total": 669, "failed": 0, "started_at": 1790981282.322034, "last_update": 1790983268.955363, "eta_minutes": 18.28378701127046}
{"stage": "image_recovery", "dataset": "CIFAR10", "method": "unprotected", "done": 432, "total": 669, "failed": 0, "started_at": 1790981282.322034, "last_update": 1790983277.1201138, "eta_minutes": 18.23947318488801}
{"stage": "image_recovery", "dataset": "CIFAR10", "method": "unprotected", "done": 433, "total": 669, "failed": 0, "started_at": 1790981282.322034, "last_update": 1790983278.877451, "eta_minutes": 18.13653110859484}
{"stage": "image_recovery", "dataset": "CIFAR10", "method": "unprotected", "done": 434, "total": 669, "failed": 0, "started_at": 1790981282.322034, "last_update": 1790983288.29519, "eta_minutes": 18.103060357535856}
{"stage": "image_recovery", "dataset": "CIFAR10", "method": "unprotected", "done": 435, "total": 669, "failed": 0, "started_at": 1790981282.322034, "last_update": 1790983292.1690729, "eta_minutes": 18.019318274136246}
{"stage": "image_recovery", "dataset": "CIFAR10", "method": "unprotected", "done": 436, "total": 669, "failed": 0, "started_at": 1790981282.322034, "last_update": 1790983302.571991, "eta_minutes": 17.993816513789174}
{"stage": "image_recovery", "dataset": "CIFAR10", "method": "unprotected", "done": 437, "total": 669, "failed": 0, "started_at": 1790981282.322034, "last_update": 1790983304.230838, "eta_minutes": 17.89026858688401}
{"stage": "image_recovery", "dataset": "CIFAR10", "method": "unprotected", "done": 438, "total": 669, "failed": 0, "started_at": 1790981282.322034, "last_update": 1790983311.990026, "eta_minutes": 17.840688971787284}
{"stage": "image_recovery", "dataset": "CIFAR10", "method": "unprotected", "done": 439, "total": 669, "failed": 0, "started_at": 1790981282.322034, "last_update": 1790983315.2955, "eta_minutes": 17.751856378017273}
{"stage": "image_recovery", "dataset": "CIFAR10", "method": "unprotected", "done": 440, "total": 669, "failed": 0, "started_at": 1790981282.322034, "last_update": 1790983328.0726862, "eta_minutes": 17.74533708737655}
{"stage": "image_recovery", "dataset": "CIFAR10", "method": "unprotected", "done": 441, "total": 669, "failed": 0, "started_at": 1790981282.322034, "last_update": 1790983329.7024279, "eta_minutes": 17.641826515889765}
{"stage": "image_recovery", "dataset": "CIFAR10", "method": "unprotected", "done": 442, "total": 669, "failed": 0, "started_at": 1790981282.322034, "last_update": 1790983335.7940469, "eta_minutes": 17.576853195089022}
{"stage": "image_recovery", "dataset": "CIFAR10", "method": "unprotected", "done": 443, "total": 669, "failed": 0, "started_at": 1790981282.322034, "last_update": 1790983338.477628, "eta_minutes": 17.482737547011194}
{"stage": "image_recovery", "dataset": "CIFAR10", "method": "unprotected", "done": 444, "total": 669, "failed": 0, "started_at": 1790981282.322034, "last_update": 1790983353.718026, "eta_minutes": 17.494898581424273}
{"stage": "image_recovery", "dataset": "CIFAR10", "method": "unprotected", "done": 445, "total": 669, "failed": 0, "started_at": 1790981282.322034, "last_update": 1790983355.1984692, "eta_minutes": 17.390424026317813}
{"stage": "image_recovery", "dataset": "CIFAR10", "method": "unprotected", "done": 446, "total": 669, "failed": 0, "started_at": 1790981282.322034, "last_update": 1790983359.536252, "eta_minutes": 17.310118474562962}
{"stage": "image_recovery", "dataset": "CIFAR10", "method": "unprotected", "done": 447, "total": 669, "failed": 0, "started_at": 1790981282.322034, "last_update": 1790983361.6026292, "eta_minutes": 17.21104742328593}
{"stage": "image_recovery", "dataset": "CIFAR10", "method": "unprotected", "done": 448, "total": 669, "failed": 0, "started_at": 1790981282.322034, "last_update": 1790983379.340301, "eta_minutes": 17.24111000897274}
{"stage": "image_recovery", "dataset": "CIFAR10", "method": "unprotected", "done": 449, "total": 669, "failed": 0, "started_at": 1790981282.322034, "last_update": 1790983380.572489, "eta_minutes": 17.134933189719185}
{"stage": "image_recovery", "dataset": "CIFAR10", "method": "unprotected", "done": 450, "total": 669, "failed": 0, "started_at": 1790981282.322034, "last_update": 1790983383.24411, "eta_minutes": 17.04081238831414}
{"stage": "image_recovery", "dataset": "CIFAR10", "method": "unprotected", "done": 451, "total": 669, "failed": 0, "started_at": 1790981282.322034, "last_update": 1790983384.818805, "eta_minutes": 16.93807449709109}
{"stage": "image_recovery", "dataset": "CIFAR10", "method": "unprotected", "done": 452, "total": 669, "failed": 0, "started_at": 1790981282.322034, "last_update": 1790983404.891967, "eta_minutes": 16.983690099528054}
{"stage": "image_recovery", "dataset": "CIFAR10", "method": "unprotected", "done": 453, "total": 669, "failed": 0, "started_at": 1790981282.322034, "last_update": 1790983406.073477, "eta_minutes": 16.87749490485286}
{"stage": "image_recovery", "dataset": "CIFAR10", "method": "dna_v1_conservative", "done": 454, "total": 669, "failed": 0, "started_at": 1790981282.322034, "last_update": 1790983434.736518, "eta_minutes": 16.98858714799524}
{"stage": "image_recovery", "dataset": "CIFAR10", "method": "dna_v1_conservative", "done": 455, "total": 669, "failed": 0, "started_at": 1790981282.322034, "last_update": 1790983435.025842, "eta_minutes": 16.874674539443774}
{"stage": "image_recovery", "dataset": "CIFAR10", "method": "dna_v1_conservative", "done": 456, "total": 669, "failed": 0, "started_at": 1790981282.322034, "last_update": 1790983460.9067562, "eta_minutes": 16.96047315759617}
{"stage": "image_recovery", "dataset": "CIFAR10", "method": "dna_v1_conservative", "done": 457, "total": 669, "failed": 0, "started_at": 1790981282.322034, "last_update": 1790983461.878714, "eta_minutes": 16.851422903017784}
{"stage": "image_recovery", "dataset": "CIFAR10", "method": "dna_v1_conservative", "done": 458, "total": 669, "failed": 0, "started_at": 1790981282.322034, "last_update": 1790983485.0348392, "eta_minutes": 16.91311505315432}
{"stage": "image_recovery", "dataset": "CIFAR10", "method": "dna_v1_conservative", "done": 459, "total": 669, "failed": 0, "started_at": 1790981282.322034, "last_update": 1790983486.003813, "eta_minutes": 16.803673689921176}
{"stage": "image_recovery", "dataset": "CIFAR10", "method": "dna_v1_conservative", "done": 460, "total": 669, "failed": 0, "started_at": 1790981282.322034, "last_update": 1790983516.721428, "eta_minutes": 16.91990845483282}
{"stage": "image_recovery", "dataset": "CIFAR10", "method": "dna_v1_conservative", "done": 461, "total": 669, "failed": 0, "started_at": 1790981282.322034, "last_update": 1790983517.617999, "eta_minutes": 16.80916704852255}
{"stage": "image_recovery", "dataset": "CIFAR10", "method": "dna_v1_conservative", "done": 462, "total": 669, "failed": 0, "started_at": 1790981282.322034, "last_update": 1790983535.238183, "eta_minutes": 16.823724490326722}
{"stage": "image_recovery", "dataset": "CIFAR10", "method": "dna_v1_conservative", "done": 463, "total": 669, "failed": 0, "started_at": 1790981282.322034, "last_update": 1790983537.640481, "eta_minutes": 16.724103675496245}
{"stage": "image_recovery", "dataset": "CIFAR10", "method": "dna_v1_conservative", "done": 464, "total": 669, "failed": 0, "started_at": 1790981282.322034, "last_update": 1790983572.82658, "eta_minutes": 16.866143389508643}
{"stage": "image_recovery", "dataset": "CIFAR10", "method": "dna_v1_conservative", "done": 465, "total": 669, "failed": 0, "started_at": 1790981282.322034, "last_update": 1790983573.67663, "eta_minutes": 16.75399059541764}
{"stage": "image_recovery", "dataset": "CIFAR10", "method": "dna_v1_conservative", "done": 466, "total": 669, "failed": 0, "started_at": 1790981282.322034, "last_update": 1790983585.305991, "eta_minutes": 16.720520139056042}
{"stage": "image_recovery", "dataset": "CIFAR10", "method": "dna_v1_conservative", "done": 467, "total": 669, "failed": 0, "started_at": 1790981282.322034, "last_update": 1790983588.866385, "eta_minutes": 16.628192681027343}
{"stage": "image_recovery", "dataset": "CIFAR10", "method": "dna_v1_conservative", "done": 468, "total": 669, "failed": 0, "started_at": 1790981282.322034, "last_update": 1790983628.498506, "eta_minutes": 16.794211926979894}
{"stage": "image_recovery", "dataset": "CIFAR10", "method": "dna_v1_conservative", "done": 469, "total": 669, "failed": 0, "started_at": 1790981282.322034, "last_update": 1790983629.4256861, "eta_minutes": 16.68161799743316}
{"stage": "image_recovery", "dataset": "CIFAR10", "method": "dna_v1_conservative", "done": 470, "total": 669, "failed": 0, "started_at": 1790981282.322034, "last_update": 1790983635.2041512, "eta_minutes": 16.60367167861749}
{"stage": "image_recovery", "dataset": "CIFAR10", "method": "dna_v1_conservative", "done": 471, "total": 669, "failed": 0, "started_at": 1790981282.322034, "last_update": 1790983640.3161962, "eta_minutes": 16.52097820734522}
{"stage": "image_recovery", "dataset": "CIFAR10", "method": "dna_v1_conservative", "done": 472, "total": 669, "failed": 0, "started_at": 1790981282.322034, "last_update": 1790983684.485606, "eta_minutes": 16.709965526072658}
{"stage": "image_recovery", "dataset": "CIFAR10", "method": "dna_v1_conservative", "done": 473, "total": 669, "failed": 0, "started_at": 1790981282.322034, "last_update": 1790983685.217102, "eta_minutes": 16.595046982419078}
{"stage": "image_recovery", "dataset": "CIFAR10", "method": "dna_v1_conservative", "done": 474, "total": 669, "failed": 0, "started_at": 1790981282.322034, "last_update": 1790983685.250887, "eta_minutes": 16.475777994228316}
{"stage": "image_recovery", "dataset": "CIFAR10", "method": "dna_v1_conservative", "done": 475, "total": 669, "failed": 0, "started_at": 1790981282.322034, "last_update": 1790983691.729801, "eta_minutes": 16.400880934179877}
{"stage": "image_recovery", "dataset": "CIFAR10", "method": "dp_single_for_dna_v1_conservative", "done": 476, "total": 669, "failed": 0, "started_at": 1790981282.322034, "last_update": 1790983710.734994, "eta_minutes": 16.410493742651635}
{"stage": "image_recovery", "dataset": "CIFAR10", "method": "dp_single_for_dna_v1_conservative", "done": 477, "total": 669, "failed": 0, "started_at": 1790981282.322034, "last_update": 1790983715.4619799, "eta_minutes": 16.322951413200588}
{"stage": "image_recovery", "dataset": "CIFAR10", "method": "dna_v1_conservative", "done": 478, "total": 669, "failed": 0, "started_at": 1790981282.322034, "last_update": 1790983735.230839, "eta_minutes": 16.33561999993178}
{"stage": "image_recovery", "dataset": "CIFAR10", "method": "dp_single_for_dna_v1_conservative", "done": 479, "total": 669, "failed": 0, "started_at": 1790981282.322034, "last_update": 1790983736.126123, "eta_minutes": 16.222086879720933}
{"stage": "image_recovery", "dataset": "CIFAR10", "method": "dp_single_for_dna_v1_conservative", "done": 480, "total": 669, "failed": 0, "started_at": 1790981282.322034, "last_update": 1790983739.144574, "eta_minutes": 16.122897919043897}
{"stage": "image_recovery", "dataset": "CIFAR10", "method": "dna_v1_conservative", "done": 481, "total": 669, "failed": 0, "started_at": 1790981282.322034, "last_update": 1790983740.554847, "eta_minutes": 16.013436198449348}
{"stage": "image_recovery", "dataset": "CIFAR10", "method": "dp_single_for_dna_v1_conservative", "done": 482, "total": 669, "failed": 0, "started_at": 1790981282.322034, "last_update": 1790983758.4476101, "eta_minutes": 16.010908802968668}
{"stage": "image_recovery", "dataset": "CIFAR10", "method": "dp_single_for_dna_v1_conservative", "done": 483, "total": 669, "failed": 0, "started_at": 1790981282.322034, "last_update": 1790983761.618216, "eta_minutes": 15.91266699997288}
{"stage": "image_recovery", "dataset": "CIFAR10", "method": "dp_single_for_dna_v1_conservative", "done": 484, "total": 669, "failed": 0, "started_at": 1790981282.322034, "last_update": 1790983762.935519, "eta_minutes": 15.802806292806775}
{"stage": "image_recovery", "dataset": "CIFAR10", "method": "dp_single_for_dna_v1_conservative", "done": 485, "total": 669, "failed": 0, "started_at": 1790981282.322034, "last_update": 1790983766.045873, "eta_minutes": 15.704645580213095}
{"stage": "image_recovery", "dataset": "CIFAR10", "method": "dp_single_for_dna_v1_conservative", "done": 486, "total": 669, "failed": 0, "started_at": 1790981282.322034, "last_update": 1790983781.651176, "eta_minutes": 15.68509029503222}
{"stage": "image_recovery", "dataset": "CIFAR10", "method": "dp_single_for_dna_v1_conservative", "done": 487, "total": 669, "failed": 0, "started_at": 1790981282.322034, "last_update": 1790983786.708489, "eta_minutes": 15.598847872031053}
{"stage": "image_recovery", "dataset": "CIFAR10", "method": "dp_single_for_dna_v1_conservative", "done": 488, "total": 669, "failed": 0, "started_at": 1790981282.322034, "last_update": 1790983787.0248, "eta_minutes": 15.483306034104745}
{"stage": "image_recovery", "dataset": "CIFAR10", "method": "dp_single_for_dna_v1_conservative", "done": 489, "total": 669, "failed": 0, "started_at": 1790981282.322034, "last_update": 1790983791.374296, "eta_minutes": 15.392958657141842}
{"stage": "image_recovery", "dataset": "CIFAR10", "method": "dp_single_for_dna_v1_conservative", "done": 490, "total": 669, "failed": 0, "started_at": 1790981282.322034, "last_update": 1790983804.911527, "eta_minutes": 15.358623103860285}
{"stage": "image_recovery", "dataset": "CIFAR10", "method": "dp_single_for_dna_v1_conservative", "done": 491, "total": 669, "failed": 0, "started_at": 1790981282.322034, "last_update": 1790983810.536146, "eta_minutes": 15.275699658646362}
{"stage": "image_recovery", "dataset": "CIFAR10", "method": "dp_single_for_dna_v1_conservative", "done": 492, "total": 669, "failed": 0, "started_at": 1790981282.322034, "last_update": 1790983812.59098, "eta_minutes": 15.171328025184026}
{"stage": "image_recovery", "dataset": "CIFAR10", "method": "dp_single_for_dna_v1_conservative", "done": 493, "total": 669, "failed": 0, "started_at": 1790981282.322034, "last_update": 1790983816.892216, "eta_minutes": 15.080606892465173}
{"stage": "image_recovery", "dataset": "CIFAR10", "method": "dp_single_for_dna_v1_conservative", "done": 494, "total": 669, "failed": 0, "started_at": 1790981282.322034, "last_update": 1790983828.218765, "eta_minutes": 15.031441552476524}
{"stage": "image_recovery", "dataset": "CIFAR10", "method": "dp_single_for_dna_v1_conservative", "done": 495, "total": 669, "failed": 0, "started_at": 1790981282.322034, "last_update": 1790983834.2657092, "eta_minutes": 14.95078112790079}
{"stage": "image_recovery", "dataset": "CIFAR10", "method": "dp_single_for_dna_v1_conservative", "done": 496, "total": 669, "failed": 0, "started_at": 1790981282.322034, "last_update": 1790983838.0463328, "eta_minutes": 14.856865044322708}
{"stage": "image_recovery", "dataset": "CIFAR10", "method": "dp_single_for_dna_v1_conservative", "done": 497, "total": 669, "failed": 0, "started_at": 1790981282.322034, "last_update": 1790983842.331962, "eta_minutes": 14.76598617219829}
{"stage": "image_recovery", "dataset": "CIFAR10", "method": "dp_single_for_dna_v1_conservative", "done": 498, "total": 669, "failed": 0, "started_at": 1790981282.322034, "last_update": 1790983851.291071, "eta_minutes": 14.70193123616368}
{"stage": "image_recovery", "dataset": "CIFAR10", "method": "dp_single_for_dna_v1_conservative", "done": 499, "total": 669, "failed": 0, "started_at": 1790981282.322034, "last_update": 1790983857.9219708, "eta_minutes": 14.624314933915736}
{"stage": "image_recovery", "dataset": "CIFAR10", "method": "dp_single_for_dna_v1_conservative", "done": 500, "total": 669, "failed": 0, "started_at": 1790981282.322034, "last_update": 1790983863.335286, "eta_minutes": 14.539707981006304}
{"stage": "image_recovery", "dataset": "CIFAR10", "method": "dp_single_for_dna_v1_conservative", "done": 501, "total": 669, "failed": 0, "started_at": 1790981282.322034, "last_update": 1790983867.677391, "eta_minutes": 14.44909181118963}
{"stage": "image_recovery", "dataset": "CIFAR10", "method": "dna_v2_0p95", "done": 502, "total": 669, "failed": 0, "started_at": 1790981282.322034, "last_update": 1790983891.064199, "eta_minutes": 14.464141479771767}
{"stage": "image_recovery", "dataset": "CIFAR10", "method": "dna_v2_0p95", "done": 503, "total": 669, "failed": 0, "started_at": 1790981282.322034, "last_update": 1790983898.1225479, "eta_minutes": 14.387769554765752}
{"stage": "image_recovery", "dataset": "CIFAR10", "method": "dna_v2_0p95", "done": 504, "total": 669, "failed": 0, "started_at": 1790981282.322034, "last_update": 1790983910.8782551, "eta_minutes": 14.342320646440225}
{"stage": "image_recovery", "dataset": "CIFAR10", "method": "dna_v2_0p95", "done": 505, "total": 669, "failed": 0, "started_at": 1790981282.322034, "last_update": 1790983915.460154, "eta_minutes": 14.25196869809242}
{"stage": "image_recovery", "dataset": "CIFAR10", "method": "dna_v2_0p95", "done": 506, "total": 669, "failed": 0, "started_at": 1790981282.322034, "last_update": 1790983930.461427, "eta_minutes": 14.21761268359242}
{"stage": "image_recovery", "dataset": "CIFAR10", "method": "dna_v2_0p95", "done": 507, "total": 669, "failed": 0, "started_at": 1790981282.322034, "last_update": 1790983938.235554, "eta_minutes": 14.143918149287883}
{"stage": "image_recovery", "dataset": "CIFAR10", "method": "dna_v2_0p95", "done": 508, "total": 669, "failed": 0, "started_at": 1790981282.322034, "last_update": 1790983958.4791071, "eta_minutes": 14.135869048649244}
{"stage": "image_recovery", "dataset": "CIFAR10", "method": "dna_v2_0p95", "done": 509, "total": 669, "failed": 0, "started_at": 1790981282.322034, "last_update": 1790983963.23073, "eta_minutes": 14.0453631757675}
{"stage": "image_recovery", "dataset": "CIFAR10", "method": "dna_v2_0p95", "done": 510, "total": 669, "failed": 0, "started_at": 1790981282.322034, "last_update": 1790983969.919474, "eta_minutes": 13.964967085263309}
{"stage": "image_recovery", "dataset": "CIFAR10", "method": "dna_v2_0p95", "done": 511, "total": 669, "failed": 0, "started_at": 1790981282.322034, "last_update": 1790983978.4948978, "eta_minutes": 13.894171962003963}
{"stage": "image_recovery", "dataset": "CIFAR10", "method": "dna_v2_0p95", "done": 512, "total": 669, "failed": 0, "started_at": 1790981282.322034, "last_update": 1790984006.104537, "eta_minutes": 13.920372813846916}
{"stage": "image_recovery", "dataset": "CIFAR10", "method": "dna_v2_0p95", "done": 513, "total": 669, "failed": 0, "started_at": 1790981282.322034, "last_update": 1790984009.368115, "eta_minutes": 13.821286176008554}
{"stage": "image_recovery", "dataset": "CIFAR10", "method": "dna_v2_0p95", "done": 514, "total": 669, "failed": 0, "started_at": 1790981282.322034, "last_update": 1790984011.018937, "eta_minutes": 13.714267829203575}
{"stage": "image_recovery", "dataset": "CIFAR10", "method": "dna_v2_0p95", "done": 515, "total": 669, "failed": 0, "started_at": 1790981282.322034, "last_update": 1790984018.7009459, "eta_minutes": 13.637616579185412}
{"stage": "image_recovery", "dataset": "CIFAR10", "method": "dna_v2_0p95", "done": 516, "total": 669, "failed": 0, "started_at": 1790981282.322034, "last_update": 1790984049.039267, "eta_minutes": 13.672730508100155}
{"stage": "image_recovery", "dataset": "CIFAR10", "method": "dna_v2_0p95", "done": 517, "total": 669, "failed": 0, "started_at": 1790981282.322034, "last_update": 1790984053.781866, "eta_minutes": 13.58033186631538}
{"stage": "image_recovery", "dataset": "CIFAR10", "method": "dna_v2_0p95", "done": 518, "total": 669, "failed": 0, "started_at": 1790981282.322034, "last_update": 1790984058.772467, "eta_minutes": 13.489189679581225}
{"stage": "image_recovery", "dataset": "CIFAR10", "method": "dna_v2_0p95", "done": 519, "total": 669, "failed": 0, "started_at": 1790981282.322034, "last_update": 1790984058.987963, "eta_minutes": 13.3750767296679}
{"stage": "image_recovery", "dataset": "CIFAR10", "method": "dna_v2_0p95", "done": 520, "total": 669, "failed": 0, "started_at": 1790981282.322034, "last_update": 1790984088.649187, "eta_minutes": 13.40201108422035}
{"stage": "image_recovery", "dataset": "CIFAR10", "method": "dna_v2_0p95", "done": 521, "total": 669, "failed": 0, "started_at": 1790981282.322034, "last_update": 1790984099.254416, "eta_minutes": 13.336724009974523}
{"stage": "image_recovery", "dataset": "CIFAR10", "method": "dna_v2_0p95", "done": 522, "total": 669, "failed": 0, "started_at": 1790981282.322034, "last_update": 1790984101.4774861, "eta_minutes": 13.231668304780435}
{"stage": "image_recovery", "dataset": "CIFAR10", "method": "dna_v2_0p95", "done": 523, "total": 669, "failed": 0, "started_at": 1790981282.322034, "last_update": 1790984106.374136, "eta_minutes": 13.139311879086906}
{"stage": "image_recovery", "dataset": "CIFAR10", "method": "dp_single_for_dna_v2_0p95", "done": 524, "total": 669, "failed": 0, "started_at": 1790981282.322034, "last_update": 1790984126.732895, "eta_minutes": 13.11830708361764}
{"stage": "image_recovery", "dataset": "CIFAR10", "method": "dna_v2_0p95", "done": 525, "total": 669, "failed": 0, "started_at": 1790981282.322034, "last_update": 1790984128.424437, "eta_minutes": 13.010753843035017}
{"stage": "image_recovery", "dataset": "CIFAR10", "method": "dp_single_for_dna_v2_0p95", "done": 526, "total": 669, "failed": 0, "started_at": 1790981282.322034, "last_update": 1790984131.67287, "eta_minutes": 12.910556699975816}
{"stage": "image_recovery", "dataset": "CIFAR10", "method": "dna_v2_0p95", "done": 527, "total": 669, "failed": 0, "started_at": 1790981282.322034, "last_update": 1790984139.972532, "eta_minutes": 12.833218555899832}
{"stage": "image_recovery", "dataset": "CIFAR10", "method": "dp_single_for_dna_v2_0p95", "done": 528, "total": 669, "failed": 0, "started_at": 1790981282.322034, "last_update": 1790984151.512584, "eta_minutes": 12.770071572855565}
{"stage": "image_recovery", "dataset": "CIFAR10", "method": "dp_single_for_dna_v2_0p95", "done": 529, "total": 669, "failed": 0, "started_at": 1790981282.322034, "last_update": 1790984152.142726, "eta_minutes": 12.658314331718113}
{"stage": "image_recovery", "dataset": "CIFAR10", "method": "dp_single_for_dna_v2_0p95", "done": 530, "total": 669, "failed": 0, "started_at": 1790981282.322034, "last_update": 1790984157.123383, "eta_minutes": 12.565955582819644}
{"stage": "image_recovery", "dataset": "CIFAR10", "method": "dp_single_for_dna_v2_0p95", "done": 531, "total": 669, "failed": 0, "started_at": 1790981282.322034, "last_update": 1790984163.666039, "eta_minutes": 12.480397758106728}
{"stage": "image_recovery", "dataset": "CIFAR10", "method": "dp_single_for_dna_v2_0p95", "done": 532, "total": 669, "failed": 0, "started_at": 1790981282.322034, "last_update": 1790984174.647839, "eta_minutes": 12.41380435925229}
{"stage": "image_recovery", "dataset": "CIFAR10", "method": "dp_single_for_dna_v2_0p95", "done": 533, "total": 669, "failed": 0, "started_at": 1790981282.322034, "last_update": 1790984177.6634471, "eta_minutes": 12.312896566707092}
{"stage": "image_recovery", "dataset": "CIFAR10", "method": "dp_single_for_dna_v2_0p95", "done": 534, "total": 669, "failed": 0, "started_at": 1790981282.322034, "last_update": 1790984182.5689049, "eta_minutes": 12.220141310370371}
{"stage": "image_recovery", "dataset": "CIFAR10", "method": "dp_single_for_dna_v2_0p95", "done": 535, "total": 669, "failed": 0, "started_at": 1790981282.322034, "last_update": 1790984187.402899, "eta_minutes": 12.127128845152452}
{"stage": "image_recovery", "dataset": "CIFAR10", "method": "dp_single_for_dna_v2_0p95", "done": 536, "total": 669, "failed": 0, "started_at": 1790981282.322034, "last_update": 1790984197.729265, "eta_minutes": 12.05687691568587}
{"stage": "image_recovery", "dataset": "CIFAR10", "method": "dp_single_for_dna_v2_0p95", "done": 537, "total": 669, "failed": 0, "started_at": 1790981282.322034, "last_update": 1790984203.140668, "eta_minutes": 11.966109860098785}
{"stage": "image_recovery", "dataset": "CIFAR10", "method": "dp_single_for_dna_v2_0p95", "done": 538, "total": 669, "failed": 0, "started_at": 1790981282.322034, "last_update": 1790984207.9421911, "eta_minutes": 11.872869907022261}
{"stage": "image_recovery", "dataset": "CIFAR10", "method": "dp_single_for_dna_v2_0p95", "done": 539, "total": 669, "failed": 0, "started_at": 1790981282.322034, "last_update": 1790984211.103698, "eta_minutes": 11.773086466830529}
{"stage": "image_recovery", "dataset": "CIFAR10", "method": "dp_single_for_dna_v2_0p95", "done": 540, "total": 669, "failed": 0, "started_at": 1790981282.322034, "last_update": 1790984220.864546, "eta_minutes": 11.699752590987417}
{"stage": "image_recovery", "dataset": "CIFAR10", "method": "dp_single_for_dna_v2_0p95", "done": 541, "total": 669, "failed": 0, "started_at": 1790981282.322034, "last_update": 1790984228.5388238, "eta_minutes": 11.617860412597656}
{"stage": "image_recovery", "dataset": "CIFAR10", "method": "dp_single_for_dna_v2_0p95", "done": 542, "total": 669, "failed": 0, "started_at": 1790981282.322034, "last_update": 1790984233.452904, "eta_minutes": 11.525019080663812}
{"stage": "image_recovery", "dataset": "CIFAR10", "method": "dp_single_for_dna_v2_0p95", "done": 543, "total": 669, "failed": 0, "started_at": 1790981282.322034, "last_update": 1790984234.902602, "eta_minutes": 11.418819876533844}
{"stage": "image_recovery", "dataset": "CIFAR10", "method": "dp_single_for_dna_v2_0p95", "done": 544, "total": 669, "failed": 0, "started_at": 1790981282.322034, "last_update": 1790984244.016799, "eta_minutes": 11.342274682486758}
{"stage": "image_recovery", "dataset": "CIFAR10", "method": "dp_single_for_dna_v2_0p95", "done": 545, "total": 669, "failed": 0, "started_at": 1790981282.322034, "last_update": 1790984253.9590988, "eta_minutes": 11.268593151430837}
{"stage": "image_recovery", "dataset": "CIFAR10", "method": "dp_single_for_dna_v2_0p95", "done": 546, "total": 669, "failed": 0, "started_at": 1790981282.322034, "last_update": 1790984258.6978738, "eta_minutes": 11.175037490732068}
{"stage": "image_recovery", "dataset": "CIFAR10", "method": "dp_single_for_dna_v2_0p95", "done": 547, "total": 669, "failed": 0, "started_at": 1790981282.322034, "last_update": 1790984259.057545, "eta_minutes": 11.065256927174667}
{"stage": "image_recovery", "dataset": "CIFAR10", "method": "dp_single_for_dna_v2_0p95", "done": 548, "total": 669, "failed": 0, "started_at": 1790981282.322034, "last_update": 1790984267.0338402, "eta_minutes": 10.983884688624501}
{"stage": "image_recovery", "dataset": "CIFAR10", "method": "unprotected", "done": 549, "total": 669, "failed": 0, "started_at": 1790981282.322034, "last_update": 1790984270.1471949, "eta_minutes": 10.884608965319579}
{"stage": "image_recovery", "dataset": "CIFAR10", "method": "unprotected", "done": 550, "total": 669, "failed": 0, "started_at": 1790981282.322034, "last_update": 1790984272.359122, "eta_minutes": 10.782254954258601}
{"stage": "image_recovery", "dataset": "CIFAR10", "method": "unprotected", "done": 551, "total": 669, "failed": 0, "started_at": 1790981282.322034, "last_update": 1790984278.3108962, "eta_minutes": 10.693487163824669}
{"stage": "image_recovery", "dataset": "CIFAR10", "method": "dp_single_for_dna_v2_0p95", "done": 552, "total": 669, "failed": 0, "started_at": 1790981282.322034, "last_update": 1790984279.1691542, "eta_minutes": 10.586688196659088}
{"stage": "image_recovery", "dataset": "CIFAR10", "method": "unprotected", "done": 553, "total": 669, "failed": 0, "started_at": 1790981282.322034, "last_update": 1790984281.4796019, "eta_minutes": 10.485300719874534}
{"stage": "image_recovery", "dataset": "CIFAR10", "method": "unprotected", "done": 554, "total": 669, "failed": 0, "started_at": 1790981282.322034, "last_update": 1790984285.607403, "eta_minutes": 10.390427721213777}
{"stage": "image_recovery", "dataset": "CIFAR10", "method": "unprotected", "done": 555, "total": 669, "failed": 0, "started_at": 1790981282.322034, "last_update": 1790984289.4714618, "eta_minutes": 10.294745789175636}
{"stage": "image_recovery", "dataset": "CIFAR10", "method": "unprotected", "done": 556, "total": 669, "failed": 0, "started_at": 1790981282.322034, "last_update": 1790984292.176343, "eta_minutes": 10.195249907861797}
{"stage": "image_recovery", "dataset": "CIFAR10", "method": "unprotected", "done": 557, "total": 669, "failed": 0, "started_at": 1790981282.322034, "last_update": 1790984292.752317, "eta_minutes": 10.088814832549264}
{"stage": "image_recovery", "dataset": "CIFAR10", "method": "unprotected", "done": 558, "total": 669, "failed": 0, "started_at": 1790981282.322034, "last_update": 1790984298.786693, "eta_minutes": 10.000823687780716}
{"stage": "image_recovery", "dataset": "CIFAR10", "method": "unprotected", "done": 559, "total": 669, "failed": 0, "started_at": 1790981282.322034, "last_update": 1790984300.7315788, "eta_minutes": 9.89937536867161}
{"stage": "image_recovery", "dataset": "CIFAR10", "method": "unprotected", "done": 560, "total": 669, "failed": 0, "started_at": 1790981282.322034, "last_update": 1790984304.201765, "eta_minutes": 9.803121743883404}
{"stage": "image_recovery", "dataset": "CIFAR10", "method": "unprotected", "done": 561, "total": 669, "failed": 0, "started_at": 1790981282.322034, "last_update": 1790984305.071597, "eta_minutes": 9.698661700162022}
{"stage": "image_recovery", "dataset": "CIFAR10", "method": "unprotected", "done": 562, "total": 669, "failed": 0, "started_at": 1790981282.322034, "last_update": 1790984311.8342369, "eta_minutes": 9.61322081016193}
{"stage": "image_recovery", "dataset": "CIFAR10", "method": "unprotected", "done": 563, "total": 669, "failed": 0, "started_at": 1790981282.322034, "last_update": 1790984311.854954, "eta_minutes": 9.50652721823144}
{"stage": "image_recovery", "dataset": "CIFAR10", "method": "unprotected", "done": 564, "total": 669, "failed": 0, "started_at": 1790981282.322034, "last_update": 1790984315.561274, "eta_minutes": 9.411646575581099}
{"stage": "image_recovery", "dataset": "CIFAR10", "method": "unprotected", "done": 565, "total": 669, "failed": 0, "started_at": 1790981282.322034, "last_update": 1790984317.952447, "eta_minutes": 9.312848464830786}
{"stage": "image_recovery", "dataset": "CIFAR10", "method": "unprotected", "done": 566, "total": 669, "failed": 0, "started_at": 1790981282.322034, "last_update": 1790984323.023934, "eta_minutes": 9.222387977048}
{"stage": "image_recovery", "dataset": "CIFAR10", "method": "unprotected", "done": 567, "total": 669, "failed": 0, "started_at": 1790981282.322034, "last_update": 1790984324.82126, "eta_minutes": 9.122131718445498}
{"stage": "image_recovery", "dataset": "CIFAR10", "method": "unprotected", "done": 568, "total": 669, "failed": 0, "started_at": 1790981282.322034, "last_update": 1790984326.894544, "eta_minutes": 9.02294083070447}
{"stage": "image_recovery", "dataset": "CIFAR10", "method": "unprotected", "done": 569, "total": 669, "failed": 0, "started_at": 1790981282.322034, "last_update": 1790984330.868253, "eta_minutes": 8.929543699796394}
{"stage": "image_recovery", "dataset": "CIFAR10", "method": "unprotected", "done": 570, "total": 669, "failed": 0, "started_at": 1790981282.322034, "last_update": 1790984334.287894, "eta_minutes": 8.83463801340053}
{"stage": "image_recovery", "dataset": "CIFAR10", "method": "unprotected", "done": 571, "total": 669, "failed": 0, "started_at": 1790981282.322034, "last_update": 1790984337.860988, "eta_minutes": 8.740304071626259}
{"stage": "image_recovery", "dataset": "CIFAR10", "method": "unprotected", "done": 572, "total": 669, "failed": 0, "started_at": 1790981282.322034, "last_update": 1790984338.2251, "eta_minutes": 8.637022069270238}
{"stage": "image_recovery", "dataset": "CIFAR10", "method": "unprotected", "done": 573, "total": 669, "failed": 0, "started_at": 1790981282.322034, "last_update": 1790984343.86176, "eta_minutes": 8.548802024614956}
{"stage": "image_recovery", "dataset": "CIFAR10", "method": "dna_v1_conservative", "done": 574, "total": 669, "failed": 0, "started_at": 1790981282.322034, "last_update": 1790984360.768726, "eta_minutes": 8.49165028344048}
{"stage": "image_recovery", "dataset": "CIFAR10", "method": "dna_v1_conservative", "done": 575, "total": 669, "failed": 0, "started_at": 1790981282.322034, "last_update": 1790984364.908504, "eta_minutes": 8.398931249342104}
{"stage": "image_recovery", "dataset": "CIFAR10", "method": "dna_v1_conservative", "done": 576, "total": 669, "failed": 0, "started_at": 1790981282.322034, "last_update": 1790984369.325042, "eta_minutes": 8.30703934478677}
{"stage": "image_recovery", "dataset": "CIFAR10", "method": "dna_v1_conservative", "done": 577, "total": 669, "failed": 0, "started_at": 1790981282.322034, "last_update": 1790984374.714167, "eta_minutes": 8.217795382669935}
{"stage": "image_recovery", "dataset": "CIFAR10", "method": "dna_v1_conservative", "done": 578, "total": 669, "failed": 0, "started_at": 1790981282.322034, "last_update": 1790984386.937751, "eta_minutes": 8.146482994887794}
{"stage": "image_recovery", "dataset": "CIFAR10", "method": "dna_v1_conservative", "done": 579, "total": 669, "failed": 0, "started_at": 1790981282.322034, "last_update": 1790984391.384914, "eta_minutes": 8.05456704426306}
{"stage": "image_recovery", "dataset": "CIFAR10", "method": "dna_v1_conservative", "done": 580, "total": 669, "failed": 0, "started_at": 1790981282.322034, "last_update": 1790984400.57277, "eta_minutes": 7.974836649970076}
{"stage": "image_recovery", "dataset": "CIFAR10", "method": "dna_v1_conservative", "done": 581, "total": 669, "failed": 0, "started_at": 1790981282.322034, "last_update": 1790984405.47222, "eta_minutes": 7.884028008417774}
{"stage": "image_recovery", "dataset": "CIFAR10", "method": "dna_v1_conservative", "done": 582, "total": 669, "failed": 0, "started_at": 1790981282.322034, "last_update": 1790984413.1823401, "eta_minutes": 7.800253340345887}
{"stage": "image_recovery", "dataset": "CIFAR10", "method": "dna_v1_conservative", "done": 583, "total": 669, "failed": 0, "started_at": 1790981282.322034, "last_update": 1790984418.0675552, "eta_minutes": 7.709380069536915}
{"stage": "image_recovery", "dataset": "CIFAR10", "method": "dna_v1_conservative", "done": 584, "total": 669, "failed": 0, "started_at": 1790981282.322034, "last_update": 1790984431.98257, "eta_minutes": 7.640443649636284}
{"stage": "image_recovery", "dataset": "CIFAR10", "method": "dna_v1_conservative", "done": 585, "total": 669, "failed": 0, "started_at": 1790981282.322034, "last_update": 1790984436.248075, "eta_minutes": 7.547857192438892}
{"stage": "image_recovery", "dataset": "CIFAR10", "method": "dna_v1_conservative", "done": 586, "total": 669, "failed": 0, "started_at": 1790981282.322034, "last_update": 1790984439.616847, "eta_minutes": 7.453227230170753}
{"stage": "image_recovery", "dataset": "CIFAR10", "method": "dna_v1_conservative", "done": 587, "total": 669, "failed": 0, "started_at": 1790981282.322034, "last_update": 1790984444.737101, "eta_minutes": 7.362806230319759}
{"stage": "image_recovery", "dataset": "CIFAR10", "method": "dna_v1_conservative", "done": 588, "total": 669, "failed": 0, "started_at": 1790981282.322034, "last_update": 1790984463.4049542, "eta_minutes": 7.303506702063036}
{"stage": "image_recovery", "dataset": "CIFAR10", "method": "dna_v1_conservative", "done": 589, "total": 669, "failed": 0, "started_at": 1790981282.322034, "last_update": 1790984465.844903, "eta_minutes": 7.206616565745364}
{"stage": "image_recovery", "dataset": "CIFAR10", "method": "dna_v1_conservative", "done": 590, "total": 669, "failed": 0, "started_at": 1790981282.322034, "last_update": 1790984466.972807, "eta_minutes": 7.106989013300105}
{"stage": "image_recovery", "dataset": "CIFAR10", "method": "dna_v1_conservative", "done": 591, "total": 669, "failed": 0, "started_at": 1790981282.322034, "last_update": 1790984471.259986, "eta_minutes": 7.014584327671936}
{"stage": "image_recovery", "dataset": "CIFAR10", "method": "dna_v1_conservative", "done": 592, "total": 669, "failed": 0, "started_at": 1790981282.322034, "last_update": 1790984492.220481, "eta_minutes": 6.95839471908303}
{"stage": "image_recovery", "dataset": "CIFAR10", "method": "dna_v1_conservative", "done": 593, "total": 669, "failed": 0, "started_at": 1790981282.322034, "last_update": 1790984494.66816, "eta_minutes": 6.861672444689334}
{"stage": "image_recovery", "dataset": "CIFAR10", "method": "dna_v1_conservative", "done": 594, "total": 669, "failed": 0, "started_at": 1790981282.322034, "last_update": 1790984497.887326, "eta_minutes": 6.766761975858348}
{"stage": "image_recovery", "dataset": "CIFAR10", "method": "dna_v1_conservative", "done": 595, "total": 669, "failed": 0, "started_at": 1790981282.322034, "last_update": 1790984498.0405571, "eta_minutes": 6.6656350317455475}
{"stage": "image_recovery", "dataset": "CIFAR10", "method": "dp_single_for_dna_v1_conservative", "done": 596, "total": 669, "failed": 0, "started_at": 1790981282.322034, "last_update": 1790984509.342533, "eta_minutes": 6.587597773325791}
{"stage": "image_recovery", "dataset": "CIFAR10", "method": "dp_single_for_dna_v1_conservative", "done": 597, "total": 669, "failed": 0, "started_at": 1790981282.322034, "last_update": 1790984510.801325, "eta_minutes": 6.48940560853661}
{"stage": "image_recovery", "dataset": "CIFAR10", "method": "dna_v1_conservative", "done": 598, "total": 669, "failed": 0, "started_at": 1790981282.322034, "last_update": 1790984518.5793111, "eta_minutes": 6.403965067365097}
{"stage": "image_recovery", "dataset": "CIFAR10", "method": "dp_single_for_dna_v1_conservative", "done": 599, "total": 669, "failed": 0, "started_at": 1790981282.322034, "last_update": 1790984520.570111, "eta_minutes": 6.307105323242756}
{"stage": "image_recovery", "dataset": "CIFAR10", "method": "dp_single_for_dna_v1_conservative", "done": 600, "total": 669, "failed": 0, "started_at": 1790981282.322034, "last_update": 1790984523.7416441, "eta_minutes": 6.21272091738383}
{"stage": "image_recovery", "dataset": "CIFAR10", "method": "dna_v1_conservative", "done": 601, "total": 669, "failed": 0, "started_at": 1790981282.322034, "last_update": 1790984526.106516, "eta_minutes": 6.116953541633492}
{"stage": "image_recovery", "dataset": "CIFAR10", "method": "dp_single_for_dna_v1_conservative", "done": 602, "total": 669, "failed": 0, "started_at": 1790981282.322034, "last_update": 1790984529.78389, "eta_minutes": 6.023807983402398}
{"stage": "image_recovery", "dataset": "CIFAR10", "method": "dp_single_for_dna_v1_conservative", "done": 603, "total": 669, "failed": 0, "started_at": 1790981282.322034, "last_update": 1790984531.9517581, "eta_minutes": 5.928014422372404}
{"stage": "image_recovery", "dataset": "CIFAR10", "method": "dp_single_for_dna_v1_conservative", "done": 604, "total": 669, "failed": 0, "started_at": 1790981282.322034, "last_update": 1790984536.753201, "eta_minutes": 5.837141994016849}
{"stage": "image_recovery", "dataset": "CIFAR10", "method": "dp_single_for_dna_v1_conservative", "done": 605, "total": 669, "failed": 0, "started_at": 1790981282.322034, "last_update": 1790984539.374018, "eta_minutes": 5.742460796681974}
{"stage": "image_recovery", "dataset": "CIFAR10", "method": "dp_single_for_dna_v1_conservative", "done": 606, "total": 669, "failed": 0, "started_at": 1790981282.322034, "last_update": 1790984540.962385, "eta_minutes": 5.646159024108755}
{"stage": "image_recovery", "dataset": "CIFAR10", "method": "dp_single_for_dna_v1_conservative", "done": 607, "total": 669, "failed": 0, "started_at": 1790981282.322034, "last_update": 1790984543.340967, "eta_minutes": 5.551432560394911}
{"stage": "image_recovery", "dataset": "CIFAR10", "method": "dp_single_for_dna_v1_conservative", "done": 608, "total": 669, "failed": 0, "started_at": 1790981282.322034, "last_update": 1790984549.650012, "eta_minutes": 5.463459610566497}
{"stage": "image_recovery", "dataset": "CIFAR10", "method": "dp_single_for_dna_v1_conservative", "done": 609, "total": 669, "failed": 0, "started_at": 1790981282.322034, "last_update": 1790984552.15218, "eta_minutes": 5.3691792202309045}
{"stage": "image_recovery", "dataset": "CIFAR10", "method": "dp_single_for_dna_v1_conservative", "done": 610, "total": 669, "failed": 0, "started_at": 1790981282.322034, "last_update": 1790984552.563541, "eta_minutes": 5.271700790058719}
{"stage": "image_recovery", "dataset": "CIFAR10", "method": "dp_single_for_dna_v1_conservative", "done": 611, "total": 669, "failed": 0, "started_at": 1790981282.322034, "last_update": 1790984554.7012842, "eta_minutes": 5.177250312263043}
{"stage": "image_recovery", "dataset": "CIFAR10", "method": "dp_single_for_dna_v1_conservative", "done": 612, "total": 669, "failed": 0, "started_at": 1790981282.322034, "last_update": 1790984562.613098, "eta_minutes": 5.09195508156337}
{"stage": "image_recovery", "dataset": "CIFAR10", "method": "dp_single_for_dna_v1_conservative", "done": 613, "total": 669, "failed": 0, "started_at": 1790981282.322034, "last_update": 1790984563.403421, "eta_minutes": 4.995664970663465}
{"stage": "image_recovery", "dataset": "CIFAR10", "method": "dp_single_for_dna_v1_conservative", "done": 614, "total": 669, "failed": 0, "started_at": 1790981282.322034, "last_update": 1790984565.794225, "eta_minutes": 4.902035028713145}
{"stage": "image_recovery", "dataset": "CIFAR10", "method": "dp_single_for_dna_v1_conservative", "done": 615, "total": 669, "failed": 0, "started_at": 1790981282.322034, "last_update": 1790984566.043882, "eta_minutes": 4.805446606845391}
{"stage": "image_recovery", "dataset": "CIFAR10", "method": "dp_single_for_dna_v1_conservative", "done": 616, "total": 669, "failed": 0, "started_at": 1790981282.322034, "last_update": 1790984574.674282, "eta_minutes": 4.721176113478549}
{"stage": "image_recovery", "dataset": "CIFAR10", "method": "dp_single_for_dna_v1_conservative", "done": 617, "total": 669, "failed": 0, "started_at": 1790981282.322034, "last_update": 1790984575.572653, "eta_minutes": 4.625851759789507}
{"stage": "image_recovery", "dataset": "CIFAR10", "method": "dp_single_for_dna_v1_conservative", "done": 618, "total": 669, "failed": 0, "started_at": 1790981282.322034, "last_update": 1790984577.407308, "eta_minutes": 4.532075215350463}
{"stage": "image_recovery", "dataset": "CIFAR10", "method": "dp_single_for_dna_v1_conservative", "done": 619, "total": 669, "failed": 0, "started_at": 1790981282.322034, "last_update": 1790984579.02966, "eta_minutes": 4.438217050231909}
{"stage": "image_recovery", "dataset": "CIFAR10", "method": "dp_single_for_dna_v1_conservative", "done": 620, "total": 669, "failed": 0, "started_at": 1790981282.322034, "last_update": 1790984585.8733451, "eta_minutes": 4.351451994437043}
{"stage": "image_recovery", "dataset": "CIFAR10", "method": "dp_single_for_dna_v1_conservative", "done": 621, "total": 669, "failed": 0, "started_at": 1790981282.322034, "last_update": 1790984588.466905, "eta_minutes": 4.259123827677802}
{"stage": "image_recovery", "dataset": "CIFAR10", "method": "dna_v2_0p95", "done": 622, "total": 669, "failed": 0, "started_at": 1790981282.322034, "last_update": 1790984605.2895, "eta_minutes": 4.184873281120614}
{"stage": "image_recovery", "dataset": "CIFAR10", "method": "dna_v2_0p95", "done": 623, "total": 669, "failed": 0, "started_at": 1790981282.322034, "last_update": 1790984613.299287, "eta_minutes": 4.099115934915374}
{"stage": "image_recovery", "dataset": "CIFAR10", "method": "dna_v2_0p95", "done": 624, "total": 669, "failed": 0, "started_at": 1790981282.322034, "last_update": 1790984614.343303, "eta_minutes": 4.004833256109403}
{"stage": "image_recovery", "dataset": "CIFAR10", "method": "dna_v2_0p95", "done": 625, "total": 669, "failed": 0, "started_at": 1790981282.322034, "last_update": 1790984623.3122802, "eta_minutes": 3.9200952209218345}
{"stage": "image_recovery", "dataset": "CIFAR10", "method": "dna_v2_0p95", "done": 626, "total": 669, "failed": 0, "started_at": 1790981282.322034, "last_update": 1790984632.879028, "eta_minutes": 3.8358346845204836}
{"stage": "image_recovery", "dataset": "CIFAR10", "method": "dna_v2_0p95", "done": 627, "total": 669, "failed": 0, "started_at": 1790981282.322034, "last_update": 1790984640.584449, "eta_minutes": 3.7492562848795354}
{"stage": "image_recovery", "dataset": "CIFAR10", "method": "dna_v2_0p95", "done": 628, "total": 669, "failed": 0, "started_at": 1790981282.322034, "last_update": 1790984649.365417, "eta_minutes": 3.6637149338636172}
{"stage": "image_recovery", "dataset": "CIFAR10", "method": "dna_v2_0p95", "done": 629, "total": 669, "failed": 0, "started_at": 1790981282.322034, "last_update": 1790984657.998195, "eta_minutes": 3.5778231701651264}
{"stage": "image_recovery", "dataset": "CIFAR10", "method": "dna_v2_0p95", "done": 630, "total": 669, "failed": 0, "started_at": 1790981282.322034, "last_update": 1790984660.515792, "eta_minutes": 3.4854380035589614}
{"stage": "image_recovery", "dataset": "CIFAR10", "method": "dna_v2_0p95", "done": 631, "total": 669, "failed": 0, "started_at": 1790981282.322034, "last_update": 1790984668.01574, "eta_minutes": 3.39821343976105}
{"stage": "image_recovery", "dataset": "CIFAR10", "method": "dna_v2_0p95", "done": 632, "total": 669, "failed": 0, "started_at": 1790981282.322034, "last_update": 1790984684.59659, "eta_minutes": 3.319729920303771}
{"stage": "image_recovery", "dataset": "CIFAR10", "method": "dna_v2_0p95", "done": 633, "total": 669, "failed": 0, "started_at": 1790981282.322034, "last_update": 1790984688.358485, "eta_minutes": 3.2284705688603115}
{"stage": "image_recovery", "dataset": "CIFAR10", "method": "dna_v2_0p95", "done": 634, "total": 669, "failed": 0, "started_at": 1790981282.322034, "last_update": 1790984692.868727, "eta_minutes": 3.1379898586922517}
{"stage": "image_recovery", "dataset": "CIFAR10", "method": "dna_v2_0p95", "done": 635, "total": 669, "failed": 0, "started_at": 1790981282.322034, "last_update": 1790984695.5443342, "eta_minutes": 3.0459201629893986}
{"stage": "image_recovery", "dataset": "CIFAR10", "method": "dna_v2_0p95", "done": 636, "total": 669, "failed": 0, "started_at": 1790981282.322034, "last_update": 1790984716.0346618, "eta_minutes": 2.969405573812671}
{"stage": "image_recovery", "dataset": "CIFAR10", "method": "dna_v2_0p95", "done": 637, "total": 669, "failed": 0, "started_at": 1790981282.322034, "last_update": 1790984719.8309498, "eta_minutes": 2.8780817709562982}
{"stage": "image_recovery", "dataset": "CIFAR10", "method": "dna_v2_0p95", "done": 638, "total": 669, "failed": 0, "started_at": 1790981282.322034, "last_update": 1790984723.050911, "eta_minutes": 2.7863791846680916}
{"stage": "image_recovery", "dataset": "CIFAR10", "method": "dna_v2_0p95", "done": 639, "total": 669, "failed": 0, "started_at": 1790981282.322034, "last_update": 1790984727.74685, "eta_minutes": 2.6959505596071343}
{"stage": "image_recovery", "dataset": "CIFAR10", "method": "dna_v2_0p95", "done": 640, "total": 669, "failed": 0, "started_at": 1790981282.322034, "last_update": 1790984743.654422, "eta_minutes": 2.6140270632567506}
{"stage": "image_recovery", "dataset": "CIFAR10", "method": "dna_v2_0p95", "done": 641, "total": 669, "failed": 0, "started_at": 1790981282.322034, "last_update": 1790984750.537059, "eta_minutes": 2.52496153610297}
{"stage": "image_recovery", "dataset": "CIFAR10", "method": "dna_v2_0p95", "done": 642, "total": 669, "failed": 0, "started_at": 1790981282.322034, "last_update": 1790984755.009092, "eta_minutes": 2.4341264426708222}
{"stage": "image_recovery", "dataset": "CIFAR10", "method": "dna_v2_0p95", "done": 643, "total": 669, "failed": 0, "started_at": 1790981282.322034, "last_update": 1790984762.665576, "eta_minutes": 2.3454881303726918}
{"stage": "image_recovery", "dataset": "CIFAR10", "method": "dp_single_for_dna_v2_0p95", "done": 644, "total": 669, "failed": 0, "started_at": 1790981282.322034, "last_update": 1790984768.109351, "eta_minutes": 2.255297177172349}
{"stage": "image_recovery", "dataset": "CIFAR10", "method": "dna_v2_0p95", "done": 645, "total": 669, "failed": 0, "started_at": 1790981282.322034, "last_update": 1790984771.646531, "eta_minutes": 2.163922168820404}
{"stage": "image_recovery", "dataset": "CIFAR10", "method": "dp_single_for_dna_v2_0p95", "done": 646, "total": 669, "failed": 0, "started_at": 1790981282.322034, "last_update": 1790984775.5677261, "eta_minutes": 2.072875410072329}
{"stage": "image_recovery", "dataset": "CIFAR10", "method": "dna_v2_0p95", "done": 647, "total": 669, "failed": 0, "started_at": 1790981282.322034, "last_update": 1790984778.336145, "eta_minutes": 1.9812547769944489}
{"stage": "image_recovery", "dataset": "CIFAR10", "method": "dp_single_for_dna_v2_0p95", "done": 648, "total": 669, "failed": 0, "started_at": 1790981282.322034, "last_update": 1790984781.2956212, "eta_minutes": 1.8898777086609675}
{"stage": "image_recovery", "dataset": "CIFAR10", "method": "dp_single_for_dna_v2_0p95", "done": 649, "total": 669, "failed": 0, "started_at": 1790981282.322034, "last_update": 1790984783.015552, "eta_minutes": 1.7979935891945424}
{"stage": "image_recovery", "dataset": "CIFAR10", "method": "dp_single_for_dna_v2_0p95", "done": 650, "total": 669, "failed": 0, "started_at": 1790981282.322034, "last_update": 1790984788.501701, "eta_minutes": 1.70813881224241}
{"stage": "image_recovery", "dataset": "CIFAR10", "method": "dp_single_for_dna_v2_0p95", "done": 651, "total": 669, "failed": 0, "started_at": 1790981282.322034, "last_update": 1790984789.537944, "eta_minutes": 1.616228529055547}
{"stage": "image_recovery", "dataset": "CIFAR10", "method": "dp_single_for_dna_v2_0p95", "done": 652, "total": 669, "failed": 0, "started_at": 1790981282.322034, "last_update": 1790984794.420219, "eta_minutes": 1.5262185361426788}
{"stage": "image_recovery", "dataset": "CIFAR10", "method": "dp_single_for_dna_v2_0p95", "done": 653, "total": 669, "failed": 0, "started_at": 1790981282.322034, "last_update": 1790984794.435236, "eta_minutes": 1.4342473511552252}
{"stage": "image_recovery", "dataset": "CIFAR10", "method": "dp_single_for_dna_v2_0p95", "done": 654, "total": 669, "failed": 0, "started_at": 1790981282.322034, "last_update": 1790984800.795936, "eta_minutes": 1.344982378070872}
{"stage": "image_recovery", "dataset": "CIFAR10", "method": "dp_single_for_dna_v2_0p95", "done": 655, "total": 669, "failed": 0, "started_at": 1790981282.322034, "last_update": 1790984801.4878342, "eta_minutes": 1.2536468495667437}
{"stage": "image_recovery", "dataset": "CIFAR10", "method": "dp_single_for_dna_v2_0p95", "done": 656, "total": 669, "failed": 0, "started_at": 1790981282.322034, "last_update": 1790984805.702742, "eta_minutes": 1.163718221718218}
{"stage": "image_recovery", "dataset": "CIFAR10", "method": "dp_single_for_dna_v2_0p95", "done": 657, "total": 669, "failed": 0, "started_at": 1790981282.322034, "last_update": 1790984807.563945, "eta_minutes": 1.0731330018791072}
{"stage": "image_recovery", "dataset": "CIFAR10", "method": "dp_single_for_dna_v2_0p95", "done": 658, "total": 669, "failed": 0, "started_at": 1790981282.322034, "last_update": 1790984811.930233, "eta_minutes": 0.9834268031994744}
{"stage": "image_recovery", "dataset": "CIFAR10", "method": "dp_single_for_dna_v2_0p95", "done": 659, "total": 669, "failed": 0, "started_at": 1790981282.322034, "last_update": 1790984814.463788, "eta_minutes": 0.8933084861280705}
{"stage": "image_recovery", "dataset": "CIFAR10", "method": "dp_single_for_dna_v2_0p95", "done": 660, "total": 669, "failed": 0, "started_at": 1790981282.322034, "last_update": 1790984816.9341052, "eta_minutes": 0.8033209252899344}
{"stage": "image_recovery", "dataset": "CIFAR10", "method": "dp_single_for_dna_v2_0p95", "done": 661, "total": 669, "failed": 0, "started_at": 1790981282.322034, "last_update": 1790984820.6474738, "eta_minutes": 0.7137318081646572}
{"stage": "image_recovery", "dataset": "CIFAR10", "method": "dp_single_for_dna_v2_0p95", "done": 662, "total": 669, "failed": 0, "started_at": 1790981282.322034, "last_update": 1790984823.129172, "eta_minutes": 0.6240093143865061}
{"stage": "image_recovery", "dataset": "CIFAR10", "method": "dp_single_for_dna_v2_0p95", "done": 663, "total": 669, "failed": 0, "started_at": 1790981282.322034, "last_update": 1790984827.434152, "eta_minutes": 0.5347077101064482}
{"stage": "image_recovery", "dataset": "CIFAR10", "method": "dp_single_for_dna_v2_0p95", "done": 664, "total": 669, "failed": 0, "started_at": 1790981282.322034, "last_update": 1790984828.2431, "eta_minutes": 0.44502021399248076}
{"stage": "image_recovery", "dataset": "CIFAR10", "method": "dp_single_for_dna_v2_0p95", "done": 665, "total": 669, "failed": 0, "started_at": 1790981282.322034, "last_update": 1790984833.781274, "eta_minutes": 0.3560360139593445}
{"stage": "image_recovery", "dataset": "CIFAR10", "method": "dp_single_for_dna_v2_0p95", "done": 666, "total": 669, "failed": 0, "started_at": 1790981282.322034, "last_update": 1790984834.31585, "eta_minutes": 0.2666662024127112}
{"stage": "image_recovery", "dataset": "CIFAR10", "method": "dp_single_for_dna_v2_0p95", "done": 667, "total": 669, "failed": 0, "started_at": 1790981282.322034, "last_update": 1790984839.601938, "eta_minutes": 0.17777510759295492}
{"stage": "image_recovery", "dataset": "CIFAR10", "method": "dp_single_for_dna_v2_0p95", "done": 668, "total": 669, "failed": 0, "started_at": 1790981282.322034, "last_update": 1790984840.3208032, "eta_minutes": 0.0887724243535729}
{"stage": "image_recovery", "dataset": "CIFAR10", "method": "dp_single_for_dna_v2_0p95", "done": 669, "total": 669, "failed": 0, "started_at": 1790981282.322034, "last_update": 1790984846.4572449, "eta_minutes": 0.0}
