path,sha256
artifacts/priority31_image_utility_dp/utility/baseline/seed_51016.json,5bc43ed63c084b256f85cb1c58ad7a2baaf5249b9f776a5da74b31087d2f954e
artifacts/priority31_image_utility_dp/utility/baseline/seed_51017.json,0633d8419f4ce9538239398d54c4fc859c662b4c4ddd38247ec12ab2cb044b96
artifacts/priority31_image_utility_dp/utility/baseline/seed_51018.json,f91e09a21dde4ec69d2e7ef98c64cd1f5f1afcb599c8a2be174c6ef4b6f30db6
artifacts/priority31_image_utility_dp/utility/baseline/seed_51019.json,a73baeea008ed9388ccdd5aeb4c7f456d4e49a7fa4142ff4005faf63d6804b41
artifacts/priority31_image_utility_dp/utility/baseline/seed_51020.json,dc8f0b802e6094ef643a671cbb64ce55aa7e3b5cd6e7075d78e37b7ef886d04b
artifacts/priority31_image_utility_dp/utility/baseline/seed_51021.json,18783aa9f79bc1506cc03a2a1f1f5f129048e30a040278eee0473ad788f08da9
artifacts/priority31_image_utility_dp/utility/baseline/seed_51022.json,ab82b671e032dcc6af5b1ab89481899f82118c0fd221687b166770841bc2f69b
artifacts/priority31_image_utility_dp/utility/baseline/seed_51023.json,7978fa0803bbf1b50f6a10b59b6dccf72b9c205220db9018b5a569fb5da3fe83
artifacts/priority31_image_utility_dp/utility/baseline/seed_51024.json,4a9f56ba9adab47841a1b5a47ed94f079aec9250295533ff4844acaccd8ad432
artifacts/priority31_image_utility_dp/utility/baseline/seed_51025.json,5f9d3199d61c1502ecac21231e93acfbff6091aaf6039d592aa2950c8efb8cf0
artifacts/priority31_image_utility_dp/utility/baseline/seed_51026.json,1cb4ea53a1fc9a518c5ee1a8442f1c303899ff09487452a6503f2b9ddc6c0d79
artifacts/priority31_image_utility_dp/utility/baseline/seed_51027.json,51115b8d15bf1a5fd54fa0f2e766bebc7d5b1c07ac9ca6ee0cc2ecbddc43362f
artifacts/priority31_image_utility_dp/utility/baseline/seed_51028.json,93140bfd92f494bc5eb6bfccc3d180d56b89414644e55ede1c3400ab638b4820
artifacts/priority31_image_utility_dp/utility/baseline/seed_51029.json,d88992a054d0118e4a24fa2a0285392a3ad712330b674ab3d1102ef619724009
artifacts/priority31_image_utility_dp/utility/baseline/seed_51030.json,c7faa5d718e6de4c526c00e8c7ebf1f12fc1e130f57cd33491d00543903fe53f
artifacts/priority31_image_utility_dp/utility/baseline/seed_51031.json,86d2dfc2479fa608c4cc157ec8b675df9dd339cd40c8a5b132bca9f0792d5ec1
artifacts/priority31_image_utility_dp/utility/dna_v1_conservative/seed_51016.json,c9b9d2f3679be13ac963e9a37f9f45d0a745b99defce6c8748f0d372f6eb7dab
artifacts/priority31_image_utility_dp/utility/dna_v1_conservative/seed_51017.json,4c7ee7bccb8dcc44ea7fffe2e8cc616c29ae576a1b458507d27817aeffe949a8
artifacts/priority31_image_utility_dp/utility/dna_v1_conservative/seed_51018.json,ebfafbfa2515141f681ba88e0cdaed112862312cfb3c877be436d40455f92eab
artifacts/priority31_image_utility_dp/utility/dna_v1_conservative/seed_51019.json,4be3c8d9d474bf546d93a7574c1066c882d33da2a117c75641b8603af2ec42a6
artifacts/priority31_image_utility_dp/utility/dna_v1_conservative/seed_51020.json,95dac2b47cfc83454b80bf21808f7e9c86a5371f2d0188284fda776039e63f3a
artifacts/priority31_image_utility_dp/utility/dna_v1_conservative/seed_51021.json,3866306b28d1d5875655aa4061e796a49e660b25449eb8edcd461aac677e27de
artifacts/priority31_image_utility_dp/utility/dna_v1_conservative/seed_51022.json,90b7649b8c6fe220c878f7d839d8b14ac7e1f503442b9712c03af076f2a911d3
artifacts/priority31_image_utility_dp/utility/dna_v1_conservative/seed_51023.json,14f03249775c35dcd5aded8d1db7333433e905f9d9653d748a711868bbdf0a7e
artifacts/priority31_image_utility_dp/utility/dna_v1_conservative/seed_51024.json,7d4678202529a0af999062b1730e675246ff059b13c0a8def7f1dc6b61f407ca
artifacts/priority31_image_utility_dp/utility/dna_v1_conservative/seed_51025.json,c74155c2ab2584df9c373dec304f16cf53b8fb9dcc8f7a7eb34450574cdfbcfb
artifacts/priority31_image_utility_dp/utility/dna_v1_conservative/seed_51026.json,0957dcd58733a95b6311f67c76c18b004967481504468440ebfbfbf67c95ff3c
artifacts/priority31_image_utility_dp/utility/dna_v1_conservative/seed_51027.json,0d3c486a447f2f8abbe054b8220204f6e8dac1e9344980d7f92f37790a132b40
artifacts/priority31_image_utility_dp/utility/dna_v1_conservative/seed_51028.json,7508557e5a649452bd4909b77e2cadfc53e2e5c48b6bc3a27b5ff956c6e2d8da
artifacts/priority31_image_utility_dp/utility/dna_v1_conservative/seed_51029.json,125f6c0ee9d538fd1560337c74a9744f93744ca6056462080206deec3681f0e5
artifacts/priority31_image_utility_dp/utility/dna_v1_conservative/seed_51030.json,89d8412c29849aa43de6b7124cbfe7c5facf61966c1a9badaac0d1f8ddf27d11
artifacts/priority31_image_utility_dp/utility/dna_v1_conservative/seed_51031.json,85f3f721879eb5f3f25eb179fa706185b333625a430a87254d085b163c2793e3
artifacts/priority31_image_utility_dp/utility/dna_v2_0p95/seed_51016.json,32e5b4e74e482dedd5c0e01949a0bc9d6a7b1eaef6e462b4d788b895a8c4ba53
artifacts/priority31_image_utility_dp/utility/dna_v2_0p95/seed_51017.json,cb2f7b90c3abcd10cb86ea031dc440fbb06839c672ae09f8ef770e5d6c37524d
artifacts/priority31_image_utility_dp/utility/dna_v2_0p95/seed_51018.json,f7a8348dcac6ac0855b339a08f64a8cfa4757d8ab530a46c52938d5ff0c2b5e4
artifacts/priority31_image_utility_dp/utility/dna_v2_0p95/seed_51019.json,3fc4820f463d160a10d93dd1395e7729eb06a801dc29a35f9eb73e4977e99b41
artifacts/priority31_image_utility_dp/utility/dna_v2_0p95/seed_51020.json,fc0450bbbbcf4110d29517f43c1a8ee06816e0051f34315ff5693320ca67a539
artifacts/priority31_image_utility_dp/utility/dna_v2_0p95/seed_51021.json,d8391953c11790182c2a33a3743a03b5189e71d6b88c54de605768d614f9b172
artifacts/priority31_image_utility_dp/utility/dna_v2_0p95/seed_51022.json,de0f743c34c9373b5ce101cb6651ff06314c5c6b54b136d30abbe2606c6af669
artifacts/priority31_image_utility_dp/utility/dna_v2_0p95/seed_51023.json,44deb99ba82e1a351bcf4a65e341d17509f9136ed5625bc864cd2acbfb6600c9
artifacts/priority31_image_utility_dp/utility/dna_v2_0p95/seed_51024.json,b5c540ff1e608be588d91dcc892c3cf6ebbc20d8e7e4021f52b80fa6ecbe06ca
artifacts/priority31_image_utility_dp/utility/dna_v2_0p95/seed_51025.json,8813fe8e159aa2e50608e4331af398c5e04f1cce0c4744ed6a386a12578d1d41
artifacts/priority31_image_utility_dp/utility/dna_v2_0p95/seed_51026.json,736253bd4efcb897d17b104eba169f9e3383124a838cea24d33b156c2b296f64
artifacts/priority31_image_utility_dp/utility/dna_v2_0p95/seed_51027.json,25bde61034e8e0ad5f198dfdd00f678b32aeb385561355b833107a71b8a756e1
artifacts/priority31_image_utility_dp/utility/dna_v2_0p95/seed_51028.json,4a4c3216532c3d20b6fed6b7f1cb559339d3c180b12c7e4addae16ff256d2fbc
artifacts/priority31_image_utility_dp/utility/dna_v2_0p95/seed_51029.json,cc5e9cea563e8a2e3c054f65ce2969cda175bfcab6b19e6f932233cdebcd8022
artifacts/priority31_image_utility_dp/utility/dna_v2_0p95/seed_51030.json,5aae3a3d1edcdfa20279c75b29aba2bdf2e540190d5af97242029822c32a4f1b
artifacts/priority31_image_utility_dp/utility/dna_v2_0p95/seed_51031.json,6dc9046465ff5a3a51c35c1b49518731e4a07de73f86fbcafa47323aaa3078b4
artifacts/priority31_image_utility_dp/utility/dp_0.0001/seed_51016.json,2b23982e94fdbe5cd81c939c52d282e29abf661d54024ce1a34d1983955c5b53
artifacts/priority31_image_utility_dp/utility/dp_0.0001/seed_51017.json,ab15fcf9b0df8374180afc323035d090e87c3a83d96bbb84094672626d821cde
artifacts/priority31_image_utility_dp/utility/dp_0.0001/seed_51018.json,e4c65a5d300b76e294fb6ef42af7afb6afcc9e696f10477dd874ee3adfece6b9
artifacts/priority31_image_utility_dp/utility/dp_0.0001/seed_51019.json,55948b3b4af239d62610d2a3ddf4e6ddd632bbd9829417b250518677bb3c6117
artifacts/priority31_image_utility_dp/utility/dp_0.0001/seed_51020.json,ab4dbcb9c396dc0833ea5789a4722f52bd4c69d1f622d3daa5b70d299becc560
artifacts/priority31_image_utility_dp/utility/dp_0.0001/seed_51021.json,480cf7ccae8b065d42252857d0b923980282b22d946f8d02dd3f2f8677b3bd56
artifacts/priority31_image_utility_dp/utility/dp_0.0001/seed_51022.json,791fba0caf10fb2c0656f43d1381b62e2ef762273dbfee77e69b3681faa95379
artifacts/priority31_image_utility_dp/utility/dp_0.0001/seed_51023.json,b59ed3d62f2934251ce56db71af7f40cee420333c7e0fea67f959c7f2ba4ee7b
artifacts/priority31_image_utility_dp/utility/dp_0.0001/seed_51024.json,805fe45e83b4a7858f526ea97f9b99510ea85b54291ce0f734d82eb4a93d7981
artifacts/priority31_image_utility_dp/utility/dp_0.0001/seed_51025.json,3cc9e16aead88a6d02fa97906b5725022390a367a9f2b552b59db7527ec6b50f
artifacts/priority31_image_utility_dp/utility/dp_0.0001/seed_51026.json,8dd2f1f0d4a766e1d415d157a11e79cdc14d2980e96aea09f5159160c61fdf84
artifacts/priority31_image_utility_dp/utility/dp_0.0001/seed_51027.json,4265b6134b76ebaea49534f2bb3149b5752d1f364c8fcc3678e5d289a23689b9
artifacts/priority31_image_utility_dp/utility/dp_0.0001/seed_51028.json,5c66095872dbc54ea30c0130eadeef9f3a9812e8da366c3fbc995bd948c936fa
artifacts/priority31_image_utility_dp/utility/dp_0.0001/seed_51029.json,e4897c61fd2a598fc5916653ebffc9e1b04b2d3049e737f32bd821d99c7493f3
artifacts/priority31_image_utility_dp/utility/dp_0.0001/seed_51030.json,5fc9a1c7507993b6a280c8db8a78093184c268ff9edfcc21c3bb09af2a17503e
artifacts/priority31_image_utility_dp/utility/dp_0.0001/seed_51031.json,3f81a6d8f5e16021a2bc98cc5fe7b7a77b61c7f5d92f7c497cc500922497cfe9
artifacts/priority31_image_utility_dp/utility/dp_0.0003/seed_51016.json,0d54af12edd7495d6acb86b7f2134eba6b4926b452e8606ebd34a6f6168ca532
artifacts/priority31_image_utility_dp/utility/dp_0.0003/seed_51017.json,83c1e7306eddcf687756fa654c765ea2c586507f67696f84bbf3192edc0532c6
artifacts/priority31_image_utility_dp/utility/dp_0.0003/seed_51018.json,0db5e4f2a78189c105ef34f1e7ac12cc9412259cc25cac5222348a7469ee93fd
artifacts/priority31_image_utility_dp/utility/dp_0.0003/seed_51019.json,f23fddf77f02c53c52f295172c6e7ed337a9394fae6354691d5126d7909447ea
artifacts/priority31_image_utility_dp/utility/dp_0.0003/seed_51020.json,182fe81d95979d4df4f9773a77e14ba319cf081099807c12011ed551007ae36e
artifacts/priority31_image_utility_dp/utility/dp_0.0003/seed_51021.json,8c2226a7ea49b4d5ca90ee921bf214bbf5e5432b7416668f95b9a8faef6776ba
artifacts/priority31_image_utility_dp/utility/dp_0.0003/seed_51022.json,034bbf3a296ac038784efaab5c50294b1543c7190548caadb70d21b0a8c341df
artifacts/priority31_image_utility_dp/utility/dp_0.0003/seed_51023.json,d91d4a18ce4fd7d4706cca90925df470395c2511b551da1b2f6364d7300b0ace
artifacts/priority31_image_utility_dp/utility/dp_0.0003/seed_51024.json,976252add17a50a95bcede081789824da7b8246b35f92dd3255a352e79355dd6
artifacts/priority31_image_utility_dp/utility/dp_0.0003/seed_51025.json,171eebec28390af176e7b83b0c61c5a8d73db1a9a52eb2aaa4846859bfb72bea
artifacts/priority31_image_utility_dp/utility/dp_0.0003/seed_51026.json,69dcb89e114a4e743c1427f09b518ff7dea7070019c0a4c80f0dc88825a35ff1
artifacts/priority31_image_utility_dp/utility/dp_0.0003/seed_51027.json,ebe8c8ddae508b1eeeb6f9f5dadd2fcf13d061016a4fc8a0013d8187316d36c4
artifacts/priority31_image_utility_dp/utility/dp_0.0003/seed_51028.json,55748d19c8b2a8b2df2f449edc2ba3396b895737f3d2a4a80ca3b854d00e2808
artifacts/priority31_image_utility_dp/utility/dp_0.0003/seed_51029.json,bdfc742a154de4c5d820c60523b84d62c21d7875fe85a7f15c038af60d0f8089
artifacts/priority31_image_utility_dp/utility/dp_0.0003/seed_51030.json,5a8507530172bf32ddbd4d2130183e2303b8d506078e38d4e3e0f9f8ad93ad7c
artifacts/priority31_image_utility_dp/utility/dp_0.0003/seed_51031.json,27b8cac1b9da2223e01d9cee679eff2246a548f85d377c3fa26acf430a7b63b8
artifacts/priority31_image_utility_dp/utility/dp_0.001/seed_51016.json,cb561d94128e51b6a72475846fb56c3047b0aac2a14071eaf52f28f9b5234595
artifacts/priority31_image_utility_dp/utility/dp_0.001/seed_51017.json,90c8ab7bf8a627de9f3b7b7bdb88e7059a917353df11b997816cc69566d83411
artifacts/priority31_image_utility_dp/utility/dp_0.001/seed_51018.json,a8c9fec3108415ded515e8a4a940c8ec592860ab490c9bd9faef3ba0128176ba
artifacts/priority31_image_utility_dp/utility/dp_0.001/seed_51019.json,3c70b96f4e9657862c9bbaf22d4531030d35ff05396e242bec558f666df1b1ff
artifacts/priority31_image_utility_dp/utility/dp_0.001/seed_51020.json,557007d8bb9d2ffcf7e162d14164499907773136ae60ff60f859b806d082e192
artifacts/priority31_image_utility_dp/utility/dp_0.001/seed_51021.json,32792fc2f8bf192344d5cfd1265c9e1ec48cc6c2af6f11199abe169b21fe9b67
artifacts/priority31_image_utility_dp/utility/dp_0.001/seed_51022.json,ef340944d40d7fc17bd5ff17ca78da0213326e9fd1bea49184a6b9f88268890b
artifacts/priority31_image_utility_dp/utility/dp_0.001/seed_51023.json,28bc05fc37c3fad41b77668199dfca283c57d283cf9557964ca8780c709656dc
artifacts/priority31_image_utility_dp/utility/dp_0.001/seed_51024.json,996042ca9e1a57263fd3ddc37c81fccc4073ef4ee3e0c1798ef464561f6cade0
artifacts/priority31_image_utility_dp/utility/dp_0.001/seed_51025.json,d0c3a81a6d1284b33d75043427fb2bdff82d29d63b9b04647bcd8c37c5096535
artifacts/priority31_image_utility_dp/utility/dp_0.001/seed_51026.json,bad5071b85df544d20f1e192bcdabc75c076481c469c7ac295cfc3dcd1c7e0ab
artifacts/priority31_image_utility_dp/utility/dp_0.001/seed_51027.json,d1ba39cbe8dd76332d11b878234c9c5625e9b3251814b08e33a36d5e27ebfee5
artifacts/priority31_image_utility_dp/utility/dp_0.001/seed_51028.json,026f60f25c3bfb60d4bdb9f527966ff2b44fe960cb0a53d5aa8b0d0b263ba257
artifacts/priority31_image_utility_dp/utility/dp_0.001/seed_51029.json,d675895894ecbe72a373bb57761584a52ebcc549d3cbdca69f084d0dc50be61c
artifacts/priority31_image_utility_dp/utility/dp_0.001/seed_51030.json,366898989371954714b53775544779d0dd72e10e342323b5711e3357cf77daa5
artifacts/priority31_image_utility_dp/utility/dp_0.001/seed_51031.json,35d357b6c2578c6472cd61edc97830f5ed8d7fb3c929be84f66c704fb90856ee
artifacts/priority31_image_utility_dp/utility/dp_0.003/seed_51016.json,61e2f030d4e88e4f779c3c0c2fcd6e98f89f5c083037ba13d9f11f791528fcb9
artifacts/priority31_image_utility_dp/utility/dp_0.003/seed_51017.json,93a02aeca04fe705dcff45690a3bd76773a562918e72399c0832fec4e76198eb
artifacts/priority31_image_utility_dp/utility/dp_0.003/seed_51018.json,0b10b91231da4e9b5fa9041be2d7e41f29119d6101cc1bfc03d4289dca3aca59
artifacts/priority31_image_utility_dp/utility/dp_0.003/seed_51019.json,ed672f80f3a44d1bd2eff042e6b998296f0e5f018104fab187aa36ae81182276
artifacts/priority31_image_utility_dp/utility/dp_0.003/seed_51020.json,954d2e40242500f648a872b13eaac56f313f08ba13e42dbc2447c42c3f03b4e1
artifacts/priority31_image_utility_dp/utility/dp_0.003/seed_51021.json,8b7b883d686a25e609832a31f086ebacdb5b04753009a298d89bb20bdf0e534b
artifacts/priority31_image_utility_dp/utility/dp_0.003/seed_51022.json,60477877581d9304f6cdf12bc70c863f33803f98d60b99c75211a3d0671b303e
artifacts/priority31_image_utility_dp/utility/dp_0.003/seed_51023.json,11428c915788e382e934880463b6744fdbb8ad87590ebb88ba05d68823ea9fe3
artifacts/priority31_image_utility_dp/utility/dp_0.003/seed_51024.json,7793a5c22f84d26dabefea40c3ae00718d819ec46e369a4ce494f9875a2f6b89
artifacts/priority31_image_utility_dp/utility/dp_0.003/seed_51025.json,cb38516c52a10845aada8441f4991a6b1262471d7398de20203b801040b2e6ee
artifacts/priority31_image_utility_dp/utility/dp_0.003/seed_51026.json,4836f57783081825bfc05cab80ddb671f2159ee93bd35d2a71d430e84008a08c
artifacts/priority31_image_utility_dp/utility/dp_0.003/seed_51027.json,8fad8ad180619a9b7cd43193930177e95adb78fba9798a72faf2c2f644b438dc
artifacts/priority31_image_utility_dp/utility/dp_0.003/seed_51028.json,3cea0c2a0a9d198d607f4c00990e8110eb8427a876ce033cc7cf2bd2731768c1
artifacts/priority31_image_utility_dp/utility/dp_0.003/seed_51029.json,7eb09c3c9ffacbf75c9358986aa13479796e4ba540ea3f4c3c95bfa360a06945
artifacts/priority31_image_utility_dp/utility/dp_0.003/seed_51030.json,a39aa85e4daedeb3b57e0c159f4c890a6bd7b0d0be2055e4c5734b06777fcda1
artifacts/priority31_image_utility_dp/utility/dp_0.003/seed_51031.json,24d188f3dbaddc7bda0aac4c37ebf45ea8ea04e2a222958c4d4b7d828876db30
artifacts/priority31_image_utility_dp/utility/dp_0.01/seed_51016.json,63f2261a2f677ad3780eec7a548c34c95ff9956529aa1a108de70a1a41054541
artifacts/priority31_image_utility_dp/utility/dp_0.01/seed_51017.json,86baba6d110d32c8f9682ab4045d5addde0b8824e0173aa41c08cca97b55adca
artifacts/priority31_image_utility_dp/utility/dp_0.01/seed_51018.json,1fd2c2d8b88db469c1192d5ceeb2f5f7e95788ac978b7d776a6c344a4b14bdc5
artifacts/priority31_image_utility_dp/utility/dp_0.01/seed_51019.json,92284b201a4ce42c9988f514d6daffba855eed5103b5a7637ef7fea2df376af6
artifacts/priority31_image_utility_dp/utility/dp_0.01/seed_51020.json,c9eb6ede992edb4e6be5fcf19bb52f790ee5c6e2377504c75d88d9d708f5d4a4
artifacts/priority31_image_utility_dp/utility/dp_0.01/seed_51021.json,b969c5cbd90770da9ecb23c7e3efb4f6dbb627a68116a7f3ca61d13d0b13c01b
artifacts/priority31_image_utility_dp/utility/dp_0.01/seed_51022.json,367df956fba0f5981c53fb3bdfadbc23aef6ebb08359e781fe69a9e558881c21
artifacts/priority31_image_utility_dp/utility/dp_0.01/seed_51023.json,64b2c2902230ff43644e461395db9910ea01391ba4d3fe489b282020566dcad0
artifacts/priority31_image_utility_dp/utility/dp_0.01/seed_51024.json,258e9b972548a28d5459aa546102e2554478c407f2c1af0adb6ecdffd3f0fbc6
artifacts/priority31_image_utility_dp/utility/dp_0.01/seed_51025.json,18ff5f0b1088285663922711d10d42baaf22e40b724f7d5f790d5c3a77968485
artifacts/priority31_image_utility_dp/utility/dp_0.01/seed_51026.json,424a7c14d102275c8cfdbffc2e24b34fb8552526b9c861c16729d8d47544c98e
artifacts/priority31_image_utility_dp/utility/dp_0.01/seed_51027.json,717b043454d11229dcdc4d8cf9c5d10d8a6464eed9681968157baeef3095cc16
artifacts/priority31_image_utility_dp/utility/dp_0.01/seed_51028.json,9b09cf481203a292ee6112bd0adff775e11fa5d2bdb677b5525f1b50fa5a22aa
artifacts/priority31_image_utility_dp/utility/dp_0.01/seed_51029.json,e9ba7cca3ebd3d1dcbd2ecbfcb1c3f4f3f5e8b2ff9a4d3f516dfcb42a6e405dd
artifacts/priority31_image_utility_dp/utility/dp_0.01/seed_51030.json,327c4ea0c853f4d318a61f25a8c23b5f70867078dbdbf2083f75f9b667b56560
artifacts/priority31_image_utility_dp/utility/dp_0.01/seed_51031.json,aca8ee62f9bb150006f22bf1005fe7078d0b03dad39cef3da69bc5c73f34dad8
artifacts/priority31_image_utility_dp/utility/dp_0.03/seed_51016.json,faec7f1b50ac7d4a61dc38d0052b930b1bf27ef6ae3e45da34b4f5c1c6fcee85
artifacts/priority31_image_utility_dp/utility/dp_0.03/seed_51017.json,6742dc51e1968af46666a41c2a86d9862c2ca904e06b0ac2dd1d30df62000358
artifacts/priority31_image_utility_dp/utility/dp_0.03/seed_51018.json,ab1ddf6e12af71846311f5e3744450f0303fe27f94d759da0572b3c1c3feb6a7
artifacts/priority31_image_utility_dp/utility/dp_0.03/seed_51019.json,5cf9038556ea2ffe89338fad78912db47906b85060e6f71141e692d07745aedc
artifacts/priority31_image_utility_dp/utility/dp_0.03/seed_51020.json,ce52c866fc82ab3e5e9c69ad0b620e985883db4f59f3c52fc455928ae39d3acb
artifacts/priority31_image_utility_dp/utility/dp_0.03/seed_51021.json,b57e0ada4e7c88b1e059ed41eb0e362e19f7b1d1f706189622f531aa8a266fa6
artifacts/priority31_image_utility_dp/utility/dp_0.03/seed_51022.json,53ac535694e10b0257bf5e3ca7c487a42ac922e3e9aacf5f23b456bf0964f18d
artifacts/priority31_image_utility_dp/utility/dp_0.03/seed_51023.json,6d2fd1dacbd5e65ee35c63544a848d472d5b5ca78beb2549db82ab6ab217c9b4
artifacts/priority31_image_utility_dp/utility/dp_0.03/seed_51024.json,0a7094613d0fdc0ba115d2c3c52eac7e64342e87982b95f8526e4b99d4000c16
artifacts/priority31_image_utility_dp/utility/dp_0.03/seed_51025.json,6217138a9f6dbc8e22abdb2f5f6c306a72c188c246dd54a4070f4425471b8b75
artifacts/priority31_image_utility_dp/utility/dp_0.03/seed_51026.json,a147c64efc0c3f65bfd0ce5a32f272d8726713f062808f1079148f4deabb1744
artifacts/priority31_image_utility_dp/utility/dp_0.03/seed_51027.json,9bc835de0a1d34f2cccf64f45ed349d6839d56cd4a611d7f5e7b33f9d3be4840
artifacts/priority31_image_utility_dp/utility/dp_0.03/seed_51028.json,2a9e229b8e54b67b7693277bce53dee42ff4227ae45a3fb09b62c0662ea374ac
artifacts/priority31_image_utility_dp/utility/dp_0.03/seed_51029.json,8ca21b0104f30f38fad9bed7c253dd73526a161906d5ceefa72d2ad30de547ee
artifacts/priority31_image_utility_dp/utility/dp_0.03/seed_51030.json,2b00f1bb3267d57a5fd2bafbc7d93f8cbeaa05eb76e9d7a8ea1a6bc5e2c2664e
artifacts/priority31_image_utility_dp/utility/dp_0.03/seed_51031.json,1c4a925b15a41be29eecce30acb87142739f5d45d80883fab2565259aa1960cc
artifacts/priority31_image_utility_dp/utility/dp_0.1/seed_51016.json,d507a6f7e70f4cb61d858ac7f59afcdd1f394f9706d35966ec2369bf1ebc1461
artifacts/priority31_image_utility_dp/utility/dp_0.1/seed_51017.json,9c63464a8bfd71c1c9a943df8f7111701d0e70cff83ad38390387223c30463a1
artifacts/priority31_image_utility_dp/utility/dp_0.1/seed_51018.json,1c2ef455ac990403f71c77360b8cd25c49b980a0ce180eb64d2a74aa998a2544
artifacts/priority31_image_utility_dp/utility/dp_0.1/seed_51019.json,b106584b45bf1e6f149e51821a204f714c5414e50bb58702e3fa0ad38a1af9d9
artifacts/priority31_image_utility_dp/utility/dp_0.1/seed_51020.json,e957b575971c65f93ebf46a73b8b6ea35d580c16be5802f67cb66e215b5c6b8e
artifacts/priority31_image_utility_dp/utility/dp_0.1/seed_51021.json,24b80998f702e1d167595a0f9233f6e0e876a660dba4f79d38b604054fdc91f8
artifacts/priority31_image_utility_dp/utility/dp_0.1/seed_51022.json,ee6fac05710b4dbff74f1dc4078fadcb7f57f302cb10292b0671b5fc45203c1d
artifacts/priority31_image_utility_dp/utility/dp_0.1/seed_51023.json,09c15e6957a9ab1d038a479e68a7d6769b1dc5f2f2658effce45fed0382a21a0
artifacts/priority31_image_utility_dp/utility/dp_0.1/seed_51024.json,ffc9413768061cd3e8d7ec8ba0704976936190c2def318fffe4b33ed4a73cb84
artifacts/priority31_image_utility_dp/utility/dp_0.1/seed_51025.json,4930c44286fad1db133f795ea5a5c80284a76a8b69db336427a09cc1822cc16c
artifacts/priority31_image_utility_dp/utility/dp_0.1/seed_51026.json,212b834ef6fd5d2105c2d3ce18566b7e6295dadb2fac26017c733218218bc13a
artifacts/priority31_image_utility_dp/utility/dp_0.1/seed_51027.json,989aa708a9adbcdcdebf503ac9d55ff140ed85fe1f071652115da37543c86608
artifacts/priority31_image_utility_dp/utility/dp_0.1/seed_51028.json,0da72c09e95e14a202e359de25280197819cbfde5e9780525430502585178931
artifacts/priority31_image_utility_dp/utility/dp_0.1/seed_51029.json,bf2fd40e7a223e104c2993e1281a0b1af41b1545ad78ad67fee6ab9c76e0afa2
artifacts/priority31_image_utility_dp/utility/dp_0.1/seed_51030.json,b32dfcc46911ea28a1aab443d87112580db48682dcb9524b9bcea0cb07dedb0b
artifacts/priority31_image_utility_dp/utility/dp_0.1/seed_51031.json,951f0797532abe1997b5a953e05b3a00cb13b5b06eeed91cf689b93b8c7ef7d7
artifacts/priority31_image_utility_dp/utility/dp_0.3/seed_51016.json,4f7152195cc86f0af10f0033107b65c5c240d10e7b5b36293f087b1cae2c4c71
artifacts/priority31_image_utility_dp/utility/dp_0.3/seed_51017.json,57d46edb6ceb1f178faacc8942e65e200b34f65e79762e977a1597ead63be6fa
artifacts/priority31_image_utility_dp/utility/dp_0.3/seed_51018.json,59dac9b55c90f1e57b2b2f89c1fd3e7bf58c2f1c10d347f1bd9d237e5e4d8539
artifacts/priority31_image_utility_dp/utility/dp_0.3/seed_51019.json,8685b3bdbfaf1d7968dc67e3520c8a97335300b87c7c145fa185e2e1288c2737
artifacts/priority31_image_utility_dp/utility/dp_0.3/seed_51020.json,8e22eabbe74fc91bdcc0964228529e7db56666a9bbadc31e9491d1352b27b458
artifacts/priority31_image_utility_dp/utility/dp_0.3/seed_51021.json,cb18db1ca1b07bc3b81cfcda964d44faca0c6fce0ce354e5a481fee21ecc78ea
artifacts/priority31_image_utility_dp/utility/dp_0.3/seed_51022.json,e29157e8175ad9fee213b9b7b91de1460cc7079025487b5bf1d322ea3241fcdb
artifacts/priority31_image_utility_dp/utility/dp_0.3/seed_51023.json,105fb35422aa8474b4f53ad9f645cc18b1675d1b9d1062e3ff9f3c6149e1db86
artifacts/priority31_image_utility_dp/utility/dp_0.3/seed_51024.json,427cc78616ad268ea59761268dc02f4063927753afdcc814da6a0d335b5dfe58
artifacts/priority31_image_utility_dp/utility/dp_0.3/seed_51025.json,6e31c2e61469c15ca9754172667d5e2bb6f5d2f96e49b62ca07b28d7f90ec225
artifacts/priority31_image_utility_dp/utility/dp_0.3/seed_51026.json,44fa49ae7dd9bfeeaaf83f3aaa5a48d85fd9dc8fbb197165640203323743d174
artifacts/priority31_image_utility_dp/utility/dp_0.3/seed_51027.json,bb020a6a9dc4dbcbc08e8cf83a50f0e99c1372d7c540702daa76f3c1dab105f6
artifacts/priority31_image_utility_dp/utility/dp_0.3/seed_51028.json,1bc82a093787ccf1d054fe38146630ea29f4e577b6e3c9a665768e242cf5acd7
artifacts/priority31_image_utility_dp/utility/dp_0.3/seed_51029.json,6b773c919d5230d79b6af90a233fdfe66def4d2a409d22b3978f8580c34c83fd
artifacts/priority31_image_utility_dp/utility/dp_0.3/seed_51030.json,2f390bc49fa3ccd630c8798d3e58f7853b63a412458becfd628fe765b831c39c
artifacts/priority31_image_utility_dp/utility/dp_0.3/seed_51031.json,208e8c3c5779a734172704666de626bf53fafd396555ee26406562815ce6cd8c
artifacts/priority33c/.DS_Store,4d5716044d0da4166ff71fbd59368bf8fbe3ea6a952fa96d8254e46c5be2771d
artifacts/priority33c/C1_dna_v1_medium_distortion_paired.csv,e2dab9522ad6e0407d430bca009d8e6589513dc02ea9395d1742e48157f0c3f7
artifacts/priority33c/C1_dna_v1_medium_single_paired.csv,ec1bef49316f091aa46b97172070bc5d66be6779a01876091caf83543170c17f
artifacts/priority33c/C1_dna_v1_medium_unprotected_paired.csv,453f91cae4fe2b8103a27bb7e2d33ca8e8d541cdf76fb5d541955d59a4956970
artifacts/priority33c/C1_dna_v1_stronger_distortion_paired.csv,75078525db73d4427605d7d2a5ae51cc8d9bc2ec8643749ac6a7c89328eb735d
artifacts/priority33c/C1_dna_v1_stronger_single_paired.csv,be5e0e6a9449fd30550e4c69e4b1f6253b944336ef303042b3e3906b1a8defe1
artifacts/priority33c/C1_dna_v1_stronger_unprotected_paired.csv,0c433041ac600b09f03987d7a7a768940742a9016ea26d03910b44c67e77fd40
artifacts/priority33c/COMPLETE.json,2771ec5d7dbf2fec275424103e073ac7025a29128104b65c23bb0cba440caeaf
artifacts/priority33c/D_image_dna_v1_conservative_per_tensor_paired.csv,4db8208b9b7df74fe9b6e2f80648aac7d5529378e210d9b9431c74396b5249e8
artifacts/priority33c/D_image_dna_v2_0p95_per_tensor_paired.csv,79785f310efdbd30c7aed5d976b9dcbf549b61931c667b5750098947c45b8e1e
artifacts/priority33c/IMAGE_RECOVERY_COMPLETE.json,104c742439fabdaf7d701d05e2000b74690b43ad4ace811b9b61fb76bed5ed26
artifacts/priority33c/PAYSIM_BN_COMPLETE.json,a5eb9b4813aeff99766a3589ea1a7ca71d8637a509e3b85acbd5481061de83f3
artifacts/priority33c/REQUIRES_DIRECTION_IMAGE.json,097663fb6d69c4f1692a981faf1cc020b87c2d7ce1c2f26290cace090e2fe003
artifacts/priority33c/REQUIRES_DIRECTION_SUPERVISOR.json,5cfff0035a4ae0731f9604381b6657e7b6148077ea945379ddb40dbb095d344c
artifacts/priority33c/all_priority33_summary.csv,8ea6bbc8d4e956daeee310e9c642f85ac175771b3c95f020aa47f8e54373d8cb
artifacts/priority33c/analyze_priority33c.py.stderr.log,e3b0c44298fc1c149afbf4c8996fb92427ae41e4649b934ca495991b7852b855
artifacts/priority33c/analyze_priority33c.py.stdout.log,e3b0c44298fc1c149afbf4c8996fb92427ae41e4649b934ca495991b7852b855
artifacts/priority33c/checklist.json,2d4ad65d4cd3798b9f7dc05ca23ae78fbd3647f220edeb4d0dfe6fa280bdcdc9
artifacts/priority33c/checkpoint_launch.json,f751b940e3fbd6d124a09837faf80a5d2c58991935359c0e906520bfb693e7c9
artifacts/priority33c/checkpoint_replay/final_state.pt,6d390aaf2bbb52aab0bc5991a5c682bf1cd88cf3d170957edfe8fbbd834d36c5
artifacts/priority33c/checkpoint_replay/result.json,7f9f3fec62b584038570856b524bfc11cd9b1530a784891e3cf5131c618414f4
artifacts/priority33c/checkpoint_stderr.log,e3b0c44298fc1c149afbf4c8996fb92427ae41e4649b934ca495991b7852b855
artifacts/priority33c/checkpoint_stdout.log,5c0d2d966783b3c6ea0f8a685ca097c506ca74e4015dcfbc228b1841c81f0be6
artifacts/priority33c/combined135_holm.csv,ab4553b161ef9f5e0e22f317b9809a68edc5bde61bb38d4e3a6ea470a611d922
artifacts/priority33c/contiguous_correction_freeze.json,90d965ea685bbbf5ffbc3e31a425141d774d65454f771b28c6d120925e410287
artifacts/priority33c/contiguous_supervisor.lock.json,21add63410a409d9cd9a926a565488d2924b2345b658ab386b89c58c436ef07c
artifacts/priority33c/contiguous_supervisor_launch.json,81ef40c73a76de76ea8ac75db4663c37222d89f59aeede0a8d1b7d75eb763b10
artifacts/priority33c/contiguous_supervisor_stderr.log,e3b0c44298fc1c149afbf4c8996fb92427ae41e4649b934ca495991b7852b855
artifacts/priority33c/contiguous_supervisor_stdout.log,e3b0c44298fc1c149afbf4c8996fb92427ae41e4649b934ca495991b7852b855
artifacts/priority33c/execution_freeze.json,032fc430ef4c296c5ae11fd19a93452bdbff4efe22fee65c9c22e1d656bcab77
artifacts/priority33c/final_checks.json,712b46baf57bb0ac94fa80fe1575d06c6cb07a5d4c8293f250435ac5adb33ef5
artifacts/priority33c/final_verified_receipt.json,c29d8b6bce06ef902d8b0948e975ed16ee1cab4d918cbd0bed8fb2339dd7a702
artifacts/priority33c/image_calibration.json,6f3a8d19b0711bfd6a37e4abb6c2c349833909070dc92069672848ddb1d9e23f
artifacts/priority33c/image_clip.json,5907218a98f368b62c5df9793bc49d6210339577e83a8d8dc7d3f9a0658a3e08
artifacts/priority33c/image_distortion.json,e6ef294aadd35c0804857f673d7371a1f0ecaa287ec41fec86aca4923863dbf1
artifacts/priority33c/image_gated_cells.json,37517e5f3dc66819f61f5a7bb8ace1921282415f10551d2defa5c3eb0985b570
artifacts/priority33c/image_job_manifest.json,d21b365fcf8dc268c840e05517073d2263b07191453bb5af77854d0fce45ea15
artifacts/priority33c/image_recovery/C1/dna_v1_medium/target_000/arrays.npz,af3b856da29b37276c5c9ff76399c1099b44bfa871c9b2dd070f327301957e60
artifacts/priority33c/image_recovery/C1/dna_v1_medium/target_000/receipt.pt,14279b5f1a0f072cb2125141db805b4db82889e07da9c77dbe381016ef6f2be7
artifacts/priority33c/image_recovery/C1/dna_v1_medium/target_000/result.json,6310f1a03a2ae08a373670decca24df1000cdbbf2a4991570ef2e92b27f6a1a3
artifacts/priority33c/image_recovery/C1/dna_v1_medium/target_001/arrays.npz,85141d2de4936ef6c9d6f5cbe4e567981cb60d4b77f6c25649910924791245e5
artifacts/priority33c/image_recovery/C1/dna_v1_medium/target_001/receipt.pt,20c5897e4ed1dc5c083005dc6ee7770b6f710ef4bbc6c7017d69e7e1bcf8e993
artifacts/priority33c/image_recovery/C1/dna_v1_medium/target_001/result.json,bcf982b670cf912bbd66d88edf6fc91cb157b92e9f380dc81d149cff750eb1cc
artifacts/priority33c/image_recovery/C1/dna_v1_medium/target_002/arrays.npz,9a1a9ed8778f5f8ac2bd94589e2df19c7c1bc04e786ea413338102fa8f97d554
artifacts/priority33c/image_recovery/C1/dna_v1_medium/target_002/receipt.pt,d00682c34142ac12aeb4627e7b24ef3805a420b1c6f71e5ca760db37d1d618e7
artifacts/priority33c/image_recovery/C1/dna_v1_medium/target_002/result.json,816e313bb77059b3b814513a79a00534d7b06f0f28a1c20e098212339d11da19
artifacts/priority33c/image_recovery/C1/dna_v1_medium/target_003/arrays.npz,b9d6dd3a88fa14618b0a382d0eea8574f19dd184776671b6ade05849aa85dc68
artifacts/priority33c/image_recovery/C1/dna_v1_medium/target_003/receipt.pt,4d3fd6f8e2adfc3ad581d7e02b1d99d292aa60744ac0c4176cd50630bd187dca
artifacts/priority33c/image_recovery/C1/dna_v1_medium/target_003/result.json,f8478dbb3fa3da3c393ef59c020653338100d469dd670ba9155deb55ceef9cfa
artifacts/priority33c/image_recovery/C1/dna_v1_medium/target_004/arrays.npz,447df652e195604a066d31b233b5d551b02a6b107a79f7ed5a584f15332f3927
artifacts/priority33c/image_recovery/C1/dna_v1_medium/target_004/receipt.pt,0bead77eaed29d33288305c1d2ffa77c8f57c603fadd002824a26caa2b9179f6
artifacts/priority33c/image_recovery/C1/dna_v1_medium/target_004/result.json,ef55c62e3a7df62e0753b63f6711b72a1e161d418230c730ff6f8688d84a3222
artifacts/priority33c/image_recovery/C1/dna_v1_medium/target_005/arrays.npz,bf68110fc78aff9b592ce6459e93a58ee2313850f953730c7bcb794e1c8592d3
artifacts/priority33c/image_recovery/C1/dna_v1_medium/target_005/receipt.pt,fdd836e8b7d0ce022c279a7338f4a27e88f0867a2ddcf3f7cab7f48feb4489e6
artifacts/priority33c/image_recovery/C1/dna_v1_medium/target_005/result.json,32937c5268a4408b9ebcc990651785e49338a1e9315d440774d28f2f25c68c27
artifacts/priority33c/image_recovery/C1/dna_v1_medium/target_006/arrays.npz,05f81b48499444cc17e0cd574002c7b1ca61a3ec4efd33215bc99d9667f93cc3
artifacts/priority33c/image_recovery/C1/dna_v1_medium/target_006/receipt.pt,e841c1b7ec5605413e54cb95ce844a986c12c47c70364a703e0ff489adf0ebcf
artifacts/priority33c/image_recovery/C1/dna_v1_medium/target_006/result.json,c8c72595d9690e268ad87030bddcd22cce04f2f2bef9a3edd3d72fc89c840cdf
artifacts/priority33c/image_recovery/C1/dna_v1_medium/target_007/arrays.npz,74059fa089aa7c4036f241b2c183992e8b96582225ff89a0c79f0aa6c408bc27
artifacts/priority33c/image_recovery/C1/dna_v1_medium/target_007/receipt.pt,ab18fb94b429a0433022a859a22d93f25c119a1f9602a20c5a564b3266a64d44
artifacts/priority33c/image_recovery/C1/dna_v1_medium/target_007/result.json,508a6cf02e72b28806b3cb1a21be8a3f260f89fc22117db17c5c99c74f7bf69e
artifacts/priority33c/image_recovery/C1/dna_v1_medium/target_008/arrays.npz,19de7638fe312755ee8059ca6ec8216feca8484c00de3c6ad01c96e0906f1d80
artifacts/priority33c/image_recovery/C1/dna_v1_medium/target_008/receipt.pt,a40ab749afe9dda246e62adf4d90de1202080b938b7111f4da1da62d4d06d123
artifacts/priority33c/image_recovery/C1/dna_v1_medium/target_008/result.json,5de5286bf9ee00d351d20db82aa29e8caae01262bea43d5d1eea195099789235
artifacts/priority33c/image_recovery/C1/dna_v1_medium/target_009/arrays.npz,78401995a8e62e31db1a87e3050052ebd648e1839dec6cdf8ac85f8c4dc9c1bd
artifacts/priority33c/image_recovery/C1/dna_v1_medium/target_009/receipt.pt,c30e5ea2b6f8dd5445a7941831ba0d5f03539d4b4849f83c36337955b9871681
artifacts/priority33c/image_recovery/C1/dna_v1_medium/target_009/result.json,087b2c321232391df6e3c3344b6ba832cc782f1fe3fa8c9517b2b8ded4756e5b
artifacts/priority33c/image_recovery/C1/dna_v1_medium/target_010/arrays.npz,b526cf1e63125e9722a0458aa8f290ccfa685f73894b9642c2939d395016a9e4
artifacts/priority33c/image_recovery/C1/dna_v1_medium/target_010/receipt.pt,2992de9bbab2eac41357202448728c4db66d6367947df4965b9fe23b40aad152
artifacts/priority33c/image_recovery/C1/dna_v1_medium/target_010/result.json,29d965ee37333126c2baa830b34adbeb74a10f616a8e8d05fb4f0d4854925123
artifacts/priority33c/image_recovery/C1/dna_v1_medium/target_011/arrays.npz,af75f631217aaa6299e0709bd96a0008dae690cb516733abcd49b735a11288d1
artifacts/priority33c/image_recovery/C1/dna_v1_medium/target_011/receipt.pt,907a091c7d2f7978f9a49c785363decd495d7254a66acd496f3757f32fb465bf
artifacts/priority33c/image_recovery/C1/dna_v1_medium/target_011/result.json,9e97a654c7063fd49c74125760a64300f38731bf18508c30ad5fdc83dbb31085
artifacts/priority33c/image_recovery/C1/dna_v1_medium/target_012/arrays.npz,1325973c26f4dec7d8cc4929820f2c127747856df09c8ff4e102239302cfa216
artifacts/priority33c/image_recovery/C1/dna_v1_medium/target_012/receipt.pt,44a0c2cab4d54a3fd59dff773b33671df7775984c8ea4bef44b999b928379383
artifacts/priority33c/image_recovery/C1/dna_v1_medium/target_012/result.json,86f09baefe6f46ec50da2378f14fbaf2242e8cb8a5e4a1a8380f3cbf816fd0d9
artifacts/priority33c/image_recovery/C1/dna_v1_medium/target_013/arrays.npz,c2251214a1ec79bbedba55df3a2d7106330c7ee00aa78ae2e631891c671cb3d4
artifacts/priority33c/image_recovery/C1/dna_v1_medium/target_013/receipt.pt,aa7cee47d2c356a8f6131956d77cee2b9fe787893501c6bceb0c64eedd1d1854
artifacts/priority33c/image_recovery/C1/dna_v1_medium/target_013/result.json,634deafed352eccc22b713c69744d891c5576048181ef88b1dbd85794556cb3a
artifacts/priority33c/image_recovery/C1/dna_v1_medium/target_014/arrays.npz,2466acecfab62b9a6971e3cfad0bdf3f9d5fdffca5440fb37045febde0765d3c
artifacts/priority33c/image_recovery/C1/dna_v1_medium/target_014/receipt.pt,cddb76cbe9f312a2cd38c9e0b6831b93fa229852f6ac6c61af729b56216c2029
artifacts/priority33c/image_recovery/C1/dna_v1_medium/target_014/result.json,a46be06785bf5339f9c5f6f0215ef771dec426ac3040b53ddf368a39e9def98d
artifacts/priority33c/image_recovery/C1/dna_v1_medium/target_015/arrays.npz,2307a67d44801094978140b9ee9d584fd07f7ec05a029c990bfbb20cae8e8453
artifacts/priority33c/image_recovery/C1/dna_v1_medium/target_015/receipt.pt,09f406e50e1e3342366daab30d2d17020bdd46acb401b0c6eba363e65f7f00be
artifacts/priority33c/image_recovery/C1/dna_v1_medium/target_015/result.json,ea84e9d218c1206bc891551a5b53a907dc877561559c6ef00cb6c4308a09fc3b
artifacts/priority33c/image_recovery/C1/dna_v1_medium/target_016/arrays.npz,156320b5e1d6a79eeec59ed29ff1ead09c6396ca5465a128114b960889eef793
artifacts/priority33c/image_recovery/C1/dna_v1_medium/target_016/receipt.pt,0bad4216bf1bc315240194fe6d13c0ba176d1a4b5f279944366377e91111577e
artifacts/priority33c/image_recovery/C1/dna_v1_medium/target_016/result.json,e15b773f4415d8081070b54c3e02a5c4b18141f9d1c3980c31526cfc6fdbb8df
artifacts/priority33c/image_recovery/C1/dna_v1_medium/target_017/arrays.npz,eec1e16bc58525a793b47aaebae39a85c6a76d25e6b3496e1f607dcdde15783c
artifacts/priority33c/image_recovery/C1/dna_v1_medium/target_017/receipt.pt,2012a459f45a9d548517289fc7c86f5837890b9928507464f501cff3e66cf5fb
artifacts/priority33c/image_recovery/C1/dna_v1_medium/target_017/result.json,321437f1cbe74a5cc4a1f3bf91fde4d60408884267056dce2d749b3915679b24
artifacts/priority33c/image_recovery/C1/dna_v1_medium/target_018/arrays.npz,ac54b8943821b5ab898bf1de73bfa8e0bd0cafaedd918d97e99a8c124b23ee59
artifacts/priority33c/image_recovery/C1/dna_v1_medium/target_018/receipt.pt,f3de1246a53b46f25ef6a4c5166b8ae61db19a6f5145dc82f64bdc6efc1077d2
artifacts/priority33c/image_recovery/C1/dna_v1_medium/target_018/result.json,f802f6a7167bd45f3b3e02fcfe9d993331a52515ac73536559c60816f41eb611
artifacts/priority33c/image_recovery/C1/dna_v1_medium/target_019/arrays.npz,0c7ca8fcd44606a0b029bf8db335c33c0147842dda11bfb220fc5497c48db929
artifacts/priority33c/image_recovery/C1/dna_v1_medium/target_019/receipt.pt,5bebe8ce261d326d3e973a46f8cb953fc163742981d19387080469527df827bd
artifacts/priority33c/image_recovery/C1/dna_v1_medium/target_019/result.json,e838365afd844141c8681b741e0b6d6c27d49ecb7bf1d80bcff7590982e02b10
artifacts/priority33c/image_recovery/C1/dna_v1_medium/target_020/arrays.npz,155efe2c4a436ef159de691005103c136c0b4bad7ae98d6c6896cd132f75f982
artifacts/priority33c/image_recovery/C1/dna_v1_medium/target_020/receipt.pt,6eb6ba1647a84614bdf4bfd6ff93966a97fb837caffc73668ab0a5184177dbf8
artifacts/priority33c/image_recovery/C1/dna_v1_medium/target_020/result.json,394e07ee093364a3fcaacb3604181fbfeaf92020c2c70af80e8b630bf3e26604
artifacts/priority33c/image_recovery/C1/dna_v1_medium/target_021/arrays.npz,70c0721d9a717628dde5589bd7f25da3a244a3c74d9d9d67fb8e9ace367f20c6
artifacts/priority33c/image_recovery/C1/dna_v1_medium/target_021/receipt.pt,8ffdd92626c4210262b68d355d22af6eb5b746795ddee2c9d88cd995a5af6432
artifacts/priority33c/image_recovery/C1/dna_v1_medium/target_021/result.json,a42dfac9e361a2ff6d544f00d3840a09c239288085b7781ff1515bd9d59f4fbd
artifacts/priority33c/image_recovery/C1/dna_v1_medium/target_022/arrays.npz,257d3bf1c42a5650e14167552a3457ee7a6135840ff55eaf68b0b7cc82dd2bfc
artifacts/priority33c/image_recovery/C1/dna_v1_medium/target_022/receipt.pt,f2164880d4fcab327085b8214fd2a632875406de04d42c0fbbe78beb41470e61
artifacts/priority33c/image_recovery/C1/dna_v1_medium/target_022/result.json,03ecc0a86b68034b13ccd4ef815bc6bc7025b2dcfbf403df3e9092a641605621
artifacts/priority33c/image_recovery/C1/dna_v1_medium/target_023/arrays.npz,f7361d306931b768d3b0f3757e8d6b16f7d3cc0f52d62e9e49fb1141ab3c7014
artifacts/priority33c/image_recovery/C1/dna_v1_medium/target_023/receipt.pt,06165c3699c6ef708d6bd2a3171e21c0ecc73c9aaf75b7f08bf8dfd07b829809
artifacts/priority33c/image_recovery/C1/dna_v1_medium/target_023/result.json,20dbe38368de731cb8cb3ee0fadf7624cec23c969551be99ad02b56e3fe44a7b
artifacts/priority33c/image_recovery/C1/dna_v1_medium/target_024/arrays.npz,2481493973353fa883bfd10569d483d0f7d88254710f7654cccd1740ea594eb2
artifacts/priority33c/image_recovery/C1/dna_v1_medium/target_024/receipt.pt,8f892fb897c78c26997780786e3cd3c9eccefb484bbb64237c0bdcd06e700a1f
artifacts/priority33c/image_recovery/C1/dna_v1_medium/target_024/result.json,e8e08340f1f5f5b441b2b6494a859d933e78178ef65f53ecee37bd3129acb471
artifacts/priority33c/image_recovery/C1/dna_v1_medium/target_025/arrays.npz,9d78d512304603e35660a86d9f68d539bdca48b5e4a9f774abc654f3f53bb772
artifacts/priority33c/image_recovery/C1/dna_v1_medium/target_025/receipt.pt,24a471b8f1b58bb3ecec692b2833ae650685ab215e0ed79c6f879199d1944661
artifacts/priority33c/image_recovery/C1/dna_v1_medium/target_025/result.json,18195d460631f433f82b2e32decd6dbdfe666b1ded130e9a743da392ee3548e6
artifacts/priority33c/image_recovery/C1/dna_v1_medium/target_026/arrays.npz,ab0a0aee8c7cd17f8b5a89cdd15371c8c82d290976fcac80741739d4a2ed7982
artifacts/priority33c/image_recovery/C1/dna_v1_medium/target_026/receipt.pt,c8e836f88ec1da11419521c4d189e791f5f078bbaf34dbd72475ef585cbb0dcc
artifacts/priority33c/image_recovery/C1/dna_v1_medium/target_026/result.json,72540fc596c27c356014472552d6778d7ae4cf9955e85924cfdb1ee237892978
artifacts/priority33c/image_recovery/C1/dna_v1_medium/target_027/arrays.npz,15f970683209cf6a3ca172528084826b4b14a3b9bd78b4843a6d8077e0c96eb6
artifacts/priority33c/image_recovery/C1/dna_v1_medium/target_027/receipt.pt,b75ba9856c9aaa5432085a0f0df2dbf73a8285e85aab749676cda027d869552f
artifacts/priority33c/image_recovery/C1/dna_v1_medium/target_027/result.json,d5c8fc9074bb74b2c5f2f61668069112f40728a80cd8ecf79b040f7fb323b0eb
artifacts/priority33c/image_recovery/C1/dna_v1_medium/target_028/arrays.npz,83df3b685986c88d1add50b3d67f85b55eb33131d27c3e07e7b7625324f1f365
artifacts/priority33c/image_recovery/C1/dna_v1_medium/target_028/receipt.pt,3cb4ff5f5fa79fce0c0f60517f8670d6c2a3a718b418d852bf6baf2a7c465b99
artifacts/priority33c/image_recovery/C1/dna_v1_medium/target_028/result.json,93c50f099eb1f424c540a0826d9ec19512f013ef6e5f38fd9d940fb62ee87643
artifacts/priority33c/image_recovery/C1/dna_v1_medium/target_029/arrays.npz,72cee9467932d636c48c13566b173472ea8542edf1bc5884ff0e304d1c2ddf45
artifacts/priority33c/image_recovery/C1/dna_v1_medium/target_029/receipt.pt,d2ff0750a8ee58ca977191300b8d3703863446c30b860c16f66dca0cd2e57011
artifacts/priority33c/image_recovery/C1/dna_v1_medium/target_029/result.json,f778db53602db7d57cc3b7f9ebeec41531cb102593331844c3bbafbb3decf874
artifacts/priority33c/image_recovery/C1/dna_v1_medium/target_030/arrays.npz,237d26de9d8b78314e1ad849f47b4aa0a2a269fa0b462933ec8b58035e5d7af9
artifacts/priority33c/image_recovery/C1/dna_v1_medium/target_030/receipt.pt,b4de2844128989f035698983b4696930fbc35559c9a78400eff5f5cd1df59e4c
artifacts/priority33c/image_recovery/C1/dna_v1_medium/target_030/result.json,c925f07a028ad603561257141e6928eec60f4be5240a537e40815b109b415841
artifacts/priority33c/image_recovery/C1/dna_v1_medium/target_031/arrays.npz,ad590823762445c914c256d64fb37686ddb2cb0b53fe3faf0adb6e541a215a5e
artifacts/priority33c/image_recovery/C1/dna_v1_medium/target_031/receipt.pt,537f3190aab95eff5acecdaf5aa833e2827680dcc2305ae5baaf40bc0c05fd37
artifacts/priority33c/image_recovery/C1/dna_v1_medium/target_031/result.json,34e06d2fb2b51567e73874e63482a9f44f07a6454b5d55566dd468855a1fac41
artifacts/priority33c/image_recovery/C1/dna_v1_medium/target_032/arrays.npz,a9e4d02392031323467f7a2e2149be047251aed39a65a45a6a905f93a4ea2ce1
artifacts/priority33c/image_recovery/C1/dna_v1_medium/target_032/receipt.pt,2c49394e209e90d1a18ae0493f48948d35d4063479af795d735a2de9950a5ebb
artifacts/priority33c/image_recovery/C1/dna_v1_medium/target_032/result.json,97c987c4eff5e97df9d11e421a3d16acccdb56d8a2aab122647b9e139151d812
artifacts/priority33c/image_recovery/C1/dna_v1_medium/target_033/arrays.npz,412c0fb8421b1a51f3cda2b51446c1e7488930752761b4450070b50003fc5205
artifacts/priority33c/image_recovery/C1/dna_v1_medium/target_033/receipt.pt,e7836857d1eeec59a20a4e96935eeec82bc750b30dab479803295b07b7ec5f6d
artifacts/priority33c/image_recovery/C1/dna_v1_medium/target_033/result.json,ff0925d1d0737bed82bbe4f5c6b40459f8e17fbbf82af3f28536a3b14eeda33d
artifacts/priority33c/image_recovery/C1/dna_v1_medium/target_034/arrays.npz,cadf063dd34ebf783188caa7c62f7c1df43700f2e4fadf9b60a363cc4d5f64aa
artifacts/priority33c/image_recovery/C1/dna_v1_medium/target_034/receipt.pt,c16dad1ac39de71133f59314a4d46b7d1dab925ac0484318e230c5bea7e86a02
artifacts/priority33c/image_recovery/C1/dna_v1_medium/target_034/result.json,b99ec085fc41374eed14a2cad525c642cd9357de71d53de2f36f5539be59be6c
artifacts/priority33c/image_recovery/C1/dna_v1_medium/target_035/arrays.npz,d5b5517fd52f7d32c2ec46ef434e2d6de01d0c53ed94de5db7142c9ed2fd5344
artifacts/priority33c/image_recovery/C1/dna_v1_medium/target_035/receipt.pt,ecf1ed48de39820fdc5c9a12034bb956c2271c91074ebc7823b73d6b3ddfe323
artifacts/priority33c/image_recovery/C1/dna_v1_medium/target_035/result.json,406cd6e248ff8ec4dd6760d6dea61e5611813eccc6b9c0f33e4f0b2eee630d2d
artifacts/priority33c/image_recovery/C1/dna_v1_medium/target_036/arrays.npz,790b39e168880947b4081259fb4869880db8de856419f17ed64bf3e9205ad73a
artifacts/priority33c/image_recovery/C1/dna_v1_medium/target_036/receipt.pt,05377c9ca6c4d674bfc9d3f922e293a94a4323e83ab792f7c948cb9b05a3df3b
artifacts/priority33c/image_recovery/C1/dna_v1_medium/target_036/result.json,997de946945f082090940e82810d0ad1d67193f40ef1cf45e6ab815ce090ad75
artifacts/priority33c/image_recovery/C1/dna_v1_medium/target_037/arrays.npz,58251a662560812a34cf866ef83cbd09693d9c5070b3d146dffbc6ba0d2a32c6
artifacts/priority33c/image_recovery/C1/dna_v1_medium/target_037/receipt.pt,b21c9dd93e3dd211b8a90b2cc7343805daf344ef1865d4cb5eddab36334f40d9
artifacts/priority33c/image_recovery/C1/dna_v1_medium/target_037/result.json,03b6a2618ebfc27246e8c2ea059b25304f653827cb02f0da29c9fe39bd05a52d
artifacts/priority33c/image_recovery/C1/dna_v1_medium/target_038/arrays.npz,3aef7140b66203a57fc84e3318233cae0906e228a375c6358477ac8f8e7f59af
artifacts/priority33c/image_recovery/C1/dna_v1_medium/target_038/receipt.pt,0c1e5c05426e5278b98e43ed37bb6fc9a6a916c4c9b912d797aee38ec7500351
artifacts/priority33c/image_recovery/C1/dna_v1_medium/target_038/result.json,ab42107d86a1c7fd18d48f3df68d1bcd5e9fcf18352372a40b158190451697a0
artifacts/priority33c/image_recovery/C1/dna_v1_stronger/target_000/arrays.npz,2fec7722ead2671d8135836008aac303b007bce2fc5700c1a5c5c5a7b7218839
artifacts/priority33c/image_recovery/C1/dna_v1_stronger/target_000/receipt.pt,f963c53d6294bb00179a208939db33d20dd13e621f9071f57d20d2d06d63fc80
artifacts/priority33c/image_recovery/C1/dna_v1_stronger/target_000/result.json,3f3db87d221e0aa8df3ff5956b0b830a63609c52e4460e78185c2a9e4d4655b0
artifacts/priority33c/image_recovery/C1/dna_v1_stronger/target_001/arrays.npz,86b7f72b239c340ccbd11c2414b1137d4ff8cd269e5bbbae9330af70d5bac70b
artifacts/priority33c/image_recovery/C1/dna_v1_stronger/target_001/receipt.pt,dd3e52e597f712f4fdedea03e7edb62deb71e272d50249d9b5575ef020f28b87
artifacts/priority33c/image_recovery/C1/dna_v1_stronger/target_001/result.json,fa16b7f86407ef447be9d51f4f32df2dfd7e21352b70a9ca221608ca0ad4f6f8
artifacts/priority33c/image_recovery/C1/dna_v1_stronger/target_002/arrays.npz,dc3d8e55fe96d6cfaf9edf3de43a6103300a934f8718d0b7e5ffef78c1f1ffa1
artifacts/priority33c/image_recovery/C1/dna_v1_stronger/target_002/receipt.pt,00067d4a94fcdd7c7c8f83d8ffbfcca28327b4219b9c8a2256acd2bbe11ddd68
artifacts/priority33c/image_recovery/C1/dna_v1_stronger/target_002/result.json,54b349adbe62eb722032a8cc22f4294235ff7c7b467282be1401fc37b2547098
artifacts/priority33c/image_recovery/C1/dna_v1_stronger/target_003/arrays.npz,f7a08b0c503ade7f74f8bde6f9e9b4c5cbc423571ab0b6bdefae174a63e971a0
artifacts/priority33c/image_recovery/C1/dna_v1_stronger/target_003/receipt.pt,7ed383470e78bd948d456d13fcb0a14112786121bdddc1eb28d150c2c8a87698
artifacts/priority33c/image_recovery/C1/dna_v1_stronger/target_003/result.json,f189ebcc6d86f655dcc7688884ee41b25403f04140b144a4cebed7adb2741a6c
artifacts/priority33c/image_recovery/C1/dna_v1_stronger/target_004/arrays.npz,eb4a92ff96be2ec54d974cf46f13586db86829c5cf2145f616ecb4fcc8b43aad
artifacts/priority33c/image_recovery/C1/dna_v1_stronger/target_004/receipt.pt,993351d01b437d86ec74f9b23eab64366f3bf18ebacfe33e783b82832e22bc70
artifacts/priority33c/image_recovery/C1/dna_v1_stronger/target_004/result.json,0471ca37ec54777d8f89ae16e2c291ac170960db2454a6a75068027cade6f661
artifacts/priority33c/image_recovery/C1/dna_v1_stronger/target_005/arrays.npz,de5f49ef5cf2ece489a27a806942ac027a20ca1b7bc5c8124af4e893184bcb4a
artifacts/priority33c/image_recovery/C1/dna_v1_stronger/target_005/receipt.pt,fc208a5948bef75c3512e29a1cba850ea4030ca926746a36d4a7a35fe928a068
artifacts/priority33c/image_recovery/C1/dna_v1_stronger/target_005/result.json,78983acbaee540039f50e46fa5a15fe5f8d283fbd637686b63acb54ebda34302
artifacts/priority33c/image_recovery/C1/dna_v1_stronger/target_006/arrays.npz,bd39fe4caeab77994a97edb5c8d16786bcc220f1aa45a92590189678b0763dfe
artifacts/priority33c/image_recovery/C1/dna_v1_stronger/target_006/receipt.pt,6646f929977e2a707bd1bb0458d63a02913eebcd117e395496b1af3afa5f0580
artifacts/priority33c/image_recovery/C1/dna_v1_stronger/target_006/result.json,d0a876f914cd3f1ebe3a7d3c0bdc8553d2af544a2d7e20e34fa79c12a9227eeb
artifacts/priority33c/image_recovery/C1/dna_v1_stronger/target_007/arrays.npz,af2361ffd42a611e57e8286ec9d98b2bd5e6a9e9a9f9772a71dacecd53c8a407
artifacts/priority33c/image_recovery/C1/dna_v1_stronger/target_007/receipt.pt,aef4a2a5bb5d139a2490cf07fe3c14ba2de8b57fd9d55e069594c6946c9debc8
artifacts/priority33c/image_recovery/C1/dna_v1_stronger/target_007/result.json,7204c36a4dcf9b0c303bdc3b253e34b4388acb4174968ca3f627691827cf8ff6
artifacts/priority33c/image_recovery/C1/dna_v1_stronger/target_008/arrays.npz,814648f6565ba016f26df816ffa23db85296f056c42ee435b953a47b61799900
artifacts/priority33c/image_recovery/C1/dna_v1_stronger/target_008/receipt.pt,0521f5a11279ca5d1e45993acb188360de9634240b28e86bf297ff341e599c45
artifacts/priority33c/image_recovery/C1/dna_v1_stronger/target_008/result.json,ad1343e6e14af6a6956db8eecad94ca2da32b040b2f53527ba4c388e37afa08b
artifacts/priority33c/image_recovery/C1/dna_v1_stronger/target_009/arrays.npz,20fcc62589c587a84ee1dd493840ca5c8e009dbb73c64a5efe28e0ce2b003337
artifacts/priority33c/image_recovery/C1/dna_v1_stronger/target_009/receipt.pt,e0ef55932c7ca0dbe2b3058584aabfa260459f358660b73060e13617e7f9f12a
artifacts/priority33c/image_recovery/C1/dna_v1_stronger/target_009/result.json,9dd81f279cdced0d54a3095f35c486fade9b8c8600777a1d5cc7263249c11c07
artifacts/priority33c/image_recovery/C1/dna_v1_stronger/target_010/arrays.npz,c88b8ff324b37e8da78ea61056a8bf8b0a6d5f558bf77e6ce2c9d048749633ff
artifacts/priority33c/image_recovery/C1/dna_v1_stronger/target_010/receipt.pt,1af11394a69177370064aef8b9fa789e6651a58dd84c643705f3b0f780f2d451
artifacts/priority33c/image_recovery/C1/dna_v1_stronger/target_010/result.json,c001183893ad3f17ff7ae1e38d00eebbbdab68a62b296ac986cee3f96205803f
artifacts/priority33c/image_recovery/C1/dna_v1_stronger/target_011/arrays.npz,e9f8dd94ad21b32b7527cd273898abf9ba5444bd576f8fee89ac0c4a4a323cca
artifacts/priority33c/image_recovery/C1/dna_v1_stronger/target_011/receipt.pt,8574c12b8f4a917cc2698d48581d29d2fdfc4a8020771d9cc01cf13805109b72
artifacts/priority33c/image_recovery/C1/dna_v1_stronger/target_011/result.json,8f81220f7e6fbd1439e05502f9a2a4194c57bc247125b2601ab1e38fc9a803bf
artifacts/priority33c/image_recovery/C1/dna_v1_stronger/target_012/arrays.npz,17fa74bb83a174514ebe0cec881ed1357ebe889e913a018c7dc7283395269a20
artifacts/priority33c/image_recovery/C1/dna_v1_stronger/target_012/receipt.pt,164d739bc570583593614a0168b57880d8448c6078356c845a056c9f6bcd0c3c
artifacts/priority33c/image_recovery/C1/dna_v1_stronger/target_012/result.json,9b0c0e41158841c98aafc615e7fab792a36ab30defb2b41a952dc0ae889552f1
artifacts/priority33c/image_recovery/C1/dna_v1_stronger/target_013/arrays.npz,68aa5ae4e2532e2c6abfbaa25ac5bb296626c77d2eef097a05639ecd71de5b47
artifacts/priority33c/image_recovery/C1/dna_v1_stronger/target_013/receipt.pt,b6749df7f12c313d7f2d1b43102fcc27b8dcdfe89ac88fae1e1e0814de7eeb90
artifacts/priority33c/image_recovery/C1/dna_v1_stronger/target_013/result.json,643137476a8b07ca80f23378ea910e9de22b96f2f265acbde414fe5f79f5588a
artifacts/priority33c/image_recovery/C1/dna_v1_stronger/target_014/arrays.npz,b481ce2f579d114d5b024c6815ff4e9508fd816811e635e9417d29491cfdb19f
artifacts/priority33c/image_recovery/C1/dna_v1_stronger/target_014/receipt.pt,47fc28bf415a4caa2a2d8c5b4b8cee210795fd25ad996af6fe20044ab7689305
artifacts/priority33c/image_recovery/C1/dna_v1_stronger/target_014/result.json,8cac275449ff0ae75f341499deb3d9aaa753f2cf2bfb04fd38a2d938cb87f562
artifacts/priority33c/image_recovery/C1/dna_v1_stronger/target_015/arrays.npz,c21655d4cc459511f9abcbe031457e7238ed4dd9ec9e47ac63e2dbdba3486a65
artifacts/priority33c/image_recovery/C1/dna_v1_stronger/target_015/receipt.pt,f13ea495d85f985a7d8799b19785813499b3b466d80bd0c98aeb16cadc8e4ea5
artifacts/priority33c/image_recovery/C1/dna_v1_stronger/target_015/result.json,4341a6c4793eb9528525654528f8588e8f1eee90ee89071a1e43eb8e85420ba3
artifacts/priority33c/image_recovery/C1/dna_v1_stronger/target_016/arrays.npz,66766351f9ff20b20f8ea9012c36315d26cbb383e38d8a46c4a1c9f8befe5e7c
artifacts/priority33c/image_recovery/C1/dna_v1_stronger/target_016/receipt.pt,b0ad9b4b729547adc217b099da8fcefb52f1485eeb6e9bb530ea4e8d420d36ba
artifacts/priority33c/image_recovery/C1/dna_v1_stronger/target_016/result.json,8f1dd262f27d5ce78167b4314e1e9fc53a4579e86217251c47312876ea23bce1
artifacts/priority33c/image_recovery/C1/dna_v1_stronger/target_017/arrays.npz,7866ee64c4f7aa8e4288ee6a9ea4a878a4a61d4bb371dc5bf9fffa5c2cd77e66
artifacts/priority33c/image_recovery/C1/dna_v1_stronger/target_017/receipt.pt,be83f90b94c986d769302b3112e904e0e73119d657100d2b441b99c6da08e3fe
artifacts/priority33c/image_recovery/C1/dna_v1_stronger/target_017/result.json,5c2e042fe6181d8d889c6518163662c8778f75851060dd8273b61a8d302754da
artifacts/priority33c/image_recovery/C1/dna_v1_stronger/target_018/arrays.npz,c533fde59389d22fed29ed16a955f93f46bab33ff69ebcad58fea2b459f36275
artifacts/priority33c/image_recovery/C1/dna_v1_stronger/target_018/receipt.pt,060882aa4948eeea758a07a3c5728331df18b37580446a5a99a4a65998a67803
artifacts/priority33c/image_recovery/C1/dna_v1_stronger/target_018/result.json,4acb42a2e4ee9788a35394d86c3da3696553362cb7fc5cd71a221156cce700e6
artifacts/priority33c/image_recovery/C1/dna_v1_stronger/target_019/arrays.npz,eb9829e81318b2c1ebe96e1177bd2021354d8085b4a80676f7c97b33b0c6eb50
artifacts/priority33c/image_recovery/C1/dna_v1_stronger/target_019/receipt.pt,7b7a9f9188efb17ad23f866eacf3c9e7945104dcfbf18002766785008b600514
artifacts/priority33c/image_recovery/C1/dna_v1_stronger/target_019/result.json,b203eff17f04961f4d288b031e6a47582bdd3017a14c10658577c218a361c4ac
artifacts/priority33c/image_recovery/C1/dna_v1_stronger/target_020/arrays.npz,4d46d866e497b426ab48bdd6f4351263fe1a4cf0f657b513a2f7bf2b5506eeaf
artifacts/priority33c/image_recovery/C1/dna_v1_stronger/target_020/receipt.pt,a7aab2dc218faabab7f3d45d76b0be42abb5e48376f3e43823310f4358987f75
artifacts/priority33c/image_recovery/C1/dna_v1_stronger/target_020/result.json,ef035778c184b5d09d49ba2c9c8cd5673627c1f4059e1c1172f2c02c72511a74
artifacts/priority33c/image_recovery/C1/dna_v1_stronger/target_021/arrays.npz,b4c961d5677be1b19e2175c08eba7a79f5d0eb48dec164677d8e25173f39c61d
artifacts/priority33c/image_recovery/C1/dna_v1_stronger/target_021/receipt.pt,6e60e6c1a1c9c75d2dc8a5dcd8e733afbd962db401e197dd1dff55e712f8d14f
artifacts/priority33c/image_recovery/C1/dna_v1_stronger/target_021/result.json,214736a3d5a21a5f3533199ae9b30de76fd2c28031aef899cb7e92230a572b0f
artifacts/priority33c/image_recovery/C1/dna_v1_stronger/target_022/arrays.npz,14ce112a2011f53e2402262b2ff6402bf07029061be55d63c5671d5fce3d4edc
artifacts/priority33c/image_recovery/C1/dna_v1_stronger/target_022/receipt.pt,0cf7744ff6a8c98b93f9d3d2c67ff4ed190b95a9b22dbb435a2cb57b66ff8667
artifacts/priority33c/image_recovery/C1/dna_v1_stronger/target_022/result.json,a37c3eba2893d7a87c30fcf65c28c4add6089db12f197193931edb2151909190
artifacts/priority33c/image_recovery/C1/dna_v1_stronger/target_023/arrays.npz,049ab402d82a5e91d99029073d11f92432119ad24dabfe617be254fa2cd2ae91
artifacts/priority33c/image_recovery/C1/dna_v1_stronger/target_023/receipt.pt,daab0ad0650dec48df33ae526840dea7ecbd5876420c8a29c6715045ea37cc7f
artifacts/priority33c/image_recovery/C1/dna_v1_stronger/target_023/result.json,f6a2f1a7e3cdd46f93e94ae0fdd98343d49b5ad23f0e6aee309e48130f602977
artifacts/priority33c/image_recovery/C1/dna_v1_stronger/target_024/arrays.npz,11634673c61a665a0b10dc4830e8f20c31d69b9fbafcfb765648fecbb8dfe420
artifacts/priority33c/image_recovery/C1/dna_v1_stronger/target_024/receipt.pt,a5608c5bec96f2413a3f2575f54b474c67371200786127d32a2d9de47e034dfa
artifacts/priority33c/image_recovery/C1/dna_v1_stronger/target_024/result.json,75f7afdebb4e8a3c92cf3cef2bd70617b8bfdf49861e143b8ea5937be0322d11
artifacts/priority33c/image_recovery/C1/dna_v1_stronger/target_025/arrays.npz,f88a6491570426eb7efe9f0c40c54444692a281111309da0d052350ea2769af6
artifacts/priority33c/image_recovery/C1/dna_v1_stronger/target_025/receipt.pt,e9efa8f3eeb4cdb32bada596a15c7bc157703596186b8473e9acb429c403fee4
artifacts/priority33c/image_recovery/C1/dna_v1_stronger/target_025/result.json,2c87b12fba8dc5e04b2b426b86cd1115912c70d61ff695a2591e33f9138f3dd2
artifacts/priority33c/image_recovery/C1/dna_v1_stronger/target_026/arrays.npz,ea641373c526dce2cfd3811d4ebb25bd7f40eed728e92ff8d30410a6d0492fc9
artifacts/priority33c/image_recovery/C1/dna_v1_stronger/target_026/receipt.pt,e6620f3f57844de83291511eb550e17d559e7a22be384ca415c25de746f757ee
artifacts/priority33c/image_recovery/C1/dna_v1_stronger/target_026/result.json,6824cbec5b37fb05d2284c705c35105fe9bc574540ef875715a40ceb7fddd027
artifacts/priority33c/image_recovery/C1/dna_v1_stronger/target_027/arrays.npz,3fc95d12a35637ebd91b2464872697d588ad17964c341754f4ec469c2082e061
artifacts/priority33c/image_recovery/C1/dna_v1_stronger/target_027/receipt.pt,34e3443631ec9a4e940b7967e3550321f9d8a399c1fcc0e9d5843fc664d03dd9
artifacts/priority33c/image_recovery/C1/dna_v1_stronger/target_027/result.json,800746bcdbb506a9d33a4b024931de67521fbffa7bba5a30931a5597b950cd4c
artifacts/priority33c/image_recovery/C1/dna_v1_stronger/target_028/arrays.npz,6a788f1cb59fc270737afd8313ea4b9b9f5b2f692db79495becd17041717233a
artifacts/priority33c/image_recovery/C1/dna_v1_stronger/target_028/receipt.pt,190812978c0a791df9e06dc0da34af16db6fd9fd3e12579619e3be112daf8825
artifacts/priority33c/image_recovery/C1/dna_v1_stronger/target_028/result.json,42dc61020f893cef0de5d125941431d54a8c0b9b12e5b23f22f6f06e9a3c5ea7
artifacts/priority33c/image_recovery/C1/dna_v1_stronger/target_029/arrays.npz,53c23ffb1f5c932d4ddf9a98ce0ebd9a381b0a961646fb9e4663913056ad6a9f
artifacts/priority33c/image_recovery/C1/dna_v1_stronger/target_029/receipt.pt,445990510ecb9fea5176be3c3763a70286276b9142a2ade2a3662b039e045d7a
artifacts/priority33c/image_recovery/C1/dna_v1_stronger/target_029/result.json,4049b25b3e8ab526e3bd2ddf688efe8c6ba28a7b8edb4f25954c5e55d3f33308
artifacts/priority33c/image_recovery/C1/dna_v1_stronger/target_030/arrays.npz,a71e001842de504e77164904260ae97ba5d39c5cbd69a4ca07a80ba767c57704
artifacts/priority33c/image_recovery/C1/dna_v1_stronger/target_030/receipt.pt,9c8f1d6d679c59ed7d8c225882db73c879091f2d39269eb5cf6c6165ab872459
artifacts/priority33c/image_recovery/C1/dna_v1_stronger/target_030/result.json,0d830f1f4ba742ed219bb4007a9d3b5dcab2f081f159cbdcd948e5726ccaf6cd
artifacts/priority33c/image_recovery/C1/dna_v1_stronger/target_031/arrays.npz,c36e1c25c46e87a1657f000d45a24f026ce53d05761ade0f2a24c3452b987bce
artifacts/priority33c/image_recovery/C1/dna_v1_stronger/target_031/receipt.pt,a0e4b487fb3becca45716f34ca27a32015fb260a13a9b4084d6d8b2f2adbf157
artifacts/priority33c/image_recovery/C1/dna_v1_stronger/target_031/result.json,2c5588f759f417f67ef154503c44e01be461542746892fc8f390ce3356d4a459
artifacts/priority33c/image_recovery/C1/dna_v1_stronger/target_032/arrays.npz,ef394a11e59a7e7d1f844d245e1d508d4f2f7c4bb615bf9bf2314bb367d75a02
artifacts/priority33c/image_recovery/C1/dna_v1_stronger/target_032/receipt.pt,3165a8dd25862fd9e21dcbe6f7e8062727004555f6d01536c782464abc2402f2
artifacts/priority33c/image_recovery/C1/dna_v1_stronger/target_032/result.json,1a2ccd714368d011b2be29db55f82e2c824afafa0af5de7eeefe5a91d7496f70
artifacts/priority33c/image_recovery/C1/dna_v1_stronger/target_033/arrays.npz,c0a376166c008255dba82a153dd5ef4d86f55bbe6afb68556d66bf95b1c29612
artifacts/priority33c/image_recovery/C1/dna_v1_stronger/target_033/receipt.pt,c3f3d525927c75c9f033091d4e46a404e199c74b144b692b739217f42626fe62
artifacts/priority33c/image_recovery/C1/dna_v1_stronger/target_033/result.json,6c121265d24a75b9618739c6c50667ed5111ca42a20f6f7ab45e558141bcd2eb
artifacts/priority33c/image_recovery/C1/dna_v1_stronger/target_034/arrays.npz,3f5f38d815a2376b2e276d530acc3deee5761915c654f586f2e53b1903bc5283
artifacts/priority33c/image_recovery/C1/dna_v1_stronger/target_034/receipt.pt,98933231ca9272933da8153390db0ccc1924db2a34c115c210a3fbeec324e3d0
artifacts/priority33c/image_recovery/C1/dna_v1_stronger/target_034/result.json,d18ccadc015f270c3bdf03f184a9889a02b6aacef0c950a7158229898d9749d3
artifacts/priority33c/image_recovery/C1/dna_v1_stronger/target_035/arrays.npz,32e4a0638439fa54e16de548d30ca33ff7928fa8f6c13ad5ef3d0c184c61e67e
artifacts/priority33c/image_recovery/C1/dna_v1_stronger/target_035/receipt.pt,ef6cfd5fb1f5a1e06c3011cdc52ecca66900c1f4aca5dfbb305ebe08917bd8a0
artifacts/priority33c/image_recovery/C1/dna_v1_stronger/target_035/result.json,dc20d18dd4459533061d0e1f2df546ee8cc974ef5a710173602146d0892018ea
artifacts/priority33c/image_recovery/C1/dna_v1_stronger/target_036/arrays.npz,e88e41082ca5962c45a6fd4569e0accfb06bb20e81b8e34fef2d54759ee3ef10
artifacts/priority33c/image_recovery/C1/dna_v1_stronger/target_036/receipt.pt,ced626913fbe20d0943595e33c4fe85a4f4418f1cf7584b17ca059338ba074dc
artifacts/priority33c/image_recovery/C1/dna_v1_stronger/target_036/result.json,ae79e636f1a4dda359ff885b6f6fff66e685d004e272ed843df0953c42922dc7
artifacts/priority33c/image_recovery/C1/dna_v1_stronger/target_037/arrays.npz,7a8083f712f9e27b76d8722ed3bdc301541d4d1b586db62d746aa5a1218dd38a
artifacts/priority33c/image_recovery/C1/dna_v1_stronger/target_037/receipt.pt,7b7d6fb371ce76141949da0d1caea40a30819bcd368e15ac28963be0562f4b9c
artifacts/priority33c/image_recovery/C1/dna_v1_stronger/target_037/result.json,8a4b5670b2ab1955c34eaacaf38d01d35c8a4f66b3a08fa6736b4218053db60e
artifacts/priority33c/image_recovery/C1/dna_v1_stronger/target_038/arrays.npz,46cf418a3f82f3c652109b27a855612e207f963b24ac6d4e5dd0da4f93341d75
artifacts/priority33c/image_recovery/C1/dna_v1_stronger/target_038/receipt.pt,74e326e34a398424ae2e71a748ef130549fbb2cbd77bdfe1f42140a339bedd3c
artifacts/priority33c/image_recovery/C1/dna_v1_stronger/target_038/result.json,45d1a333806e47b039df81f5ed7cdee35cea1cf6b2393db8ca7c989283fb2366
artifacts/priority33c/image_recovery/C1/dp_distortion_for_dna_v1_medium/target_000/arrays.npz,c939743726908f412b52ae2895fed25c65d677420ff7f784f36c42ad249bff9f
artifacts/priority33c/image_recovery/C1/dp_distortion_for_dna_v1_medium/target_000/receipt.pt,62fce8235cc1aad95f5dcfadeaf8c86fc33380fcc58943ac830bc0588609b8b8
artifacts/priority33c/image_recovery/C1/dp_distortion_for_dna_v1_medium/target_000/result.json,21581b5dcb0e38e0de77c2206bf2c08ea29e28a36afc1640b87861e031282350
artifacts/priority33c/image_recovery/C1/dp_distortion_for_dna_v1_medium/target_001/arrays.npz,18fa3b1064975a10cda712cf67f0ab2a7e147e6acaa790155a7b19543b1971e3
artifacts/priority33c/image_recovery/C1/dp_distortion_for_dna_v1_medium/target_001/receipt.pt,1a4902f08ae1253db6dfd3dc4972ad1125ad6070b1554d61b091295ff77b0abd
artifacts/priority33c/image_recovery/C1/dp_distortion_for_dna_v1_medium/target_001/result.json,763f200d984d3a659ac3ac49accbd158bb713b743f2fa1b6f2de386758038d7b
artifacts/priority33c/image_recovery/C1/dp_distortion_for_dna_v1_medium/target_002/arrays.npz,3642b57d4254dce1efd4f75e863d387ce32eb1dc783175156759f83be6a2d21a
artifacts/priority33c/image_recovery/C1/dp_distortion_for_dna_v1_medium/target_002/receipt.pt,6dc3f96385e64164e8206d2fe65b34584d842e6a1f9f5be0a0c76a8e2c13508d
artifacts/priority33c/image_recovery/C1/dp_distortion_for_dna_v1_medium/target_002/result.json,6e41b7f9913824d56caa5739c77c71a3dcefd043e4e32ee33f2d5664a4fb655d
artifacts/priority33c/image_recovery/C1/dp_distortion_for_dna_v1_medium/target_003/arrays.npz,af7eb1ce63d3a51847e1ff57ef64d826484ac39121715552aea60fbcd8030993
artifacts/priority33c/image_recovery/C1/dp_distortion_for_dna_v1_medium/target_003/receipt.pt,6a3224767a2d3523dadc2aa570206784703c88abaa7a2547487a5b2618c87a10
artifacts/priority33c/image_recovery/C1/dp_distortion_for_dna_v1_medium/target_003/result.json,0c01116afabe87473cfb53d5875c1acd78e3ee36824cc8a1951b65f2ee106684
artifacts/priority33c/image_recovery/C1/dp_distortion_for_dna_v1_medium/target_004/arrays.npz,d088a093d836b5390b7668ff91cfa723f4e106f37df2d29cea9c85027f66b451
artifacts/priority33c/image_recovery/C1/dp_distortion_for_dna_v1_medium/target_004/receipt.pt,9119a5f93bd3d65f9ee29f91767dcd8c502b766cd23d0b6057a6edfacf0bd562
artifacts/priority33c/image_recovery/C1/dp_distortion_for_dna_v1_medium/target_004/result.json,04f2546a9daa5231b6378dd8dc7be0efb8be0a7f50dde12872ed598edf647ec5
artifacts/priority33c/image_recovery/C1/dp_distortion_for_dna_v1_medium/target_005/arrays.npz,8f45c9ad09b5bf315870f83fd72b9ab2351d408260b11c70c10228f8c02fc24f
artifacts/priority33c/image_recovery/C1/dp_distortion_for_dna_v1_medium/target_005/receipt.pt,35291c0d53792d795ad4dcd206e8ee7cac911a47fc6b96375d993910dbb4a3e3
artifacts/priority33c/image_recovery/C1/dp_distortion_for_dna_v1_medium/target_005/result.json,514b18795a5e32d14a5441274742577ec3a4a674f2f036dbaf18a61f0c24b834
artifacts/priority33c/image_recovery/C1/dp_distortion_for_dna_v1_medium/target_006/arrays.npz,7993a0ee282db2c3c8bfb61147490496cc7f987fdd8a257d948919ce6ec0be85
artifacts/priority33c/image_recovery/C1/dp_distortion_for_dna_v1_medium/target_006/receipt.pt,2f6fbb767073375b419c311a97354e395bb41265f4d19e32defbe092b004e90e
artifacts/priority33c/image_recovery/C1/dp_distortion_for_dna_v1_medium/target_006/result.json,a6017c26f6877c7a81f9ef0bb0051e776c4be58bdb198262ebf1800d64ad84fd
artifacts/priority33c/image_recovery/C1/dp_distortion_for_dna_v1_medium/target_007/arrays.npz,d7eac9a32c84cc1850edf7cb4ecaece7268920c57215b4491ecf46ad7e37e70a
artifacts/priority33c/image_recovery/C1/dp_distortion_for_dna_v1_medium/target_007/receipt.pt,9599ee3e333ade4a7e983156dbd82abe4fc2d39fac3f50bec956883c03f460d3
artifacts/priority33c/image_recovery/C1/dp_distortion_for_dna_v1_medium/target_007/result.json,305c9a4a6b930bdd3e4d5f70ceac54463a1ca3b8f0f11b4a3efea7407d895672
artifacts/priority33c/image_recovery/C1/dp_distortion_for_dna_v1_medium/target_008/arrays.npz,4f0e7256b42980f25296c2cc6617a5d77774da356118a1e3c75054ea1210e48d
artifacts/priority33c/image_recovery/C1/dp_distortion_for_dna_v1_medium/target_008/receipt.pt,3e528a6a96146d8efe3f9f24cf27fde54deb20e796da441587663ff0a8aa3fdf
artifacts/priority33c/image_recovery/C1/dp_distortion_for_dna_v1_medium/target_008/result.json,1105ac7f4e6d4bf8d95eceb6ce69bfb6492e75ecb5fe2505ecd274e59421cf43
artifacts/priority33c/image_recovery/C1/dp_distortion_for_dna_v1_medium/target_009/arrays.npz,ef011361cfc3263508e89d40569e8c4441cb27f181c4dd35076477dec181c1a6
artifacts/priority33c/image_recovery/C1/dp_distortion_for_dna_v1_medium/target_009/receipt.pt,9e1098de7a8f8f1bc5b92cf20ba5090ef7e3c3c2942c4be71f4d4ddea054e070
artifacts/priority33c/image_recovery/C1/dp_distortion_for_dna_v1_medium/target_009/result.json,44def00db97604038a16f370024027d6a7738bcda2104137cc0850bc61be0e8d
artifacts/priority33c/image_recovery/C1/dp_distortion_for_dna_v1_medium/target_010/arrays.npz,a77071f06123da4f71a062145dd860ac8cce04f92ff739b4affd8214402be35a
artifacts/priority33c/image_recovery/C1/dp_distortion_for_dna_v1_medium/target_010/receipt.pt,8f6dbfc1488e15ad0f8e35b20832179ad4755c7df9dca46f412816c99e7e8815
artifacts/priority33c/image_recovery/C1/dp_distortion_for_dna_v1_medium/target_010/result.json,a9bc1b44e32f96b29f22618fd73550e1fa401b7feb89cad901b35c20fbe60ede
artifacts/priority33c/image_recovery/C1/dp_distortion_for_dna_v1_medium/target_011/arrays.npz,d2ea69cbda101ee8380d62b1a3d874a95b28b5f2faa20ef75b889bc7774019ed
artifacts/priority33c/image_recovery/C1/dp_distortion_for_dna_v1_medium/target_011/receipt.pt,56da876913eb2777579090f4d814bab33323fa7bd44e629ceeb9bad5f7cc2ee7
artifacts/priority33c/image_recovery/C1/dp_distortion_for_dna_v1_medium/target_011/result.json,009a7e95d424eff0322c837f7a6807d6799a33678f60b8a21c786facfbd49f2b
artifacts/priority33c/image_recovery/C1/dp_distortion_for_dna_v1_medium/target_012/arrays.npz,e7c6c0e29486305d42954c96f06343ef6ec644f6f1d77bbedbbd2a83fe3473d3
artifacts/priority33c/image_recovery/C1/dp_distortion_for_dna_v1_medium/target_012/receipt.pt,d2cdee8cd6b3c263b409be34e915048c88c00c481815fd561fc289464bf00623
artifacts/priority33c/image_recovery/C1/dp_distortion_for_dna_v1_medium/target_012/result.json,69c84af89659900774bff0271c70c50d3ec049eec2318e4da581cf0c32481957
artifacts/priority33c/image_recovery/C1/dp_distortion_for_dna_v1_medium/target_013/arrays.npz,54f46ded1fa46b9e62cd0078c789d5403a0e57fffd6e8fb81d094757def9de27
artifacts/priority33c/image_recovery/C1/dp_distortion_for_dna_v1_medium/target_013/receipt.pt,5ece65360a2c1322c6b5d4fc60baf13337cfda24b55776fc66097658e72c1f81
artifacts/priority33c/image_recovery/C1/dp_distortion_for_dna_v1_medium/target_013/result.json,70324c886eec6869e8f7a90cf186472669d8857780bf8e23f7582424100dcca5
artifacts/priority33c/image_recovery/C1/dp_distortion_for_dna_v1_medium/target_014/arrays.npz,f97a6e9e11f600f4709b0543508710633fcd929ca4bc0a89f471f5885b8ea6dd
artifacts/priority33c/image_recovery/C1/dp_distortion_for_dna_v1_medium/target_014/receipt.pt,e6ef51f0bbc55efb584222b9147a2ea0200d0cb9dac4265bf521137c5cc08c20
artifacts/priority33c/image_recovery/C1/dp_distortion_for_dna_v1_medium/target_014/result.json,08cb9889adccfa753e5c066042585862d64b60ea6abd18e4c1170d74d2a93963
artifacts/priority33c/image_recovery/C1/dp_distortion_for_dna_v1_medium/target_015/arrays.npz,bdde59b1c65c6ba82bf27ad6fe9220c34267be1faf122dab53363d6db0153bf6
artifacts/priority33c/image_recovery/C1/dp_distortion_for_dna_v1_medium/target_015/receipt.pt,2986941e65ed1b379b007208ce95a98b6a35f82d7bf47dacfa662154706c6a76
artifacts/priority33c/image_recovery/C1/dp_distortion_for_dna_v1_medium/target_015/result.json,c7d45043efbe79bcc9275882697e6f4ee2cb91b12faeaa33b4001a003afe0088
artifacts/priority33c/image_recovery/C1/dp_distortion_for_dna_v1_medium/target_016/arrays.npz,4748b92d8263c508d749e2507b28fb7ba5b732d59e0b2c2d0577456d69daa492
artifacts/priority33c/image_recovery/C1/dp_distortion_for_dna_v1_medium/target_016/receipt.pt,e627caf5e765a9be7afa2f8a418f1d5f0bbbe739d1730c51935637e4533c10ad
artifacts/priority33c/image_recovery/C1/dp_distortion_for_dna_v1_medium/target_016/result.json,9064d95865c8017ed762ffb5db2a242630515aebd68859625c45deb3224accc1
artifacts/priority33c/image_recovery/C1/dp_distortion_for_dna_v1_medium/target_017/arrays.npz,c1e84cec1f8b058204fb155a22e9a78d66f6f77541d5ce4e9a733f0887794108
artifacts/priority33c/image_recovery/C1/dp_distortion_for_dna_v1_medium/target_017/receipt.pt,b2b72caae458f558bb1dc3b0bcc10149200a1d685cddcb58b8cb9c1b632377c6
artifacts/priority33c/image_recovery/C1/dp_distortion_for_dna_v1_medium/target_017/result.json,87712dec49d81d925ef5a3695ccd5cb964502f12a57a85a701407ecf0d7137ad
artifacts/priority33c/image_recovery/C1/dp_distortion_for_dna_v1_medium/target_018/arrays.npz,b501085faafbc9f18618892a0affc9f60123cb1a457fe5e27171a7bb2799eece
artifacts/priority33c/image_recovery/C1/dp_distortion_for_dna_v1_medium/target_018/receipt.pt,68fff1e486a4c2df7377b43496d2979955737203a23edd753a3729fbc91b4b94
artifacts/priority33c/image_recovery/C1/dp_distortion_for_dna_v1_medium/target_018/result.json,1edd0996be7bfcc6115b6b6ca0d7f5e80cc824750887fc71d3a6c5aedcb2e979
artifacts/priority33c/image_recovery/C1/dp_distortion_for_dna_v1_medium/target_019/arrays.npz,0382edde0185d3421ef4baac936076c9f068305c6428e66e0b6e0beeb81e1d26
artifacts/priority33c/image_recovery/C1/dp_distortion_for_dna_v1_medium/target_019/receipt.pt,f1bc301052c87c8efad178ea9040ec93cafe3a437119267d71daf1f9a58a5cd2
artifacts/priority33c/image_recovery/C1/dp_distortion_for_dna_v1_medium/target_019/result.json,fc0e2ae0b76ee61d1ba2fe80d5b8bfa938545322711c68de5893b994113b64a4
artifacts/priority33c/image_recovery/C1/dp_distortion_for_dna_v1_medium/target_020/arrays.npz,bccc574c4b9a47abef0c3e1038bff03dfd9c77fa7647b3c23dfbec3d4021976a
artifacts/priority33c/image_recovery/C1/dp_distortion_for_dna_v1_medium/target_020/receipt.pt,80ecc47aa877ae322c9ed54fb3d7da4d71b07d291fdbda91de865b1a43994692
artifacts/priority33c/image_recovery/C1/dp_distortion_for_dna_v1_medium/target_020/result.json,85b39960347c882683b2573412fa1897d886d8bcce66a4d661258d1af64eb6e6
artifacts/priority33c/image_recovery/C1/dp_distortion_for_dna_v1_medium/target_021/arrays.npz,9477a8f3a2328430a46985524654c58fb8f633dff6a941c29b651b73ce5a126c
artifacts/priority33c/image_recovery/C1/dp_distortion_for_dna_v1_medium/target_021/receipt.pt,7bab9ef720cb18adc89749afe7cd1158d221ed03736ffc798954973eb21241f0
artifacts/priority33c/image_recovery/C1/dp_distortion_for_dna_v1_medium/target_021/result.json,97efb6eb83d0925b457bd2b79a72e63e958709c7818b029224e034371d06b4ab
artifacts/priority33c/image_recovery/C1/dp_distortion_for_dna_v1_medium/target_022/arrays.npz,2a80cd962cb5823ca505fab4808cb4b564051d2099df3987df63278335d4d6af
artifacts/priority33c/image_recovery/C1/dp_distortion_for_dna_v1_medium/target_022/receipt.pt,cb30a65ef5a8fb8949ea7e648db8fa784876690bea7f6d6c4c828d751c42aad3
artifacts/priority33c/image_recovery/C1/dp_distortion_for_dna_v1_medium/target_022/result.json,19729d2443bd879c4e2bb9b145445ca53a692d4486a6d267fc65cfe6f6fe6801
artifacts/priority33c/image_recovery/C1/dp_distortion_for_dna_v1_medium/target_023/arrays.npz,ad854ddb5659a42dbe0574cd87137f0842beb1ff326407a83d4c5a97631ff743
artifacts/priority33c/image_recovery/C1/dp_distortion_for_dna_v1_medium/target_023/receipt.pt,8264ccd7b1d44ff52da69e93d821ed92a7211422f0f133aaf1c2461bcfedd199
artifacts/priority33c/image_recovery/C1/dp_distortion_for_dna_v1_medium/target_023/result.json,409a78475fd647c0841ae8d5f82cfa52fc43e761d87bb9c1ebac45555e0d12f4
artifacts/priority33c/image_recovery/C1/dp_distortion_for_dna_v1_medium/target_024/arrays.npz,922cc71f039f60d27a1620203769cce55c3ad7aeb5107a80f3c258018ce0296a
artifacts/priority33c/image_recovery/C1/dp_distortion_for_dna_v1_medium/target_024/receipt.pt,880b34e2ec2ffa87d99efc8a0632f97234621579c371acd5a45e6a26cdb9642b
artifacts/priority33c/image_recovery/C1/dp_distortion_for_dna_v1_medium/target_024/result.json,b642c837c92d4c2bd192663f2fd48a435959dde1cfa30b2b0ce43c0b463a7f90
artifacts/priority33c/image_recovery/C1/dp_distortion_for_dna_v1_medium/target_025/arrays.npz,e5c3e386508addb6882ef46f85cad9f57e72d65f597430ff6cefe827cafa8cb6
artifacts/priority33c/image_recovery/C1/dp_distortion_for_dna_v1_medium/target_025/receipt.pt,b5dffaa909b1c969b3511b04e9379c631ce4fcecc23bd8325d0dd1c322583eea
artifacts/priority33c/image_recovery/C1/dp_distortion_for_dna_v1_medium/target_025/result.json,012142c8331274e05acf60b529869a793ec8b692bbd26376d3b397584281fde8
artifacts/priority33c/image_recovery/C1/dp_distortion_for_dna_v1_medium/target_026/arrays.npz,eed495f9383f9442464387293be41625b76784f97422f44420b66c75b696e2a3
artifacts/priority33c/image_recovery/C1/dp_distortion_for_dna_v1_medium/target_026/receipt.pt,cc1149da564b86ebf9257d66acec2efaa7df2241d128b1bf510e1db26c6e3947
artifacts/priority33c/image_recovery/C1/dp_distortion_for_dna_v1_medium/target_026/result.json,4257fc28703f15fe4d7effaa23e7344029db84486420165748bcab9653881319
artifacts/priority33c/image_recovery/C1/dp_distortion_for_dna_v1_medium/target_027/arrays.npz,8245f133175e25257bc1372468871759013b41eb394832323479eabc694880b2
artifacts/priority33c/image_recovery/C1/dp_distortion_for_dna_v1_medium/target_027/receipt.pt,82fa925ccf5a0467cd5dd3197c9d10be34f26211e2d2d964086e0eb2be85c6c9
artifacts/priority33c/image_recovery/C1/dp_distortion_for_dna_v1_medium/target_027/result.json,cb4f970e24ecb4c28dcacd62cdd3bcce55977f29da2c643ecb808f20478a966d
artifacts/priority33c/image_recovery/C1/dp_distortion_for_dna_v1_medium/target_028/arrays.npz,870ac415604679ff0e21dff3a19e05e60c99c44d861348d88c28944286c7a80a
artifacts/priority33c/image_recovery/C1/dp_distortion_for_dna_v1_medium/target_028/receipt.pt,666a4cf74044ca0d2f9111bb38c82630aefe6e07f26701ab3a9f7c9a48674aad
artifacts/priority33c/image_recovery/C1/dp_distortion_for_dna_v1_medium/target_028/result.json,18493be939d362cb5d921feedbc30c117c10bbfd3d5be925bdfbfead2d5b4ef8
artifacts/priority33c/image_recovery/C1/dp_distortion_for_dna_v1_medium/target_029/arrays.npz,519668b5a47368541756f383b2e8e5c9d6615442954bee76b717c9e774ddf953
artifacts/priority33c/image_recovery/C1/dp_distortion_for_dna_v1_medium/target_029/receipt.pt,b7ba7ce75e43e26b633dc304bb8b869d1d99ceeb488986d8c08b546e2a582bbb
artifacts/priority33c/image_recovery/C1/dp_distortion_for_dna_v1_medium/target_029/result.json,9bc37acb37bcdf5153d5ead25e354e611c940bff05c9ed73ff86b58bb1db0cb2
artifacts/priority33c/image_recovery/C1/dp_distortion_for_dna_v1_medium/target_030/arrays.npz,0431f6880eb09f1c79edefa9363432d505821ce8dcca34c26afbad9f2c63db7b
artifacts/priority33c/image_recovery/C1/dp_distortion_for_dna_v1_medium/target_030/receipt.pt,4296f282ee03fa7abce0f53a66583b4e68beac2d1aaeb68aa7c8425626d8ddea
artifacts/priority33c/image_recovery/C1/dp_distortion_for_dna_v1_medium/target_030/result.json,43bc9568e49caf5011ed1652b8b870b191e31bf20395c995c3967532c090d737
artifacts/priority33c/image_recovery/C1/dp_distortion_for_dna_v1_medium/target_031/arrays.npz,dc31aff9922feb93184c8f9d4e2e6c3a49395a90f59e73de0bfc67d22105374a
artifacts/priority33c/image_recovery/C1/dp_distortion_for_dna_v1_medium/target_031/receipt.pt,ac3d2724588a015d3a4730ef39a9ecf48e503bf121df2112bb7dffb1b2b6c1cc
artifacts/priority33c/image_recovery/C1/dp_distortion_for_dna_v1_medium/target_031/result.json,07629d659b0bba12fb75944c19df6d819136e828452a0142e60c2ab264e358e4
artifacts/priority33c/image_recovery/C1/dp_distortion_for_dna_v1_medium/target_032/arrays.npz,5afed7ca608ad79f8b91140375b79a33752187ee89a0bfcc1c468636fa3d83ac
artifacts/priority33c/image_recovery/C1/dp_distortion_for_dna_v1_medium/target_032/receipt.pt,5a734eade4e3641e23cb94183b0405bfb69c117fe3c0df53a0e20e0d0f01eb7a
artifacts/priority33c/image_recovery/C1/dp_distortion_for_dna_v1_medium/target_032/result.json,eaa7e774e4771c371ef2d5aac347b289eebc152f5bf6a1a0e60047766cb023ad
artifacts/priority33c/image_recovery/C1/dp_distortion_for_dna_v1_medium/target_033/arrays.npz,102119f3cff4039d103751604843c5a16f372d1b2ca1913e31cf5907280f07c2
artifacts/priority33c/image_recovery/C1/dp_distortion_for_dna_v1_medium/target_033/receipt.pt,671773de8b01fc5ce5cd4fbb84fafdfd9fc5173bf027f7cb451a2710bd90bec9
artifacts/priority33c/image_recovery/C1/dp_distortion_for_dna_v1_medium/target_033/result.json,f0d54a42a04e99318ecbbd3e563dd8f0defd6bb2a1350a395f58ada7fbc4afd4
artifacts/priority33c/image_recovery/C1/dp_distortion_for_dna_v1_medium/target_034/arrays.npz,0fa029b62bbdd425971dad5ac0316d8c8aaa24cb38f81986d5d3ced5941825a6
artifacts/priority33c/image_recovery/C1/dp_distortion_for_dna_v1_medium/target_034/receipt.pt,8d631c7229fc6f53cf3ea1ef8479e99efc52441c822df1e0ca6eee44c7ac2355
artifacts/priority33c/image_recovery/C1/dp_distortion_for_dna_v1_medium/target_034/result.json,61d2bcbaead05e245ebd2565337c9bc26f51be336c9390f64bff5951794103f4
artifacts/priority33c/image_recovery/C1/dp_distortion_for_dna_v1_medium/target_035/arrays.npz,798093173620c9bccd270146d2d2e8294ce81a570704a62f737228335eb5c0fe
artifacts/priority33c/image_recovery/C1/dp_distortion_for_dna_v1_medium/target_035/receipt.pt,96dc7495fc0302005a2da73248f7e87cde4920c5425d5594957f59ad238af079
artifacts/priority33c/image_recovery/C1/dp_distortion_for_dna_v1_medium/target_035/result.json,0ea326fe63428b8ed81b969108e3e4f67c51ff83d893b2bff0410edc3d5a355a
artifacts/priority33c/image_recovery/C1/dp_distortion_for_dna_v1_medium/target_036/arrays.npz,edbcd31855ae23c4e75eaa4cdb9bc84813d3073a0275f2880efcc5dd8a1abc73
artifacts/priority33c/image_recovery/C1/dp_distortion_for_dna_v1_medium/target_036/receipt.pt,40619695ae80b901a6e5bc57fef54b78896e306c39ea6dff45edfd3cf9039c69
artifacts/priority33c/image_recovery/C1/dp_distortion_for_dna_v1_medium/target_036/result.json,4c501d110314c69fab8087437deb62f29b55af45a053e2f59e4f51a6ac06c136
artifacts/priority33c/image_recovery/C1/dp_distortion_for_dna_v1_medium/target_037/arrays.npz,0414654f6967f6a4c45ceabcfa6da044e4373917dd5ce8c1ae70b5343f2a0085
artifacts/priority33c/image_recovery/C1/dp_distortion_for_dna_v1_medium/target_037/receipt.pt,52beee2d8328adef919628550077538ff4073b28a3e7069f04a4e3bb75adac39
artifacts/priority33c/image_recovery/C1/dp_distortion_for_dna_v1_medium/target_037/result.json,3b8e3d53c4fe18f5e36d7eaf9b12a4a3b41004b13edcbea572ba07627c5add54
artifacts/priority33c/image_recovery/C1/dp_distortion_for_dna_v1_medium/target_038/arrays.npz,deaff510957f90c24cc11457f0619f382418cb1f6d1a24da4ed6b20c554c0b50
artifacts/priority33c/image_recovery/C1/dp_distortion_for_dna_v1_medium/target_038/receipt.pt,4116be43dc5996e380445e07b49c6a80cbdf6e98d5296866bffccb67607c3c0f
artifacts/priority33c/image_recovery/C1/dp_distortion_for_dna_v1_medium/target_038/result.json,1257bf2a17066d0bec84a16398a2e40811bd158c6243f4c470a757210d83f6b3
artifacts/priority33c/image_recovery/C1/dp_distortion_for_dna_v1_stronger/target_000/arrays.npz,e2e970816bce8d8d2ed666fdfefc7029a00b8b3871b0f73cdc460d608e66ed56
artifacts/priority33c/image_recovery/C1/dp_distortion_for_dna_v1_stronger/target_000/receipt.pt,4f3cb179bfd63b261bf008226f6de544e0db742325129672c929c1b23233a806
artifacts/priority33c/image_recovery/C1/dp_distortion_for_dna_v1_stronger/target_000/result.json,6376555c29dcaf4203baf012106e9fa4b693dc099f94a24169de9e3aecd1c179
artifacts/priority33c/image_recovery/C1/dp_distortion_for_dna_v1_stronger/target_001/arrays.npz,07c5b0f7c3bb46bd810be80effac0205ef7e95bc47dad7afcd55344bc00b97cf
artifacts/priority33c/image_recovery/C1/dp_distortion_for_dna_v1_stronger/target_001/receipt.pt,f12bb8b398e6b51e830f01ea441d7b031647995f1a7d0367a545e17d009c3d31
artifacts/priority33c/image_recovery/C1/dp_distortion_for_dna_v1_stronger/target_001/result.json,58e5c33f2bfc210f891a8fea388df21163ca5faf16a4cdaf0524860ec3aca9d9
artifacts/priority33c/image_recovery/C1/dp_distortion_for_dna_v1_stronger/target_002/arrays.npz,974dfd1f184d8badfe42f3b70acb31a34448dd647607b7d0a795e058f0ccf3d2
artifacts/priority33c/image_recovery/C1/dp_distortion_for_dna_v1_stronger/target_002/receipt.pt,b1e688b8b8bbaecb9e575125ad1d35075ad63e4b5225b6fea1113c6509155151
artifacts/priority33c/image_recovery/C1/dp_distortion_for_dna_v1_stronger/target_002/result.json,a69637f4023580c022d2b03ba5187c519407e33ed26cb322099badb5da7639f6
artifacts/priority33c/image_recovery/C1/dp_distortion_for_dna_v1_stronger/target_003/arrays.npz,4a6b8d83106fa9c3984ee2e17962d4ce6c94790dbb125ba3c02a0f657ba7becc
artifacts/priority33c/image_recovery/C1/dp_distortion_for_dna_v1_stronger/target_003/receipt.pt,e84614cce70c0909572f127d652fa9517f47b44b2daf204d693c4db22593d970
artifacts/priority33c/image_recovery/C1/dp_distortion_for_dna_v1_stronger/target_003/result.json,cab32d91ef2bbd26d1a10780da1de1bb6b3f65060d35633877565fdc4b6482c7
artifacts/priority33c/image_recovery/C1/dp_distortion_for_dna_v1_stronger/target_004/arrays.npz,988a534b89b0c630f923f3da88654aa4dff7da34ea1f8f37a49af98b0a966a26
artifacts/priority33c/image_recovery/C1/dp_distortion_for_dna_v1_stronger/target_004/receipt.pt,c6f1f964398f23c6a08b7540a215a4079d9e88115a28b4ffccad5dbd734fca46
artifacts/priority33c/image_recovery/C1/dp_distortion_for_dna_v1_stronger/target_004/result.json,e2632379fe298dc96062a4e265abf8728380922f9307ad3c37fc1e4e03cf00d3
artifacts/priority33c/image_recovery/C1/dp_distortion_for_dna_v1_stronger/target_005/arrays.npz,880f41477e9073d4f71080b07bf3a2a53d8b156b9c2792dcb59b87d05127f389
artifacts/priority33c/image_recovery/C1/dp_distortion_for_dna_v1_stronger/target_005/receipt.pt,3b6520d39cd6b09c3dc0b094fa9fe96d5ef58f29ab0e412c24215c4908ee20e8
artifacts/priority33c/image_recovery/C1/dp_distortion_for_dna_v1_stronger/target_005/result.json,200effcf6529bbcb00997fe36917f7488703f1cfdb081e524b73b4cf50eb6738
artifacts/priority33c/image_recovery/C1/dp_distortion_for_dna_v1_stronger/target_006/arrays.npz,3b745d8fa9f52b3995294828c326bcf4cac37396f757495199e1abd2ed6f174e
artifacts/priority33c/image_recovery/C1/dp_distortion_for_dna_v1_stronger/target_006/receipt.pt,d76de0b11352c8b9833d0d5703f91a0480b05cebd8898db02870fb02e7f91d12
artifacts/priority33c/image_recovery/C1/dp_distortion_for_dna_v1_stronger/target_006/result.json,101907a1826469dd24eb9176720a820aab04a7549e8d39aeb20910a1b33d95ae
artifacts/priority33c/image_recovery/C1/dp_distortion_for_dna_v1_stronger/target_007/arrays.npz,fe105b73853f02bd2bea249ab2762bcf61b7c5a53570ceaba865b0b4a754fd84
artifacts/priority33c/image_recovery/C1/dp_distortion_for_dna_v1_stronger/target_007/receipt.pt,619141994e52e3f2802e39d1bb8bfd98b56ba65e36d1cdfda4f11d33252d0dfe
artifacts/priority33c/image_recovery/C1/dp_distortion_for_dna_v1_stronger/target_007/result.json,46172b24192a8f5837cd3ebcd1b21bfedd55b519c19d5a6746ea124fcc520c3e
artifacts/priority33c/image_recovery/C1/dp_distortion_for_dna_v1_stronger/target_008/arrays.npz,e6460ce3dc1b4713ffbaef0009e6be3319c78b7e8db2f18454fc65f3e9a430b1
artifacts/priority33c/image_recovery/C1/dp_distortion_for_dna_v1_stronger/target_008/receipt.pt,478a055bcd574310c89d552dccefe09decff25a017cae8ace1c0c1abe588d0c2
artifacts/priority33c/image_recovery/C1/dp_distortion_for_dna_v1_stronger/target_008/result.json,00fe4c03c954f82868223cab1115b9b436834b3737308dbffb11234cb60c959a
artifacts/priority33c/image_recovery/C1/dp_distortion_for_dna_v1_stronger/target_009/arrays.npz,300d2fa9d8deb809d69eedcbeae4f0897f6ea80e19b5fa3b206bdd47fee279db
artifacts/priority33c/image_recovery/C1/dp_distortion_for_dna_v1_stronger/target_009/receipt.pt,3809037ce44a00e3dea42706d8f4b2fdaacf29498e077ec9458c880cb36c7a3b
artifacts/priority33c/image_recovery/C1/dp_distortion_for_dna_v1_stronger/target_009/result.json,2f60d5bc1fd50e59c7ea013c3e5133d70347e8159567787a6a588164618d3557
artifacts/priority33c/image_recovery/C1/dp_distortion_for_dna_v1_stronger/target_010/arrays.npz,0e09034383e4315249fad9bb5c9c365b49073683f30e63a2af853607afdc9a7e
artifacts/priority33c/image_recovery/C1/dp_distortion_for_dna_v1_stronger/target_010/receipt.pt,b37b21aa01e119742d3179af6f2c1863a9753fa14da5795a7b16f552de6f7002
artifacts/priority33c/image_recovery/C1/dp_distortion_for_dna_v1_stronger/target_010/result.json,f73e0b88602291190b7f93f8b4270e9d26f0d6fc7a8da29ee76c193fc385f701
artifacts/priority33c/image_recovery/C1/dp_distortion_for_dna_v1_stronger/target_011/arrays.npz,2e33088ee1ad83ef12057107a6cbf5c6bca329c2a2d62e2fa66f6427e0aac901
artifacts/priority33c/image_recovery/C1/dp_distortion_for_dna_v1_stronger/target_011/receipt.pt,d150145245c29710527f26cb053a77b16e540ac932fe2c1815a63ce6ae4cb716
artifacts/priority33c/image_recovery/C1/dp_distortion_for_dna_v1_stronger/target_011/result.json,029ba5d3000bc9923ff2a93ed31298e32eb1499e6ffee1464717a24eafa0661e
artifacts/priority33c/image_recovery/C1/dp_distortion_for_dna_v1_stronger/target_012/arrays.npz,f159e0cf773109b40ed89ea897c2cda2da52d6c3bd223b26e9458dc548265476
artifacts/priority33c/image_recovery/C1/dp_distortion_for_dna_v1_stronger/target_012/receipt.pt,9e04bfe29a42d4be8a121de6bfe1ffe6951934ddb4914bcdaa6e5f38c944a82e
artifacts/priority33c/image_recovery/C1/dp_distortion_for_dna_v1_stronger/target_012/result.json,60a3aa2ef3d7fbade033a4b93584db0ac604e0f72987966c17c316ce8643225e
artifacts/priority33c/image_recovery/C1/dp_distortion_for_dna_v1_stronger/target_013/arrays.npz,cb937950bc81347f219a0ddbab2ae80599e9ebe936273e8fd22987abd19b769f
artifacts/priority33c/image_recovery/C1/dp_distortion_for_dna_v1_stronger/target_013/receipt.pt,e4af17bcf23433d1db6a0a3c50a3d0e446b9fb99f5291fdef5c2c8dea3ccadb5
artifacts/priority33c/image_recovery/C1/dp_distortion_for_dna_v1_stronger/target_013/result.json,bc980a25296ba5200b8ed0eae7531f0ee98f0afde7331b76b9409cfde743f24c
artifacts/priority33c/image_recovery/C1/dp_distortion_for_dna_v1_stronger/target_014/arrays.npz,53ab7bcc9a0f9b287fc7115c15b28a36c556ff4e6e30d5f2ff3710b9fedbce74
artifacts/priority33c/image_recovery/C1/dp_distortion_for_dna_v1_stronger/target_014/receipt.pt,27b4e4099cc8aa2adbab9a7a15a743f1cd631e24ee968a7440d446af771cacec
artifacts/priority33c/image_recovery/C1/dp_distortion_for_dna_v1_stronger/target_014/result.json,8df1bc98a3000103ab6ccbad7c7203147ee4792d0bb28f378020cb7e676aba1c
artifacts/priority33c/image_recovery/C1/dp_distortion_for_dna_v1_stronger/target_015/arrays.npz,eb4bb319db315918524ed569fbe5849e9ca9718d3294d9bac0fe441b65db09d8
artifacts/priority33c/image_recovery/C1/dp_distortion_for_dna_v1_stronger/target_015/receipt.pt,c85bac3784592f14beba2dd6c0c4313a26c9e8ce98df2b297b0b6fe4f8a20168
artifacts/priority33c/image_recovery/C1/dp_distortion_for_dna_v1_stronger/target_015/result.json,a65a0053e65c7273c7a2d745802abe2d87f887f3a0c0b9d2b307d2fed1054a7c
artifacts/priority33c/image_recovery/C1/dp_distortion_for_dna_v1_stronger/target_016/arrays.npz,31378f24443409e6b78c3c2a046d3df2028241f884680b8296dc97e696c61b7a
artifacts/priority33c/image_recovery/C1/dp_distortion_for_dna_v1_stronger/target_016/receipt.pt,6ee03ed2f46339429b04f18a3ad7fbd4a2d536e5b8313bf283d013f5676b94bb
artifacts/priority33c/image_recovery/C1/dp_distortion_for_dna_v1_stronger/target_016/result.json,03107d79941adcb89df144af2ef0501a9402b2630b762673b8764004b84b65ea
artifacts/priority33c/image_recovery/C1/dp_distortion_for_dna_v1_stronger/target_017/arrays.npz,fabc2920526beffb0d61c431b5c53e89b0ce7e371a4a4dc697d019849f3f9be4
artifacts/priority33c/image_recovery/C1/dp_distortion_for_dna_v1_stronger/target_017/receipt.pt,f5cb41e436fe3be6232d66eaeff71c2e6fabf03bc6c3ad1e1b308ef493858290
artifacts/priority33c/image_recovery/C1/dp_distortion_for_dna_v1_stronger/target_017/result.json,4dad52f430f99b8e4b828a0c863d75b17a676783d1895de33535435a90a65e62
artifacts/priority33c/image_recovery/C1/dp_distortion_for_dna_v1_stronger/target_018/arrays.npz,02e196cf8925405a997a94d02df4a1281697ffffef7a95409d59e89996254ad9
artifacts/priority33c/image_recovery/C1/dp_distortion_for_dna_v1_stronger/target_018/receipt.pt,94221e8f83ed9e1fde214a2668699d13c32d6d6f507ed71a34ea4129c151ebe4
artifacts/priority33c/image_recovery/C1/dp_distortion_for_dna_v1_stronger/target_018/result.json,9348244bb8182c476394ea97ad372f73a7b6545dc8739e2fe1a73cfa4e8674c2
artifacts/priority33c/image_recovery/C1/dp_distortion_for_dna_v1_stronger/target_019/arrays.npz,605d2712bb6c0367c5b49e44884bb7891e7c733a13e3238dd23b0a339b93c4f3
artifacts/priority33c/image_recovery/C1/dp_distortion_for_dna_v1_stronger/target_019/receipt.pt,3991acf71ea2a629a9282fbdc6cfdb8ade1eee22fbcc105382bffa753665dd0e
artifacts/priority33c/image_recovery/C1/dp_distortion_for_dna_v1_stronger/target_019/result.json,17f6f094633ae269212b15444edb98bdf37159a1ded154d9b5d753f2fffc9a11
artifacts/priority33c/image_recovery/C1/dp_distortion_for_dna_v1_stronger/target_020/arrays.npz,7c7f9e259c60a578a6d0ae1fab74f3d12b52bbe4d7cde544fae72be8d4f42258
artifacts/priority33c/image_recovery/C1/dp_distortion_for_dna_v1_stronger/target_020/receipt.pt,287a096453b44e7b4643d848d9e117f99b773c993237e964c2754c981f175a03
artifacts/priority33c/image_recovery/C1/dp_distortion_for_dna_v1_stronger/target_020/result.json,f9a458c7dc7f6c70d73ee7444db382501710572398488fc0c1bc40971ad58c1c
artifacts/priority33c/image_recovery/C1/dp_distortion_for_dna_v1_stronger/target_021/arrays.npz,ccd4ca289d340e589a294180b2630e30d7dad067e4ba89c0342a73cc99514643
artifacts/priority33c/image_recovery/C1/dp_distortion_for_dna_v1_stronger/target_021/receipt.pt,4f9cd4f50473827c961f2c4342dbcc51a882452d7ed474172ad3d7052dd3573d
artifacts/priority33c/image_recovery/C1/dp_distortion_for_dna_v1_stronger/target_021/result.json,51a9423dbf6a0d067aaf96515c969c296273659db0020f1ed9237d556463d8a1
artifacts/priority33c/image_recovery/C1/dp_distortion_for_dna_v1_stronger/target_022/arrays.npz,d24813d7ce6944e6e74aad7a5251ffeb5ff9a770b46a491fe7ccf6fef7229df9
artifacts/priority33c/image_recovery/C1/dp_distortion_for_dna_v1_stronger/target_022/receipt.pt,c1486f23639ac8c54303ff4840f9c50c274d5cca6c45535570e68f235c5aa7b1
artifacts/priority33c/image_recovery/C1/dp_distortion_for_dna_v1_stronger/target_022/result.json,5feb58229ca763b563c596602ef87253692198f769c2695573f14eca38eb2c19
artifacts/priority33c/image_recovery/C1/dp_distortion_for_dna_v1_stronger/target_023/arrays.npz,f00068a822c4415d8634a6c2664bac8acbe8960c113c0014ab9bba956cfd79cc
artifacts/priority33c/image_recovery/C1/dp_distortion_for_dna_v1_stronger/target_023/receipt.pt,3c118ceb8ee714ac8c3d3aa098f76d2039ed49d827e78c5d92ee5ac0ce9d31cc
artifacts/priority33c/image_recovery/C1/dp_distortion_for_dna_v1_stronger/target_023/result.json,4d8d7b7bb4a95f38caaa718a1bb95d9ead350cf336420986cc5351996242d705
artifacts/priority33c/image_recovery/C1/dp_distortion_for_dna_v1_stronger/target_024/arrays.npz,42ac7c79ed39d98bce02323017cad78c632695d7f1437747a63ed9198dc4caa9
artifacts/priority33c/image_recovery/C1/dp_distortion_for_dna_v1_stronger/target_024/receipt.pt,3d84dedc97f8d0865c0b0973cfab54cf756440e16ee029a8f5b26be0e92c6214
artifacts/priority33c/image_recovery/C1/dp_distortion_for_dna_v1_stronger/target_024/result.json,50046b1193f2c42aef632328609f00b84a67891bff751fad5f7bf8faf0dbf939
artifacts/priority33c/image_recovery/C1/dp_distortion_for_dna_v1_stronger/target_025/arrays.npz,20697e8cc90ab6e8b39d069afb2d89a7a7337733c33f1292605a1f1b1620d2a1
artifacts/priority33c/image_recovery/C1/dp_distortion_for_dna_v1_stronger/target_025/receipt.pt,dcf277a400c7703c88de57df654687aebf479d37456d91eef28da592c351ee67
artifacts/priority33c/image_recovery/C1/dp_distortion_for_dna_v1_stronger/target_025/result.json,ba97a192ec5f5262f799ca907ff34465a6eccedc4e8907c3fb852861a70da824
artifacts/priority33c/image_recovery/C1/dp_distortion_for_dna_v1_stronger/target_026/arrays.npz,a1d42c039b677fca9bc22787eeec91ca04ab591ae0ad4c37126d013ea474e505
artifacts/priority33c/image_recovery/C1/dp_distortion_for_dna_v1_stronger/target_026/receipt.pt,505ee9e4e4d9d669c8b57b47771aa506cdfb2d9ff93850af1faf62ee44895af0
artifacts/priority33c/image_recovery/C1/dp_distortion_for_dna_v1_stronger/target_026/result.json,885758eaf98625a5e5416e39143946ac47f5ae84f787d821311049e3c142df66
artifacts/priority33c/image_recovery/C1/dp_distortion_for_dna_v1_stronger/target_027/arrays.npz,f6bd44c19544e2f6dbea0765903b281a072fdac2a6d7e9e92f80cfcd0b4acb90
artifacts/priority33c/image_recovery/C1/dp_distortion_for_dna_v1_stronger/target_027/receipt.pt,f9bb0237c8180528442535cc9d38caefa44ad254cf0d1b3a1eb316de2202d2f3
artifacts/priority33c/image_recovery/C1/dp_distortion_for_dna_v1_stronger/target_027/result.json,7d7aea2976bb4c1dcc7e11ae670aa6f5d003443f327dc2d47521645f28ec4d43
artifacts/priority33c/image_recovery/C1/dp_distortion_for_dna_v1_stronger/target_028/arrays.npz,e3d46e896e47f98b184c9a3302ff1a5ff52cd58945fcd7b06626e89d36466432
artifacts/priority33c/image_recovery/C1/dp_distortion_for_dna_v1_stronger/target_028/receipt.pt,0b4da6b0621428fe406eed62c8b9e255bc514808f8ac0fbf7348d5ed9a5dc2b5
artifacts/priority33c/image_recovery/C1/dp_distortion_for_dna_v1_stronger/target_028/result.json,6a2aefc3e8ac71a054bc0b89b76f91386eed8b177bafb4dd5341e95f3c0d9e88
artifacts/priority33c/image_recovery/C1/dp_distortion_for_dna_v1_stronger/target_029/arrays.npz,b77b1d8abfd529fd811ed3319bc64e75fa7cdee6308402fd4337d99ab0165d7f
artifacts/priority33c/image_recovery/C1/dp_distortion_for_dna_v1_stronger/target_029/receipt.pt,3384df9c9f93060db1a598fdcd62253f9e2c0d795c678255ac7859b365b75342
artifacts/priority33c/image_recovery/C1/dp_distortion_for_dna_v1_stronger/target_029/result.json,d7da3f50bf33ad18dbbcb0d36d096885b817e55635ee3c9f2f270648d0379f96
artifacts/priority33c/image_recovery/C1/dp_distortion_for_dna_v1_stronger/target_030/arrays.npz,df88f516bc58e2f6639c74268f6ff23242ec1af4d90dfa8abb86bad66ee1bf6f
artifacts/priority33c/image_recovery/C1/dp_distortion_for_dna_v1_stronger/target_030/receipt.pt,07e4e825febf6d9352d080b7ed9c5cc70ec1a7cbc9505f87af430d89dabe0e11
artifacts/priority33c/image_recovery/C1/dp_distortion_for_dna_v1_stronger/target_030/result.json,a9b00de1a29f9f5cabf9987c81bb17b3c88b78cceb07a7d8e7aa5daf29b3430b
artifacts/priority33c/image_recovery/C1/dp_distortion_for_dna_v1_stronger/target_031/arrays.npz,e80e930dd4ca08dfe2b44a013a6ac472ebee32b05a816ee00b14ced8617349f3
artifacts/priority33c/image_recovery/C1/dp_distortion_for_dna_v1_stronger/target_031/receipt.pt,a2213de39bf1afd08dce95e77dcbda99ee8fa00b2b6729231b6bde3f2044989b
artifacts/priority33c/image_recovery/C1/dp_distortion_for_dna_v1_stronger/target_031/result.json,43e38a478e5b8b9f948511ed6cd5c88333c93bfd356b30a46b4c14e2e81f0425
artifacts/priority33c/image_recovery/C1/dp_distortion_for_dna_v1_stronger/target_032/arrays.npz,4f0be24b3d10ad56f1459b1254d78e86941d19266f1c1509bcf85f9ba4313397
artifacts/priority33c/image_recovery/C1/dp_distortion_for_dna_v1_stronger/target_032/receipt.pt,9dfdea1d64178cbbf5b053d1d46c297c71eec0aac42c75dc9a9faa3e4bb394aa
artifacts/priority33c/image_recovery/C1/dp_distortion_for_dna_v1_stronger/target_032/result.json,efa2fe191ed904e3cc522168e844e225f8e679aa82dc65cfb412189dee54b9e1
artifacts/priority33c/image_recovery/C1/dp_distortion_for_dna_v1_stronger/target_033/arrays.npz,350436b5f17e5b11a8380619d0b065561f1ffd8725923bf60d75b2e25fa745c8
artifacts/priority33c/image_recovery/C1/dp_distortion_for_dna_v1_stronger/target_033/receipt.pt,b6b7a9bf8c8b98ade679e5322220b6c716289e9a1e8f995b4e1263b4dd4f436d
artifacts/priority33c/image_recovery/C1/dp_distortion_for_dna_v1_stronger/target_033/result.json,9f5efd1a9d9f7ca2aea195ce438b13f49902bba97fb7555936abacc8cb9d3fb0
artifacts/priority33c/image_recovery/C1/dp_distortion_for_dna_v1_stronger/target_034/arrays.npz,96f4ead1dee4e43b8dacab0fb8b23ab3c7368b2bc71114dd9e906a7124b9ab0f
artifacts/priority33c/image_recovery/C1/dp_distortion_for_dna_v1_stronger/target_034/receipt.pt,e90e3ea0193938a5d4b1b1c4f515990d34ff874a11beaf307124b62c4fbc0e56
artifacts/priority33c/image_recovery/C1/dp_distortion_for_dna_v1_stronger/target_034/result.json,a446fd29ddb71ffda1e356f09b2e9fcb045f20c953a33f9fc2dbab1782ca4227
artifacts/priority33c/image_recovery/C1/dp_distortion_for_dna_v1_stronger/target_035/arrays.npz,9b2cd48b83e5764706fe1e5c8af02dca57f2cc68c12de8b9d0bafed03c7087a5
artifacts/priority33c/image_recovery/C1/dp_distortion_for_dna_v1_stronger/target_035/receipt.pt,c16ecb55377d74adb74a299fd0cc74fed4b16c271116632ea9d665f2a80ec66d
artifacts/priority33c/image_recovery/C1/dp_distortion_for_dna_v1_stronger/target_035/result.json,ecc2946f2184469abe6d51cefabd2877c5a0ea2b199797a71f5e77e47267a2e9
artifacts/priority33c/image_recovery/C1/dp_distortion_for_dna_v1_stronger/target_036/arrays.npz,d2e232a6abbf2bc6b1ee042127222ebc5974d98ab9f5fb573b374190f7645c85
artifacts/priority33c/image_recovery/C1/dp_distortion_for_dna_v1_stronger/target_036/receipt.pt,a356b41d38487728bfd849cd33612b79bb6f539e416d188a7e0940c4840340e9
artifacts/priority33c/image_recovery/C1/dp_distortion_for_dna_v1_stronger/target_036/result.json,5023e32625035c1f72d10dc2316ac091c08b6da667a753063a0f813cae36019f
artifacts/priority33c/image_recovery/C1/dp_distortion_for_dna_v1_stronger/target_037/arrays.npz,a436ced77745b4e081d41ece93b98c8394620e7247e5f19657dac6b11bd561a6
artifacts/priority33c/image_recovery/C1/dp_distortion_for_dna_v1_stronger/target_037/receipt.pt,b39879088923c9110f4d701cfc4478cd6705b2695a5d19090f238506504fa550
artifacts/priority33c/image_recovery/C1/dp_distortion_for_dna_v1_stronger/target_037/result.json,9eec006438e349d7b9e0d8018e4c42d3c6ab3fc474430491890ae355551c5a5f
artifacts/priority33c/image_recovery/C1/dp_distortion_for_dna_v1_stronger/target_038/arrays.npz,7bfcb07a29d4e5e95d1d201ccd20b4ab61bd19959aca1393de89b2513c687124
artifacts/priority33c/image_recovery/C1/dp_distortion_for_dna_v1_stronger/target_038/receipt.pt,9044254d6efab97878d11cb797d73080f9e6392d7290eec26a58a80cb0687749
artifacts/priority33c/image_recovery/C1/dp_distortion_for_dna_v1_stronger/target_038/result.json,532ce5aa59318eb1000ec21ef4f07ddb27ffdc6ccbfe0f9540c85f542bdd677b
artifacts/priority33c/image_recovery/C1/dp_single_for_dna_v1_medium/target_000/arrays.npz,3e235429724b269d8c992c0763d8eba4bbedeb2e1f3223bb0237c6c2a47f2445
artifacts/priority33c/image_recovery/C1/dp_single_for_dna_v1_medium/target_000/receipt.pt,3429ac34ffcc22b90b24445b3f05d10c58247e009304189303af163626792169
artifacts/priority33c/image_recovery/C1/dp_single_for_dna_v1_medium/target_000/result.json,839d3132cee565d16a2cf9ca2aa3cf2f7ab84b906e57051da3f1b816adb681e0
artifacts/priority33c/image_recovery/C1/dp_single_for_dna_v1_medium/target_001/arrays.npz,641fc13e2d14d2de5cef3617338a2f21c7d17e1ba593912702f013bfeee8b666
artifacts/priority33c/image_recovery/C1/dp_single_for_dna_v1_medium/target_001/receipt.pt,a9755de14f0964c8b4d0f7f2bae7efe63d3cfe94dd7e9b1db4f55c9fd7508c36
artifacts/priority33c/image_recovery/C1/dp_single_for_dna_v1_medium/target_001/result.json,3f2593eba8991750ba7dc989bdf62df4749248664d27a2715aa92207fd728b73
artifacts/priority33c/image_recovery/C1/dp_single_for_dna_v1_medium/target_002/arrays.npz,205ffd693463d055d0098577977a1979c5b338c1dcf45469c174c37eb3c911ab
artifacts/priority33c/image_recovery/C1/dp_single_for_dna_v1_medium/target_002/receipt.pt,83c841455b3d484ceb21a27b194252d9b9b8d5e2ee32b21223cdaedb5f3018d5
artifacts/priority33c/image_recovery/C1/dp_single_for_dna_v1_medium/target_002/result.json,dac28115a32c73cac539314c85ebff6a9fe162f36df4577ace70e00ba9dfbba3
artifacts/priority33c/image_recovery/C1/dp_single_for_dna_v1_medium/target_003/arrays.npz,dd1738d3f550be02b317098d1973f866b96eb6fe9032f63bb1ab05aaf151ac72
artifacts/priority33c/image_recovery/C1/dp_single_for_dna_v1_medium/target_003/receipt.pt,ef6e74cf3cc66bcd93170f32e9f7e529fa931ca3a36a0a9c641173679c5fec19
artifacts/priority33c/image_recovery/C1/dp_single_for_dna_v1_medium/target_003/result.json,485b7b90d54d8f6a05242a287d4c5a6f2afc4cf25e8ad976669521e5ba96e7e8
artifacts/priority33c/image_recovery/C1/dp_single_for_dna_v1_medium/target_004/arrays.npz,79159d149ac6586dca934ae2d8cdcd5b4728946b28d6f4f3f706f860806d7bd6
artifacts/priority33c/image_recovery/C1/dp_single_for_dna_v1_medium/target_004/receipt.pt,eb446c99ce79196e89678a46617beea48f251d338f0535ec6fc36778930805fb
artifacts/priority33c/image_recovery/C1/dp_single_for_dna_v1_medium/target_004/result.json,8a6c48ce061ac0934044b50eb13520ab33701ffe8e188a6e00185b61199353af
artifacts/priority33c/image_recovery/C1/dp_single_for_dna_v1_medium/target_005/arrays.npz,5cd4ee24643653b745dc75e82e0056d7534b06d174f2a668bf28f18c17148b02
artifacts/priority33c/image_recovery/C1/dp_single_for_dna_v1_medium/target_005/receipt.pt,7f37e2967e9b7d8c773bc3eb0ccab2f9262c552e66dc43d97d4c606f2c0ed4ee
artifacts/priority33c/image_recovery/C1/dp_single_for_dna_v1_medium/target_005/result.json,5017f626cee9b73429fa834978f5d6636a1d4f2ccae497cfbd36ef14cbb405f2
artifacts/priority33c/image_recovery/C1/dp_single_for_dna_v1_medium/target_006/arrays.npz,05c3ff86811386ccb698638f8f8e5ce7155f3209bc69d6b179df64183e080bd7
artifacts/priority33c/image_recovery/C1/dp_single_for_dna_v1_medium/target_006/receipt.pt,3c2e218d469a0248123893aee2ea8016e29f287044eb898fc33ebb24c8c3edfd
artifacts/priority33c/image_recovery/C1/dp_single_for_dna_v1_medium/target_006/result.json,f4c070dd508c06c65cfc300d077e6bf2745f3c0e3e6ffb72b4ba99ae12b2d217
artifacts/priority33c/image_recovery/C1/dp_single_for_dna_v1_medium/target_007/arrays.npz,69d2c4ac3def6f3235a90dab940100a4322dc38961a35ddc347e4791aa7eb0f2
artifacts/priority33c/image_recovery/C1/dp_single_for_dna_v1_medium/target_007/receipt.pt,e4e1e16a28c1c98dbb5ed3a454c5b6a36d97e14c5490726e308c76d4a0bb739f
artifacts/priority33c/image_recovery/C1/dp_single_for_dna_v1_medium/target_007/result.json,cd2d6bee60b3590f7dd73d0e7ecee5c313e172c551f817efdd1df385b6e83cb8
artifacts/priority33c/image_recovery/C1/dp_single_for_dna_v1_medium/target_008/arrays.npz,3797df799bdd7dffacbdc6ca690e5ce95d8aa40db5740f568f63ac9b8fcbaaaa
artifacts/priority33c/image_recovery/C1/dp_single_for_dna_v1_medium/target_008/receipt.pt,13254deaecd1454b203bec058936d1c9eefa891555ae6b997af52c36ad64ed2b
artifacts/priority33c/image_recovery/C1/dp_single_for_dna_v1_medium/target_008/result.json,f4e31628fb9a21ddf49a7086ea2daff0f9af793bdd4298292485ea8afa3895bf
artifacts/priority33c/image_recovery/C1/dp_single_for_dna_v1_medium/target_009/arrays.npz,f12ca87f37160fb871359b5a8d6a480d313c903870d6f0810c0795ea956072fb
artifacts/priority33c/image_recovery/C1/dp_single_for_dna_v1_medium/target_009/receipt.pt,95aeb85969ccfc38a322028d1e2961588196df3c13c18161d0161c642b2ff04b
artifacts/priority33c/image_recovery/C1/dp_single_for_dna_v1_medium/target_009/result.json,18b8591c556e9b592ed215e734745c2bd2e48bbd7266fcea31bf525ac96a2f7a
artifacts/priority33c/image_recovery/C1/dp_single_for_dna_v1_medium/target_010/arrays.npz,0b7de1f86b9fcdd342a4206442d524cf88daf7be924035e6ece04324df58e196
artifacts/priority33c/image_recovery/C1/dp_single_for_dna_v1_medium/target_010/receipt.pt,c3fb2b058c657cbbe304a66c5773d5be6b640e8c633c19776e075d8d46cc518f
artifacts/priority33c/image_recovery/C1/dp_single_for_dna_v1_medium/target_010/result.json,2d5e61ec77fbf995fcca3890fd1eff4688f1fd9886ef8e0659ed40831ceb53ed
artifacts/priority33c/image_recovery/C1/dp_single_for_dna_v1_medium/target_011/arrays.npz,211508b744036a6b1fdbb0fabb66b4a4718b25373271dc5ca212d9f05702c6d9
artifacts/priority33c/image_recovery/C1/dp_single_for_dna_v1_medium/target_011/receipt.pt,064c9e6924949138650571f1712455f68ed952b6b897d458d6596f3e94ffc625
artifacts/priority33c/image_recovery/C1/dp_single_for_dna_v1_medium/target_011/result.json,aaa8fd483b8f62d8eb824c5c0a4c9ce2128732ca5a87cb41c71c2aa7307fc057
artifacts/priority33c/image_recovery/C1/dp_single_for_dna_v1_medium/target_012/arrays.npz,78bb6062fdf762c3be6dad5a1cd037bfb37f7d75ce414f633d7d6647c3a6c0c3
artifacts/priority33c/image_recovery/C1/dp_single_for_dna_v1_medium/target_012/receipt.pt,e0db851dbd1c96a80c042cea871479008a3c8dd9904e080b5a3d308a8ad47b9b
artifacts/priority33c/image_recovery/C1/dp_single_for_dna_v1_medium/target_012/result.json,15e5e4a5a71969839e83c9a058ffb9579b0bf5ec3570e2b16d9c934ad5ec2069
artifacts/priority33c/image_recovery/C1/dp_single_for_dna_v1_medium/target_013/arrays.npz,9b4a644b3cff9e9111400c2f22fc70922b8a65946d710c00c5687de9282ef5cd
artifacts/priority33c/image_recovery/C1/dp_single_for_dna_v1_medium/target_013/receipt.pt,b320c85ca776b26c6a12ff211ff3ed92c6ebcd950416de192d7648a8bd4f6955
artifacts/priority33c/image_recovery/C1/dp_single_for_dna_v1_medium/target_013/result.json,29f484987c11abf48f5e9cc52121947ab7b27ef9da4616e851bf7b2c66396720
artifacts/priority33c/image_recovery/C1/dp_single_for_dna_v1_medium/target_014/arrays.npz,f410adc2cdedcac7b91a11d9a1b1bce844b698a02f9077614cb97109e670cfd3
artifacts/priority33c/image_recovery/C1/dp_single_for_dna_v1_medium/target_014/receipt.pt,5f2040cf304358cdf012ab0a8aec7912eaf37a2baec463ad22c8a5df8574a8ef
artifacts/priority33c/image_recovery/C1/dp_single_for_dna_v1_medium/target_014/result.json,51c28121ee966b79b9eb4c3dbc50bae14e819a8b26cdb93f786e9714fbc2bbf1
artifacts/priority33c/image_recovery/C1/dp_single_for_dna_v1_medium/target_015/arrays.npz,c7c7e50d827e44a40b2f8e8d69f47429c614c816431024044ab6080f41e6f126
artifacts/priority33c/image_recovery/C1/dp_single_for_dna_v1_medium/target_015/receipt.pt,e0151cad73b15cfbe1e85eb11b823809c7208367a1e555ada5104522af68a7b7
artifacts/priority33c/image_recovery/C1/dp_single_for_dna_v1_medium/target_015/result.json,586d97482229d0ecc65c1fdccb5f70186b88a4521ab797ee2b4ddfd61e31e261
artifacts/priority33c/image_recovery/C1/dp_single_for_dna_v1_medium/target_016/arrays.npz,eb1d6487097606bd7c55de945397e0ece623930ddd3e215aff39fbe5bb6c9c3c
artifacts/priority33c/image_recovery/C1/dp_single_for_dna_v1_medium/target_016/receipt.pt,69b5da3853bc62a829ecb10097647ccee922c8d594147af77fd807ad482c6e46
artifacts/priority33c/image_recovery/C1/dp_single_for_dna_v1_medium/target_016/result.json,c91f980a6933fee101c38c1526002d79c90c8902896c860b3492c3cfb24f0930
artifacts/priority33c/image_recovery/C1/dp_single_for_dna_v1_medium/target_017/arrays.npz,33973c241ec4851781f6c3603b26de10ea22f53209e6754ce0ec07fd0d85291f
artifacts/priority33c/image_recovery/C1/dp_single_for_dna_v1_medium/target_017/receipt.pt,431ab995c8ce939bc60713490e124174099deee2efb7de2716f97c6a0bf0ca40
artifacts/priority33c/image_recovery/C1/dp_single_for_dna_v1_medium/target_017/result.json,f70d857a12e8e9fc91b3035ec03f5fc659a27fa2e272128a662db2ef0d3e091d
artifacts/priority33c/image_recovery/C1/dp_single_for_dna_v1_medium/target_018/arrays.npz,faa147a1875c5dedf9187b58ac4ffc506aeb1f028a78ad8c46c706e35ea5f767
artifacts/priority33c/image_recovery/C1/dp_single_for_dna_v1_medium/target_018/receipt.pt,c2ccacfe125896e9a0541b680bac9493eced582a71d4bf80f15fa070395982a3
artifacts/priority33c/image_recovery/C1/dp_single_for_dna_v1_medium/target_018/result.json,2c4ea41ed0a260fc03be2983f9d8948d8194065f698350f78b417d4c2edea10c
artifacts/priority33c/image_recovery/C1/dp_single_for_dna_v1_medium/target_019/arrays.npz,b1f9ad53fe40de20c267057ce0b57d94f303e1cbecd551d18d0382eaf9e00d40
artifacts/priority33c/image_recovery/C1/dp_single_for_dna_v1_medium/target_019/receipt.pt,da9ab7c5dc5907d751b42f48822dd80b5ff04e49b1c9e53a5d314580f1da3a7a
artifacts/priority33c/image_recovery/C1/dp_single_for_dna_v1_medium/target_019/result.json,e0d0ebc09f722939641bc5c440fa81da3362f8011134f95c032e5f47009f9897
artifacts/priority33c/image_recovery/C1/dp_single_for_dna_v1_medium/target_020/arrays.npz,915409485ee4ca1aec4a973dd8de3e47fb2ed862b002cf63ca3e9ad8e6b10188
artifacts/priority33c/image_recovery/C1/dp_single_for_dna_v1_medium/target_020/receipt.pt,8eb3711f8681cb0b480b378d743b4fb005a5d38c91876b4db5e6cdf53e4c0744
artifacts/priority33c/image_recovery/C1/dp_single_for_dna_v1_medium/target_020/result.json,81c4ace33946865a6526f642594b901791c20b2abc4b5dc64e4558626fb6c648
artifacts/priority33c/image_recovery/C1/dp_single_for_dna_v1_medium/target_021/arrays.npz,b58111c6501213a6d92d6164b8b04041c5a14deda62d8b4b633f9e37f295a820
artifacts/priority33c/image_recovery/C1/dp_single_for_dna_v1_medium/target_021/receipt.pt,2b671dde797d2466175afa01c4f7fab23c8b01ef41fd14e0e1093fa5d5ebc7af
artifacts/priority33c/image_recovery/C1/dp_single_for_dna_v1_medium/target_021/result.json,2d214232eac535496a3f69531d12e4690c33bee3547a512de0c8b991df1dba4f
artifacts/priority33c/image_recovery/C1/dp_single_for_dna_v1_medium/target_022/arrays.npz,582d9f873ded43ef9eee388b3d3117293a9cdc7d807888d5c6ba5741e047f98d
artifacts/priority33c/image_recovery/C1/dp_single_for_dna_v1_medium/target_022/receipt.pt,ecccc6bbde4de7d4d4b9902ab938e6a01a2d2c169c5dce8703e7060046338844
artifacts/priority33c/image_recovery/C1/dp_single_for_dna_v1_medium/target_022/result.json,89bf2178e12e419dbb4f10546b325ca68258800f4ba467c8ebfd2fa90a2800d2
artifacts/priority33c/image_recovery/C1/dp_single_for_dna_v1_medium/target_023/arrays.npz,86c47684fea575f047c32d7eae3240dbd0a3154338c024ce055899c3db807888
artifacts/priority33c/image_recovery/C1/dp_single_for_dna_v1_medium/target_023/receipt.pt,79e1729315472bbe328f39ec6bc90a5f7830e111ca7a43273da4d9bb07ee0fce
artifacts/priority33c/image_recovery/C1/dp_single_for_dna_v1_medium/target_023/result.json,4c5c94b21cfeaf7e58050de469df5b52fe8153be0047e92bdf88941250e00f08
artifacts/priority33c/image_recovery/C1/dp_single_for_dna_v1_medium/target_024/arrays.npz,6b6d19e592718928d28032e7fb45f0e81c910baf3ba434bf08fa234942d4e24d
artifacts/priority33c/image_recovery/C1/dp_single_for_dna_v1_medium/target_024/receipt.pt,a6b2ddf4284f42ce5a63453d338625d7a2366c4a28497f1713bd8ccb6db071e3
artifacts/priority33c/image_recovery/C1/dp_single_for_dna_v1_medium/target_024/result.json,0bf823277d6fa3537086404c207e807d5afe5213abdace58bf87cd22eb358649
artifacts/priority33c/image_recovery/C1/dp_single_for_dna_v1_medium/target_025/arrays.npz,54319cad1f5048550960b9e0ff2fde62dacef94091862520335ef75314542a8e
artifacts/priority33c/image_recovery/C1/dp_single_for_dna_v1_medium/target_025/receipt.pt,6be5da445497617abcc74abf1d462b8415c0b961e88bf4fb776a5050b23bf40a
artifacts/priority33c/image_recovery/C1/dp_single_for_dna_v1_medium/target_025/result.json,5b85fb9d613e846d3965027d1c34fa6ab0899bafdfa2f42378c184168ab371ed
artifacts/priority33c/image_recovery/C1/dp_single_for_dna_v1_medium/target_026/arrays.npz,52f24058ab05034f1cd14053d9e968c229a256d0762592943a350db64d83c26c
artifacts/priority33c/image_recovery/C1/dp_single_for_dna_v1_medium/target_026/receipt.pt,3b67c3c1fa015ef8b8f68f2e664d1fba2021919f51ae92328d0a9a79bea7a88d
artifacts/priority33c/image_recovery/C1/dp_single_for_dna_v1_medium/target_026/result.json,147afde00d99ab3e13197c368fa97b37553a921c13682d1f9f5e1d017029f31d
artifacts/priority33c/image_recovery/C1/dp_single_for_dna_v1_medium/target_027/arrays.npz,8bdae39a5a61636b85ece800ec1fe24449145c36dcc166da7a84601a52fd246c
artifacts/priority33c/image_recovery/C1/dp_single_for_dna_v1_medium/target_027/receipt.pt,00c9fc50796104902b45f57c4c19a262752af18821fa67c6739e8e9c58a9f5d0
artifacts/priority33c/image_recovery/C1/dp_single_for_dna_v1_medium/target_027/result.json,dbe58083c549ded57f010f024f5ccb06f64ce2aabb568a7df84ff1c479065a30
artifacts/priority33c/image_recovery/C1/dp_single_for_dna_v1_medium/target_028/arrays.npz,1949f5ca1f1492be968b71cb9b70916aa02c44a93e565510f697b63b163cdfdc
artifacts/priority33c/image_recovery/C1/dp_single_for_dna_v1_medium/target_028/receipt.pt,c5884bc329e7eff460136d7c549292400de78d59ef1ac7a4c144e9ff5cd4a737
artifacts/priority33c/image_recovery/C1/dp_single_for_dna_v1_medium/target_028/result.json,e666b5a9458726fcc9e95857adedba5a4bd5228a76531952a49d017c94c86460
artifacts/priority33c/image_recovery/C1/dp_single_for_dna_v1_medium/target_029/arrays.npz,b345ba8e3a86d14ec45aa553cda168940bbc2f9ed4c1c6e5e4d3d2ada3f804e3
artifacts/priority33c/image_recovery/C1/dp_single_for_dna_v1_medium/target_029/receipt.pt,4e4956268f77e442bb7b6f2e87daceb01177d815855564497311b944d60cd718
artifacts/priority33c/image_recovery/C1/dp_single_for_dna_v1_medium/target_029/result.json,e61b8d18557dd50cef8a9d583645951aa43b5473a70beff5d211220473b87980
artifacts/priority33c/image_recovery/C1/dp_single_for_dna_v1_medium/target_030/arrays.npz,d5cfd2182d6fb8440b49251010dc93e60724b8f66a452f549e87d31e77f7d265
artifacts/priority33c/image_recovery/C1/dp_single_for_dna_v1_medium/target_030/receipt.pt,b08f84982bab4c1959f0615a2553c043e596fa2b43aa55dff89be8cbbda52471
artifacts/priority33c/image_recovery/C1/dp_single_for_dna_v1_medium/target_030/result.json,19de563cdb592cb71c6edc537cb17525fdfbd9de2c9e45adc934df156a69f267
artifacts/priority33c/image_recovery/C1/dp_single_for_dna_v1_medium/target_031/arrays.npz,def7477dec2a86ff1cc5a5a76c66ef9d5ee310e58523ced1546e46b25aa55a20
artifacts/priority33c/image_recovery/C1/dp_single_for_dna_v1_medium/target_031/receipt.pt,cd48ab91981968012c28d75dbdd4f02f228814f9a6ca71445f51eec4889473fa
artifacts/priority33c/image_recovery/C1/dp_single_for_dna_v1_medium/target_031/result.json,6b0bfb89d811038c5fa15ced23a1025eea501fec547cae2d314c764c3cd28a48
artifacts/priority33c/image_recovery/C1/dp_single_for_dna_v1_medium/target_032/arrays.npz,d6fc161e21f0fd1c37fbf858acaee67cb8451dd409b7b2786dad9ef187b9e787
artifacts/priority33c/image_recovery/C1/dp_single_for_dna_v1_medium/target_032/receipt.pt,fe2292263038825c4e8288b89386657318de875727749d5dfcd93ea15cf7fe57
artifacts/priority33c/image_recovery/C1/dp_single_for_dna_v1_medium/target_032/result.json,51c6f9156da5ee864492c0facafe3308c50f1c47cd4d44528e0e3dd1d5ac4de7
artifacts/priority33c/image_recovery/C1/dp_single_for_dna_v1_medium/target_033/arrays.npz,3f783f87a8162f31c5ca4b761b2a4d92baccc7ee5a104c39ed2b8647eba291a6
artifacts/priority33c/image_recovery/C1/dp_single_for_dna_v1_medium/target_033/receipt.pt,e8880798add246fc987328fd76ca0ec5a61c736ad2f39edc66cb43154d166142
artifacts/priority33c/image_recovery/C1/dp_single_for_dna_v1_medium/target_033/result.json,cf320599a3414b44ef244792a0b09996262a0f9e2d4d8d00f1d4213b26f47885
artifacts/priority33c/image_recovery/C1/dp_single_for_dna_v1_medium/target_034/arrays.npz,15d94102c2fe6c0df824dd5eaaaafc16bfaab699dcd30c88a0ffe544253a3c2d
artifacts/priority33c/image_recovery/C1/dp_single_for_dna_v1_medium/target_034/receipt.pt,87f4740be9956388969031d677e043e02e122b532f54f2942b2847fb7dc662c6
artifacts/priority33c/image_recovery/C1/dp_single_for_dna_v1_medium/target_034/result.json,c4efa47ded9d52f9b87fce1a96ae970006eecaeafbe7d00d8732608d413a683b
artifacts/priority33c/image_recovery/C1/dp_single_for_dna_v1_medium/target_035/arrays.npz,858898ca76876a2ef556a9698cec3e2554490a30d09ed6207a18368322dc94b8
artifacts/priority33c/image_recovery/C1/dp_single_for_dna_v1_medium/target_035/receipt.pt,cdd96a33e82fac439947492f292c5e6b344dcc2de3679b87d07ff95701c1c240
artifacts/priority33c/image_recovery/C1/dp_single_for_dna_v1_medium/target_035/result.json,006539201efe4da054b9778edb1c6802d0b2fc96b4afcf5125d27d237d056c5d
artifacts/priority33c/image_recovery/C1/dp_single_for_dna_v1_medium/target_036/arrays.npz,bd7a085e7218450cc8d16a2705e90c40bd4216d7f21fd3d0067bae224450206e
artifacts/priority33c/image_recovery/C1/dp_single_for_dna_v1_medium/target_036/receipt.pt,4e6a42ff8c7f6494060ed2b510e162ea8c34f5ba2a274e88ed1242fa9930d06d
artifacts/priority33c/image_recovery/C1/dp_single_for_dna_v1_medium/target_036/result.json,a0e17b62fe69a8386ba7f886b49ce15db797095da8665d7c4f1cf38d1571f9ee
artifacts/priority33c/image_recovery/C1/dp_single_for_dna_v1_medium/target_037/arrays.npz,26e0e45962ec8b7a810657656f9fd05a67118b45edb2de35ba89dbe3eb779e87
artifacts/priority33c/image_recovery/C1/dp_single_for_dna_v1_medium/target_037/receipt.pt,b479d304a1486528d8d36e91b9897ab3ec0315e6dff9c8da58e7e8261ae582a7
artifacts/priority33c/image_recovery/C1/dp_single_for_dna_v1_medium/target_037/result.json,aee23f3e71aa7f7139214adb2cb606e2b701c629187114ad256c69332ab47243
artifacts/priority33c/image_recovery/C1/dp_single_for_dna_v1_medium/target_038/arrays.npz,b1deb9d3e92f8c42f0fd5c1d11ba9c96f49c7e6db66d28432714a8c2741f8647
artifacts/priority33c/image_recovery/C1/dp_single_for_dna_v1_medium/target_038/receipt.pt,ea11d22e01784167fc15fd3d60388df173b22f3832f6f99e4c5e0efa0b7a292a
artifacts/priority33c/image_recovery/C1/dp_single_for_dna_v1_medium/target_038/result.json,797253419c769638f8e7e04210ce68fa5ac77f24669afdef6511f2b6321426b3
artifacts/priority33c/image_recovery/C1/dp_single_for_dna_v1_stronger/target_000/arrays.npz,fdafe06b68b6fc4109e748b333de803d831c02a4b9029ded2bec3b8e0564ac46
artifacts/priority33c/image_recovery/C1/dp_single_for_dna_v1_stronger/target_000/receipt.pt,b480c4a14f2fa42676d5cef0ef52a362bef29421f305b84f99bfc987f98c6d0f
artifacts/priority33c/image_recovery/C1/dp_single_for_dna_v1_stronger/target_000/result.json,0d4ac25d466123e44702237788843366b843bbb8510b7c9c32c1da4c8bf00f3f
artifacts/priority33c/image_recovery/C1/dp_single_for_dna_v1_stronger/target_001/arrays.npz,24d8e28fceb324e6a91a70ee31e62748d88e60c808e78a5ea87924d321753882
artifacts/priority33c/image_recovery/C1/dp_single_for_dna_v1_stronger/target_001/receipt.pt,c194022bbd8864b4f2d510a06af919fd2074763d855cfb986899637ce55c00c7
artifacts/priority33c/image_recovery/C1/dp_single_for_dna_v1_stronger/target_001/result.json,9d8e3a6ec51a632b6d8bdb3215e506b26c965b7bdd11cfeb2e561a803db8afa5
artifacts/priority33c/image_recovery/C1/dp_single_for_dna_v1_stronger/target_002/arrays.npz,f1343a5e1b8b15bd82fc400d2a3bcc5b44b102fc392a2db09611b3b7b0cb9c74
artifacts/priority33c/image_recovery/C1/dp_single_for_dna_v1_stronger/target_002/receipt.pt,657cf555cfc2045213bd93e4a8d05b9b1e105050421dd6c5741faddc169c7bde
artifacts/priority33c/image_recovery/C1/dp_single_for_dna_v1_stronger/target_002/result.json,60aaffbb8901f15d597efc01b75511fab552cf6b7a721acd96bbe1639dc0f5ca
artifacts/priority33c/image_recovery/C1/dp_single_for_dna_v1_stronger/target_003/arrays.npz,7ab4c347bd4f4c747618baf6460f4565ba9e4a9805f3bd0bfc3212601dd4d732
artifacts/priority33c/image_recovery/C1/dp_single_for_dna_v1_stronger/target_003/receipt.pt,9afbc3a80fea2c09b948c42666f9141e551384fc8688e6b30d7a8571e0640dbc
artifacts/priority33c/image_recovery/C1/dp_single_for_dna_v1_stronger/target_003/result.json,ccc10fc847eca9b98e196987ef19867db5c0e6174f69041b1209985e00c3c74b
artifacts/priority33c/image_recovery/C1/dp_single_for_dna_v1_stronger/target_004/arrays.npz,0c75946e51c687e872a9f87b59de063747af19108fa7981ef27df9b73485debd
artifacts/priority33c/image_recovery/C1/dp_single_for_dna_v1_stronger/target_004/receipt.pt,2c096f0e1df6be25a69a0ccf3fcb715d7934f8e2316fb0a75c760731705af8fc
artifacts/priority33c/image_recovery/C1/dp_single_for_dna_v1_stronger/target_004/result.json,5664c02986a05382e09a36b83a553dcebd07a4e9b1a7fe54af5d853e94596419
artifacts/priority33c/image_recovery/C1/dp_single_for_dna_v1_stronger/target_005/arrays.npz,4ec82a71c9b3dd2e5979c8594552e4871e23f962c893103aea52b2f7f15bd216
artifacts/priority33c/image_recovery/C1/dp_single_for_dna_v1_stronger/target_005/receipt.pt,28c17370d51bc9ab8a12092d256f3939a0ff333f65064f8db0f4f1dea4a6da0a
artifacts/priority33c/image_recovery/C1/dp_single_for_dna_v1_stronger/target_005/result.json,b1a79403c826b951e0d61004c06d651f6f8ef4d6306d74ea5dd1531ae307d553
artifacts/priority33c/image_recovery/C1/dp_single_for_dna_v1_stronger/target_006/arrays.npz,b06c5f6a055dac6063356dccbe32bf354bb23b56c36692d819d84eed18ceae09
artifacts/priority33c/image_recovery/C1/dp_single_for_dna_v1_stronger/target_006/receipt.pt,55986463f5cde37c996618fea8757a9efe9e0e7a591acf28c0c65ab2564b94d5
artifacts/priority33c/image_recovery/C1/dp_single_for_dna_v1_stronger/target_006/result.json,24b6feec2527db7186e7d10680c5f577ab36478aed5ae17090219fa85f539d6d
artifacts/priority33c/image_recovery/C1/dp_single_for_dna_v1_stronger/target_007/arrays.npz,90366d7fb1d6cddd1cfbcb3d34de09c11c1782216c6acc3c86fe1c9b1ccff993
artifacts/priority33c/image_recovery/C1/dp_single_for_dna_v1_stronger/target_007/receipt.pt,6b3b3fd9e739c56051016b2ddf7e0850436bd4100fc7304313877a49db50f1ee
artifacts/priority33c/image_recovery/C1/dp_single_for_dna_v1_stronger/target_007/result.json,ec9fe81e0732522e4aea47aa54d83930934cdceff9fb4917d65a194210338dc4
artifacts/priority33c/image_recovery/C1/dp_single_for_dna_v1_stronger/target_008/arrays.npz,4a6f56111299f4c209e61393156a5d1eb3b6045ba8ed3dc912fdce64e0b6345b
artifacts/priority33c/image_recovery/C1/dp_single_for_dna_v1_stronger/target_008/receipt.pt,ed0ba477f4df4c0dff34aa9fd0b27217c8fdf151d067339c76de04867aef836a
artifacts/priority33c/image_recovery/C1/dp_single_for_dna_v1_stronger/target_008/result.json,64054261a6999256fbb6ba1b901d99d8c5744081132bf6c220326fa3fe6f6f8d
artifacts/priority33c/image_recovery/C1/dp_single_for_dna_v1_stronger/target_009/arrays.npz,3409bd1656af3de3233eb20b6f7720fcba6cc6db46358b18b417ead626fd1f43
artifacts/priority33c/image_recovery/C1/dp_single_for_dna_v1_stronger/target_009/receipt.pt,0834f3400eb799be48bbfe37f05a9c6489aa661f0edd2cd189ee4a7574d249f1
artifacts/priority33c/image_recovery/C1/dp_single_for_dna_v1_stronger/target_009/result.json,c2e89796a14b112fa0a1d707a30a75d76da2fb435dd08bff776f508ecae1f801
artifacts/priority33c/image_recovery/C1/dp_single_for_dna_v1_stronger/target_010/arrays.npz,93535980779c9ffe6a3fff8eecee06159c7a016fd329d7badb5e2e118f997e65
artifacts/priority33c/image_recovery/C1/dp_single_for_dna_v1_stronger/target_010/receipt.pt,731882917131b89da7598de8bd052a4c486759d28cda5970e6a0198edd4fe335
artifacts/priority33c/image_recovery/C1/dp_single_for_dna_v1_stronger/target_010/result.json,4d1345f7b00167a84a6d0ccf8e772483a40b96916cf02e8ad16137e628888dd4
artifacts/priority33c/image_recovery/C1/dp_single_for_dna_v1_stronger/target_011/arrays.npz,f8d973797317737cbec5e1b47351f51bb9445472ae84e4e077416b1c769e9b59
artifacts/priority33c/image_recovery/C1/dp_single_for_dna_v1_stronger/target_011/receipt.pt,f53a1654b931f89335575267d99bcd5da56004f92d526ac8e4098ab6cd707315
artifacts/priority33c/image_recovery/C1/dp_single_for_dna_v1_stronger/target_011/result.json,d1efe34d859367b3a559f2949677b143200d14e430da57eac91a5a684d597d53
artifacts/priority33c/image_recovery/C1/dp_single_for_dna_v1_stronger/target_012/arrays.npz,575cde2296952da6a21e7e209d21ea34ae4b60cec6f8cfc31d1639ec402b740e
artifacts/priority33c/image_recovery/C1/dp_single_for_dna_v1_stronger/target_012/receipt.pt,43bb71d26c06e1b3aff8d93e27d9577284432675af7e0b6f17131d0bed0fb2a4
artifacts/priority33c/image_recovery/C1/dp_single_for_dna_v1_stronger/target_012/result.json,767ec17dee193e6bb701fa089f8512761e026e1f40ec3eb88391a52726ab4d7c
artifacts/priority33c/image_recovery/C1/dp_single_for_dna_v1_stronger/target_013/arrays.npz,7d368d7c43a2f246b21e486a188548d1d1885e41b0f4148033c69e02e5b06060
artifacts/priority33c/image_recovery/C1/dp_single_for_dna_v1_stronger/target_013/receipt.pt,f78fcad095b7eab6d3a91e435f8e12d100fcab951dfa0e9efd59aa69c5b73302
artifacts/priority33c/image_recovery/C1/dp_single_for_dna_v1_stronger/target_013/result.json,7bd56426f917cd81c8d3e174a24d0c65b55dc753cbab585970e9cbee1f1c7e4b
artifacts/priority33c/image_recovery/C1/dp_single_for_dna_v1_stronger/target_014/arrays.npz,24a1d431c3f2cb7e7417dd6ba5cd00e7af7681acd0513cd723ee9ea35c5fa1ac
artifacts/priority33c/image_recovery/C1/dp_single_for_dna_v1_stronger/target_014/receipt.pt,cd3540f9cfc1973b0475612d26806e10603e892dc7a6aa6f430e8351ce058b1b
artifacts/priority33c/image_recovery/C1/dp_single_for_dna_v1_stronger/target_014/result.json,ebe6cf35d3643c02e9e30210e65f58647168b8749ee3cd2c3198f5f30259d714
artifacts/priority33c/image_recovery/C1/dp_single_for_dna_v1_stronger/target_015/arrays.npz,95f51b7234a998ee0816d33095e52bbf45a82ed31f5798127596e58604794e87
artifacts/priority33c/image_recovery/C1/dp_single_for_dna_v1_stronger/target_015/receipt.pt,36f80c036989dc8ae2e3d4211320ed2c7ba629c0b70278f85b8f03861b39ceb9
artifacts/priority33c/image_recovery/C1/dp_single_for_dna_v1_stronger/target_015/result.json,609613bfb68e8da01e85cab86f0ffc086620783150205921c37f6f893c629a55
artifacts/priority33c/image_recovery/C1/dp_single_for_dna_v1_stronger/target_016/arrays.npz,2f729d1073478e228fa45c69aa2026b5dfadf03bc856bee8d141f70f677b99c0
artifacts/priority33c/image_recovery/C1/dp_single_for_dna_v1_stronger/target_016/receipt.pt,bc4e661f22645c9d5a3e8914cf9b69a3a554efa93b5ba68bf2c2b6401c15c626
artifacts/priority33c/image_recovery/C1/dp_single_for_dna_v1_stronger/target_016/result.json,0405371932fd93e4957b7c1439be81699fdfc16a22fffcee8977131699521375
artifacts/priority33c/image_recovery/C1/dp_single_for_dna_v1_stronger/target_017/arrays.npz,e558a5cff0c2dea6005ce3153c31696758e4a5765d5fee9466ad3f15ff23db99
artifacts/priority33c/image_recovery/C1/dp_single_for_dna_v1_stronger/target_017/receipt.pt,1c43c0a6f71377af78e729f9fa4b2938d3aa960a1f632410d93587a407b4afa2
artifacts/priority33c/image_recovery/C1/dp_single_for_dna_v1_stronger/target_017/result.json,164c7b9e3f53b54d47347226a303a5bb5ef82c0c8133baba9b53da7ad9744243
artifacts/priority33c/image_recovery/C1/dp_single_for_dna_v1_stronger/target_018/arrays.npz,b3d8db083abf484b31d0515c7c1ddfe95c974f090e8cf411b0c8e0875e8f45e6
artifacts/priority33c/image_recovery/C1/dp_single_for_dna_v1_stronger/target_018/receipt.pt,3817357902c926bfa76b8810b9e35f84882cbbc3703090e91f69a35be5b4f031
artifacts/priority33c/image_recovery/C1/dp_single_for_dna_v1_stronger/target_018/result.json,b05c876870905209b56479fcfb899ffb0d46a8c5d259205be46f0cc1082c3ab0
artifacts/priority33c/image_recovery/C1/dp_single_for_dna_v1_stronger/target_019/arrays.npz,a39bee3c0fa50d8c3ba70ab5489147a0d7d1dfb3c17d79ddb01410e9b0b2a190
artifacts/priority33c/image_recovery/C1/dp_single_for_dna_v1_stronger/target_019/receipt.pt,a76e9f932b74ece4557f66521ff8298b4771aca52eea9934ed1867deacfa14b1
artifacts/priority33c/image_recovery/C1/dp_single_for_dna_v1_stronger/target_019/result.json,e173188eabb18e3ca18f6d5da71433c8a0bfbac24185d17c59b713017e2a1d09
artifacts/priority33c/image_recovery/C1/dp_single_for_dna_v1_stronger/target_020/arrays.npz,cd20bd94411a3c4132f80b3e5812315116538a018a23566590a8ddfd533eac1a
artifacts/priority33c/image_recovery/C1/dp_single_for_dna_v1_stronger/target_020/receipt.pt,f387c7c32a389a74f1d9e78dfe415d96bbc9d23d97eb220636e21f5cd994a274
artifacts/priority33c/image_recovery/C1/dp_single_for_dna_v1_stronger/target_020/result.json,09688b09dfc4d136ce639968e96447d67b85c3a33e79e24e9823b1babcbf2c7f
artifacts/priority33c/image_recovery/C1/dp_single_for_dna_v1_stronger/target_021/arrays.npz,dfff3616472034dfa4cee7f0122a0c19825b155824b234ee3bdf0775097e6baf
artifacts/priority33c/image_recovery/C1/dp_single_for_dna_v1_stronger/target_021/receipt.pt,29311a268eba26cb8947fc5074f52425bc75c4f44d95d254dc57e21ed1020eff
artifacts/priority33c/image_recovery/C1/dp_single_for_dna_v1_stronger/target_021/result.json,f3c875b45c55c7fb722df604eacce4beada29142a8842d82d987b8c4ef0c6d57
artifacts/priority33c/image_recovery/C1/dp_single_for_dna_v1_stronger/target_022/arrays.npz,de8d9818ece2f9ba6bfbe5ef2aa1034b123272d17b089a8dbb4924d0f4b0e457
artifacts/priority33c/image_recovery/C1/dp_single_for_dna_v1_stronger/target_022/receipt.pt,c3b19781422c54bd1a5f546625e0a86008f3e54f249a37be46480bd8305d88c1
artifacts/priority33c/image_recovery/C1/dp_single_for_dna_v1_stronger/target_022/result.json,56f1ee3a56760cc12aa79c12a088657d46ee62865bd1205a817322e222666082
artifacts/priority33c/image_recovery/C1/dp_single_for_dna_v1_stronger/target_023/arrays.npz,457c37a49cea62e2efafc2da64ed8a986526e0945a5df484d7d409e51670f378
artifacts/priority33c/image_recovery/C1/dp_single_for_dna_v1_stronger/target_023/receipt.pt,1b8e3058b8d357a6de0927233f3c8f56c7f46ca5f6c45c20d41a2d3813b82362
artifacts/priority33c/image_recovery/C1/dp_single_for_dna_v1_stronger/target_023/result.json,806663b64b9c1bb753360c06f16cd7b3fd909430b55147704b6805672d81c250
artifacts/priority33c/image_recovery/C1/dp_single_for_dna_v1_stronger/target_024/arrays.npz,64586d51e1a3ac37f2b71edc15594c26c2f5e7d0da786339cc1354558956cfe8
artifacts/priority33c/image_recovery/C1/dp_single_for_dna_v1_stronger/target_024/receipt.pt,531ee7543e014f72871be00d758699c5129c8e6aa90699722e58c0071d13c0de
artifacts/priority33c/image_recovery/C1/dp_single_for_dna_v1_stronger/target_024/result.json,3c4e5007de1d1c1555eee2a624db51a460287a78718a0c0478eb28aa20b2928b
artifacts/priority33c/image_recovery/C1/dp_single_for_dna_v1_stronger/target_025/arrays.npz,11dac85f30032495105f4972f9a16f30cb2408dfbb1c5f02233e96fbbd4320f7
artifacts/priority33c/image_recovery/C1/dp_single_for_dna_v1_stronger/target_025/receipt.pt,140912c4c5ef2650c19cf8605184c339ce9ebaa91a86c405200e4364f1bd52a4
artifacts/priority33c/image_recovery/C1/dp_single_for_dna_v1_stronger/target_025/result.json,45ce91c62e37af63d19682c3b1e3bf88429d7e726486c47abff6e4d15fd9e58d
artifacts/priority33c/image_recovery/C1/dp_single_for_dna_v1_stronger/target_026/arrays.npz,653c2790fee1e2f32f640abc143a4862fffd98b1fa72b33d60ae692553ea6842
artifacts/priority33c/image_recovery/C1/dp_single_for_dna_v1_stronger/target_026/receipt.pt,3cfddf322876e8b5cfdd5b629bdd42fd488fd639e1f3bd8ff0f6137f7919ee67
artifacts/priority33c/image_recovery/C1/dp_single_for_dna_v1_stronger/target_026/result.json,aab10eba981ac644d3b31601855c0c280d7457891e97f18a109c3efe707b059a
artifacts/priority33c/image_recovery/C1/dp_single_for_dna_v1_stronger/target_027/arrays.npz,6773057f8fcf513c56535d29793ebc383b19781b3c77d5210205983ddee12e7d
artifacts/priority33c/image_recovery/C1/dp_single_for_dna_v1_stronger/target_027/receipt.pt,fae51636b7c95e437ee530f0673ed185a402ad3511f6535d9f79b8b2549c4efc
artifacts/priority33c/image_recovery/C1/dp_single_for_dna_v1_stronger/target_027/result.json,1de7b9baaec11b5c9a8d05ea2030578882a88dfb8c2a35d62fc63e498ebcc677
artifacts/priority33c/image_recovery/C1/dp_single_for_dna_v1_stronger/target_028/arrays.npz,2e649fe07a97c6f49873165e87c35d3fcd3ad2db7cad8ee3f83325af17b226cd
artifacts/priority33c/image_recovery/C1/dp_single_for_dna_v1_stronger/target_028/receipt.pt,bca358483e0c2aa9d96d482184ddd098d8310a0e8aef5591f9cd7e90b449028b
artifacts/priority33c/image_recovery/C1/dp_single_for_dna_v1_stronger/target_028/result.json,02f1407460e2c26b77d635a0991d607dfd32cf3525c3f22772ef783b5aab66fb
artifacts/priority33c/image_recovery/C1/dp_single_for_dna_v1_stronger/target_029/arrays.npz,6e3b117fdadd8a1479a06ad3256661660d4cd2c7ad300218c7f75bda64e7e318
artifacts/priority33c/image_recovery/C1/dp_single_for_dna_v1_stronger/target_029/receipt.pt,dcbacad7c04bc19cdb8b7995e86eb546e5753e31f1921855b800fb81577198d6
artifacts/priority33c/image_recovery/C1/dp_single_for_dna_v1_stronger/target_029/result.json,1922f7c4b811fc56aa1d061574a2e074d541639e1edc207c0a94b5acd6d7e1cc
artifacts/priority33c/image_recovery/C1/dp_single_for_dna_v1_stronger/target_030/arrays.npz,f13d5d4776668d1a8066e28b50cab42d65f4de1c681f24ba66a62619b782f7ba
artifacts/priority33c/image_recovery/C1/dp_single_for_dna_v1_stronger/target_030/receipt.pt,96472690e9a0af83da5120e19456acc2820edc2527ab9e696601beb6a2d8d999
artifacts/priority33c/image_recovery/C1/dp_single_for_dna_v1_stronger/target_030/result.json,7e832901aeb2ff68b4173320635db65f3b9da61f9756512bb4ed35867cdf8827
artifacts/priority33c/image_recovery/C1/dp_single_for_dna_v1_stronger/target_031/arrays.npz,e345cec2052572143758dfdb62d6ba62567b91ab4a58d9c412fe4be8525321a8
artifacts/priority33c/image_recovery/C1/dp_single_for_dna_v1_stronger/target_031/receipt.pt,992e1dcfe650a4be3b2edb8c6151a066bb56233c08a37414b05082017b11c3ac
artifacts/priority33c/image_recovery/C1/dp_single_for_dna_v1_stronger/target_031/result.json,98d70a7444884b851e9349252392688855f40a2310173661b94da92368e08b00
artifacts/priority33c/image_recovery/C1/dp_single_for_dna_v1_stronger/target_032/arrays.npz,37b3b9393fc22b6911ba6fe779e9b8f15de0e5394a5596944e5b916cd836be3f
artifacts/priority33c/image_recovery/C1/dp_single_for_dna_v1_stronger/target_032/receipt.pt,80bb7c75ee183d07cf3603d71c6b45f26ebbe5942d95c17f44bd50d0c9db41da
artifacts/priority33c/image_recovery/C1/dp_single_for_dna_v1_stronger/target_032/result.json,cd2cebccdb635014fa33c454cecc5d5fd4ed53ad9f5156f9d5f90512bf9f6e48
artifacts/priority33c/image_recovery/C1/dp_single_for_dna_v1_stronger/target_033/arrays.npz,5460f91457ac3848b491f94c02a803ef8e771577431980dbd97cc4939d3eb5ea
artifacts/priority33c/image_recovery/C1/dp_single_for_dna_v1_stronger/target_033/receipt.pt,70cc5413e035d691136c93dc6f3ae1a5f1d0642bd9a7ab63ae5c719569f83448
artifacts/priority33c/image_recovery/C1/dp_single_for_dna_v1_stronger/target_033/result.json,e0538fdf49fdf98ac1a6a335c43efe8a674e8736a27db2b42aec47921cd61338
artifacts/priority33c/image_recovery/C1/dp_single_for_dna_v1_stronger/target_034/arrays.npz,4f8901668d6e043a8786418805aa846d2a9b3dc7288e0bb2c93c42d8b5385bfd
artifacts/priority33c/image_recovery/C1/dp_single_for_dna_v1_stronger/target_034/receipt.pt,cc21aab45b0f72ae043370c8873d60e06bf5b0c88222f72a113109fdc94377e2
artifacts/priority33c/image_recovery/C1/dp_single_for_dna_v1_stronger/target_034/result.json,9b2732619d6c5df049e2384fe8c933a596777d82a5f3213551ac0b451943290b
artifacts/priority33c/image_recovery/C1/dp_single_for_dna_v1_stronger/target_035/arrays.npz,7875ab62e728ccfe9143fdd3246dae32d8f3189ac061f58642291c00984c89a9
artifacts/priority33c/image_recovery/C1/dp_single_for_dna_v1_stronger/target_035/receipt.pt,91549f7b5912c9b10fd68c47656dd1de8d8400962cd4f2e2c1f44c14067b9c83
artifacts/priority33c/image_recovery/C1/dp_single_for_dna_v1_stronger/target_035/result.json,f5792d0e94883e57cc3888c9090ca423ade1bc45c14c285bfd8a5f788952fa27
artifacts/priority33c/image_recovery/C1/dp_single_for_dna_v1_stronger/target_036/arrays.npz,38a696340496bba04294c04e1dfe8bdf8b7a8e25aba1aba63277fccb69f91855
artifacts/priority33c/image_recovery/C1/dp_single_for_dna_v1_stronger/target_036/receipt.pt,ade102e3475d24ea0eb4889029e35b96b635e6eec4f284594906ccd0c6871854
artifacts/priority33c/image_recovery/C1/dp_single_for_dna_v1_stronger/target_036/result.json,21fa872e0ae7c39f479f2e467e87c69fcd220db07f4a7b25d2887568a381b2d3
artifacts/priority33c/image_recovery/C1/dp_single_for_dna_v1_stronger/target_037/arrays.npz,bd25528e581bb0374639e8b47c5824b1fe47a981d168783df9d3114862026069
artifacts/priority33c/image_recovery/C1/dp_single_for_dna_v1_stronger/target_037/receipt.pt,33491b88dade09201ea39ad89979e06fbc2324ab7f517a436226ac2c7b17a151
artifacts/priority33c/image_recovery/C1/dp_single_for_dna_v1_stronger/target_037/result.json,98a1d882a324a2be1ab6729e346232a4d6f11ff5a5729ed37e60dee080ada67d
artifacts/priority33c/image_recovery/C1/dp_single_for_dna_v1_stronger/target_038/arrays.npz,283b57dcc9d884e83fbe663e1868a5ddbe3acde1aee31fbba046aadf7861c445
artifacts/priority33c/image_recovery/C1/dp_single_for_dna_v1_stronger/target_038/receipt.pt,d8651751771d4ac5ee7476e0b438b93c4a8341a659f6e089874f786dc7326d50
artifacts/priority33c/image_recovery/C1/dp_single_for_dna_v1_stronger/target_038/result.json,ef0be61fd5d4c9a350aafc3e9dbff944f62d87921a4e9d5ae0bae8f48743d193
artifacts/priority33c/image_recovery/C1/unprotected/target_000/arrays.npz,52341387892f2b80a5027f0f3de4b90c4f1d448d98798036d5c17c1927381471
artifacts/priority33c/image_recovery/C1/unprotected/target_000/receipt.pt,6339383080bf644a759b5a5d6d3be2ef43affd69132f897c9d5506a03e92294a
artifacts/priority33c/image_recovery/C1/unprotected/target_000/result.json,698c582f6ff45dcc76c99354cf0e98ef7d9567e1b093ca73fd64cdd906355800
artifacts/priority33c/image_recovery/C1/unprotected/target_001/arrays.npz,71d82e51ef6fec591370f4df002dd7352bfe76ab3720302bdf1171f5a08545c9
artifacts/priority33c/image_recovery/C1/unprotected/target_001/receipt.pt,45a9c08d86073dc04484ed1c5085ef100c280a2cb18d1169fcf669cd9b62ec2e
artifacts/priority33c/image_recovery/C1/unprotected/target_001/result.json,e2fc5bee6f1914717cbfde75b7dee6130c93f62ec4dea48506465ed4e2625e11
artifacts/priority33c/image_recovery/C1/unprotected/target_002/arrays.npz,7e2f9c1d5896941f5016a2685a109a235b1d8bd43847f0b38098531ab9dd9cbb
artifacts/priority33c/image_recovery/C1/unprotected/target_002/receipt.pt,c5ef1b48edda8069d81a076224f37f1206805239006ca2f5f0c0b938a4f968b7
artifacts/priority33c/image_recovery/C1/unprotected/target_002/result.json,e11c23980d7b4a7cf878569b7670d07abd71f747611bba1d3d18160588bbaf0c
artifacts/priority33c/image_recovery/C1/unprotected/target_003/arrays.npz,5a70a85770bf0678bf1f82336d8d7368daf9748411e071d62df098fdac02e272
artifacts/priority33c/image_recovery/C1/unprotected/target_003/receipt.pt,643bdea96859b1a6f85c91773e9a43f8f4ccaa093936da099bd4d9c578781d62
artifacts/priority33c/image_recovery/C1/unprotected/target_003/result.json,237b8c2363a2b90f340cdb814707ef2fb0a12fd9ba96ba8d8ddb0f400a57807e
artifacts/priority33c/image_recovery/C1/unprotected/target_004/arrays.npz,6a066e6d9fe1814396438e0643b4e4e59a68f4d76048b5f6a92f3afbc10689df
artifacts/priority33c/image_recovery/C1/unprotected/target_004/receipt.pt,e600fe230540944358a38b433f6667b8d9261b31e732541e735bd30357ded869
artifacts/priority33c/image_recovery/C1/unprotected/target_004/result.json,f4c0f9c4a740797fdf629ddfc36c2fb49b8d12c3b0d4aab53babd731d22e7559
artifacts/priority33c/image_recovery/C1/unprotected/target_005/arrays.npz,ea9b428a972112de112bb97e6d99050015f082e5044f804dae8d574d39537b72
artifacts/priority33c/image_recovery/C1/unprotected/target_005/receipt.pt,a4ba47c75182e79b9c0739faef9cd5a6f47d6afa7d1a55d0f11ec17504f55363
artifacts/priority33c/image_recovery/C1/unprotected/target_005/result.json,3633a335399c86e6ce767b5507736f09ccc85c35e335beac9088835469d535ae
artifacts/priority33c/image_recovery/C1/unprotected/target_006/arrays.npz,f089b5863f47ae2f0072534d124d90e5909ab5f41eec816090651b75c18530c9
artifacts/priority33c/image_recovery/C1/unprotected/target_006/receipt.pt,7588fd4cb8c9559696c39cf2927a3c194a64b0b6ceedf4340c43e98b74ce6908
artifacts/priority33c/image_recovery/C1/unprotected/target_006/result.json,7b4646ffc620f15de3d025919597b5ea054f3566e39184dbc8324bf0191db362
artifacts/priority33c/image_recovery/C1/unprotected/target_007/arrays.npz,581793a08d5735be2b7ee47b39f6cb22fbff9e00ae5034313664270a685622c3
artifacts/priority33c/image_recovery/C1/unprotected/target_007/receipt.pt,2b226f44980e4a1fb1cedfc9d01ff26a1a3b041dcf20887258ac8e220795ce2e
artifacts/priority33c/image_recovery/C1/unprotected/target_007/result.json,bc3bb8f7cbd428456e29dd9280e148b37a90e31886662b55dafecc78c7f1e27f
artifacts/priority33c/image_recovery/C1/unprotected/target_008/arrays.npz,c81ecae8ccd0b7897b4f54a374e845396b6fa7efa3b64a71767b65382ed3d551
artifacts/priority33c/image_recovery/C1/unprotected/target_008/receipt.pt,210303fc37fab8c7484ff5546adbfec30d6e0b89b406bd3d481f4cafb6ce0a47
artifacts/priority33c/image_recovery/C1/unprotected/target_008/result.json,9608c3e231c0b1b983e0071831312df6fa59b2d8d1d17c077b6be5ecfde26fbf
artifacts/priority33c/image_recovery/C1/unprotected/target_009/arrays.npz,7fc15792fff4179ca270f685ab13a83c0437c031b0e2b7941ba173d02e9223c1
artifacts/priority33c/image_recovery/C1/unprotected/target_009/receipt.pt,45150d857504079c416ba37c2363196be3a83e27552b234a35e909f49a925f4a
artifacts/priority33c/image_recovery/C1/unprotected/target_009/result.json,7cc4004e03322825396440c679d970a752795a3720e4fbfc5d481fa53c230753
artifacts/priority33c/image_recovery/C1/unprotected/target_010/arrays.npz,11273cbea2a97693f3557190c6af5a9f6fa5aa65402401b012e01e3a50822886
artifacts/priority33c/image_recovery/C1/unprotected/target_010/receipt.pt,ba3cc7d74890a01dcc437cb18784ed973bb0119e60fcb69d911e15480aeccf37
artifacts/priority33c/image_recovery/C1/unprotected/target_010/result.json,5442d887eb81345f9a30a5923226bd1c7e49b1cffa98c0f19ee818b90d3aac12
artifacts/priority33c/image_recovery/C1/unprotected/target_011/arrays.npz,aabc226af908e6e6808e73b9d6155418092d4e4d7bd27bcd74bbf63057d1a188
artifacts/priority33c/image_recovery/C1/unprotected/target_011/receipt.pt,2407c8d74da7dc1042683971656307fa914c445b85a8e5eefbbab3922ea12d55
artifacts/priority33c/image_recovery/C1/unprotected/target_011/result.json,20e0d933f616203405ee4c3967513ef8c3433d0a0e21e49f531c314d265192d7
artifacts/priority33c/image_recovery/C1/unprotected/target_012/arrays.npz,16b3199ec5fe61914c0edf87a2c033bd443ecd0b9a7a3c218b1f1ae3deeb77bc
artifacts/priority33c/image_recovery/C1/unprotected/target_012/receipt.pt,fb7e1b23ac808d4c6631e7aeff1918cb67a36887f3f180938590a08d9a505c3f
artifacts/priority33c/image_recovery/C1/unprotected/target_012/result.json,67049a51f52027e6ec052a98df33a3f6ca7eac3938af3980036a13500e254a20
artifacts/priority33c/image_recovery/C1/unprotected/target_013/arrays.npz,d9b7f17a9bf1746bc0369f418dabe3dd5fb7b535d43385f74ac9f7bcdde49235
artifacts/priority33c/image_recovery/C1/unprotected/target_013/receipt.pt,9c2d3b403a300fce81610068a914405fe8ed4a37f07979b92fe2b69982b84bcb
artifacts/priority33c/image_recovery/C1/unprotected/target_013/result.json,11ae632dbf93e18cc8b93e713977c600af5f0c1751195f9f96434ff009e92a61
artifacts/priority33c/image_recovery/C1/unprotected/target_014/arrays.npz,2aff7f011e168cdca435f7cafbf659224fb2f94dd5ba7a03d5eb4b71458b7057
artifacts/priority33c/image_recovery/C1/unprotected/target_014/receipt.pt,a7466a28a5977fe023d7e665a4fb4004fd431e53a69c316adc60f8ea98fbae7e
artifacts/priority33c/image_recovery/C1/unprotected/target_014/result.json,ee1edbab639627eba8347849cf4b84649c557025731cfd9768d97e9106bcfed0
artifacts/priority33c/image_recovery/C1/unprotected/target_015/arrays.npz,c428e849f6fcb09f4abca9f321ef15404cb6ac9d35cd3b9d499db1abd61edb6a
artifacts/priority33c/image_recovery/C1/unprotected/target_015/receipt.pt,49fc3f89fe4f592d63bd47ea881d17929df82a73f488c2f5ebd67e474e34e38d
artifacts/priority33c/image_recovery/C1/unprotected/target_015/result.json,57d3df2c6ad2df389c3d4479672adbfab0275c6ff29a7be98c08023e343b1fcd
artifacts/priority33c/image_recovery/C1/unprotected/target_016/arrays.npz,92d9dd879460a42967836c5f86e45f607461b8ad9dd3f6bca7fefa30a177b30a
artifacts/priority33c/image_recovery/C1/unprotected/target_016/receipt.pt,fdc1bb2a636299e8ac1e375a2a5b577fbd528cff728ceaea3251c5aa625e07f0
artifacts/priority33c/image_recovery/C1/unprotected/target_016/result.json,06a54ecbb982820b51b33f11eebaf40873f1c0b890b9a65a621126c52ef29057
artifacts/priority33c/image_recovery/C1/unprotected/target_017/arrays.npz,ed23821166e71f15ca90b2535b295bb3fdc25e8e50ec1c712c5af494fa162969
artifacts/priority33c/image_recovery/C1/unprotected/target_017/receipt.pt,83ca4b69afc995aa44d861326953910de06438bc2a2e70a23ea8583ae8471db7
artifacts/priority33c/image_recovery/C1/unprotected/target_017/result.json,c31a5b458ccbf62926f375f014212ffccfc4fea0a3662eebca548fc8126afe1c
artifacts/priority33c/image_recovery/C1/unprotected/target_018/arrays.npz,15a57f1df2d715fcee6d02acc63b70e8d7120c3119dafa3472a3b0a52ac1856d
artifacts/priority33c/image_recovery/C1/unprotected/target_018/receipt.pt,062a20a2b340e9af9468a74ba0329b527aa85c04dd421b3e2d742590edcad889
artifacts/priority33c/image_recovery/C1/unprotected/target_018/result.json,400cdffaf3ad3bf3d1f55e71b232296d55af462dc3111f764a64a0a22d9a8232
artifacts/priority33c/image_recovery/C1/unprotected/target_019/arrays.npz,2493c6c6792da9808da7f52187ca3fd46bfc36078f876a8fb61bd13550f8c079
artifacts/priority33c/image_recovery/C1/unprotected/target_019/receipt.pt,09eecbafbfea53364876b3922bcac872f9115a3df3cd985ebb03aa54d8feb645
artifacts/priority33c/image_recovery/C1/unprotected/target_019/result.json,0edf34a386e6dfdeb11503ef8d3486c2ec20a8202f75bb31f60892c9f9a555ba
artifacts/priority33c/image_recovery/C1/unprotected/target_020/arrays.npz,3d5c5cb573586e914dcb6fcd081140917e9428f6b1293823cc10cb1ad1bcbad1
artifacts/priority33c/image_recovery/C1/unprotected/target_020/receipt.pt,47b4c7214b04b03401720e3c4592c58dfeca204ef50c52ea132ecfbaf792d51a
artifacts/priority33c/image_recovery/C1/unprotected/target_020/result.json,139fcfd22a3c638360d51c1cdaaa6c9304a6624dfe1b439dcc5831960f0ea047
artifacts/priority33c/image_recovery/C1/unprotected/target_021/arrays.npz,e6632484cacd5c48ab929ed931c40334524fc40adba208b0ad2bf931c99a501c
artifacts/priority33c/image_recovery/C1/unprotected/target_021/receipt.pt,5529ae258e4966c9e0f9190be76bbeef22484a63c7ef29928cfd62c6f7b2096b
artifacts/priority33c/image_recovery/C1/unprotected/target_021/result.json,cf85fa03088f40da08722f3cd5df754bb38adeccb417baa37b03e0c65e056c7d
artifacts/priority33c/image_recovery/C1/unprotected/target_022/arrays.npz,b8dc9f504b59e19f43c47443dfc1ce9a52d6d0fe5b80ae7dd3a19894bc765858
artifacts/priority33c/image_recovery/C1/unprotected/target_022/receipt.pt,49b47153f93ae2051247697a045df8dc07577f65dec52a74c93616feb613962a
artifacts/priority33c/image_recovery/C1/unprotected/target_022/result.json,0fc4396d6a46be0ca87899ee49e3dd99ff488a95c72da4166808bbe44e9b5f02
artifacts/priority33c/image_recovery/C1/unprotected/target_023/arrays.npz,79542625374d5141613085c62acf812fd37026466deb85114a3ab605dd1dc17f
artifacts/priority33c/image_recovery/C1/unprotected/target_023/receipt.pt,a7e9b26979d31ec50137d5a7d41794179c41b2cfae5b6af35066d1dd57622fd5
artifacts/priority33c/image_recovery/C1/unprotected/target_023/result.json,8f870ba87acca36024a3b31b9096d396f788468e69e8effd90a426915383250d
artifacts/priority33c/image_recovery/C1/unprotected/target_024/arrays.npz,4a03028c12e5cdb2306b1daea489c2d0539b35e0b7f56fbc74eff42ea28015a7
artifacts/priority33c/image_recovery/C1/unprotected/target_024/receipt.pt,a265f078532e3151713a44faea1cf5d9771a54071012e029a3c9cb9f34f5eb7d
artifacts/priority33c/image_recovery/C1/unprotected/target_024/result.json,10e313503ef9169c93e034f89770719728cfe277ad34c2246414a33e8cba7d34
artifacts/priority33c/image_recovery/C1/unprotected/target_025/arrays.npz,525c10ff6330ac34830a6216d46851c09073b49c4a142dad6c68b40bc20c268b
artifacts/priority33c/image_recovery/C1/unprotected/target_025/receipt.pt,a28266f1a3a4374c74ad36afae4c9a70f0fbac3225af4a3a85a013fbe2f344ea
artifacts/priority33c/image_recovery/C1/unprotected/target_025/result.json,bc7ac13aa54a1ed336e8b8a830ffe2fbc3c92d1e922d60a14501bb03e51efdce
artifacts/priority33c/image_recovery/C1/unprotected/target_026/arrays.npz,a85a2393c9223db164e65e70f49ff00e3bd3f1611bbbaeb08ad1c76722dbcdd9
artifacts/priority33c/image_recovery/C1/unprotected/target_026/receipt.pt,3155ae70cf9c592989bf8de41010ba4ed8c1cad8118bae4041cae59988eace0c
artifacts/priority33c/image_recovery/C1/unprotected/target_026/result.json,0f0387c67391af30e3185475d4af9782cd5ccfc5b74316d2207208c29e3ed887
artifacts/priority33c/image_recovery/C1/unprotected/target_027/arrays.npz,f6276bae0a89f46c39d700984f6b47e4326161dfaa29e338d7a6e39226179f8c
artifacts/priority33c/image_recovery/C1/unprotected/target_027/receipt.pt,0adfc3f29f08f9e9f1777da3046c21723b67b9f2f7efc38361368fd58aeaaeb6
artifacts/priority33c/image_recovery/C1/unprotected/target_027/result.json,cb4c568986830de821c543ed692b32a8588ff7181111beef30f5050c3a067df6
artifacts/priority33c/image_recovery/C1/unprotected/target_028/arrays.npz,f997e4bb259334c15efa018c46b16423175b89262958ef55cb28fab3b6933673
artifacts/priority33c/image_recovery/C1/unprotected/target_028/receipt.pt,f181afc7f23bd6df74e626f3e7ec65091526275571bf6d694844c9f3c804dbd7
artifacts/priority33c/image_recovery/C1/unprotected/target_028/result.json,4183fb8b5c5a25d92caef9ea3abb3665eb52d384649b27f454e089385532999f
artifacts/priority33c/image_recovery/C1/unprotected/target_029/arrays.npz,4f1db1baeee4ddef5ef19b2ac5eea7ec6c11903d357da57325f0fc6ad90ac5f6
artifacts/priority33c/image_recovery/C1/unprotected/target_029/receipt.pt,26a7b985c469ac0f0374b8dcedacb45efd898c2348cf98bad282ba9d6ca146a6
artifacts/priority33c/image_recovery/C1/unprotected/target_029/result.json,7b97a8df5a91c1b1c123019d5d329dd6a82565b2e748b0e78b7ec9f06c13b78e
artifacts/priority33c/image_recovery/C1/unprotected/target_030/arrays.npz,c9145746f1eff07761d2d1731d34c2030ca5da4d41fe065f18f88adbcdb9a711
artifacts/priority33c/image_recovery/C1/unprotected/target_030/receipt.pt,1a2b0af0e569af9e9552d8ae9b6a510791c3c2bba77f2a3c6545fa688247754e
artifacts/priority33c/image_recovery/C1/unprotected/target_030/result.json,1691e80e8392fa2937c3aba82e538d9317269e184e5e39b37d5065079016790c
artifacts/priority33c/image_recovery/C1/unprotected/target_031/arrays.npz,844026ec04b4e4895b78496bfe108f166a6127625975dbce76328bdcf7f200e6
artifacts/priority33c/image_recovery/C1/unprotected/target_031/receipt.pt,95a9efcf459a94fcf7a04506592851594ea806b53f73f5a881b06e7e77e51500
artifacts/priority33c/image_recovery/C1/unprotected/target_031/result.json,004174bcaf0c1a5f8d25a31e39c4b9666171cb2cfcdc66263859b8bb266d2731
artifacts/priority33c/image_recovery/C1/unprotected/target_032/arrays.npz,b47919dbf2db5f51ce0630f7cb177371aeaa4d3de8fa925296a2b74397824ca6
artifacts/priority33c/image_recovery/C1/unprotected/target_032/receipt.pt,763a0d90bede6d66da319cd156f8424443d093b1b39820780aa458424da4a280
artifacts/priority33c/image_recovery/C1/unprotected/target_032/result.json,f7c61bc5427369683b23abe08f0de94b814a6c25b78c48f315f85c99d6bd364f
artifacts/priority33c/image_recovery/C1/unprotected/target_033/arrays.npz,bd755e92e60bcc65ea221afe1e636077dc9bb6954ec774963a96fd276913eefc
artifacts/priority33c/image_recovery/C1/unprotected/target_033/receipt.pt,222ed25e6e124af233926b5dfc7546e0318f69086249d9518c533c2062989f95
artifacts/priority33c/image_recovery/C1/unprotected/target_033/result.json,af7d1d55c4144fbb303707f63a2a13748ce61d6bb178625ee5ffcef6df52b9ef
artifacts/priority33c/image_recovery/C1/unprotected/target_034/arrays.npz,e5235eca48b09e93938fa9efa8416caa9ee6985c650fddf73fc30144b74e99b5
artifacts/priority33c/image_recovery/C1/unprotected/target_034/receipt.pt,608b29cc70106a10b419cc56184db899e4bc739a964e6948e1b691fdf4dc0506
artifacts/priority33c/image_recovery/C1/unprotected/target_034/result.json,a1494928cae1ea416075df732ac11497f39727c318f8f1bd4b56ae6b903e5486
artifacts/priority33c/image_recovery/C1/unprotected/target_035/arrays.npz,d644784293fb1d8465ff6aa62d1f6aa7d4973bb8ee728d87327b8a6f6bcef1b0
artifacts/priority33c/image_recovery/C1/unprotected/target_035/receipt.pt,b0adabcb66bc19892e642ba7a6dc4849f09643a5960b4196ac27fbd8f475bdc9
artifacts/priority33c/image_recovery/C1/unprotected/target_035/result.json,22c12bf13bf767c942a97a78071b2c78d926970cbbdf3f10a6de203b8dd441b3
artifacts/priority33c/image_recovery/C1/unprotected/target_036/arrays.npz,0688d67f89ab6a7cda24038c6e29a68fd04a9ba0f54b20d60446735e9a0bc77d
artifacts/priority33c/image_recovery/C1/unprotected/target_036/receipt.pt,051ffd22ed2251b898180ae14674973b52ae1e6108f35ee5cd31dc2e92205ea5
artifacts/priority33c/image_recovery/C1/unprotected/target_036/result.json,cc3d9910720b6d74189856931a901a9a56ec0a2fd7bdddd37afe9171925e9573
artifacts/priority33c/image_recovery/C1/unprotected/target_037/arrays.npz,d53d4e1c2ce5999205ad47b195c90fd1d22b10c40890c59ced75e1916d145a03
artifacts/priority33c/image_recovery/C1/unprotected/target_037/receipt.pt,235335233c3bfd7563a83f0d28a4ae65ba412dfedad13ca59b235229316d5081
artifacts/priority33c/image_recovery/C1/unprotected/target_037/result.json,bec752bd1be72372f817893efb36fbe56be54bef5c4bffe216eccc18c81a9615
artifacts/priority33c/image_recovery/C1/unprotected/target_038/arrays.npz,1277473eff3e188b3fce756b6973cd58d5f22945595f4908e7c2efe05f487bc1
artifacts/priority33c/image_recovery/C1/unprotected/target_038/receipt.pt,31e00ddb6d036694cb0ef69a03fe5564d1b11541568e8e4dee997169617b04a9
artifacts/priority33c/image_recovery/C1/unprotected/target_038/result.json,b505bc3ac766c37e55d5994d68a2c18fdc29323cf81c6e424c3a6a031631c9b0
artifacts/priority33c/image_recovery/C2_batch4/dna_v1_conservative/target_000/arrays.npz,681a45ece17aa622571ced9d1d957275eeda42c952e6b2a79cc76ec02e66f727
artifacts/priority33c/image_recovery/C2_batch4/dna_v1_conservative/target_000/receipt.pt,38306712226539e40e44bf4b114a6ec59de676cc06b3c36ccc9919007180a091
artifacts/priority33c/image_recovery/C2_batch4/dna_v1_conservative/target_000/result.json,53891a924abbaa01569d89b725f3d049408877ceb8d7309a63cd7a1f18a8d919
artifacts/priority33c/image_recovery/C2_batch4/dna_v1_conservative/target_001/arrays.npz,d6362dc72ee4cfb5c2f6c9aa91f509d0e3306c9db836436f95e4058083a8ae22
artifacts/priority33c/image_recovery/C2_batch4/dna_v1_conservative/target_001/receipt.pt,1a202231987131b5525b8fba61f34949ea7e78c36cfcc1afc4b89002fdf72c19
artifacts/priority33c/image_recovery/C2_batch4/dna_v1_conservative/target_001/result.json,a56ec479a8d54bf6fff71947a9b5b377bd35942ac88aceef5768b921b1287318
artifacts/priority33c/image_recovery/C2_batch4/dna_v1_conservative/target_002/arrays.npz,20529363f1b2c34cec64ae0398f2a031ef3794bfe20540d6c94c020fbcc38875
artifacts/priority33c/image_recovery/C2_batch4/dna_v1_conservative/target_002/receipt.pt,1e6fe508327cf0931383cb86ca4268c5e7bb308efa074818b492a3302d6cdac4
artifacts/priority33c/image_recovery/C2_batch4/dna_v1_conservative/target_002/result.json,115baaf3a9654c27fc129a2aced8bb9ac30ae49a33f5f3711487b4de7f21b176
artifacts/priority33c/image_recovery/C2_batch4/dna_v1_conservative/target_003/arrays.npz,f0ff5d63097cc0eb27b99a638305d9352a0c2a697b8280f666ed0e57a3015c48
artifacts/priority33c/image_recovery/C2_batch4/dna_v1_conservative/target_003/receipt.pt,b234a76ef7c25bbc979c65bbbb563f92f21a6343ca68ec3362dd8a2839e28221
artifacts/priority33c/image_recovery/C2_batch4/dna_v1_conservative/target_003/result.json,9c9fcabe8f92a5bd0dc728e932c5efefa2e1bb730b7df8a38eeebc1839fb1138
artifacts/priority33c/image_recovery/C2_batch4/dna_v1_conservative/target_004/arrays.npz,4f114dc53df1d9659ad52db0f101c98cbf07cd4773c3ff905bdcb6cca9da02a5
artifacts/priority33c/image_recovery/C2_batch4/dna_v1_conservative/target_004/receipt.pt,ec418950a8d67764aaebd1b5ee35501785043c951f557d58e8894ad8defd0ae8
artifacts/priority33c/image_recovery/C2_batch4/dna_v1_conservative/target_004/result.json,56c2968b53d7ea7515f9260d1ad3d294a47da0d1484273f4dc2e8ff5c011bbd0
artifacts/priority33c/image_recovery/C2_batch4/dna_v1_conservative/target_005/arrays.npz,6c44ed22469af9a1babd10cfa1d5af0b56c81a3fd933d230baabe4ef65470527
artifacts/priority33c/image_recovery/C2_batch4/dna_v1_conservative/target_005/receipt.pt,72435ed8015f5e67224e9d0254fdc54bc5b220112a86aedae9bfbf4e29b8f4c6
artifacts/priority33c/image_recovery/C2_batch4/dna_v1_conservative/target_005/result.json,d1b33772d4f2dcb24b3da6ef1790adaa6c466824bbf0d83c06058cdc6915a6da
artifacts/priority33c/image_recovery/C2_batch4/dna_v1_conservative/target_006/arrays.npz,e10d9d505a3f0c80bf0542f3399787a8585a9f3d5e814ab0be16ed219c11f9a2
artifacts/priority33c/image_recovery/C2_batch4/dna_v1_conservative/target_006/receipt.pt,e4cc79b1fee7ecca440e50ed4a491189fd8602e0d6c3142d699f0de3e1939650
artifacts/priority33c/image_recovery/C2_batch4/dna_v1_conservative/target_006/result.json,60ca8c6e88cf1a471c1ff0c932e2630fc0fd5e373ba17324721cd4073580edc9
artifacts/priority33c/image_recovery/C2_batch4/dna_v1_conservative/target_007/arrays.npz,40ccc8cbd948e2b677dc652821014a77156f33364f4a8ee827b270257552b18f
artifacts/priority33c/image_recovery/C2_batch4/dna_v1_conservative/target_007/receipt.pt,dcdd800c8e43b84b28b4bb93854d5756b6271661e4ae4cf209e96fdb65a4aa54
artifacts/priority33c/image_recovery/C2_batch4/dna_v1_conservative/target_007/result.json,2bf07410e0d53b8d2c994127f992ba3cff70e6c1807ed8c099c1c2abed8e7dda
artifacts/priority33c/image_recovery/C2_batch4/dna_v1_conservative/target_008/arrays.npz,dcc2d4042dc438ff399957ff2e61456a39925624b88cdf92af1d0b6d170ba0d5
artifacts/priority33c/image_recovery/C2_batch4/dna_v1_conservative/target_008/receipt.pt,593f7f5c7808cc5be8172401236eb4c99b06efd026ec1adf3ba8cbeda0089d70
artifacts/priority33c/image_recovery/C2_batch4/dna_v1_conservative/target_008/result.json,4a79c1544c909c2f5706d3cb662ba389b84eb9eba2ccdfc106448b46b924bb04
artifacts/priority33c/image_recovery/C2_batch4/dna_v1_conservative/target_009/arrays.npz,3421868de2621a6066278b85022bb32752f64e1a01fdeadaf387fa27b52bfe5c
artifacts/priority33c/image_recovery/C2_batch4/dna_v1_conservative/target_009/receipt.pt,fcf3d41d31fdca5c2cad1d668b859ac3df707937682d2774f9de74169e24d3e6
artifacts/priority33c/image_recovery/C2_batch4/dna_v1_conservative/target_009/result.json,d15f6b5d6c643bf238d02cace2797888525bdc6e79d32c9c64c6b62130bc03b5
artifacts/priority33c/image_recovery/C2_batch4/dna_v1_conservative/target_010/arrays.npz,847b03095ed9e2d178b8d034ea61f15178ba44c88a472c101390c789b43675a5
artifacts/priority33c/image_recovery/C2_batch4/dna_v1_conservative/target_010/receipt.pt,5be729e12397674eb48305c85dedfc877328c4ee7ebaf22d7ba3aeb717e59c24
artifacts/priority33c/image_recovery/C2_batch4/dna_v1_conservative/target_010/result.json,7ac6c91bac9e18f6c9f77c78ed994de78fae7f2830cb00dc8a812f8ee0944636
artifacts/priority33c/image_recovery/C2_batch4/dna_v1_conservative/target_011/arrays.npz,c5709dd0acf2c572e0de55acc483d9cd32ebaa4ee4ba02cda4134a4dd5a74ada
artifacts/priority33c/image_recovery/C2_batch4/dna_v1_conservative/target_011/receipt.pt,45ba957804d35982089dd0c58811f0e0cb79e4d5283e4098b3701f75e03dc59d
artifacts/priority33c/image_recovery/C2_batch4/dna_v1_conservative/target_011/result.json,0e03040dc192fc8fec692f7d96d66764fb3cb4a75505b57991c6d1f4e72e5830
artifacts/priority33c/image_recovery/C2_batch4/dna_v1_conservative/target_012/arrays.npz,daa1cb9a6cb86a82b2b65ba1fe9e99d19514e376b1912e9c0f3ecef79c4a142a
artifacts/priority33c/image_recovery/C2_batch4/dna_v1_conservative/target_012/receipt.pt,63c5632288c653a11fb0112554a56d535541fb077bac7ce002e2ff27835963bf
artifacts/priority33c/image_recovery/C2_batch4/dna_v1_conservative/target_012/result.json,2afefcdf56728a489de897e6aa18a43c31170e48fbb47800e4bdd3151f074b06
artifacts/priority33c/image_recovery/C2_batch4/dna_v1_conservative/target_013/arrays.npz,22a187fe4b9c1ba8cc71cd7ef0a9f2e415c18319b1a898d5f6ec0933c09c017c
artifacts/priority33c/image_recovery/C2_batch4/dna_v1_conservative/target_013/receipt.pt,0650e9baf92383fd8f796f5502a9515889f3d1c5a2b8220f53518628e509ac4e
artifacts/priority33c/image_recovery/C2_batch4/dna_v1_conservative/target_013/result.json,7fea16ca554a774a5b58faddd04fc1a469ed79ebdab5a4e605e73967b86db1f6
artifacts/priority33c/image_recovery/C2_batch4/dna_v1_conservative/target_014/arrays.npz,337a7c8f1d00c64c072a84fa7df4580fcb31e885ce851836cb4e6815fb57b84e
artifacts/priority33c/image_recovery/C2_batch4/dna_v1_conservative/target_014/receipt.pt,48a2d129f7d0e3d54b2cb898d022cd96d5104e868b8bf998ca7a2a3946129e03
artifacts/priority33c/image_recovery/C2_batch4/dna_v1_conservative/target_014/result.json,383786d8c6887d43976a467d7d1543dbd5c0f8b70965e01ec52724b5c7ed56f3
artifacts/priority33c/image_recovery/C2_batch4/dna_v1_conservative/target_015/arrays.npz,79bd4393d914d4c31048fe0d169cc390180798143903bdf5ab4424ca35bff333
artifacts/priority33c/image_recovery/C2_batch4/dna_v1_conservative/target_015/receipt.pt,8713716a72f9c4467ee077259fa8100493cbff9bf55ed03b3050fa73c5220047
artifacts/priority33c/image_recovery/C2_batch4/dna_v1_conservative/target_015/result.json,deef467980ac10cd6aa25ae0f242473cfbbb57b665a84394dab265f1008fcb60
artifacts/priority33c/image_recovery/C2_batch4/dna_v1_conservative/target_016/arrays.npz,15180f01d456e50e45cfda32361dca70970bd6a361f8d959b93b3e2a60634427
artifacts/priority33c/image_recovery/C2_batch4/dna_v1_conservative/target_016/receipt.pt,c5dd9e5c2e39a70aacb85b77af3e8703e00f47fdc566bbf84c9181982fd0a5eb
artifacts/priority33c/image_recovery/C2_batch4/dna_v1_conservative/target_016/result.json,a10e55354b2f783fed382d6394b1eb4d2048ac0756688b6368fa8439cce7052d
artifacts/priority33c/image_recovery/C2_batch4/dna_v1_conservative/target_017/arrays.npz,2743f1ac1aee319bd313e0e1889eb5a350fea00e76b0e6eba65543e46974c5a3
artifacts/priority33c/image_recovery/C2_batch4/dna_v1_conservative/target_017/receipt.pt,4a37628c6a363cbe1f9c719052f75ab3e750dd0f0dd44b8ca3649607d6fc130c
artifacts/priority33c/image_recovery/C2_batch4/dna_v1_conservative/target_017/result.json,137f3a791aaa5c95531ca4bb3608d976f221d1975385a9e5f22a1427df68a7ad
artifacts/priority33c/image_recovery/C2_batch4/dna_v1_conservative/target_018/arrays.npz,5c4f6376edb7c8ef2e6d2b743fd620879631f3ca020e6b971256b17fc3a423fd
artifacts/priority33c/image_recovery/C2_batch4/dna_v1_conservative/target_018/receipt.pt,199a0d734a49f06ff6d816f446a712c458488391ebf9f71de923e0bb855d3654
artifacts/priority33c/image_recovery/C2_batch4/dna_v1_conservative/target_018/result.json,54c73d584c613c22c5936a6a51e4adef300b7e22a820167d4a8851bf4fa787c7
artifacts/priority33c/image_recovery/C2_batch4/dna_v1_conservative/target_019/arrays.npz,fac7fb33ef42b7cc46ff13d46603230e3fb06c770de479d3d533a1b4fdffe40d
artifacts/priority33c/image_recovery/C2_batch4/dna_v1_conservative/target_019/receipt.pt,6e723d2235fc382bd270d192d35c6f403b0a96db560976f745c9622b5dc1fa15
artifacts/priority33c/image_recovery/C2_batch4/dna_v1_conservative/target_019/result.json,9531f3e0b2388be543adc925878c12eddd345531cd4c8166455d95133c8e51b9
artifacts/priority33c/image_recovery/C2_batch4/dna_v1_conservative/target_020/arrays.npz,bd0e354cfe44a5747bc5f52b77891e5e58fc5214dce56efe8694bbbe30ffe18d
artifacts/priority33c/image_recovery/C2_batch4/dna_v1_conservative/target_020/receipt.pt,777de0d81a68b45c8a47b71e98aed795e51888f0ba0ee0f4e562ff477763bb9b
artifacts/priority33c/image_recovery/C2_batch4/dna_v1_conservative/target_020/result.json,744615bf20b1fd32638b0a8e277de41cfd8177ab52303342481f50d593d90fa7
artifacts/priority33c/image_recovery/C2_batch4/dna_v1_conservative/target_021/arrays.npz,8ec2e53f082e5e0d9ad9971e9fffcaf07db42c201297283245adf968753cddfc
artifacts/priority33c/image_recovery/C2_batch4/dna_v1_conservative/target_021/receipt.pt,fd2fb74cf6f8d51d627e7b786da679c2675592e03ffc8b4144769edc4c7c2d38
artifacts/priority33c/image_recovery/C2_batch4/dna_v1_conservative/target_021/result.json,0285464ff369772cb836dc189ea1ddd76ccef17af024828d7e3d677b9115bb19
artifacts/priority33c/image_recovery/C2_batch4/dna_v1_conservative/target_022/arrays.npz,5a85024e33a8a5c41e595eb19126c3476be0add208b09a5ff66b0bf765d12885
artifacts/priority33c/image_recovery/C2_batch4/dna_v1_conservative/target_022/receipt.pt,e3612e95b67eefe74e3924f6ef152597b2a8e927e1d93079fbe43e3aaf5e4d63
artifacts/priority33c/image_recovery/C2_batch4/dna_v1_conservative/target_022/result.json,925ef8e289afd9672bad164f2d985cbf8e493ebcc4f186d1e056a7b85e3943b2
artifacts/priority33c/image_recovery/C2_batch4/dna_v1_conservative/target_023/arrays.npz,0f7159d0165c252a6e8ca047adc95610cb532eaddf5a55f1f8b0537c790cbee8
artifacts/priority33c/image_recovery/C2_batch4/dna_v1_conservative/target_023/receipt.pt,f73ce839da5480fe63128ffe485587339ad5477f515803fa3bfc1a51b96319e1
artifacts/priority33c/image_recovery/C2_batch4/dna_v1_conservative/target_023/result.json,2b13a02fd154da165cae386faca3755613f6fe71b5f8ebaf8e2c0f7b3c1851bc
artifacts/priority33c/image_recovery/C2_batch4/dna_v2_0p95/target_000/arrays.npz,02c823ec69b231f218c64c8b41d1dcbab2ddd7c3c188edd9cca3d96140fec3fe
artifacts/priority33c/image_recovery/C2_batch4/dna_v2_0p95/target_000/receipt.pt,32327cfaffd9e3957215a9068ebadc4405aff3a48d737c3a80f624a3f6732994
artifacts/priority33c/image_recovery/C2_batch4/dna_v2_0p95/target_000/result.json,91eccb6f8791e699c7400af942e45dbdd0aac883390eaf6966ebd8a2dbc40a3e
artifacts/priority33c/image_recovery/C2_batch4/dna_v2_0p95/target_001/arrays.npz,5dd3532815d78972b24ece5af4039fe1cee5b4057598fe103f85cb8563d040c6
artifacts/priority33c/image_recovery/C2_batch4/dna_v2_0p95/target_001/receipt.pt,b0efc396ea6c92d29cb6ed98eb66de22c7d1509c7bec6a625cd8a2820e0d7ec1
artifacts/priority33c/image_recovery/C2_batch4/dna_v2_0p95/target_001/result.json,40d9c64c6f4dfe9946015cd267e97897c5942c52605c80b549451852e9353ddd
artifacts/priority33c/image_recovery/C2_batch4/dna_v2_0p95/target_002/arrays.npz,148b40369c299aa2f5ea0e2b1f0292686834e05fed07d281cd9d9ad1942b0f9f
artifacts/priority33c/image_recovery/C2_batch4/dna_v2_0p95/target_002/receipt.pt,872e06536b4ce4d09eb07df44b88736b9fac3459c1e8a1593732b33c705132fc
artifacts/priority33c/image_recovery/C2_batch4/dna_v2_0p95/target_002/result.json,0f1fb6a9400cccb3917e16b095fdfbb61875219e623dab1c34c78169e57f4a3a
artifacts/priority33c/image_recovery/C2_batch4/dna_v2_0p95/target_003/arrays.npz,17b39848cf261cc98c6daa40e60d4ae8683c25e63670a5ac9659c645fee76bcc
artifacts/priority33c/image_recovery/C2_batch4/dna_v2_0p95/target_003/receipt.pt,3051cce7c39df539bad55fc3245bdf5e51045b44f634020fdb029d4ded9fabd8
artifacts/priority33c/image_recovery/C2_batch4/dna_v2_0p95/target_003/result.json,90d7ea47b9deafad8e5b735ad77754fdd66d78f0481c98d83864bba49bb4b82b
artifacts/priority33c/image_recovery/C2_batch4/dna_v2_0p95/target_004/arrays.npz,f3187d86865b2ae4ef191f76ea74467280e47a12fca56c6865a1cf217cb2a892
artifacts/priority33c/image_recovery/C2_batch4/dna_v2_0p95/target_004/receipt.pt,b12bbe119d98549b46a36e827ab3f8ba10e2630b2356d4c1c937f53eddbb3e46
artifacts/priority33c/image_recovery/C2_batch4/dna_v2_0p95/target_004/result.json,4d86f8fd2b324479a7dd5b76935c1d9272bd3df0f3b6b7df7db3f17c80370289
artifacts/priority33c/image_recovery/C2_batch4/dna_v2_0p95/target_005/arrays.npz,418e714624a0cab47385d4a99acff5de0544e2ca37de6a9d287eb92692b0b366
artifacts/priority33c/image_recovery/C2_batch4/dna_v2_0p95/target_005/receipt.pt,54e47961da7ece15a3fb245ed521795282aa08e23e6744eb671e7c1020ab6149
artifacts/priority33c/image_recovery/C2_batch4/dna_v2_0p95/target_005/result.json,6e249c6fa4f436c274f4f909ae3d525445034d7d763a49f5a8e77219a6d9cd38
artifacts/priority33c/image_recovery/C2_batch4/dna_v2_0p95/target_006/arrays.npz,36f1cc2b86d45d3f8919e9f5943d38b61d058c4796d760192f9746528922ab12
artifacts/priority33c/image_recovery/C2_batch4/dna_v2_0p95/target_006/receipt.pt,03807c31e5fc99863fcc04ee008631b782371eee801ef1ebdc2164980c3e62f8
artifacts/priority33c/image_recovery/C2_batch4/dna_v2_0p95/target_006/result.json,e09ffefb79358c6b761cbabd04bb2a3309f4127b16e9192184de1c430959ef04
artifacts/priority33c/image_recovery/C2_batch4/dna_v2_0p95/target_007/arrays.npz,57f0de85d15fbeaa865a9db276eef6d3977907f641f64ebf735b7796cb4558d4
artifacts/priority33c/image_recovery/C2_batch4/dna_v2_0p95/target_007/receipt.pt,e77f228f14155eb28d5029ed3203ab69eaaf0de2667281b91af58ff1f9e60c9e
artifacts/priority33c/image_recovery/C2_batch4/dna_v2_0p95/target_007/result.json,cd38eee5181acbc5a3f78901efd4650791d1ae99f332480cd6717d49e1a6fb0d
artifacts/priority33c/image_recovery/C2_batch4/dna_v2_0p95/target_008/arrays.npz,bb30fabaf21e920e7fedc87a26939a9745ecc678182e1b45ffb95bb5b0836f88
artifacts/priority33c/image_recovery/C2_batch4/dna_v2_0p95/target_008/receipt.pt,26b05e0e3dd23d1f0dc36175523871ed75facfcc959c93e12ba3bb76b8780936
artifacts/priority33c/image_recovery/C2_batch4/dna_v2_0p95/target_008/result.json,d99a8bea2f1390b9252c9e585e60128df4c86fb8c46bfe589fdeffe72d26dcb4
artifacts/priority33c/image_recovery/C2_batch4/dna_v2_0p95/target_009/arrays.npz,138b37341bff20c5a6d2ecb3fb0d47d8f59b87dc99b6c0b3e273581371de8385
artifacts/priority33c/image_recovery/C2_batch4/dna_v2_0p95/target_009/receipt.pt,123a6dbac51bb25a85a49d3c3da344e02eddeef62dfcaa2409665a81e5e34686
artifacts/priority33c/image_recovery/C2_batch4/dna_v2_0p95/target_009/result.json,6391f1dbbb0f01d7e6b537d72b36bdd6eb167cf47d0bc2c2f2d4a5fa84f21c44
artifacts/priority33c/image_recovery/C2_batch4/dna_v2_0p95/target_010/arrays.npz,6fb7280af5a6fe3c1400549b35895ed04ff699fc4cf3b1f15422470800c624ec
artifacts/priority33c/image_recovery/C2_batch4/dna_v2_0p95/target_010/receipt.pt,11b2c1569a563f75952e9cc3004f070cd55cc1bf769cc58e6ecea254183ed4fa
artifacts/priority33c/image_recovery/C2_batch4/dna_v2_0p95/target_010/result.json,f8af48bd7102535b8265716e4996d72c93b2f3f6e03697d4f57c60cee354f5b4
artifacts/priority33c/image_recovery/C2_batch4/dna_v2_0p95/target_011/arrays.npz,8d0fd37862c1be992f735a4012e5a4654dfdbe33884672e67ecd49f2cebdf6a6
artifacts/priority33c/image_recovery/C2_batch4/dna_v2_0p95/target_011/receipt.pt,a343d8e710fe16ddbd0183ce2dd5923d881934a209a7e0de13c64a33281e3833
artifacts/priority33c/image_recovery/C2_batch4/dna_v2_0p95/target_011/result.json,0eefb2818bc0bad8b9207182140169a58b5dbce14c11e0bb22c52dc8ba7552a3
artifacts/priority33c/image_recovery/C2_batch4/dna_v2_0p95/target_012/arrays.npz,febc113743fb6d81bd39fd58b9940dfef0fa9d0b547e60792f159fafa9686fc6
artifacts/priority33c/image_recovery/C2_batch4/dna_v2_0p95/target_012/receipt.pt,c3550496ba23426690d9953d5985d36165fc661902c171fd99fc7bf29aa9edda
artifacts/priority33c/image_recovery/C2_batch4/dna_v2_0p95/target_012/result.json,653405648af6e879e652cc8802928af737cad17ef7e49503681abb4de4a35483
artifacts/priority33c/image_recovery/C2_batch4/dna_v2_0p95/target_013/arrays.npz,799698af98d8a66da73e2c173425ebd275b67c7d5244becc90a5f37de92c6055
artifacts/priority33c/image_recovery/C2_batch4/dna_v2_0p95/target_013/receipt.pt,5166c4ed1ebac1fb818ea6eefe5dc6b7003012bfc6ca609cc0627f132c3c3a73
artifacts/priority33c/image_recovery/C2_batch4/dna_v2_0p95/target_013/result.json,73141c31e6de03c3acb0ed332503c345944835a7ca9b706bfa4cdb9b5c2dda55
artifacts/priority33c/image_recovery/C2_batch4/dna_v2_0p95/target_014/arrays.npz,ab73dc773d6c7df1ffc70be36fd83b277d421c56a3360a78cf34ee57a9ba938a
artifacts/priority33c/image_recovery/C2_batch4/dna_v2_0p95/target_014/receipt.pt,2efdd0a380dbd86ef098ebeff8898b6ac5c3f652f06b5e2dbd4dc7d8cc60cc9c
artifacts/priority33c/image_recovery/C2_batch4/dna_v2_0p95/target_014/result.json,c789812acf0508bf9ccf98f632a2a8dddcb96ebb73e00e29991cba48810ca341
artifacts/priority33c/image_recovery/C2_batch4/dna_v2_0p95/target_015/arrays.npz,ec7ff177d6558bc87b52710da99b956c4e4e8ea81b23358eee1c6120efd0c4da
artifacts/priority33c/image_recovery/C2_batch4/dna_v2_0p95/target_015/receipt.pt,9947b66b7ac6efebb1fb6ee388c9af000d3a00737b67e227a8359d462dc250ee
artifacts/priority33c/image_recovery/C2_batch4/dna_v2_0p95/target_015/result.json,7415e26547bb44393a8b4079b223e0209ec531cb8e386f76011ca2c07a2d4f76
artifacts/priority33c/image_recovery/C2_batch4/dna_v2_0p95/target_016/arrays.npz,75f72751bbdb77b453601a8020af109c25aef9b862639cacdf35653e47d7b81a
artifacts/priority33c/image_recovery/C2_batch4/dna_v2_0p95/target_016/receipt.pt,a51d17a6cb9e2c7d2d8aed5da7f38518502b04521ff1a9434c6038c3a61d90f0
artifacts/priority33c/image_recovery/C2_batch4/dna_v2_0p95/target_016/result.json,a899a822f4ad7e5f859539ffc8b25dd072b66348bf76c0d67071d14efb6e8bbb
artifacts/priority33c/image_recovery/C2_batch4/dna_v2_0p95/target_017/arrays.npz,6d2f92971e60b2658a62cc568fd98c1cfd0e33e0d786b2344c9756b3bd8ba717
artifacts/priority33c/image_recovery/C2_batch4/dna_v2_0p95/target_017/receipt.pt,b4ae953f8568d481e2b2759c475a4942347a05f300a4b015e609ec65fb396e16
artifacts/priority33c/image_recovery/C2_batch4/dna_v2_0p95/target_017/result.json,6b8e511bc8c0b0407c8a558d993f9eae3ffca539e77b207e56015a8d05f6a233
artifacts/priority33c/image_recovery/C2_batch4/dna_v2_0p95/target_018/arrays.npz,c103bdb7633925e1e5ffced12edfb6dbe8ffd979cec57e15d6ae2d7bf8874506
artifacts/priority33c/image_recovery/C2_batch4/dna_v2_0p95/target_018/receipt.pt,4efa8fa6635923d43b27fd5d9528674295742c83b6d3dd1cbed41f5bf889ceb1
artifacts/priority33c/image_recovery/C2_batch4/dna_v2_0p95/target_018/result.json,f5f4a7f5a4d53acc99297bf4366f856520785fca32828a475fa262f5c3f680b8
artifacts/priority33c/image_recovery/C2_batch4/dna_v2_0p95/target_019/arrays.npz,15ad6bdc53867bcbcb96d72411a4b15a97c70a8360d74563c489035dc6a7db9e
artifacts/priority33c/image_recovery/C2_batch4/dna_v2_0p95/target_019/receipt.pt,de786448f85ec35fc5273c22ed0ba0849f79e6c80728a414c644f50ea3e52d8a
artifacts/priority33c/image_recovery/C2_batch4/dna_v2_0p95/target_019/result.json,a4c9c38f4453df7775c3e89b9bfd2a3a7b9d709f263cbfd725d369cafa01fb6c
artifacts/priority33c/image_recovery/C2_batch4/dna_v2_0p95/target_020/arrays.npz,0ed7984bd78c89cef45602d8c007f34f23b93cb5437ffd1c84d3ade03205b23d
artifacts/priority33c/image_recovery/C2_batch4/dna_v2_0p95/target_020/receipt.pt,671a051f35aef27a3496a443fc1863f929e87971dd82169bec76bd7246df9545
artifacts/priority33c/image_recovery/C2_batch4/dna_v2_0p95/target_020/result.json,7691d2598585a37d7b4233269d85770236624a106ca49043e3454bdde0a7e8a0
artifacts/priority33c/image_recovery/C2_batch4/dna_v2_0p95/target_021/arrays.npz,ef70aaab311e701ea823e2c09e78529119ad56fd83dcfa363cbc4ba0efde3245
artifacts/priority33c/image_recovery/C2_batch4/dna_v2_0p95/target_021/receipt.pt,44b75423e75f1182287f9e9f800de5e3b8039c7ba4245cfed34431fc4942443f
artifacts/priority33c/image_recovery/C2_batch4/dna_v2_0p95/target_021/result.json,014d5c7889f8430d67b7057f7f3a183caa5b2f27c1a4687df14274bb62d31e81
artifacts/priority33c/image_recovery/C2_batch4/dna_v2_0p95/target_022/arrays.npz,9aafccb36f3788381a9e145c7a4fd6c0cd992f8b32d9b69f739a8087faca6247
artifacts/priority33c/image_recovery/C2_batch4/dna_v2_0p95/target_022/receipt.pt,718ab8fabc3b6f04bd1a3c22ea9869d25fe4b281052c38ac597fcec80df30c0d
artifacts/priority33c/image_recovery/C2_batch4/dna_v2_0p95/target_022/result.json,c4c0e4a44fc689ded098ad273c47abbacdc30ff671543ea975c468cf5e75d6d7
artifacts/priority33c/image_recovery/C2_batch4/dna_v2_0p95/target_023/arrays.npz,6afe1bf64c78c0a4f2b8b48be0e5b0978bb006fd0b69cf556788b7910a4e2147
artifacts/priority33c/image_recovery/C2_batch4/dna_v2_0p95/target_023/receipt.pt,7d499bb8eab33ad79e6bb166681a9f410c80d006cac9e482f67e6836e53b9601
artifacts/priority33c/image_recovery/C2_batch4/dna_v2_0p95/target_023/result.json,c499038aab5cba3c8fda566d267a042e64d9c102b31e516ad5986d7cd59bff78
artifacts/priority33c/image_recovery/C2_batch4/dp_single_for_dna_v1_conservative/target_000/arrays.npz,dff117ff8636dc4938424b50c40b51d4342b61da3f06c61f2549caf6301b6b30
artifacts/priority33c/image_recovery/C2_batch4/dp_single_for_dna_v1_conservative/target_000/receipt.pt,efce56868032808768ba04d53920e256d2646003508d09ea0fcab05a2425a86f
artifacts/priority33c/image_recovery/C2_batch4/dp_single_for_dna_v1_conservative/target_000/result.json,50c401360453c535a7888962d1dec7de3c25f08b636dfafb19df415cacebf807
artifacts/priority33c/image_recovery/C2_batch4/dp_single_for_dna_v1_conservative/target_001/arrays.npz,52b1c180d7aaa9463dbb917bb900c4c54e299d5759ffd6cd45da34020c8df0ef
artifacts/priority33c/image_recovery/C2_batch4/dp_single_for_dna_v1_conservative/target_001/receipt.pt,a67b77637043584beb400c7994c292d9449e5ea6af9d2e2609261dc1092d813d
artifacts/priority33c/image_recovery/C2_batch4/dp_single_for_dna_v1_conservative/target_001/result.json,0e785b08932679b363689a1e5b2f0f7d0b2d7f1a55d17ab08a68a2f9d26e9fe5
artifacts/priority33c/image_recovery/C2_batch4/dp_single_for_dna_v1_conservative/target_002/arrays.npz,cb5030c1b1fee15acd880ca4823368751615b9ca1ec91862b7cc59e900477212
artifacts/priority33c/image_recovery/C2_batch4/dp_single_for_dna_v1_conservative/target_002/receipt.pt,e18f9af67a7778c3ffe459890ef50659c22feec5b107115051d5dfe551b088a0
artifacts/priority33c/image_recovery/C2_batch4/dp_single_for_dna_v1_conservative/target_002/result.json,c0ee8187f7f068ab003f03f010d4e7c6c4d7a93f7674af437ff459f0820b8656
artifacts/priority33c/image_recovery/C2_batch4/dp_single_for_dna_v1_conservative/target_003/arrays.npz,6c6fd74bdb86a2dfe91a35c6ab5f34ad005545149e1c6e0d3a4c9b6c8747bf49
artifacts/priority33c/image_recovery/C2_batch4/dp_single_for_dna_v1_conservative/target_003/receipt.pt,478261b8065eb431e1b3bb1b4710bb735c7fa0179b5bd44ce48dec8a0b245265
artifacts/priority33c/image_recovery/C2_batch4/dp_single_for_dna_v1_conservative/target_003/result.json,c01e09bec2a799829c509ad76883db845ecb8b44f007602c8b53d2a5da83c7e1
artifacts/priority33c/image_recovery/C2_batch4/dp_single_for_dna_v1_conservative/target_004/arrays.npz,a6a303d0e7bf7aed71f7acd3aea27b86248c37eeab98f6dc83ddd6b8647688c7
artifacts/priority33c/image_recovery/C2_batch4/dp_single_for_dna_v1_conservative/target_004/receipt.pt,e25930235b26028618fea13ad7ed4ee503649381f231dd559ef5c31252978841
artifacts/priority33c/image_recovery/C2_batch4/dp_single_for_dna_v1_conservative/target_004/result.json,ed54389d1a7edfd59edcd84c62ba6e90387e49a27fddc0dcf08319b7bc98a7bf
artifacts/priority33c/image_recovery/C2_batch4/dp_single_for_dna_v1_conservative/target_005/arrays.npz,3206a1d48e2d22a1b47d61bc55f4940fa08e6c505a60853eaeadb4128d9087fd
artifacts/priority33c/image_recovery/C2_batch4/dp_single_for_dna_v1_conservative/target_005/receipt.pt,14d7f6c7e52107ad747c6be673d3f7e1fef943adfb25465055a4d41b16a5a853
artifacts/priority33c/image_recovery/C2_batch4/dp_single_for_dna_v1_conservative/target_005/result.json,c3549f7c496aba0e16a402e50cd986fc3cb76732c445720b2481209c6b8664bd
artifacts/priority33c/image_recovery/C2_batch4/dp_single_for_dna_v1_conservative/target_006/arrays.npz,3a2dacb0fe12177ecb007d1aa11f96228af5827d38793c8b3040d4af8c6d27fe
artifacts/priority33c/image_recovery/C2_batch4/dp_single_for_dna_v1_conservative/target_006/receipt.pt,769243f653bf573f3921ea144a054326620cd85076fd1b882c41652be0382983
artifacts/priority33c/image_recovery/C2_batch4/dp_single_for_dna_v1_conservative/target_006/result.json,cdecd7dccc48cc9c95054d4c660652a5148d3c107ac6062ccb8413aa72b4ed83
artifacts/priority33c/image_recovery/C2_batch4/dp_single_for_dna_v1_conservative/target_007/arrays.npz,65370b6a003575b93301ce2f00f088395ba427b7bc09b75006d43b082f817642
artifacts/priority33c/image_recovery/C2_batch4/dp_single_for_dna_v1_conservative/target_007/receipt.pt,f30688ab3f7e540dc9e86058468b059201745f2c6a277c04d1d0d2bda683dbf8
artifacts/priority33c/image_recovery/C2_batch4/dp_single_for_dna_v1_conservative/target_007/result.json,cdd799bd0a6478a60430f10b273f5e53438273d21a13fba1fbf0effab3d917fd
artifacts/priority33c/image_recovery/C2_batch4/dp_single_for_dna_v1_conservative/target_008/arrays.npz,f191e36c67be59f00515af8bf42cfa81ca6d4def01fd9c596bf0202bdb34efc0
artifacts/priority33c/image_recovery/C2_batch4/dp_single_for_dna_v1_conservative/target_008/receipt.pt,77e68217f23d945652e2b0a625fe29e796ce8795010770d5000abf90c48f157d
artifacts/priority33c/image_recovery/C2_batch4/dp_single_for_dna_v1_conservative/target_008/result.json,e6c6aea290f6ddffd5b3bbf6e10f70d6f52040ddbe01625419d6a243ef4b20d6
artifacts/priority33c/image_recovery/C2_batch4/dp_single_for_dna_v1_conservative/target_009/arrays.npz,5be04e0c59217932fd0be4d812eb2b0fc8d2fe844947b1298326032dd55817fd
artifacts/priority33c/image_recovery/C2_batch4/dp_single_for_dna_v1_conservative/target_009/receipt.pt,9602c51848c27d6c9a0fcf6815de7df95b037f53266a77313669f491a74e0691
artifacts/priority33c/image_recovery/C2_batch4/dp_single_for_dna_v1_conservative/target_009/result.json,bd1c27492dfd5ca517cf093ad65a0549aef03cf5771d376c15187aa1898b693d
artifacts/priority33c/image_recovery/C2_batch4/dp_single_for_dna_v1_conservative/target_010/arrays.npz,81bb2162fd84102f03f43a9c0dacc8aec40faf9223772444a2a9bf3e1c763173
artifacts/priority33c/image_recovery/C2_batch4/dp_single_for_dna_v1_conservative/target_010/receipt.pt,24a4e645ffe6411be8f55d0a3c6c80ea26b397b8c7002862048804480d94277b
artifacts/priority33c/image_recovery/C2_batch4/dp_single_for_dna_v1_conservative/target_010/result.json,e1353e2fd1c601dc7d3ce9289df1fd340b31f75a52a1523abc2bd52e431d6b92
artifacts/priority33c/image_recovery/C2_batch4/dp_single_for_dna_v1_conservative/target_011/arrays.npz,a501d87f888864fe893ad650ac6f6da73d88d37b085d5e6166d6094994589f2e
artifacts/priority33c/image_recovery/C2_batch4/dp_single_for_dna_v1_conservative/target_011/receipt.pt,69e51348ab5dba0e31d91f1d8f70fc7b088b9e816e4ceb8ae1525b7bc07ef5cb
artifacts/priority33c/image_recovery/C2_batch4/dp_single_for_dna_v1_conservative/target_011/result.json,030117c5c6c13441f5f7662b44b7c1872a0e0992fe94c6c276cb9a55f6ace156
artifacts/priority33c/image_recovery/C2_batch4/dp_single_for_dna_v1_conservative/target_012/arrays.npz,8256199da6bd54a6a663ad11c84b7ee082d5c3203852b2eab8a0086a003d74a1
artifacts/priority33c/image_recovery/C2_batch4/dp_single_for_dna_v1_conservative/target_012/receipt.pt,f51e938e9d845e87f2974afebb9f7c682f0a071c91e4933239b68820388d754f
artifacts/priority33c/image_recovery/C2_batch4/dp_single_for_dna_v1_conservative/target_012/result.json,830af8ff96c291d1550b3625646909d41eea78f2e6b376f161647f04edef6545
artifacts/priority33c/image_recovery/C2_batch4/dp_single_for_dna_v1_conservative/target_013/arrays.npz,da7dfffa4dfc35dd6c49a711ea0248de4fe52b05b5eb13f72833adafee1e97a3
artifacts/priority33c/image_recovery/C2_batch4/dp_single_for_dna_v1_conservative/target_013/receipt.pt,2adce4b7c976b7380082713fd17ff27244219af86cee0abc1ca3a43bbc646ba7
artifacts/priority33c/image_recovery/C2_batch4/dp_single_for_dna_v1_conservative/target_013/result.json,d2a890249366dc48dc427b128b6ca69f4b00e37d0bb744ea0fded13821a21a9f
artifacts/priority33c/image_recovery/C2_batch4/dp_single_for_dna_v1_conservative/target_014/arrays.npz,c4d3e1dfa3f02f38f01bd62d1efeddcaf8cb56f86faba93b3cd0573b570f238c
artifacts/priority33c/image_recovery/C2_batch4/dp_single_for_dna_v1_conservative/target_014/receipt.pt,b870791ec59c418fe6756f255b83f81aab6659a635b6de5cb58e527eaf233c3e
artifacts/priority33c/image_recovery/C2_batch4/dp_single_for_dna_v1_conservative/target_014/result.json,eb374154626ae95be6f7c97386cc469ae3c18914d37e49395814f5a3756d8c09
artifacts/priority33c/image_recovery/C2_batch4/dp_single_for_dna_v1_conservative/target_015/arrays.npz,43ed2bcb3fd36ed1656660499291e80834e5fe601ae94a31c2da9c057c624b34
artifacts/priority33c/image_recovery/C2_batch4/dp_single_for_dna_v1_conservative/target_015/receipt.pt,2719fea8fbb6970baa58ff5dc761f9d07bfd3109429b5f7e2bf7b6bd117f2bc8
artifacts/priority33c/image_recovery/C2_batch4/dp_single_for_dna_v1_conservative/target_015/result.json,959b948f471daebfd694fbe2cc274982f604edf5d3b06c51f591f72ae6e76740
artifacts/priority33c/image_recovery/C2_batch4/dp_single_for_dna_v1_conservative/target_016/arrays.npz,c093e5e36ff07d0111a713cc321e9955697b968b90530f2446a3a18282019d12
artifacts/priority33c/image_recovery/C2_batch4/dp_single_for_dna_v1_conservative/target_016/receipt.pt,50391a88157ddad2bfd69f73cb6702996554684a118697d303ce2bc0a72bb228
artifacts/priority33c/image_recovery/C2_batch4/dp_single_for_dna_v1_conservative/target_016/result.json,2de585425a944472bb50df16f4dd964bfab7a9a83fd0c4cd7ec4046c1c217352
artifacts/priority33c/image_recovery/C2_batch4/dp_single_for_dna_v1_conservative/target_017/arrays.npz,43b0e96b85cf9108186f825cad7d827dd388d435fcea2126ccc1147b1ff4b0b1
artifacts/priority33c/image_recovery/C2_batch4/dp_single_for_dna_v1_conservative/target_017/receipt.pt,237f33d8c5625905ae073e109dae8a7b63dbe1081c7e7c0e0589d741e60b164a
artifacts/priority33c/image_recovery/C2_batch4/dp_single_for_dna_v1_conservative/target_017/result.json,65503bfdb01f1451698d4419b8e478af709f4f3a375ee81edfa665d81334f543
artifacts/priority33c/image_recovery/C2_batch4/dp_single_for_dna_v1_conservative/target_018/arrays.npz,e7962116898be1d17e5f71a4a66987465510b28f1ab0ff637bdeb8e394ba0778
artifacts/priority33c/image_recovery/C2_batch4/dp_single_for_dna_v1_conservative/target_018/receipt.pt,bb99b889c4bd57cdfe9a0c872947286fa6fecfdbcb77626d9fa18a42e8527d01
artifacts/priority33c/image_recovery/C2_batch4/dp_single_for_dna_v1_conservative/target_018/result.json,0a7645d17b977921362b15b9acd5f92893e1eec608351fbdad1f75a994e56c2d
artifacts/priority33c/image_recovery/C2_batch4/dp_single_for_dna_v1_conservative/target_019/arrays.npz,2c5c499fa59873b5098f4dc313292a6826b7ae1928adf4ebb3d1cba66003d671
artifacts/priority33c/image_recovery/C2_batch4/dp_single_for_dna_v1_conservative/target_019/receipt.pt,f8015e39fca31b980006d3bcade7805ec6c77addd66f0c36ab0c3a2299be613a
artifacts/priority33c/image_recovery/C2_batch4/dp_single_for_dna_v1_conservative/target_019/result.json,2fc2c433cf385734f0a5d0f7d8a09ebc8681cf7debd9630c7d97f8f6994971a9
artifacts/priority33c/image_recovery/C2_batch4/dp_single_for_dna_v1_conservative/target_020/arrays.npz,db34c432339176361f5b95360fc49c639535cce1ac2d8f42e26c4295f6e5e8a7
artifacts/priority33c/image_recovery/C2_batch4/dp_single_for_dna_v1_conservative/target_020/receipt.pt,530021b1ea7c9b831695e38dd2be87b03e875a3ddf39f361dd6528abdf1ff05b
artifacts/priority33c/image_recovery/C2_batch4/dp_single_for_dna_v1_conservative/target_020/result.json,9a9d50df140fd393f81245185c446e31089a4630b74ef6db18ef06cfb85bf4a4
artifacts/priority33c/image_recovery/C2_batch4/dp_single_for_dna_v1_conservative/target_021/arrays.npz,43d4d5bed9f500ac47f98e994e86b1b4e601f1970e6f1a13ad9bdf1414abcd95
artifacts/priority33c/image_recovery/C2_batch4/dp_single_for_dna_v1_conservative/target_021/receipt.pt,ecdca40e0a4ddb8bd3a1753edcd13e453ea502ca39e2e3049009607c166970f8
artifacts/priority33c/image_recovery/C2_batch4/dp_single_for_dna_v1_conservative/target_021/result.json,354e0166c5cbc1c95eaa010ea41c68b04cf7c069c0820fb37afd3ff3f0201bdb
artifacts/priority33c/image_recovery/C2_batch4/dp_single_for_dna_v1_conservative/target_022/arrays.npz,8c69db7e2527d93e73ae35306649dbf7cfa09f70a3f699d34ee6096294eaa33a
artifacts/priority33c/image_recovery/C2_batch4/dp_single_for_dna_v1_conservative/target_022/receipt.pt,ca8ace6ca2bb31725f0d835a0c08c6878f7c358b094f7f1f361ec6946d8cd6a8
artifacts/priority33c/image_recovery/C2_batch4/dp_single_for_dna_v1_conservative/target_022/result.json,8b838d7711ffeb3cb2ebf92020b9406ffa0ed27459604f2fc7110dbd14495e2e
artifacts/priority33c/image_recovery/C2_batch4/dp_single_for_dna_v1_conservative/target_023/arrays.npz,624350c039fc9e3035d80f9008704701130b3dc9009907c3122b7e34f10a85ff
artifacts/priority33c/image_recovery/C2_batch4/dp_single_for_dna_v1_conservative/target_023/receipt.pt,4909982a563814172876e494c509d079d2e9ab9c8d7cacad672b968c0b6b196e
artifacts/priority33c/image_recovery/C2_batch4/dp_single_for_dna_v1_conservative/target_023/result.json,f11d3362a8a9f9e5cac26d355d3d8c8ee07b4bc0fffb9d0f1bbb2525eb070a5f
artifacts/priority33c/image_recovery/C2_batch4/dp_single_for_dna_v2_0p95/target_000/arrays.npz,1d1436a8b91dd2617287d06b2808237d19240aaa0e50d4fbecfe8c6e1a5796f8
artifacts/priority33c/image_recovery/C2_batch4/dp_single_for_dna_v2_0p95/target_000/receipt.pt,02a69465b570195a84a4b09734408fd938337aee59f4563e687c5afaea374afa
artifacts/priority33c/image_recovery/C2_batch4/dp_single_for_dna_v2_0p95/target_000/result.json,9dd3b9ff61666ee780fc9a272fc9584ff4b704b3b45b9e497c6b9a059baba832
artifacts/priority33c/image_recovery/C2_batch4/dp_single_for_dna_v2_0p95/target_001/arrays.npz,f45303f6da261ba860296f9d4ac03b47f75339b06f9eab67178298653c2d8bb1
artifacts/priority33c/image_recovery/C2_batch4/dp_single_for_dna_v2_0p95/target_001/receipt.pt,2bfb9f7423b061b60fe48b90b8215ef2447620d39507bbf2c4bb929cb7ac0d7f
artifacts/priority33c/image_recovery/C2_batch4/dp_single_for_dna_v2_0p95/target_001/result.json,4633227be54ff86b900994c6ede631076e132a07f8723c392a5104bfd147920c
artifacts/priority33c/image_recovery/C2_batch4/dp_single_for_dna_v2_0p95/target_002/arrays.npz,2b1a99067fb4dc0dd67f77d4b9b7c68fc8264027da165d6ecd4306a5fc541fe5
artifacts/priority33c/image_recovery/C2_batch4/dp_single_for_dna_v2_0p95/target_002/receipt.pt,e5710af191d23f860ddb843bcdbc1d0c0c10f860ab2dde878dd782978c444439
artifacts/priority33c/image_recovery/C2_batch4/dp_single_for_dna_v2_0p95/target_002/result.json,e47346d765af310770ea43b1b0ef43e1e01f7d20e67b11e25f70f705e2f7e099
artifacts/priority33c/image_recovery/C2_batch4/dp_single_for_dna_v2_0p95/target_003/arrays.npz,0024998478dc825327d2f594cb4f546742a2c94dc94f0b38f11dcb6845a78348
artifacts/priority33c/image_recovery/C2_batch4/dp_single_for_dna_v2_0p95/target_003/receipt.pt,1d0f10c39a79e6ec6b72747c3e87787f43fc5837956d2c94182731f5f6213f29
artifacts/priority33c/image_recovery/C2_batch4/dp_single_for_dna_v2_0p95/target_003/result.json,4b27f2feaee0cbbbae6e1e836a6b7754b857564ea2b3b6cfe1c6ba4487de2017
artifacts/priority33c/image_recovery/C2_batch4/dp_single_for_dna_v2_0p95/target_004/arrays.npz,6a0df3a43094882291a2fe365e6819eea24b50d15fc669145ddc910180fa2660
artifacts/priority33c/image_recovery/C2_batch4/dp_single_for_dna_v2_0p95/target_004/receipt.pt,86b61e63e9a47704494b37879ed416db7c2845292dc80b8bb94e561e0680ed7b
artifacts/priority33c/image_recovery/C2_batch4/dp_single_for_dna_v2_0p95/target_004/result.json,a18f84fd34e5a5cd2c152ae47b9c04a054c0cac5c6b0eeaf3271386c483bc6e3
artifacts/priority33c/image_recovery/C2_batch4/dp_single_for_dna_v2_0p95/target_005/arrays.npz,70dedeb7580720051a1a0da398cb95b39a29db1ed5b207e923bd90cecf2cf447
artifacts/priority33c/image_recovery/C2_batch4/dp_single_for_dna_v2_0p95/target_005/receipt.pt,fe6effa789b3f5ec6487e275639af024195032b8f3181b04887b9ea04e8b70bb
artifacts/priority33c/image_recovery/C2_batch4/dp_single_for_dna_v2_0p95/target_005/result.json,fed091cd41cd589baf12513e58439d9d2d1f6a5ae5afe5d67f541579c01b2f97
artifacts/priority33c/image_recovery/C2_batch4/dp_single_for_dna_v2_0p95/target_006/arrays.npz,918ffa1219122be9d401f26abd8031bb0fe755e3c9722fbb8320b5135d229bbd
artifacts/priority33c/image_recovery/C2_batch4/dp_single_for_dna_v2_0p95/target_006/receipt.pt,0b13b3b05594b383abb8c36e3784303ba54a901759c0e083da5e0dc9dcd838f0
artifacts/priority33c/image_recovery/C2_batch4/dp_single_for_dna_v2_0p95/target_006/result.json,6ada5b6a9f737de69d38b5fee6342d0d283a4948ca71ebb197d0254d69544519
artifacts/priority33c/image_recovery/C2_batch4/dp_single_for_dna_v2_0p95/target_007/arrays.npz,e003c510cbc1911481e896fd50bd1d87c12bd1be677c5fdd2e57cfdba9bc8be6
artifacts/priority33c/image_recovery/C2_batch4/dp_single_for_dna_v2_0p95/target_007/receipt.pt,d40e0858ae10da2afd3aa61ef6c5e98a0c31702d461e841067a26508ac1811b7
artifacts/priority33c/image_recovery/C2_batch4/dp_single_for_dna_v2_0p95/target_007/result.json,c308d61974fc3c3394c792742f8ebb2a6da5dab7a95f614d8bccb57a99798be2
artifacts/priority33c/image_recovery/C2_batch4/dp_single_for_dna_v2_0p95/target_008/arrays.npz,b825d4b7baa807d948133b27354d941c653323322f353ee5a5b682e7e89d1937
artifacts/priority33c/image_recovery/C2_batch4/dp_single_for_dna_v2_0p95/target_008/receipt.pt,90d1b0899608a42eadf5d981043805e526538673ec65b32b4c9178291e40edfb
artifacts/priority33c/image_recovery/C2_batch4/dp_single_for_dna_v2_0p95/target_008/result.json,5f9a8d977555c429806ce1a86f6e29ab6ebc49c0be863d03f04464f64d8ae61b
artifacts/priority33c/image_recovery/C2_batch4/dp_single_for_dna_v2_0p95/target_009/arrays.npz,34c9f3780a136324388362f9292e2881e8e8e8308182cd73d829389312bbfb5c
artifacts/priority33c/image_recovery/C2_batch4/dp_single_for_dna_v2_0p95/target_009/receipt.pt,58792ae60174dae543acb8c9815eed5ed5dcef6916785af891701eca71256fdb
artifacts/priority33c/image_recovery/C2_batch4/dp_single_for_dna_v2_0p95/target_009/result.json,e10526e8eb390e73ae28d3df92e1ed692bc278462261c15130826af9d4f26e15
artifacts/priority33c/image_recovery/C2_batch4/dp_single_for_dna_v2_0p95/target_010/arrays.npz,c9a0546bd238eb7d7fd50311630b18cc3e89bc6651a2dfe379dc8fcd6f4e43b8
artifacts/priority33c/image_recovery/C2_batch4/dp_single_for_dna_v2_0p95/target_010/receipt.pt,55910a7097e6964821947ee64aa1b25fa5f7bbf03bc86425f4d70b2648cd3155
artifacts/priority33c/image_recovery/C2_batch4/dp_single_for_dna_v2_0p95/target_010/result.json,ddb93f17e64fefa9ddb0e63d1dbf8c9c85203a780b2d9a2722c62fa9b63afd13
artifacts/priority33c/image_recovery/C2_batch4/dp_single_for_dna_v2_0p95/target_011/arrays.npz,f3c16c7a8ba0bfb7f9da0b562514918fa6898a1d9984073dccd0f5baa02e4a86
artifacts/priority33c/image_recovery/C2_batch4/dp_single_for_dna_v2_0p95/target_011/receipt.pt,208dc4cf37052ace39e442d89a586a59dc956a91faf381d4f38f250c2049fa0f
artifacts/priority33c/image_recovery/C2_batch4/dp_single_for_dna_v2_0p95/target_011/result.json,50ff707ead0df2ae058f3b9eb0f72fbc2fdb5411180d43232cd5fff34cae572c
artifacts/priority33c/image_recovery/C2_batch4/dp_single_for_dna_v2_0p95/target_012/arrays.npz,374a56343171e14b92e2de5c767f8758621f3d34ff3a402a406df211503f6f2d
artifacts/priority33c/image_recovery/C2_batch4/dp_single_for_dna_v2_0p95/target_012/receipt.pt,3e4818eb4cdeb9ff9e1efe254c2399f10baaccff0323f17b1c29b4ef3c17f164
artifacts/priority33c/image_recovery/C2_batch4/dp_single_for_dna_v2_0p95/target_012/result.json,db2b35145c8215a7b7dbd1431f51085ea8f1927de00086aa79b650c10d7cf384
artifacts/priority33c/image_recovery/C2_batch4/dp_single_for_dna_v2_0p95/target_013/arrays.npz,f2d929d1510fec1f740504aa8bccd3387c8c1b4fd93096f28cd69fcae2f90cd0
artifacts/priority33c/image_recovery/C2_batch4/dp_single_for_dna_v2_0p95/target_013/receipt.pt,d6b641924db5e99a4d3975b2ceb33a25675caa7c39df262a77828a1364d7f2ce
artifacts/priority33c/image_recovery/C2_batch4/dp_single_for_dna_v2_0p95/target_013/result.json,0e1d3f4bacf39c771b4596fc692c3de59d041905efac3ecefee33abcffde9339
artifacts/priority33c/image_recovery/C2_batch4/dp_single_for_dna_v2_0p95/target_014/arrays.npz,6c426472ec779c1e39cc2bbceeb05f17753b267b5ab5d236e0616805852584f5
artifacts/priority33c/image_recovery/C2_batch4/dp_single_for_dna_v2_0p95/target_014/receipt.pt,fde4684df8be3fc23ede5bfb7f41980cf538225372e1e669f62622b094f5bd76
artifacts/priority33c/image_recovery/C2_batch4/dp_single_for_dna_v2_0p95/target_014/result.json,441ecabc244ef765998807e770832afb4799facc48c1a48b60791eded0dcb62b
artifacts/priority33c/image_recovery/C2_batch4/dp_single_for_dna_v2_0p95/target_015/arrays.npz,35c4e90126cd9316c6f7866dd0f98c1bee2aafa25b74fd60b92880f243d5e960
artifacts/priority33c/image_recovery/C2_batch4/dp_single_for_dna_v2_0p95/target_015/receipt.pt,5ea70af172195d2886a9bf7520f850c07ba07ef48d8a9ff1fcf9ac011d088d79
artifacts/priority33c/image_recovery/C2_batch4/dp_single_for_dna_v2_0p95/target_015/result.json,e3340d48a4e3b549d0656671877e7c8eccdc58a4660b39b87b213954b769dd0d
artifacts/priority33c/image_recovery/C2_batch4/dp_single_for_dna_v2_0p95/target_016/arrays.npz,350b47a900dfa07ed9c9467e67eaaac143b09a5d9376ebe38c68bfe7d50dcdd0
artifacts/priority33c/image_recovery/C2_batch4/dp_single_for_dna_v2_0p95/target_016/receipt.pt,3f19c8121c5ddd294723d2445dc8b6d7484c719acfa49b5c10454c3b434a3cf8
artifacts/priority33c/image_recovery/C2_batch4/dp_single_for_dna_v2_0p95/target_016/result.json,330726d3fe9e17d0844e99d4f53135ae4f82b6edee243ac1bc3d403a495835c7
artifacts/priority33c/image_recovery/C2_batch4/dp_single_for_dna_v2_0p95/target_017/arrays.npz,65d132d9d374da7702daf30664ab7fcf4f732f0284b6e0634b3cdd2af32fcf67
artifacts/priority33c/image_recovery/C2_batch4/dp_single_for_dna_v2_0p95/target_017/receipt.pt,f811b059c41fb481c4a1a8bdd0cded6c826431b58d4348939931efd57e20d425
artifacts/priority33c/image_recovery/C2_batch4/dp_single_for_dna_v2_0p95/target_017/result.json,a7d8ba774a90cdcde7dbf02b2f5d092f7ef261e8bdcba862d6e96ff9a97fb75f
artifacts/priority33c/image_recovery/C2_batch4/dp_single_for_dna_v2_0p95/target_018/arrays.npz,7d05b654edf87bd5ffa1baaabf8d7edd5327545b3799a7eb6aff54ff589b5e11
artifacts/priority33c/image_recovery/C2_batch4/dp_single_for_dna_v2_0p95/target_018/receipt.pt,d236fab634903683d27bd4e130df61a12200c2b82f7fa0512b6b55eaaf4a426e
artifacts/priority33c/image_recovery/C2_batch4/dp_single_for_dna_v2_0p95/target_018/result.json,07c8d090cd3cbf78f170c4d31e26c2933bb0499ef33c28ed1e13bf4f18189e4a
artifacts/priority33c/image_recovery/C2_batch4/dp_single_for_dna_v2_0p95/target_019/arrays.npz,420d0b6699fd53b830bedb8fa41bbc1a72431cc4eb8a006bc399985fd2f04dbb
artifacts/priority33c/image_recovery/C2_batch4/dp_single_for_dna_v2_0p95/target_019/receipt.pt,956767f43b51bea7dbe1f9416273496e581581b8312aa9948a077dbdbfa917a8
artifacts/priority33c/image_recovery/C2_batch4/dp_single_for_dna_v2_0p95/target_019/result.json,e999d351a522cc36f648bc10bec2ec0e436011cb2afb3fa55968dca9384cbde4
artifacts/priority33c/image_recovery/C2_batch4/dp_single_for_dna_v2_0p95/target_020/arrays.npz,66e1b0dceeec2872429f96dd1970eea97154c53dda78da9d4c72ca7739c72919
artifacts/priority33c/image_recovery/C2_batch4/dp_single_for_dna_v2_0p95/target_020/receipt.pt,2fdf26000559d32de7ccc2c858ec7c0d28182bb612f38b65140d6087311e1162
artifacts/priority33c/image_recovery/C2_batch4/dp_single_for_dna_v2_0p95/target_020/result.json,f1bb227bd0740f796c148ad80456d3394b336098fa8d4f00a089090a28ab92f6
artifacts/priority33c/image_recovery/C2_batch4/dp_single_for_dna_v2_0p95/target_021/arrays.npz,dac41ea9c42c5ae15f69346ac11c1fadf42110cd75aed5de3f0458c4b0935a4a
artifacts/priority33c/image_recovery/C2_batch4/dp_single_for_dna_v2_0p95/target_021/receipt.pt,ad0dbdf22af2479e9186bc83e8cbda42f742fc51e69b2bfbc096f787d2f3c4ee
artifacts/priority33c/image_recovery/C2_batch4/dp_single_for_dna_v2_0p95/target_021/result.json,01a985f9c589f2fecdf15ab9729adb8eab59bc8595a59cc5bafaeedeccf0e22f
artifacts/priority33c/image_recovery/C2_batch4/dp_single_for_dna_v2_0p95/target_022/arrays.npz,2d4a47c538743476960a0dca4054d47321ad90e223422f4a9abb434e0755009f
artifacts/priority33c/image_recovery/C2_batch4/dp_single_for_dna_v2_0p95/target_022/receipt.pt,fc0538782a6920bf99ea9afd17f9cbe2a54f9d91918e59cb8d0584f472152fbc
artifacts/priority33c/image_recovery/C2_batch4/dp_single_for_dna_v2_0p95/target_022/result.json,bba0e42a043feb6e6b1107f5ae8657f960ba0502c4385e4b2133ac54a6d2aa8e
artifacts/priority33c/image_recovery/C2_batch4/dp_single_for_dna_v2_0p95/target_023/arrays.npz,1fdd1aa116b8e4a7c7f3fb316793015fccf8fce0717297e80dee9e956f745a21
artifacts/priority33c/image_recovery/C2_batch4/dp_single_for_dna_v2_0p95/target_023/receipt.pt,01dbafcda4affd0195d9cf03f78ba955433ce883f5642b9b480265af59568a30
artifacts/priority33c/image_recovery/C2_batch4/dp_single_for_dna_v2_0p95/target_023/result.json,ed078ed7780549c39bbe44d742e01c0691da3319abae3696839e422cb65e29eb
artifacts/priority33c/image_recovery/C2_batch4/unprotected/target_000/arrays.npz,008701153d5eb5721dd74ee92aad70c3a607b09c93a23122aac23e42105264e3
artifacts/priority33c/image_recovery/C2_batch4/unprotected/target_000/receipt.pt,8ae68b17f825cf0c5991b10a3754708ec33c0b9952064106d014724e95fe1909
artifacts/priority33c/image_recovery/C2_batch4/unprotected/target_000/result.json,1a9b329511d71dcbf1dbd5f1cb36906ddfd3af88d4fb14c83c6a65f2dcd3eb1c
artifacts/priority33c/image_recovery/C2_batch4/unprotected/target_001/arrays.npz,aad83875d6dda0e6922b56fddbe495a855d1538ab6f37e0b96c64660103091ed
artifacts/priority33c/image_recovery/C2_batch4/unprotected/target_001/receipt.pt,75915041aaf187f12acbdc1b5ea55c4a6bf6f865d04bbbc409992d503e77da50
artifacts/priority33c/image_recovery/C2_batch4/unprotected/target_001/result.json,9a35f98e871a60d40eb8ef92efb5a8ee8e6cae09dda9d468bcbed6c68c5637b6
artifacts/priority33c/image_recovery/C2_batch4/unprotected/target_002/arrays.npz,6930d6d942b5da6c29948ec2af21a8bfb8638f5c4dfc83dcc7adc9d0b2a41058
artifacts/priority33c/image_recovery/C2_batch4/unprotected/target_002/receipt.pt,fbf1af202c6bc1fcc57774c370cb4fd0e57bd75698697500b5f09acaaa306b8d
artifacts/priority33c/image_recovery/C2_batch4/unprotected/target_002/result.json,8de92b8860946e897ba32822b8846e0f1619d478cca7b2e47e96fa82d73a0e55
artifacts/priority33c/image_recovery/C2_batch4/unprotected/target_003/arrays.npz,ed90a8f148c90854ce9c123ec0a5e7f6c7ece18b3d42b7aca2663ec07117fa33
artifacts/priority33c/image_recovery/C2_batch4/unprotected/target_003/receipt.pt,a0261479449167b62055f9fd922f5156fd025f3e2a25de6346f3620633bfa29f
artifacts/priority33c/image_recovery/C2_batch4/unprotected/target_003/result.json,5d4ef91b50c99020e93f1832d180ce94a76bffeb1e5bc8b594560a12223774fc
artifacts/priority33c/image_recovery/C2_batch4/unprotected/target_004/arrays.npz,124a4e52df59c39b65667b758c934bb6c15355ec22e1e553b9ff3a4b1739632d
artifacts/priority33c/image_recovery/C2_batch4/unprotected/target_004/receipt.pt,dc173c6533b4913dbb59794dcc379616124716ab7d7e715237d90811198fd6b8
artifacts/priority33c/image_recovery/C2_batch4/unprotected/target_004/result.json,77bb82f0817fbe27ccf7841fc5695649ed5d8378f62de7fe78ed96db257303f0
artifacts/priority33c/image_recovery/C2_batch4/unprotected/target_005/arrays.npz,f89d4ad7e265b5b5c97a776ba1ebdb413a61b77b468532dfd4c2223bdf3f686a
artifacts/priority33c/image_recovery/C2_batch4/unprotected/target_005/receipt.pt,45c23d9d6e4665631c77a79e66478a223028392bdccf0244a2f10ef3a0901b41
artifacts/priority33c/image_recovery/C2_batch4/unprotected/target_005/result.json,22d87eeeb77f5b835c2841cd3128f7f7ba7c805e2715e9b364bad4f3ae2e063d
artifacts/priority33c/image_recovery/C2_batch4/unprotected/target_006/arrays.npz,1575169deaa1b210e0dcfb00b99cb0230e8cf397de0cc0eaea3c067643b7c8eb
artifacts/priority33c/image_recovery/C2_batch4/unprotected/target_006/receipt.pt,6a91e1ea9af42f42354d4948b4df41caee40cba540cf6d01029be922be871884
artifacts/priority33c/image_recovery/C2_batch4/unprotected/target_006/result.json,6cf6ee9b482811cdcf6f3e7e8e857f63d01446fb2e142e415a29cf213a2f811b
artifacts/priority33c/image_recovery/C2_batch4/unprotected/target_007/arrays.npz,cf34f40e3bf0207a4cb03bf81da0fc9fc2bb8fe598f9310325eed5384d592f93
artifacts/priority33c/image_recovery/C2_batch4/unprotected/target_007/receipt.pt,fa47f717ba689534abe35ff7cd231934b68bbe82906b30ed165110ceb8287b7e
artifacts/priority33c/image_recovery/C2_batch4/unprotected/target_007/result.json,068245d70482a9fd51687cf1ecdcfc019c777cf0e602b750edfffababd30a14b
artifacts/priority33c/image_recovery/C2_batch4/unprotected/target_008/arrays.npz,06f921d60bc63dcca90f7768932f38f058e373aed012484fa7c05bfd09c7c91c
artifacts/priority33c/image_recovery/C2_batch4/unprotected/target_008/receipt.pt,c750d20f035356028e125cb6cc96d3484dacc48fa98f8e54c0e2ea0cf9c60f13
artifacts/priority33c/image_recovery/C2_batch4/unprotected/target_008/result.json,2d43e4910d28ea95cd03eeb4762cd229d9d67cf8c2fc0d7adb4e45b8e970c8b3
artifacts/priority33c/image_recovery/C2_batch4/unprotected/target_009/arrays.npz,02e11c0a884937a99f9fa641d226e7c1ad9b860f323667b60157fdd4a69c0018
artifacts/priority33c/image_recovery/C2_batch4/unprotected/target_009/receipt.pt,6090e3e91de64b4408a61ab430cb14126495579913f58f68d38a86f68c65898a
artifacts/priority33c/image_recovery/C2_batch4/unprotected/target_009/result.json,5401b5514de29a28cb7d8c0deef5e610abc9460cfaf32b8fab08453ef3ac95ea
artifacts/priority33c/image_recovery/C2_batch4/unprotected/target_010/arrays.npz,498fde1b47f6a6dba5e0bc8254d8b3b84ef2ddf0839163fcbe13d25914c1fac5
artifacts/priority33c/image_recovery/C2_batch4/unprotected/target_010/receipt.pt,c39aeaf750a82980888cbd1a77ad79293be42a5f10c76d227d9a07dc1e8270fe
artifacts/priority33c/image_recovery/C2_batch4/unprotected/target_010/result.json,a477a200f75de521969cf2480f7d2aa8d409a172eadc42a9be13d23498b80e99
artifacts/priority33c/image_recovery/C2_batch4/unprotected/target_011/arrays.npz,c3fffdcd30026834ef3b3e2cc76ac7fdc908f421df81347c10b323e24d3e586a
artifacts/priority33c/image_recovery/C2_batch4/unprotected/target_011/receipt.pt,2cb0af85a5e35576c5adb93340c9a2be0189d8b596d5a43a6c7b7fa20475c1d0
artifacts/priority33c/image_recovery/C2_batch4/unprotected/target_011/result.json,36ad53c24ccbbae430fec74c5a06390b53627a94a34d998b79698a226b139ad6
artifacts/priority33c/image_recovery/C2_batch4/unprotected/target_012/arrays.npz,e3a83e2c5588255a00d2e82c2932bc116770fca6db276cfb85addde5d85b04ac
artifacts/priority33c/image_recovery/C2_batch4/unprotected/target_012/receipt.pt,b5163a1cf6e1994cab7522c110a579d71f485514dc62fe3b335dde4e0709c011
artifacts/priority33c/image_recovery/C2_batch4/unprotected/target_012/result.json,df5a7650ed480910a434a5d8dd2bb602a27cd886ed6395e136d0de2bb201e584
artifacts/priority33c/image_recovery/C2_batch4/unprotected/target_013/arrays.npz,ec2d94c69bf53e20523b249e1e655d6d057e8d77a5a5959d23899bd23bcbc00c
artifacts/priority33c/image_recovery/C2_batch4/unprotected/target_013/receipt.pt,065950669d32c76cf34a063f5f4b8a46bd8a8170d63f75dfa3f688210bd43f3e
artifacts/priority33c/image_recovery/C2_batch4/unprotected/target_013/result.json,4754030fde23c5f7aea1fbc189e311a93c397d4e01d765b40f09f1c9bbeff2b3
artifacts/priority33c/image_recovery/C2_batch4/unprotected/target_014/arrays.npz,e323c465e5df8590e3930e82162aea4efc918db61fd82012ad447ee22ce3b9a1
artifacts/priority33c/image_recovery/C2_batch4/unprotected/target_014/receipt.pt,b1447692401e87a6cae32922700baf8b289a3fa2f1d64caed4daccee9668a04c
artifacts/priority33c/image_recovery/C2_batch4/unprotected/target_014/result.json,220ae4276f0c8cc39d14d0f6a5afde22c0fac9267e804ed8b99802e5bda0781b
artifacts/priority33c/image_recovery/C2_batch4/unprotected/target_015/arrays.npz,3a4eb8af1135a50ea42c3ca381ddb4ffba85358710275ec8d47e0bdaa641da3a
artifacts/priority33c/image_recovery/C2_batch4/unprotected/target_015/receipt.pt,e2814d431fc0f109dc495c5e8383ae9e846d981ccaee3dbfb97d4cddbb9a9b85
artifacts/priority33c/image_recovery/C2_batch4/unprotected/target_015/result.json,8d47ea4186e858c78ea7a10cc8963c17c5f0cc0042db03e50411a3db9f931318
artifacts/priority33c/image_recovery/C2_batch4/unprotected/target_016/arrays.npz,d13a519f4a2e17db3344d445041a41b6116bfe5bbaa256da068f15b8cba9d22b
artifacts/priority33c/image_recovery/C2_batch4/unprotected/target_016/receipt.pt,121da276d73fe8f32e613eb954259d0bef421bf55075e5d2a2413e336c691c78
artifacts/priority33c/image_recovery/C2_batch4/unprotected/target_016/result.json,a59e0e139d384154f5754614045b7ecd4e9d2edbae5cf10a8ad41a2a2013ea9e
artifacts/priority33c/image_recovery/C2_batch4/unprotected/target_017/arrays.npz,4f8128dd561b8cde1a58cc5a68351a2357683c51bcd1d0ecd43ae4e1ae26eec8
artifacts/priority33c/image_recovery/C2_batch4/unprotected/target_017/receipt.pt,6b25bb10845094fdedcf0e6c03628d85f25ca87a88a0dc6b44a1173cab6408a2
artifacts/priority33c/image_recovery/C2_batch4/unprotected/target_017/result.json,078a77884ddf6458d610a2638400e6df821ca758492322c2f0e6263638665499
artifacts/priority33c/image_recovery/C2_batch4/unprotected/target_018/arrays.npz,dc65bb6a7a72c4a5632c30f5885bab7efc2f738056a5ea32d2d1fd568bf47b9e
artifacts/priority33c/image_recovery/C2_batch4/unprotected/target_018/receipt.pt,f87c7ab58e79a14773fdd2663550fac1417359182ea193e156a269ce0c2bc453
artifacts/priority33c/image_recovery/C2_batch4/unprotected/target_018/result.json,bf40d565bdd7af537c094a9c526bbfb2b9cdcc6a622ccc9842141d1ff433d056
artifacts/priority33c/image_recovery/C2_batch4/unprotected/target_019/arrays.npz,7071281cb8594393368ce3410d9d88f8185e45b714b3c68c0fe5bd2d83b28f5d
artifacts/priority33c/image_recovery/C2_batch4/unprotected/target_019/receipt.pt,326ab32f98239554cdbbf66100ec26f34a317c9405f8f7d7f45d48b7bdb12919
artifacts/priority33c/image_recovery/C2_batch4/unprotected/target_019/result.json,1b5911513706e9e061a853dcdf4de654f6c8720bf3df5139e12f03631e9b844d
artifacts/priority33c/image_recovery/C2_batch4/unprotected/target_020/arrays.npz,f4ee01b309d2e38b06f4449aec4e817a0c81664d9cbcbada74bfe48cc57a8507
artifacts/priority33c/image_recovery/C2_batch4/unprotected/target_020/receipt.pt,0d2f682ea5f2dbe0319b0674ca5fadfacb502b500a6b59a792b5180626c2faa0
artifacts/priority33c/image_recovery/C2_batch4/unprotected/target_020/result.json,3c420f8b526f852fa3785cc1a4c4f8c7bc727f66dd90d4404dfa0678286be31c
artifacts/priority33c/image_recovery/C2_batch4/unprotected/target_021/arrays.npz,16cae2dce2f1d57f6846604b6320f2d10c82df133f711adba84eead04091f908
artifacts/priority33c/image_recovery/C2_batch4/unprotected/target_021/receipt.pt,b56d504ce311ce1034aa12d66a99c278f5d0184fcd1a84f612dced9aaefe84af
artifacts/priority33c/image_recovery/C2_batch4/unprotected/target_021/result.json,1f14d645a2e1f71d2dbf2da81faea32b4f8deab2e9e90c8b8a719b5eca00bcb1
artifacts/priority33c/image_recovery/C2_batch4/unprotected/target_022/arrays.npz,f8d5b042468694abf49581d7c1c3ac803ff0ef6fd16fbf35f4bb5cc5ca515cac
artifacts/priority33c/image_recovery/C2_batch4/unprotected/target_022/receipt.pt,788637ca86ecbcff6a6bec3171f7cb5401efcc22c06209d098b8b9bb408ad06a
artifacts/priority33c/image_recovery/C2_batch4/unprotected/target_022/result.json,cff6a387c7ed86aa738e527a2f4315c3fa8f4a972495ddc9273d7ddf8af55dbe
artifacts/priority33c/image_recovery/C2_batch4/unprotected/target_023/arrays.npz,f08844db955e3c46937d38ce5a9ff3e3a5048f9bf51c3979b321d54609284048
artifacts/priority33c/image_recovery/C2_batch4/unprotected/target_023/receipt.pt,b25ec1e7bf529ba7aff3a328a4aabbba3777af5f6969b70a5130a5cc21b48b9a
artifacts/priority33c/image_recovery/C2_batch4/unprotected/target_023/result.json,d0468ae0ff67c411c35a3eb88a0ac4e32eb6d4a62152966fd99a006a4f710095
artifacts/priority33c/image_recovery/C2_trained/dna_v1_conservative/target_000/arrays.npz,9eef744cac63f287bf5a31ae24f9451ca7947f23daa76c8a88f1d11746d6d9ee
artifacts/priority33c/image_recovery/C2_trained/dna_v1_conservative/target_000/receipt.pt,63506ce01a1dd13bd5bb3cbfe6c30aa50e0d247454e9b8e5fad43e6cdcd42701
artifacts/priority33c/image_recovery/C2_trained/dna_v1_conservative/target_000/result.json,e44937dd023e2d7d5366f65ee2834978ff3b2b63f9e3d087d5a336284f0ad853
artifacts/priority33c/image_recovery/C2_trained/dna_v1_conservative/target_001/arrays.npz,91d6c3452fdf196a0196a18a1aa918851c4dd24bea1ea7c4981dde5d16e2dcaf
artifacts/priority33c/image_recovery/C2_trained/dna_v1_conservative/target_001/receipt.pt,c5b8554a6cf1447881be7e6c36f861b95bcad9402286d8aa59f5be46dd1c75fc
artifacts/priority33c/image_recovery/C2_trained/dna_v1_conservative/target_001/result.json,1130f6ac8a39815ae46c7fe4a939e001e98df9ec089857c84cecc887b1028b89
artifacts/priority33c/image_recovery/C2_trained/dna_v1_conservative/target_002/arrays.npz,c966643cd0ce76773a14d776718f2f467d227057c26bb2260b69783d3a8a1082
artifacts/priority33c/image_recovery/C2_trained/dna_v1_conservative/target_002/receipt.pt,56328f6bccbc598cf53e1fc8f76688173803fb4909f31b480bcde65bda57f07d
artifacts/priority33c/image_recovery/C2_trained/dna_v1_conservative/target_002/result.json,f47050198f0d00c88f8a90d553f2cd85392ef85622e7bfcec501e066eca6f4dc
artifacts/priority33c/image_recovery/C2_trained/dna_v1_conservative/target_003/arrays.npz,329ba5463f56c79e758a5259f54a9722a38a632a5d17aaa376a121a8a86bbdbf
artifacts/priority33c/image_recovery/C2_trained/dna_v1_conservative/target_003/receipt.pt,484cf68aee8cb8f559d8340f1239df9b14bf2f0e7af5069b1b573f305656cf4d
artifacts/priority33c/image_recovery/C2_trained/dna_v1_conservative/target_003/result.json,a46314a9ff44f5a22c107a47b4d8caeab58ed3ba552b86ebbb190f8ce82a0504
artifacts/priority33c/image_recovery/C2_trained/dna_v1_conservative/target_004/arrays.npz,a71f2025ca9b8ac4a35ce4932d5a03c24af476e491789db94d5f64d481ef07d8
artifacts/priority33c/image_recovery/C2_trained/dna_v1_conservative/target_004/receipt.pt,542857079487c4d3da5f61ab6e1c39c7ca8f82533d891a786ea55438e4cfce7c
artifacts/priority33c/image_recovery/C2_trained/dna_v1_conservative/target_004/result.json,2dacdad0e9189a32f0a9bcefd98e0cdfcbe2cc1b5c2d7007fb60861ed46e8f91
artifacts/priority33c/image_recovery/C2_trained/dna_v1_conservative/target_005/arrays.npz,e9680eefaf2920a25275339d93343f904c42d1f2e64e61e8518c64fd6be5fffb
artifacts/priority33c/image_recovery/C2_trained/dna_v1_conservative/target_005/receipt.pt,5b9b793d8af9a4d41527e3c964fba9acef1eb042e435e4affc042bf2962c589d
artifacts/priority33c/image_recovery/C2_trained/dna_v1_conservative/target_005/result.json,7b44f3591d90a6633e81789fdd28fa0f37aa2029cc3568c70e2707cf0d61ce83
artifacts/priority33c/image_recovery/C2_trained/dna_v1_conservative/target_006/arrays.npz,a8d9278112a173e33fe2689f981ee5e2c575e953f1a7b271628687c53aca1c3a
artifacts/priority33c/image_recovery/C2_trained/dna_v1_conservative/target_006/receipt.pt,d86d8f6b2cbd978216c9651779e80338be950cf96ab6b51dc5b119523dc45d41
artifacts/priority33c/image_recovery/C2_trained/dna_v1_conservative/target_006/result.json,6234136274d46d37695460d1813f47ec7deddabc3306c531bf5d982a45e56938
artifacts/priority33c/image_recovery/C2_trained/dna_v1_conservative/target_007/arrays.npz,27158f79c3d5658b66455e3ca365c6344f9b19c209414fd9d36d5b38b9190fb9
artifacts/priority33c/image_recovery/C2_trained/dna_v1_conservative/target_007/receipt.pt,414aac73e2d84a0023c8429928e6d72682344579e06dfa512f8c0c28b97254b4
artifacts/priority33c/image_recovery/C2_trained/dna_v1_conservative/target_007/result.json,41f97f66784d307e83e1d4816b78bd1fa29e82db69c12e82789cf9a9617b53b5
artifacts/priority33c/image_recovery/C2_trained/dna_v1_conservative/target_008/arrays.npz,2595f4d16e17a1280f3c4120619dbddb9f7630df62cca0950c962b6b93867f1f
artifacts/priority33c/image_recovery/C2_trained/dna_v1_conservative/target_008/receipt.pt,93eee988184702e778fdeb7b017a2d3e5da0dd1104c67f41c7aabff0774fb248
artifacts/priority33c/image_recovery/C2_trained/dna_v1_conservative/target_008/result.json,d80268cd07ac53ed415cb4050ef7c4bc4846538dc1172bf070ea64aeaa5848e6
artifacts/priority33c/image_recovery/C2_trained/dna_v1_conservative/target_009/arrays.npz,f34ce3c9486f8377ae7421f34aaa7054b3cdf889cbc20cdd41844e3adefbbf19
artifacts/priority33c/image_recovery/C2_trained/dna_v1_conservative/target_009/receipt.pt,37d94566e007ba0c4fdc4a24f5158a2ee3325290deda1e72295679631994bfdf
artifacts/priority33c/image_recovery/C2_trained/dna_v1_conservative/target_009/result.json,650479903511365fc58e670d135e74211980ba0d0dd1dd11210b18e4ede8b28c
artifacts/priority33c/image_recovery/C2_trained/dna_v1_conservative/target_010/arrays.npz,ec28413bdfc98ee389d663bf439d1deaf17266a83242d9b452a5ef255ddf1b36
artifacts/priority33c/image_recovery/C2_trained/dna_v1_conservative/target_010/receipt.pt,b0ca12d792f4aa62a34c719a93abca82a336e15db6b3e614b95d1df61edf1427
artifacts/priority33c/image_recovery/C2_trained/dna_v1_conservative/target_010/result.json,18185e074476c9ec90a5a0469547d9d6009335da951aecb214c8e6f34a3f5f56
artifacts/priority33c/image_recovery/C2_trained/dna_v1_conservative/target_011/arrays.npz,ceb06b2b357fd52b3252cb7659cf71da5052e32c90003a9e3101f997539fb454
artifacts/priority33c/image_recovery/C2_trained/dna_v1_conservative/target_011/receipt.pt,14c1f987a5c488fb3bdc83725b4e614c52b85fcd0dc847519e704289a0f87a87
artifacts/priority33c/image_recovery/C2_trained/dna_v1_conservative/target_011/result.json,f6be0603ff06cdfb03ef7968ac2c21dd5dfffbc693f3d99e5777c8ecb8637c71
artifacts/priority33c/image_recovery/C2_trained/dna_v1_conservative/target_012/arrays.npz,cda582780c4651202b87e4dcf602b15abab1ebb0c441bb3bc04e50c1bf293a47
artifacts/priority33c/image_recovery/C2_trained/dna_v1_conservative/target_012/receipt.pt,a56df20fd1def74be90ec1f241eb68e9f666837389ad2dfae845109245451c48
artifacts/priority33c/image_recovery/C2_trained/dna_v1_conservative/target_012/result.json,e904ef14a08d731b91d158be43ee1f5334bd1a4074f264d6bb0661f28692ac98
artifacts/priority33c/image_recovery/C2_trained/dna_v1_conservative/target_013/arrays.npz,cb922aa76188f902dd2690750959c848e900099d08d2e31befdfaf86dcb4acf2
artifacts/priority33c/image_recovery/C2_trained/dna_v1_conservative/target_013/receipt.pt,2619ec1c70201f5375e1707e1b05e38cc5fe7fdb394647ca29f4923f870f5f34
artifacts/priority33c/image_recovery/C2_trained/dna_v1_conservative/target_013/result.json,03aca29ee8c18692a1c4d782389d4ee365ad6a4be9212b5903f8e762cc23351d
artifacts/priority33c/image_recovery/C2_trained/dna_v1_conservative/target_014/arrays.npz,5250e8e3255069c0ac6280ae28d67a496b577b1dc869c157e77fd91fc22ccc3f
artifacts/priority33c/image_recovery/C2_trained/dna_v1_conservative/target_014/receipt.pt,91857532d618d4a98a0f09fa7cdf488a51313482ab09da8f91100c074ee668cb
artifacts/priority33c/image_recovery/C2_trained/dna_v1_conservative/target_014/result.json,586462031b671cf10110c75726d4fbe18bc39dea890a2ad74b32a39cf07063ae
artifacts/priority33c/image_recovery/C2_trained/dna_v1_conservative/target_015/arrays.npz,2824634b951133676369bef060905303ad7bd7e6c3b243f933a38bc936a2cdab
artifacts/priority33c/image_recovery/C2_trained/dna_v1_conservative/target_015/receipt.pt,5e7f87ca68afb9aaed20a20698a0d05ae2d06741534b949bd00cb7657e5a03e9
artifacts/priority33c/image_recovery/C2_trained/dna_v1_conservative/target_015/result.json,3807d10ae6d3b9e1a519b96a4f397d9cb42f2973dfda3cba0b909931569f835e
artifacts/priority33c/image_recovery/C2_trained/dna_v1_conservative/target_016/arrays.npz,5215e46898dfd6336071547ddd176c8cd691722289e5d43cde84e67aa101bd7a
artifacts/priority33c/image_recovery/C2_trained/dna_v1_conservative/target_016/receipt.pt,ffec99c0e205f7d4c3dd2e857e0be5a9f81389cb2efe9ef718f29785773b0369
artifacts/priority33c/image_recovery/C2_trained/dna_v1_conservative/target_016/result.json,53cbaf6a2b207a9ce5a7cee0ef6bef2e1d3bea0e7954bd683f5ec33a817e2d28
artifacts/priority33c/image_recovery/C2_trained/dna_v1_conservative/target_017/arrays.npz,90e065f89196da26ecfa93a8212bd5ad5be96c2a435364eff8ad368a461bdeaf
artifacts/priority33c/image_recovery/C2_trained/dna_v1_conservative/target_017/receipt.pt,7a6be137761c4777cb3391cd5315cdd8a43dfd785de60e564d09cd3a4e05a928
artifacts/priority33c/image_recovery/C2_trained/dna_v1_conservative/target_017/result.json,bd7b635fd23f94d740608411796e7e22415320a4c05d51ae8cbd587aa6aaf9c2
artifacts/priority33c/image_recovery/C2_trained/dna_v1_conservative/target_018/arrays.npz,d89e10183b1970ba8edb5006bb79af10d4c211656f1c20c7a41414104fcd67aa
artifacts/priority33c/image_recovery/C2_trained/dna_v1_conservative/target_018/receipt.pt,aa92a13e2e04fca8618a1572135765c32127c15260f64b38fdc3f559f149924c
artifacts/priority33c/image_recovery/C2_trained/dna_v1_conservative/target_018/result.json,e51a508be8d156042a05f1b3d22b7f2ba6b5b3a34b393bd34727ff64cae3ca3f
artifacts/priority33c/image_recovery/C2_trained/dna_v1_conservative/target_019/arrays.npz,71d3a3407ce682a8fadcb6772019d7a0fc00e126031090d50a958a1a2c3f7089
artifacts/priority33c/image_recovery/C2_trained/dna_v1_conservative/target_019/receipt.pt,dd38112b6b2795461fd1ff8367d41c1e322cf4d757658102a75ed110085a8516
artifacts/priority33c/image_recovery/C2_trained/dna_v1_conservative/target_019/result.json,bb5cde3d57b0dd6274c9c525e3c6c0406663ee6e84a71fc0661a10ed242ae440
artifacts/priority33c/image_recovery/C2_trained/dna_v1_conservative/target_020/arrays.npz,1f9ce4466fc61c27b8e097f8b491a8682d7836b35a0f264f20081cb8ee7cce27
artifacts/priority33c/image_recovery/C2_trained/dna_v1_conservative/target_020/receipt.pt,32ae7fc2a5fe605005d109ada02a49570a38cf6144a43a19732d931f0b6d6e7f
artifacts/priority33c/image_recovery/C2_trained/dna_v1_conservative/target_020/result.json,998bd41699af8c4f0627883e2ca0e2b663ef2a7973a6ac0ccc52ac9e367ea50c
artifacts/priority33c/image_recovery/C2_trained/dna_v1_conservative/target_021/arrays.npz,af0ada0fe2138df021d783bdea0c089b289eab33a49664aba6cfac7eb2df7848
artifacts/priority33c/image_recovery/C2_trained/dna_v1_conservative/target_021/receipt.pt,bc4255b0b63e24e740ccdfae7387d2371fecf59270b1a7617014116c08449ea6
artifacts/priority33c/image_recovery/C2_trained/dna_v1_conservative/target_021/result.json,49537cd7dd50044852ba802e7290b58f37911100143e2ca39494306132f08e8f
artifacts/priority33c/image_recovery/C2_trained/dna_v1_conservative/target_022/arrays.npz,0eb4d1aebf44cc12e3bc37e1cd56715918a1f8fd28bb1b191340a8999d785306
artifacts/priority33c/image_recovery/C2_trained/dna_v1_conservative/target_022/receipt.pt,eccecccc3fae5cd0dc98dc01b6034f54e5c92e4d876735d03f10372197c47ac7
artifacts/priority33c/image_recovery/C2_trained/dna_v1_conservative/target_022/result.json,78b6d25832365c7f28699c72b28cb240c77327b310b25f252d4a275c68329b08
artifacts/priority33c/image_recovery/C2_trained/dna_v1_conservative/target_023/arrays.npz,506c93c56ed56ad8ec6cfad3f35eca120bdd658a0f264a50b69cad6aa8e993c3
artifacts/priority33c/image_recovery/C2_trained/dna_v1_conservative/target_023/receipt.pt,7f5a4905519f7182283df55dba86e9aa6eec22e801732a444c94b4f66a04ab9f
artifacts/priority33c/image_recovery/C2_trained/dna_v1_conservative/target_023/result.json,67826188cdeea3020a83d44e943cc9d1c78b25d4f8385342a6be88fb18559f4c
artifacts/priority33c/image_recovery/C2_trained/dna_v2_0p95/target_000/arrays.npz,347049d61233529f749e9e0cc9fee095b3c5bf01df1a3581db9bc912ddf6a0a4
artifacts/priority33c/image_recovery/C2_trained/dna_v2_0p95/target_000/receipt.pt,f9ddffb66b8092a3ed28f40f40d75b21c9692af844c218f3301019dae9a3e0fd
artifacts/priority33c/image_recovery/C2_trained/dna_v2_0p95/target_000/result.json,8dfb1005186f339d94f49332df3c0cc1f7dbe21b95e8f2e30a0707c4388c2177
artifacts/priority33c/image_recovery/C2_trained/dna_v2_0p95/target_001/arrays.npz,fce6dc229b4096d163f4e3d946f0f2319a3d3b9facb5ce46e194db6492785657
artifacts/priority33c/image_recovery/C2_trained/dna_v2_0p95/target_001/receipt.pt,730ce24bbd5805d847938ee5483e4e0c12c3546a99b902a36c45cf8575a1d4d7
artifacts/priority33c/image_recovery/C2_trained/dna_v2_0p95/target_001/result.json,318230c4d84ab3de39810a2d6bf59691f53e15514ceea75bac8da7019e285b33
artifacts/priority33c/image_recovery/C2_trained/dna_v2_0p95/target_002/arrays.npz,1cf15a028eaf54b5391110bf9e7c816ec1d12014265ff86acce447dff18ed72b
artifacts/priority33c/image_recovery/C2_trained/dna_v2_0p95/target_002/receipt.pt,8c58e9d7da3c90d6878304feda362b92ecc9885c11e61411263f64ee4dd15b45
artifacts/priority33c/image_recovery/C2_trained/dna_v2_0p95/target_002/result.json,cfd5869dfe17d89848074611905bd68392461c58e6a203a6489360e3c7780b9b
artifacts/priority33c/image_recovery/C2_trained/dna_v2_0p95/target_003/arrays.npz,eb32ae39280bed486d6ed70bc2208c0173f6edefdad18c0a5b31c696b3ca9dea
artifacts/priority33c/image_recovery/C2_trained/dna_v2_0p95/target_003/receipt.pt,07a9d527ad02e3a0681fb79d3a64e6594852d69e84d078629055490e42f488a9
artifacts/priority33c/image_recovery/C2_trained/dna_v2_0p95/target_003/result.json,72d079472985fee97a9e6ef0039ecbb8233ba59855dff43c32a65e3743d94c8a
artifacts/priority33c/image_recovery/C2_trained/dna_v2_0p95/target_004/arrays.npz,15213b6da638940162b4121bf3ac34941087558769a3ae78c0f1893ea3f3ca56
artifacts/priority33c/image_recovery/C2_trained/dna_v2_0p95/target_004/receipt.pt,95590ae77db13cc2f4fdde8a1ff457b900f5420c60aebaeba95918508c97da03
artifacts/priority33c/image_recovery/C2_trained/dna_v2_0p95/target_004/result.json,c0e1222e4be247ab0169682eeb47e52a823fb73a94bd16f8e9da0ddff30a5482
artifacts/priority33c/image_recovery/C2_trained/dna_v2_0p95/target_005/arrays.npz,fdf624831694cb6cff2bdae7b2ea21343b5d97df68f711267bec5b1b79406920
artifacts/priority33c/image_recovery/C2_trained/dna_v2_0p95/target_005/receipt.pt,ea9cdda0b85eefc92b5a3254fa217be42c24bd280de6734c3170e9a36c003187
artifacts/priority33c/image_recovery/C2_trained/dna_v2_0p95/target_005/result.json,495beafe062f25102c22d2be364c37440578d6b46c52525bc9a741b32f1864c5
artifacts/priority33c/image_recovery/C2_trained/dna_v2_0p95/target_006/arrays.npz,15c2ce7de1e2ace59b83e42a204175b9ac4a9dde3f88616423faf6fb8ad361cb
artifacts/priority33c/image_recovery/C2_trained/dna_v2_0p95/target_006/receipt.pt,2a7ff6cf92f1ee110dd118a19e742873d2c75d4ba4fc69f528b85aecb4d24d6b
artifacts/priority33c/image_recovery/C2_trained/dna_v2_0p95/target_006/result.json,bfb3cc78db9b7f076f8d512fcf6604f8059d344ca4d3df13e05d3c5da14d26d3
artifacts/priority33c/image_recovery/C2_trained/dna_v2_0p95/target_007/arrays.npz,ff77b6be133430b710ce6cb1690ef77958e035cd36a3607a065cb976e9a597bb
artifacts/priority33c/image_recovery/C2_trained/dna_v2_0p95/target_007/receipt.pt,c49fe113ff592543259f8f474cb31a82fd957bbc754f0d0115902254d4a530e2
artifacts/priority33c/image_recovery/C2_trained/dna_v2_0p95/target_007/result.json,435a270796dc571f5688c2f6bb1b4009505f4b8a1760d0050ab4b8274c53d7aa
artifacts/priority33c/image_recovery/C2_trained/dna_v2_0p95/target_008/arrays.npz,429cb3957ea1065c18e87155927be31ca8bdcb5e5e78b21e82d4c8bcadbe91ad
artifacts/priority33c/image_recovery/C2_trained/dna_v2_0p95/target_008/receipt.pt,db3bf9aa252b0a3843f900de3c080418218eda01f6bc14c4d334e016aa505eed
artifacts/priority33c/image_recovery/C2_trained/dna_v2_0p95/target_008/result.json,31dda939753bfeb7185aef154afcfd2f22ef7033f8da416e99c91f56bfa0e297
artifacts/priority33c/image_recovery/C2_trained/dna_v2_0p95/target_009/arrays.npz,ee4b9eb6e5f928aa261d55cebe658211221bd27cf6354ef95f8579bb938f85c0
artifacts/priority33c/image_recovery/C2_trained/dna_v2_0p95/target_009/receipt.pt,50655054d04e90125ef2f86ec2325f6c558edd3db66fd50ba43c75345c24d360
artifacts/priority33c/image_recovery/C2_trained/dna_v2_0p95/target_009/result.json,024aeb6ff981315ad2d40365f6521722381b64c5d054bc558362ce240f212c01
artifacts/priority33c/image_recovery/C2_trained/dna_v2_0p95/target_010/arrays.npz,06e6ceffd604dafda344dccd566be875e29aa8f66991ecc469c0cffea13c7d50
artifacts/priority33c/image_recovery/C2_trained/dna_v2_0p95/target_010/receipt.pt,911e3abad1dc351eb69da0696e2c5db8f06b626fc3b33f52e3fe643b2b11fd67
artifacts/priority33c/image_recovery/C2_trained/dna_v2_0p95/target_010/result.json,ea5ca2dbc2ade387a594b1fca55e12f9477b7e3106f2902ceec55674780c032b
artifacts/priority33c/image_recovery/C2_trained/dna_v2_0p95/target_011/arrays.npz,ea4bce59f73f8a499a4c396cc0b137e9ebba1952e9e6fcd918e9192797733a8f
artifacts/priority33c/image_recovery/C2_trained/dna_v2_0p95/target_011/receipt.pt,4b5da599ea8735ed515b670eeaf8efe10bfd43e5fda2c9cd372b61918dc385ee
artifacts/priority33c/image_recovery/C2_trained/dna_v2_0p95/target_011/result.json,c686d870dab80f2e1c541e1f447eef7b0062c6945078de6224b9652e89010a20
artifacts/priority33c/image_recovery/C2_trained/dna_v2_0p95/target_012/arrays.npz,323ec436812491a67db96f05796a6f898c13d306ae96f6de316e00054d098641
artifacts/priority33c/image_recovery/C2_trained/dna_v2_0p95/target_012/receipt.pt,59bfa0771601f6b15b7abe4ff2979f71c81a2074de31a3c8a9cee97beffbaaa8
artifacts/priority33c/image_recovery/C2_trained/dna_v2_0p95/target_012/result.json,5770db863bff81296004c64081019bfd4e16d92e017f845602ddfcd28ca54e68
artifacts/priority33c/image_recovery/C2_trained/dna_v2_0p95/target_013/arrays.npz,effb1e154d450fff0af53b4724e7153bea93c135672a19b8e4a3a2596f794501
artifacts/priority33c/image_recovery/C2_trained/dna_v2_0p95/target_013/receipt.pt,e69ea18387f50789d3baa37dba59a7e484cecb8bec536d4386f8fecf9a56cae3
artifacts/priority33c/image_recovery/C2_trained/dna_v2_0p95/target_013/result.json,dff99fe37a91084f9a3ca603b8e5db6bc8ebe072885ff237e86c4a0c884d6c0e
artifacts/priority33c/image_recovery/C2_trained/dna_v2_0p95/target_014/arrays.npz,4783ebb84ed05600e50403d8b905c2268e553ead695976b157bfc0ddbd854ff5
artifacts/priority33c/image_recovery/C2_trained/dna_v2_0p95/target_014/receipt.pt,28e9cb5e96c4b0bb3608116b96fcfa8d686ece40998eec22e62ebfc1afb96c63
artifacts/priority33c/image_recovery/C2_trained/dna_v2_0p95/target_014/result.json,cbe80560ecc94dc332e262afa81d2e8e46474d99222344207c3dbc92eb3c38f8
artifacts/priority33c/image_recovery/C2_trained/dna_v2_0p95/target_015/arrays.npz,e37ce07e2d7eff81b54cadc5ced04df21f56b06a6c8dc7e69c613ef3cc9e33de
artifacts/priority33c/image_recovery/C2_trained/dna_v2_0p95/target_015/receipt.pt,4a1841ba68dbd0d36370d6c9b4da1ef5a6547b299b973eeebdc4c75a85725ff2
artifacts/priority33c/image_recovery/C2_trained/dna_v2_0p95/target_015/result.json,f4fbfe932dd995c631ad32dfd6476eedd596e3dcfaf1be95fac3199cffcd8648
artifacts/priority33c/image_recovery/C2_trained/dna_v2_0p95/target_016/arrays.npz,63f1a758d4925ead45041f740a72520ccf1bd37dbb6cb2d7f28edbaee1b6dd12
artifacts/priority33c/image_recovery/C2_trained/dna_v2_0p95/target_016/receipt.pt,49b3ef1ee1208f516cd04254518b88b82e396b77520ad9043395fb63ebe03cb8
artifacts/priority33c/image_recovery/C2_trained/dna_v2_0p95/target_016/result.json,a904290d9b8c867d43668d5a7cb0987d3fd6b758df4f969d88e5e3f0b405ccfd
artifacts/priority33c/image_recovery/C2_trained/dna_v2_0p95/target_017/arrays.npz,9ffac324b1c1d7d8d591be977b703baf8039f8a8eb46378a763ec8e164cd56d9
artifacts/priority33c/image_recovery/C2_trained/dna_v2_0p95/target_017/receipt.pt,4ccd26162fa2ea36b167d28e406d5790348c0938858616bc09ae6aa566336614
artifacts/priority33c/image_recovery/C2_trained/dna_v2_0p95/target_017/result.json,41cf83859795e95b231d93a6a41286d0e18dd9ebb18ca1bf84753bda432bea4c
artifacts/priority33c/image_recovery/C2_trained/dna_v2_0p95/target_018/arrays.npz,9d60d73b4237add95b07989909869ea766c17986b0e86f2a6ad5b195ab376c41
artifacts/priority33c/image_recovery/C2_trained/dna_v2_0p95/target_018/receipt.pt,5c08cfde7594e4be281dacb178014fa52d3a3075636a1b1ff7f6f229b27ff56b
artifacts/priority33c/image_recovery/C2_trained/dna_v2_0p95/target_018/result.json,2ecb52408e11cb1a933dfd7a4fa7736c475423f2f8d8c69f62c57a13d9ecb8c9
artifacts/priority33c/image_recovery/C2_trained/dna_v2_0p95/target_019/arrays.npz,ac7c691053eb06b1b1b30a605d911a6749c216d17b9c3b172ded76422e55e33c
artifacts/priority33c/image_recovery/C2_trained/dna_v2_0p95/target_019/receipt.pt,faceb976d9d8c5c9b07b59171c6a361d276ed92d4b86be3882d89331029c45a2
artifacts/priority33c/image_recovery/C2_trained/dna_v2_0p95/target_019/result.json,25f7c707aa50ca8355a315dd15eeb905ee6bd4af25656e9fb1d3d60855bd5eca
artifacts/priority33c/image_recovery/C2_trained/dna_v2_0p95/target_020/arrays.npz,8c25cd9a4f5a9ebdebf13e587133fd563ebd560c803220422cb4bc5940152826
artifacts/priority33c/image_recovery/C2_trained/dna_v2_0p95/target_020/receipt.pt,bb18e5534a9e1c009aaa5ecf33cdcefc8f0b20b231c67833cef42bf42b5f028b
artifacts/priority33c/image_recovery/C2_trained/dna_v2_0p95/target_020/result.json,a4a890d5f04a1e9f6aadf743d602c2f4dc46657086ba62d53c59e5f09aac22fa
artifacts/priority33c/image_recovery/C2_trained/dna_v2_0p95/target_021/arrays.npz,2f599c9105d9917d4a27a889b3292d3f0cc33cdba3a83046d7e3206bec6a78dd
artifacts/priority33c/image_recovery/C2_trained/dna_v2_0p95/target_021/receipt.pt,2d4cd7f85d87a25841e959ceb1baacd468c742356ee1cb21d98ede30fe5c5827
artifacts/priority33c/image_recovery/C2_trained/dna_v2_0p95/target_021/result.json,77974e010171c84bff3af85abfc0078a1d7b2511193fc6a1a732e9c31c9070c2
artifacts/priority33c/image_recovery/C2_trained/dna_v2_0p95/target_022/arrays.npz,2c43e2157e1204afa497b39d1dc38f0f0cec4bae87d0963404815580f56e4b57
artifacts/priority33c/image_recovery/C2_trained/dna_v2_0p95/target_022/receipt.pt,fd071f01380f9944848aedb385c247c418802b6050f42a7ee97032e636b0611e
artifacts/priority33c/image_recovery/C2_trained/dna_v2_0p95/target_022/result.json,986f9354699ea2bfac20a01419b7e0b036b1dbc6d847b08b0b49a047d66d1fc8
artifacts/priority33c/image_recovery/C2_trained/dna_v2_0p95/target_023/arrays.npz,bce68b9c3eb8d037d9775a55b8da89e1a101989a25928d4ad497e178e7460a17
artifacts/priority33c/image_recovery/C2_trained/dna_v2_0p95/target_023/receipt.pt,7e80d845cd9106ace425289421b41055b91b3abc9b317a249b1abc80a1ddaa1d
artifacts/priority33c/image_recovery/C2_trained/dna_v2_0p95/target_023/result.json,0502fd0bdfc89ebe42ceade9f2f39a01187e33851045d9b372340b153392d705
artifacts/priority33c/image_recovery/C2_trained/dp_single_for_dna_v1_conservative/target_000/arrays.npz,1e8a3775980a262840c9c468e5c3902ee0686b3e3c2607c23893a423cf651894
artifacts/priority33c/image_recovery/C2_trained/dp_single_for_dna_v1_conservative/target_000/receipt.pt,2651257e278e58e9108dbcd1249ac5e711076d6be6975bf81d92c436c9f72289
artifacts/priority33c/image_recovery/C2_trained/dp_single_for_dna_v1_conservative/target_000/result.json,a78bc42c5ad2db26e2635af83e933443c1a55ac0c7de997543c70614d75098a8
artifacts/priority33c/image_recovery/C2_trained/dp_single_for_dna_v1_conservative/target_001/arrays.npz,d159203e1a1a15ab32a88aa92ab3c851fda226807ef0bc83cb282a35f323bbee
artifacts/priority33c/image_recovery/C2_trained/dp_single_for_dna_v1_conservative/target_001/receipt.pt,20005663e3fa11bad8d9fe34145b7a39e34206b8dd9124f955aee51e68e6ef4b
artifacts/priority33c/image_recovery/C2_trained/dp_single_for_dna_v1_conservative/target_001/result.json,e65357a2c627fe80e3bebc9294ea6eec60ea25379f00a950fc6673e7f35e0964
artifacts/priority33c/image_recovery/C2_trained/dp_single_for_dna_v1_conservative/target_002/arrays.npz,2b912ecdbda5c3f0bdd959e6b7f789bfef94825c0b99550035a6f045ca3008f1
artifacts/priority33c/image_recovery/C2_trained/dp_single_for_dna_v1_conservative/target_002/receipt.pt,ce5f730a6137ccfb42432d00aed22ab85306b71f07a03e2e9f9fd7c43b522040
artifacts/priority33c/image_recovery/C2_trained/dp_single_for_dna_v1_conservative/target_002/result.json,5f63608eb35f6205aa3845e486793310f2453cebf131c7f3fbda4f66cd2f27ec
artifacts/priority33c/image_recovery/C2_trained/dp_single_for_dna_v1_conservative/target_003/arrays.npz,70fbd716b2288ac0baa6f8d5b2befbc5ae510ea8adb5d3bea9dcb2351634841b
artifacts/priority33c/image_recovery/C2_trained/dp_single_for_dna_v1_conservative/target_003/receipt.pt,228fbb059b03587d9546040ae445a49b22bcb02c754d3f5410b2d2a2887b1417
artifacts/priority33c/image_recovery/C2_trained/dp_single_for_dna_v1_conservative/target_003/result.json,16235bda51e2eaad724cb0d5b42d8e1f56774611a79b46e7cd67c636ca02686b
artifacts/priority33c/image_recovery/C2_trained/dp_single_for_dna_v1_conservative/target_004/arrays.npz,89df8cd1e860e3604a6e4d82f2783b5ea7da7f136c0e5ebef7dbee2f1ca879ff
artifacts/priority33c/image_recovery/C2_trained/dp_single_for_dna_v1_conservative/target_004/receipt.pt,c816efcd5854a1e7d2d3457449e2012ddfe673a4dc83a0096646cf8a0583ecb8
artifacts/priority33c/image_recovery/C2_trained/dp_single_for_dna_v1_conservative/target_004/result.json,a401ea27ec7a24b4517ca1942fe599c8010245f38a7ea8c10cdd8904a1eb9b59
artifacts/priority33c/image_recovery/C2_trained/dp_single_for_dna_v1_conservative/target_005/arrays.npz,1819cb82cf4f63ba7561421272676482a3614a7414ca08d42f5b50dfc14f1c09
artifacts/priority33c/image_recovery/C2_trained/dp_single_for_dna_v1_conservative/target_005/receipt.pt,66e94944d8b17b1e1459e4263c190915b5632c90e3fa5c5f46a51b0fe4d9f530
artifacts/priority33c/image_recovery/C2_trained/dp_single_for_dna_v1_conservative/target_005/result.json,b37f90ecea3d27357a9931cbde26a445dfb689b31dd345fae22cc44c59ff5638
artifacts/priority33c/image_recovery/C2_trained/dp_single_for_dna_v1_conservative/target_006/arrays.npz,824f8e6caa14035ce5d1570a15ede997cca77fdcf1864fdb6800e58396a97a00
artifacts/priority33c/image_recovery/C2_trained/dp_single_for_dna_v1_conservative/target_006/receipt.pt,ff99f77e9773fb1fd2b917dc2e0fd8ed4eb24d324ed2a2e157ba370d8d2477ad
artifacts/priority33c/image_recovery/C2_trained/dp_single_for_dna_v1_conservative/target_006/result.json,ce7b6d3656e2624fd8295ad0dc2795789ae045eb94db5cbc69d45d495e8cfbf2
artifacts/priority33c/image_recovery/C2_trained/dp_single_for_dna_v1_conservative/target_007/arrays.npz,e0dcacf65cd87dc0a48eae978912980ab43487088a47eb9fe50b9c85e1ed11d5
artifacts/priority33c/image_recovery/C2_trained/dp_single_for_dna_v1_conservative/target_007/receipt.pt,ce08e54048de759d8d89ec13970987da22d7efd1254cc9391b88d9360b9a2ece
artifacts/priority33c/image_recovery/C2_trained/dp_single_for_dna_v1_conservative/target_007/result.json,19f7911d1660591a68c568eed5c60bcf095d0a48308c31afc9d5a40ef9698cf8
artifacts/priority33c/image_recovery/C2_trained/dp_single_for_dna_v1_conservative/target_008/arrays.npz,3d790b92bd502c22f5448535016344a64f6b1975a67c8fe9b962654f3f94b6d1
artifacts/priority33c/image_recovery/C2_trained/dp_single_for_dna_v1_conservative/target_008/receipt.pt,170c627bdfab2fceacc44a4957b10a863f1ddb4e0454740b59110361666a019f
artifacts/priority33c/image_recovery/C2_trained/dp_single_for_dna_v1_conservative/target_008/result.json,c64c4389a16f26be446850a07e05dcfda0fbcab94a896654effc1bb300865e81
artifacts/priority33c/image_recovery/C2_trained/dp_single_for_dna_v1_conservative/target_009/arrays.npz,3c94337c788930f16d615fb41c35e460104196292d17dc64b5520dd6bc0f170d
artifacts/priority33c/image_recovery/C2_trained/dp_single_for_dna_v1_conservative/target_009/receipt.pt,133c2ed3e920a989e8254e1eebb955dcba8fa873f0a2bf61e888b4044bcc8332
artifacts/priority33c/image_recovery/C2_trained/dp_single_for_dna_v1_conservative/target_009/result.json,9d937143c551d872a93eea54daf234fe43dffa97a4ce867a3336cca4b01f107a
artifacts/priority33c/image_recovery/C2_trained/dp_single_for_dna_v1_conservative/target_010/arrays.npz,7f69e1c6fb768fdb27e1523ad91427d75e3bebbdb7a1451bb6c32a8a5850d052
artifacts/priority33c/image_recovery/C2_trained/dp_single_for_dna_v1_conservative/target_010/receipt.pt,40b358cd7179a80cc3142a3e7a59c7521189863100cb6692103a440fa929bc03
artifacts/priority33c/image_recovery/C2_trained/dp_single_for_dna_v1_conservative/target_010/result.json,e06df55ccc4383964afd34f70c3048de21998e71665f5490aff07fb8112979c3
artifacts/priority33c/image_recovery/C2_trained/dp_single_for_dna_v1_conservative/target_011/arrays.npz,135cc849aeda5466b30897fb976101197e67ba2614ca9f7d28d97fa1bc0bcc51
artifacts/priority33c/image_recovery/C2_trained/dp_single_for_dna_v1_conservative/target_011/receipt.pt,b42d21c26c4e6c44f3e2845568c694333d528e36e726777b8d89a2f50c9a4b01
artifacts/priority33c/image_recovery/C2_trained/dp_single_for_dna_v1_conservative/target_011/result.json,f23905621c5b7a55a8540b24cd123a10cba9763012a48bf35a44b7a6e5df728a
artifacts/priority33c/image_recovery/C2_trained/dp_single_for_dna_v1_conservative/target_012/arrays.npz,fbea7db549f7236cd3b26b845963470a57f7187ea2e01cf4e546e24b8c0aa1fa
artifacts/priority33c/image_recovery/C2_trained/dp_single_for_dna_v1_conservative/target_012/receipt.pt,ab28c7cf382536458fe8ad08bbca4cd2c5fef6a3fe297d13b147b7a5a5366dc8
artifacts/priority33c/image_recovery/C2_trained/dp_single_for_dna_v1_conservative/target_012/result.json,01a1b87c32257e91481b1c1b830a370633110300232080ef85390bb6b00b69a0
artifacts/priority33c/image_recovery/C2_trained/dp_single_for_dna_v1_conservative/target_013/arrays.npz,25f4561f6a8ed19a0c91083c59350a59b2523af6e30b3046bdf1399505cceb9c
artifacts/priority33c/image_recovery/C2_trained/dp_single_for_dna_v1_conservative/target_013/receipt.pt,3d0d7b4d37e43608dc13a12cb132060f8b82e159b55bf8effa712ff237cda58f
artifacts/priority33c/image_recovery/C2_trained/dp_single_for_dna_v1_conservative/target_013/result.json,7af3de091a0e4ada83bc74bc2790877bbea9739b88d1e697c426a0f49fc1a284
artifacts/priority33c/image_recovery/C2_trained/dp_single_for_dna_v1_conservative/target_014/arrays.npz,f55cc69eb44ac989f480dd29d22808739474990cb6173b70bcd8be3ba32c0ee7
artifacts/priority33c/image_recovery/C2_trained/dp_single_for_dna_v1_conservative/target_014/receipt.pt,70cdfb98fa8b4f7e58162932531ead9a5b30d29d616578ec858114613b796918
artifacts/priority33c/image_recovery/C2_trained/dp_single_for_dna_v1_conservative/target_014/result.json,dea240a0da607d36c200be60bdf9da70fc7414f9ee01dfa64a58f269edceb3cd
artifacts/priority33c/image_recovery/C2_trained/dp_single_for_dna_v1_conservative/target_015/arrays.npz,83011212521adafd06d8618bab3fdea86238cfa3d9ab97b1a7d90be6765d2c8e
artifacts/priority33c/image_recovery/C2_trained/dp_single_for_dna_v1_conservative/target_015/receipt.pt,7bc1833a7a150c0eebf618c5f7ff666e45405a02c8993548e573e5b706c64d17
artifacts/priority33c/image_recovery/C2_trained/dp_single_for_dna_v1_conservative/target_015/result.json,dca44543dbbcd17a43d17c83d35af432a4e040798895b47f07e56ca43274060d
artifacts/priority33c/image_recovery/C2_trained/dp_single_for_dna_v1_conservative/target_016/arrays.npz,907e961479315c14eba834d49e9679cc9f2d0b73cc336c166408ca5e0c3574fb
artifacts/priority33c/image_recovery/C2_trained/dp_single_for_dna_v1_conservative/target_016/receipt.pt,8a9b80b6d422bfa18ec8cfd1571456684128c13761e8b6501ccffdf36dbcf78e
artifacts/priority33c/image_recovery/C2_trained/dp_single_for_dna_v1_conservative/target_016/result.json,642629f2dcec3d2abf1e96fdf3d4939e9d95a488c6e6248f6036555ec5ce8ef4
artifacts/priority33c/image_recovery/C2_trained/dp_single_for_dna_v1_conservative/target_017/arrays.npz,6899b27de4d8dd2e99fefcf8e3944508cf251c59cbde75d6524ef7db901b30bf
artifacts/priority33c/image_recovery/C2_trained/dp_single_for_dna_v1_conservative/target_017/receipt.pt,e6c52b3afabbecb55f8a24254644739eda425e0197c146972583d2767e2b7980
artifacts/priority33c/image_recovery/C2_trained/dp_single_for_dna_v1_conservative/target_017/result.json,b60b856e9fefa51a51b322d309f8a359901a423f565a8e20787a5c3c43dbc465
artifacts/priority33c/image_recovery/C2_trained/dp_single_for_dna_v1_conservative/target_018/arrays.npz,a1fb8f7dbd235a9993f7eb8cacff9c726bdb355742b362ad1c6ef0ca2c2c6f89
artifacts/priority33c/image_recovery/C2_trained/dp_single_for_dna_v1_conservative/target_018/receipt.pt,6fc4354fb09fe6e7c3832a6a0970f2706dc9d88221029514f2245022b6489cea
artifacts/priority33c/image_recovery/C2_trained/dp_single_for_dna_v1_conservative/target_018/result.json,ffab7945f217948d2579b27caea0f1c5409f058a3cfa393380e3746baf881195
artifacts/priority33c/image_recovery/C2_trained/dp_single_for_dna_v1_conservative/target_019/arrays.npz,c457489a12fee0a74e8147a35d486ea1ec51ad543c32347c30e1043485a6db5c
artifacts/priority33c/image_recovery/C2_trained/dp_single_for_dna_v1_conservative/target_019/receipt.pt,58cd1336941001428d62d4ab9dbcc1122bba3a71bc8216c3ce3818aa62bfb19a
artifacts/priority33c/image_recovery/C2_trained/dp_single_for_dna_v1_conservative/target_019/result.json,d68e8346bfb06552126b05a69f7e4005ba0c30316d3ed662d887f8fbc887b8f8
artifacts/priority33c/image_recovery/C2_trained/dp_single_for_dna_v1_conservative/target_020/arrays.npz,e4bd18917dc46f39ceebc98fa676cd1a01dc875f676ab63bf0408c827d0b03e6
artifacts/priority33c/image_recovery/C2_trained/dp_single_for_dna_v1_conservative/target_020/receipt.pt,0980770cadfafc3af88a4a76d4695b86c7403661ed0159564d748fd9652d540e
artifacts/priority33c/image_recovery/C2_trained/dp_single_for_dna_v1_conservative/target_020/result.json,c239b4e41026545b287e7cced2cdfe8ebae685a7df7d72abf6749680f439dd70
artifacts/priority33c/image_recovery/C2_trained/dp_single_for_dna_v1_conservative/target_021/arrays.npz,6279f95e51ed57fe701a8633a2c643f4be504b311c606c446a41fe06d3e5a6c5
artifacts/priority33c/image_recovery/C2_trained/dp_single_for_dna_v1_conservative/target_021/receipt.pt,11815f6ad8063df3a8b1c0115cdf79dc721c52213170f8983919a5249ad191b7
artifacts/priority33c/image_recovery/C2_trained/dp_single_for_dna_v1_conservative/target_021/result.json,c4d8e6a963e56864bb1050d3a9304b6279b0a00d396563802a7a1f11a630d3e3
artifacts/priority33c/image_recovery/C2_trained/dp_single_for_dna_v1_conservative/target_022/arrays.npz,8fc1f1c554b1b1b9e19e3a7c368e763602d60558fa66302e2d531a2e4c5d3230
artifacts/priority33c/image_recovery/C2_trained/dp_single_for_dna_v1_conservative/target_022/receipt.pt,07ea6f859a59de2f04825d753c8a558ec215a9d84c2a491f06735b90522b9e74
artifacts/priority33c/image_recovery/C2_trained/dp_single_for_dna_v1_conservative/target_022/result.json,543557ee4e1b1e638a205f53c4ca7871864fe718136dc33146f2aee04080021e
artifacts/priority33c/image_recovery/C2_trained/dp_single_for_dna_v1_conservative/target_023/arrays.npz,bacf27f8ab468771d750d90802e563aed2a2c0fa3027dd2d001433a31bcb43f5
artifacts/priority33c/image_recovery/C2_trained/dp_single_for_dna_v1_conservative/target_023/receipt.pt,6167f9f04d25c409f46c98455a5e54a4ebe62d1764e21ab158db9890635bc5d1
artifacts/priority33c/image_recovery/C2_trained/dp_single_for_dna_v1_conservative/target_023/result.json,a4816987035819f4379038aa0da34bc0b0e1d27064035f54f99eea0659794714
artifacts/priority33c/image_recovery/C2_trained/dp_single_for_dna_v2_0p95/target_000/arrays.npz,f44be39c7451ffebefd51b5510e831e4562fd9eb29eafe91166bf844b83c10ac
artifacts/priority33c/image_recovery/C2_trained/dp_single_for_dna_v2_0p95/target_000/receipt.pt,94942581198cbdee3f3fdc6337419ff648f8f4c978189c977908b2ca3031c0fd
artifacts/priority33c/image_recovery/C2_trained/dp_single_for_dna_v2_0p95/target_000/result.json,47224d7b40ae7b0530d92344242dcb91302d7bdefc347830b1171313af8031e6
artifacts/priority33c/image_recovery/C2_trained/dp_single_for_dna_v2_0p95/target_001/arrays.npz,c8cb321aec0d1e65bf504de6086ff4fa66fa1462f49c05c73efadd8181481101
artifacts/priority33c/image_recovery/C2_trained/dp_single_for_dna_v2_0p95/target_001/receipt.pt,0a4c8e075134e099fa75b406171c28091d07d42549e01a89ce49613cf3cc8e2c
artifacts/priority33c/image_recovery/C2_trained/dp_single_for_dna_v2_0p95/target_001/result.json,51504a9a682a4ad4d89a2f1406405c6468cea70d7caa9ae61bc4921d5fe543db
artifacts/priority33c/image_recovery/C2_trained/dp_single_for_dna_v2_0p95/target_002/arrays.npz,a8f1e662771d0f06641ba9b6735f990e9e2fa80bf2607019f0e29fc94602d597
artifacts/priority33c/image_recovery/C2_trained/dp_single_for_dna_v2_0p95/target_002/receipt.pt,33e77ed17a8f46053e8d16900a1c44a415ff2b5b99c7ab1bb3cb20514aaff356
artifacts/priority33c/image_recovery/C2_trained/dp_single_for_dna_v2_0p95/target_002/result.json,5600a35b44f87a97ba2c9851d2ab98a547f1fe5ff2b20f86bd1fd0214dd1c78e
artifacts/priority33c/image_recovery/C2_trained/dp_single_for_dna_v2_0p95/target_003/arrays.npz,ceabcb6bbc17b30a8055ed0bdbb2e05e78d5e9ee573a1e28ced0a740b0641a5f
artifacts/priority33c/image_recovery/C2_trained/dp_single_for_dna_v2_0p95/target_003/receipt.pt,7a4cef56e82e28cc5f737e320d9f919deed673966bd18698ad22e843eba76b91
artifacts/priority33c/image_recovery/C2_trained/dp_single_for_dna_v2_0p95/target_003/result.json,5af6c225ad02d3262b46789afd77c43bdbf49452416dfddc3d85dc9c4c8733e3
artifacts/priority33c/image_recovery/C2_trained/dp_single_for_dna_v2_0p95/target_004/arrays.npz,aabad150866324646abf9fbf6b6758ff988e85196f53126d72ee499057c9c2aa
artifacts/priority33c/image_recovery/C2_trained/dp_single_for_dna_v2_0p95/target_004/receipt.pt,3eef05c7459def8655f4973312a08523f100faddc68d65d5611547a2372a2c7c
artifacts/priority33c/image_recovery/C2_trained/dp_single_for_dna_v2_0p95/target_004/result.json,f2937d01e36bcad1ceef078e5ee5558304cc30d3cbb74baf8e9ad5ab95c1ce70
artifacts/priority33c/image_recovery/C2_trained/dp_single_for_dna_v2_0p95/target_005/arrays.npz,5f98b0a68418e4ad579052e3b4609f9b4d2d41133570843aa58b197ec4abee75
artifacts/priority33c/image_recovery/C2_trained/dp_single_for_dna_v2_0p95/target_005/receipt.pt,277ac5ca0323e823b1b6734611e95b46857fb2043b97e5b93208313cc52b4582
artifacts/priority33c/image_recovery/C2_trained/dp_single_for_dna_v2_0p95/target_005/result.json,fce9a0f7764399ac8ac4e766a9b68a2efea3da39781982aa750216da557c1cc4
artifacts/priority33c/image_recovery/C2_trained/dp_single_for_dna_v2_0p95/target_006/arrays.npz,0715ea259811bf0a01bece0f3d2d64e8ffc5ee4079f7280405e5982bf3a26da7
artifacts/priority33c/image_recovery/C2_trained/dp_single_for_dna_v2_0p95/target_006/receipt.pt,3e355c75630fe47e1be583884f92ddfb728ef2313bcb8c245a1da20a997bcc9b
artifacts/priority33c/image_recovery/C2_trained/dp_single_for_dna_v2_0p95/target_006/result.json,82eba107ea18323c4e7ffeecdb137f331a6ebf53de86bf743549ae89b8df18b1
artifacts/priority33c/image_recovery/C2_trained/dp_single_for_dna_v2_0p95/target_007/arrays.npz,53a693a3f3596e7836e7f65131fafcdf344926d0d5941b4f24c44bb77e06f102
artifacts/priority33c/image_recovery/C2_trained/dp_single_for_dna_v2_0p95/target_007/receipt.pt,9b0db978b98fe3fa48b89c88558105b9d4b9a7603d57f3b5c96eac058a26e13d
artifacts/priority33c/image_recovery/C2_trained/dp_single_for_dna_v2_0p95/target_007/result.json,b408a1ea6f5fbc7fb3d83e6750a64d1d859fafd783534cc12c521fe371e9fa82
artifacts/priority33c/image_recovery/C2_trained/dp_single_for_dna_v2_0p95/target_008/arrays.npz,7c0046533fcb9a423ceb0aa550628d56beafb5a2bcc311716f93fa0b6ffc136a
artifacts/priority33c/image_recovery/C2_trained/dp_single_for_dna_v2_0p95/target_008/receipt.pt,8182aab8d0a921b80c96c443f0c060a966b1b6cea3e84afba6ac635ad6b982da
artifacts/priority33c/image_recovery/C2_trained/dp_single_for_dna_v2_0p95/target_008/result.json,238c38a75e1f817e4f8a6511ffc6352a5fe62c7f373536d757183693f6c37497
artifacts/priority33c/image_recovery/C2_trained/dp_single_for_dna_v2_0p95/target_009/arrays.npz,b26208dda65d84bb902977a8148d4528a67ffc1bafaa501e445d4378660c6222
artifacts/priority33c/image_recovery/C2_trained/dp_single_for_dna_v2_0p95/target_009/receipt.pt,19d8b867c07d85033231870ff7d00b7ca08eb699b40b45ce93278d32616741ba
artifacts/priority33c/image_recovery/C2_trained/dp_single_for_dna_v2_0p95/target_009/result.json,6276cb1631e4e32893bedeed3a96985672a87b575ea9764202021a33fe15e624
artifacts/priority33c/image_recovery/C2_trained/dp_single_for_dna_v2_0p95/target_010/arrays.npz,c64dbbfd096483bbceeb49da4669bafcb9bc919832e35c3bda3298c712aa71de
artifacts/priority33c/image_recovery/C2_trained/dp_single_for_dna_v2_0p95/target_010/receipt.pt,33c1473630c2e899ae368fc34973113a4664547e70899d6f889182cd9483c7f8
artifacts/priority33c/image_recovery/C2_trained/dp_single_for_dna_v2_0p95/target_010/result.json,ee0eb3e0cc85259add62ca49f462adcef3fd1c16d11ce5b8fa5b3eb3db7e9fcd
artifacts/priority33c/image_recovery/C2_trained/dp_single_for_dna_v2_0p95/target_011/arrays.npz,9d84aed75a891ced1ce242f2e4fc83a631c404b8e9ad3f6ce423420cbc07b86d
artifacts/priority33c/image_recovery/C2_trained/dp_single_for_dna_v2_0p95/target_011/receipt.pt,2155d0c2d884bf2c812d5327e7f2d1e588d647b30d5759173535124b9e48bc2b
artifacts/priority33c/image_recovery/C2_trained/dp_single_for_dna_v2_0p95/target_011/result.json,a39fbdabc667e1f458d57cff13d87a9e197357ee1af00f8808c827a9e56a4a87
artifacts/priority33c/image_recovery/C2_trained/dp_single_for_dna_v2_0p95/target_012/arrays.npz,867e0a476fe02f76e43c0a06970175966a4a8bef58beff97b6d6efe59ab467bd
artifacts/priority33c/image_recovery/C2_trained/dp_single_for_dna_v2_0p95/target_012/receipt.pt,df19060faa4256340ffe0598837ee036640f1a7aeb9aff4b671bdbefd4b8e412
artifacts/priority33c/image_recovery/C2_trained/dp_single_for_dna_v2_0p95/target_012/result.json,914ceed0679496a6ac11d7c326e7aeda86e5e4295a6f53f9ceb23870834e3cd2
artifacts/priority33c/image_recovery/C2_trained/dp_single_for_dna_v2_0p95/target_013/arrays.npz,d3415f9f64deb7ca4408df85d133e375495bb33dc0e54b92fe63a2b909efd2c1
artifacts/priority33c/image_recovery/C2_trained/dp_single_for_dna_v2_0p95/target_013/receipt.pt,dff3fae4fc2d91c974a460ecdea10fdeda83a6ec3b271625cc8e0182773dff50
artifacts/priority33c/image_recovery/C2_trained/dp_single_for_dna_v2_0p95/target_013/result.json,8c7182e218e7b3364f49e10f09d5d48203b33a281f82ac7c4eb052585323e835
artifacts/priority33c/image_recovery/C2_trained/dp_single_for_dna_v2_0p95/target_014/arrays.npz,c8852536cf0ddcf7c465999b35b8cd8cb6d2c7ca7ee0061beeb0ca15ccd9eef7
artifacts/priority33c/image_recovery/C2_trained/dp_single_for_dna_v2_0p95/target_014/receipt.pt,1addce5eb99817139d287c59df7a0bd9b2e2a4507612f48df79177947a292d84
artifacts/priority33c/image_recovery/C2_trained/dp_single_for_dna_v2_0p95/target_014/result.json,b7646547918b326c85967fd94868a4dfd39b7acfe06ea310559a268dade063f0
artifacts/priority33c/image_recovery/C2_trained/dp_single_for_dna_v2_0p95/target_015/arrays.npz,0f39eb72b1ad2bd4b7885a3214a23258a146dcbc5f1ac52cfd192367cc359e18
artifacts/priority33c/image_recovery/C2_trained/dp_single_for_dna_v2_0p95/target_015/receipt.pt,920ad25790bfa810bf7b79f3b2762989062e391921ba4ff4ac686771933d631a
artifacts/priority33c/image_recovery/C2_trained/dp_single_for_dna_v2_0p95/target_015/result.json,ee1ca602cb8124da9ca08e370824099d9a08cd5d4aba191599fa6fc228906de4
artifacts/priority33c/image_recovery/C2_trained/dp_single_for_dna_v2_0p95/target_016/arrays.npz,0620f545b007cfbec8d56125f939d457266e0617ced453dcc34f09e8e548fbd2
artifacts/priority33c/image_recovery/C2_trained/dp_single_for_dna_v2_0p95/target_016/receipt.pt,57924a104ddda569c307fefec7bb42e5e881b6e67b60af67a624f98dea534db4
artifacts/priority33c/image_recovery/C2_trained/dp_single_for_dna_v2_0p95/target_016/result.json,5e5dc8a869a33d61f02c6a05539c10fe306c2ce2db15700a43549d279111028a
artifacts/priority33c/image_recovery/C2_trained/dp_single_for_dna_v2_0p95/target_017/arrays.npz,ea859fd8faed83b5c867587714421cf875029ff65130af7e1aeba1d30d319873
artifacts/priority33c/image_recovery/C2_trained/dp_single_for_dna_v2_0p95/target_017/receipt.pt,5d33f979af05a3a28ea99231f7854b41cd7b586062fbce24723557542ba36e3d
artifacts/priority33c/image_recovery/C2_trained/dp_single_for_dna_v2_0p95/target_017/result.json,93066a7f34138636ec1c54d1fc331d57953df5d3af88cad0ee1655bb1b6691d3
artifacts/priority33c/image_recovery/C2_trained/dp_single_for_dna_v2_0p95/target_018/arrays.npz,f54f060fd55c27c455d7ed82996c2a04d4318985d4c475e092ac7f30ebe3eb0e
artifacts/priority33c/image_recovery/C2_trained/dp_single_for_dna_v2_0p95/target_018/receipt.pt,48467f1ed8d434478ddb7c4df26782130a9b851cf53697d239a4ed7567ca7843
artifacts/priority33c/image_recovery/C2_trained/dp_single_for_dna_v2_0p95/target_018/result.json,0b1634bf1f053ce399345ff0902682b93292204b3935b27d222f607b01112ecc
artifacts/priority33c/image_recovery/C2_trained/dp_single_for_dna_v2_0p95/target_019/arrays.npz,f3abff6c2bf17a8bc5fa54fe74d469c7cd621325e519f8621975d40fcae289c3
artifacts/priority33c/image_recovery/C2_trained/dp_single_for_dna_v2_0p95/target_019/receipt.pt,72d66695fdb33b437f939b75b621bc5c2081fc2315db1b3cc9446fe9ab52090e
artifacts/priority33c/image_recovery/C2_trained/dp_single_for_dna_v2_0p95/target_019/result.json,8719f378bff5e3fc8b0030b2eeb25359f65b24e2fb11a447eef9f37223b9c3be
artifacts/priority33c/image_recovery/C2_trained/dp_single_for_dna_v2_0p95/target_020/arrays.npz,c9112a6351373364de2d52fb669d1624395091b41ccc913d8cb1bd89233346a0
artifacts/priority33c/image_recovery/C2_trained/dp_single_for_dna_v2_0p95/target_020/receipt.pt,c66666a4fa922afdd33b3934018dfc3e64c7e85577e5fb02d4f717edc369e016
artifacts/priority33c/image_recovery/C2_trained/dp_single_for_dna_v2_0p95/target_020/result.json,48d81cd006a920beff076baec1f55374de5bed16872709f57592f009a3b62bd0
artifacts/priority33c/image_recovery/C2_trained/dp_single_for_dna_v2_0p95/target_021/arrays.npz,2f54757175a413268435e54c6b3984a479970c6ca6d57b199e04ba1d1c73ad42
artifacts/priority33c/image_recovery/C2_trained/dp_single_for_dna_v2_0p95/target_021/receipt.pt,aebb7c1fcb0392769a1c567d318abd685a2bf47a09e5c06d84706286f96cbb06
artifacts/priority33c/image_recovery/C2_trained/dp_single_for_dna_v2_0p95/target_021/result.json,630144c35148594dda1ee3a172a338dc3ce401e0ec8d6597a4befba36d67f2dd
artifacts/priority33c/image_recovery/C2_trained/dp_single_for_dna_v2_0p95/target_022/arrays.npz,28e3996adeb69f325684cd46a97a942ef938bb0417749e4116d81e873e2c10df
artifacts/priority33c/image_recovery/C2_trained/dp_single_for_dna_v2_0p95/target_022/receipt.pt,975c632050a26511b4260bcaf8d634f10d1dc960e59e04e1fce265c7656a3007
artifacts/priority33c/image_recovery/C2_trained/dp_single_for_dna_v2_0p95/target_022/result.json,530cc92f567639e337c84b767dbb1d417467874a25070c7019d269341c002434
artifacts/priority33c/image_recovery/C2_trained/dp_single_for_dna_v2_0p95/target_023/arrays.npz,8babcf8ad3c06318ca69307c5a835f562759a71050a593e3a42d5fe062d27da0
artifacts/priority33c/image_recovery/C2_trained/dp_single_for_dna_v2_0p95/target_023/receipt.pt,b2b045e92e287fa95dc9fce456d5d21d0adf1dfb0e77c91626bf11ed9c100e11
artifacts/priority33c/image_recovery/C2_trained/dp_single_for_dna_v2_0p95/target_023/result.json,c99771407ad7be66b9735122e2a83c6c074e474f0b4313adbaa8b9f9bbad0b09
artifacts/priority33c/image_recovery/C2_trained/unprotected/target_000/arrays.npz,5d041a60645a0d1ff729927cf28424188e1327734779add330da3a8c50208544
artifacts/priority33c/image_recovery/C2_trained/unprotected/target_000/receipt.pt,b7d750f85430615928d84345958308362ae2db37376d96b77773c650cacff0c8
artifacts/priority33c/image_recovery/C2_trained/unprotected/target_000/result.json,58b656521f0a7e4035ee8ef964e2fed7adaf65a89cd0cf21fefd33d35747bb35
artifacts/priority33c/image_recovery/C2_trained/unprotected/target_001/arrays.npz,b5c76c93d178e85292e08087d540b64157a5a9bde8cf9966c676b09deded7777
artifacts/priority33c/image_recovery/C2_trained/unprotected/target_001/receipt.pt,2ab622dc04cc0b033227d8d216aa99668fa7c0b730bbf71fde8b5ddd0393f471
artifacts/priority33c/image_recovery/C2_trained/unprotected/target_001/result.json,427107e4795dfe2c7b7f63407f939c4326a78f9055019818ca43177a97099608
artifacts/priority33c/image_recovery/C2_trained/unprotected/target_002/arrays.npz,8ae3f043b245b4e66dc5513f9b68c1a900b53b105fc05a82a028502f3a943669
artifacts/priority33c/image_recovery/C2_trained/unprotected/target_002/receipt.pt,30cb17bdcb7afc0a98f03072cbc96b56e5b75a2830c928f92d89ac058a1f76af
artifacts/priority33c/image_recovery/C2_trained/unprotected/target_002/result.json,bce4da453c7f3f192d623b59f16605a61515fc3bf7d85e4127402481dfc11c46
artifacts/priority33c/image_recovery/C2_trained/unprotected/target_003/arrays.npz,b48c0f9fd414023419be8851df5cc678634ad82e097714e64bf2bb183d07bed7
artifacts/priority33c/image_recovery/C2_trained/unprotected/target_003/receipt.pt,2c84e2b0bb9a71490637e04cb9701afab26c1f7c2d06910f27587bd1035e18ce
artifacts/priority33c/image_recovery/C2_trained/unprotected/target_003/result.json,663285488764bbcdf4d68bbe998d91f18d10e3e13768f4024e6fa752db205045
artifacts/priority33c/image_recovery/C2_trained/unprotected/target_004/arrays.npz,af492e4d302f9507400ac31d07efb1295c86ef6a2016e2baf5c41f0b0e9d2606
artifacts/priority33c/image_recovery/C2_trained/unprotected/target_004/receipt.pt,9e068a421b4c4694df9c92f2536fa5b8d1d4d7fd368c15c53500597caca6caf4
artifacts/priority33c/image_recovery/C2_trained/unprotected/target_004/result.json,14595db0675c3f08bc08d903a70f8de669702bc7e0da92e116b0ca7454d7a2f0
artifacts/priority33c/image_recovery/C2_trained/unprotected/target_005/arrays.npz,cb998ca689ab4f9bc6830a4cbb35399b5fda0ba114e77f77bffaa9f53630db15
artifacts/priority33c/image_recovery/C2_trained/unprotected/target_005/receipt.pt,29168dc0f08d26a972647a7c12226ce1a5851fc6067f7ad2deeb5b6ee890b911
artifacts/priority33c/image_recovery/C2_trained/unprotected/target_005/result.json,464a5d4d6fb1bea4e31652b767db0eb9332fb95990212de6af216451cb9be259
artifacts/priority33c/image_recovery/C2_trained/unprotected/target_006/arrays.npz,d2fb84b796ac1408dbd5cb67a12e50c46ff0e6d194360e2335ad2ff0d113afca
artifacts/priority33c/image_recovery/C2_trained/unprotected/target_006/receipt.pt,71343bd4ce2284cddbd723d4c0b9a7d55c175f498fab5cb33a91cc83c738781c
artifacts/priority33c/image_recovery/C2_trained/unprotected/target_006/result.json,a1e47e36cce6ddf832221d9268d6d707389468219fd7bd036f506be5ce9c5bfb
artifacts/priority33c/image_recovery/C2_trained/unprotected/target_007/arrays.npz,9cf1f0644219ea6e11ee1653fc11d023878a2fba40c5f357494b4066a636f806
artifacts/priority33c/image_recovery/C2_trained/unprotected/target_007/receipt.pt,31ff126c87770797cb7cfc9f0e451636b14ffa19675a357bb4b40a2ffd2b9cad
artifacts/priority33c/image_recovery/C2_trained/unprotected/target_007/result.json,c20bf30803b063d6e4d72cd3b74420ff5cc21f356f9c2dcaffadeb6928c4918a
artifacts/priority33c/image_recovery/C2_trained/unprotected/target_008/arrays.npz,bbbbf36ef0436858624ced75fcd2a364e79f59bae85fbbf11c00377e7787a000
artifacts/priority33c/image_recovery/C2_trained/unprotected/target_008/receipt.pt,b0e5b4c2b9e78ea0b801e4930dde9ed1cc95331cf2eccb35971e64f7c3405d42
artifacts/priority33c/image_recovery/C2_trained/unprotected/target_008/result.json,0c8c846e0cf31598705c1b550a319def8615dc392122e41acf031b982bf54562
artifacts/priority33c/image_recovery/C2_trained/unprotected/target_009/arrays.npz,08e09583b575f07392a2710c72264db1d21a94a5fc94981676865daed02ea1ca
artifacts/priority33c/image_recovery/C2_trained/unprotected/target_009/receipt.pt,c63df2b630b2af820eb5d25197c7202b7ba0d54c9dbdfe52249316dc44ff46ef
artifacts/priority33c/image_recovery/C2_trained/unprotected/target_009/result.json,77052a2b1f2d0eefa24bcf7a98e11764d2f1ea841b9c921463f192fdf6e3cad5
artifacts/priority33c/image_recovery/C2_trained/unprotected/target_010/arrays.npz,9ca8cb3d574ec7b0a82f820b3cab6248f2946ba83f07334882f097d5ea69325e
artifacts/priority33c/image_recovery/C2_trained/unprotected/target_010/receipt.pt,6b8b30a767e386fca02f59533200007c7c03bd778dd6882716bac2df97bfca39
artifacts/priority33c/image_recovery/C2_trained/unprotected/target_010/result.json,d980bc2f8c82b916d03ec2225c9e78fe6ddd0f53e60e422a2a97a9036755e993
artifacts/priority33c/image_recovery/C2_trained/unprotected/target_011/arrays.npz,3d3a7292809afc55ac76ffa3383c83d6c8f3bf2876339d19ffce43f839c94d31
artifacts/priority33c/image_recovery/C2_trained/unprotected/target_011/receipt.pt,dca0f1ac0efb0ae44a3d37a31fe29ceb68d4eaeb0d0269a45b72cfe9651ae9b2
artifacts/priority33c/image_recovery/C2_trained/unprotected/target_011/result.json,7131fed591b0bf3f4970176a59f0c7a0db1cde5e7db1494aa6661a77daf51285
artifacts/priority33c/image_recovery/C2_trained/unprotected/target_012/arrays.npz,a077632a70fb5df471262b518ee28a19220af83427cb9ec322ddbf983031e1b7
artifacts/priority33c/image_recovery/C2_trained/unprotected/target_012/receipt.pt,e17bc18cc16f11403401b12f0679081f0301736d4eacf399dd249292045e11fb
artifacts/priority33c/image_recovery/C2_trained/unprotected/target_012/result.json,368dafe33cf4c730bf9afbd936899cd8a75b42b9a43d8096bd5d5f561eddd8b3
artifacts/priority33c/image_recovery/C2_trained/unprotected/target_013/arrays.npz,80bb1cdeaf592f9eba98ad216dad640a142c229e3fd5feb7dcb9220400370112
artifacts/priority33c/image_recovery/C2_trained/unprotected/target_013/receipt.pt,34afcd97c0ab91ef655b7c998620fee86b0c99cd21c28a5d5e448d0ce6300c8d
artifacts/priority33c/image_recovery/C2_trained/unprotected/target_013/result.json,80d2ee741593af439a83997b00fd16228b6c2c958376f17a2ae1cb9258eb6533
artifacts/priority33c/image_recovery/C2_trained/unprotected/target_014/arrays.npz,b2da0ed3b86ee18942230cb0b7f81636762997564fa3db6f0eaa1c75796f9671
artifacts/priority33c/image_recovery/C2_trained/unprotected/target_014/receipt.pt,bf96be94eada9a69c8ef38db5288226021904eb2a54962222d0fb7062173e60c
artifacts/priority33c/image_recovery/C2_trained/unprotected/target_014/result.json,e02b05ec07523c5aaee177ab8814176864162f034244924ab51344a0090ec6e0
artifacts/priority33c/image_recovery/C2_trained/unprotected/target_015/arrays.npz,f6793e819913d1a93cd6fd897f23075e9ade78d153752d0c4f236815d23f3f9c
artifacts/priority33c/image_recovery/C2_trained/unprotected/target_015/receipt.pt,56d985c16f2e21d6ee0f8b0da3f5ccb6abb84f1d3360238da4cb93c7da88c3fb
artifacts/priority33c/image_recovery/C2_trained/unprotected/target_015/result.json,17d9ea3a988d9c536a7eea087c3793a42c63a40a57ea911100a1432372aa7617
artifacts/priority33c/image_recovery/C2_trained/unprotected/target_016/arrays.npz,504ee2c7d81720fe25ed90ae8b1c9e57d20c268cb4dfdf2d1348ec29dbadac29
artifacts/priority33c/image_recovery/C2_trained/unprotected/target_016/receipt.pt,5a26dca386d2cd180d7f6cc781ec857d853a76d5c9ef0ed4593767e87945f8fd
artifacts/priority33c/image_recovery/C2_trained/unprotected/target_016/result.json,e1e3fd79873cb44611d2414ee9f0750e1ab5e14dac265cf106546a5818442046
artifacts/priority33c/image_recovery/C2_trained/unprotected/target_017/arrays.npz,dbd8fcb9781cc022356d72eb7ca1a6168d668f3e6135e231363d85eac96f3228
artifacts/priority33c/image_recovery/C2_trained/unprotected/target_017/receipt.pt,78883f0394930f254baa8da4f5be68241b0e1e9b3ed48dec90b81b960884467d
artifacts/priority33c/image_recovery/C2_trained/unprotected/target_017/result.json,501e0fde92f18ff4fab054de4590433ffab1c8a804c4fdb7e15b96c6d0b612c4
artifacts/priority33c/image_recovery/C2_trained/unprotected/target_018/arrays.npz,40ca5f06316557131b61b0baeafb675dd6b23e38adda6bd43a41acf21540bd60
artifacts/priority33c/image_recovery/C2_trained/unprotected/target_018/receipt.pt,e1bfa379ca99c6d4c495db2e4207ab962a8fdf8eb50bf9e8d7ca9056ee740a1b
artifacts/priority33c/image_recovery/C2_trained/unprotected/target_018/result.json,93ab1cab9e32648cc1c42d5edb8cce1f7e17d58ec5f46ffd11d06fab7058e187
artifacts/priority33c/image_recovery/C2_trained/unprotected/target_019/arrays.npz,c9070cc8c713e7c548df23da7b34b770f35b8123dd4c399b06314afb4be6bd41
artifacts/priority33c/image_recovery/C2_trained/unprotected/target_019/receipt.pt,f6e99ea630d580a71248692bb8d48744b0c74fba26222636189c9fca6ee38fa0
artifacts/priority33c/image_recovery/C2_trained/unprotected/target_019/result.json,41e82e8370dcb04dd2465019a9cb8911094919cbbf9b65ed59f23387f31a7d2b
artifacts/priority33c/image_recovery/C2_trained/unprotected/target_020/arrays.npz,8dd43b7c37b9020e4e06548e36742a9ac11ba4ac059dc4f95248c97867942569
artifacts/priority33c/image_recovery/C2_trained/unprotected/target_020/receipt.pt,686777e0f6a5a53ecdf0f92e7e893933c801cf96a99d68e9f52a0e029604caae
artifacts/priority33c/image_recovery/C2_trained/unprotected/target_020/result.json,0447533f72fe5c7e716e2556a0f22e12a453ba1d9bfcac682e6dc3193ab786ab
artifacts/priority33c/image_recovery/C2_trained/unprotected/target_021/arrays.npz,a20df48e3e6e7f46015654fe01afa60a658e3b249208ed62286cd448132b65a4
artifacts/priority33c/image_recovery/C2_trained/unprotected/target_021/receipt.pt,5dbedd9e9a99027e80fb6441e25434e6c2c976d6448bbce3ec14c7854213fcbe
artifacts/priority33c/image_recovery/C2_trained/unprotected/target_021/result.json,4f98287aad6aec1b86dca2914e1b4058ef4e86194bebaa7ed86f164c1856885f
artifacts/priority33c/image_recovery/C2_trained/unprotected/target_022/arrays.npz,b366fe0be76c84b2a89dd390a06a435bfa126ca41b645a6c28b17b3515773863
artifacts/priority33c/image_recovery/C2_trained/unprotected/target_022/receipt.pt,1d4275e4033f572061ac76b35a3de85b6068ca591f51bcb0630167fd30a70cd7
artifacts/priority33c/image_recovery/C2_trained/unprotected/target_022/result.json,2079eb2cdc273e944ca3b4ecf47d51a12825328a31d74a255dec21d48f92805c
artifacts/priority33c/image_recovery/C2_trained/unprotected/target_023/arrays.npz,d3d6e337635bd68d2a2333540c70da647096b89a9df5da308764578d05346a9d
artifacts/priority33c/image_recovery/C2_trained/unprotected/target_023/receipt.pt,c4f475562633d21d03e6b4d35012a37dd708d61e8dda7c0dd8ca0fee983be54b
artifacts/priority33c/image_recovery/C2_trained/unprotected/target_023/result.json,4ea987fb0d266c8aa46afae01f7c8ee112e6d7bf3082de3e0dea887276c4dea8
artifacts/priority33c/image_recovery/D/dna_v1_conservative/target_000/arrays.npz,fb2c21da6320eea994a8ae8af350cdcd79db7c935fc8105da0ea0c89472ba9d4
artifacts/priority33c/image_recovery/D/dna_v1_conservative/target_000/receipt.pt,7463b676dc0d19fef7e2a02e71ad01fe89f75ac4a9c5a56cea4835cd9039910f
artifacts/priority33c/image_recovery/D/dna_v1_conservative/target_000/result.json,8abcc4ebf39672a24b22a3a6f7e39b00497de700998c5d107f64f84546c61c0c
artifacts/priority33c/image_recovery/D/dna_v1_conservative/target_001/arrays.npz,7ae331932db0cdcab2eb7b64cce28ea6a8b83ef17f1b0bf02e5f7799595b3e4b
artifacts/priority33c/image_recovery/D/dna_v1_conservative/target_001/receipt.pt,7af4dc39b819b66c8acbe603615ef10505dcc058043d7c92d8c9542754a74bfb
artifacts/priority33c/image_recovery/D/dna_v1_conservative/target_001/result.json,9f640fe77a26ad21dd146c362ed2a79f7020f4770c472b48abe80ed23d9bbda0
artifacts/priority33c/image_recovery/D/dna_v1_conservative/target_002/arrays.npz,c9dfd5efffd322262527392e041547947f695bde8d9be8582b7efb817d73506f
artifacts/priority33c/image_recovery/D/dna_v1_conservative/target_002/receipt.pt,0a94c0b8fdb33148dc1b1b0af7e4d12ffeabd4d586ff79e3a01636c7ba698831
artifacts/priority33c/image_recovery/D/dna_v1_conservative/target_002/result.json,5adc287e7a041796357aea5f2f95a58e3bc1e3bb22485add4facb74abad73e28
artifacts/priority33c/image_recovery/D/dna_v1_conservative/target_003/arrays.npz,26c05b2303a4b490a97dbce684e0e0eccea599b38f2e49bb25111f1102ae5b59
artifacts/priority33c/image_recovery/D/dna_v1_conservative/target_003/receipt.pt,c9509173a24c416d80b9ca7ef1fb6e3b8c87372c7192566170771ba7b66de010
artifacts/priority33c/image_recovery/D/dna_v1_conservative/target_003/result.json,77f33bd181eda7478e35a8ca60b0a9b945d1abdacc5f8b4c6b7a4cfb927223d8
artifacts/priority33c/image_recovery/D/dna_v1_conservative/target_004/arrays.npz,14e3bc62d04f02b12acc9896f07f25a6a94e1d2d1cecaee4dae1128508762062
artifacts/priority33c/image_recovery/D/dna_v1_conservative/target_004/receipt.pt,6ccdae5edcabc04daa518f8bb2977f93f21b4737d2240abad8cfaf4e98e7c9c8
artifacts/priority33c/image_recovery/D/dna_v1_conservative/target_004/result.json,d8449fc029d7a49a610b751982edd5cc92d9214aaf28d9a313f23f328cd164dc
artifacts/priority33c/image_recovery/D/dna_v1_conservative/target_005/arrays.npz,83bbadc3605ad192513ae607a08372aec57a8f8d69ccb4f6b7de06836e495ba4
artifacts/priority33c/image_recovery/D/dna_v1_conservative/target_005/receipt.pt,18dd8e52fb599c1938d26d237e9b49ec7fc7bc980343c8f9daf4c50bef229b28
artifacts/priority33c/image_recovery/D/dna_v1_conservative/target_005/result.json,830c145a1534fafa1bd3a705407d3727def4f2e8163c2712c326bd18a6a97baa
artifacts/priority33c/image_recovery/D/dna_v1_conservative/target_006/arrays.npz,f5c463d834d6820905f200204ce7343ff1b46df9edd5cbc76b7cf467eedf8acb
artifacts/priority33c/image_recovery/D/dna_v1_conservative/target_006/receipt.pt,0d5821d525b67bec9d41cb15a8ed7a4c924e58852165dd7c557f6e5bb6f35260
artifacts/priority33c/image_recovery/D/dna_v1_conservative/target_006/result.json,a1c0e9da50a0fc6c8d230ca5ebec6a5f738e2ea9044af3d5023000b6f38c7496
artifacts/priority33c/image_recovery/D/dna_v1_conservative/target_007/arrays.npz,a82fba74eccb6eef08ef3baad56d76ed12d474947bedeebac8e40c8a7706e0ce
artifacts/priority33c/image_recovery/D/dna_v1_conservative/target_007/receipt.pt,6424f7a6a3e73034f053630e11ecafa59a6cfa14a881fd5b06392a0132a0b8dc
artifacts/priority33c/image_recovery/D/dna_v1_conservative/target_007/result.json,3f9e31e52e0e029c7ea8ff81bf6023eb09664e6c81bcef706bea61e71de42f08
artifacts/priority33c/image_recovery/D/dna_v1_conservative/target_008/arrays.npz,6d4a9a1b733008a48fdb400cc4bac10cf2a0d908bb55b578af1748f702158c6c
artifacts/priority33c/image_recovery/D/dna_v1_conservative/target_008/receipt.pt,8f1fdce7f56b08039768c1a0d7ded0ab0278119154f7aafeafaab9885a54e7cb
artifacts/priority33c/image_recovery/D/dna_v1_conservative/target_008/result.json,f8d3aba123cc59c203a661bb002872f45e578bee3e9eb8a244d0c9b0c77cc0fb
artifacts/priority33c/image_recovery/D/dna_v1_conservative/target_009/arrays.npz,b1bca053d140391dcf2473aa47dd0a7514a93fd54df6d3f6bf74718580f80650
artifacts/priority33c/image_recovery/D/dna_v1_conservative/target_009/receipt.pt,5449d04833c168c7ef88887a509b75a57ae2c4275860eca74aac26a547aa865f
artifacts/priority33c/image_recovery/D/dna_v1_conservative/target_009/result.json,cacb87adae96f30dd84c6d67490d247f145cb448268508ba398bbe647e13ab5b
artifacts/priority33c/image_recovery/D/dna_v1_conservative/target_010/arrays.npz,3505edae81b73d766517584658d02fb88f06b057aa83e1fdbf9c08428f78dc89
artifacts/priority33c/image_recovery/D/dna_v1_conservative/target_010/receipt.pt,3e4fd5770cbcdd8ba3ba40a98a0839ae7d3377e33307a8a491bc1e8badebd66c
artifacts/priority33c/image_recovery/D/dna_v1_conservative/target_010/result.json,2dba8122e4d94e65231c19ca0a6507ac2f6c12c7ae405f25f457c8b7b74efeb3
artifacts/priority33c/image_recovery/D/dna_v1_conservative/target_011/arrays.npz,668314484f26aee3c1b8e272bd027bc216bdd91be227d7e312c6483df6770b08
artifacts/priority33c/image_recovery/D/dna_v1_conservative/target_011/receipt.pt,c919249fb2db3a2d6f3ce3bde5ed061d068b13dc912b8f5ad91d2384073847e5
artifacts/priority33c/image_recovery/D/dna_v1_conservative/target_011/result.json,1604f880c7976c704708f48bd81ec04d9efff766190cef8b20be6ef9beed2010
artifacts/priority33c/image_recovery/D/dna_v1_conservative/target_012/arrays.npz,0a3fbb436b7305a32b7db0f7ef05a88f5d9ee111a14e516d013eede322e535a7
artifacts/priority33c/image_recovery/D/dna_v1_conservative/target_012/receipt.pt,ca54c7b43234949c549347e26c08d59688b0df730c6f55d238305c4033862747
artifacts/priority33c/image_recovery/D/dna_v1_conservative/target_012/result.json,7301fb7c8998fdd6e6d3dcc442e89c8d599c84739ec43b5b33dde91e3c616d44
artifacts/priority33c/image_recovery/D/dna_v1_conservative/target_013/arrays.npz,67d238e461d0dbe84ba3df602aa6385732cc30815e2287ba15be54c478404ca8
artifacts/priority33c/image_recovery/D/dna_v1_conservative/target_013/receipt.pt,cbd98b590ee417434cb59be265d9e1ced6eab2cfb79c625a70a3e97db1a18c6a
artifacts/priority33c/image_recovery/D/dna_v1_conservative/target_013/result.json,89c97481dc1ddf5d6ad6ccd0fff8ad36f7b74de38c1e560087a2097e2c06c4dd
artifacts/priority33c/image_recovery/D/dna_v1_conservative/target_014/arrays.npz,13f56d15a65be9f3a3f6263407d26b077faf7a27b7b392aa4e25ce853eafc213
artifacts/priority33c/image_recovery/D/dna_v1_conservative/target_014/receipt.pt,dcb993c5b0ceede83dcedb020185f00779d1de61e9288be72e01339d4e274303
artifacts/priority33c/image_recovery/D/dna_v1_conservative/target_014/result.json,2d634b1b3389668c46b038fbb07a43034b8d2f4a3be4bd997024d373c143f228
artifacts/priority33c/image_recovery/D/dna_v1_conservative/target_015/arrays.npz,0dc275bb38a6fce56a42c775938bbb8adc570a00229fe8cafec1f47f2b84f60f
artifacts/priority33c/image_recovery/D/dna_v1_conservative/target_015/receipt.pt,54a4d3ca4e2b0f31dfb9eff3d54d09c1fa5ea9e27187e6ce30713cacb9eee31a
artifacts/priority33c/image_recovery/D/dna_v1_conservative/target_015/result.json,2aad1e6c334ee199c1504efd8e8a7083b035c7e5253d85579833a31d59492a0c
artifacts/priority33c/image_recovery/D/dna_v1_conservative/target_016/arrays.npz,cb56b33a422eb2ff7146d0dce1eaa4e408eb8eb82fbef6c9c6d19664c4aae174
artifacts/priority33c/image_recovery/D/dna_v1_conservative/target_016/receipt.pt,4fb114364e8cf52e80d8ee3b1072909298fb4af03d367fdca1b04e9a6a6a958a
artifacts/priority33c/image_recovery/D/dna_v1_conservative/target_016/result.json,3bd8a7c60af81f9a881ca1e360a88b9715228630669bedba0680ab2a08b45fc2
artifacts/priority33c/image_recovery/D/dna_v1_conservative/target_017/arrays.npz,3e86fb80105ec995d29e7dd514e0bafc9daa6b3d24e80f31e5a48cc8bffef419
artifacts/priority33c/image_recovery/D/dna_v1_conservative/target_017/receipt.pt,626142acb288154a7653ae9cb5e88039b8ca10cf4327ea94a0c618a38a716781
artifacts/priority33c/image_recovery/D/dna_v1_conservative/target_017/result.json,156386d48043ee3e752bf1db04f4fec47f57da36c906ab2f03c7d75feaad2a88
artifacts/priority33c/image_recovery/D/dna_v1_conservative/target_018/arrays.npz,7c4c4cb53f5b60fbb8fa7d277fdf273ff95adfaf2af8ba21aa983100bfa06504
artifacts/priority33c/image_recovery/D/dna_v1_conservative/target_018/receipt.pt,a4804bf5cacd92cbe9e050c449f0ddc5f85ad1c76daed5560094f1ce5f47f043
artifacts/priority33c/image_recovery/D/dna_v1_conservative/target_018/result.json,8aeae7db87a2a77f7b653966e5992618917342c28a126fabd4be3c5b37511447
artifacts/priority33c/image_recovery/D/dna_v1_conservative/target_019/arrays.npz,c0628d994a955d17a5e6a404c98bd7715006c920215ad5d71ced81252c941e33
artifacts/priority33c/image_recovery/D/dna_v1_conservative/target_019/receipt.pt,a5f2d926495f5c63fd9637ccaed77f90fb33804a6f78a34738e3e751dc17da15
artifacts/priority33c/image_recovery/D/dna_v1_conservative/target_019/result.json,0452d5f93a78394395a82f9e10c05e660a6534f6ae7716e6a68c49d213916f78
artifacts/priority33c/image_recovery/D/dna_v1_conservative/target_020/arrays.npz,bf3174747a6a0df391dbfe6f55207ef6ad10db923101f744e1ccdf7138f0dd7f
artifacts/priority33c/image_recovery/D/dna_v1_conservative/target_020/receipt.pt,9884cac20775e40b738462e783e9ede3a142467812e701dabd3fa0f7c7a2511f
artifacts/priority33c/image_recovery/D/dna_v1_conservative/target_020/result.json,fcaf6dd37a17660eca71473fea6e79c872f5d2636a4c61499ba5dd694e8fe407
artifacts/priority33c/image_recovery/D/dna_v1_conservative/target_021/arrays.npz,43f25b7d7efcfa03c574facb69f936e9e3077a4cd898b38cff6c3bb0dc92c744
artifacts/priority33c/image_recovery/D/dna_v1_conservative/target_021/receipt.pt,961b4794b8c12bf5dce6addaa1fea8991a4c1f20b977a3cf6235ecabe8cbe590
artifacts/priority33c/image_recovery/D/dna_v1_conservative/target_021/result.json,eafee28bdce39a6749095436e87287820183c319dd1a13ce781731c1119a7834
artifacts/priority33c/image_recovery/D/dna_v1_conservative/target_022/arrays.npz,b92a805c5bfdde7d34c8245b548ba5c389b23a2be67517c0c344b5016de41b73
artifacts/priority33c/image_recovery/D/dna_v1_conservative/target_022/receipt.pt,7f67ce8c0242cb060d5109e765bcdf531a6f1d60e872a110080d11c775878bf1
artifacts/priority33c/image_recovery/D/dna_v1_conservative/target_022/result.json,09ef51af139dbda5171e2bd106648aa152526e9ee3a5d0dfdced77338dc3689c
artifacts/priority33c/image_recovery/D/dna_v1_conservative/target_023/arrays.npz,935fd084dc2fbaca4c45b1a83ad709bc6c97383000f7f546753947710bcda193
artifacts/priority33c/image_recovery/D/dna_v1_conservative/target_023/receipt.pt,5ccb7d4ed69205307d5533468c75e8e2c65af924291fc3ad61dc2457742a180f
artifacts/priority33c/image_recovery/D/dna_v1_conservative/target_023/result.json,50f7f2ac1ca2c5878bbda7cd2ae10c47aa74e61ce612a38b8220ea9c6ebad971
artifacts/priority33c/image_recovery/D/dna_v1_conservative/target_024/arrays.npz,7f9137de7e112e30de0c4ffde61734db18aaf944539b3d63eb1af2420983182c
artifacts/priority33c/image_recovery/D/dna_v1_conservative/target_024/receipt.pt,daf4920d17d87dd88fc086c73986f8d6620e29105ab4d9ebac0665c13b51de93
artifacts/priority33c/image_recovery/D/dna_v1_conservative/target_024/result.json,e690375a65589d14ae5fe88e10d21866f9d6dc007f5a3b1632bb8c17d0451266
artifacts/priority33c/image_recovery/D/dna_v1_conservative/target_025/arrays.npz,194e005881cf9f42482b1c00148ff4cc0a2cb85e143852fac49d142994cc91f1
artifacts/priority33c/image_recovery/D/dna_v1_conservative/target_025/receipt.pt,8db68823f0f01a2a7d2d90f713ab0d6a6002ed67b5795b9360c90241e302d2f4
artifacts/priority33c/image_recovery/D/dna_v1_conservative/target_025/result.json,472b95b8159f82d579087071f795690510ff76cb74d976cc808d17fb67d84259
artifacts/priority33c/image_recovery/D/dna_v1_conservative/target_026/arrays.npz,420c5fa0a644c296d61e6cf424636e12583b1851955fad5301faf2383c353d45
artifacts/priority33c/image_recovery/D/dna_v1_conservative/target_026/receipt.pt,04cc00e264bee22c53db50b124af79ffce7004966321373b1209efbfd5f3e078
artifacts/priority33c/image_recovery/D/dna_v1_conservative/target_026/result.json,b40a5dfb8925996b1f51e853632a11e35360cec82a48f942c6577aed5160da05
artifacts/priority33c/image_recovery/D/dna_v1_conservative/target_027/arrays.npz,5b65147daa386157d48d12d1310310f0a654ab9d84c4991c2bc54a149fa32275
artifacts/priority33c/image_recovery/D/dna_v1_conservative/target_027/receipt.pt,d37053a5e7c6ab109958be3a2ecc68cba1e45366366187823808bd547c2e172d
artifacts/priority33c/image_recovery/D/dna_v1_conservative/target_027/result.json,07087b8bb3bde50263afd2719d4f8b89c39a2f3f405c77f0994e3e544ccf9015
artifacts/priority33c/image_recovery/D/dna_v1_conservative/target_028/arrays.npz,ee8dcc927ac4ee053b9b121550bf33c16694064087df34341ee00e636c35ec60
artifacts/priority33c/image_recovery/D/dna_v1_conservative/target_028/receipt.pt,93ed8649727304c0978bcfe5997802711eba6319ae845a6217eba1a51204cbb6
artifacts/priority33c/image_recovery/D/dna_v1_conservative/target_028/result.json,d2736f5018f02fa57890c3c722606b8106bf8c1db81fb223711d680325fe541b
artifacts/priority33c/image_recovery/D/dna_v1_conservative/target_029/arrays.npz,458e7c75826922316a897fcd1d55abced6cbc2147acd68ef22f70f01481e9e28
artifacts/priority33c/image_recovery/D/dna_v1_conservative/target_029/receipt.pt,658183a96d90d573edb57297f3fa00ae3453d7c68c10d1293133301e778d5188
artifacts/priority33c/image_recovery/D/dna_v1_conservative/target_029/result.json,c9893171b12a1c64a014d34851cab674806693da229b4b807124c98775998682
artifacts/priority33c/image_recovery/D/dna_v1_conservative/target_030/arrays.npz,4f6619285d9eb43e3725c99ab714c862cdea773e54a8f5aae7e31455ded60955
artifacts/priority33c/image_recovery/D/dna_v1_conservative/target_030/receipt.pt,89b2be51607080f04c606415028863ab052281ed20e6b2bd5059c64ba820c514
artifacts/priority33c/image_recovery/D/dna_v1_conservative/target_030/result.json,6379a0f823580c204bc431f4ace38fbb0ea657da44364460dad11fc7cdd5a012
artifacts/priority33c/image_recovery/D/dna_v1_conservative/target_031/arrays.npz,b979cfbdbdeea08057c6cdd977808fa85978048e0a746965c08c87533b3ae2c2
artifacts/priority33c/image_recovery/D/dna_v1_conservative/target_031/receipt.pt,2dfb09929eaa46ba96aab635cb5a74fb7cdf5bd2871ee6c85b7333c7e75dd9ba
artifacts/priority33c/image_recovery/D/dna_v1_conservative/target_031/result.json,4a70458d690045a59994c7900d55dd9672f591e6831ad5225f15d12f6aaa377b
artifacts/priority33c/image_recovery/D/dna_v1_conservative/target_032/arrays.npz,3b5225cad62e768136feb17ac5932245544f6fd2b97ef2d38145813454c0265d
artifacts/priority33c/image_recovery/D/dna_v1_conservative/target_032/receipt.pt,18e6723320261dd067f27058bead6682046763f36bc2aa92090d2a54c21e90cf
artifacts/priority33c/image_recovery/D/dna_v1_conservative/target_032/result.json,d068b38214eabadfca91d9fa0286290e4005cec9718669899fba63c9e6e691c5
artifacts/priority33c/image_recovery/D/dna_v1_conservative/target_033/arrays.npz,27d12ca6f16ad977341c407aa11954c39ee8be170ca35f3009e1c6a2fcb08376
artifacts/priority33c/image_recovery/D/dna_v1_conservative/target_033/receipt.pt,0fd96fe5dd41843c0fae9c0b04ee5595cbe39b891f4eeb6200c734a4493fe3a8
artifacts/priority33c/image_recovery/D/dna_v1_conservative/target_033/result.json,6f3069c4c1394257ed58c3af40c3531181972b66a7c3e2523e93450cd856535d
artifacts/priority33c/image_recovery/D/dna_v1_conservative/target_034/arrays.npz,21a8be03c140d4a9d4dbb09c44130754acd46176cd8edd3870ab3747538f8444
artifacts/priority33c/image_recovery/D/dna_v1_conservative/target_034/receipt.pt,14f837b1d686bcae683b00f88af85361444eefe17b7ca96817c9d3420f13837d
artifacts/priority33c/image_recovery/D/dna_v1_conservative/target_034/result.json,ae7c7284cfca910ea9b9b20dc47db817c03ce4cf2641b28c593c8ef437576f89
artifacts/priority33c/image_recovery/D/dna_v1_conservative/target_035/arrays.npz,96398543aa89cc914c3ddc28fbf9d9e5dc10253c6dd64251adbe81f4113db101
artifacts/priority33c/image_recovery/D/dna_v1_conservative/target_035/receipt.pt,26da6fefa418658fd6545eebd18a7ee3c2a76d006a2b69590e377f85eb54b3f2
artifacts/priority33c/image_recovery/D/dna_v1_conservative/target_035/result.json,331ba5b41310d16e081270586270216885d3790ae3c3a43e77b3a074d4201c4b
artifacts/priority33c/image_recovery/D/dna_v1_conservative/target_036/arrays.npz,c6a8bdc6d3e3fb62958a420b26e6c6f7196072b4b667df96b4158db6d8b81fa8
artifacts/priority33c/image_recovery/D/dna_v1_conservative/target_036/receipt.pt,5b763c175a5374dc2dddfaf34f09e025c97c1f8eb677e9cb9e0fe9de59d0e3c4
artifacts/priority33c/image_recovery/D/dna_v1_conservative/target_036/result.json,1301a2a9b227ea2b11ae10fa32a221de82ae85884258d72f22abec18433f48ce
artifacts/priority33c/image_recovery/D/dna_v1_conservative/target_037/arrays.npz,6c00c738467be5494d18792e847410afa1d0445e3a4314f1c9f32435cd035397
artifacts/priority33c/image_recovery/D/dna_v1_conservative/target_037/receipt.pt,a34ab40066590a54ab245d9ba78bb52a46c643fb91dda2426f0f5396129c86b1
artifacts/priority33c/image_recovery/D/dna_v1_conservative/target_037/result.json,8fab8c5644de2b0369d64ad791fd292a5f23546c71cff83e3a3274f4771f919a
artifacts/priority33c/image_recovery/D/dna_v1_conservative/target_038/arrays.npz,583acff222eeaf878d3efbcfc2e28091631ea7a9cbe6d5985ef0bb444bd24348
artifacts/priority33c/image_recovery/D/dna_v1_conservative/target_038/receipt.pt,b1a671d0766051600c52927e00dd43f797d56b4d346e3d08eb8a210aefb7842d
artifacts/priority33c/image_recovery/D/dna_v1_conservative/target_038/result.json,9b2aaf07ebd330bb52cddf63dd0d17abed045bcf6e50f33ff83b9c29f36645cb
artifacts/priority33c/image_recovery/D/dna_v2_0p95/target_000/arrays.npz,8623dcb9a132984169bc9c5894401e7627a816a5d5085b702b329d1d728d3c24
artifacts/priority33c/image_recovery/D/dna_v2_0p95/target_000/receipt.pt,c2cd7f0345e33c535da67695084176ec3b198f88df16c4f756ecc5a500f3c30c
artifacts/priority33c/image_recovery/D/dna_v2_0p95/target_000/result.json,55f91d13d2690f52f8302ff60ff0a0f8202180d464adce3963009a8554e4f3c7
artifacts/priority33c/image_recovery/D/dna_v2_0p95/target_001/arrays.npz,004107954c792f48e4adf61469011ca4869ca65576b4c953ff5fddb491ca1fc9
artifacts/priority33c/image_recovery/D/dna_v2_0p95/target_001/receipt.pt,b239fa506591c5dc6c722dbc185d02273843b05b40e200e87d61c0ac853209f3
artifacts/priority33c/image_recovery/D/dna_v2_0p95/target_001/result.json,30ceb840f5018edfb047fb2322db39e3e690cbeafe99a70469fc496fad492bbf
artifacts/priority33c/image_recovery/D/dna_v2_0p95/target_002/arrays.npz,1f5ed861e38b1a5b5e609428faa94bd6c96074448fca993fafe4aef4c8e3f904
artifacts/priority33c/image_recovery/D/dna_v2_0p95/target_002/receipt.pt,e6dfaf32c96b8d02e95c075dead7411b7e6403624cfd53d622e1cd1bd4a50fd1
artifacts/priority33c/image_recovery/D/dna_v2_0p95/target_002/result.json,798fb7b0f74b551a478435f57ea583fabbfa33579665b95b49bea1109c5d62cc
artifacts/priority33c/image_recovery/D/dna_v2_0p95/target_003/arrays.npz,501721f781ffe0207eb8b03dcd8a56fe55717f38a4feb9012e42ad63871a3144
artifacts/priority33c/image_recovery/D/dna_v2_0p95/target_003/receipt.pt,f86d08e8d18dc0188d6e9febe893af066703ce63a3eb0f14d35918e15215d291
artifacts/priority33c/image_recovery/D/dna_v2_0p95/target_003/result.json,3804ce079cc2d5a268437d31fb87c2b356a8e271abcad45d31a4be8ce17c0a45
artifacts/priority33c/image_recovery/D/dna_v2_0p95/target_004/arrays.npz,190e3acdb1a19186b513cb4816732252a120c6e7a210b10b098a24e6413f802b
artifacts/priority33c/image_recovery/D/dna_v2_0p95/target_004/receipt.pt,ec43b22cbe8609996205c5f895c9f3fa9a98eec396024564924960c77e47d6c1
artifacts/priority33c/image_recovery/D/dna_v2_0p95/target_004/result.json,9b2e48f79cee56be7d47622c3b9e847b9ed7c207c5ea0525fac6dea2b4f90c4c
artifacts/priority33c/image_recovery/D/dna_v2_0p95/target_005/arrays.npz,d368461e8f6197af970b9b14620c609e01f09473339ce2a826d5139e76bf7ab1
artifacts/priority33c/image_recovery/D/dna_v2_0p95/target_005/receipt.pt,9fdc925dccf46993884e3447e4e176e90a14ca156ccf6fdb1044a6e91a382525
artifacts/priority33c/image_recovery/D/dna_v2_0p95/target_005/result.json,1ce5dd7f441d1a3d91c4c7ab2c8a9a6e5e26ab9b2b990021e94fa352e7758336
artifacts/priority33c/image_recovery/D/dna_v2_0p95/target_006/arrays.npz,bb1a1f66e6f13847079c2f188b1b8b27bc4bada49b946b8ed3c43750351ba508
artifacts/priority33c/image_recovery/D/dna_v2_0p95/target_006/receipt.pt,290c6975b5d0081b5a3299dffb32aebb733c5e366d97c5496a13fd66fe3d9b7b
artifacts/priority33c/image_recovery/D/dna_v2_0p95/target_006/result.json,f4e48105ca5a2c5df697ae940185807373b9d799adf2e56d67002100f06edae2
artifacts/priority33c/image_recovery/D/dna_v2_0p95/target_007/arrays.npz,a7062437e2345785ccebc0abb6692bfa699e812d9a078211aac5f2823a7eebc6
artifacts/priority33c/image_recovery/D/dna_v2_0p95/target_007/receipt.pt,f1b302ac6ada4e483475dcb129d2802594b3408afbf36571ef492aabbf186afd
artifacts/priority33c/image_recovery/D/dna_v2_0p95/target_007/result.json,f5a738eb7feb5258bdd6aadbb44a207c9d48483c84dc2cec577bd66a0cbe2ff0
artifacts/priority33c/image_recovery/D/dna_v2_0p95/target_008/arrays.npz,e0b6470d3045fed65050773f6eef1b433019eb4875fe36f5328be4e245795395
artifacts/priority33c/image_recovery/D/dna_v2_0p95/target_008/receipt.pt,f74a67f45dd4d9fd8dbe8b56fb9835f94e73607ff552da6c7d0da856a20517d1
artifacts/priority33c/image_recovery/D/dna_v2_0p95/target_008/result.json,5cb64641c11642f59afde32bb7f4c016c6a69b3dfed4c8f7b5a139fb43825417
artifacts/priority33c/image_recovery/D/dna_v2_0p95/target_009/arrays.npz,d177705b88b96785f7b8f3a4b28a46786663fb8eae208697d4451d7650a9a513
artifacts/priority33c/image_recovery/D/dna_v2_0p95/target_009/receipt.pt,6756142568cd59463814a9e2d9bef7e079507812faf3e97553773a012b3b8c88
artifacts/priority33c/image_recovery/D/dna_v2_0p95/target_009/result.json,67093ff237b0ac774eafb20439c8a6a3c15a8f547281fa318f3e8ece2c51d61b
artifacts/priority33c/image_recovery/D/dna_v2_0p95/target_010/arrays.npz,e7286d8ed0a554a4ad586b94e5ff196445f6945397d626de4f09dfd56e1f3289
artifacts/priority33c/image_recovery/D/dna_v2_0p95/target_010/receipt.pt,fdae2d3860672fd0b6e32df7957cc5db639ba485b3776bedd1b5559f22e614f7
artifacts/priority33c/image_recovery/D/dna_v2_0p95/target_010/result.json,d407fbaa416b9f8ec08a98b26e3fce07cd5e9d9e0b6a89194d2da4146762083b
artifacts/priority33c/image_recovery/D/dna_v2_0p95/target_011/arrays.npz,a32277d6e324944c9aaa179ddf7ebdb2131419bdd055d6920804fdb2931f14dd
artifacts/priority33c/image_recovery/D/dna_v2_0p95/target_011/receipt.pt,9b7c564aec07a5b75579cf7b4f5629799af5d0fc5a40c9cc474bad46dc8c130b
artifacts/priority33c/image_recovery/D/dna_v2_0p95/target_011/result.json,6f2c6b7167907b06290c3aeb61550481b813bece9ed4ed89a8703aa70a32db80
artifacts/priority33c/image_recovery/D/dna_v2_0p95/target_012/arrays.npz,bc5dcd21a269d08eb194e660381b145619804498a661561cac24b3f45c52d3a2
artifacts/priority33c/image_recovery/D/dna_v2_0p95/target_012/receipt.pt,c75b56b940810664ac3f9e6519403c7f82bc49e766b3aef8d2d6b3b081842e56
artifacts/priority33c/image_recovery/D/dna_v2_0p95/target_012/result.json,edb4280246d018befe9adbf365bfa5c6f76c6bc119b37d3422ab7cdbf1c4aa10
artifacts/priority33c/image_recovery/D/dna_v2_0p95/target_013/arrays.npz,29717c6fa3d2ee01126fbbe57b7e439cf24827590d02069c6a2f7d2c9dcc728d
artifacts/priority33c/image_recovery/D/dna_v2_0p95/target_013/receipt.pt,168905a62a101ae6a20f070730955ad8f3e0769a42e6f5691afb68097b3f235c
artifacts/priority33c/image_recovery/D/dna_v2_0p95/target_013/result.json,f17d2df51d5c731c2da9770a15192ab4590dde3bf36f6a1471d212267d352694
artifacts/priority33c/image_recovery/D/dna_v2_0p95/target_014/arrays.npz,e56d1db7a6d9db737078f6959ac04967d8abc7ad9038c9e11320def04ee96c75
artifacts/priority33c/image_recovery/D/dna_v2_0p95/target_014/receipt.pt,17db90085a6f63871e83593fccb812cebfd92fda55e895a992253d26b8429c9f
artifacts/priority33c/image_recovery/D/dna_v2_0p95/target_014/result.json,c340519e7607b536167f5bc048cf5444496dbbacb909098d822d2ac88d7cd8d0
artifacts/priority33c/image_recovery/D/dna_v2_0p95/target_015/arrays.npz,7ce041c8a2c9329ec6eb207f295eed7896bd1771fcc8c689ff15b7f6f3e09992
artifacts/priority33c/image_recovery/D/dna_v2_0p95/target_015/receipt.pt,e441500e30c36e9a78370b8991d18994fd9adb84ef119e44ee863729849cd61c
artifacts/priority33c/image_recovery/D/dna_v2_0p95/target_015/result.json,fe55ca6e03413f060d9b0d668207f0cd29c59b58c3bac08b104e586eee93c47b
artifacts/priority33c/image_recovery/D/dna_v2_0p95/target_016/arrays.npz,337563413899004054bc211fceb841ce25a08c92adb6ea130bf90856cbb212ee
artifacts/priority33c/image_recovery/D/dna_v2_0p95/target_016/receipt.pt,07305d0ebc035d190fa348b9f942be735404cc50f12c02d6feb6902106c6c9af
artifacts/priority33c/image_recovery/D/dna_v2_0p95/target_016/result.json,d7c1bdaa231ddd9c62bc84daf26a343f4a32f755b6e70aa135d94053258501b9
artifacts/priority33c/image_recovery/D/dna_v2_0p95/target_017/arrays.npz,fc2a24705fa4754c4fd40e4077d7334bcfd35b005bb3d420413f68370004a640
artifacts/priority33c/image_recovery/D/dna_v2_0p95/target_017/receipt.pt,f1b6880f6e719dbccc5868cc4e61270ba1ea9cdd30c636d5088abe41ec3f5139
artifacts/priority33c/image_recovery/D/dna_v2_0p95/target_017/result.json,0c429c37f039bd25ea827989e15416f6788d14bd8d021a33321409b73b926c3f
artifacts/priority33c/image_recovery/D/dna_v2_0p95/target_018/arrays.npz,e24a7884ffa4a13b28c32b8b8368e27fd6bd6ee087f42500c3c50498f426abd8
artifacts/priority33c/image_recovery/D/dna_v2_0p95/target_018/receipt.pt,eb909e424b3d1aafafd6bf976f869a8fd26dde87ede55f643447bde63ce8503b
artifacts/priority33c/image_recovery/D/dna_v2_0p95/target_018/result.json,8c3a657273d8a7c11e1fe9a51bbed9d80949ed45c540d385f28678172e335484
artifacts/priority33c/image_recovery/D/dna_v2_0p95/target_019/arrays.npz,603255f9d8820b820cd10706dc8e530d3f61ec83809ffce053995301b5de3f58
artifacts/priority33c/image_recovery/D/dna_v2_0p95/target_019/receipt.pt,958a199147c2ceb0bde273d37e4c37ce16da041a705f430166e5f45eec6255f8
artifacts/priority33c/image_recovery/D/dna_v2_0p95/target_019/result.json,19a3976cc1edea48262ee498f08c6404e3b4c6bee115900f6b56875ac051eb7e
artifacts/priority33c/image_recovery/D/dna_v2_0p95/target_020/arrays.npz,246f16adf3dc0b351d8b78d90018f23b6863643bf17fba3e4181f90cca1f0242
artifacts/priority33c/image_recovery/D/dna_v2_0p95/target_020/receipt.pt,f146d41b279d95d4bc6b2353b4874dd1029324792ce58b30552a4963eef99942
artifacts/priority33c/image_recovery/D/dna_v2_0p95/target_020/result.json,200baf6bd8a3c5208d8156e915a7adae3113d2255fafbb535ecf747840601b12
artifacts/priority33c/image_recovery/D/dna_v2_0p95/target_021/arrays.npz,ed3500959a9513503a7da3d0e4ca182fabc93f794ba858383e06490640fde1f1
artifacts/priority33c/image_recovery/D/dna_v2_0p95/target_021/receipt.pt,dba9995927d9154151c410999912b20cbefa3aee63aafcedcb2156d6db2bf28f
artifacts/priority33c/image_recovery/D/dna_v2_0p95/target_021/result.json,4206881bfc0be6032ba957e99a0fe0c7fc33a4904b7b6f95ab59cdb06e801aad
artifacts/priority33c/image_recovery/D/dna_v2_0p95/target_022/arrays.npz,3d683afe75d42053e9e19f910138d2d6d893e1e5a69f6925787910b439003fee
artifacts/priority33c/image_recovery/D/dna_v2_0p95/target_022/receipt.pt,a89c94267ce92c9bb756f3637a37ead48c2cecdf683379193ce1178c30449ede
artifacts/priority33c/image_recovery/D/dna_v2_0p95/target_022/result.json,c2e86ffde640ec13440ff0fad421bb4f02de5a86d23b390910ed7c1985a493d6
artifacts/priority33c/image_recovery/D/dna_v2_0p95/target_023/arrays.npz,2c971ab01ea716bbc4c4fd3f8b1abd911c981de005f00a64896a10f0efca4166
artifacts/priority33c/image_recovery/D/dna_v2_0p95/target_023/receipt.pt,bcc0e893183d40eeb2e1ae8e1ed882cb73c4e952f4fde09006348d6c312e165d
artifacts/priority33c/image_recovery/D/dna_v2_0p95/target_023/result.json,c3a281145d31544143661293b517fa034e9a1b2589152913432da83a898c4b69
artifacts/priority33c/image_recovery/D/dna_v2_0p95/target_024/arrays.npz,ff0d221f67e2379ebc6de5a9b7b1d8c93fc6f04268b9f036af672aa25732c95e
artifacts/priority33c/image_recovery/D/dna_v2_0p95/target_024/receipt.pt,fb7715a694d362304fd9ae7b2a43a3325c3df4c443df99cb2163620235a08c32
artifacts/priority33c/image_recovery/D/dna_v2_0p95/target_024/result.json,86333c36b4721f46cc8dfdad89554a410b2e8f214f1878311bd300af45e17407
artifacts/priority33c/image_recovery/D/dna_v2_0p95/target_025/arrays.npz,0716d6c6393ecf1620f667975a8e2378f0fac3ec2e3f084c8e261eaa9df3a0e4
artifacts/priority33c/image_recovery/D/dna_v2_0p95/target_025/receipt.pt,2871a0c9e273ca9f717d3fa9c7e425eefe9ad6c5dd8fedc281a614d157ab25fc
artifacts/priority33c/image_recovery/D/dna_v2_0p95/target_025/result.json,158ff0bc32712d57f407b77722a65d4ebd47d005d15d07e1266c04e9f839ec5f
artifacts/priority33c/image_recovery/D/dna_v2_0p95/target_026/arrays.npz,f6d6d695d179191ac58918b22f49f2d1a834b41575780ae88ca87d3a60d9cf8b
artifacts/priority33c/image_recovery/D/dna_v2_0p95/target_026/receipt.pt,3234c7b227196502d1fbbd0fbca01c6db53abe3d0ec4f0d7b8510b355ab2b728
artifacts/priority33c/image_recovery/D/dna_v2_0p95/target_026/result.json,c70860be478dc941e41791ac1797945059172f2079827c06f29450fc4c841a92
artifacts/priority33c/image_recovery/D/dna_v2_0p95/target_027/arrays.npz,6c3061300fd03c34e17eacd7c465ceac4f72d55abb258cdefdc9800b2bd33346
artifacts/priority33c/image_recovery/D/dna_v2_0p95/target_027/receipt.pt,28e8774067200b5c87d5da5a6ab56d520dbb420cfb1b48df4c8f28efe4c0508d
artifacts/priority33c/image_recovery/D/dna_v2_0p95/target_027/result.json,d20643e40394ae1f73bc09e876ee5d9f142427a4b76b3a7e94f69da1558b45f3
artifacts/priority33c/image_recovery/D/dna_v2_0p95/target_028/arrays.npz,e3fe4acd64f9a18a8681d4adc50ffc3ad53056c71b9e986502092b1845f91767
artifacts/priority33c/image_recovery/D/dna_v2_0p95/target_028/receipt.pt,1ea99fbd591030de5bd2c8ef1db44432e34ac0cc293abb591ddda6948b43badc
artifacts/priority33c/image_recovery/D/dna_v2_0p95/target_028/result.json,7d28f5a660ccce9b2616dc5e48215a9013d148d6ffa95f5474aba367b967c132
artifacts/priority33c/image_recovery/D/dna_v2_0p95/target_029/arrays.npz,503f220fc7b9a16a319a5dadb2cc4544dd43a848f45f926279890af4c638d37e
artifacts/priority33c/image_recovery/D/dna_v2_0p95/target_029/receipt.pt,0b51660f20826230ba285451e3109652bfd4add6a5cc2bf994abb2617275ae06
artifacts/priority33c/image_recovery/D/dna_v2_0p95/target_029/result.json,830535ff986157b55f22f25fe85106a5ca64b0d468e0c9d1cfbf0d870b845790
artifacts/priority33c/image_recovery/D/dna_v2_0p95/target_030/arrays.npz,a4418ec72c65a1d8fac88879fc84381de0701990e2dd3c3bb074304298e23617
artifacts/priority33c/image_recovery/D/dna_v2_0p95/target_030/receipt.pt,290df7d97cea85e4233097b6dd07cedb07e25216018db665edf5dece62f7a127
artifacts/priority33c/image_recovery/D/dna_v2_0p95/target_030/result.json,a90c45a52ddcf2e6eb4bca2f08d194d39f0d99052661ec4c236197dccb2988c6
artifacts/priority33c/image_recovery/D/dna_v2_0p95/target_031/arrays.npz,510fa6309bde525662a82f2e96acf5d0e742fcbd706c60be54b1ecd6dd283afc
artifacts/priority33c/image_recovery/D/dna_v2_0p95/target_031/receipt.pt,e79631b302ab9dc05f5b82a647e7e0d13c60abf161e8e035bcd464155cde4175
artifacts/priority33c/image_recovery/D/dna_v2_0p95/target_031/result.json,0b071f9fe1778ce788df11b38a9bc4ff3a09a819bbe34aa28cc1a070f0dab289
artifacts/priority33c/image_recovery/D/dna_v2_0p95/target_032/arrays.npz,a92a90c4c93db94e20c60b30dc536fad5f3643f93d427e5caac52e2df0925778
artifacts/priority33c/image_recovery/D/dna_v2_0p95/target_032/receipt.pt,9880591ef435af575d38b75a40f40bd96b187f8375d0b314e523f961fa3716bf
artifacts/priority33c/image_recovery/D/dna_v2_0p95/target_032/result.json,5f8bfbb50c54958daf35a7ec25a36e1cb8414b4c96db03ecba81aa4f877d4b35
artifacts/priority33c/image_recovery/D/dna_v2_0p95/target_033/arrays.npz,10d0dcc868723a77b35a6700dd4433ef13bd16a26c43ffcfc24340e55a720cd8
artifacts/priority33c/image_recovery/D/dna_v2_0p95/target_033/receipt.pt,d8ecd770d25fdfc73eb01eb002fa39ff16b9a56c46a864d9e70cc9e490227468
artifacts/priority33c/image_recovery/D/dna_v2_0p95/target_033/result.json,6555942929c83625464e981dfe217b8a7202d07cec962b212664cf4459106917
artifacts/priority33c/image_recovery/D/dna_v2_0p95/target_034/arrays.npz,4758ef8209575080b87a2c7d94e1368d4c19ad6f95e8e0aed65248adee43bf2d
artifacts/priority33c/image_recovery/D/dna_v2_0p95/target_034/receipt.pt,56a82f97e624c1239632c66beaef432c511bb2a9a90cdd54d78351623202bb1a
artifacts/priority33c/image_recovery/D/dna_v2_0p95/target_034/result.json,5eb3c3bf829f3eee7ef35322f82c42233fa231041c9c3d15c558fec2a8d0106a
artifacts/priority33c/image_recovery/D/dna_v2_0p95/target_035/arrays.npz,9a4fb2c3132ec1f73493d0134fe63bbd644169d31215f29afb5085f56dcd8850
artifacts/priority33c/image_recovery/D/dna_v2_0p95/target_035/receipt.pt,3fbc4c0ca4e462b8cd574afbb507747c775a86947e307871f3f9c6d40e01dee6
artifacts/priority33c/image_recovery/D/dna_v2_0p95/target_035/result.json,75568480ffebe7547aaf50b7edc4adb70ef2e380f1e06de8c8c76cbbdc7a9659
artifacts/priority33c/image_recovery/D/dna_v2_0p95/target_036/arrays.npz,8c8f2c0676d3b766cf3b7a22755145b9574fc3818214e3de543631ca5f7db96b
artifacts/priority33c/image_recovery/D/dna_v2_0p95/target_036/receipt.pt,a12ebf54b14c08d9f554abace2d95ec94c4058b14586f191377841fce467d40d
artifacts/priority33c/image_recovery/D/dna_v2_0p95/target_036/result.json,e91db6599682b6b7129d443c68c43a02278e4122d1494806c8720560a474e1d1
artifacts/priority33c/image_recovery/D/dna_v2_0p95/target_037/arrays.npz,8c38c2b627d9f6cc1dbc1bbb8ee9cf1498ce2533e63a678249f59aa27a084a73
artifacts/priority33c/image_recovery/D/dna_v2_0p95/target_037/receipt.pt,2ce9c8fa81d61831a7bbe6ea0cd6a705c863cf30e5fcd7d1dedcddc1ebea88c4
artifacts/priority33c/image_recovery/D/dna_v2_0p95/target_037/result.json,2e512e68cd7f8931ff6bf8302d77b9394f1aefbbc29a5b12744285e845b97cfd
artifacts/priority33c/image_recovery/D/dna_v2_0p95/target_038/arrays.npz,6011530ba9b53bd1c26b672801da9c64c4e247214cac9eb42d9949e8b945c483
artifacts/priority33c/image_recovery/D/dna_v2_0p95/target_038/receipt.pt,40a2ddebdfcc5efe061c01aecd323b499e646155a54f485332bfaee5eaa068d6
artifacts/priority33c/image_recovery/D/dna_v2_0p95/target_038/result.json,211d591d99d5f396e9a94195f65d21052dd45633c4623455b822eb43cb3d4629
artifacts/priority33c/image_recovery/D/dp_per_tensor_for_dna_v1_conservative/target_000/arrays.npz,e98a781d7caff73fa93a884e1ad087a4feea133a827b402657f7920fe60d760c
artifacts/priority33c/image_recovery/D/dp_per_tensor_for_dna_v1_conservative/target_000/receipt.pt,0e18e2a0c741cd22bba13aa38b9646457a4ff569d6f098e1041b6ee3f2e5fa40
artifacts/priority33c/image_recovery/D/dp_per_tensor_for_dna_v1_conservative/target_000/result.json,53af552efa37bb82b83026d3ab7ad8bbcbe8ac0874db72e0edfc9c17a52014e7
artifacts/priority33c/image_recovery/D/dp_per_tensor_for_dna_v1_conservative/target_001/arrays.npz,494d724e55005a1ed98eb2a1ffd2f9afe1cbe47453599bd5d489998f92a9c264
artifacts/priority33c/image_recovery/D/dp_per_tensor_for_dna_v1_conservative/target_001/receipt.pt,48f55ce5221d40bb3322a40ae20244843f917143ac5edbecccd657f9789d2352
artifacts/priority33c/image_recovery/D/dp_per_tensor_for_dna_v1_conservative/target_001/result.json,fa737c0a42689e5cc66579cdc474314dd6a816c21db7724c1480485f5d441f0c
artifacts/priority33c/image_recovery/D/dp_per_tensor_for_dna_v1_conservative/target_002/arrays.npz,506f74f910cf033ac71585eee2732103e503ce282526d823227f0a1ac3a26e9d
artifacts/priority33c/image_recovery/D/dp_per_tensor_for_dna_v1_conservative/target_002/receipt.pt,d809d74197800fb798d935935af8d1c6b1fdf69c00f8f610608697a882acdf0f
artifacts/priority33c/image_recovery/D/dp_per_tensor_for_dna_v1_conservative/target_002/result.json,819ee573f403aa7eba01080b4014b3da8d319d526c202008e213044391177dcb
artifacts/priority33c/image_recovery/D/dp_per_tensor_for_dna_v1_conservative/target_003/arrays.npz,b818c189a9bed6d090b8b9213bbacf5b89b86f34478233d4a60c427f59243238
artifacts/priority33c/image_recovery/D/dp_per_tensor_for_dna_v1_conservative/target_003/receipt.pt,29f6671760cbb72de3f734fd1a8938073a1535d21b639448510183f006814e91
artifacts/priority33c/image_recovery/D/dp_per_tensor_for_dna_v1_conservative/target_003/result.json,1ba7190611945fa808a6fce72f790e9b88c29400ea2593d86ff915ea999e9a16
artifacts/priority33c/image_recovery/D/dp_per_tensor_for_dna_v1_conservative/target_004/arrays.npz,e460855ceecfe79ad99c200116fa350b1bcb0d051e5ffe3edb4aba489adc0a4b
artifacts/priority33c/image_recovery/D/dp_per_tensor_for_dna_v1_conservative/target_004/receipt.pt,75f29558458051298f499d7a95ac55714274d97bf93a709f49c6b72757b2e640
artifacts/priority33c/image_recovery/D/dp_per_tensor_for_dna_v1_conservative/target_004/result.json,6a6ec6b1fcc916776a01f55c3c9b451a6833d6bb10352f5f3c26eb5c6e3279ce
artifacts/priority33c/image_recovery/D/dp_per_tensor_for_dna_v1_conservative/target_005/arrays.npz,b7ac447adc93211d49fa94b6f6cfe692edca1d9a9cb4bd47dc4af071ff2f143a
artifacts/priority33c/image_recovery/D/dp_per_tensor_for_dna_v1_conservative/target_005/receipt.pt,d4e5b43bc69d4ce0427ed03bf72e1100134e5db8767c7f41c7db7a65378df2d0
artifacts/priority33c/image_recovery/D/dp_per_tensor_for_dna_v1_conservative/target_005/result.json,b3e294d5d83ed69f063d793c750ee558e8b3133355ef642bedc4e605f262e95e
artifacts/priority33c/image_recovery/D/dp_per_tensor_for_dna_v1_conservative/target_006/arrays.npz,f5ccd36d2dada34798c390dc95d40f0c4a8afb6e6feb3a2e17cc591b5d8de8af
artifacts/priority33c/image_recovery/D/dp_per_tensor_for_dna_v1_conservative/target_006/receipt.pt,55a854c4140808fde5316a918c8dbde1e0a4332c72023e4f929838fdc19e0a7a
artifacts/priority33c/image_recovery/D/dp_per_tensor_for_dna_v1_conservative/target_006/result.json,3af6f2e585ef2da6f5e8f5ac380a94bd7e171499ad48e1889c9ab26d67e79233
artifacts/priority33c/image_recovery/D/dp_per_tensor_for_dna_v1_conservative/target_007/arrays.npz,dbdf70fc5b11037d636b789e65f8d53645ba48f49ee8f6851f7670e93bd48c9b
artifacts/priority33c/image_recovery/D/dp_per_tensor_for_dna_v1_conservative/target_007/receipt.pt,8a533aaa86575e7d5480b610865e65aec8c71d4ebbf7b87910364650dc25a4c6
artifacts/priority33c/image_recovery/D/dp_per_tensor_for_dna_v1_conservative/target_007/result.json,27a6c1d1f3c677616893422d156475388613431029728177198f478225c1e84d
artifacts/priority33c/image_recovery/D/dp_per_tensor_for_dna_v1_conservative/target_008/arrays.npz,d82ab1a3b71454beb40a446c3747f3d206a1c49d1258f624fac753472108f027
artifacts/priority33c/image_recovery/D/dp_per_tensor_for_dna_v1_conservative/target_008/receipt.pt,5f031632ca52e21b2c549ddf36ab9269343da96130cd61f49293bfc25a32d55d
artifacts/priority33c/image_recovery/D/dp_per_tensor_for_dna_v1_conservative/target_008/result.json,ced6843425c56fdd59602d8c4f560e0385ec0b510efbfc385a384723ef90a62b
artifacts/priority33c/image_recovery/D/dp_per_tensor_for_dna_v1_conservative/target_009/arrays.npz,ca466daae77b030f2baa79cc69227b9ed054b4ca2cdde1b1290f0055f8cff74d
artifacts/priority33c/image_recovery/D/dp_per_tensor_for_dna_v1_conservative/target_009/receipt.pt,743df801e05d5ae547335872679e395d712c8b2dfada0b3e9ea955c45c5aab76
artifacts/priority33c/image_recovery/D/dp_per_tensor_for_dna_v1_conservative/target_009/result.json,fe0ef565cf2fa53615b1b77111b34c131ce81cc47eaea860f876639efcb0b9d7
artifacts/priority33c/image_recovery/D/dp_per_tensor_for_dna_v1_conservative/target_010/arrays.npz,a1b2bf3becb1ebc70457539c665f022cd25ee3bcf84cee8b596f4f40320cf630
artifacts/priority33c/image_recovery/D/dp_per_tensor_for_dna_v1_conservative/target_010/receipt.pt,dc6843ddbca525da302bb3e02a6f874c755b9b53be0cc7c596ab9d19e094d46b
artifacts/priority33c/image_recovery/D/dp_per_tensor_for_dna_v1_conservative/target_010/result.json,e1b990df7fbb61f870fd27888196901439bba75b406b08c29526d4ce255ec26f
artifacts/priority33c/image_recovery/D/dp_per_tensor_for_dna_v1_conservative/target_011/arrays.npz,8164a83e22eb102d5b83b12b8416a326f81728b615c6ac51e428113f0124b873
artifacts/priority33c/image_recovery/D/dp_per_tensor_for_dna_v1_conservative/target_011/receipt.pt,4d4bfb621938666e3b654c150cbad8c3e590c47a153fa8334883c6b562de158a
artifacts/priority33c/image_recovery/D/dp_per_tensor_for_dna_v1_conservative/target_011/result.json,6f5e104ffbb533f89baf3adf21f96daccbd24d8d56f97c3872586465e6862441
artifacts/priority33c/image_recovery/D/dp_per_tensor_for_dna_v1_conservative/target_012/arrays.npz,bd81efbd9e4e19f18f867142f780e42278b1947ce747127447414f4df68fa916
artifacts/priority33c/image_recovery/D/dp_per_tensor_for_dna_v1_conservative/target_012/receipt.pt,a82a5cd502ebae34402fb109a050febf99e6da281a8e8291dcbacb981e3a86dc
artifacts/priority33c/image_recovery/D/dp_per_tensor_for_dna_v1_conservative/target_012/result.json,304480e34558fce942f9403c2a4cad597c8c187f0a0ff67fa2bc18d68628debc
artifacts/priority33c/image_recovery/D/dp_per_tensor_for_dna_v1_conservative/target_013/arrays.npz,787cd51df9b1e7e9471e14c79bdc7df882b20170ab884847ec2fbc7b8ef3138c
artifacts/priority33c/image_recovery/D/dp_per_tensor_for_dna_v1_conservative/target_013/receipt.pt,d2aa0b83fd92b51dbea2f751ff6725bb0c6f4859f221550769339f5b501c2d1d
artifacts/priority33c/image_recovery/D/dp_per_tensor_for_dna_v1_conservative/target_013/result.json,bc0b979149ea7729ef26a3923b060be6a333256478244a2c7ab6603559dca5c1
artifacts/priority33c/image_recovery/D/dp_per_tensor_for_dna_v1_conservative/target_014/arrays.npz,4968cf2c5f63c1fa150363cb3f7227c80cfabc18e69b20c0ed016f862d84d14d
artifacts/priority33c/image_recovery/D/dp_per_tensor_for_dna_v1_conservative/target_014/receipt.pt,2c70477d2f1196263b04d7e2e5b12539e8116e17fddc0e3802be8a8cab1f0657
artifacts/priority33c/image_recovery/D/dp_per_tensor_for_dna_v1_conservative/target_014/result.json,d72dcb45b7bf7d3390df3769142687b6a4c5be3f0441c1e0d05302d43c979725
artifacts/priority33c/image_recovery/D/dp_per_tensor_for_dna_v1_conservative/target_015/arrays.npz,284a2e15b13cc8df97512a0c725d5cf9459fa9d0e3025ba7a3eb22be3fe74295
artifacts/priority33c/image_recovery/D/dp_per_tensor_for_dna_v1_conservative/target_015/receipt.pt,b23996a924443105c0b4d29d21c992278ae9028790dab9e9cd8b608dd168b306
artifacts/priority33c/image_recovery/D/dp_per_tensor_for_dna_v1_conservative/target_015/result.json,b396785c857101ce82bfc518250f410151def799e0df715b991c670cc51f74d3
artifacts/priority33c/image_recovery/D/dp_per_tensor_for_dna_v1_conservative/target_016/arrays.npz,a429184e885e3192f57a0d268dcae869729d4fc24d8b6eb1a5d5f22a2bf1aee6
artifacts/priority33c/image_recovery/D/dp_per_tensor_for_dna_v1_conservative/target_016/receipt.pt,c320d66818c1343a6cfb6a95f640b2a9379e5ffdfae966e1ba7e8499ab6e6f60
artifacts/priority33c/image_recovery/D/dp_per_tensor_for_dna_v1_conservative/target_016/result.json,97f2c28cd8bd646f844bc88eda92599a0e0e68cca76ca9e6b9f14b5b6f5bf60f
artifacts/priority33c/image_recovery/D/dp_per_tensor_for_dna_v1_conservative/target_017/arrays.npz,f1bba71bb8baa99162804c3706d118de8779dbcd1f09ac419374336e29c8fb36
artifacts/priority33c/image_recovery/D/dp_per_tensor_for_dna_v1_conservative/target_017/receipt.pt,50cae632de6a1dd0ffed781bdf2c8976e94824f79ee7244f4e42e76ef8e0c8d9
artifacts/priority33c/image_recovery/D/dp_per_tensor_for_dna_v1_conservative/target_017/result.json,47dbdcee711cfac74f9bbc77d0b060ea65c27cc7711bb727793d7b062661f210
artifacts/priority33c/image_recovery/D/dp_per_tensor_for_dna_v1_conservative/target_018/arrays.npz,dfa797ceef4694a72d7d2ac7d3a88ae9019e70e4a33d2e44fcd2c43ff426fa92
artifacts/priority33c/image_recovery/D/dp_per_tensor_for_dna_v1_conservative/target_018/receipt.pt,72b472e7994f6b7a49d9f1e4f87fe117632bacbc34f2e49fba734f046ff198c2
artifacts/priority33c/image_recovery/D/dp_per_tensor_for_dna_v1_conservative/target_018/result.json,f4e511e8912c3e16524595772866a415a796f9b60b3cdd88868c5fcab0763732
artifacts/priority33c/image_recovery/D/dp_per_tensor_for_dna_v1_conservative/target_019/arrays.npz,48daa31c6fd7ceac0f90f9088327b10c207471f599c3b967947bd04ad1686c66
artifacts/priority33c/image_recovery/D/dp_per_tensor_for_dna_v1_conservative/target_019/receipt.pt,95aa72239e8fedd035fbdd1b62eb47a87ec82a66cc88ea5f55fa22dfee9f4ba3
artifacts/priority33c/image_recovery/D/dp_per_tensor_for_dna_v1_conservative/target_019/result.json,4fe5759470fcad6b4a92e2e3c322508ca7aecf99fdfb385a900f060cf1ba3eb0
artifacts/priority33c/image_recovery/D/dp_per_tensor_for_dna_v1_conservative/target_020/arrays.npz,83c3f6bc37cf2fe83974c727b7c57f6d8b2116be9fc0040dc6cb849d05280334
artifacts/priority33c/image_recovery/D/dp_per_tensor_for_dna_v1_conservative/target_020/receipt.pt,48250558ceb2d003c7980f86bc7b7e79fc264ef1fc73bba73db19ab77b04ad68
artifacts/priority33c/image_recovery/D/dp_per_tensor_for_dna_v1_conservative/target_020/result.json,11891d6e1a70ba252a7612dd5017f71882accb3dd9c0bb569767bd1e4428dbe5
artifacts/priority33c/image_recovery/D/dp_per_tensor_for_dna_v1_conservative/target_021/arrays.npz,b8cb60c4382f95305a16be01fb1ea5e2d423f4184276d6df37d9fc5555e5c437
artifacts/priority33c/image_recovery/D/dp_per_tensor_for_dna_v1_conservative/target_021/receipt.pt,09b233e95019e5acc0c95d46a322b7312de62cfe4a4f52c0a535dc37294ba650
artifacts/priority33c/image_recovery/D/dp_per_tensor_for_dna_v1_conservative/target_021/result.json,5a56df943d644371853d509d06f19bdd30b8b218b34009f0ee62cbc6158cc9f3
artifacts/priority33c/image_recovery/D/dp_per_tensor_for_dna_v1_conservative/target_022/arrays.npz,0f0a7f039818bf11d12dbbf987fc1545b3c4d65cea3d18f173e5984e769e1ecf
artifacts/priority33c/image_recovery/D/dp_per_tensor_for_dna_v1_conservative/target_022/receipt.pt,72c458d46e9823c747b229cf054322e07fe40a4b019c9085bbdda67ce7f5e004
artifacts/priority33c/image_recovery/D/dp_per_tensor_for_dna_v1_conservative/target_022/result.json,e1ae61ad609275a6e011586ad9b9fd1e87e85c45e42ef5cd04c8165e8a59f0b4
artifacts/priority33c/image_recovery/D/dp_per_tensor_for_dna_v1_conservative/target_023/arrays.npz,3d9fb1cc9ed1701a7f6f4a30081416eae29377d308b565c0a47ba12bec25c97a
artifacts/priority33c/image_recovery/D/dp_per_tensor_for_dna_v1_conservative/target_023/receipt.pt,54ddfb810321c1a01eb793b155188994e74ac3fbd8d895cc7627b74aa64eb70d
artifacts/priority33c/image_recovery/D/dp_per_tensor_for_dna_v1_conservative/target_023/result.json,3df33f196edae8d59fdf99b6faba5bc6363b4c486fb7269dc850e94e1ad4abfd
artifacts/priority33c/image_recovery/D/dp_per_tensor_for_dna_v1_conservative/target_024/arrays.npz,69ddf177aeb1a21663fb75a22c30fe000f39e73dac1b8489efe4a36ca7165438
artifacts/priority33c/image_recovery/D/dp_per_tensor_for_dna_v1_conservative/target_024/receipt.pt,448a2e4f10d52396450bb83f0d0cc3cb453972c097d0ed9e1f3d5f8ce053a75c
artifacts/priority33c/image_recovery/D/dp_per_tensor_for_dna_v1_conservative/target_024/result.json,bb18df88bd3aed079a87c3f8cb164f5a42b4fa99660d153527f0453a9e941be5
artifacts/priority33c/image_recovery/D/dp_per_tensor_for_dna_v1_conservative/target_025/arrays.npz,47a84ea5a9b815d874c56d205db11e822e6260efba094168000215a7f6bd3e2f
artifacts/priority33c/image_recovery/D/dp_per_tensor_for_dna_v1_conservative/target_025/receipt.pt,7273c8015c474e3d7d8704cba908cdec5cd005248c36f74c3f0ffce432116e06
artifacts/priority33c/image_recovery/D/dp_per_tensor_for_dna_v1_conservative/target_025/result.json,24bec4d3161cff23f29c965110aa2dfaabccd60ef117f606577712edeb7eff78
artifacts/priority33c/image_recovery/D/dp_per_tensor_for_dna_v1_conservative/target_026/arrays.npz,2edf8d41b3b69df7eb231f1a9701d91b5100621b156409beb491a833383ad31f
artifacts/priority33c/image_recovery/D/dp_per_tensor_for_dna_v1_conservative/target_026/receipt.pt,e3fc827d9df69bef1af20df036ec1dbff0ac6d4b71e6ed915e76e91755ebabd6
artifacts/priority33c/image_recovery/D/dp_per_tensor_for_dna_v1_conservative/target_026/result.json,22af44535b5efdc469333feb2c3732d64200b598ca8a8c7cc9b2fbbcce6fa624
artifacts/priority33c/image_recovery/D/dp_per_tensor_for_dna_v1_conservative/target_027/arrays.npz,b677d189b9363432a52553cd66f129694cf936adcb579f74f423dc878be28ed5
artifacts/priority33c/image_recovery/D/dp_per_tensor_for_dna_v1_conservative/target_027/receipt.pt,6201a7b3dab0b0507cac79e35da25c934cba04869d074fb614924f2b50f0f458
artifacts/priority33c/image_recovery/D/dp_per_tensor_for_dna_v1_conservative/target_027/result.json,f5f1c81a88a95dd1c436996cc1d061d2a060af664a112a1e5d3237f5d49dd959
artifacts/priority33c/image_recovery/D/dp_per_tensor_for_dna_v1_conservative/target_028/arrays.npz,20e4a02221d45860656f8f2b74da63a27c5a94941f725d484e359015f81cb4cb
artifacts/priority33c/image_recovery/D/dp_per_tensor_for_dna_v1_conservative/target_028/receipt.pt,979ee18ae872e87e357a777acb5b82b56b60284516378cd61961f7241b69a2eb
artifacts/priority33c/image_recovery/D/dp_per_tensor_for_dna_v1_conservative/target_028/result.json,03a38a3b8a36a93d29f8211a703801b27750f18358d95981e835fad9150d42c1
artifacts/priority33c/image_recovery/D/dp_per_tensor_for_dna_v1_conservative/target_029/arrays.npz,ba4095102989ccd3084f7c294b5a0fb996519f62a1cc5d2fa0fa3846adfaeb3e
artifacts/priority33c/image_recovery/D/dp_per_tensor_for_dna_v1_conservative/target_029/receipt.pt,49fb107e427608b4b3ce3b8047bb2df043dc4ef83f206d470b7adef496b226a8
artifacts/priority33c/image_recovery/D/dp_per_tensor_for_dna_v1_conservative/target_029/result.json,f2041ae66b52e05011602d02de229eb2a0553ca9d1690c0831d831a363eff97a
artifacts/priority33c/image_recovery/D/dp_per_tensor_for_dna_v1_conservative/target_030/arrays.npz,92b7e56166dbc649277aa6f956b9d19b71cd2d2d0631d9fd988ee36b1e12c9f5
artifacts/priority33c/image_recovery/D/dp_per_tensor_for_dna_v1_conservative/target_030/receipt.pt,c31f2008d47c4486c514df492c715b18dbae6e20f6fa579807c540a1ca5c48f9
artifacts/priority33c/image_recovery/D/dp_per_tensor_for_dna_v1_conservative/target_030/result.json,214de10d0f3a8ffa7d67907887a16043c3543a2c251f29990eba909417b17407
artifacts/priority33c/image_recovery/D/dp_per_tensor_for_dna_v1_conservative/target_031/arrays.npz,d3c996f61155772dbd9395df5faef18ced62ef1b9c09c3ce8859e76b1045c268
artifacts/priority33c/image_recovery/D/dp_per_tensor_for_dna_v1_conservative/target_031/receipt.pt,1862ed385c41bb830c3df824cdf3ad6385616f6afb6ae95ef166661756ea0c7a
artifacts/priority33c/image_recovery/D/dp_per_tensor_for_dna_v1_conservative/target_031/result.json,8627c55f8a8f12328c5ae6a112f2a3e9129c8793c3ebac9fecf32e7d9c54e2ef
artifacts/priority33c/image_recovery/D/dp_per_tensor_for_dna_v1_conservative/target_032/arrays.npz,41b7da1acade38ed9a645fd216af61d6830e5036371c7c7b2b65eb3b7decc08d
artifacts/priority33c/image_recovery/D/dp_per_tensor_for_dna_v1_conservative/target_032/receipt.pt,c06ea34be515aa889b9ba9c8b8a83466ffabb6abd26b4d82c95393772a1d8fe3
artifacts/priority33c/image_recovery/D/dp_per_tensor_for_dna_v1_conservative/target_032/result.json,aebc03bfb21928e4cddaa14d90ec685e491fd1efd053b48667dcba88a90d98b7
artifacts/priority33c/image_recovery/D/dp_per_tensor_for_dna_v1_conservative/target_033/arrays.npz,65c0748cba886fa91d44631cd8a74e365b98d58eadb0ec2b3c5a925932921d5d
artifacts/priority33c/image_recovery/D/dp_per_tensor_for_dna_v1_conservative/target_033/receipt.pt,c2b0b0a2911b9056a2388caf0269f33548be8be39b942a69d99319a581c427a1
artifacts/priority33c/image_recovery/D/dp_per_tensor_for_dna_v1_conservative/target_033/result.json,688cb3232ff7782de2fd95d69c26b0ab0837082e29d5e3f7bd268a262d3831e5
artifacts/priority33c/image_recovery/D/dp_per_tensor_for_dna_v1_conservative/target_034/arrays.npz,53303a51973a0be384cb3c0d51225462e33ef1d8e909bd7e53eb2b3c6886dacc
artifacts/priority33c/image_recovery/D/dp_per_tensor_for_dna_v1_conservative/target_034/receipt.pt,0bd6768474ae840222139c1b14b6fedc37d34ff55a5a3cd3cf7644b1f1745320
artifacts/priority33c/image_recovery/D/dp_per_tensor_for_dna_v1_conservative/target_034/result.json,1c08a07792f4538c15f0b8fc4eccfab63e65a2bbcb51beaed01bee3df068964f
artifacts/priority33c/image_recovery/D/dp_per_tensor_for_dna_v1_conservative/target_035/arrays.npz,45ee214f81835308e662c6537e24e7c71237b2c3e0a4be294584ad8d0d95b615
artifacts/priority33c/image_recovery/D/dp_per_tensor_for_dna_v1_conservative/target_035/receipt.pt,3ba480a4dede52d8c2c0aaa368e3ea81c24b90593bfb0545b1706e90066ca35d
artifacts/priority33c/image_recovery/D/dp_per_tensor_for_dna_v1_conservative/target_035/result.json,aba93ab5a065246d7829801cf72f8e2267dc09a38d2d58cb72ffb9f671c982a9
artifacts/priority33c/image_recovery/D/dp_per_tensor_for_dna_v1_conservative/target_036/arrays.npz,823020a72c71b0bea75474974d4e13b0d6e48d8a6f7c11da42e65e07ca6d1add
artifacts/priority33c/image_recovery/D/dp_per_tensor_for_dna_v1_conservative/target_036/receipt.pt,b6a2acd701229dc10a41344e003e6812a4cca31c8252767bb37e8a3763f23e3a
artifacts/priority33c/image_recovery/D/dp_per_tensor_for_dna_v1_conservative/target_036/result.json,20f2f6df1dd30cd72bf6fa98f23c193c12fa1884cc7e755127019a1ead8d9b73
artifacts/priority33c/image_recovery/D/dp_per_tensor_for_dna_v1_conservative/target_037/arrays.npz,413b0b52108b628a3805ef9aa390d992629f39e30e5bf0d4711ac849d00a50ff
artifacts/priority33c/image_recovery/D/dp_per_tensor_for_dna_v1_conservative/target_037/receipt.pt,f7c0da1fd8c8104f48588e19d3d886894916d8a33f69e8a18cf7513addc2df2d
artifacts/priority33c/image_recovery/D/dp_per_tensor_for_dna_v1_conservative/target_037/result.json,40de8bb59e795953aa9cce82bc76ffad1174bf95c5c8ff619014886afbdd3e52
artifacts/priority33c/image_recovery/D/dp_per_tensor_for_dna_v1_conservative/target_038/arrays.npz,1d9540f9093770e410157199653f0a9bd9c5c208ab5096794daeb9e5ff894104
artifacts/priority33c/image_recovery/D/dp_per_tensor_for_dna_v1_conservative/target_038/receipt.pt,98b6412f0e30c55d4fb46b76ae1d7721a1f079210a968c15c5c51af94ab4028d
artifacts/priority33c/image_recovery/D/dp_per_tensor_for_dna_v1_conservative/target_038/result.json,86ddecf683ec75a32d07bcc7ef1787fcc1ecdd8d7461200dea8c2e4dd6186c2f
artifacts/priority33c/image_recovery/D/dp_per_tensor_for_dna_v2_0p95/target_000/arrays.npz,d65bb21d616dc63e9a411a5063750df1ed59605932f78218a91c1a400fa1780a
artifacts/priority33c/image_recovery/D/dp_per_tensor_for_dna_v2_0p95/target_000/receipt.pt,a4dcdbf144bbb809476c9ab8b5661ffcc3dd2aa7b98dcdbcda80af2c8aba241d
artifacts/priority33c/image_recovery/D/dp_per_tensor_for_dna_v2_0p95/target_000/result.json,47b83501c5b1a1a9d0c616bf7fd324596b0a9e71121bff7186e5fb0aa5194cec
artifacts/priority33c/image_recovery/D/dp_per_tensor_for_dna_v2_0p95/target_001/arrays.npz,31b215ae3fea671aa0af317fc071c9f59142012d49fb1b89983b49f436cfe81b
artifacts/priority33c/image_recovery/D/dp_per_tensor_for_dna_v2_0p95/target_001/receipt.pt,e04a3d46ce8c688eb5ab30885c7d24c82f33855595a0ece174c2a0fab09de4bf
artifacts/priority33c/image_recovery/D/dp_per_tensor_for_dna_v2_0p95/target_001/result.json,b8a8bb894a2360b348cdba92607e1214675f92ac388c41f3198f14e152294b7f
artifacts/priority33c/image_recovery/D/dp_per_tensor_for_dna_v2_0p95/target_002/arrays.npz,10541946177685dcc3ca74fa49ac1509e0e7177efdbd1915a77a4860a6f7df47
artifacts/priority33c/image_recovery/D/dp_per_tensor_for_dna_v2_0p95/target_002/receipt.pt,fe77f244b0ab07b7fac570e0d25231713a47b0dbea24d192e9b539c211bfd2f6
artifacts/priority33c/image_recovery/D/dp_per_tensor_for_dna_v2_0p95/target_002/result.json,9b9897c43f18a1d29f5087c127b43f94b103e2df92887ac2f071a3aa0a803952
artifacts/priority33c/image_recovery/D/dp_per_tensor_for_dna_v2_0p95/target_003/arrays.npz,ca109e2e11d265f83f563c259ddacb5d6e30e7951fffc9c6b463a79daf4ac3c0
artifacts/priority33c/image_recovery/D/dp_per_tensor_for_dna_v2_0p95/target_003/receipt.pt,fa84306bcb281cdf30c83aee9d310c0fb70340854d4663fabdda43776f23ddfa
artifacts/priority33c/image_recovery/D/dp_per_tensor_for_dna_v2_0p95/target_003/result.json,549359434c024eded874bd909c57af040b1d04ec1f408223f32754c1d7a0b946
artifacts/priority33c/image_recovery/D/dp_per_tensor_for_dna_v2_0p95/target_004/arrays.npz,f2970afdcfa1af66a84f3501b19d3953765b3ee300d8b006e0ccb9b267651312
artifacts/priority33c/image_recovery/D/dp_per_tensor_for_dna_v2_0p95/target_004/receipt.pt,bfe03bfaefc639c858cd21f8a56cf939eded15420a736e2e75ceb442d1c3fcbb
artifacts/priority33c/image_recovery/D/dp_per_tensor_for_dna_v2_0p95/target_004/result.json,62efb01c23e1f319c4544a49b67fb418e236afabc34113176e4b1f228cf3f19a
artifacts/priority33c/image_recovery/D/dp_per_tensor_for_dna_v2_0p95/target_005/arrays.npz,57d977a299b99298232789f9e69e201662bf322d52a6b523a6bd89cf0bffb10b
artifacts/priority33c/image_recovery/D/dp_per_tensor_for_dna_v2_0p95/target_005/receipt.pt,39671cd5cf86b39aecb58c8e3bc85e6941639c65e56ae2fb98984d1604b624a9
artifacts/priority33c/image_recovery/D/dp_per_tensor_for_dna_v2_0p95/target_005/result.json,d16692dac3fc2bbfa8706223d6896d7b0d14b5db0ce48e6ea2fffb476d5a1553
artifacts/priority33c/image_recovery/D/dp_per_tensor_for_dna_v2_0p95/target_006/arrays.npz,b497e260ddd5a9e92036196b79f818b475e4e2f6a6f10ea2adc59e2f9c38f031
artifacts/priority33c/image_recovery/D/dp_per_tensor_for_dna_v2_0p95/target_006/receipt.pt,160ca05102991effdba64067b03c1ccc1005dc6e8f4ce879f4fc7baed0552103
artifacts/priority33c/image_recovery/D/dp_per_tensor_for_dna_v2_0p95/target_006/result.json,eaa522d8ea6497e6aa357e4e710f7fe22334799c889a5982eaf73c0c09e32726
artifacts/priority33c/image_recovery/D/dp_per_tensor_for_dna_v2_0p95/target_007/arrays.npz,7eefa60a6394e957310ed75e65e725de489dad968a72ad18d2f26598f8f6e24c
artifacts/priority33c/image_recovery/D/dp_per_tensor_for_dna_v2_0p95/target_007/receipt.pt,ae3a14a7482b3fadab18c1b02f3a1789372db16e43e3cbfc43b4f7bb6a174f53
artifacts/priority33c/image_recovery/D/dp_per_tensor_for_dna_v2_0p95/target_007/result.json,709f7dc5718062f56a0fa290ee6954a79364a0c96e6f5f154e37afd9e00fd0d2
artifacts/priority33c/image_recovery/D/dp_per_tensor_for_dna_v2_0p95/target_008/arrays.npz,715ea885eb1ecb0cb020b533948681cea321424e14771a01e6475b03c3c6fa3c
artifacts/priority33c/image_recovery/D/dp_per_tensor_for_dna_v2_0p95/target_008/receipt.pt,ac3f7c834de852745c6b0206fe6a0154796dbf5416172fc0cfb0c1c9a157d080
artifacts/priority33c/image_recovery/D/dp_per_tensor_for_dna_v2_0p95/target_008/result.json,685865134c7fff5f83bcf3c4cbe72ef1a55aec6d648f3920cab2382aad2bdd2d
artifacts/priority33c/image_recovery/D/dp_per_tensor_for_dna_v2_0p95/target_009/arrays.npz,e51d84753ced8862f625b9bc25e4f73fa45801bc3df8dbd7e9f143c60ea78d9f
artifacts/priority33c/image_recovery/D/dp_per_tensor_for_dna_v2_0p95/target_009/receipt.pt,bbda88f661b202140e4678daf0dab622049c702a084c12ddcba128998cf5f071
artifacts/priority33c/image_recovery/D/dp_per_tensor_for_dna_v2_0p95/target_009/result.json,49086da87385e44390978ca8d4db57d735de2194913d34bcc42bd113fc86affa
artifacts/priority33c/image_recovery/D/dp_per_tensor_for_dna_v2_0p95/target_010/arrays.npz,c8af241a88c9606d15a742199cd56adb905cc4e8d539883f4cadfdb967374014
artifacts/priority33c/image_recovery/D/dp_per_tensor_for_dna_v2_0p95/target_010/receipt.pt,3f983e31ab0202dd404dd517cba549f58233a36c168b12b9a54f8fb71044c8a8
artifacts/priority33c/image_recovery/D/dp_per_tensor_for_dna_v2_0p95/target_010/result.json,faea467f54044b7c1ccb402a36b59ddf8cf148461d0c46df3e8c2cc28f41c4f1
artifacts/priority33c/image_recovery/D/dp_per_tensor_for_dna_v2_0p95/target_011/arrays.npz,66f4b42cfb2a5cb05d4077032f8427dfb66d8717eceb70ae7de7ef1cad577814
artifacts/priority33c/image_recovery/D/dp_per_tensor_for_dna_v2_0p95/target_011/receipt.pt,12d2c290af4d0309e718c333fd4637f09d1046b40823fcc08f1341520f57c12c
artifacts/priority33c/image_recovery/D/dp_per_tensor_for_dna_v2_0p95/target_011/result.json,31d9528da8faf77d364ca1dbd83fe9ed254bc7af41b0731cd3c6a9475910721b
artifacts/priority33c/image_recovery/D/dp_per_tensor_for_dna_v2_0p95/target_012/arrays.npz,9d07ba249b6ef68ce9f6cf6bc032a4341543df6972f76e8b88deb2b51df1c218
artifacts/priority33c/image_recovery/D/dp_per_tensor_for_dna_v2_0p95/target_012/receipt.pt,96d2f5a2c891b0749ebe77076c016fec6c14e55f99b0c8dc5f0366cbadc2be83
artifacts/priority33c/image_recovery/D/dp_per_tensor_for_dna_v2_0p95/target_012/result.json,039531f70cc37233fd797ba5f4e9c7d76912716afabee014c49f628a335001d3
artifacts/priority33c/image_recovery/D/dp_per_tensor_for_dna_v2_0p95/target_013/arrays.npz,04a553da3c9cc2229163a5c89e8c32e32c63a8ca0d84bfcc5c9fd2cf04bec4a2
artifacts/priority33c/image_recovery/D/dp_per_tensor_for_dna_v2_0p95/target_013/receipt.pt,d7c0fcc9108016ac9240182965d24ff2039fd350a838e98a0aee51a0e5ff8a24
artifacts/priority33c/image_recovery/D/dp_per_tensor_for_dna_v2_0p95/target_013/result.json,d652ebce102a065ba8bd7297d78fe5d950a0ac20eeb7c7be877cc904508791a3
artifacts/priority33c/image_recovery/D/dp_per_tensor_for_dna_v2_0p95/target_014/arrays.npz,1752814d576abdfb05f75044824db548ea94f124fa4bc44e49dfbf80df456113
artifacts/priority33c/image_recovery/D/dp_per_tensor_for_dna_v2_0p95/target_014/receipt.pt,a7d77fd439458981318a8205e8e2fbbc483d7c57e5913bb79136bf1a3088d968
artifacts/priority33c/image_recovery/D/dp_per_tensor_for_dna_v2_0p95/target_014/result.json,9bddc8379d24c53b4ccce94463b700728001c16d17b157fa5ba865e3c4037f0d
artifacts/priority33c/image_recovery/D/dp_per_tensor_for_dna_v2_0p95/target_015/arrays.npz,bf5f7c32cfb28cb91578f18fdfeb5e24fac60061a26e2bb1e1015302f592475d
artifacts/priority33c/image_recovery/D/dp_per_tensor_for_dna_v2_0p95/target_015/receipt.pt,d8651e9f1544bd04e011602e2af305e99681b0290b1986992c8d287e32043d4e
artifacts/priority33c/image_recovery/D/dp_per_tensor_for_dna_v2_0p95/target_015/result.json,ba31fa0025829807b8ce7e3a353d96c31050f7e5ecfcd48e27f109893835380d
artifacts/priority33c/image_recovery/D/dp_per_tensor_for_dna_v2_0p95/target_016/arrays.npz,36180a9d4042d3804a7e2673e765366ee5dbb2740df00f9b7c2457fe2b8e0145
artifacts/priority33c/image_recovery/D/dp_per_tensor_for_dna_v2_0p95/target_016/receipt.pt,886240e54669218b2424686ff8d2d2129a1c5cce0ea8e80e9c4fef607104c2f9
artifacts/priority33c/image_recovery/D/dp_per_tensor_for_dna_v2_0p95/target_016/result.json,48371d150ddea7b89e7083dbe6f7373742769136b192c400c593590d8f994da8
artifacts/priority33c/image_recovery/D/dp_per_tensor_for_dna_v2_0p95/target_017/arrays.npz,abd39dd3a82e853acbcc3fd0c5e47ed21dec29b54c3abf9c7b76a386a89258ad
artifacts/priority33c/image_recovery/D/dp_per_tensor_for_dna_v2_0p95/target_017/receipt.pt,567fc403ed45c240442a4b9e9fbb0703b1a631303a5a16daae8b4d30f79a6479
artifacts/priority33c/image_recovery/D/dp_per_tensor_for_dna_v2_0p95/target_017/result.json,4f3fdf46755065dd29fe0b8c1b8210f5349bb617c0fa03d16880ea4f4765f676
artifacts/priority33c/image_recovery/D/dp_per_tensor_for_dna_v2_0p95/target_018/arrays.npz,c5f1e12b54fdd943016b3d28d36e78c28709a75e919b0ae9337ebc28f4ec5703
artifacts/priority33c/image_recovery/D/dp_per_tensor_for_dna_v2_0p95/target_018/receipt.pt,9dc534ae4fe473953631a9ee4d2bc71e3bcfd4e0cefc0f8641b2fc3363d3ab89
artifacts/priority33c/image_recovery/D/dp_per_tensor_for_dna_v2_0p95/target_018/result.json,f9cc86f9530bf97306c502939ed12ff2df80ab9c518e021bd0ac1b8edb739fb2
artifacts/priority33c/image_recovery/D/dp_per_tensor_for_dna_v2_0p95/target_019/arrays.npz,ba03a4fdfc4bc5753458e6c1e72a3edb89e614518d2bf0a0a10302e729e9969b
artifacts/priority33c/image_recovery/D/dp_per_tensor_for_dna_v2_0p95/target_019/receipt.pt,a31db2a1e70b0ec26d0a5b2f81e706c89f09dcfc815c3bf9a1b27daab1660785
artifacts/priority33c/image_recovery/D/dp_per_tensor_for_dna_v2_0p95/target_019/result.json,bf828a62e95cdee5b64c97ba4b9d893263f47a60e775b03b25cae07e769edda0
artifacts/priority33c/image_recovery/D/dp_per_tensor_for_dna_v2_0p95/target_020/arrays.npz,c082d2bf28c1776d76460b597ce1776e63bc965193e449b39be80aec62bf61ca
artifacts/priority33c/image_recovery/D/dp_per_tensor_for_dna_v2_0p95/target_020/receipt.pt,fd908e6bf5ae1826ed8a60d4d845758e41b5a588752f2303cf3e1cd173363d84
artifacts/priority33c/image_recovery/D/dp_per_tensor_for_dna_v2_0p95/target_020/result.json,5c70627287742c35c60cccf497b37c7b1c20e7729805ac9683857bb46afaea6d
artifacts/priority33c/image_recovery/D/dp_per_tensor_for_dna_v2_0p95/target_021/arrays.npz,d7dacfd151c390170c3f2bb21e4f0835f1a9b630ccd8d53d2a6c4ac9bab53b32
artifacts/priority33c/image_recovery/D/dp_per_tensor_for_dna_v2_0p95/target_021/receipt.pt,d7eb50ff471df258338f4490cb77a7bacb7ebae8b341fc5e000f36a87094e114
artifacts/priority33c/image_recovery/D/dp_per_tensor_for_dna_v2_0p95/target_021/result.json,a695da7af5bd8cca569fef5baec21bc91d0849d921b8f0415da7932d38f1a75d
artifacts/priority33c/image_recovery/D/dp_per_tensor_for_dna_v2_0p95/target_022/arrays.npz,49fdd865e304c14753f8e3dc165f01ea5031cb52e09486ce7fa106e85dd62c38
artifacts/priority33c/image_recovery/D/dp_per_tensor_for_dna_v2_0p95/target_022/receipt.pt,6541e8f7f95d9f0d57b29eaf8bbc9d67b9b1572c6679bf2006d174728eb32664
artifacts/priority33c/image_recovery/D/dp_per_tensor_for_dna_v2_0p95/target_022/result.json,005b1891165b8882f3dfedd7a209d1ee498a8d3fa02dc16c002f292be3dc0e29
artifacts/priority33c/image_recovery/D/dp_per_tensor_for_dna_v2_0p95/target_023/arrays.npz,0f2b3d90a4509f5242ed879d16c080504361804ca1930324431e4e4feeaa1043
artifacts/priority33c/image_recovery/D/dp_per_tensor_for_dna_v2_0p95/target_023/receipt.pt,c6ca33e3d092adec8e900edffe7c1fc8f56a9b9ea2de3809f39631e9e39d0ae8
artifacts/priority33c/image_recovery/D/dp_per_tensor_for_dna_v2_0p95/target_023/result.json,b0d276c8912ff03a0451ae8c721eb28cecbf7b4b06a5f88290b11f9e9dd7591c
artifacts/priority33c/image_recovery/D/dp_per_tensor_for_dna_v2_0p95/target_024/arrays.npz,20c6faf9f4c65296bedf56a6241e3f4b7391ffa8e7774720bb097002d873dd71
artifacts/priority33c/image_recovery/D/dp_per_tensor_for_dna_v2_0p95/target_024/receipt.pt,4e2546fe15bb9dc372b64bc711f66628a21534dd2bde66488f7ba58243de2b87
artifacts/priority33c/image_recovery/D/dp_per_tensor_for_dna_v2_0p95/target_024/result.json,162f8c42ee622792055ce124aa35a96b936fb40e56bb4014100e3d64a748b7ef
artifacts/priority33c/image_recovery/D/dp_per_tensor_for_dna_v2_0p95/target_025/arrays.npz,45bbbd33b21a085f0e55f7ca27e02920f87b68e7abcfc1dc9d24a5989eb2fdcd
artifacts/priority33c/image_recovery/D/dp_per_tensor_for_dna_v2_0p95/target_025/receipt.pt,6ce3e1ef048b0ce71e79d47b6093c5cc205c73b37f181356765c5906122ebba5
artifacts/priority33c/image_recovery/D/dp_per_tensor_for_dna_v2_0p95/target_025/result.json,4ec12f3be64ba7f276cee956f9e95f5d31021bc0ea3a1fbe2a4d602164986899
artifacts/priority33c/image_recovery/D/dp_per_tensor_for_dna_v2_0p95/target_026/arrays.npz,56d57cb0b2bbebc69e2ae502a1146cd0bb4b93a851e50b337dd3276aad7849d8
artifacts/priority33c/image_recovery/D/dp_per_tensor_for_dna_v2_0p95/target_026/receipt.pt,a5b2f96c0e382c3888e82282595ee7e8096d9aba01d9a4d110e5551f5711ce96
artifacts/priority33c/image_recovery/D/dp_per_tensor_for_dna_v2_0p95/target_026/result.json,44fcd6ca69bfb6c9365ab5dc0714fad4e62a9e7c3314cc217d3ddf2ca12f0159
artifacts/priority33c/image_recovery/D/dp_per_tensor_for_dna_v2_0p95/target_027/arrays.npz,ec24ab67a75202a05a1f6806eaf062cdf35bcf3625e5a8cc0cfbeae0955fd68f
artifacts/priority33c/image_recovery/D/dp_per_tensor_for_dna_v2_0p95/target_027/receipt.pt,d178dee113996f68dba82ec6a22213b90a115b6675a130cbbc1960e4f61f43f9
artifacts/priority33c/image_recovery/D/dp_per_tensor_for_dna_v2_0p95/target_027/result.json,7e2967f27f0c77bc3178a79e1850ddce706696a02db606aa4151869704c71be1
artifacts/priority33c/image_recovery/D/dp_per_tensor_for_dna_v2_0p95/target_028/arrays.npz,416af4476dd33d6b8cbd1b4b2a70192e8e33dec105f3d62e5bd569e685b79c95
artifacts/priority33c/image_recovery/D/dp_per_tensor_for_dna_v2_0p95/target_028/receipt.pt,c2b13287a16e6de50279d735a91f18d70fcfafd38dc5a9dc6e69e808092b9077
artifacts/priority33c/image_recovery/D/dp_per_tensor_for_dna_v2_0p95/target_028/result.json,c5ec05346a017c284ba0b85aaa026f7b285ee2d81c93aca4823ff6787787dcb8
artifacts/priority33c/image_recovery/D/dp_per_tensor_for_dna_v2_0p95/target_029/arrays.npz,60ac3ea05ff0804fda7502bda6d7974b208923027666f5ddb423231638ea1396
artifacts/priority33c/image_recovery/D/dp_per_tensor_for_dna_v2_0p95/target_029/receipt.pt,7335fc5483324d6ed338d928942c5ff829d79c3d4ecdfb7e470590a93e498c48
artifacts/priority33c/image_recovery/D/dp_per_tensor_for_dna_v2_0p95/target_029/result.json,537eedb40b66e4cdaf100f4da6df51c528d38a14e415a7c22e44ff4ae52d0969
artifacts/priority33c/image_recovery/D/dp_per_tensor_for_dna_v2_0p95/target_030/arrays.npz,fc4d148d3930d8b673c2b68764f040593ae931b0ef9231d72231e57fda056982
artifacts/priority33c/image_recovery/D/dp_per_tensor_for_dna_v2_0p95/target_030/receipt.pt,6c3120523b8ae3a6703626fdbd580c342227abe2d7a946ed40dd6ca01e406bfb
artifacts/priority33c/image_recovery/D/dp_per_tensor_for_dna_v2_0p95/target_030/result.json,a4120d0cceb1195c3af93a91183f8e525b82fb3b4086e10d66268d1083e347b9
artifacts/priority33c/image_recovery/D/dp_per_tensor_for_dna_v2_0p95/target_031/arrays.npz,663fd2e42a5b5bd20266228df2e392a9bd9f7bc1adfc7978f24a6740133e957e
artifacts/priority33c/image_recovery/D/dp_per_tensor_for_dna_v2_0p95/target_031/receipt.pt,10217a4cd44cd87519c98cf2cb9e3049bb5a59e6aef598d9f7428d5f3323879d
artifacts/priority33c/image_recovery/D/dp_per_tensor_for_dna_v2_0p95/target_031/result.json,a9db6ed88b50f22cda70da3dc36654756007c3f66b27eb9a3a99157b205b3ba8
artifacts/priority33c/image_recovery/D/dp_per_tensor_for_dna_v2_0p95/target_032/arrays.npz,2408b6fec963b61da1c876940019a173c695cb4a4e21a13b802ac12acb72b129
artifacts/priority33c/image_recovery/D/dp_per_tensor_for_dna_v2_0p95/target_032/receipt.pt,55196aaa7bab4ab7ef4347bfc4123cecb4824c49b6717a88e41550442678c850
artifacts/priority33c/image_recovery/D/dp_per_tensor_for_dna_v2_0p95/target_032/result.json,260c8321d802fe0cf64b12842f41d882ad0e89cd3a5ac37c2f95d78ef34706a9
artifacts/priority33c/image_recovery/D/dp_per_tensor_for_dna_v2_0p95/target_033/arrays.npz,79bdcfb85cd8096524998cd20093931fdc0f8f1c2b5a00dc2337c9af31f179b3
artifacts/priority33c/image_recovery/D/dp_per_tensor_for_dna_v2_0p95/target_033/receipt.pt,e778f22803dc573d84bccb33d8930ac17e501ac631a5efa8d4e9d04d04d80a78
artifacts/priority33c/image_recovery/D/dp_per_tensor_for_dna_v2_0p95/target_033/result.json,32c2b1ed8254c4a74f0ac82a3009873a0cb268f915ad5fc5eb159d54aa1e84cc
artifacts/priority33c/image_recovery/D/dp_per_tensor_for_dna_v2_0p95/target_034/arrays.npz,a2cc31a701800df4ee6d7e85f931bd687f37756885f40e3c524905aff550a08b
artifacts/priority33c/image_recovery/D/dp_per_tensor_for_dna_v2_0p95/target_034/receipt.pt,27e5cdadb30dda962f2db8156c747ed0fc0caa780a636092681cef815b93135d
artifacts/priority33c/image_recovery/D/dp_per_tensor_for_dna_v2_0p95/target_034/result.json,5d9465ff416eba0e5e88c30c6164fe42e4bb2763bbd1d58b267abaed65ba3805
artifacts/priority33c/image_recovery/D/dp_per_tensor_for_dna_v2_0p95/target_035/arrays.npz,80e25cd7f3e6d81cb4b7e3b0ae50f3bbccbd96d1b836bb627f55f94030d5e7af
artifacts/priority33c/image_recovery/D/dp_per_tensor_for_dna_v2_0p95/target_035/receipt.pt,c4ef830aa9d1d1a0a6371e7960d1dbbe7da4b457a52cbfe74602e792124797a8
artifacts/priority33c/image_recovery/D/dp_per_tensor_for_dna_v2_0p95/target_035/result.json,1c2c171ebd1ed7f478fd8d0aed57ad97e08a1facb2e53376cbac49adaae3209b
artifacts/priority33c/image_recovery/D/dp_per_tensor_for_dna_v2_0p95/target_036/arrays.npz,1e37b1dfb5bbc6be00b1d1778840b98bb7594c774fdc1077cade4737ec78cb05
artifacts/priority33c/image_recovery/D/dp_per_tensor_for_dna_v2_0p95/target_036/receipt.pt,0b0fd3cf38402db26abd8a333c247b26527d0e431da89403a66cd218d60b2cb3
artifacts/priority33c/image_recovery/D/dp_per_tensor_for_dna_v2_0p95/target_036/result.json,4834da0ab3964e42a87e51f8ff3dc27ab144f7d9bd082ab826b3b0af6ee353c5
artifacts/priority33c/image_recovery/D/dp_per_tensor_for_dna_v2_0p95/target_037/arrays.npz,4731d98b71544ca1a2e31fd998ed041b719740c1f3f15fd828cd5645b7a58b45
artifacts/priority33c/image_recovery/D/dp_per_tensor_for_dna_v2_0p95/target_037/receipt.pt,da6b06056a2c224dd5c15516fcf30944c2b67002fb2aede7515f095dfffe95fe
artifacts/priority33c/image_recovery/D/dp_per_tensor_for_dna_v2_0p95/target_037/result.json,74e7fb275ded427e7db62d5613ec2f1bfcb9b0e0bb4a66ea9445841434360d5a
artifacts/priority33c/image_recovery/D/dp_per_tensor_for_dna_v2_0p95/target_038/arrays.npz,c6ee7b2973b1dec288b46ee1553dd036c5ed6c72dd9b5c113cb6d2c9cec720a5
artifacts/priority33c/image_recovery/D/dp_per_tensor_for_dna_v2_0p95/target_038/receipt.pt,0fc249483af7e7214b800d501009666deed62353eacfc663c2372037c978b4e8
artifacts/priority33c/image_recovery/D/dp_per_tensor_for_dna_v2_0p95/target_038/result.json,d733ed45c66f05ea770675f8143302cd98e6fb3053fe9d0b0a4a5008736843ac
artifacts/priority33c/image_reused_utility.json,e652709bc30f857a985cda92e4268333794b65c997c309ee44bc06f17f419416
artifacts/priority33c/image_targets.json,4feaf0689facc93554c6edab9fe0cd607a2af33490b6b5be38ffbc1840c8f972
artifacts/priority33c/image_utility/dna_v1_medium/seed_51016.json,38d812ce33a9c0411ac744a64672b1ec4bfabc12a162540078c27b0c0bfc57f7
artifacts/priority33c/image_utility/dna_v1_medium/seed_51017.json,9996d04a4289ab7eb30df29dd115fb71172b826227da95c2c096fe848120cdaf
artifacts/priority33c/image_utility/dna_v1_medium/seed_51018.json,9890117884107de8df25c432bc04a4fb7f0105e5a0ba40fecd6a267e37f42b9a
artifacts/priority33c/image_utility/dna_v1_medium/seed_51019.json,68950f6ceb2f5e88ef883887122e9b9cc588fe5e5d09759eed10af205dd0bd57
artifacts/priority33c/image_utility/dna_v1_medium/seed_51020.json,416c2418e4e20f6288bfe6de73d16a4f7e1281b2d87461c173d3e2f7b2e034ca
artifacts/priority33c/image_utility/dna_v1_medium/seed_51021.json,a2887c78e233440934393fcb8945c52ea0feed94922e2731124e275707aed4f7
artifacts/priority33c/image_utility/dna_v1_medium/seed_51022.json,80c3c4dc96aca8ae397055dc556e452546edcb19dfbc4bb7b4584bca9c298d2e
artifacts/priority33c/image_utility/dna_v1_medium/seed_51023.json,0d52d7aed2d4698b3eec17d4a781c09979424a68ee4da1f95b07b522ec27bc0e
artifacts/priority33c/image_utility/dna_v1_medium/seed_51024.json,25ed0739f516447eff98c5e82b70cb7f3f23f2c2cc4eebf51646c2e7124d72ec
artifacts/priority33c/image_utility/dna_v1_medium/seed_51025.json,6dfbfae9f7fa3e09eb9d652e69406d70556f842ca9212d586114cccc1d9daa20
artifacts/priority33c/image_utility/dna_v1_medium/seed_51026.json,62fc61d2658e6aa32cf8e2a21ffa79ccd8901b290dd7b5d858f5885823ceae3a
artifacts/priority33c/image_utility/dna_v1_medium/seed_51027.json,97fe439d734eb2da2053526d98dbafc6f1f53b540f7cb43d9d226b42ed53d0e4
artifacts/priority33c/image_utility/dna_v1_medium/seed_51028.json,585a83e6283125b10bebe51ed4b9d5ea624692a8238f469300002bfe50fcb7e4
artifacts/priority33c/image_utility/dna_v1_medium/seed_51029.json,eafdfbece21716e9944ea146db779a5c3839ca683064463dbdcc8487113abd46
artifacts/priority33c/image_utility/dna_v1_medium/seed_51030.json,9893a475405a4afcca8d83eedf833fdcc8fe269e8386840f0f72f57439d2f9a8
artifacts/priority33c/image_utility/dna_v1_medium/seed_51031.json,9a109842fcd166691f2d4afc3688781dc9b720009aa9ab36731e0eebbda84c16
artifacts/priority33c/image_utility/dna_v1_stronger/seed_51016.json,c54301bbe86a32fa356de7537cc523214e83c8393f95c10d261f87490e10da63
artifacts/priority33c/image_utility/dna_v1_stronger/seed_51017.json,dc44c73f9f1a7a86a2c499aefb3a23be7594ae7712fb6d11dd5793a74e5f31e8
artifacts/priority33c/image_utility/dna_v1_stronger/seed_51018.json,c5d91e808b592955872c4ea08b9bbc43e2172271f5b2cfb0eadc18d556319cf5
artifacts/priority33c/image_utility/dna_v1_stronger/seed_51019.json,50fb4022357361d8d281014866466a998c4b7ebb95b366aadd1da876ec08b6f1
artifacts/priority33c/image_utility/dna_v1_stronger/seed_51020.json,11ffae15fca58fdab4908238d4fa204f65bdee96363c013f46d67832cc6d58ae
artifacts/priority33c/image_utility/dna_v1_stronger/seed_51021.json,178cc2abeee6d43ef83bfb823357bce9a18c4c58145d40619100dbd19f1aa6d5
artifacts/priority33c/image_utility/dna_v1_stronger/seed_51022.json,b9dbe68ea15981f842b32a832bb3c36fbcac096f4b799b3a57c4de69d2d960da
artifacts/priority33c/image_utility/dna_v1_stronger/seed_51023.json,24b5cf1cac274cb765b5a2a552edb3170d79c283676967885cff6d3c82479850
artifacts/priority33c/image_utility/dna_v1_stronger/seed_51024.json,a9ea80154e0b6a12e2b8ca759407c26579ff6d104a538ff3de6dcdcf94f9938f
artifacts/priority33c/image_utility/dna_v1_stronger/seed_51025.json,2b3c93e2dce18edf6956fe7f2c2b5f68d7f64a18df4af1f77e3585c1a83d6fb4
artifacts/priority33c/image_utility/dna_v1_stronger/seed_51026.json,55ecb30dbe8137af88878bc092da7475797638c8423693ed8c14a0c58d61e258
artifacts/priority33c/image_utility/dna_v1_stronger/seed_51027.json,205aaf9fd26887ed754d97d73cfac6546f28d357b3300874619e4a65c558cceb
artifacts/priority33c/image_utility/dna_v1_stronger/seed_51028.json,de729ebc63437ddb8bf5463875f449a2ce93371333c184513968fd4870c24abb
artifacts/priority33c/image_utility/dna_v1_stronger/seed_51029.json,832337667473d6891286f8a70e808676c56eaed71696af5708c26a43dfa08c23
artifacts/priority33c/image_utility/dna_v1_stronger/seed_51030.json,521cc6c7a8b40058964202f9c3fdb3f81e7342c25a5927c096aefbcba5f31ff4
artifacts/priority33c/image_utility/dna_v1_stronger/seed_51031.json,326fba481cbad51f787ce2561e4f49caad685479d2fad66e1ba6fb7ee45e6488
artifacts/priority33c/image_utility/per_tensor_dp_0.0001/seed_51016.json,8e9c1856d0e36eae9f714d3bf6b8fc064cbb755389511d3cf0998e343f9535d0
artifacts/priority33c/image_utility/per_tensor_dp_0.0001/seed_51017.json,076f2b46dc6324e2d88ef50b1369f70271737488ccf862ecd406e63c6cb861e7
artifacts/priority33c/image_utility/per_tensor_dp_0.0001/seed_51018.json,48d756b63f835e3a25d198ab9afb795d5d08ce9e4478d7083b9928a31f1a09ed
artifacts/priority33c/image_utility/per_tensor_dp_0.0001/seed_51019.json,95d3cca2f58f989a671598916f115f78b206da43df402cc2bff6ee85ec322241
artifacts/priority33c/image_utility/per_tensor_dp_0.0001/seed_51020.json,4656d88a1a67e0c120a579bb65db3fa950694af3a360c3f3d45657e0efb8ec96
artifacts/priority33c/image_utility/per_tensor_dp_0.0001/seed_51021.json,f80f6540f08da41ef7ebe57c7aa7eaafb3a6a1f897b22db664b4136c296cdb2a
artifacts/priority33c/image_utility/per_tensor_dp_0.0001/seed_51022.json,4f1b1a8328c0413dc09b0041c6dec4308adcb2ce36ac8951fbfb1033bf324b93
artifacts/priority33c/image_utility/per_tensor_dp_0.0001/seed_51023.json,2206ecd1ddb70708ed9d9df908d9b14136a5a68ab6cdc86d16f66e2d576d502e
artifacts/priority33c/image_utility/per_tensor_dp_0.0001/seed_51024.json,d383183e20f2d9304e806d25d2fc4e0b05ec63001b2620de2452ea76e16c96b5
artifacts/priority33c/image_utility/per_tensor_dp_0.0001/seed_51025.json,ad1ec4e5c41cc53e5ea6af173a5de6de8bb4b01b2c512dffd3f68c6c595bf94a
artifacts/priority33c/image_utility/per_tensor_dp_0.0001/seed_51026.json,76b0f3bfc0ec65c7b4e8b5fca15646706e958fdf8ab8fab4a967ab14217dcdbe
artifacts/priority33c/image_utility/per_tensor_dp_0.0001/seed_51027.json,7f2fa23cd8f3f0fab38dec16ad90fa45af7e756e8a613387b3483208c87b1462
artifacts/priority33c/image_utility/per_tensor_dp_0.0001/seed_51028.json,7e0659803525ae70bb212463de862577957ca69923f916b339a56fdd263783e1
artifacts/priority33c/image_utility/per_tensor_dp_0.0001/seed_51029.json,e8bd5650efa17e671362b40ca57291832fd7acf62c47d19def355a5cffaf9362
artifacts/priority33c/image_utility/per_tensor_dp_0.0001/seed_51030.json,c5da973a82d7675ca010639d95466d1be7549a40efacd66bd0c94039b7b0b4a4
artifacts/priority33c/image_utility/per_tensor_dp_0.0001/seed_51031.json,3111a9a13a2fea1e7dfe1b963e40b984c2609e4780ea71e64b0ed9f8d6440e83
artifacts/priority33c/image_utility/per_tensor_dp_0.0003/seed_51016.json,9113ad8b3f9d137213866c344273f80b86473b4cca89c19f2b1b23da1cc8ffcd
artifacts/priority33c/image_utility/per_tensor_dp_0.0003/seed_51017.json,074e196cbaaf0688016df2303ab729477b11cd74e4416f9ece3f79ae9b88ba4f
artifacts/priority33c/image_utility/per_tensor_dp_0.0003/seed_51018.json,e4ed9418955965a9fe1e8f3a6084cf0e05b6d76811393b5c365cbc3af9f34cd6
artifacts/priority33c/image_utility/per_tensor_dp_0.0003/seed_51019.json,ffd703bc224391cbab07e375a931bb70bac0033ad8d3d28b70923e686c977c78
artifacts/priority33c/image_utility/per_tensor_dp_0.0003/seed_51020.json,8d19c40d48f992e4b6134e1d1480574d55b5138477b8f90201da595076677da3
artifacts/priority33c/image_utility/per_tensor_dp_0.0003/seed_51021.json,20cfaf96b510858d21b204e1171525918487b9159a4ab2948f4cb7145c1fd53c
artifacts/priority33c/image_utility/per_tensor_dp_0.0003/seed_51022.json,6124c65f2e895c6a5b14a0cd8a233a53e7ad1b6767a8fc027c8dcd2d327999db
artifacts/priority33c/image_utility/per_tensor_dp_0.0003/seed_51023.json,6b59ab48a23d21bac7c227cc6f6e92be2322bd4157b3b31ca56851796d034226
artifacts/priority33c/image_utility/per_tensor_dp_0.0003/seed_51024.json,8e2750fc46182602d0920bc16f13d3b1e1c8b7523b013fcea7467c4990dd6241
artifacts/priority33c/image_utility/per_tensor_dp_0.0003/seed_51025.json,a1c672185d251574f484daf8f1e22ce6b5abd1fdc6020246182dcc868e8d6309
artifacts/priority33c/image_utility/per_tensor_dp_0.0003/seed_51026.json,65b57604207e5e1022a99004df088251092795346eeff0350aaec3b49cded7f6
artifacts/priority33c/image_utility/per_tensor_dp_0.0003/seed_51027.json,dd497ca40cf989fe9172f66963699b4e757b57f3c9911937e8b160a79a1b9caf
artifacts/priority33c/image_utility/per_tensor_dp_0.0003/seed_51028.json,c85c860f718eb51739fbb2b5f585ff5aaecd35f230d0df3ed3529de9fac84512
artifacts/priority33c/image_utility/per_tensor_dp_0.0003/seed_51029.json,904a78dc31e14be805af19869932994dd76ca4181b3f7c6bd437e19b8648e38b
artifacts/priority33c/image_utility/per_tensor_dp_0.0003/seed_51030.json,7fd9b7fc14875cc24336b14edac3282e9acb1c692cfcedcee54c059ed228f1b2
artifacts/priority33c/image_utility/per_tensor_dp_0.0003/seed_51031.json,7aee3a803db8bc6a19cb6b86e48a7d972b76e06923dbb52eafe04fea4aecda2a
artifacts/priority33c/image_utility/per_tensor_dp_0.001/seed_51016.json,6710e6a636e3aa0ce9fa49e589607057a649e1363a269146d80930069419a6e5
artifacts/priority33c/image_utility/per_tensor_dp_0.001/seed_51017.json,45f263201195c049b69e8369ce9994690c329c17130ebd6276d052690e6870eb
artifacts/priority33c/image_utility/per_tensor_dp_0.001/seed_51018.json,7f7f20bb67ac271b55401c266ddbedd9c557eae1030a25812250b81f5038ffb3
artifacts/priority33c/image_utility/per_tensor_dp_0.001/seed_51019.json,c537ab7bd7314eec62377fc896249fca26809abc72a7120968db7378d2eff693
artifacts/priority33c/image_utility/per_tensor_dp_0.001/seed_51020.json,0e3ad2eb594eae2aed67ac87f443cca1aba15129acc29a41b0e8bd7f8d28f120
artifacts/priority33c/image_utility/per_tensor_dp_0.001/seed_51021.json,98069f521b4667a61c123f98c91af26bc6c786c43d484f8c75305e875d23f1b6
artifacts/priority33c/image_utility/per_tensor_dp_0.001/seed_51022.json,7a9cace1a74a9a7f7ce436733c5f075a4772f1a2557e79ba31a31db71046213e
artifacts/priority33c/image_utility/per_tensor_dp_0.001/seed_51023.json,653737857d90061fcded5036f6eecc41b58ebd692942920674bb0d83927ed119
artifacts/priority33c/image_utility/per_tensor_dp_0.001/seed_51024.json,b70e2d34bde548102107edef0e5c940f709374839f473da9f3c3d1bf9bbe7903
artifacts/priority33c/image_utility/per_tensor_dp_0.001/seed_51025.json,0387c124482dcc9896a63fbf10bdb9e3c9aa39596647d8f789fb0b1616f95803
artifacts/priority33c/image_utility/per_tensor_dp_0.001/seed_51026.json,1d64e847eb4f0da3fb325f6885ad893da17d05c3a38fadaf45df8ef3051542f2
artifacts/priority33c/image_utility/per_tensor_dp_0.001/seed_51027.json,3d792fce04f8cdf6139a7f973f00f85a1841214bc16f00b19cd7dbf39b347cd8
artifacts/priority33c/image_utility/per_tensor_dp_0.001/seed_51028.json,1e3fd3c053dd277de01e3fe1a76f99ee782f580d6cdd2906f6e45cd4534f7c2e
artifacts/priority33c/image_utility/per_tensor_dp_0.001/seed_51029.json,be789ef3419af25c80ad6f4767892f57f09e85b47f83c07256a6a2a1f99c6159
artifacts/priority33c/image_utility/per_tensor_dp_0.001/seed_51030.json,75ec39caa5e89ef1d96f3ce8ddb56423a2baa58532eb2e50a5850ce41a4eb672
artifacts/priority33c/image_utility/per_tensor_dp_0.001/seed_51031.json,93fba428ca15ed723b3d47eb75ef2ba8edd82d610415f3092da59ce86062c7f1
artifacts/priority33c/image_utility/per_tensor_dp_0.003/seed_51016.json,a9fc15d1e14e8d9c722a28caf7b51cf21357c12f83929f4579739585918781f9
artifacts/priority33c/image_utility/per_tensor_dp_0.003/seed_51017.json,b819332f6ba162b46ed161cc6cc5d50ea7421ea5b3cdf27ac0a9de743ac60354
artifacts/priority33c/image_utility/per_tensor_dp_0.003/seed_51018.json,fa37db33a0ab06b78e79c3cff522f1d979f5dfc44f37aaf2ac5180dd95a08d74
artifacts/priority33c/image_utility/per_tensor_dp_0.003/seed_51019.json,5f1470554a35feaaf7aa78f7ee342a5636023e880d6f9cdeaa7629fc36bb5b5c
artifacts/priority33c/image_utility/per_tensor_dp_0.003/seed_51020.json,f61b89d16b0ced0a57c9f597a90efbd4fd41bfa11e1e02e28efb10b4adb8adce
artifacts/priority33c/image_utility/per_tensor_dp_0.003/seed_51021.json,9449f43464f84f46ad19b8340bcfcfd8fad14e9f313c50c7a18029fe6580bc12
artifacts/priority33c/image_utility/per_tensor_dp_0.003/seed_51022.json,3d930523ff835a86ec45331bff0d84f57f325cc41a1ba2fb453a273eb238f4ed
artifacts/priority33c/image_utility/per_tensor_dp_0.003/seed_51023.json,0dfa738ddb1a29a74f21f15a18523d858536e7355a1ff49db4e26a4e1c259158
artifacts/priority33c/image_utility/per_tensor_dp_0.003/seed_51024.json,30829c2b29998defb41cab053ff9d9d6114ddf4812c9e90e017badda5aeb55a3
artifacts/priority33c/image_utility/per_tensor_dp_0.003/seed_51025.json,78a04a595c87dd95f189cd270b6e96dcee07afd0dc5463e3c36d2badc82657d6
artifacts/priority33c/image_utility/per_tensor_dp_0.003/seed_51026.json,9d764673f14e95365af5900985f18fbc353700c31c38f55f15df3cd396ca42be
artifacts/priority33c/image_utility/per_tensor_dp_0.003/seed_51027.json,18a74cea41c5d0e948c0e973e9907163aff6f6202033f8b383e36fb1868a42d4
artifacts/priority33c/image_utility/per_tensor_dp_0.003/seed_51028.json,d001244261321002aefe17b1c05436caa175190ca73f9488a25ccef0c3e84b3a
artifacts/priority33c/image_utility/per_tensor_dp_0.003/seed_51029.json,a025f2e9fde5c71a2569f2205d7398f131f959c3c7bc378c6f3e28a0424fa491
artifacts/priority33c/image_utility/per_tensor_dp_0.003/seed_51030.json,9eee20cbea32e3d83a258da4ee72b7a12a53eb2ec24e16a3b1d6b5129cd4f0d4
artifacts/priority33c/image_utility/per_tensor_dp_0.003/seed_51031.json,72c84047eedb9af78f09935151fba575265d5b5fd762a1f4c5556f70c01d905a
artifacts/priority33c/image_utility/per_tensor_dp_0.01/seed_51016.json,7e648ed1571b7dbdb6479eb87edd25bed6fb7ac5e2b9b402f2a38717a2a23cef
artifacts/priority33c/image_utility/per_tensor_dp_0.01/seed_51017.json,0aa0029c8b7d20d2c14ccf9386193bd875df000b7e1f3cb4fee609fa24b15321
artifacts/priority33c/image_utility/per_tensor_dp_0.01/seed_51018.json,683c45fe4799037ff17bb2b3e02dc438972fe08153e5d7fbe616b3f1d5223b84
artifacts/priority33c/image_utility/per_tensor_dp_0.01/seed_51019.json,b137ec49399d2e97146ef4c71f87d062d9ed84aec9562e3f1255e05fc4840866
artifacts/priority33c/image_utility/per_tensor_dp_0.01/seed_51020.json,e520c089eca978da18fe30f358652a059cb252bf9a96130fb08ed28c2b6429f7
artifacts/priority33c/image_utility/per_tensor_dp_0.01/seed_51021.json,4d77efe597f94a5216bd340bedb7bff8903ff3c6a7a4e6bf9235a9b89c16dc98
artifacts/priority33c/image_utility/per_tensor_dp_0.01/seed_51022.json,84d39fa7f263fbfd1987a6b2c742aa82ae832f2d546074fc1773979478b8f6fa
artifacts/priority33c/image_utility/per_tensor_dp_0.01/seed_51023.json,d80388b24dd8607cb810e015f9067e059ba26a413bdea26f6daf8254aaab4c93
artifacts/priority33c/image_utility/per_tensor_dp_0.01/seed_51024.json,c84df7c01f1977ddb8da64f359e6fccd2bb1507f12a3c58c54f2c7636028bec2
artifacts/priority33c/image_utility/per_tensor_dp_0.01/seed_51025.json,1f6acc5a2604e356b2cc86349e73271e97a69052997a3a77756cddf2b379ca9f
artifacts/priority33c/image_utility/per_tensor_dp_0.01/seed_51026.json,d25fa050f4614099bf69da40f903421554e0a72686572d5dabbc0869290cbf99
artifacts/priority33c/image_utility/per_tensor_dp_0.01/seed_51027.json,044daf5b1c7d4819df34e2b378a2173e569c25e4ac66d8572f2d24b70083f8fc
artifacts/priority33c/image_utility/per_tensor_dp_0.01/seed_51028.json,8ca93f3b1496db3d9dfd9a227b642c771fd7a4bc38136ad454e51f41ea9d6460
artifacts/priority33c/image_utility/per_tensor_dp_0.01/seed_51029.json,c44e604493fe7fa3ca82edac2101e1bcf8df61074a24b322da1195ed428196c0
artifacts/priority33c/image_utility/per_tensor_dp_0.01/seed_51030.json,fc12f3750c832b5e586adaaebb7c54bb1d03d0d537517a7061115bf30e40f637
artifacts/priority33c/image_utility/per_tensor_dp_0.01/seed_51031.json,726d2c5823c6c8e20922b35075459c3014aa2497d781c6d7c07e734fade1549d
artifacts/priority33c/image_utility/per_tensor_dp_0.03/seed_51016.json,92fa03f3e7a8dcc1073b491ac1e25e0afab5b785a8884511338a29de16801068
artifacts/priority33c/image_utility/per_tensor_dp_0.03/seed_51017.json,284b6d749e70a38f929b0719de7052836e493ae58438b37affd03fde1c6250ce
artifacts/priority33c/image_utility/per_tensor_dp_0.03/seed_51018.json,a86a8e3ae8dca53cede9158e63d29894c0f75855c2a09099c92d7cb05c3ad67c
artifacts/priority33c/image_utility/per_tensor_dp_0.03/seed_51019.json,b3600d5a133a4bef44a15a7e37dd706936bd2b51c37310467fdd392ad254de0f
artifacts/priority33c/image_utility/per_tensor_dp_0.03/seed_51020.json,4ea3be6f7a2bc32ece08555ad65e210f029e596934ca7c600320c220e4605364
artifacts/priority33c/image_utility/per_tensor_dp_0.03/seed_51021.json,06f4688939c4e1baf7b03f55142dde1e549d84ee8c4c5e8deded1f76e1193b10
artifacts/priority33c/image_utility/per_tensor_dp_0.03/seed_51022.json,df94077e9dcb357612c4a7ff64fd56d6caa7974d11ee457e754ab3d46ae6340f
artifacts/priority33c/image_utility/per_tensor_dp_0.03/seed_51023.json,27ca0855cb23bbb6dd26a25d10e125d02c83b2c5325c3400b98d7f4aabe97169
artifacts/priority33c/image_utility/per_tensor_dp_0.03/seed_51024.json,f22389a927a36e02edbffd8cc517fc11bee385d7a2ebf690996c3a881970bcf5
artifacts/priority33c/image_utility/per_tensor_dp_0.03/seed_51025.json,2b9612c929e77479a6e46e7ae07d547c4e6e505d04737394432da26359c4f1d2
artifacts/priority33c/image_utility/per_tensor_dp_0.03/seed_51026.json,03ae686ddffc97ec3a0e16594d9fe5536c3f1c7df7245fdba506f337271c1c36
artifacts/priority33c/image_utility/per_tensor_dp_0.03/seed_51027.json,fe930e6135b6f44d1dfea42a42648ef27a5be5d7e460e2c1dbb5d568554334e5
artifacts/priority33c/image_utility/per_tensor_dp_0.03/seed_51028.json,0a0f8cee1de666b568c99d12fd34dc5d9bc97e65e54b93842acbc51db7504861
artifacts/priority33c/image_utility/per_tensor_dp_0.03/seed_51029.json,e5db7bc0799f7348bb6d3debea0479bea1ec4753c16984ecfe84b6de38f82766
artifacts/priority33c/image_utility/per_tensor_dp_0.03/seed_51030.json,01024e546e5d29d1ce35344e38521ba645d84fa11a107dc3156f79944029cdb5
artifacts/priority33c/image_utility/per_tensor_dp_0.03/seed_51031.json,9104551f0e41fb6706a508a4f540525608fbe543b74b52896a70cf2be760ddeb
artifacts/priority33c/image_utility/per_tensor_dp_0.1/seed_51016.json,537d02b749015c665426cd2effa9984729dbdb9ec885576f3ca6b676d6f29cac
artifacts/priority33c/image_utility/per_tensor_dp_0.1/seed_51017.json,ca2dab2efe42463771adfe317c2e4d209ea5824d46687ca6420afda738db37ef
artifacts/priority33c/image_utility/per_tensor_dp_0.1/seed_51018.json,7c6cfbe6ea7f3cbef8836d93f1cf43c1b7305d76901e9cde183cc2add5e9974e
artifacts/priority33c/image_utility/per_tensor_dp_0.1/seed_51019.json,18947507d5e6ff79373df921de9e68447fdd9abb591809bccd1f6d26e1d87637
artifacts/priority33c/image_utility/per_tensor_dp_0.1/seed_51020.json,141359537c1e901ccad6d33f63d5f342259f5c536784bd2aa2d4e195e51613df
artifacts/priority33c/image_utility/per_tensor_dp_0.1/seed_51021.json,87fa59d9c98247a91183975a804c9b0f79181c536f7480c5d89dd39241bd66b7
artifacts/priority33c/image_utility/per_tensor_dp_0.1/seed_51022.json,8f4c6e092452c312da89c1490278dfda3bb55606bb4769d06f7cf07296195719
artifacts/priority33c/image_utility/per_tensor_dp_0.1/seed_51023.json,2d17302c9b335fbbf26a0bbef218edb2ee90e8248c8e4fc4a36d1b2478be5758
artifacts/priority33c/image_utility/per_tensor_dp_0.1/seed_51024.json,ce7c35eb8516b79effcd5e14e3f10e6b8edecaefe3d862677544994730ebd0a3
artifacts/priority33c/image_utility/per_tensor_dp_0.1/seed_51025.json,750be80642de2b3ebfcadb9e4d849048ec3bd48f8f4ced4dc0d2a895ed8b973b
artifacts/priority33c/image_utility/per_tensor_dp_0.1/seed_51026.json,8ff0eb45e7a3fde4e1dbb77beac23d6d94a26d1b5baba2da3bde1dac9fdf856a
artifacts/priority33c/image_utility/per_tensor_dp_0.1/seed_51027.json,358074b955e10b57cdcafc61c199027fd76349c2b01fbca912599d122697ac26
artifacts/priority33c/image_utility/per_tensor_dp_0.1/seed_51028.json,4bf639980a2e416f9d3d02fde697c635d496a6330cd9823e18680b1fe4fd1b61
artifacts/priority33c/image_utility/per_tensor_dp_0.1/seed_51029.json,7294b9aa55e750932507ff90b13b25fa9484d2843fdc7ffe0645859f88eb7bdf
artifacts/priority33c/image_utility/per_tensor_dp_0.1/seed_51030.json,8f30325faeed53e52da050cf3db8073f4c1b98e6d727c8114844e994ef75ec4a
artifacts/priority33c/image_utility/per_tensor_dp_0.1/seed_51031.json,0cca2b95c80c2667050fd8f06ad40fdd459ffc94eba5e625d1e1660a2852f181
artifacts/priority33c/image_utility/per_tensor_dp_0.3/seed_51016.json,c71cfabeaaf44e04f7fee85ea58aa245c5d40a1763684bb24534aac3e3a73966
artifacts/priority33c/image_utility/per_tensor_dp_0.3/seed_51017.json,05ec2ceac4a28a1f91fbc2bf1da6ffecd100003ab32576864f59034b40c1efcf
artifacts/priority33c/image_utility/per_tensor_dp_0.3/seed_51018.json,cc2db78d4d2d42de1f4b8223478c0e20d5193a4e63487f77bdd1016c9349d920
artifacts/priority33c/image_utility/per_tensor_dp_0.3/seed_51019.json,db2c2edf08b3b8e670d8544e851e60eb333a45202e3b208c48a5e2f5f12919d0
artifacts/priority33c/image_utility/per_tensor_dp_0.3/seed_51020.json,83887f48e0cc6b96f1b3cd11ff0cb9612c66f072afeadca21106e727e71075fc
artifacts/priority33c/image_utility/per_tensor_dp_0.3/seed_51021.json,2c08c33cb0bea84688bdad7ffe7ad86b47d40e9e4c0947ba82dd7eebc7c7cef6
artifacts/priority33c/image_utility/per_tensor_dp_0.3/seed_51022.json,61130c16c690f0d536d0038df179e6d987d488edf8aa9eddb32651fa4e2eca2b
artifacts/priority33c/image_utility/per_tensor_dp_0.3/seed_51023.json,27856f6f2ebeed8941073a7fb52a2542b818c2a5c4bf484d101fef548fdc0b06
artifacts/priority33c/image_utility/per_tensor_dp_0.3/seed_51024.json,a8d3e70adc573259f541749a105240ccf3fb85d2593fe9b405d7a5914606580d
artifacts/priority33c/image_utility/per_tensor_dp_0.3/seed_51025.json,93d4f8f6f66f631a11928c8b0c22c6a310c31a396da7bc05b89f6f531e39c32c
artifacts/priority33c/image_utility/per_tensor_dp_0.3/seed_51026.json,76571ac1d88c9e68a49f64c901c376f576a7b88c11718016011b252d061d4068
artifacts/priority33c/image_utility/per_tensor_dp_0.3/seed_51027.json,527bcc7278992ed45461747e98aef37fd6615deacc7b7e75e942a0be34bdac75
artifacts/priority33c/image_utility/per_tensor_dp_0.3/seed_51028.json,bb3f0f395a3f9edbb09a1f4111a5e3691ddc077d74360623346110b4b78d3ffe
artifacts/priority33c/image_utility/per_tensor_dp_0.3/seed_51029.json,dbcd3af2a5a03b827f9f351f1def8b5bc875c5a934e8b9ada30b898c58801969
artifacts/priority33c/image_utility/per_tensor_dp_0.3/seed_51030.json,7c3b9e2672dd3ce7d66fcc38c5646d8a0f011e6c72351a22a88410fee3cf7a74
artifacts/priority33c/image_utility/per_tensor_dp_0.3/seed_51031.json,90133765392a4b04cd73f2df7ee1ea89146d90b66b89d057090f85dc28d1bb60
artifacts/priority33c/image_utility_launch.json,3d8d87f7b1f777c24bff31e7fc62e357f22d3e99a3b1dc8524613f16a412745c
artifacts/priority33c/image_utility_stderr.log,e3b0c44298fc1c149afbf4c8996fb92427ae41e4649b934ca495991b7852b855
artifacts/priority33c/image_utility_stdout.log,e5e503baba32de78d5180976b0caf4e1bbf5d0f84f84cacd183e79fa6e7e1cdd
artifacts/priority33c/independent_statistics.json,9b93ba41a32793ab370a5dd6b50983042fd0f90523faf26a8bb5ef7a797c55c3
artifacts/priority33c/paired_tests.csv,775c6f69dbc72f92c41cf32599a1dd63b614a57e3bec2a6012579df5ef361396
artifacts/priority33c/paysim_calibration.json,c5310bb1449665aff90b03737808cde3206a7ca5a6db9f4312e47c97dfcd2007
artifacts/priority33c/paysim_utility/baseline/seed_270201/bn_rounds.jsonl,f8ad442de82ef5331945760ac3bcb19c3ee435028a7933fc0c931079b26cacdd
artifacts/priority33c/paysim_utility/baseline/seed_270201/metrics.json,57e17a23dbc65da4ff93ed8ea174d4d70c0c74e4f224f1dd7ffb9c5c2ada3a1a
artifacts/priority33c/paysim_utility/baseline/seed_270201/result.json,1a38b58d3082c93dab99238f5812b416e43133469a853ceec20827c177cfe56f
artifacts/priority33c/paysim_utility/baseline/seed_270201/stderr.log,e3b0c44298fc1c149afbf4c8996fb92427ae41e4649b934ca495991b7852b855
artifacts/priority33c/paysim_utility/baseline/seed_270201/stdout.log,92d3b16cf73088539fb973cc5668fb4ba5eabc1bd0d13589006533888e594f28
artifacts/priority33c/paysim_utility/baseline/seed_270202/bn_rounds.jsonl,2986a36ddf57378e52c2a8a08bcc65174c7fb631cd95f830513f7dffd8b46e80
artifacts/priority33c/paysim_utility/baseline/seed_270202/metrics.json,17921cb0951b683239f834a8448e0246b8be8a7a8f00e41edf31de6ba7d81218
artifacts/priority33c/paysim_utility/baseline/seed_270202/result.json,95544d74e22c1d09b5bf9be89a3fad2e9c936331f0e6744c6fdf31b999af05aa
artifacts/priority33c/paysim_utility/baseline/seed_270202/stderr.log,e3b0c44298fc1c149afbf4c8996fb92427ae41e4649b934ca495991b7852b855
artifacts/priority33c/paysim_utility/baseline/seed_270202/stdout.log,61e2696fba3304842553393f09f651a57620688a3861f558d7b5cac416d43aa3
artifacts/priority33c/paysim_utility/baseline/seed_270203/bn_rounds.jsonl,b276f894513cce63409a28dc7ecf05c8776fed5d2a32dfb1d26ac9ff824d905b
artifacts/priority33c/paysim_utility/baseline/seed_270203/metrics.json,f0b7fe326fcd3a364a8cf3b06fc7ec7a8cba4b68fbc69f3c4ee0f871c69e3b86
artifacts/priority33c/paysim_utility/baseline/seed_270203/result.json,c642556857db48aa7646ce4b27e748316295326a43b49b69c43798a2ac73857f
artifacts/priority33c/paysim_utility/baseline/seed_270203/stderr.log,e3b0c44298fc1c149afbf4c8996fb92427ae41e4649b934ca495991b7852b855
artifacts/priority33c/paysim_utility/baseline/seed_270203/stdout.log,c6c348d3f913aeb61b52a47c9299ebb6b5ad5c91ccbbdd0413ff2699d022e52d
artifacts/priority33c/paysim_utility/baseline/seed_270204/bn_rounds.jsonl,65af9788f3b91c066eeb8bc525fceddc7b7cc6d6e3f5db4c905cf4953a01f2cc
artifacts/priority33c/paysim_utility/baseline/seed_270204/metrics.json,2e796803bcf4ac7b2f6a468dc9350b3d8e23244ee8d39f74fb608bef19ff104f
artifacts/priority33c/paysim_utility/baseline/seed_270204/result.json,6e1dfe601e54b8adec08a9738482fd8ae2135fc5c0586c20ec19a19740bf974a
artifacts/priority33c/paysim_utility/baseline/seed_270204/stderr.log,e3b0c44298fc1c149afbf4c8996fb92427ae41e4649b934ca495991b7852b855
artifacts/priority33c/paysim_utility/baseline/seed_270204/stdout.log,72fcf99a6e57a3859ad12e09d53080d47ca86334e00f37de03142ef73acccb90
artifacts/priority33c/paysim_utility/baseline/seed_270205/bn_rounds.jsonl,2cf5842458a7263ffcb6ece010478e76060ef42a4e071e827ed8d2d7f54da3c6
artifacts/priority33c/paysim_utility/baseline/seed_270205/metrics.json,61db28995794eee779ceae33267f0fc0715a80a121b95b7d3ffab4d692dd89de
artifacts/priority33c/paysim_utility/baseline/seed_270205/result.json,c8217ead3754f2b01b693f9ce6c53f54fb23c367844411aa3466fe74a81355b5
artifacts/priority33c/paysim_utility/baseline/seed_270205/stderr.log,e3b0c44298fc1c149afbf4c8996fb92427ae41e4649b934ca495991b7852b855
artifacts/priority33c/paysim_utility/baseline/seed_270205/stdout.log,e1e3da18b3c0d9fd596ea0e4764bb22e15cc2a8262abcc3b4d2ff1b705667717
artifacts/priority33c/paysim_utility/baseline/seed_270206/bn_rounds.jsonl,419b6eb5a29c1df39e71fdd41d9d0162e928d2e111c3e78ec9b923a66a2c4fd6
artifacts/priority33c/paysim_utility/baseline/seed_270206/metrics.json,24bafbe63c7c1772acf3df7f7da402d31011c7c795c84c4f8f4a2e199cc8bb33
artifacts/priority33c/paysim_utility/baseline/seed_270206/result.json,67144c00d87c2af346d94ebe9ff68f675f677b3805a442498fe36e7dfbbb2b3b
artifacts/priority33c/paysim_utility/baseline/seed_270206/stderr.log,e3b0c44298fc1c149afbf4c8996fb92427ae41e4649b934ca495991b7852b855
artifacts/priority33c/paysim_utility/baseline/seed_270206/stdout.log,c668a492a25a70045291271273fd16d1720c62e38aaeee70f9b6271d52d51343
artifacts/priority33c/paysim_utility/baseline/seed_270207/bn_rounds.jsonl,eb4447fa882dc3c41e286111d452c3927f99b778e22351c2278991abb69132ee
artifacts/priority33c/paysim_utility/baseline/seed_270207/metrics.json,8fa3e03333a229d5bb1d22ae26ae8a0990f8823983e217bf5213df3683311bfd
artifacts/priority33c/paysim_utility/baseline/seed_270207/result.json,d53f72e071a3c5b32a20ad082eeb12964a2f8cadf9593c79caeeb73ac9ba1be1
artifacts/priority33c/paysim_utility/baseline/seed_270207/stderr.log,e3b0c44298fc1c149afbf4c8996fb92427ae41e4649b934ca495991b7852b855
artifacts/priority33c/paysim_utility/baseline/seed_270207/stdout.log,d869e43b5b8864858a4feb7dfe5d7c00bfbc336f4ae50bce81e037c51ed0093a
artifacts/priority33c/paysim_utility/baseline/seed_270208/bn_rounds.jsonl,564c3055cf1df5500bc7d3a601d15ca4d27aa5d87baab2c7b36849090fca4290
artifacts/priority33c/paysim_utility/baseline/seed_270208/metrics.json,cddf9aafacea80aab5b3043deeba563ab42a44d2f9cca505b910f3cec9061868
artifacts/priority33c/paysim_utility/baseline/seed_270208/result.json,abef2783d8e89833e9c04a5ca1b839f8f1302bbaac720474c3581823b3417e20
artifacts/priority33c/paysim_utility/baseline/seed_270208/stderr.log,e3b0c44298fc1c149afbf4c8996fb92427ae41e4649b934ca495991b7852b855
artifacts/priority33c/paysim_utility/baseline/seed_270208/stdout.log,e391eae478ed2e464b33322df9cc3b90e8b42ad33f23d4ae425ccca09cd7039a
artifacts/priority33c/paysim_utility/baseline/seed_270209/bn_rounds.jsonl,d84632bd065a8471113cbf2f098f5a411ee1ddb8fc76a8ce18254eb4a5b98ae4
artifacts/priority33c/paysim_utility/baseline/seed_270209/metrics.json,664556b8a68ae57214564d70e9efffc0f32ea1b390f2ac675754051474f45bfc
artifacts/priority33c/paysim_utility/baseline/seed_270209/result.json,9c2bbdb77376e1280ab510c7b1b5d433cea75fe738fb9d413d5a36eaedf3a3d2
artifacts/priority33c/paysim_utility/baseline/seed_270209/stderr.log,e3b0c44298fc1c149afbf4c8996fb92427ae41e4649b934ca495991b7852b855
artifacts/priority33c/paysim_utility/baseline/seed_270209/stdout.log,f357dd607eb88a7bbc8ad6c386202b7a94a22d9bec04b4161f2401f74d8579af
artifacts/priority33c/paysim_utility/baseline/seed_270210/bn_rounds.jsonl,c35c55c50f488d58f31ccf48e5c7c060886a6a6b8a18b5135c40bdd58b6b7902
artifacts/priority33c/paysim_utility/baseline/seed_270210/metrics.json,e9ed6dbe3f93bf3a8e0ef928b061107dda2402b353cfca8461ebbd362b26004d
artifacts/priority33c/paysim_utility/baseline/seed_270210/result.json,9a9f6fb23a9e32496db5173916c655f343d94e3e875579a9131559d84c3a4c92
artifacts/priority33c/paysim_utility/baseline/seed_270210/stderr.log,e3b0c44298fc1c149afbf4c8996fb92427ae41e4649b934ca495991b7852b855
artifacts/priority33c/paysim_utility/baseline/seed_270210/stdout.log,094659c1752d0898b4d1e385c38d36c2276c9d078f9bb3ff68442a8738354939
artifacts/priority33c/paysim_utility/baseline/seed_270211/bn_rounds.jsonl,9c4e6394e73d6007739c492f920df983c4c820d3d5254067291272675d823cb2
artifacts/priority33c/paysim_utility/baseline/seed_270211/metrics.json,66d2cdd98ec03b52309a200a794378f7702f025606a955bc26837a7c73134911
artifacts/priority33c/paysim_utility/baseline/seed_270211/result.json,aa8edcb966108c05e1ddcfcc1a2c8b9ab1e2a9efb5d49dc6418436183aa40be6
artifacts/priority33c/paysim_utility/baseline/seed_270211/stderr.log,e3b0c44298fc1c149afbf4c8996fb92427ae41e4649b934ca495991b7852b855
artifacts/priority33c/paysim_utility/baseline/seed_270211/stdout.log,b2fd21afd79576ef4374e740d987bcd2fb745f0bca61316a1be1059d7e06b9c6
artifacts/priority33c/paysim_utility/baseline/seed_270212/bn_rounds.jsonl,28db98b3e9035aa355b56ee21274963aee4a8d0b6db5aef0842b7493cb9574cd
artifacts/priority33c/paysim_utility/baseline/seed_270212/metrics.json,836c046e6e07ef511e273bb20723e3a8ea2d061642edc999adef5f56d2942189
artifacts/priority33c/paysim_utility/baseline/seed_270212/result.json,fa8f0e5bc8f9ba48f7b5fdb034763db66e490a8c437c031ea6327a1d96416b7f
artifacts/priority33c/paysim_utility/baseline/seed_270212/stderr.log,e3b0c44298fc1c149afbf4c8996fb92427ae41e4649b934ca495991b7852b855
artifacts/priority33c/paysim_utility/baseline/seed_270212/stdout.log,0d3f261f517156c571516ded73011fb1665dab3b682f5fcc08a0e2b6979b7c8b
artifacts/priority33c/paysim_utility/baseline/seed_270213/bn_rounds.jsonl,ead883adb2b5920393a236290a39aa486390e1cd0e0b3db9c4d13e7bc832e2fc
artifacts/priority33c/paysim_utility/baseline/seed_270213/metrics.json,5e3de2877419abef9ac871b9347f8dd3caeabcb612f1131b458e2f993c632494
artifacts/priority33c/paysim_utility/baseline/seed_270213/result.json,f48b8a55f421ed9b663a33d3f07f427563a0d9146b728b131bd3910ae65c0c6a
artifacts/priority33c/paysim_utility/baseline/seed_270213/stderr.log,e3b0c44298fc1c149afbf4c8996fb92427ae41e4649b934ca495991b7852b855
artifacts/priority33c/paysim_utility/baseline/seed_270213/stdout.log,fb57e91db988234ccd98cea64117901290ab5ac787e3d07ab521e3f4f9f6b6fa
artifacts/priority33c/paysim_utility/baseline/seed_270214/bn_rounds.jsonl,893011aae6a9efe225962dcb71da1fe6fe3e3baff48c7a9060009245c9579028
artifacts/priority33c/paysim_utility/baseline/seed_270214/metrics.json,8ba1079c9eb0b0ecb92aeaa2a62665af4430fb73e46ffbffb47a1da60c7222c5
artifacts/priority33c/paysim_utility/baseline/seed_270214/result.json,f02556f90b72c1b5298a1f05920468c3e94d27e58cfbd925301571fa8f2a63b8
artifacts/priority33c/paysim_utility/baseline/seed_270214/stderr.log,e3b0c44298fc1c149afbf4c8996fb92427ae41e4649b934ca495991b7852b855
artifacts/priority33c/paysim_utility/baseline/seed_270214/stdout.log,fec906ba2e235020abbe8d5fadfc84f5ec641507b32b0412f75dbabec0f7666c
artifacts/priority33c/paysim_utility/baseline/seed_270215/bn_rounds.jsonl,d1de87962934f34bfe06b0bf2a65baddc21bd9f68df32ada8b9ba0b27bb7195d
artifacts/priority33c/paysim_utility/baseline/seed_270215/metrics.json,475f69c227ad6f35f5949b82200ff34ff7899f4009da313dc9d7fa674b212455
artifacts/priority33c/paysim_utility/baseline/seed_270215/result.json,69fd09b763950cb90a245652f1d9e2853ff50e8ab86348a136ac6d59368a023d
artifacts/priority33c/paysim_utility/baseline/seed_270215/stderr.log,e3b0c44298fc1c149afbf4c8996fb92427ae41e4649b934ca495991b7852b855
artifacts/priority33c/paysim_utility/baseline/seed_270215/stdout.log,bf862e8c8c1fe8a756ccd752b6836c4b71a445faedc5f7f9cd14d70f81d7e912
artifacts/priority33c/paysim_utility/baseline/seed_270216/bn_rounds.jsonl,0ad152c492a61f784403d6fff8c798e7a4d0a97baa2edde780364a98fa8427f2
artifacts/priority33c/paysim_utility/baseline/seed_270216/metrics.json,7d3ee28e898bb0ae1f75cf69f0611150dee82e6476b49f7282e033baffd5d0ef
artifacts/priority33c/paysim_utility/baseline/seed_270216/result.json,49485b9f70927ee2ed5907a72ff95a57be005e844fcf3a741beacf6a432f5e3f
artifacts/priority33c/paysim_utility/baseline/seed_270216/stderr.log,e3b0c44298fc1c149afbf4c8996fb92427ae41e4649b934ca495991b7852b855
artifacts/priority33c/paysim_utility/baseline/seed_270216/stdout.log,76c82c656d2885265da7713f5aae4b7caacb4898e38617aa43ae898efd7538ac
artifacts/priority33c/paysim_utility/dna_v1_conservative/seed_270201/bn_rounds.jsonl,b08135093abe3b480c560c676daca6d1ef1e924ee66bd30d97fac4d0befba1ec
artifacts/priority33c/paysim_utility/dna_v1_conservative/seed_270201/result.json,d6e3c73ff2c97952009654d8da02ad8052109fea72f5d19f86e02d6bd59afeee
artifacts/priority33c/paysim_utility/dna_v1_conservative/seed_270201/stderr.log,e3b0c44298fc1c149afbf4c8996fb92427ae41e4649b934ca495991b7852b855
artifacts/priority33c/paysim_utility/dna_v1_conservative/seed_270201/stdout.log,1499750851485a7d7f337b632156ff7a9172a17d3a52243eab2224aff6bfce64
artifacts/priority33c/paysim_utility/dna_v1_conservative/seed_270202/bn_rounds.jsonl,16ddd3a8b264e00542b4dd5ac8d2a6707596e9d854f15a72a833c416db4bb1e1
artifacts/priority33c/paysim_utility/dna_v1_conservative/seed_270202/result.json,604f5d2e499ce1992e29ba74a4842f02458b7845215741ed8c0c836f21bd7bdc
artifacts/priority33c/paysim_utility/dna_v1_conservative/seed_270202/stderr.log,e3b0c44298fc1c149afbf4c8996fb92427ae41e4649b934ca495991b7852b855
artifacts/priority33c/paysim_utility/dna_v1_conservative/seed_270202/stdout.log,8612cf6035ce2ef470ec440ca82e53b30bf0be0ec40de1ed1586cd7d1a856518
artifacts/priority33c/paysim_utility/dna_v1_conservative/seed_270203/bn_rounds.jsonl,b5fbaac6cc9740700a75bfb63756daa09f92a8eb7e75dd35372a5f2089bebb20
artifacts/priority33c/paysim_utility/dna_v1_conservative/seed_270203/result.json,ead7d159305b74ef95dd40b4865216c2e8b2a44a3b74847b472f0c4c8b4eee42
artifacts/priority33c/paysim_utility/dna_v1_conservative/seed_270203/stderr.log,e3b0c44298fc1c149afbf4c8996fb92427ae41e4649b934ca495991b7852b855
artifacts/priority33c/paysim_utility/dna_v1_conservative/seed_270203/stdout.log,b59fe1410911653a67be8f382a81ec645f8f86109e6173bde6e7a146bba34320
artifacts/priority33c/paysim_utility/dna_v1_conservative/seed_270204/bn_rounds.jsonl,439f3e0e0784177791e5f37d85d341b79163e47e3bcf5e27e29b22af22ead1ff
artifacts/priority33c/paysim_utility/dna_v1_conservative/seed_270204/result.json,3831e2f2e3288a635778abd4c3700972f8d09494b8b923939bb72dc541023d30
artifacts/priority33c/paysim_utility/dna_v1_conservative/seed_270204/stderr.log,e3b0c44298fc1c149afbf4c8996fb92427ae41e4649b934ca495991b7852b855
artifacts/priority33c/paysim_utility/dna_v1_conservative/seed_270204/stdout.log,857820252dfbbe07fa5933d501389d1cecdfa26a3458795f8f7dacbb675a241c
artifacts/priority33c/paysim_utility/dna_v1_conservative/seed_270205/bn_rounds.jsonl,7909f3d2564ff667ffcaa907e9a9bfd1ba9e5f7482f5cd9a68593740f320e308
artifacts/priority33c/paysim_utility/dna_v1_conservative/seed_270205/result.json,78c1bdbed5070eae4cbea3fd8e97529c9a7855031337f5f55809416c5c3ded18
artifacts/priority33c/paysim_utility/dna_v1_conservative/seed_270205/stderr.log,e3b0c44298fc1c149afbf4c8996fb92427ae41e4649b934ca495991b7852b855
artifacts/priority33c/paysim_utility/dna_v1_conservative/seed_270205/stdout.log,d2e5428c95320193515d578a4ed270e9f2c1014483a6a7232a5d00b1d04b2feb
artifacts/priority33c/paysim_utility/dna_v1_conservative/seed_270206/bn_rounds.jsonl,c61d744966308e55e3753b249aeb0fd741329a1dbb020d920c24c42aea647d3e
artifacts/priority33c/paysim_utility/dna_v1_conservative/seed_270206/result.json,a0fd8f77710d2ff498db3645b3011c8ed8bce4c510898f27da7bd08c6c547a32
artifacts/priority33c/paysim_utility/dna_v1_conservative/seed_270206/stderr.log,e3b0c44298fc1c149afbf4c8996fb92427ae41e4649b934ca495991b7852b855
artifacts/priority33c/paysim_utility/dna_v1_conservative/seed_270206/stdout.log,b40fe731700cd159309756935e246ef8a82196682f1d35cbeecd24f40c95c9fd
artifacts/priority33c/paysim_utility/dna_v1_conservative/seed_270207/bn_rounds.jsonl,bb001cd902f4e68b9c4b56a81b6fe8d4eafa2224f1f074fd0a4120fb19e2b506
artifacts/priority33c/paysim_utility/dna_v1_conservative/seed_270207/result.json,b7ba615e5d46439bbf2c352e596f055873807105fe5fb6127a69a480d45184ec
artifacts/priority33c/paysim_utility/dna_v1_conservative/seed_270207/stderr.log,e3b0c44298fc1c149afbf4c8996fb92427ae41e4649b934ca495991b7852b855
artifacts/priority33c/paysim_utility/dna_v1_conservative/seed_270207/stdout.log,09f7d26fbb7eb6a862bdc15005ef72e14fb8fe75a7222fb302c168ba9217060d
artifacts/priority33c/paysim_utility/dna_v1_conservative/seed_270208/bn_rounds.jsonl,3dd0a9fb608863f12d64f3d0d144d730995054d091c807aa1186cdf306093a51
artifacts/priority33c/paysim_utility/dna_v1_conservative/seed_270208/result.json,e98062bb6689833bcbdd9d2271e3e3063dd3c7072f04a858127097a287d76b7f
artifacts/priority33c/paysim_utility/dna_v1_conservative/seed_270208/stderr.log,e3b0c44298fc1c149afbf4c8996fb92427ae41e4649b934ca495991b7852b855
artifacts/priority33c/paysim_utility/dna_v1_conservative/seed_270208/stdout.log,6a66ef56f8c5668126ebf8d77334df12d983da605f2d94539ffba6059da9be1f
artifacts/priority33c/paysim_utility/dna_v1_conservative/seed_270209/bn_rounds.jsonl,5db70b91d201c575f10d3bef07a3dbd867187fa48a689f51c3d0f8b49d99e367
artifacts/priority33c/paysim_utility/dna_v1_conservative/seed_270209/result.json,b0aa677fcc87526022b3add0dba2468718e353396ddea258f6c3ba0d1de66259
artifacts/priority33c/paysim_utility/dna_v1_conservative/seed_270209/stderr.log,e3b0c44298fc1c149afbf4c8996fb92427ae41e4649b934ca495991b7852b855
artifacts/priority33c/paysim_utility/dna_v1_conservative/seed_270209/stdout.log,2c092b9b5b57a9baf22f3116d25cef6b5f8cee804ee962e99f9845611973f09e
artifacts/priority33c/paysim_utility/dna_v1_conservative/seed_270210/bn_rounds.jsonl,3a7c2a00d68d789cb33d4db0260dba0b194a8b3192d52550ce5a3b1a71be0e31
artifacts/priority33c/paysim_utility/dna_v1_conservative/seed_270210/result.json,206829fec6ced79da07f3f1f34ba2af3dacef7b425c2c62a450eb72bbb33b7f3
artifacts/priority33c/paysim_utility/dna_v1_conservative/seed_270210/stderr.log,e3b0c44298fc1c149afbf4c8996fb92427ae41e4649b934ca495991b7852b855
artifacts/priority33c/paysim_utility/dna_v1_conservative/seed_270210/stdout.log,be1f45ec76a569ca285a77d4759a0265845d8899a29be4799e94234f1ae38a27
artifacts/priority33c/paysim_utility/dna_v1_conservative/seed_270211/bn_rounds.jsonl,3ef4059580d4e6a6a359a2a7b80f3e0176e3b1ceaaee1df8d23e7562da827272
artifacts/priority33c/paysim_utility/dna_v1_conservative/seed_270211/result.json,5c4e92f32dfb2490c12be1248adc3ed24479359a59f7c8014e7cb6d93db4ef2b
artifacts/priority33c/paysim_utility/dna_v1_conservative/seed_270211/stderr.log,e3b0c44298fc1c149afbf4c8996fb92427ae41e4649b934ca495991b7852b855
artifacts/priority33c/paysim_utility/dna_v1_conservative/seed_270211/stdout.log,a0d2fb60f3d8e7b61e30777cad4e8f11f8424a189d7dcf504264660c31294f23
artifacts/priority33c/paysim_utility/dna_v1_conservative/seed_270212/bn_rounds.jsonl,80b2524ede103e2de2accf5fca4a7c357f36b6ea04a77b6bec427112dcc610c8
artifacts/priority33c/paysim_utility/dna_v1_conservative/seed_270212/result.json,bc8f1899b09f04f96eab0c0c035ccddb32a0a9b08efc986c025e18de387a4d36
artifacts/priority33c/paysim_utility/dna_v1_conservative/seed_270212/stderr.log,e3b0c44298fc1c149afbf4c8996fb92427ae41e4649b934ca495991b7852b855
artifacts/priority33c/paysim_utility/dna_v1_conservative/seed_270212/stdout.log,fc4ed5b225bb9209b5730723da1786cc82000d7726d793ada461b142729f67f1
artifacts/priority33c/paysim_utility/dna_v1_conservative/seed_270213/bn_rounds.jsonl,3fe05143d9512cf83b444716a5f16b02225a2d7c554011c71a467e04a1778525
artifacts/priority33c/paysim_utility/dna_v1_conservative/seed_270213/result.json,505bb8032a4a97bdddd69bc3feb133832677c0ac78f8df61efa9f3b191fc48fc
artifacts/priority33c/paysim_utility/dna_v1_conservative/seed_270213/stderr.log,e3b0c44298fc1c149afbf4c8996fb92427ae41e4649b934ca495991b7852b855
artifacts/priority33c/paysim_utility/dna_v1_conservative/seed_270213/stdout.log,8b44c484e49dd0f60c170945d9b586a250de584c3b6fc288bafbda04fc71fd1e
artifacts/priority33c/paysim_utility/dna_v1_conservative/seed_270214/bn_rounds.jsonl,4432472598c701ca3447e92a99247bd03ca3c674bbf32ba9884d50fe8ff101b1
artifacts/priority33c/paysim_utility/dna_v1_conservative/seed_270214/result.json,3f32ebd0096b3b0b93a090e7a9f56a1ad322fda8bc28bf771f5ec48692e24d8d
artifacts/priority33c/paysim_utility/dna_v1_conservative/seed_270214/stderr.log,e3b0c44298fc1c149afbf4c8996fb92427ae41e4649b934ca495991b7852b855
artifacts/priority33c/paysim_utility/dna_v1_conservative/seed_270214/stdout.log,bff425d07e15007fa75d80eaf112dad949e8de33c3dd15c350a31ba0df41ca9f
artifacts/priority33c/paysim_utility/dna_v1_conservative/seed_270215/bn_rounds.jsonl,c4a48275264cd19fd79a2ee8a1c414151b1ea4aa11cd2aa4aa234ea25cfc6c70
artifacts/priority33c/paysim_utility/dna_v1_conservative/seed_270215/result.json,35630c823f0ce538b6120ea715e626886ac3e6fd414d26939bd47b07212e6591
artifacts/priority33c/paysim_utility/dna_v1_conservative/seed_270215/stderr.log,e3b0c44298fc1c149afbf4c8996fb92427ae41e4649b934ca495991b7852b855
artifacts/priority33c/paysim_utility/dna_v1_conservative/seed_270215/stdout.log,7ab383029aded73e58244e75f31053b6ae29fda8a36c97fa1bee5036d20cf1d0
artifacts/priority33c/paysim_utility/dna_v1_conservative/seed_270216/bn_rounds.jsonl,b76b423f7ecfca20fab9f5a5fa12b4617a57a1bf90c551c590cee4303a3a05bf
artifacts/priority33c/paysim_utility/dna_v1_conservative/seed_270216/result.json,3b3b884edff21edfba65ff9292a235aec234b59776ed86233d133d9d4b87d8df
artifacts/priority33c/paysim_utility/dna_v1_conservative/seed_270216/stderr.log,e3b0c44298fc1c149afbf4c8996fb92427ae41e4649b934ca495991b7852b855
artifacts/priority33c/paysim_utility/dna_v1_conservative/seed_270216/stdout.log,b431331bf34a5513a125928ee56a006f49e3f554ae8348959c23404702bb8a9b
artifacts/priority33c/paysim_utility/dna_v2_0p95/seed_270201/bn_rounds.jsonl,ac54269ea55bb1e77a1c2ba4d4585a0dcd36cf918404a2cf4e0fad37f648ed65
artifacts/priority33c/paysim_utility/dna_v2_0p95/seed_270201/result.json,8903ea625483011b6d3fc1002942c7391b82e141d57e717b2a958595f3ef75ea
artifacts/priority33c/paysim_utility/dna_v2_0p95/seed_270201/stderr.log,e3b0c44298fc1c149afbf4c8996fb92427ae41e4649b934ca495991b7852b855
artifacts/priority33c/paysim_utility/dna_v2_0p95/seed_270201/stdout.log,87f5b59df8c081b3b6a43dab17ad095cb3c8bd984f345b9658882dad65093fbd
artifacts/priority33c/paysim_utility/dna_v2_0p95/seed_270202/bn_rounds.jsonl,0e11f3a7817d3108385fcbe84891530e881192f79a54fda61953c80763f6b109
artifacts/priority33c/paysim_utility/dna_v2_0p95/seed_270202/result.json,d6f762ee28b73e9695fbfa047720432dde68832034675388b6cb78364ef68920
artifacts/priority33c/paysim_utility/dna_v2_0p95/seed_270202/stderr.log,e3b0c44298fc1c149afbf4c8996fb92427ae41e4649b934ca495991b7852b855
artifacts/priority33c/paysim_utility/dna_v2_0p95/seed_270202/stdout.log,87f5b59df8c081b3b6a43dab17ad095cb3c8bd984f345b9658882dad65093fbd
artifacts/priority33c/paysim_utility/dna_v2_0p95/seed_270203/bn_rounds.jsonl,294fb045589310d9bd7b4041303b0050b56bd74e5aac60fbc84cec877e5b813a
artifacts/priority33c/paysim_utility/dna_v2_0p95/seed_270203/result.json,8729cf0a1adf3ef07b01ee05f5e90c6d3df715a34bd49b9a71790a7c12b2fc32
artifacts/priority33c/paysim_utility/dna_v2_0p95/seed_270203/stderr.log,e3b0c44298fc1c149afbf4c8996fb92427ae41e4649b934ca495991b7852b855
artifacts/priority33c/paysim_utility/dna_v2_0p95/seed_270203/stdout.log,87f5b59df8c081b3b6a43dab17ad095cb3c8bd984f345b9658882dad65093fbd
artifacts/priority33c/paysim_utility/dna_v2_0p95/seed_270204/bn_rounds.jsonl,dac1730f7bb269c2ffe9137b966d6118d496b1bc209196fc885dda47d9c12301
artifacts/priority33c/paysim_utility/dna_v2_0p95/seed_270204/result.json,0a8ea881d452394e25ae9042166cc44a7e7e3291ff5acaa11f67553b71ffcbff
artifacts/priority33c/paysim_utility/dna_v2_0p95/seed_270204/stderr.log,e3b0c44298fc1c149afbf4c8996fb92427ae41e4649b934ca495991b7852b855
artifacts/priority33c/paysim_utility/dna_v2_0p95/seed_270204/stdout.log,87f5b59df8c081b3b6a43dab17ad095cb3c8bd984f345b9658882dad65093fbd
artifacts/priority33c/paysim_utility/dna_v2_0p95/seed_270205/bn_rounds.jsonl,1a9608a2f470b27d7d405502fe80d6c03a9f4443fe6302570890da77042aec59
artifacts/priority33c/paysim_utility/dna_v2_0p95/seed_270205/result.json,d26353310eb4f2915d32ce6080326d9bee969bb1a86bcc8a6657a68c0172c746
artifacts/priority33c/paysim_utility/dna_v2_0p95/seed_270205/stderr.log,e3b0c44298fc1c149afbf4c8996fb92427ae41e4649b934ca495991b7852b855
artifacts/priority33c/paysim_utility/dna_v2_0p95/seed_270205/stdout.log,87f5b59df8c081b3b6a43dab17ad095cb3c8bd984f345b9658882dad65093fbd
artifacts/priority33c/paysim_utility/dna_v2_0p95/seed_270206/bn_rounds.jsonl,44b1d9c854a91842a3a0a8f1451aafe2a573ebcee2ed2769c5db8c9ae09be1c5
artifacts/priority33c/paysim_utility/dna_v2_0p95/seed_270206/result.json,bb10336e5f2de3ea59c77894a7daaa3452eaa55f616eea0b5e74c18660267d66
artifacts/priority33c/paysim_utility/dna_v2_0p95/seed_270206/stderr.log,e3b0c44298fc1c149afbf4c8996fb92427ae41e4649b934ca495991b7852b855
artifacts/priority33c/paysim_utility/dna_v2_0p95/seed_270206/stdout.log,87f5b59df8c081b3b6a43dab17ad095cb3c8bd984f345b9658882dad65093fbd
artifacts/priority33c/paysim_utility/dna_v2_0p95/seed_270207/bn_rounds.jsonl,839ab18d5bd5b164978c305bbb2fccb40ce28512c3980ac994f7d1b0ca6063d6
artifacts/priority33c/paysim_utility/dna_v2_0p95/seed_270207/result.json,0ffafe72c4fe40a50b9d3e177cc4ddd16199caa7f11cf4a715978300cfe20940
artifacts/priority33c/paysim_utility/dna_v2_0p95/seed_270207/stderr.log,e3b0c44298fc1c149afbf4c8996fb92427ae41e4649b934ca495991b7852b855
artifacts/priority33c/paysim_utility/dna_v2_0p95/seed_270207/stdout.log,87f5b59df8c081b3b6a43dab17ad095cb3c8bd984f345b9658882dad65093fbd
artifacts/priority33c/paysim_utility/dna_v2_0p95/seed_270208/bn_rounds.jsonl,6e2d868f1b1e2c291a0ccc502a09224667cd75602ca5bc31110ae2442ff0f0d8
artifacts/priority33c/paysim_utility/dna_v2_0p95/seed_270208/result.json,8985dce8abfe8c56a6fd1dc1887b45eb053831a5895f562b1ba07a74571adfaf
artifacts/priority33c/paysim_utility/dna_v2_0p95/seed_270208/stderr.log,e3b0c44298fc1c149afbf4c8996fb92427ae41e4649b934ca495991b7852b855
artifacts/priority33c/paysim_utility/dna_v2_0p95/seed_270208/stdout.log,87f5b59df8c081b3b6a43dab17ad095cb3c8bd984f345b9658882dad65093fbd
artifacts/priority33c/paysim_utility/dna_v2_0p95/seed_270209/bn_rounds.jsonl,abc0375e95d21bef1ea71370f09a0d99f6f6ae38fc4abe1a3f6a09f8c388a7b8
artifacts/priority33c/paysim_utility/dna_v2_0p95/seed_270209/result.json,d305eb4fc5853c4c9b4cadc802de145c45fb8e8ac7d1f91411ba54ca59022305
artifacts/priority33c/paysim_utility/dna_v2_0p95/seed_270209/stderr.log,e3b0c44298fc1c149afbf4c8996fb92427ae41e4649b934ca495991b7852b855
artifacts/priority33c/paysim_utility/dna_v2_0p95/seed_270209/stdout.log,87f5b59df8c081b3b6a43dab17ad095cb3c8bd984f345b9658882dad65093fbd
artifacts/priority33c/paysim_utility/dna_v2_0p95/seed_270210/bn_rounds.jsonl,c674d4220af8189ad896b95082e96b2cc0a5aaba06727957964254b96c68b5b8
artifacts/priority33c/paysim_utility/dna_v2_0p95/seed_270210/result.json,c10c2d909bf5ec095cc408468fd32c009dd85be241d99fda6c96f628277c05a4
artifacts/priority33c/paysim_utility/dna_v2_0p95/seed_270210/stderr.log,e3b0c44298fc1c149afbf4c8996fb92427ae41e4649b934ca495991b7852b855
artifacts/priority33c/paysim_utility/dna_v2_0p95/seed_270210/stdout.log,87f5b59df8c081b3b6a43dab17ad095cb3c8bd984f345b9658882dad65093fbd
artifacts/priority33c/paysim_utility/dna_v2_0p95/seed_270211/bn_rounds.jsonl,44ebfc2d1ffa5fed84269fe9a7c5dc547def65f38f1c70f230fde38c10aef3af
artifacts/priority33c/paysim_utility/dna_v2_0p95/seed_270211/result.json,f75b818ec771d17a06a674e7be8ed3ceeeca1abe6cf344450234a99e37c88742
artifacts/priority33c/paysim_utility/dna_v2_0p95/seed_270211/stderr.log,e3b0c44298fc1c149afbf4c8996fb92427ae41e4649b934ca495991b7852b855
artifacts/priority33c/paysim_utility/dna_v2_0p95/seed_270211/stdout.log,87f5b59df8c081b3b6a43dab17ad095cb3c8bd984f345b9658882dad65093fbd
artifacts/priority33c/paysim_utility/dna_v2_0p95/seed_270212/bn_rounds.jsonl,af9ea11eeabd90c0ea03299f4012a9da101175eb6ee515c9500d7b5f579ad6e2
artifacts/priority33c/paysim_utility/dna_v2_0p95/seed_270212/result.json,51d30ae4f2f366f1de5b34b1bfc1486054134365b79191f09c6c2ef91387abc2
artifacts/priority33c/paysim_utility/dna_v2_0p95/seed_270212/stderr.log,e3b0c44298fc1c149afbf4c8996fb92427ae41e4649b934ca495991b7852b855
artifacts/priority33c/paysim_utility/dna_v2_0p95/seed_270212/stdout.log,87f5b59df8c081b3b6a43dab17ad095cb3c8bd984f345b9658882dad65093fbd
artifacts/priority33c/paysim_utility/dna_v2_0p95/seed_270213/bn_rounds.jsonl,bbc3d56407e030671cecba94b690c766f197ced4b105879ffc19a053249c2fd7
artifacts/priority33c/paysim_utility/dna_v2_0p95/seed_270213/result.json,fae7e2670476cb31528f154c88d3e82bf0e64753c22812b35aa3739283efa1ce
artifacts/priority33c/paysim_utility/dna_v2_0p95/seed_270213/stderr.log,e3b0c44298fc1c149afbf4c8996fb92427ae41e4649b934ca495991b7852b855
artifacts/priority33c/paysim_utility/dna_v2_0p95/seed_270213/stdout.log,87f5b59df8c081b3b6a43dab17ad095cb3c8bd984f345b9658882dad65093fbd
artifacts/priority33c/paysim_utility/dna_v2_0p95/seed_270214/bn_rounds.jsonl,a318268592f71f144ee0cdbb8c0efcb647e0b98f68702364dbf0c0f954ac71a7
artifacts/priority33c/paysim_utility/dna_v2_0p95/seed_270214/result.json,f97bf635c57f4a1b2b14a7c111bf5caaf98b767800132c5d8a194e4b4fc36ea0
artifacts/priority33c/paysim_utility/dna_v2_0p95/seed_270214/stderr.log,e3b0c44298fc1c149afbf4c8996fb92427ae41e4649b934ca495991b7852b855
artifacts/priority33c/paysim_utility/dna_v2_0p95/seed_270214/stdout.log,87f5b59df8c081b3b6a43dab17ad095cb3c8bd984f345b9658882dad65093fbd
artifacts/priority33c/paysim_utility/dna_v2_0p95/seed_270215/bn_rounds.jsonl,daadbeaa323d74c5bc31bfdd049f4a406f234387498964f8754069689765f38c
artifacts/priority33c/paysim_utility/dna_v2_0p95/seed_270215/result.json,d944a0754acd01c1be57ceac3108fa09477ef37e37956567541e64757b314231
artifacts/priority33c/paysim_utility/dna_v2_0p95/seed_270215/stderr.log,e3b0c44298fc1c149afbf4c8996fb92427ae41e4649b934ca495991b7852b855
artifacts/priority33c/paysim_utility/dna_v2_0p95/seed_270215/stdout.log,87f5b59df8c081b3b6a43dab17ad095cb3c8bd984f345b9658882dad65093fbd
artifacts/priority33c/paysim_utility/dna_v2_0p95/seed_270216/bn_rounds.jsonl,e2e7964bb4130dd7789e6eff45c7cf4ff18f39119f8a7ee37a802dc64d759d54
artifacts/priority33c/paysim_utility/dna_v2_0p95/seed_270216/result.json,4a4fdfce2074959c779222364f0175c29f22f863ec9f1a845e10a309e03596db
artifacts/priority33c/paysim_utility/dna_v2_0p95/seed_270216/stderr.log,e3b0c44298fc1c149afbf4c8996fb92427ae41e4649b934ca495991b7852b855
artifacts/priority33c/paysim_utility/dna_v2_0p95/seed_270216/stdout.log,87f5b59df8c081b3b6a43dab17ad095cb3c8bd984f345b9658882dad65093fbd
artifacts/priority33c/priority33c_image_recovery.py.stderr.log,7b635ade4531d9a5b1d3b73c72401e2bce229e409bca83c365caf9c42eff3f85
artifacts/priority33c/priority33c_image_recovery.py.stdout.log,449a6393b53b7f64ad1db0cfe7047e57d71f54a93cbae1662a770b11020e8c8b
artifacts/priority33c/priority33c_image_recovery_contiguous.py.stderr.log,e3b0c44298fc1c149afbf4c8996fb92427ae41e4649b934ca495991b7852b855
artifacts/priority33c/priority33c_image_recovery_contiguous.py.stdout.log,1d71cc79262e37fe12b0a6179fe49caf2edec167d9b80865c7a601ec6ecc3c60
artifacts/priority33c/priority33c_paysim_bn.py.stderr.log,e3b0c44298fc1c149afbf4c8996fb92427ae41e4649b934ca495991b7852b855
artifacts/priority33c/priority33c_paysim_bn.py.stdout.log,e3b0c44298fc1c149afbf4c8996fb92427ae41e4649b934ca495991b7852b855
artifacts/priority33c/priority33c_paysim_utility.py.stderr.log,e3b0c44298fc1c149afbf4c8996fb92427ae41e4649b934ca495991b7852b855
artifacts/priority33c/priority33c_paysim_utility.py.stdout.log,e3b0c44298fc1c149afbf4c8996fb92427ae41e4649b934ca495991b7852b855
artifacts/priority33c/progress.json,51c00100c27bd2cb712e76b76f2cbd249940303517a08554841a7dcfef5d26ca
artifacts/priority33c/progress.log,6feb0e789f3de7113d0e11ea13a2d8ee7170e116ec9397f9560efbbbd88c93da
artifacts/priority33c/runs.jsonl,e380c854d41126800a7d115bee87a5037d64a14603a495c20b6eeb7e0ceeeab4
artifacts/priority33c/sensitivity.csv,b37e6762deeb6e3dbe6ddd614f118e7e519f4cb94bd18144c6b9403abf7dffbf
artifacts/priority33c/sha256_manifest.csv,f3d6bc4448f4ad3236213b172d3529cbe415b9f890afd32f9920b0edfb145aa8
artifacts/priority33c/supervisor.jsonl,a34b6f5077d4fafd0c657d73f1089a7b61ae12a14beb9a1b0a9a966a118ff0a1
artifacts/priority33c/supervisor.lock.json,78865c0336faa52993dbb22a690f05aafe03a7107fdd9f9cb0a6c1d95c952db6
artifacts/priority33c/supervisor_launch.json,c760149ed7409253f516736bdd9cd0c191788c56e66540a3ea2d0b89d4850382
artifacts/priority33c/supervisor_stderr.log,5297e267b011c18a5217480e3fc5429d8605cc338522ac92e6231e3d8ffab7b8
artifacts/priority33c/supervisor_stdout.log,e3b0c44298fc1c149afbf4c8996fb92427ae41e4649b934ca495991b7852b855
datasets/cifar10/cifar-10-batches-py/batches.meta,f962466ef690d46b226450fb9aadc74ba4bc64a76aa526b5827fe4bc5c7125cb
datasets/cifar10/cifar-10-batches-py/data_batch_1,54636561a3ce25bd3e19253c6b0d8538147b0ae398331ac4a2d86c6d987368cd
datasets/cifar10/cifar-10-batches-py/data_batch_2,766b2cef9fbc745cf056b3152224f7cf77163b330ea9a15f9392beb8b89bc5a8
datasets/cifar10/cifar-10-batches-py/data_batch_3,0f00d98ebfb30b3ec0ad19f9756dc2630b89003e10525f5e148445e82aa6a1f9
datasets/cifar10/cifar-10-batches-py/data_batch_4,3f7bb240661948b8f4d53e36ec720d8306f5668bd0071dcb4e6c947f78e9682b
datasets/cifar10/cifar-10-batches-py/data_batch_5,d91802434d8376bbaeeadf58a737e3a1b12ac839077e931237e0dcd43adcb154
datasets/cifar10/cifar-10-batches-py/readme.html,4d1c3fb199d6a183ae03f5162b469d7bc04edf2fad9547bd5f224271d52f98e5
datasets/cifar10/cifar-10-batches-py/test_batch,f53d8d457504f7cff4ea9e021afcf0e0ad8e24a91f3fc42091b8adef61157831
datasets/cifar10/cifar-10-python.tar.gz,6d958be074577803d12ecdefd02955f39262c83c16fe9348329d7fe0b5c001ce
datasets/creditcard.csv,16910f90577b0d981bf8ff289714510bb89bc71bff7d3f220f024e287e4eea6b
experiments/analyze_priority33c.py,f89cd30bf520587f64b58679e78f3f09bffb02ffc5422bc5f576492278a929f9
experiments/priority33c_checkpoint_replay.py,9ffcf62724ab90755e9c2bd037a5c3785fa287a37ba5e8ca8321e6b69fe43631
experiments/priority33c_image_recovery.py,46282f201b053ab3da10fcef23dd12d239138ec5cbaca6ec9df659d9c7a7d6ff
experiments/priority33c_image_recovery_contiguous.py,22a8768611de9c6484e82830f501359f9c7e4b82d343bf9dc488a4062f116178
experiments/priority33c_image_utility.py,1c8899a60821428f1a25943ba6d955434769d4acc4184f1370085ae7bcf12aac
experiments/priority33c_paysim_bn.py,bc378e1ef465b99c493ec1f723975a8527897668b7a4cc2f611f0d8af6827f5a
experiments/priority33c_paysim_utility.py,76dc49f9241ed83e78e77fc887df9ebfd87a91d0a85fe1ec7c5532e861b78eb7
experiments/supervise_priority33c.py,0f4208748d4688c75e8789774955602b0a23b16f3ea228fc73cae6a3270e901f
experiments/supervise_priority33c_contiguous.py,8b8abc0ce1fb6eacc81709f0e4718e5747767b935e08c9e4d55a6befc2ddc404
experiments/verify_priority33c_completion.py,e4788547c4c4ad8724921437f63ea3932468d7745a539acd864460092c88793d
protocols/amendments/2026-10-03_priority33c_contiguous_input_repair.md,604c477e2b7be35453a6ff757379e153f6c5a5609089fcf4259d7f834e896b33
protocols/amendments/2026-10-03_priority33c_execution_annex.md,98bb031ff1e78a6105950080475056f5cdcd43290bb1640275ac0ab28d3e5e90
protocols/amendments/2026-10-03_priority33c_image_coverage.md,9eec443d998e10b574ee8d0e8b440a352bda843a2f83ba28a1ea16c5ad14148e
protocols/amendments/2026-10-03_priority33c_paysim_execution_details.md,24986e3fa9e9b5bc861d0e454b0b8e7dc4fa306ec75ab2749aa1dd41aac6bc32
reports/priority33a_report.md,8c9bf1890e5d0bf9b0f1f35a5c0252a6d0fa56c3f62e0e3f1a13642008dd1f61
reports/priority33b_report.md,5e89fd68d91f0f414ca44f2722faa91f5b6e3bbd220af76549a27a66cc399670
reports/priority33c_completion_addendum.md,c9365a7ffb2f58903b8c69c2da4740bcc97558ee7c41f4a793f2a23d99c7a511
reports/priority33c_report.md,4ae2672a10d7f473fa9de56c3b837cbe87cec688536486427e75c65a7f9e8b2b
tests/test_priority33c_contiguous.py,a866891b85e0ecd0b29656872d475e4b7aef9777bff066a1725b548587132481
tests/test_priority33c_image_recovery.py,05c6879d040b9c746cde5a86a59ee7bf0d60430654a5a5781370c355765d853b
tests/test_priority33c_image_utility.py,9be4230dc2b2dd2a3bf68b32d973380289f122af58e333f9e118b9e744c98a7c
tests/test_priority33c_statistics.py,2066191a769ee831f245d24a150a172562948a3191c8e3a768ca6834f12db220
../PROJECT.md,e05ff059a7cf33ddb65eeca84f9c89bc8c53eb21b57f65799da9951c32c9ef20
